name,entity_type,province,source_url,rank,source
Núi Ngũ Hành Sơn,Núi • Điểm thu hút khách tham quan & thắng cảnh,Da Nang,https://www.tripadvisor.com.vn/Attraction_Review-g298085-d454980-Reviews-The_Marble_Mountains-Da_Nang.html,1,tripadvisor_vn
Khu du lịch Ba Na Hills SunWorld,Công viên giải trí & công viên chủ đề,Da Nang,https://www.tripadvisor.com.vn/Attraction_Review-g298085-d2255351-Reviews-Ba_Na_Hills_SunWorld-Da_Nang.html,2,tripadvisor_vn
Lady Buddha,Điểm thu hút khách tham quan & thắng cảnh,Da Nang,https://www.tripadvisor.com.vn/Attraction_Review-g298085-d5531576-Reviews-Lady_Buddha-Da_Nang.html,3,tripadvisor_vn
Cầu Rồng,Điểm thu hút khách tham quan & thắng cảnh • Cầu,Da Nang,https://www.tripadvisor.com.vn/Attraction_Review-g298085-d6612108-Reviews-Dragon_Bridge-Da_Nang.html,4,tripadvisor_vn
My Khe Beach,Bãi biển,Da Nang,https://www.tripadvisor.com.vn/Attraction_Review-g298085-d7687457-Reviews-My_Khe_Beach-Da_Nang.html,5,tripadvisor_vn
Cầu Vàng,Điểm thu hút khách tham quan & thắng cảnh • Cầu,Da Nang,https://www.tripadvisor.com.vn/Attraction_Review-g298085-d14991251-Reviews-Golden_Bridge-Da_Nang.html,6,tripadvisor_vn
Núi Sơn Trà,Núi,Da Nang,https://www.tripadvisor.com.vn/Attraction_Review-g17786366-d7061760-Reviews-Son_Tra_Mountain-Son_Tra_Peninsula_Da_Nang.html,7,tripadvisor_vn
Linh Ung Pagoda,Điểm thu hút khách tham quan & thắng cảnh,Da Nang,https://www.tripadvisor.com.vn/Attraction_Review-g17786366-d7118743-Reviews-Linh_Ung_Pagoda-Son_Tra_Peninsula_Da_Nang.html,8,tripadvisor_vn
Panda Spa & Massage In Danang City,Spa • Spa nước nóng,Da Nang,https://www.tripadvisor.com.vn/Attraction_Review-g298085-d17546936-Reviews-Panda_Spa_Massage_In_Danang_City-Da_Nang.html,9,tripadvisor_vn
Bảo tàng điêu khắc Chăm thành phố Đà Nẵng,Viện bảo tàng chuyên ngành,Da Nang,https://www.tripadvisor.com.vn/Attraction_Review-g298085-d454979-Reviews-Da_Nang_Museum_of_Cham_Sculpture-Da_Nang.html,10,tripadvisor_vn
Non Nuoc Beach,Bãi biển,Da Nang,https://www.tripadvisor.com.vn/Attraction_Review-g298085-d456220-Reviews-Non_Nuoc_Beach-Da_Nang.html,11,tripadvisor_vn
Herbal Spa,Spa • Spa nước nóng,Da Nang,https://www.tripadvisor.com.vn/Attraction_Review-g298085-d11674427-Reviews-Herbal_Spa-Da_Nang.html,12,tripadvisor_vn
Sun World Ba Na Hills Cable Car,Xe điện,Da Nang,https://www.tripadvisor.com.vn/Attraction_Review-g298085-d12912951-Reviews-Sun_World_Ba_Na_Hills_Cable_Car-Da_Nang.html,13,tripadvisor_vn
3D Museum Art in Paradise Danang,Viện bảo tàng nghệ thuật,Da Nang,https://www.tripadvisor.com.vn/Attraction_Review-g298085-d12639177-Reviews-3D_Museum_Art_in_Paradise_Danang-Da_Nang.html,14,tripadvisor_vn
RORA Spa Da Nang,Spa • Spa nước nóng,Da Nang,https://www.tripadvisor.com.vn/Attraction_Review-g298085-d26839299-Reviews-RORA_Spa_Da_Nang-Da_Nang.html,15,tripadvisor_vn
Asia Park,Công viên giải trí & công viên chủ đề,Da Nang,https://www.tripadvisor.com.vn/Attraction_Review-g298085-d8291301-Reviews-Asia_Park-Da_Nang.html,16,tripadvisor_vn
Vincom Plaza,Trung tâm mua sắm,Da Nang,https://www.tripadvisor.com.vn/Attraction_Review-g298085-d13358684-Reviews-Vincom_Plaza-Da_Nang.html,17,tripadvisor_vn
Lotte Mart,Trung tâm mua sắm,Da Nang,https://www.tripadvisor.com.vn/Attraction_Review-g298085-d14086808-Reviews-Lotte_Mart-Da_Nang.html,18,tripadvisor_vn
Chợ Cồn,Chợ trời & chợ đường phố,Da Nang,https://www.tripadvisor.com.vn/Attraction_Review-g298085-d7396121-Reviews-Con_Market-Da_Nang.html,19,tripadvisor_vn
Vigift - Gift & Specialty Shop in Da Nang,Cửa hàng đặc sản & cửa hàng quà tặng • Cửa hàng bách hóa,Da Nang,https://www.tripadvisor.com.vn/Attraction_Review-g17786366-d25074014-Reviews-Vigift_Gift_Specialty_Shop_in_Da_Nang-Son_Tra_Peninsula_Da_Nang.html,20,tripadvisor_vn
Khu Phố Du Lịch An Thượng,Chợ trời & chợ đường phố,Da Nang,https://www.tripadvisor.com.vn/Attraction_Review-g298085-d14086698-Reviews-Khu_Ph_Du_L_ch_An_Thu_ng-Da_Nang.html,21,tripadvisor_vn
Hot spring Park,Suối nước nóng & mạch nước phun,Da Nang,https://www.tripadvisor.com.vn/Attraction_Review-g298085-d13384709-Reviews-Hot_spring_Park-Da_Nang.html,22,tripadvisor_vn
Son Tra Night Market,Chợ trời & chợ đường phố,Da Nang,https://www.tripadvisor.com.vn/Attraction_Review-g17786366-d15852704-Reviews-Son_Tra_Night_Market-Son_Tra_Peninsula_Da_Nang.html,23,tripadvisor_vn
Silk Spa Da Nang,Spa • Spa nước nóng,Da Nang,https://www.tripadvisor.com.vn/Attraction_Review-g298085-d13084698-Reviews-Silk_Spa_Da_Nang-Da_Nang.html,24,tripadvisor_vn
Cầu Sông Hàn,Cầu,Da Nang,https://www.tripadvisor.com.vn/Attraction_Review-g298085-d8090733-Reviews-Han_River_Bridge-Da_Nang.html,25,tripadvisor_vn
Bao Tang Da Nang - Da Nang Museum,Viện bảo tàng quân đội • Viện bảo tàng lịch sử,Da Nang,https://www.tripadvisor.com.vn/Attraction_Review-g298085-d8400852-Reviews-Bao_Tang_Da_Nang_Da_Nang_Museum-Da_Nang.html,26,tripadvisor_vn
Herbal Spa - Da Nang Branch 1,Spa • Spa nước nóng,Da Nang,https://www.tripadvisor.com.vn/Attraction_Review-g17786366-d16850751-Reviews-Luxury_Herbal_Spa-Son_Tra_Peninsula_Da_Nang.html,27,tripadvisor_vn
Nhà Thờ Chính Tòa Đà Nẵng,Nhà thờ & nhà thờ lớn,Da Nang,https://www.tripadvisor.com.vn/Attraction_Review-g298085-d12273530-Reviews-Da_Nang_Catheral-Da_Nang.html,28,tripadvisor_vn
Paws For Compassion,Khu vực tự nhiên & động vật hoang dã,Da Nang,https://www.tripadvisor.com.vn/Attraction_Review-g298085-d24890779-Reviews-Paws_For_Compassion-Da_Nang.html,29,tripadvisor_vn
Bee Honey Spa,Spa • Spa nước nóng,Da Nang,https://www.tripadvisor.com.vn/Attraction_Review-g298085-d33275173-Reviews-Bee_Honey_Spa-Da_Nang.html,30,tripadvisor_vn
Động Hoa Nghiêm,Hang lớn & động,Da Nang,https://www.tripadvisor.com.vn/Attraction_Review-g298085-d6963730-Reviews-Hoa_Nghiem_Cave-Da_Nang.html,31,tripadvisor_vn
Son Tra Beach,Bãi biển,Da Nang,https://www.tripadvisor.com.vn/Attraction_Review-g298085-d28666215-Reviews-Son_Tra_Beach-Da_Nang.html,32,tripadvisor_vn
51 Spa - Massage,Spa nước nóng,Da Nang,https://www.tripadvisor.com.vn/Attraction_Review-g298085-d8630035-Reviews-51_Spa_Massage-Da_Nang.html,33,tripadvisor_vn
Bảo tàng Quân khu 5 và Bảo tàng Hồ Chí Minh,Viện bảo tàng quân đội,Da Nang,https://www.tripadvisor.com.vn/Attraction_Review-g298085-d8647358-Reviews-Ho_Chi_Minh_and_the_Fifth_Military_Zone_Museum-Da_Nang.html,34,tripadvisor_vn
Babylon Spa,Spa • Spa nước nóng,Da Nang,https://www.tripadvisor.com.vn/Attraction_Review-g298085-d15746188-Reviews-Babylon_Spa-Da_Nang.html,35,tripadvisor_vn
Bảo Tàng Mỹ Thuật Đà Nẵng,Viện bảo tàng nghệ thuật,Da Nang,https://www.tripadvisor.com.vn/Attraction_Review-g298085-d12179215-Reviews-Da_Nang_Fine_Arts_Museum-Da_Nang.html,36,tripadvisor_vn
Lstore Da Nang,Trung tâm mua sắm,Da Nang,https://www.tripadvisor.com.vn/Attraction_Review-g298085-d34400170-Reviews-Lstore-Da_Nang.html,37,tripadvisor_vn
Chợ Bắc Mỹ An,Chợ trời & chợ đường phố • Chợ nông sản,Da Nang,https://www.tripadvisor.com.vn/Attraction_Review-g298085-d10187206-Reviews-Ch_B_c_M_An-Da_Nang.html,38,tripadvisor_vn
The Hangart Da Nang,Xưởng vẽ & làm đồ gốm • Phòng trưng bày nghệ thuật,Da Nang,https://www.tripadvisor.com.vn/Attraction_Review-g298085-d34297450-Reviews-The_Hangart_Da_Nang-Da_Nang.html,39,tripadvisor_vn
Vòng quay Mặt Trời,Đài & tháp quan sát,Da Nang,https://www.tripadvisor.com.vn/Attraction_Review-g298085-d7043562-Reviews-Sun_Wheel-Da_Nang.html,40,tripadvisor_vn
Trang Tailor,Trung tâm mua sắm,Da Nang,https://www.tripadvisor.com.vn/Attraction_Review-g298085-d34084777-Reviews-Trang_Tailor-Da_Nang.html,41,tripadvisor_vn
Cầu Tình Yêu Đà Nẵng,Điểm thu hút khách tham quan & thắng cảnh • Cầu cảng & lối đi có lót ván,Da Nang,https://www.tripadvisor.com.vn/Attraction_Review-g17786366-d17807020-Reviews-Love_Bridge_Da_Nang-Son_Tra_Peninsula_Da_Nang.html,42,tripadvisor_vn
Dragon Market,Cửa hàng đặc sản & cửa hàng quà tặng • Trung tâm mua sắm,Da Nang,https://www.tripadvisor.com.vn/Attraction_Review-g25197573-d34100014-Reviews-Dragon_Market-An_Hai_Son_Tra_Peninsula_Da_Nang.html,43,tripadvisor_vn
Đỉnh Bàn Cờ,Đài quan sát,Da Nang,https://www.tripadvisor.com.vn/Attraction_Review-g298085-d7022776-Reviews-Ban_Co_Peak-Da_Nang.html,44,tripadvisor_vn
Bãi biển Phước Mỹ,Bãi biển,Da Nang,https://www.tripadvisor.com.vn/Attraction_Review-g298085-d10798602-Reviews-Phuoc_My_Beach-Da_Nang.html,45,tripadvisor_vn
Queen Spa,Spa • Spa nước nóng,Da Nang,https://www.tripadvisor.com.vn/Attraction_Review-g298085-d8262778-Reviews-Queen_Spa-Da_Nang.html,46,tripadvisor_vn
Công Viên Suối Khoáng Nóng Núi Thần Tài,Công viên giải trí & công viên chủ đề,Da Nang,https://www.tripadvisor.com.vn/Attraction_Review-g298085-d12569677-Reviews-Cong_Vien_Suoi_Khoang_Nong_Nui_Than_Tai-Da_Nang.html,47,tripadvisor_vn
Phap Lam Pagoda,Địa điểm tôn giáo,Da Nang,https://www.tripadvisor.com.vn/Attraction_Review-g298085-d2348904-Reviews-Phap_Lam_Pagoda-Da_Nang.html,48,tripadvisor_vn
Han River Spa,Spa • Spa nước nóng,Da Nang,https://www.tripadvisor.com.vn/Attraction_Review-g298085-d33029918-Reviews-Han_River_Spa-Da_Nang.html,49,tripadvisor_vn
Han Shopping Complex,Trung tâm mua sắm,Da Nang,https://www.tripadvisor.com.vn/Attraction_Review-g298085-d12997079-Reviews-Han_Shopping_Complex-Da_Nang.html,50,tripadvisor_vn
Panda Relax Spa,Spa • Spa nước nóng,Da Nang,https://www.tripadvisor.com.vn/Attraction_Review-g298085-d34234963-Reviews-Panda_Relax_Spa-Da_Nang.html,51,tripadvisor_vn
Man Thai Beach,Bãi biển,Da Nang,https://www.tripadvisor.com.vn/Attraction_Review-g298085-d25237482-Reviews-Man_Thai_Beach-Da_Nang.html,52,tripadvisor_vn
APEC Park,Công viên,Da Nang,https://www.tripadvisor.com.vn/Attraction_Review-g298085-d17653598-Reviews-APEC_Park-Da_Nang.html,53,tripadvisor_vn
Tu Hung Stone Arts,Phòng trưng bày nghệ thuật,Da Nang,https://www.tripadvisor.com.vn/Attraction_Review-g298085-d2403127-Reviews-Tu_Hung_Stone_Arts-Da_Nang.html,54,tripadvisor_vn
Charm Spa Grand Da Nang,Spa,Da Nang,https://www.tripadvisor.com.vn/Attraction_Review-g298085-d17739218-Reviews-Charm_Spa_Grand_Da_Nang-Da_Nang.html,55,tripadvisor_vn
DHC Marina,Bến du thuyền,Da Nang,https://www.tripadvisor.com.vn/Attraction_Review-g298085-d8115500-Reviews-DHC_Marina-Da_Nang.html,56,tripadvisor_vn
Bà Nà Hills,Công viên giải trí & công viên chủ đề,Da Nang,https://www.tripadvisor.com.vn/Attraction_Review-g21104812-d28160695-Reviews-Ba_Na_Hills-Hoa_Phu_Da_Nang.html,57,tripadvisor_vn
H&B Tailor Shop,Cửa hàng đặc sản & cửa hàng quà tặng • Bãi biển,Da Nang,https://www.tripadvisor.com.vn/Attraction_Review-g298085-d34504858-Reviews-H_B_Tailor_Shop-Da_Nang.html,58,tripadvisor_vn
Red Beach,Bãi biển,Da Nang,https://www.tripadvisor.com.vn/Attraction_Review-g298085-d2294378-Reviews-Red_Beach-Da_Nang.html,59,tripadvisor_vn
Hoang Minh (Lee) - Xin Chao Trips,Trung tâm du lịch,Da Nang,https://www.tripadvisor.com.vn/Attraction_Review-g298085-d33358711-Reviews-Hoang_Minh_Lee_Xin_Chao_Trips-Da_Nang.html,60,tripadvisor_vn
Cao Dai Temple,Địa điểm tôn giáo,Da Nang,https://www.tripadvisor.com.vn/Attraction_Review-g298085-d2528070-Reviews-Cao_Dai_Temple-Da_Nang.html,61,tripadvisor_vn
Oani Spa,Spa,Da Nang,https://www.tripadvisor.com.vn/Attraction_Review-g298085-d18114312-Reviews-Oani_Spa-Da_Nang.html,62,tripadvisor_vn
Ba Na Hills Golf Club,Sân gôn,Da Nang,https://www.tripadvisor.com.vn/Attraction_Review-g298085-d10196429-Reviews-Ba_Na_Hills_Golf_Club-Da_Nang.html,63,tripadvisor_vn
Nguyen HIen Dinh Tuong theatre,Rạp hát,Da Nang,https://www.tripadvisor.com.vn/Attraction_Review-g298085-d6439062-Reviews-Nguyen_HIen_Dinh_Tuong_theatre-Da_Nang.html,64,tripadvisor_vn
Thế Giới Tranh Đẹp,Phòng trưng bày nghệ thuật,Da Nang,https://www.tripadvisor.com.vn/Attraction_Review-g298085-d15527751-Reviews-The_Gioi_Tranh_Dep-Da_Nang.html,65,tripadvisor_vn
Bãi Biển Tiên sa,Bãi biển,Da Nang,https://www.tripadvisor.com.vn/Attraction_Review-g298085-d10824646-Reviews-Tien_Sa_Beach-Da_Nang.html,66,tripadvisor_vn
Son Tra Peninsula’s Banyan Tree,Điểm thu hút khách tham quan & thắng cảnh,Da Nang,https://www.tripadvisor.com.vn/Attraction_Review-g298085-d13912048-Reviews-Son_Tra_Peninsula_s_Banyan_Tree-Da_Nang.html,67,tripadvisor_vn
Chùa An Long,Địa điểm tôn giáo,Da Nang,https://www.tripadvisor.com.vn/Attraction_Review-g298085-d17653608-Reviews-Long_An_Temple-Da_Nang.html,69,tripadvisor_vn
LASVEGAS E-gaming Club,Sòng bạc • Trung tâm trò chơi & giải trí,Da Nang,https://www.tripadvisor.com.vn/Attraction_Review-g298085-d26358130-Reviews-Las_Vegas_E_gaming_Club-Da_Nang.html,70,tripadvisor_vn
Tabalo Outdoor,Cửa hàng đặc sản & cửa hàng quà tặng,Da Nang,https://www.tripadvisor.com.vn/Attraction_Review-g298085-d12364144-Reviews-Tabalo_Outdoor-Da_Nang.html,71,tripadvisor_vn
Charm Spa,Spa,Da Nang,https://www.tripadvisor.com.vn/Attraction_Review-g298085-d6372004-Reviews-Charm_Spa-Da_Nang.html,72,tripadvisor_vn
Vape Shop Disposable,Trung tâm mua sắm,Da Nang,https://www.tripadvisor.com.vn/Attraction_Review-g298085-d33107924-Reviews-Vape_Shop_Disposable-Da_Nang.html,73,tripadvisor_vn
Bảo tàng Đồng Đình,Viện bảo tàng nghệ thuật,Da Nang,https://www.tripadvisor.com.vn/Attraction_Review-g17786366-d12593527-Reviews-Dong_Dinh_Museum-Son_Tra_Peninsula_Da_Nang.html,74,tripadvisor_vn
Shop Bao Cao Su Adultshop Đà Nẵng,Cửa hàng bách hóa,Da Nang,https://www.tripadvisor.com.vn/Attraction_Review-g298085-d33000463-Reviews-Shop_Bao_Cao_Su_Adultshop_Da_N_ng-Da_Nang.html,75,tripadvisor_vn
Picklehead My Khe Beach - Pickleball Club,Khu liên hợp thể thao,Da Nang,https://www.tripadvisor.com.vn/Attraction_Review-g298085-d32806684-Reviews-Picklehead_My_Khe_Beach_Pickleball_Club-Da_Nang.html,76,tripadvisor_vn
Chợ Hòa Khánh,Chợ trời & chợ đường phố,Da Nang,https://www.tripadvisor.com.vn/Attraction_Review-g298085-d10001229-Reviews-Hoa_Khanh_Market-Da_Nang.html,77,tripadvisor_vn
Parkson,Cửa hàng bách hóa • Trung tâm mua sắm,Da Nang,https://www.tripadvisor.com.vn/Attraction_Review-g298085-d8729937-Reviews-Parkson-Da_Nang.html,78,tripadvisor_vn
Alpine Coaster,Công viên giải trí & công viên chủ đề,Da Nang,https://www.tripadvisor.com.vn/Attraction_Review-g298085-d33405674-Reviews-Alpine_Coaster-Da_Nang.html,79,tripadvisor_vn
Câu lạc bộ Golf Đà Nẵng,Sân gôn,Da Nang,https://www.tripadvisor.com.vn/Attraction_Review-g298085-d2023270-Reviews-Danang_Golf_Resort-Da_Nang.html,80,tripadvisor_vn
Silk Spa,Spa,Da Nang,https://www.tripadvisor.com.vn/Attraction_Review-g298085-d26851226-Reviews-Silk_Spa-Da_Nang.html,81,tripadvisor_vn
Bãi Tắm Phạm Văn Đồng,Bãi biển,Da Nang,https://www.tripadvisor.com.vn/Attraction_Review-g17786366-d17807015-Reviews-Bai_T_m_Ph_m_Van_D_ng-Son_Tra_Peninsula_Da_Nang.html,82,tripadvisor_vn
Maha Spa 26 Nguyễn Văn Thoại,Spa • Spa nước nóng,Da Nang,https://www.tripadvisor.com.vn/Attraction_Review-g298085-d28559334-Reviews-Maha_Spa_26_Nguy_n_Van_Tho_i-Da_Nang.html,83,tripadvisor_vn
Black Torii • Dark Art Tattoo,Phòng trưng bày nghệ thuật • Triển lãm,Da Nang,https://www.tripadvisor.com.vn/Attraction_Review-g298085-d34507374-Reviews-Black_Torii_Dark_Art_Tattoo-Da_Nang.html,84,tripadvisor_vn
Maison Spa Đà Nẵng,Spa,Da Nang,https://www.tripadvisor.com.vn/Attraction_Review-g298085-d12976292-Reviews-Maison_Spa_Da_Nang-Da_Nang.html,85,tripadvisor_vn
Roha Spa,Spa • Spa nước nóng,Da Nang,https://www.tripadvisor.com.vn/Attraction_Review-g298085-d32768146-Reviews-Roha_Spa-Da_Nang.html,86,tripadvisor_vn
Trung tâm Hỗ trợ Du khách Đà Nẵng,Trung tâm du lịch,Da Nang,https://www.tripadvisor.com.vn/Attraction_Review-g298085-d12231831-Reviews-Da_Nang_Visitor_Center-Da_Nang.html,87,tripadvisor_vn
Chùa Bửu Đài Sơn,Địa điểm tôn giáo,Da Nang,https://www.tripadvisor.com.vn/Attraction_Review-g298085-d14860674-Reviews-Chua_Buu_Dai_Son-Da_Nang.html,88,tripadvisor_vn
Danang Villa De Spa,Spa,Da Nang,https://www.tripadvisor.com.vn/Attraction_Review-g298085-d27098170-Reviews-Danang_Villa_De_Spa-Da_Nang.html,89,tripadvisor_vn
Spafield and Nail,Đang mở cửa,Da Nang,https://www.tripadvisor.com.vn/Attraction_Review-g298085-d28116653-Reviews-Spafield_and_Nail-Da_Nang.html,90,tripadvisor_vn
Marian Shrine of the Lady of Tra Kieu,Điểm thu hút khách tham quan & thắng cảnh,Da Nang,https://www.tripadvisor.com.vn/Attraction_Review-g298085-d6439637-Reviews-Marian_Shrine_of_the_Lady_of_Tra_Kieu-Da_Nang.html,91,tripadvisor_vn
Bãi Đá Đen,Bãi biển,Da Nang,https://www.tripadvisor.com.vn/Attraction_Review-g298085-d8599661-Reviews-Bai_Da_Den-Da_Nang.html,92,tripadvisor_vn
Jang Mi Spa & Massage Da Nang,Spa,Da Nang,https://www.tripadvisor.com.vn/Attraction_Review-g25197573-d17726699-Reviews-Jang_Mi_Spa_Massage_Da_Nang-An_Hai_Son_Tra_Peninsula_Da_Nang.html,93,tripadvisor_vn
ADM Club,Quán bar & câu lạc bộ,Da Nang,https://www.tripadvisor.com.vn/Attraction_Review-g298085-d25430827-Reviews-ADM_Club-Da_Nang.html,94,tripadvisor_vn
SKY36,Quán bar & câu lạc bộ • Câu lạc bộ khiêu vũ & vũ trường,Da Nang,https://www.tripadvisor.com.vn/Attraction_Review-g298085-d7021088-Reviews-SKY36-Da_Nang.html,95,tripadvisor_vn
Koi Spa & Wellness Da Nang,Spa,Da Nang,https://www.tripadvisor.com.vn/Attraction_Review-g298085-d32989184-Reviews-Koi_Spa_Wellness_Da_Nang-Da_Nang.html,97,tripadvisor_vn
Làng Cổ Phong Nam,Khu vực đi dạo tham quan di tích lịch sử,Da Nang,https://www.tripadvisor.com.vn/Attraction_Review-g298085-d11964991-Reviews-Phong_Nam_Ancient_Village-Da_Nang.html,98,tripadvisor_vn
Danang Art Studio & Class,Phòng trưng bày nghệ thuật,Da Nang,https://www.tripadvisor.com.vn/Attraction_Review-g298085-d25569217-Reviews-Danang_Art_Studio_Class-Da_Nang.html,99,tripadvisor_vn
SEN Boutique Spa,Spa,Da Nang,https://www.tripadvisor.com.vn/Attraction_Review-g298085-d14111536-Reviews-SEN_Boutique_Spa-Da_Nang.html,100,tripadvisor_vn
Museum of Sa Huynh & Champa Culture,Viện bảo tàng chuyên ngành,Da Nang,https://www.tripadvisor.com.vn/Attraction_Review-g298085-d6429186-Reviews-Museum_of_Sa_Huynh_Champa_Culture-Da_Nang.html,101,tripadvisor_vn
Da Nang Fresco Village,Điểm thu hút khách tham quan & thắng cảnh,Da Nang,https://www.tripadvisor.com.vn/Attraction_Review-g298085-d15592651-Reviews-Da_Nang_Fresco_Village-Da_Nang.html,102,tripadvisor_vn
Mikazuki Water Park 365,Công viên nước,Da Nang,https://www.tripadvisor.com.vn/Attraction_Review-g298085-d33304009-Reviews-Mikazuki_Water_Park_365-Da_Nang.html,103,tripadvisor_vn
Montgomerie Links,Sân gôn,Da Nang,https://www.tripadvisor.com.vn/Attraction_Review-g298085-d1954172-Reviews-Montgomerie_Links-Da_Nang.html,104,tripadvisor_vn
Pam Spa,Spa,Da Nang,https://www.tripadvisor.com.vn/Attraction_Review-g298085-d32988758-Reviews-Pam_Spa-Da_Nang.html,105,tripadvisor_vn
Xiaomi Đà Nẵng,Trung tâm mua sắm,Da Nang,https://www.tripadvisor.com.vn/Attraction_Review-g298085-d26504716-Reviews-Xiaomi_Da_N_ng-Da_Nang.html,106,tripadvisor_vn
Dahan Spa Danang Luxury,Spa,Da Nang,https://www.tripadvisor.com.vn/Attraction_Review-g298085-d21359483-Reviews-Dahan_Spa_Danang_Luxury-Da_Nang.html,107,tripadvisor_vn
Trao Đổi Văn Hóa Việt Nam,Phòng trưng bày nghệ thuật,Da Nang,https://www.tripadvisor.com.vn/Attraction_Review-g17786366-d19419685-Reviews-Vietnam_Cultural_Exchange-Son_Tra_Peninsula_Da_Nang.html,108,tripadvisor_vn
Khu du lịch sinh thái Suối Hoa,Khu vực tự nhiên & động vật hoang dã,Da Nang,https://www.tripadvisor.com.vn/Attraction_Review-g298085-d8146023-Reviews-Suoi_Hoa_Ecotourism_Area-Da_Nang.html,109,tripadvisor_vn
Riverside Park,Công viên,Da Nang,https://www.tripadvisor.com.vn/Attraction_Review-g298085-d12110597-Reviews-Riverside_Park-Da_Nang.html,110,tripadvisor_vn
Jang Mi Spa,Spa,Da Nang,https://www.tripadvisor.com.vn/Attraction_Review-g298085-d10818194-Reviews-Jang_Mi_Spa_Massage_Da_Nang_Riverside-Da_Nang.html,111,tripadvisor_vn
Helio Center,Trung tâm trò chơi & giải trí,Da Nang,https://www.tripadvisor.com.vn/Attraction_Review-g298085-d10530887-Reviews-Helio_Center-Da_Nang.html,112,tripadvisor_vn
Danang Penguin Liferia Coffee & Massage,Spa nước nóng,Da Nang,https://www.tripadvisor.com.vn/Attraction_Review-g298085-d15059777-Reviews-Danang_Penguin_Liferia_Coffee_Massage-Da_Nang.html,113,tripadvisor_vn
Sky 21 Bar,Quán bar & câu lạc bộ,Da Nang,https://www.tripadvisor.com.vn/Attraction_Review-g17786366-d12878841-Reviews-Sky_21_Bar-Son_Tra_Peninsula_Da_Nang.html,114,tripadvisor_vn
Golden Lotus Spa DaNang,Spa,Da Nang,https://www.tripadvisor.com.vn/Attraction_Review-g298085-d15300780-Reviews-Golden_Lotus_Spa_DaNang-Da_Nang.html,115,tripadvisor_vn
Tourane Spa & Nails,Spa,Da Nang,https://www.tripadvisor.com.vn/Attraction_Review-g298085-d19881340-Reviews-Tourane_Spa_Nails-Da_Nang.html,116,tripadvisor_vn
YHI Spa,Spa,Da Nang,https://www.tripadvisor.com.vn/Attraction_Review-g298085-d10634574-Reviews-YHI_Spa-Da_Nang.html,117,tripadvisor_vn
Club99,Sòng bạc,Da Nang,https://www.tripadvisor.com.vn/Attraction_Review-g298085-d9806394-Reviews-Club99-Da_Nang.html,118,tripadvisor_vn
Cham Spa & Massage,Spa • Spa nước nóng,Da Nang,https://www.tripadvisor.com.vn/Attraction_Review-g298085-d7927889-Reviews-Cham_Spa_Massage-Da_Nang.html,119,tripadvisor_vn
Khu Vui Chơi Hòa Phú Thành,Trung tâm trò chơi & giải trí,Da Nang,https://www.tripadvisor.com.vn/Attraction_Review-g298085-d12292790-Reviews-Hoa_Phu_Thanh_Play_Ground-Da_Nang.html,120,tripadvisor_vn
Sontra Mini Mart 24h,Cửa hàng đặc sản & cửa hàng quà tặng,Da Nang,https://www.tripadvisor.com.vn/Attraction_Review-g15339118-d28050884-Reviews-Sontra_mini_Mart_24h-Tho_Quang_Son_Tra_Peninsula_Da_Nang.html,121,tripadvisor_vn
Jolie Cooking Class,Lớp nấu ăn,Da Nang,https://www.tripadvisor.com.vn/Attraction_Review-g298085-d15224275-Reviews-Jolie_Cooking_Class-Da_Nang.html,122,tripadvisor_vn
Nhà Thờ Giáo Xứ An Hải,Nhà thờ & nhà thờ lớn,Da Nang,https://www.tripadvisor.com.vn/Attraction_Review-g298085-d17663078-Reviews-Nha_Tho_Giao_Xu_An_Hai-Da_Nang.html,123,tripadvisor_vn
DaNang Apron Up Cooking Class,Lớp nấu ăn,Da Nang,https://www.tripadvisor.com.vn/Attraction_Review-g298085-d27515632-Reviews-DaNang_Apron_Up_Cooking_Class-Da_Nang.html,124,tripadvisor_vn
Sơn Trà Marina,Bến du thuyền,Da Nang,https://www.tripadvisor.com.vn/Attraction_Review-g298085-d26155855-Reviews-Son_Tra_Marina-Da_Nang.html,125,tripadvisor_vn
Vietnamese Inker,Phòng trưng bày nghệ thuật,Da Nang,https://www.tripadvisor.com.vn/Attraction_Review-g298085-d33006702-Reviews-Vietnamese_Inker-Da_Nang.html,126,tripadvisor_vn
Rintage X Lamer Vintage Store Đà Nẵng,Trung tâm mua sắm,Da Nang,https://www.tripadvisor.com.vn/Attraction_Review-g298085-d27734354-Reviews-Rintage_X_Lamer_Vintage_Store_Da_N_ng-Da_Nang.html,127,tripadvisor_vn
Forest Spa_Da Nang,Spa,Da Nang,https://www.tripadvisor.com.vn/Attraction_Review-g298085-d27098173-Reviews-Forest_Spa_Da_Nang-Da_Nang.html,128,tripadvisor_vn
XuXi Fruit - Fresh Everyday,Cửa hàng đặc sản & cửa hàng quà tặng • Cửa hàng bách hóa,Da Nang,https://www.tripadvisor.com.vn/Attraction_Review-g298085-d33733462-Reviews-XuXi_Fruit_Fresh_Everyday-Da_Nang.html,129,tripadvisor_vn
Taseco Travel,Trung tâm du lịch,Da Nang,https://www.tripadvisor.com.vn/Attraction_Review-g298085-d8324034-Reviews-Taseco_Travel-Da_Nang.html,130,tripadvisor_vn
Dragon Spa DaNang,Spa • Spa nước nóng,Da Nang,https://www.tripadvisor.com.vn/Attraction_Review-g298085-d24191320-Reviews-Dragon_Spa_DaNang-Da_Nang.html,131,tripadvisor_vn
The Be Leather Hoi An,Trung tâm mua sắm,Da Nang,https://www.tripadvisor.com.vn/Attraction_Review-g298085-d34471652-Reviews-The_Be_Leather_Hoi_An-Da_Nang.html,132,tripadvisor_vn
Khu Vui Chơi Đồ Rê Mí,Công viên giải trí & công viên chủ đề,Da Nang,https://www.tripadvisor.com.vn/Attraction_Review-g10487549-d15589387-Reviews-Khu_Vui_Choi_Do_Re_Mi-Dien_Ban_Da_Nang.html,133,tripadvisor_vn
Cay Da Dai Thu (800 Year Ficus),Điểm thu hút khách tham quan & thắng cảnh,Da Nang,https://www.tripadvisor.com.vn/Attraction_Review-g298085-d12841991-Reviews-Cay_Da_Dai_Thu_800_Year_Ficus-Da_Nang.html,134,tripadvisor_vn
Paul Bespoke Tailor,Cửa hàng đặc sản & cửa hàng quà tặng,Da Nang,https://www.tripadvisor.com.vn/Attraction_Review-g298085-d9553001-Reviews-Paul_Bespoke_Tailor-Da_Nang.html,135,tripadvisor_vn
BDC basketball centre,Khu liên hợp thể thao,Da Nang,https://www.tripadvisor.com.vn/Attraction_Review-g298085-d12952637-Reviews-BDC_basketball_centre-Da_Nang.html,136,tripadvisor_vn
Cầu Trần Thị Lý,Cầu,Da Nang,https://www.tripadvisor.com.vn/Attraction_Review-g298085-d14928541-Reviews-Tran_Thi_Ly_Bridge-Da_Nang.html,137,tripadvisor_vn
Binny Duck Lake And Farm,Nông trại • Sự kiện văn hóa,Da Nang,https://www.tripadvisor.com.vn/Attraction_Review-g298085-d34466216-Reviews-Binny_Duck_Lake_And_Farm-Da_Nang.html,138,tripadvisor_vn
Brocanvas,Phòng trưng bày nghệ thuật,Da Nang,https://www.tripadvisor.com.vn/Attraction_Review-g298085-d15693064-Reviews-Brocanvas-Da_Nang.html,139,tripadvisor_vn
Da Nang Car Rental,Taxi & xe đưa đón,Da Nang,https://www.tripadvisor.com.vn/Attraction_Review-g298085-d12292804-Reviews-Da_Nang_Car_Rental-Da_Nang.html,140,tripadvisor_vn
Liti Nail & Hair 5,Spa • Spa nước nóng,Da Nang,https://www.tripadvisor.com.vn/Attraction_Review-g298085-d28151851-Reviews-Liti_Nail_Hair_5-Da_Nang.html,141,tripadvisor_vn
Ariyana Convention Centre,Trung tâm hội nghị,Da Nang,https://www.tripadvisor.com.vn/Attraction_Review-g298085-d19849875-Reviews-Ariyana_Convention_Centre-Da_Nang.html,142,tripadvisor_vn
Let's Win Poker Club,Sòng bạc,Da Nang,https://www.tripadvisor.com.vn/Attraction_Review-g298085-d33018984-Reviews-Let_s_Win_Poker_Club-Da_Nang.html,143,tripadvisor_vn
Holie Water Park,Công viên nước,Da Nang,https://www.tripadvisor.com.vn/Attraction_Review-g298085-d27900965-Reviews-Holie_Water_Park-Da_Nang.html,144,tripadvisor_vn
Green Spa and Wellness,Spa • Spa nước nóng,Da Nang,https://www.tripadvisor.com.vn/Attraction_Review-g298085-d11835858-Reviews-Green_Spa_and_Wellness-Da_Nang.html,145,tripadvisor_vn
Nguồn Spa - Gội Đầu Dưỡng Sinh Đà Nẵng,Spa,Da Nang,https://www.tripadvisor.com.vn/Attraction_Review-g298085-d26876449-Reviews-Ngu_n_Spa_G_i_D_u_Du_ng_Sinh_Da_N_ng-Da_Nang.html,146,tripadvisor_vn
Danang Land Paradise,Công viên giải trí & công viên chủ đề • Khu vực đi dạo ngắm cảnh,Da Nang,https://www.tripadvisor.com.vn/Attraction_Review-g298085-d34497120-Reviews-Danang_Land_Paradise-Da_Nang.html,147,tripadvisor_vn
Tang Chon Grotto,Hang lớn & động,Da Nang,https://www.tripadvisor.com.vn/Attraction_Review-g298085-d13384420-Reviews-Tang_Chon_Grotto-Da_Nang.html,148,tripadvisor_vn
"Han River,",Vùng nước,Da Nang,https://www.tripadvisor.com.vn/Attraction_Review-g298085-d25236833-Reviews-Han_River-Da_Nang.html,149,tripadvisor_vn
Hana 34 Vintage Jewelry,Cửa hàng đặc sản & cửa hàng quà tặng • Cửa hàng đồ cổ,Da Nang,https://www.tripadvisor.com.vn/Attraction_Review-g298085-d32859514-Reviews-Hana_34_Vintage_Jewelry-Da_Nang.html,150,tripadvisor_vn
The Motorbike Station,Cho thuê tiện ích,Da Nang,https://www.tripadvisor.com.vn/Attraction_Review-g298085-d12598185-Reviews-The_Motorbike_Station-Da_Nang.html,151,tripadvisor_vn
Namaka Jewelry,Cửa hàng đặc sản & cửa hàng quà tặng,Da Nang,https://www.tripadvisor.com.vn/Attraction_Review-g298085-d10063911-Reviews-Namaka_Jewelry-Da_Nang.html,152,tripadvisor_vn
Karma Spa,Spa,Da Nang,https://www.tripadvisor.com.vn/Attraction_Review-g298085-d15828798-Reviews-Karma_Spa-Da_Nang.html,153,tripadvisor_vn
OASIS ART GALLERY,Phòng trưng bày nghệ thuật,Da Nang,https://www.tripadvisor.com.vn/Attraction_Review-g298085-d6684700-Reviews-OASIS_ART_GALLERY-Da_Nang.html,154,tripadvisor_vn
SOUL Skin Medical Spa,Spa • Spa nước nóng,Da Nang,https://www.tripadvisor.com.vn/Attraction_Review-g298085-d26307523-Reviews-SOUL_Spa-Da_Nang.html,155,tripadvisor_vn
Cho Ha Than,Chợ trời & chợ đường phố,Da Nang,https://www.tripadvisor.com.vn/Attraction_Review-g17786366-d25237434-Reviews-Cho_Ha_Than-Son_Tra_Peninsula_Da_Nang.html,156,tripadvisor_vn
Platinum Poker Đà Nẵng,Sòng bạc,Da Nang,https://www.tripadvisor.com.vn/Attraction_Review-g298085-d33318346-Reviews-Platinum_Poker_Da_N_ng-Da_Nang.html,157,tripadvisor_vn
Zade Tourist Zone,Trung tâm du lịch,Da Nang,https://www.tripadvisor.com.vn/Attraction_Review-g298085-d32971666-Reviews-Zade_Tourist_Zone-Da_Nang.html,158,tripadvisor_vn
Healthy Spa,Spa,Da Nang,https://www.tripadvisor.com.vn/Attraction_Review-g298085-d25211508-Reviews-Healthy_Spa-Da_Nang.html,159,tripadvisor_vn
TravelThru,Taxi & xe đưa đón,Da Nang,https://www.tripadvisor.com.vn/Attraction_Review-g298085-d21381288-Reviews-TravelThru-Da_Nang.html,160,tripadvisor_vn
Hải đăng Tiên Sa,Ngọn hải đăng,Da Nang,https://www.tripadvisor.com.vn/Attraction_Review-g17786366-d12199350-Reviews-Tien_Sa_Lighthouse-Son_Tra_Peninsula_Da_Nang.html,161,tripadvisor_vn
Cho Dem Son Tra,Chợ trời & chợ đường phố,Da Nang,https://www.tripadvisor.com.vn/Attraction_Review-g17786366-d34098469-Reviews-Cho_Dem_Son_Tra-Son_Tra_Peninsula_Da_Nang.html,162,tripadvisor_vn
Sum Spa Danang,Spa,Da Nang,https://www.tripadvisor.com.vn/Attraction_Review-g298085-d26300265-Reviews-Sum_Spa_Danang-Da_Nang.html,163,tripadvisor_vn
Lucky 7 Club,Sòng bạc,Da Nang,https://www.tripadvisor.com.vn/Attraction_Review-g298085-d34040434-Reviews-Lucky_7_Club-Da_Nang.html,164,tripadvisor_vn
Han Market,Cửa hàng đặc sản & cửa hàng quà tặng,Da Nang,https://www.tripadvisor.com.vn/Attraction_Review-g298085-d5599000-Reviews-Han_Market-Da_Nang.html,166,tripadvisor_vn
Cộng Spa & Nail,Spa,Da Nang,https://www.tripadvisor.com.vn/Attraction_Review-g298085-d14927921-Reviews-Cong_Spa_Nail-Da_Nang.html,168,tripadvisor_vn
Brilliant Spa,Spa,Da Nang,https://www.tripadvisor.com.vn/Attraction_Review-g298085-d15051096-Reviews-Brilliant_Spa-Da_Nang.html,169,tripadvisor_vn
Liti Nail & Hair,Spa • Spa nước nóng,Da Nang,https://www.tripadvisor.com.vn/Attraction_Review-g298085-d25091495-Reviews-Liti_Nail_Hair-Da_Nang.html,170,tripadvisor_vn
Casa Leafy Spa & Beauty,Spa • Spa nước nóng,Da Nang,https://www.tripadvisor.com.vn/Attraction_Review-g298085-d26877949-Reviews-Casa_Leafy_Spa_Beauty-Da_Nang.html,171,tripadvisor_vn
Padel Xtra Da Nang,Khu liên hợp thể thao • Sự kiện thể thao,Da Nang,https://www.tripadvisor.com.vn/Attraction_Review-g298085-d33265702-Reviews-Padel_Xtra_Da_Nang-Da_Nang.html,172,tripadvisor_vn
Louis Spa & Massage,Spa,Da Nang,https://www.tripadvisor.com.vn/Attraction_Review-g298085-d33409864-Reviews-Louis_Spa_Massage-Da_Nang.html,173,tripadvisor_vn
Bang An Tower,Địa điểm lịch sử,Da Nang,https://www.tripadvisor.com.vn/Attraction_Review-g10487549-d13422070-Reviews-Bang_An_Tower-Dien_Ban_Da_Nang.html,174,tripadvisor_vn
Da Nang Private Car,Taxi & xe đưa đón,Da Nang,https://www.tripadvisor.com.vn/Attraction_Review-g298085-d12245461-Reviews-Da_Nang_Private_Car-Da_Nang.html,175,tripadvisor_vn
VietPrivet Tours & Experiences,Trung tâm du lịch,Da Nang,https://www.tripadvisor.com.vn/Attraction_Review-g298085-d34299017-Reviews-VietPrivet_Tours_Experiences-Da_Nang.html,176,tripadvisor_vn
The Nang Spa,Spa • Spa nước nóng,Da Nang,https://www.tripadvisor.com.vn/Attraction_Review-g298085-d12254730-Reviews-The_Nang_Spa-Da_Nang.html,177,tripadvisor_vn
Khanh Hung Optical,Cửa hàng đặc sản & cửa hàng quà tặng,Da Nang,https://www.tripadvisor.com.vn/Attraction_Review-g298085-d25309254-Reviews-Khanh_Hung_Optical-Da_Nang.html,178,tripadvisor_vn
Azit Multiplex,Đang mở cửa,Da Nang,https://www.tripadvisor.com.vn/Attraction_Review-g298085-d14942027-Reviews-Azit_Multiplex-Da_Nang.html,179,tripadvisor_vn
Chill Out Spa,Spa,Da Nang,https://www.tripadvisor.com.vn/Attraction_Review-g15296807-d25940735-Reviews-Chill_Out_Spa-My_An_Da_Nang.html,180,tripadvisor_vn
Q-Mart,Trung tâm mua sắm,Da Nang,https://www.tripadvisor.com.vn/Attraction_Review-g298085-d25429896-Reviews-Q_Mart-Da_Nang.html,181,tripadvisor_vn
Tuan Motorbike Rental Da Nang,Cho thuê tiện ích,Da Nang,https://www.tripadvisor.com.vn/Attraction_Review-g298085-d16706374-Reviews-Tuan_Motorbike_Rental_Da_Nang-Da_Nang.html,182,tripadvisor_vn
Duc leather workshop,Cửa hàng đặc sản & cửa hàng quà tặng • Trung tâm du lịch,Da Nang,https://www.tripadvisor.com.vn/Attraction_Review-g298085-d33713073-Reviews-Duc_leather_workshop-Da_Nang.html,183,tripadvisor_vn
Golden Lotus Oriental Organic Spa,Spa,Da Nang,https://www.tripadvisor.com.vn/Attraction_Review-g298085-d17838511-Reviews-Golden_Lotus_Oriental_Organic_Spa-Da_Nang.html,184,tripadvisor_vn
Mo Ran Spa & Massage Da Nang,Spa,Da Nang,https://www.tripadvisor.com.vn/Attraction_Review-g298085-d34294561-Reviews-Mo_Ran_Spa_Massage_Da_Nang-Da_Nang.html,185,tripadvisor_vn
Gao Spa,Spa • Spa nước nóng,Da Nang,https://www.tripadvisor.com.vn/Attraction_Review-g298085-d15850143-Reviews-Gao_Spa-Da_Nang.html,186,tripadvisor_vn
Michi Spa,Spa • Spa nước nóng,Da Nang,https://www.tripadvisor.com.vn/Attraction_Review-g298085-d12703741-Reviews-Michi_Spa-Da_Nang.html,187,tripadvisor_vn
Herbal Spa - Hoi An Branch 1,Spa • Spa nước nóng,Da Nang,https://www.tripadvisor.com.vn/Attraction_Review-g298085-d34599091-Reviews-Herbal_Spa_Hoi_An_Branch_1-Da_Nang.html,188,tripadvisor_vn
Nyx Sky Lounge & Mixology,Quán bar rượu vang,Da Nang,https://www.tripadvisor.com.vn/Attraction_Review-g298085-d26389309-Reviews-Nyx_Sky_Lounge_Mixology-Da_Nang.html,189,tripadvisor_vn
Blue Beauty Spa & Massage,Spa,Da Nang,https://www.tripadvisor.com.vn/Attraction_Review-g298085-d34108594-Reviews-Blue_Beauty_Spa_Massage-Da_Nang.html,190,tripadvisor_vn
Regal Healthy Spa & Massage Da Nang,Spa,Da Nang,https://www.tripadvisor.com.vn/Attraction_Review-g27704560-d19274076-Reviews-Regal_Healthy_Spa_Massage_Da_Nang-Ngu_Hanh_Son_Da_Nang.html,191,tripadvisor_vn
Maya Spa & Nail,Spa • Spa nước nóng,Da Nang,https://www.tripadvisor.com.vn/Attraction_Review-g19935676-d28175594-Reviews-Maya_Spa_Nail-An_Hai_Bac_Son_Tra_Peninsula_Da_Nang.html,192,tripadvisor_vn
Onda Spa Massage Da Nang,Spa,Da Nang,https://www.tripadvisor.com.vn/Attraction_Review-g298085-d34399131-Reviews-Onda_Spa_Massage_Da_Nang-Da_Nang.html,193,tripadvisor_vn
Tiệm Nội Y Navy Secret,Cửa hàng đặc sản & cửa hàng quà tặng • Trung tâm mua sắm,Da Nang,https://www.tripadvisor.com.vn/Attraction_Review-g298085-d27479286-Reviews-Ti_m_N_i_Y_Navy_Secret-Da_Nang.html,194,tripadvisor_vn
Locked Danang - Escape Room Game,Trò chơi giải thoát,Da Nang,https://www.tripadvisor.com.vn/Attraction_Review-g298085-d8553112-Reviews-Locked_Danang_Escape_Room_Game-Da_Nang.html,195,tripadvisor_vn
Goyo Spa Da Nang,Spa,Da Nang,https://www.tripadvisor.com.vn/Attraction_Review-g298085-d34367614-Reviews-Goyo_Spa_Da_Nang-Da_Nang.html,196,tripadvisor_vn
Cơ sở điêu khắc đá mỹ nghệ Tiến Hiếu,Cửa hàng của nhà máy,Da Nang,https://www.tripadvisor.com.vn/Attraction_Review-g298085-d9858980-Reviews-Tien_Hieu_Marble_Handicraft_Sculptures-Da_Nang.html,197,tripadvisor_vn
OQ Lounge Pub DnD,Quán bar & câu lạc bộ,Da Nang,https://www.tripadvisor.com.vn/Attraction_Review-g298085-d10107611-Reviews-OQ_Lounge_Pub_DnD-Da_Nang.html,198,tripadvisor_vn
Golf in Danang,Sân gôn,Da Nang,https://www.tripadvisor.com.vn/Attraction_Review-g298085-d7362360-Reviews-Golf_in_Danang-Da_Nang.html,199,tripadvisor_vn
V-Senses Wellness & Spa,Spa,Da Nang,https://www.tripadvisor.com.vn/Attraction_Review-g298085-d26249840-Reviews-V_Senses_Wellness_Spa-Da_Nang.html,200,tripadvisor_vn
Ikigai Spa Center,Spa,Da Nang,https://www.tripadvisor.com.vn/Attraction_Review-g298085-d25314796-Reviews-IKIGAI_SPA_CENTER-Da_Nang.html,201,tripadvisor_vn
Columbo Beach Club,Bãi biển & câu lạc bộ bể bơi,Da Nang,https://www.tripadvisor.com.vn/Attraction_Review-g298085-d34442753-Reviews-Columbo_Beach_Club-Da_Nang.html,202,tripadvisor_vn
Golden Pine Pub,Quán bar & câu lạc bộ,Da Nang,https://www.tripadvisor.com.vn/Attraction_Review-g298085-d4102516-Reviews-Golden_Pine_Pub-Da_Nang.html,203,tripadvisor_vn
Phuong Nam Optical,Cửa hàng đặc sản & cửa hàng quà tặng,Da Nang,https://www.tripadvisor.com.vn/Attraction_Review-g25231262-d28931839-Reviews-Phuong_Nam_Optical-Hai_Chau_Da_Nang.html,204,tripadvisor_vn
Ket High Cocktail Bar,Quán bar & câu lạc bộ,Da Nang,https://www.tripadvisor.com.vn/Attraction_Review-g298085-d27699650-Reviews-Ket_High_Cocktail_Bar-Da_Nang.html,205,tripadvisor_vn
Herbal Boutique Spa Da Nang,Spa,Da Nang,https://www.tripadvisor.com.vn/Attraction_Review-g17786366-d18114329-Reviews-Herbal_Boutique_Spa_Da_Nang-Son_Tra_Peninsula_Da_Nang.html,206,tripadvisor_vn
Herbal Heritage Spa,Spa,Da Nang,https://www.tripadvisor.com.vn/Attraction_Review-g17786366-d19453147-Reviews-Herbal_Heritage_Spa-Son_Tra_Peninsula_Da_Nang.html,207,tripadvisor_vn
Vietnam Private Car,Taxi & xe đưa đón,Da Nang,https://www.tripadvisor.com.vn/Attraction_Review-g298085-d12590747-Reviews-Vietnam_Private_Car-Da_Nang.html,208,tripadvisor_vn
DIFF - Danang International Fireworks Festival,Sự kiện pháo hoa theo mùa,Da Nang,https://www.tripadvisor.com.vn/Attraction_Review-g17786366-d28007491-Reviews-DIFF_Danang_International_Fireworks_Festival-Son_Tra_Peninsula_Da_Nang.html,209,tripadvisor_vn
Lani Spa Da Nang,Spa,Da Nang,https://www.tripadvisor.com.vn/Attraction_Review-g298085-d13187936-Reviews-Lani_Spa_Da_Nang-Da_Nang.html,210,tripadvisor_vn
Crowne International Club,Sòng bạc,Da Nang,https://www.tripadvisor.com.vn/Attraction_Review-g298085-d13429956-Reviews-Crowne_International_Club-Da_Nang.html,211,tripadvisor_vn
Golden Lotus Oriental Organic Spa 2,Spa,Da Nang,https://www.tripadvisor.com.vn/Attraction_Review-g298085-d17321627-Reviews-Golden_Lotus_Oriental_Organic_Spa_2-Da_Nang.html,212,tripadvisor_vn
Golf Asian - Danang Private Golf Day Tour,Sân gôn,Da Nang,https://www.tripadvisor.com.vn/Attraction_Review-g298085-d6623400-Reviews-Golf_Asian_Danang_Private_Golf_Day_Tour-Da_Nang.html,213,tripadvisor_vn
Nón Lá Spa 1,Spa,Da Nang,https://www.tripadvisor.com.vn/Attraction_Review-g298085-d20940790-Reviews-Non_La_Spa_1-Da_Nang.html,214,tripadvisor_vn
L Spa Da Nang,Spa,Da Nang,https://www.tripadvisor.com.vn/Attraction_Review-g298085-d7981595-Reviews-L_Spa_Da_Nang-Da_Nang.html,215,tripadvisor_vn
Koto Club Da Nang,Quán bar & câu lạc bộ,Da Nang,https://www.tripadvisor.com.vn/Attraction_Review-g298085-d25554545-Reviews-Koto_Club_Da_Nang-Da_Nang.html,216,tripadvisor_vn
Pink Spa,Spa,Da Nang,https://www.tripadvisor.com.vn/Attraction_Review-g298085-d17713616-Reviews-Pink_Spa-Da_Nang.html,217,tripadvisor_vn
Vietnam Car Rental,Taxi & xe đưa đón,Da Nang,https://www.tripadvisor.com.vn/Attraction_Review-g298085-d33071476-Reviews-Vietnam_Car_Rental-Da_Nang.html,218,tripadvisor_vn
Yuri Spa & Massage Da Nang,Spa • Spa nước nóng,Da Nang,https://www.tripadvisor.com.vn/Attraction_Review-g298085-d33361951-Reviews-Yuri_Spa_Massage_Da_Nang-Da_Nang.html,219,tripadvisor_vn
M Legrand Jewelry,Cửa hàng đặc sản & cửa hàng quà tặng,Da Nang,https://www.tripadvisor.com.vn/Attraction_Review-g298085-d8652248-Reviews-M_Legrand_Jewelry-Da_Nang.html,220,tripadvisor_vn
Danang Karaoke BMW,Quầy bar karaoke,Da Nang,https://www.tripadvisor.com.vn/Attraction_Review-g298085-d28035126-Reviews-Danang_Karaoke_BMW-Da_Nang.html,221,tripadvisor_vn
Hanatural Therapy & Spa,Spa,Da Nang,https://www.tripadvisor.com.vn/Attraction_Review-g298085-d34084634-Reviews-Hanatural_Therapy_Spa-Da_Nang.html,222,tripadvisor_vn
Maha Spa Signature,Spa,Da Nang,https://www.tripadvisor.com.vn/Attraction_Review-g298085-d33405256-Reviews-Maha_Spa_Signature-Da_Nang.html,223,tripadvisor_vn
Saga Bar Danang,Quán bar & câu lạc bộ,Da Nang,https://www.tripadvisor.com.vn/Attraction_Review-g298085-d28125309-Reviews-Saga_Bar_Danang-Da_Nang.html,224,tripadvisor_vn
Waxing Đà Nẵng,Spa,Da Nang,https://www.tripadvisor.com.vn/Attraction_Review-g298085-d32741453-Reviews-Waxing_Da_N_ng-Da_Nang.html,225,tripadvisor_vn
Beauty Salon Lộc,Trung tâm trò chơi & giải trí,Da Nang,https://www.tripadvisor.com.vn/Attraction_Review-g298085-d25383624-Reviews-Beauty_Salon_L_c-Da_Nang.html,226,tripadvisor_vn
Escape In Time - Escape Rooms Danang,Trò chơi giải thoát • Trung tâm trò chơi & giải trí,Da Nang,https://www.tripadvisor.com.vn/Attraction_Review-g298085-d32414303-Reviews-Escape_In_Time_Escape_Rooms_Danang-Da_Nang.html,227,tripadvisor_vn
Lotus Spa,Spa,Da Nang,https://www.tripadvisor.com.vn/Attraction_Review-g298085-d34053781-Reviews-Lotus_Spa-Da_Nang.html,228,tripadvisor_vn
Zen Life Spa,Spa,Da Nang,https://www.tripadvisor.com.vn/Attraction_Review-g298085-d33305784-Reviews-Zen_Life_Spa-Da_Nang.html,230,tripadvisor_vn
Gốm An Nhiên - Handmade Pottery,Cửa hàng đặc sản & cửa hàng quà tặng • Phòng trưng bày nghệ thuật,Da Nang,https://www.tripadvisor.com.vn/Attraction_Review-g298085-d27515850-Reviews-An_Nhien_s_Home-Da_Nang.html,231,tripadvisor_vn
Onda Spa,Spa,Da Nang,https://www.tripadvisor.com.vn/Attraction_Review-g298085-d34399977-Reviews-Onda_Spa-Da_Nang.html,232,tripadvisor_vn
Pop Mart Bana Hill Vietnam,Công viên giải trí & công viên chủ đề,Da Nang,https://www.tripadvisor.com.vn/Attraction_Review-g298085-d32811052-Reviews-Pop_Mart_Bana_Hill_Vietnam-Da_Nang.html,233,tripadvisor_vn
Healing Hands Spa,Spa,Da Nang,https://www.tripadvisor.com.vn/Attraction_Review-g298085-d24829446-Reviews-Healing_Hands_Spa-Da_Nang.html,234,tripadvisor_vn
Organic Plus Spa,Spa,Da Nang,https://www.tripadvisor.com.vn/Attraction_Review-g15296807-d11710194-Reviews-Organic_Plus_Spa-My_An_Da_Nang.html,235,tripadvisor_vn
Spa De Nancy,Spa • Spa nước nóng,Da Nang,https://www.tripadvisor.com.vn/Attraction_Review-g298085-d15692919-Reviews-Spa_De_Nancy-Da_Nang.html,236,tripadvisor_vn
Sapphire Billiard Club,Trung tâm trò chơi & giải trí,Da Nang,https://www.tripadvisor.com.vn/Attraction_Review-g298085-d12084475-Reviews-Sapphire_Billiard_Club-Da_Nang.html,237,tripadvisor_vn
Hair Of The Dog Bar Da Nang,Quán bar & câu lạc bộ,Da Nang,https://www.tripadvisor.com.vn/Attraction_Review-g298085-d15193242-Reviews-Hair_Of_The_Dog_Bar_Da_Nang-Da_Nang.html,238,tripadvisor_vn
The Sports Lounge,Khu liên hợp thể thao • Sân gôn,Da Nang,https://www.tripadvisor.com.vn/Attraction_Review-g26818864-d28035056-Reviews-The_Sports_Lounge-Hoa_Hai_Da_Nang.html,239,tripadvisor_vn
Viễn Đông Massage & Spa,Spa,Da Nang,https://www.tripadvisor.com.vn/Attraction_Review-g298085-d13077074-Reviews-Vi_n_Dong_Massage_Spa-Da_Nang.html,240,tripadvisor_vn
Vietbeautyhub,Câu lạc bộ sức khỏe • Spa,Da Nang,https://www.tripadvisor.com.vn/Attraction_Review-g298085-d33319225-Reviews-Vietbeautyhub-Da_Nang.html,241,tripadvisor_vn
Honey Spa,Spa,Da Nang,https://www.tripadvisor.com.vn/Attraction_Review-g298085-d12254836-Reviews-Honey_Spa-Da_Nang.html,242,tripadvisor_vn
Danang Shooting Club,Trường bắn • Sự kiện thể thao,Da Nang,https://www.tripadvisor.com.vn/Attraction_Review-g298085-d34265056-Reviews-Danang_Shooting_Club-Da_Nang.html,243,tripadvisor_vn
Duck Stop Hoi An Experience: Feed and Lead Ducks,Trò chơi giải thoát • Điểm thu hút khách tham quan & thắng cảnh,Da Nang,https://www.tripadvisor.com.vn/Attraction_Review-g298085-d34402599-Reviews-Hoi_An_Duck_Stop_Experience_Feed_and_Lead_Ducks-Da_Nang.html,244,tripadvisor_vn
Vm Cars - The Car You Trust,Taxi & xe đưa đón,Da Nang,https://www.tripadvisor.com.vn/Attraction_Review-g298085-d13336196-Reviews-Vm_Cars_The_Car_You_Trust-Da_Nang.html,245,tripadvisor_vn
Sevva Sky Lounge,Quán bar & câu lạc bộ,Da Nang,https://www.tripadvisor.com.vn/Attraction_Review-g298085-d13990190-Reviews-Sevva_Sky_Lounge-Da_Nang.html,246,tripadvisor_vn
Mystery Bar & Lounge,Quán bar & câu lạc bộ • Quầy bar karaoke,Da Nang,https://www.tripadvisor.com.vn/Attraction_Review-g17786366-d19408787-Reviews-Mystery_Bar_Lounge-Son_Tra_Peninsula_Da_Nang.html,247,tripadvisor_vn
Pamspa Sora,Spa,Da Nang,https://www.tripadvisor.com.vn/Attraction_Review-g298085-d34444967-Reviews-Pamspa_Sora-Da_Nang.html,248,tripadvisor_vn
Apocalypse Beach Club,Quán bar & câu lạc bộ,Da Nang,https://www.tripadvisor.com.vn/Attraction_Review-g298085-d15129817-Reviews-Apocalypse_Beach_Club-Da_Nang.html,249,tripadvisor_vn
Dacotours,Chuyến tham quan nhiều ngày • Chuyến tham quan văn hóa,Da Nang,https://www.tripadvisor.com.vn/Attraction_Review-g298085-d6974493-Reviews-Dacotours-Da_Nang.html,250,tripadvisor_vn
Julius Spa & Massage,Spa,Da Nang,https://www.tripadvisor.com.vn/Attraction_Review-g298085-d26517917-Reviews-Julius_Spa_Massage-Da_Nang.html,251,tripadvisor_vn
May Chang - Spa & Retreat Da Nang,Spa,Da Nang,https://www.tripadvisor.com.vn/Attraction_Review-g298085-d33027676-Reviews-May_Chang_Spa_Retreat_Da_Nang-Da_Nang.html,252,tripadvisor_vn
tigon massa Massage & Spa Da Nang,Spa,Da Nang,https://www.tripadvisor.com.vn/Attraction_Review-g298085-d33736931-Reviews-Tigon_massa_Massage_Spa_Da_Nang-Da_Nang.html,253,tripadvisor_vn
Lee Spa & Massage,Spa • Spa nước nóng,Da Nang,https://www.tripadvisor.com.vn/Attraction_Review-g298085-d25444784-Reviews-Lee_Spa_Massage-Da_Nang.html,254,tripadvisor_vn
Lá Xanh Vintage Jewelry Da Nang,Cửa hàng đặc sản & cửa hàng quà tặng,Da Nang,https://www.tripadvisor.com.vn/Attraction_Review-g298085-d33444666-Reviews-La_Xanh_Vintage_Jewelry_Da_Nang-Da_Nang.html,255,tripadvisor_vn
Ola Spa,Spa,Da Nang,https://www.tripadvisor.com.vn/Attraction_Review-g27704560-d33863324-Reviews-Ola_Spa-Ngu_Hanh_Son_Da_Nang.html,256,tripadvisor_vn
Malibu Club,Quán bar & câu lạc bộ,Da Nang,https://www.tripadvisor.com.vn/Attraction_Review-g298085-d25383493-Reviews-Malibu_Club-Da_Nang.html,257,tripadvisor_vn
Lavender Spa,Spa,Da Nang,https://www.tripadvisor.com.vn/Attraction_Review-g298085-d9882437-Reviews-Lavender_Spa-Da_Nang.html,258,tripadvisor_vn
Beach Paradise Sauna & Massage,Spa,Da Nang,https://www.tripadvisor.com.vn/Attraction_Review-g298085-d8693059-Reviews-Beach_Paradise_Sauna_Massage-Da_Nang.html,259,tripadvisor_vn
Kop Spa & Massage,Spa,Da Nang,https://www.tripadvisor.com.vn/Attraction_Review-g298085-d17713594-Reviews-Kop_Spa_Massage-Da_Nang.html,260,tripadvisor_vn
Motorbikes Rental Da Nang -Quang Nga,Cho thuê tiện ích,Da Nang,https://www.tripadvisor.com.vn/Attraction_Review-g298085-d14120290-Reviews-Motorbikes_Rental_Da_Nang_Quang_Nga-Da_Nang.html,261,tripadvisor_vn
BUNNY Bar & Lounge 2,Quán bar & câu lạc bộ,Da Nang,https://www.tripadvisor.com.vn/Attraction_Review-g298085-d20999958-Reviews-BUNNY_Bar_Lounge_2-Da_Nang.html,262,tripadvisor_vn
Danang Mykhe Spa,Spa,Da Nang,https://www.tripadvisor.com.vn/Attraction_Review-g298085-d34549583-Reviews-Danang_Mykhe_Spa-Da_Nang.html,263,tripadvisor_vn
Heart Spa Đà Nẵng,Spa,Da Nang,https://www.tripadvisor.com.vn/Attraction_Review-g19779171-d26633505-Reviews-Heart_Spa_Da_N_ng-Phuoc_My_Son_Tra_Peninsula_Da_Nang.html,264,tripadvisor_vn
Nón Lá Spa 2,Spa,Da Nang,https://www.tripadvisor.com.vn/Attraction_Review-g298085-d33016634-Reviews-Non_La_Spa_2-Da_Nang.html,265,tripadvisor_vn
Hương Tràm Spa,Spa,Da Nang,https://www.tripadvisor.com.vn/Attraction_Review-g298085-d15244164-Reviews-Huong_Tram_Spa-Da_Nang.html,266,tripadvisor_vn
Saga Music Bar,Quán bar & câu lạc bộ,Da Nang,https://www.tripadvisor.com.vn/Attraction_Review-g298085-d25034942-Reviews-Saga_Music_Bar-Da_Nang.html,267,tripadvisor_vn
Mercy Boat Bar,Quán bar & câu lạc bộ • Quán bar rượu vang,Da Nang,https://www.tripadvisor.com.vn/Attraction_Review-g298085-d26868319-Reviews-Mercy_Boat_Bar-Da_Nang.html,268,tripadvisor_vn
Lalla Nail,Đang mở cửa,Da Nang,https://www.tripadvisor.com.vn/Attraction_Review-g15296807-d29271656-Reviews-Lalla_Nail-My_An_Da_Nang.html,269,tripadvisor_vn
Sunny Spa & Massage,Spa,Da Nang,https://www.tripadvisor.com.vn/Attraction_Review-g298085-d11746378-Reviews-Sunny_Spa_Massage-Da_Nang.html,270,tripadvisor_vn
Danang Private Driver,Taxi & xe đưa đón,Da Nang,https://www.tripadvisor.com.vn/Attraction_Review-g298085-d13412597-Reviews-Danang_Private_Driver-Da_Nang.html,271,tripadvisor_vn
Hoang's Kitchen Da Nang Cooking Class,Lớp nấu ăn,Da Nang,https://www.tripadvisor.com.vn/Attraction_Review-g298085-d34223887-Reviews-Hoang_s_Kitchen_Da_Nang_Cooking_Class-Da_Nang.html,272,tripadvisor_vn
Omelee Wellness and Spa,Spa,Da Nang,https://www.tripadvisor.com.vn/Attraction_Review-g298085-d24915634-Reviews-Omelee_Wellness_and_Spa-Da_Nang.html,273,tripadvisor_vn
Phú Luxury Wine & Cigar Đà Nẵng,Quầy bar xì gà,Da Nang,https://www.tripadvisor.com.vn/Attraction_Review-g25231262-d27155957-Reviews-Phu_Luxury_Wine_Cigar_Da_Nang-Hai_Chau_Da_Nang.html,274,tripadvisor_vn
Lan Huong Silk Shop,Cửa hàng đặc sản & cửa hàng quà tặng,Da Nang,https://www.tripadvisor.com.vn/Attraction_Review-g298085-d8488229-Reviews-Lan_Huong_Silk_Shop-Da_Nang.html,275,tripadvisor_vn
Danang The Hill Spa,Spa,Da Nang,https://www.tripadvisor.com.vn/Attraction_Review-g298085-d28651730-Reviews-Danang_The_Hill_Spa-Da_Nang.html,276,tripadvisor_vn
Santa Spa,Spa,Da Nang,https://www.tripadvisor.com.vn/Attraction_Review-g15296807-d24111506-Reviews-Santa_Spa-My_An_Da_Nang.html,277,tripadvisor_vn
Ocean Spa Nail,Spa • Spa nước nóng,Da Nang,https://www.tripadvisor.com.vn/Attraction_Review-g27704560-d17750718-Reviews-Ocean_Spa_Nail-Ngu_Hanh_Son_Da_Nang.html,278,tripadvisor_vn
Vinh Trung Plaza,Cửa hàng đặc sản & cửa hàng quà tặng,Da Nang,https://www.tripadvisor.com.vn/Attraction_Review-g298085-d7246284-Reviews-Vinh_Trung_Plaza-Da_Nang.html,279,tripadvisor_vn
Shine Spa For Sheraton Danang,Spa,Da Nang,https://www.tripadvisor.com.vn/Attraction_Review-g298085-d28501609-Reviews-Shine_Spa_For_Sheraton_Danang-Da_Nang.html,280,tripadvisor_vn
Bliss Spa,Spa,Da Nang,https://www.tripadvisor.com.vn/Attraction_Review-g25231262-d15871958-Reviews-Bliss_Spa-Hai_Chau_Da_Nang.html,281,tripadvisor_vn
Pheva Chocolate,Cửa hàng đặc sản & cửa hàng quà tặng,Da Nang,https://www.tripadvisor.com.vn/Attraction_Review-g298085-d7272080-Reviews-Pheva_Chocolate-Da_Nang.html,282,tripadvisor_vn
GALINA MUD BATH & SPA DA NANG,Spa,Da Nang,https://www.tripadvisor.com.vn/Attraction_Review-g298085-d8317695-Reviews-GALINA_MUD_BATH_SPA_DA_NANG-Da_Nang.html,283,tripadvisor_vn
Serenity Spa,Spa,Da Nang,https://www.tripadvisor.com.vn/Attraction_Review-g298085-d14986108-Reviews-Serenity_Spa-Da_Nang.html,284,tripadvisor_vn
Kiasu Spa,Spa,Da Nang,https://www.tripadvisor.com.vn/Attraction_Review-g25197573-d28673339-Reviews-Kiasu_Spa-An_Hai_Son_Tra_Peninsula_Da_Nang.html,285,tripadvisor_vn
Hantou Souvenirs Shop,Cửa hàng đặc sản & cửa hàng quà tặng,Da Nang,https://www.tripadvisor.com.vn/Attraction_Review-g298085-d11620651-Reviews-Hantou_Souvenirs_Shop-Da_Nang.html,286,tripadvisor_vn
Marine Sky Bar,Quán bar & câu lạc bộ,Da Nang,https://www.tripadvisor.com.vn/Attraction_Review-g298085-d19259798-Reviews-Marine_Sky_Bar-Da_Nang.html,287,tripadvisor_vn
Mélangé Spa,Spa,Da Nang,https://www.tripadvisor.com.vn/Attraction_Review-g298085-d27118345-Reviews-Melange_Spa-Da_Nang.html,288,tripadvisor_vn
Carol Lounge,Quán bar & câu lạc bộ,Da Nang,https://www.tripadvisor.com.vn/Attraction_Review-g298085-d25274942-Reviews-Carol_Lounge-Da_Nang.html,289,tripadvisor_vn
TinTin Spa & Massage,Spa,Da Nang,https://www.tripadvisor.com.vn/Attraction_Review-g298085-d14111759-Reviews-TinTin_Spa_Massage-Da_Nang.html,290,tripadvisor_vn
Heart Spa 2 Đà Nẵng,Spa,Da Nang,https://www.tripadvisor.com.vn/Attraction_Review-g298085-d27944007-Reviews-Heart_Spa_2-Da_Nang.html,291,tripadvisor_vn
CIP Orchid Lounge Da Nang Airport,Phòng chờ sân bay,Da Nang,https://www.tripadvisor.com.vn/Attraction_Review-g298085-d25250487-Reviews-CIP_Orchid_Lounge_Da_Nang_Airport-Da_Nang.html,292,tripadvisor_vn
Hero massage spa,Spa,Da Nang,https://www.tripadvisor.com.vn/Attraction_Review-g19779171-d33070851-Reviews-Hero_massage_spa-Phuoc_My_Son_Tra_Peninsula_Da_Nang.html,293,tripadvisor_vn
Go To The Mat By Avi,Yoga & pilate,Da Nang,https://www.tripadvisor.com.vn/Attraction_Review-g16740551-d12971882-Reviews-Go_To_The_Mat_By_Avi-Lien_Chieu_Da_Nang.html,294,tripadvisor_vn
M'healthy spa,Spa,Da Nang,https://www.tripadvisor.com.vn/Attraction_Review-g298085-d15333773-Reviews-M_Healthy_Spa-Da_Nang.html,295,tripadvisor_vn
Guscent - Niche Perfume & Scent Gifts,Cửa hàng đặc sản & cửa hàng quà tặng,Da Nang,https://www.tripadvisor.com.vn/Attraction_Review-g298085-d34309584-Reviews-Guscent_Niche_Perfume_Scent_Gifts-Da_Nang.html,296,tripadvisor_vn
Kalà Kalà Beach Club,Quán bar & câu lạc bộ • Bãi biển & câu lạc bộ bể bơi,Da Nang,https://www.tripadvisor.com.vn/Attraction_Review-g298085-d33871924-Reviews-Kala_Kala_Beach_Club-Da_Nang.html,297,tripadvisor_vn
C Bar Da Nang,Quán bar & câu lạc bộ • Quầy bar có nhạc jazz,Da Nang,https://www.tripadvisor.com.vn/Attraction_Review-g298085-d25409114-Reviews-C_Bar_Da_Nang-Da_Nang.html,298,tripadvisor_vn
Trang Sức Gỗ Quý LHC,Cửa hàng đặc sản & cửa hàng quà tặng • Xưởng vẽ & làm đồ gốm,Da Nang,https://www.tripadvisor.com.vn/Attraction_Review-g298085-d12199240-Reviews-LHC_Wooden_Handcrafted_Jewelry_and_Gifts-Da_Nang.html,299,tripadvisor_vn
Sen Spa Da Nang,Spa,Da Nang,https://www.tripadvisor.com.vn/Attraction_Review-g298085-d28147710-Reviews-Sen_Spa_Da_Nang-Da_Nang.html,300,tripadvisor_vn
Clover Spa - Best Massage Da Nang,Spa,Da Nang,https://www.tripadvisor.com.vn/Attraction_Review-g298085-d27120753-Reviews-Clover_Spa_Massage_Da_Nang-Da_Nang.html,301,tripadvisor_vn
185 Foot Massage Salon,Spa,Da Nang,https://www.tripadvisor.com.vn/Attraction_Review-g298085-d8300183-Reviews-185_Foot_Massage_Salon-Da_Nang.html,302,tripadvisor_vn
Vela Spa,Spa,Da Nang,https://www.tripadvisor.com.vn/Attraction_Review-g15296807-d12639064-Reviews-Vela_Spa-My_An_Da_Nang.html,303,tripadvisor_vn
Tiên Sa Show,Nhà hát & biểu diễn,Da Nang,https://www.tripadvisor.com.vn/Attraction_Review-g298085-d33018988-Reviews-Tien_Sa_Show-Da_Nang.html,304,tripadvisor_vn
Crossfit Lotus,Câu lạc bộ sức khỏe,Da Nang,https://www.tripadvisor.com.vn/Attraction_Review-g298085-d33421797-Reviews-Crossfit_Lotus-Da_Nang.html,305,tripadvisor_vn
Zero Hair Salon,Spa,Da Nang,https://www.tripadvisor.com.vn/Attraction_Review-g298085-d33023337-Reviews-Zero_Hair_Salon-Da_Nang.html,306,tripadvisor_vn
Cty Tnhh Dragon Golf,Cho thuê tiện ích • Sân gôn,Da Nang,https://www.tripadvisor.com.vn/Attraction_Review-g298085-d4513308-Reviews-Cty_Tnhh_Dragon_Golf-Da_Nang.html,308,tripadvisor_vn
Nirva Spa Da Nang,Spa,Da Nang,https://www.tripadvisor.com.vn/Attraction_Review-g298085-d11680840-Reviews-NIRVA_SPA-Da_Nang.html,309,tripadvisor_vn
Massage & Spa Daisy,Spa,Da Nang,https://www.tripadvisor.com.vn/Attraction_Review-g298085-d12614044-Reviews-Massage_Spa_Daisy-Da_Nang.html,310,tripadvisor_vn
Hana Healthy Spa,Spa,Da Nang,https://www.tripadvisor.com.vn/Attraction_Review-g298085-d34402488-Reviews-Hana_Healthy_Spa-Da_Nang.html,311,tripadvisor_vn
Royal Senses Spa,Spa,Da Nang,https://www.tripadvisor.com.vn/Attraction_Review-g10487549-d33678132-Reviews-Royal_Senses_Spa-Dien_Ban_Da_Nang.html,312,tripadvisor_vn
For You Club Da Nang,Quán bar & câu lạc bộ • Câu lạc bộ khiêu vũ & vũ trường,Da Nang,https://www.tripadvisor.com.vn/Attraction_Review-g298085-d28200070-Reviews-For_You_Club_Da_Nang-Da_Nang.html,313,tripadvisor_vn
New Phương Đông Club,Quán bar & câu lạc bộ,Da Nang,https://www.tripadvisor.com.vn/Attraction_Review-g298085-d14206416-Reviews-New_Phuong_Dong_Club-Da_Nang.html,314,tripadvisor_vn
Phuong Dong Nightclub,Quán bar & câu lạc bộ,Da Nang,https://www.tripadvisor.com.vn/Attraction_Review-g298085-d4061341-Reviews-Phuong_Dong_Nightclub-Da_Nang.html,315,tripadvisor_vn
LaMer Premium Spa Đà Nẵng,Spa,Da Nang,https://www.tripadvisor.com.vn/Attraction_Review-g298085-d24071780-Reviews-LaMer_Premium_Spa_Da_N_ng-Da_Nang.html,316,tripadvisor_vn
Ans Spa,Spa,Da Nang,https://www.tripadvisor.com.vn/Attraction_Review-g298085-d13367071-Reviews-Ans_Spa-Da_Nang.html,317,tripadvisor_vn
"AVANA Outlet, Workshop and Designlab",Cửa hàng đặc sản & cửa hàng quà tặng • Buổi học & hội thảo,Da Nang,https://www.tripadvisor.com.vn/Attraction_Review-g298085-d13188494-Reviews-AVANA_Outlet_Workshop_and_Designlab-Da_Nang.html,318,tripadvisor_vn
"Rora Spa, Nail, Shampoo Massage",Spa,Da Nang,https://www.tripadvisor.com.vn/Attraction_Review-g298085-d27504914-Reviews-Rora_Spa_Massage-Da_Nang.html,319,tripadvisor_vn
Coleni Beauty - Facial Spa,Spa,Da Nang,https://www.tripadvisor.com.vn/Attraction_Review-g298085-d34044747-Reviews-Coleni_Beauty-Da_Nang.html,320,tripadvisor_vn
D'art Chocolate,Cửa hàng đặc sản & cửa hàng quà tặng,Da Nang,https://www.tripadvisor.com.vn/Attraction_Review-g298085-d12948612-Reviews-D_art_Chocolate-Da_Nang.html,321,tripadvisor_vn
Ngọc Linh Spa,Câu lạc bộ sức khỏe • Nhà tắm hơi & nhà tắm kiểu Thổ Nhĩ Kỳ,Da Nang,https://www.tripadvisor.com.vn/Attraction_Review-g298085-d8851159-Reviews-Ngoc_Linh_Spa-Da_Nang.html,322,tripadvisor_vn
Snus Da Nang,Quầy bar xì gà,Da Nang,https://www.tripadvisor.com.vn/Attraction_Review-g298085-d33991386-Reviews-Snus_Da_Nang-Da_Nang.html,323,tripadvisor_vn
MyVietTrip,Chuyến tham quan nhiều ngày • Taxi & xe đưa đón,Da Nang,https://www.tripadvisor.com.vn/Attraction_Review-g298085-d26628278-Reviews-MyVietTrip-Da_Nang.html,324,tripadvisor_vn
Da Nang Wellness,Yoga & pilate • Sự kiện thể thao,Da Nang,https://www.tripadvisor.com.vn/Attraction_Review-g298085-d33232347-Reviews-Da_Nang_Wellness-Da_Nang.html,325,tripadvisor_vn
Nón Spa,Spa,Da Nang,https://www.tripadvisor.com.vn/Attraction_Review-g298085-d26626841-Reviews-Non_Spa-Da_Nang.html,326,tripadvisor_vn
Coolspa Massage & Wellness,Spa,Da Nang,https://www.tripadvisor.com.vn/Attraction_Review-g17786366-d28659166-Reviews-Cool_SPA-Son_Tra_Peninsula_Da_Nang.html,327,tripadvisor_vn
Q&b Luxury Spa,Nhà tắm hơi & nhà tắm kiểu Thổ Nhĩ Kỳ • Spa,Da Nang,https://www.tripadvisor.com.vn/Attraction_Review-g298085-d34293080-Reviews-Q_b_Luxury_Spa-Da_Nang.html,328,tripadvisor_vn
Noah Spa Danang,Spa,Da Nang,https://www.tripadvisor.com.vn/Attraction_Review-g298085-d9986732-Reviews-Noah_Spa_Danang-Da_Nang.html,329,tripadvisor_vn
Chua Spa,Spa,Da Nang,https://www.tripadvisor.com.vn/Attraction_Review-g298085-d32791001-Reviews-Chua_Spa-Da_Nang.html,330,tripadvisor_vn
Now Spa,Địa điểm giáo dục • Spa,Da Nang,https://www.tripadvisor.com.vn/Attraction_Review-g298085-d15000706-Reviews-Now_Spa-Da_Nang.html,331,tripadvisor_vn
Dreamer Store,Cửa hàng đặc sản & cửa hàng quà tặng,Da Nang,https://www.tripadvisor.com.vn/Attraction_Review-g298085-d14949083-Reviews-Dreamer_Store-Da_Nang.html,332,tripadvisor_vn
Royal Spa & Nail,Spa,Da Nang,https://www.tripadvisor.com.vn/Attraction_Review-g298085-d19430521-Reviews-Royal_Spa_Nail-Da_Nang.html,333,tripadvisor_vn
Elys Beauty & Spa,Spa,Da Nang,https://www.tripadvisor.com.vn/Attraction_Review-g298085-d14169950-Reviews-Elys_Beauty_Spa-Da_Nang.html,334,tripadvisor_vn
Min Luxury Spa,Spa,Da Nang,https://www.tripadvisor.com.vn/Attraction_Review-g17786366-d18314084-Reviews-Min_Luxury_Spa-Son_Tra_Peninsula_Da_Nang.html,335,tripadvisor_vn
Lagen Massage,Spa,Da Nang,https://www.tripadvisor.com.vn/Attraction_Review-g298085-d11835896-Reviews-Lagen_Massage-Da_Nang.html,336,tripadvisor_vn
Taran,Cửa hàng đặc sản & cửa hàng quà tặng,Da Nang,https://www.tripadvisor.com.vn/Attraction_Review-g298085-d14548241-Reviews-Taran-Da_Nang.html,337,tripadvisor_vn
Anpaz Spa & Massage,Spa,Da Nang,https://www.tripadvisor.com.vn/Attraction_Review-g298085-d8773685-Reviews-Anpaz_Spa_Massage-Da_Nang.html,338,tripadvisor_vn
Ket Bar,Quán bar & câu lạc bộ,Da Nang,https://www.tripadvisor.com.vn/Attraction_Review-g298085-d27147348-Reviews-Ket_Bar-Da_Nang.html,339,tripadvisor_vn
Hannah Brows and Nails,Spa,Da Nang,https://www.tripadvisor.com.vn/Attraction_Review-g298085-d15296058-Reviews-Hannah_Brows_and_Nails-Da_Nang.html,340,tripadvisor_vn
Gac Coffee & Massage,Spa,Da Nang,https://www.tripadvisor.com.vn/Attraction_Review-g298085-d14440826-Reviews-Gac_Coffee_Massage-Da_Nang.html,341,tripadvisor_vn
Han Travel Agency,Taxi & xe đưa đón,Da Nang,https://www.tripadvisor.com.vn/Attraction_Review-g298085-d14058100-Reviews-Han_Travel_Agency-Da_Nang.html,342,tripadvisor_vn
Suwon Spa,Spa,Da Nang,https://www.tripadvisor.com.vn/Attraction_Review-g298085-d33131502-Reviews-Suwon_Spa-Da_Nang.html,343,tripadvisor_vn
Las Vegas Karaoke,Quầy bar karaoke,Da Nang,https://www.tripadvisor.com.vn/Attraction_Review-g298085-d27698736-Reviews-Las_Vegas_Karaoke-Da_Nang.html,344,tripadvisor_vn
Nuna Club Lounge,Quán bar & câu lạc bộ,Da Nang,https://www.tripadvisor.com.vn/Attraction_Review-g298085-d25226059-Reviews-Nuna_Club_Lounge-Da_Nang.html,345,tripadvisor_vn
Kay spa,Spa,Da Nang,https://www.tripadvisor.com.vn/Attraction_Review-g298085-d15681094-Reviews-Thanh_Spa-Da_Nang.html,346,tripadvisor_vn
Rent-Motor Da Nang,Cho thuê tiện ích,Da Nang,https://www.tripadvisor.com.vn/Attraction_Review-g298085-d32864037-Reviews-Rent_Motor_Da_Nang-Da_Nang.html,347,tripadvisor_vn
Danang Queens Nail & Barber Shop,Đang mở cửa,Da Nang,https://www.tripadvisor.com.vn/Attraction_Review-g25231262-d33417134-Reviews-Danang_Queens_Nail_Barber_Shop-Hai_Chau_Da_Nang.html,348,tripadvisor_vn
Hieu Dep Da Nang,Spa,Da Nang,https://www.tripadvisor.com.vn/Attraction_Review-g298085-d28143361-Reviews-Hieu_Dep_Da_Nang-Da_Nang.html,349,tripadvisor_vn
Suzy Nail & Foot Massage,Đang mở cửa,Da Nang,https://www.tripadvisor.com.vn/Attraction_Review-g298085-d25088613-Reviews-Suzy_Nails_Foot_Massage-Da_Nang.html,350,tripadvisor_vn
New Golden Pine Club,Quán bar & câu lạc bộ,Da Nang,https://www.tripadvisor.com.vn/Attraction_Review-g298085-d34340102-Reviews-New_Golden_Pine_Club-Da_Nang.html,351,tripadvisor_vn
An Spa Sauna & Massage,Spa,Da Nang,https://www.tripadvisor.com.vn/Attraction_Review-g298085-d15735854-Reviews-An_Spa_Sauna_Massage-Da_Nang.html,352,tripadvisor_vn
Danawatch,Cửa hàng đặc sản & cửa hàng quà tặng,Da Nang,https://www.tripadvisor.com.vn/Attraction_Review-g298085-d15588447-Reviews-Danawatch-Da_Nang.html,353,tripadvisor_vn
Champa Spa,Spa,Da Nang,https://www.tripadvisor.com.vn/Attraction_Review-g298085-d11925493-Reviews-Champa_Spa-Da_Nang.html,354,tripadvisor_vn
Sống Khỏe Spa & Massage,Spa,Da Nang,https://www.tripadvisor.com.vn/Attraction_Review-g298085-d9739039-Reviews-Song_Khoe_Spa_Massage-Da_Nang.html,355,tripadvisor_vn
Da Nang Optical,Cửa hàng đặc sản & cửa hàng quà tặng,Da Nang,https://www.tripadvisor.com.vn/Attraction_Review-g298085-d33370975-Reviews-Da_Nang_Optical-Da_Nang.html,357,tripadvisor_vn
Charming Danang,Nhà hát & biểu diễn,Da Nang,https://www.tripadvisor.com.vn/Attraction_Review-g298085-d12339617-Reviews-Charming_Danang-Da_Nang.html,358,tripadvisor_vn
The Sand Spa Da Nang,Spa,Da Nang,https://www.tripadvisor.com.vn/Attraction_Review-g298085-d33227787-Reviews-The_Sand_Spa_Da_Nang-Da_Nang.html,359,tripadvisor_vn
Da Nang Airport to Hoi An By Private Car,Taxi & xe đưa đón,Da Nang,https://www.tripadvisor.com.vn/Attraction_Review-g298085-d34247808-Reviews-Da_Nang_Airport_to_Hoi_An_By_Private_Car-Da_Nang.html,360,tripadvisor_vn
Ann Retreat Spa & Massage in Đà Nẵng,Spa,Da Nang,https://www.tripadvisor.com.vn/Attraction_Review-g298085-d34518373-Reviews-Ann_Retreat-Da_Nang.html,361,tripadvisor_vn
Havi Beauty And Spa Da Nang,Spa,Da Nang,https://www.tripadvisor.com.vn/Attraction_Review-g298085-d25175684-Reviews-Havi_Beauty_And_Spa_Da_Nang-Da_Nang.html,362,tripadvisor_vn
Karma Lounge Đà Nẵng,Quán bar & câu lạc bộ,Da Nang,https://www.tripadvisor.com.vn/Attraction_Review-g298085-d25305230-Reviews-Karma_Lounge_Da_N_ng-Da_Nang.html,363,tripadvisor_vn
Izigo -E-motorbike Rental Service In Da Nang,Cho thuê tiện ích,Da Nang,https://www.tripadvisor.com.vn/Attraction_Review-g19935676-d27674691-Reviews-Izigo_E_motorbike_Rental_Service_In_Da_Nang-An_Hai_Bac_Son_Tra_Peninsula_Da_Na.html,364,tripadvisor_vn
Trần,Cửa hàng đặc sản & cửa hàng quà tặng,Da Nang,https://www.tripadvisor.com.vn/Attraction_Review-g298085-d8263380-Reviews-Veston_Tran-Da_Nang.html,365,tripadvisor_vn
Legendary Chocolatier At Da Nang,Cửa hàng đặc sản & cửa hàng quà tặng,Da Nang,https://www.tripadvisor.com.vn/Attraction_Review-g298085-d13990227-Reviews-Legendary_Chocolatier_At_Da_Nang-Da_Nang.html,366,tripadvisor_vn
VN CARS SERVICES,Taxi & xe đưa đón,Da Nang,https://www.tripadvisor.com.vn/Attraction_Review-g298085-d19643764-Reviews-VN_CARS_SERVICES-Da_Nang.html,367,tripadvisor_vn
Lena Nails & Beauty,Đang mở cửa,Da Nang,https://www.tripadvisor.com.vn/Attraction_Review-g298085-d34336670-Reviews-Lena_Nails_Beauty-Da_Nang.html,368,tripadvisor_vn
World Spa,Spa,Da Nang,https://www.tripadvisor.com.vn/Attraction_Review-g298085-d15521706-Reviews-World_Spa-Da_Nang.html,369,tripadvisor_vn
Danang Private Tours,Chuyến tham quan lịch sử & di sản • Chuyến tham quan ngắm cảnh,Da Nang,https://www.tripadvisor.com.vn/Attraction_Review-g298085-d8532504-Reviews-Danang_Private_Tours-Da_Nang.html,370,tripadvisor_vn
Mi Sol Spa,Spa,Da Nang,https://www.tripadvisor.com.vn/Attraction_Review-g298085-d4600443-Reviews-Mi_Sol_Spa-Da_Nang.html,371,tripadvisor_vn
Snow Spa & Nail,Spa,Da Nang,https://www.tripadvisor.com.vn/Attraction_Review-g10487549-d25395117-Reviews-Snow_Spa_Nail-Dien_Ban_Da_Nang.html,372,tripadvisor_vn
Herbal Boutique Spa,Spa,Da Nang,https://www.tripadvisor.com.vn/Attraction_Review-g17786366-d19609051-Reviews-Herbal_Boutique_Spa-Son_Tra_Peninsula_Da_Nang.html,373,tripadvisor_vn
Chula Spa,Spa,Da Nang,https://www.tripadvisor.com.vn/Attraction_Review-g298085-d17853351-Reviews-Chula_Spa-Da_Nang.html,374,tripadvisor_vn
Spa Thủy Tiên,Spa,Da Nang,https://www.tripadvisor.com.vn/Attraction_Review-g298085-d15263718-Reviews-Spa_Thuy_Tien-Da_Nang.html,375,tripadvisor_vn
Bliss Spa Đà Nẵng,Spa,Da Nang,https://www.tripadvisor.com.vn/Attraction_Review-g298085-d27885039-Reviews-Bliss_Spa_Da_N_ng-Da_Nang.html,376,tripadvisor_vn
Sài Gòn Spa Massage,Spa,Da Nang,https://www.tripadvisor.com.vn/Attraction_Review-g298085-d15363395-Reviews-Sai_Gon_Spa_Massage-Da_Nang.html,377,tripadvisor_vn
The Workshop,Buổi học & hội thảo,Da Nang,https://www.tripadvisor.com.vn/Attraction_Review-g298085-d14887791-Reviews-The_Workshop-Da_Nang.html,378,tripadvisor_vn
Mắt Kính Phương Nam,Cửa hàng đặc sản & cửa hàng quà tặng,Da Nang,https://www.tripadvisor.com.vn/Attraction_Review-g25231262-d28650086-Reviews-M_t_Kinh_Phuong_Nam-Hai_Chau_Da_Nang.html,379,tripadvisor_vn
Perdu - Cocktail Bar,Quán bar & câu lạc bộ,Da Nang,https://www.tripadvisor.com.vn/Attraction_Review-g298085-d7237522-Reviews-Perdu_Cocktail_Bar-Da_Nang.html,380,tripadvisor_vn
Vie Spa,Spa,Da Nang,https://www.tripadvisor.com.vn/Attraction_Review-g298085-d19065408-Reviews-Vie_Spa-Da_Nang.html,381,tripadvisor_vn
Julius Signature Spa & Massage,Spa,Da Nang,https://www.tripadvisor.com.vn/Attraction_Review-g298085-d33320269-Reviews-Julius_Signature_Spa_Massage-Da_Nang.html,382,tripadvisor_vn
Rosie Wellness Spa,Spa,Da Nang,https://www.tripadvisor.com.vn/Attraction_Review-g298085-d28241340-Reviews-Rosie_Wellness_Spa-Da_Nang.html,383,tripadvisor_vn
By The Sea Spa Da Nang,Spa,Da Nang,https://www.tripadvisor.com.vn/Attraction_Review-g17786366-d15632361-Reviews-By_The_Sea_Spa_Da_Nang-Son_Tra_Peninsula_Da_Nang.html,384,tripadvisor_vn
Izumi Spa,Spa,Da Nang,https://www.tripadvisor.com.vn/Attraction_Review-g298085-d16917140-Reviews-Izumi_Spa-Da_Nang.html,385,tripadvisor_vn
Emotion Spa Danang,Spa,Da Nang,https://www.tripadvisor.com.vn/Attraction_Review-g298085-d19389889-Reviews-Emotion_Spa_Danang-Da_Nang.html,386,tripadvisor_vn
Easy Golf Da Nang,Sân golf mini,Da Nang,https://www.tripadvisor.com.vn/Attraction_Review-g298085-d27466126-Reviews-Easy_Golf_Da_Nang-Da_Nang.html,387,tripadvisor_vn
Thương Ta Spa,Spa,Da Nang,https://www.tripadvisor.com.vn/Attraction_Review-g298085-d34056775-Reviews-Thuong_Ta_Spa-Da_Nang.html,388,tripadvisor_vn
Relaxanh Wellness Spa Da Nang,Spa,Da Nang,https://www.tripadvisor.com.vn/Attraction_Review-g298085-d27139892-Reviews-Relaxanh_Wellness_Spa_Hoi_An_Garden-Da_Nang.html,389,tripadvisor_vn
Gold Spa,Spa,Da Nang,https://www.tripadvisor.com.vn/Attraction_Review-g17786366-d19430557-Reviews-Gold_Spa-Son_Tra_Peninsula_Da_Nang.html,390,tripadvisor_vn
Hoan kim 2 Spa,Spa,Da Nang,https://www.tripadvisor.com.vn/Attraction_Review-g298085-d33932152-Reviews-Hoan_kim_2_Spa-Da_Nang.html,391,tripadvisor_vn
Trang Mi Lashes & Brow,Spa,Da Nang,https://www.tripadvisor.com.vn/Attraction_Review-g298085-d33267880-Reviews-Trang_Mi_Lashes_Brow-Da_Nang.html,392,tripadvisor_vn
Naomi Spa,Spa,Da Nang,https://www.tripadvisor.com.vn/Attraction_Review-g298085-d12913207-Reviews-Naomi_Spa-Da_Nang.html,393,tripadvisor_vn
Spa & Cosmetic Miss Gia Han,Spa,Da Nang,https://www.tripadvisor.com.vn/Attraction_Review-g298085-d12940334-Reviews-Spa_Cosmetic_Miss_Gia_Han-Da_Nang.html,394,tripadvisor_vn
Danang Cheap Taxi,Taxi & xe đưa đón,Da Nang,https://www.tripadvisor.com.vn/Attraction_Review-g298085-d11725538-Reviews-Danang_Cheap_Taxi-Da_Nang.html,395,tripadvisor_vn
Indochina Riverside Mall,Cửa hàng đặc sản & cửa hàng quà tặng,Da Nang,https://www.tripadvisor.com.vn/Attraction_Review-g298085-d7246277-Reviews-Indochina_Riverside_Mall-Da_Nang.html,396,tripadvisor_vn
Vanda Spa,Spa,Da Nang,https://www.tripadvisor.com.vn/Attraction_Review-g298085-d12574936-Reviews-Vanda_Spa-Da_Nang.html,397,tripadvisor_vn
Flower Spa Da Nang,Spa,Da Nang,https://www.tripadvisor.com.vn/Attraction_Review-g298085-d15527956-Reviews-Flower_Spa_Da_Nang-Da_Nang.html,398,tripadvisor_vn
Heaven Spa,Spa,Da Nang,https://www.tripadvisor.com.vn/Attraction_Review-g298085-d26857971-Reviews-Heaven_Spa-Da_Nang.html,399,tripadvisor_vn
Pink Nail,Đang mở cửa,Da Nang,https://www.tripadvisor.com.vn/Attraction_Review-g298085-d25019593-Reviews-Pink_Nail-Da_Nang.html,400,tripadvisor_vn
Win Dread Barbershop,Đang mở cửa,Da Nang,https://www.tripadvisor.com.vn/Attraction_Review-g298085-d27681845-Reviews-Win_Dread_Barbershop-Da_Nang.html,401,tripadvisor_vn
Sense Spa,Spa,Da Nang,https://www.tripadvisor.com.vn/Attraction_Review-g298085-d6467601-Reviews-Sense_Spa-Da_Nang.html,402,tripadvisor_vn
Cool Spa - Đà Nẵng,Spa,Da Nang,https://www.tripadvisor.com.vn/Attraction_Review-g298085-d10844652-Reviews-Cool_Spa_Da_Nang-Da_Nang.html,403,tripadvisor_vn
VH Travel - Local Tours & Transportation,Dù kéo & dù lượn • Tour thăm quan thành phố,Da Nang,https://www.tripadvisor.com.vn/Attraction_Review-g298085-d25142480-Reviews-VH_Travel_Local_Tours_Transportation-Da_Nang.html,404,tripadvisor_vn
Trees Spa Da Nang,Spa,Da Nang,https://www.tripadvisor.com.vn/Attraction_Review-g19935676-d33318424-Reviews-Trees_Spa_Da_Nang-An_Hai_Bac_Son_Tra_Peninsula_Da_Nang.html,405,tripadvisor_vn
Lantern And Moth Tattoo Shop Da Nang,Cửa hàng đặc sản & cửa hàng quà tặng,Da Nang,https://www.tripadvisor.com.vn/Attraction_Review-g298085-d32728296-Reviews-Lantern_And_Moth_Tattoo_Shop_Da_Nang-Da_Nang.html,406,tripadvisor_vn
Quan Spa,Spa,Da Nang,https://www.tripadvisor.com.vn/Attraction_Review-g298085-d25551538-Reviews-Quan_Spa-Da_Nang.html,407,tripadvisor_vn
One Spa Da Nang,Spa,Da Nang,https://www.tripadvisor.com.vn/Attraction_Review-g298085-d14758464-Reviews-One_Spa_Da_Nang-Da_Nang.html,408,tripadvisor_vn
Liti Nail & Hair 8,Spa,Da Nang,https://www.tripadvisor.com.vn/Attraction_Review-g298085-d33217352-Reviews-Liti_Nail_Hair_8-Da_Nang.html,409,tripadvisor_vn
Ms Ao Dai Studio,Trường bắn,Da Nang,https://www.tripadvisor.com.vn/Attraction_Review-g298085-d25467188-Reviews-Ms_Ao_Dai_Studio-Da_Nang.html,410,tripadvisor_vn
Sarangbangspa,Spa,Da Nang,https://www.tripadvisor.com.vn/Attraction_Review-g298085-d28048597-Reviews-Sarangbangspa-Da_Nang.html,411,tripadvisor_vn
La Vila Spa,Spa,Da Nang,https://www.tripadvisor.com.vn/Attraction_Review-g298085-d12145857-Reviews-La_Vila_Spa-Da_Nang.html,412,tripadvisor_vn
Da Nang Aodai Ridertour,Tour thăm quan thành phố • Chuyến tham quan cảm giác mạnh & mạo hiểm,Da Nang,https://www.tripadvisor.com.vn/Attraction_Review-g298085-d12711652-Reviews-Da_Nang_Aodai_Ridertour-Da_Nang.html,413,tripadvisor_vn
Da Nang Scooter Adventures,Chuyến tham quan tư nhân • Chuyến tham quan tự nhiên & động vật hoang dã,Da Nang,https://www.tripadvisor.com.vn/Attraction_Review-g298085-d15279417-Reviews-Da_Nang_Scooter_Adventures-Da_Nang.html,414,tripadvisor_vn
Golden Bridge Bana Hills Tours,Chuyến tham quan nhiều ngày • Chuyến tham quan tư nhân,Da Nang,https://www.tripadvisor.com.vn/Attraction_Review-g298085-d17487683-Reviews-Golden_Bridge_Bana_Hills_Tours-Da_Nang.html,415,tripadvisor_vn
Quang Easyrider - Day Tours,Tour thăm quan thành phố • Chuyến tham quan bằng xe đạp,Da Nang,https://www.tripadvisor.com.vn/Attraction_Review-g298085-d8532493-Reviews-Quang_Easyrider_Day_Tours-Da_Nang.html,416,tripadvisor_vn
Man Nguyen Private Vietnam Tours,Tour thăm quan thành phố • Chuyến tham quan nhiều ngày,Da Nang,https://www.tripadvisor.com.vn/Attraction_Review-g298085-d7905767-Reviews-Man_Nguyen_Private_Vietnam_Tours-Da_Nang.html,417,tripadvisor_vn
Vietnam Eco-Tours,Chuyến tham quan sinh thái • Chuyến tham quan đi bộ & cắm trại,Da Nang,https://www.tripadvisor.com.vn/Attraction_Review-g298085-d8856670-Reviews-Vietnam_Eco_Tours-Da_Nang.html,418,tripadvisor_vn
Hoi An - Da Nang - Hue Private Day Tour,Chuyến tham quan văn hóa • Chuyến tham quan bằng xe đạp,Da Nang,https://www.tripadvisor.com.vn/Attraction_Review-g298085-d11729061-Reviews-Hoi_An_Da_Nang_Hue_Private_Day_Tour-Da_Nang.html,420,tripadvisor_vn
Pacific Boat Viet Nam,Lặn bằng bình khí & lặn bằng ống thở • Lướt ván & lái mô tô nước,Da Nang,https://www.tripadvisor.com.vn/Attraction_Review-g298085-d25004433-Reviews-Pacific_Boat_Viet_Nam-Da_Nang.html,421,tripadvisor_vn
Da Nang Food Tour,Tour thăm quan thành phố • Chuyến tham quan văn hóa,Da Nang,https://www.tripadvisor.com.vn/Attraction_Review-g298085-d4584802-Reviews-Da_Nang_Food_Tour-Da_Nang.html,422,tripadvisor_vn
Xuan Tu Tours,Tour thăm quan thành phố • Chuyến tham quan nhiều ngày,Da Nang,https://www.tripadvisor.com.vn/Attraction_Review-g298085-d6583086-Reviews-Xuan_Tu_Tours-Da_Nang.html,423,tripadvisor_vn
Real Easyrider - Day Tours,Chuyến tham quan ngắm cảnh,Da Nang,https://www.tripadvisor.com.vn/Attraction_Review-g298085-d5926737-Reviews-Real_Easyrider_Day_Tours-Da_Nang.html,424,tripadvisor_vn
Golden Rice Tours,Chuyến tham quan nhiều ngày • Chuyến tham quan văn hóa,Da Nang,https://www.tripadvisor.com.vn/Attraction_Review-g298085-d8855039-Reviews-Golden_Rice_Tours-Da_Nang.html,425,tripadvisor_vn
Da Nang Easy Riders,Chuyến tham quan văn hóa • Chuyến tham quan lịch sử & di sản,Da Nang,https://www.tripadvisor.com.vn/Attraction_Review-g298085-d10077795-Reviews-Da_Nang_Easy_Riders-Da_Nang.html,426,tripadvisor_vn
Dong Giang Heaven's Gate,Chuyến tham quan nhiều ngày • Chuyến tham quan văn hóa,Da Nang,https://www.tripadvisor.com.vn/Attraction_Review-g298085-d33326836-Reviews-Dong_Giang_Heaven_s_Gate-Da_Nang.html,427,tripadvisor_vn
Tientourist Danang,Tour thăm quan thành phố • Taxi & xe đưa đón,Da Nang,https://www.tripadvisor.com.vn/Attraction_Review-g298085-d16803264-Reviews-Tientourist_Danang-Da_Nang.html,428,tripadvisor_vn
Andy Da Nang Tours and Transfers,Chuyến tham quan nhiều ngày • Chuyến tham quan lịch sử & di sản,Da Nang,https://www.tripadvisor.com.vn/Attraction_Review-g298085-d11876159-Reviews-Andy_Da_Nang_Tours_and_Transfers-Da_Nang.html,429,tripadvisor_vn
Local Buddy Tours - Danang City,Chuyến tham quan nhiều ngày • Chuyến tham quan bằng xe đạp,Da Nang,https://www.tripadvisor.com.vn/Attraction_Review-g298085-d19906617-Reviews-Local_Buddy_Tours_Danang_City-Da_Nang.html,430,tripadvisor_vn
Easyrider Private Day Trips,Tour thăm quan thành phố • Chuyến tham quan bằng mô tô,Da Nang,https://www.tripadvisor.com.vn/Attraction_Review-g298085-d5556199-Reviews-Easyrider_Private_Day_Trips-Da_Nang.html,431,tripadvisor_vn
Easyrider Da Nang Motorbike Tour,Chuyến tham quan bằng mô tô,Da Nang,https://www.tripadvisor.com.vn/Attraction_Review-g298085-d4890007-Reviews-Easyrider_Da_Nang_Motorbike_Tour-Da_Nang.html,432,tripadvisor_vn
Da Nang-Hoi An Local Tours Signature by Hung Le Travel,Tour thăm quan thành phố • Chuyến tham quan văn hóa,Da Nang,https://www.tripadvisor.com.vn/Attraction_Review-g17786366-d19619467-Reviews-Da_Nang_Hoi_An_Local_Tours_Signature_by_Hung_Le_Travel-Son_Tra_Peninsula_Da_Na.html,433,tripadvisor_vn
Da Nang Private Car Rental,Tour thăm quan thành phố • Taxi & xe đưa đón,Da Nang,https://www.tripadvisor.com.vn/Attraction_Review-g298085-d25380805-Reviews-Da_Nang_Private_Car_Rental-Da_Nang.html,434,tripadvisor_vn
Danang Motorbike Adventure,Taxi & xe đưa đón • Chuyến tham quan bằng mô tô,Da Nang,https://www.tripadvisor.com.vn/Attraction_Review-g298085-d17604628-Reviews-Danang_Motorbike_Adventure-Da_Nang.html,435,tripadvisor_vn
Da Nang Home Cooking Class,Chuyến tham quan văn hóa • Chuyến tham quan sinh thái,Da Nang,https://www.tripadvisor.com.vn/Attraction_Review-g298085-d10623407-Reviews-Da_Nang_Home_Cooking_Class-Da_Nang.html,436,tripadvisor_vn
Truong Sa Tourist Vietnam DMC,"Tour thăm quan thành phố • Chuyến tham quan quán bar, câu lạc bộ & quán rượu",Da Nang,https://www.tripadvisor.com.vn/Attraction_Review-g298085-d18189861-Reviews-Truong_Sa_Tourist_Vietnam_DMC-Da_Nang.html,437,tripadvisor_vn
Motorbike Rental Da Nang,Tour thăm quan thành phố • Chuyến tham quan văn hóa,Da Nang,https://www.tripadvisor.com.vn/Attraction_Review-g298085-d24941142-Reviews-Motorbike_Rental_Da_Nang-Da_Nang.html,438,tripadvisor_vn
Da Nang Hoi An Waterfalls,Chuyến tham quan sinh thái • Chuyến tham quan đi bộ & cắm trại,Da Nang,https://www.tripadvisor.com.vn/Attraction_Review-g298085-d14086646-Reviews-Da_Nang_Hoi_An_Waterfalls-Da_Nang.html,439,tripadvisor_vn
Danang Amazing Trip Travel,Chuyến tham quan nhiều ngày • Taxi & xe đưa đón,Da Nang,https://www.tripadvisor.com.vn/Attraction_Review-g298085-d24973339-Reviews-Danang_Amazing_Trip_Travel-Da_Nang.html,440,tripadvisor_vn
Danang Summer Cooking Class,Buổi học & hội thảo • Chuyến tham quan cà phê & trà,Da Nang,https://www.tripadvisor.com.vn/Attraction_Review-g298085-d33055546-Reviews-Danang_Summer_Cooking_Class-Da_Nang.html,441,tripadvisor_vn
Danang Transfer,Taxi & xe đưa đón • Chuyến tham quan ngắm cảnh,Da Nang,https://www.tripadvisor.com.vn/Attraction_Review-g298085-d13921265-Reviews-Danang_Transfer-Da_Nang.html,442,tripadvisor_vn
Jeep Tours Da Nang Looking Glass Jeep Tours,"Chuyến tham quan bằng xe 4WD, ATV & xe địa hình • Chuyến tham quan ngắm cảnh",Da Nang,https://www.tripadvisor.com.vn/Attraction_Review-g298085-d2214750-Reviews-Jeep_Tours_Da_Nang_Looking_Glass_Jeep_Tours-Da_Nang.html,443,tripadvisor_vn
Buddy Private Tour,Tour thăm quan thành phố • Taxi & xe đưa đón,Da Nang,https://www.tripadvisor.com.vn/Attraction_Review-g298085-d17546791-Reviews-Buddy_Private_Tour-Da_Nang.html,444,tripadvisor_vn
Phu Minh Quang Travel,Chuyến tham quan nhiều ngày • Chuyến tham quan tư nhân,Da Nang,https://www.tripadvisor.com.vn/Attraction_Review-g298085-d25393415-Reviews-Phu_Minh_Quang_Travel-Da_Nang.html,445,tripadvisor_vn
Vietnam Shore Excursions,Tour thăm quan thành phố • Chuyến tham quan văn hóa,Da Nang,https://www.tripadvisor.com.vn/Attraction_Review-g298085-d8630974-Reviews-Vietnam_Shore_Excursions-Da_Nang.html,446,tripadvisor_vn
Premium Travel Vietnam,Tour thăm quan thành phố • Chuyến tham quan văn hóa,Da Nang,https://www.tripadvisor.com.vn/Attraction_Review-g298085-d12997047-Reviews-Premium_Travel_Vietnam-Da_Nang.html,447,tripadvisor_vn
다낭오드리네일앤스파,Buổi trình diễn & chuyến tham quan thời trang • Taxi & xe đưa đón,Da Nang,https://www.tripadvisor.com.vn/Attraction_Review-g298085-d26589310-Reviews-Da_Nang.html,448,tripadvisor_vn
My Easy Rider,Chuyến tham quan nhiều ngày • Chuyến tham quan bằng mô tô,Da Nang,https://www.tripadvisor.com.vn/Attraction_Review-g298085-d25237569-Reviews-My_Easy_Rider-Da_Nang.html,449,tripadvisor_vn
La Ban Tour,Tour thăm quan thành phố • Chuyến tham quan nhiều ngày,Da Nang,https://www.tripadvisor.com.vn/Attraction_Review-g298085-d17577280-Reviews-La_Ban_Tour-Da_Nang.html,450,tripadvisor_vn
Bui Travel,Chuyến tham quan nhiều ngày • Taxi & xe đưa đón,Da Nang,https://www.tripadvisor.com.vn/Attraction_Review-g298085-d27173949-Reviews-Bui_Travel-Da_Nang.html,451,tripadvisor_vn
WOWTRIP TRAVEL,Chuyến tham quan nhiều ngày • Taxi & xe đưa đón,Da Nang,https://www.tripadvisor.com.vn/Attraction_Review-g298085-d24050263-Reviews-WOWTRIP_TRAVEL-Da_Nang.html,452,tripadvisor_vn
The Best Easyrider,Chuyến tham quan bằng mô tô • Chuyến tham quan tư nhân,Da Nang,https://www.tripadvisor.com.vn/Attraction_Review-g298085-d5534261-Reviews-The_Best_Easyrider-Da_Nang.html,453,tripadvisor_vn
Da Nang Outdoor Adventures,Chuyến tham quan nhiều ngày • Lướt sóng & lướt ván buồm,Da Nang,https://www.tripadvisor.com.vn/Attraction_Review-g298085-d13279543-Reviews-Da_Nang_Outdoor_Adventures-Da_Nang.html,454,tripadvisor_vn
Danang Private Taxi,Tour thăm quan thành phố • Chuyến tham quan văn hóa,Da Nang,https://www.tripadvisor.com.vn/Attraction_Review-g298085-d8404074-Reviews-Danang_Private_Taxi-Da_Nang.html,455,tripadvisor_vn
"Next Continent: Wildlife, Photography, and Natural History Tours",Chuyến tham quan nhiều ngày • Chuyến tham quan đi dạo,Da Nang,https://www.tripadvisor.com.vn/Attraction_Review-g298085-d28913321-Reviews-Next_Continent_Wildlife_Photography_and_Natural_History_Tours-Da_Nang.html,456,tripadvisor_vn
FishingFeel,Chuyến tham quan bằng thuyền • Thuê thuyền câu cá & tham quan,Da Nang,https://www.tripadvisor.com.vn/Attraction_Review-g298085-d10902473-Reviews-FishingFeel-Da_Nang.html,457,tripadvisor_vn
Hoi An Scooter Adventures,Chuyến tham quan nhiều ngày • Taxi & xe đưa đón,Da Nang,https://www.tripadvisor.com.vn/Attraction_Review-g298085-d20233740-Reviews-Hoi_An_Scooter_Adventures-Da_Nang.html,458,tripadvisor_vn
Vietnam Motorbike Tours - Bao Easyrider,Chuyến tham quan nhiều ngày • Chuyến tham quan bằng mô tô,Da Nang,https://www.tripadvisor.com.vn/Attraction_Review-g298085-d6615602-Reviews-Vietnam_Motorbike_Tours_Bao_Easyrider-Da_Nang.html,459,tripadvisor_vn
May Healing Spa,Taxi & xe đưa đón • Chuyến tham quan ban đêm,Da Nang,https://www.tripadvisor.com.vn/Attraction_Review-g298085-d25948324-Reviews-May_Healing_Spa-Da_Nang.html,460,tripadvisor_vn
EmoAsia Travel,Chuyến tham quan văn hóa • Chuyến tham quan ngắm cảnh,Da Nang,https://www.tripadvisor.com.vn/Attraction_Review-g298085-d30112491-Reviews-EmoAsia_Travel-Da_Nang.html,461,tripadvisor_vn
Sanna Tour JSC,Chuyến tham quan nhiều ngày • Chuyến tham quan cảm giác mạnh & mạo hiểm,Da Nang,https://www.tripadvisor.com.vn/Attraction_Review-g298085-d26848515-Reviews-Sanna_Tour_JSC-Da_Nang.html,462,tripadvisor_vn
Ba Na Hills Daily Tours,Tour thăm quan thành phố • Chuyến tham quan lịch sử & di sản,Da Nang,https://www.tripadvisor.com.vn/Attraction_Review-g298085-d12945591-Reviews-Ba_Na_Hills_Daily_Tours-Da_Nang.html,463,tripadvisor_vn
Việt Nam TravelMart,Tour thăm quan thành phố • Chuyến tham quan nhiều ngày,Da Nang,https://www.tripadvisor.com.vn/Attraction_Review-g298085-d8563989-Reviews-Vietnam_TravelMART-Da_Nang.html,464,tripadvisor_vn
Happy Holiday Travel - Viet Nam,Chuyến tham quan nhiều ngày • Taxi & xe đưa đón,Da Nang,https://www.tripadvisor.com.vn/Attraction_Review-g298085-d26696555-Reviews-Happy_Holiday_Travel_Viet_Nam-Da_Nang.html,465,tripadvisor_vn
BeeBikeHub - Bike Tours and Bike Rentals,Chuyến tham quan bằng xe đạp • Cho thuê tiện ích,Da Nang,https://www.tripadvisor.com.vn/Attraction_Review-g298085-d28140050-Reviews-BeeBikeHub_Bike_Tours_and_Bike_Rentals-Da_Nang.html,466,tripadvisor_vn
Skyture paragliding,Dù kéo & dù lượn,Da Nang,https://www.tripadvisor.com.vn/Attraction_Review-g17786366-d27169823-Reviews-Skyture_paragliding-Son_Tra_Peninsula_Da_Nang.html,467,tripadvisor_vn
Du lịch Đà Nẵng Xanh,Chuyến tham quan nhiều ngày • Chuyến tham quan văn hóa,Da Nang,https://www.tripadvisor.com.vn/Attraction_Review-g298085-d15588293-Reviews-Danang_Green_Travel-Da_Nang.html,468,tripadvisor_vn
Path Biker Cycling Adventures,Tour thăm quan thành phố • Chuyến tham quan văn hóa,Da Nang,https://www.tripadvisor.com.vn/Attraction_Review-g298085-d2519617-Reviews-Path_Biker_Cycling_Adventures-Da_Nang.html,469,tripadvisor_vn
Tommy Shore Excursions,Chuyến tham quan văn hóa • Chuyến tham quan lịch sử & di sản,Da Nang,https://www.tripadvisor.com.vn/Attraction_Review-g298085-d15612726-Reviews-Tommy_Shore_Excursions-Da_Nang.html,470,tripadvisor_vn
Happy Holiday Private Tours,Tour thăm quan thành phố • Chuyến tham quan nhiều ngày,Da Nang,https://www.tripadvisor.com.vn/Attraction_Review-g298085-d18936559-Reviews-Happy_Holiday_Private_Tours-Da_Nang.html,471,tripadvisor_vn
Son Tra Monkey Tours Private,Vườn thú Safari • Chuyến tham quan đi bộ & cắm trại,Da Nang,https://www.tripadvisor.com.vn/Attraction_Review-g15339118-d25302539-Reviews-Son_Tra_Monkey_Tours_Private-Tho_Quang_Son_Tra_Peninsula_Da_Nang.html,472,tripadvisor_vn
Danang Cooking Tour,Chuyến tham quan ngắm cảnh • Lớp nấu ăn,Da Nang,https://www.tripadvisor.com.vn/Attraction_Review-g298085-d15698255-Reviews-Danang_Cooking_Tour-Da_Nang.html,473,tripadvisor_vn
Da Nang Free Walking Tour,Tour thăm quan thành phố • Chuyến tham quan đi dạo,Da Nang,https://www.tripadvisor.com.vn/Attraction_Review-g298085-d11949997-Reviews-Da_Nang_Free_Walking_Tour-Da_Nang.html,474,tripadvisor_vn
Vietnam Easy Rider,Tour thăm quan thành phố • Chuyến tham quan nhiều ngày,Da Nang,https://www.tripadvisor.com.vn/Attraction_Review-g298085-d2486106-Reviews-Vietnam_Easy_Rider-Da_Nang.html,476,tripadvisor_vn
Funtastic Danang Food Tour,Chuyến tham quan văn hóa • Chuyến tham quan ẩm thực,Da Nang,https://www.tripadvisor.com.vn/Attraction_Review-g298085-d6612086-Reviews-Funtastic_Danang_Food_Tour-Da_Nang.html,477,tripadvisor_vn
Viet Nam Travel Bus,Taxi & xe đưa đón • Chuyến tham quan tự hướng dẫn & cho thuê,Da Nang,https://www.tripadvisor.com.vn/Attraction_Review-g298085-d24826354-Reviews-Viet_Nam_Travel_Bus-Da_Nang.html,478,tripadvisor_vn
Đà Nẵng Airport Transfer,Tour thăm quan thành phố • Chuyến tham quan văn hóa,Da Nang,https://www.tripadvisor.com.vn/Attraction_Review-g298085-d12171155-Reviews-Danang_Airport_Transfer-Da_Nang.html,480,tripadvisor_vn
Vietnam in Focus,Chuyến tham quan chụp ảnh • Chuyến đi trong ngày,Da Nang,https://www.tripadvisor.com.vn/Attraction_Review-g298085-d27517027-Reviews-Vietnam_in_Focus-Da_Nang.html,481,tripadvisor_vn
VEI Travel,Tour thăm quan thành phố • Chuyến tham quan nhiều ngày,Da Nang,https://www.tripadvisor.com.vn/Attraction_Review-g298085-d8366334-Reviews-VEI_Travel-Da_Nang.html,483,tripadvisor_vn
Luke Nguyen Tours & Travel,Tour thăm quan thành phố • Chuyến tham quan văn hóa,Da Nang,https://www.tripadvisor.com.vn/Attraction_Review-g298085-d15275823-Reviews-Lucky_Buddy_Travel-Da_Nang.html,484,tripadvisor_vn
LIX AD Hair Salon Da Nang,Spa,Da Nang,https://www.tripadvisor.com.vn/Attraction_Review-g298085-d34438294-Reviews-LIX_AD_hair_design-Da_Nang.html,485,tripadvisor_vn
Whoo Spa Da Nang,Spa • Spa nước nóng,Da Nang,https://www.tripadvisor.com.vn/Attraction_Review-g298085-d23962154-Reviews-Whoo_Spa_Da_Nang-Da_Nang.html,487,tripadvisor_vn
Da Nang Visa Support & Fast Track Service,Taxi & xe đưa đón,Da Nang,https://www.tripadvisor.com.vn/Attraction_Review-g298085-d34392735-Reviews-Da_Nang_Visa_Support_Fast_Track_Service-Da_Nang.html,489,tripadvisor_vn
Annie Babysitter Da Nang & Hoi An | Trusted Nanny,Chuyến tham quan tư nhân,Da Nang,https://www.tripadvisor.com.vn/Attraction_Review-g298085-d34409651-Reviews-Annie_Trusted_Babysitter_Hoi_An_Da_Nang-Da_Nang.html,492,tripadvisor_vn
GoGolfVietnam,Chuyến tham quan tư nhân • Chuyến đi trong ngày,Da Nang,https://www.tripadvisor.com.vn/Attraction_Review-g298085-d34306019-Reviews-GoGolfVietnam-Da_Nang.html,493,tripadvisor_vn
SecretEATS Da Nang,"Chuyến tham quan quán bar, câu lạc bộ & quán rượu • Chuyến tham quan ban đêm",Da Nang,https://www.tripadvisor.com.vn/Attraction_Review-g298085-d33444366-Reviews-SecretEATS_Da_Nang-Da_Nang.html,494,tripadvisor_vn
Levenin Spa Danang,Spa,Da Nang,https://www.tripadvisor.com.vn/Attraction_Review-g298085-d25133671-Reviews-Levenin_Spa_Danang-Da_Nang.html,498,tripadvisor_vn
Jeep Tour Viet Nam,"Chuyến tham quan bằng xe 4WD, ATV & xe địa hình • Chuyến tham quan ngắm cảnh",Da Nang,https://www.tripadvisor.com.vn/Attraction_Review-g298085-d15759620-Reviews-Jeep_Tour_Viet_Nam-Da_Nang.html,499,tripadvisor_vn
Cat Viet Travel&media,Tour thăm quan thành phố • Chuyến tham quan văn hóa,Da Nang,https://www.tripadvisor.com.vn/Attraction_Review-g298085-d27981503-Reviews-Cat_Viet_Travel-Da_Nang.html,501,tripadvisor_vn
Viet Golfie - Vietnam Golf Tours,Taxi & xe đưa đón • Chuyến tham quan tư nhân,Da Nang,https://www.tripadvisor.com.vn/Attraction_Review-g298085-d33871698-Reviews-Viet_Golfie_Vietnam_Golf_Tours-Da_Nang.html,503,tripadvisor_vn
Hoi An - Da Nang Private Tours,Tour thăm quan thành phố • Chuyến tham quan nhiều ngày,Da Nang,https://www.tripadvisor.com.vn/Attraction_Review-g19779171-d20074581-Reviews-Hoi_An_Da_Nang_Private_Tours-Phuoc_My_Son_Tra_Peninsula_Da_Nang.html,506,tripadvisor_vn
ARIA SPA,Spa,Da Nang,https://www.tripadvisor.com.vn/Attraction_Review-g298085-d34372439-Reviews-ARIA_SPA-Da_Nang.html,508,tripadvisor_vn
Da Nang Eco Tours,Chuyến tham quan bằng thuyền • Chuyến tham quan đi dạo,Da Nang,https://www.tripadvisor.com.vn/Attraction_Review-g298085-d33060881-Reviews-Da_Nang_Eco_Tours-Da_Nang.html,510,tripadvisor_vn
Dahavi Tour,Taxi & xe đưa đón • Cho thuê tiện ích,Da Nang,https://www.tripadvisor.com.vn/Attraction_Review-g298085-d33969050-Reviews-Dahavi_Tour-Da_Nang.html,512,tripadvisor_vn
MOJO Massage Da Nang,Spa,Da Nang,https://www.tripadvisor.com.vn/Attraction_Review-g298085-d26321782-Reviews-MOJO_Massage_Da_Nang-Da_Nang.html,513,tripadvisor_vn
GG41 Vietnam company,Taxi & xe đưa đón,Da Nang,https://www.tripadvisor.com.vn/Attraction_Review-g298085-d33877557-Reviews-GG41_Vietnam_company-Da_Nang.html,515,tripadvisor_vn
Zenith Spa Danang,Spa,Da Nang,https://www.tripadvisor.com.vn/Attraction_Review-g298085-d28135803-Reviews-Zenith_Spa_Danang-Da_Nang.html,516,tripadvisor_vn
Missha Spa,Spa,Da Nang,https://www.tripadvisor.com.vn/Attraction_Review-g15296807-d33322904-Reviews-Missha_Spa-My_An_Da_Nang.html,520,tripadvisor_vn
"Ana Spa Massage Da Nang - Hair Wash, Nail",Spa,Da Nang,https://www.tripadvisor.com.vn/Attraction_Review-g298085-d34538749-Reviews-Ana_Spa_Massage_Da_Nang_Hair_Wash_Nail-Da_Nang.html,521,tripadvisor_vn
Spatime Danang,Spa,Da Nang,https://www.tripadvisor.com.vn/Attraction_Review-g298085-d34572220-Reviews-Spatime_Danang-Da_Nang.html,522,tripadvisor_vn
Snus Da Nang - Fika Pouches,Cửa hàng đặc sản & cửa hàng quà tặng • Quầy bar Blues,Da Nang,https://www.tripadvisor.com.vn/Attraction_Review-g298085-d34570181-Reviews-Snus_Da_Nang_Fika_Pouches-Da_Nang.html,526,tripadvisor_vn
Phúc Ân Beauty Spa,Spa,Da Nang,https://www.tripadvisor.com.vn/Attraction_Review-g298085-d14140792-Reviews-Phuc_An_Beauty_Spa-Da_Nang.html,527,tripadvisor_vn
Maika Tours - Da Nang,Tour thăm quan thành phố • Chuyến tham quan nhiều ngày,Da Nang,https://www.tripadvisor.com.vn/Attraction_Review-g298085-d25427717-Reviews-Maika_Tours_Da_Nang-Da_Nang.html,528,tripadvisor_vn
Traveling Spoon,Lớp nấu ăn • Chuyến tham quan ẩm thực,Da Nang,https://www.tripadvisor.com.vn/Attraction_Review-g298085-d12565262-Reviews-Traveling_Spoon-Da_Nang.html,530,tripadvisor_vn
Scooter Rental Da Nang - DanangBike,Cho thuê tiện ích • Chuyến tham quan tự hướng dẫn & cho thuê,Da Nang,https://www.tripadvisor.com.vn/Attraction_Review-g298085-d34112114-Reviews-Scooter_Rental_Da_Nang_DanangBike-Da_Nang.html,532,tripadvisor_vn
Herbal Salon uruan,Spa,Da Nang,https://www.tripadvisor.com.vn/Attraction_Review-g298085-d34348321-Reviews-Herbal_Salon_uruan-Da_Nang.html,534,tripadvisor_vn
Aphrodite,Chuyến tham quan bằng thuyền,Da Nang,https://www.tripadvisor.com.vn/Attraction_Review-g15339118-d26308774-Reviews-Aphrodite-Tho_Quang_Son_Tra_Peninsula_Da_Nang.html,536,tripadvisor_vn
Ball & Bee's Home,Cửa hàng đặc sản & cửa hàng quà tặng,Da Nang,https://www.tripadvisor.com.vn/Attraction_Review-g298085-d17642753-Reviews-Ball_Bee_s_Home-Da_Nang.html,538,tripadvisor_vn
Webe Cofffee,Chuyến tham quan cà phê & trà,Da Nang,https://www.tripadvisor.com.vn/Attraction_Review-g298085-d34261473-Reviews-Webe_Cofffee-Da_Nang.html,539,tripadvisor_vn
Da Nang Local Tour,Lớp nấu ăn • Chuyến tham quan ẩm thực,Da Nang,https://www.tripadvisor.com.vn/Attraction_Review-g298085-d27127573-Reviews-Da_Nang_Local_Tour-Da_Nang.html,540,tripadvisor_vn
Authentic Vietnam by Natalie,Tour thăm quan thành phố • Chuyến tham quan nhiều ngày,Da Nang,https://www.tripadvisor.com.vn/Attraction_Review-g298085-d33368695-Reviews-Authentic_Vietnam_by_Natalie-Da_Nang.html,542,tripadvisor_vn
U Spa & Kombucha,Spa,Da Nang,https://www.tripadvisor.com.vn/Attraction_Review-g298085-d24108710-Reviews-U_Spa_Kombucha-Da_Nang.html,543,tripadvisor_vn
Mtoitravel Da Nang,Taxi & xe đưa đón • Chuyến tham quan tư nhân,Da Nang,https://www.tripadvisor.com.vn/Attraction_Review-g298085-d25466020-Reviews-Mtoitravel_Da_Nang-Da_Nang.html,544,tripadvisor_vn
Kyoto Đà Nẵng,Quán bar & câu lạc bộ,Da Nang,https://www.tripadvisor.com.vn/Attraction_Review-g298085-d25305222-Reviews-Kyoto_Da_N_ng-Da_Nang.html,545,tripadvisor_vn
Go Central Vietnam Tours and Transfers,Chuyến tham quan nhiều ngày • Chuyến tham quan văn hóa,Da Nang,https://www.tripadvisor.com.vn/Attraction_Review-g298085-d34000021-Reviews-Go_Central_Vietnam_Tours_and_Transfers-Da_Nang.html,547,tripadvisor_vn
SuSu Garden Spa,Spa,Da Nang,https://www.tripadvisor.com.vn/Attraction_Review-g298085-d17423681-Reviews-SuSu_Garden_Spa-Da_Nang.html,548,tripadvisor_vn
Thera Spa & Massage Da Nang,Spa,Da Nang,https://www.tripadvisor.com.vn/Attraction_Review-g298085-d34145852-Reviews-Thera_Spa_Massage-Da_Nang.html,549,tripadvisor_vn
Go Surfing,Trung tâm & trại thể thao • Lướt sóng & lướt ván buồm,Da Nang,https://www.tripadvisor.com.vn/Attraction_Review-g298085-d23895706-Reviews-Go_Surfing-Da_Nang.html,550,tripadvisor_vn
Vn Bike Tour Central Vietnam,Chuyến tham quan nhiều ngày • Taxi & xe đưa đón,Da Nang,https://www.tripadvisor.com.vn/Attraction_Review-g298085-d33963623-Reviews-Vn_Bike_Tour_Central_Vietnam-Da_Nang.html,551,tripadvisor_vn
Hue - Da Nang - Hoi An with Lee's Easyriders Guider Motorbike,Chuyến tham quan bằng mô tô,Da Nang,https://www.tripadvisor.com.vn/Attraction_Review-g17786366-d26632155-Reviews-Hue_Da_Nang_Hoi_An_with_Lee_s_Easyriders_Guider_Motorbike-Son_Tra_Peninsula_Da.html,552,tripadvisor_vn
N'healthy Spa,Spa,Da Nang,https://www.tripadvisor.com.vn/Attraction_Review-g298085-d28109132-Reviews-N_healthy_Spa-Da_Nang.html,554,tripadvisor_vn
Danang Private Car by Jason,Tour thăm quan thành phố • Chuyến tham quan bằng xe buýt du lịch,Da Nang,https://www.tripadvisor.com.vn/Attraction_Review-g298085-d34276828-Reviews-Danang_Private_Car_by_Jason-Da_Nang.html,556,tripadvisor_vn
On2wheels Danang Motorbike,Cho thuê tiện ích,Da Nang,https://www.tripadvisor.com.vn/Attraction_Review-g298085-d14109027-Reviews-On2wheels_Danang_Motorbike-Da_Nang.html,559,tripadvisor_vn
Liti Nail & Hair 6,Spa • Spa nước nóng,Da Nang,https://www.tripadvisor.com.vn/Attraction_Review-g27704560-d33217343-Reviews-Liti_Nail_Hair_6-Ngu_Hanh_Son_Da_Nang.html,560,tripadvisor_vn
ĐÊM Speakeasy Cocktail Bar,Quán bar & câu lạc bộ,Da Nang,https://www.tripadvisor.com.vn/Attraction_Review-g298085-d34429014-Reviews-DEM_Speakeasy_Cocktail_Bar-Da_Nang.html,561,tripadvisor_vn
Mộc Lan Spa,Spa,Da Nang,https://www.tripadvisor.com.vn/Attraction_Review-g298085-d15880070-Reviews-Rora_Spa-Da_Nang.html,562,tripadvisor_vn
Sofia Spa Da Nang,Spa,Da Nang,https://www.tripadvisor.com.vn/Attraction_Review-g298085-d15090792-Reviews-Sofia_Spa_Da_Nang-Da_Nang.html,564,tripadvisor_vn
Miami Spa,Spa,Da Nang,https://www.tripadvisor.com.vn/Attraction_Review-g298085-d10031254-Reviews-Miami_Spa-Da_Nang.html,565,tripadvisor_vn
SImple Man Coffee Bar,"Chuyến tham quan quán bar, câu lạc bộ & quán rượu",Da Nang,https://www.tripadvisor.com.vn/Attraction_Review-g298085-d8316839-Reviews-SImple_Man_Coffee_Bar-Da_Nang.html,566,tripadvisor_vn
Mindfulness meditation retreats in Hoi An - Da Nang,Chuyến đi trong ngày,Da Nang,https://www.tripadvisor.com.vn/Attraction_Review-g298085-d32704037-Reviews-Mindfulness_meditation_retreats_in_Hoi_An_Da_Nang-Da_Nang.html,567,tripadvisor_vn
Reborn Nails & Retreat,Spa,Da Nang,https://www.tripadvisor.com.vn/Attraction_Review-g298085-d34389993-Reviews-Reborn_Nails_Retreat-Da_Nang.html,568,tripadvisor_vn
"Xanh 43 - Electric Motorbike Rental, Danang",Cho thuê tiện ích,Da Nang,https://www.tripadvisor.com.vn/Attraction_Review-g27704560-d28010983-Reviews-Xanh_43_Electric_Motorbike_Rental_Danang-Ngu_Hanh_Son_Da_Nang.html,569,tripadvisor_vn
Daily Spa,Spa,Da Nang,https://www.tripadvisor.com.vn/Attraction_Review-g298085-d25093420-Reviews-Daily_Spa-Da_Nang.html,571,tripadvisor_vn
Another World Danang,Trò chơi giải thoát • Trung tâm trò chơi & giải trí,Da Nang,https://www.tripadvisor.com.vn/Attraction_Review-g298085-d34286562-Reviews-Another_World_Danang-Da_Nang.html,572,tripadvisor_vn
Danang Karaoke The 9,Quầy bar karaoke,Da Nang,https://www.tripadvisor.com.vn/Attraction_Review-g298085-d34388798-Reviews-Danang_Karaoke_The_9-Da_Nang.html,573,tripadvisor_vn
Tours By Locals in Da Nang & Hoi An City,Tour thăm quan thành phố • Chuyến tham quan nhiều ngày,Da Nang,https://www.tripadvisor.com.vn/Attraction_Review-g15339118-d19622692-Reviews-Tours_By_Locals_in_Da_Nang_Hoi_An_City-Tho_Quang_Son_Tra_Peninsula_Da_Nang.html,574,tripadvisor_vn
Nhà Mình - Singing Bowls & Buddhist Meditation Supplies,Cửa hàng đặc sản & cửa hàng quà tặng,Da Nang,https://www.tripadvisor.com.vn/Attraction_Review-g298085-d34313023-Reviews-Nha_Minh_Singing_Bowls_Buddhist_Meditation_Supplies-Da_Nang.html,575,tripadvisor_vn
Hoi An Lantern Workshop,Chuyến tham quan văn hóa • Chuyến tham quan lịch sử & di sản,Da Nang,https://www.tripadvisor.com.vn/Attraction_Review-g298085-d34321461-Reviews-Hoi_An_Lantern_Workshop-Da_Nang.html,576,tripadvisor_vn
Kimflare Spa,Spa • Spa nước nóng,Da Nang,https://www.tripadvisor.com.vn/Attraction_Review-g298085-d34080311-Reviews-Kimflare_Spa-Da_Nang.html,578,tripadvisor_vn
Joy Spa,Spa,Da Nang,https://www.tripadvisor.com.vn/Attraction_Review-g298085-d28145527-Reviews-Joy_Spa-Da_Nang.html,580,tripadvisor_vn
Bách Nam - Spa Đông Y Đà Nẵng,Spa,Da Nang,https://www.tripadvisor.com.vn/Attraction_Review-g21402535-d28205923-Reviews-Bach_Nam_Spa_Dong_Y_Da_N_ng-Thanh_Khe_Da_Nang.html,581,tripadvisor_vn
Lá Sen Spa,Spa,Da Nang,https://www.tripadvisor.com.vn/Attraction_Review-g298085-d14996717-Reviews-La_Sen_Spa-Da_Nang.html,582,tripadvisor_vn
Vyou Travel Co Ltd.,"Chuyến tham quan nhiều ngày • Chuyến tham quan bằng xe 4WD, ATV & xe địa hình",Da Nang,https://www.tripadvisor.com.vn/Attraction_Review-g25231262-d26528378-Reviews-Vyou_Travel_Co_Ltd-Hai_Chau_Da_Nang.html,583,tripadvisor_vn
Dưỡng Sinh Home Spa & Clinic,Spa,Da Nang,https://www.tripadvisor.com.vn/Attraction_Review-g298085-d28133594-Reviews-Du_ng_Sinh_Home_Spa_Clinic-Da_Nang.html,584,tripadvisor_vn
Lael Spa,Spa,Da Nang,https://www.tripadvisor.com.vn/Attraction_Review-g298085-d12968798-Reviews-Lael_Spa-Da_Nang.html,586,tripadvisor_vn
Kirara Bar & Lounge,Quán bar & câu lạc bộ,Da Nang,https://www.tripadvisor.com.vn/Attraction_Review-g17786366-d19254864-Reviews-Kirara_Bar_Lounge-Son_Tra_Peninsula_Da_Nang.html,588,tripadvisor_vn
Han River Dragon Cruise by YATCH,"Chuyến tham quan quán bar, câu lạc bộ & quán rượu • Chuyến tham quan cảm giác mạnh & mạo hiểm",Da Nang,https://www.tripadvisor.com.vn/Attraction_Review-g15296807-d19512932-Reviews-Han_River_Dragon_Cruise_by_YATCH-My_An_Da_Nang.html,590,tripadvisor_vn
Xuan Spa Boutique,Spa,Da Nang,https://www.tripadvisor.com.vn/Attraction_Review-g298085-d16731366-Reviews-Xuan_Spa_Boutique-Da_Nang.html,592,tripadvisor_vn
Vietnam Tours BN – Day Tours,Tour thăm quan thành phố • Chuyến tham quan văn hóa,Da Nang,https://www.tripadvisor.com.vn/Attraction_Review-g298085-d8861408-Reviews-Vietnam_Tours_BN_Day_Tours-Da_Nang.html,594,tripadvisor_vn
Woods Spa,Spa,Da Nang,https://www.tripadvisor.com.vn/Attraction_Review-g298085-d27500656-Reviews-Woods_Spa-Da_Nang.html,596,tripadvisor_vn
Shore Excursions Asia,Chuyến tham quan bằng thuyền,Da Nang,https://www.tripadvisor.com.vn/Attraction_Review-g298085-d10813384-Reviews-Shore_Excursions_Asia-Da_Nang.html,597,tripadvisor_vn
Trangtours - 壮观旅游,Tour thăm quan thành phố • Chuyến tham quan nhiều ngày,Da Nang,https://www.tripadvisor.com.vn/Attraction_Review-g17786366-d34087901-Reviews-Trangtours-Son_Tra_Peninsula_Da_Nang.html,598,tripadvisor_vn
Holiday Da Nang,Chuyến tham quan nhiều ngày • Chuyến tham quan tư nhân,Da Nang,https://www.tripadvisor.com.vn/Attraction_Review-g298085-d32723543-Reviews-Holiday_Da_Nang-Da_Nang.html,599,tripadvisor_vn
Happy Skin Đà Nẵng,Spa,Da Nang,https://www.tripadvisor.com.vn/Attraction_Review-g298085-d27022029-Reviews-Happy_Skin_Da_N_ng-Da_Nang.html,600,tripadvisor_vn
War Remnants Museum,Viện bảo tàng lịch sử,Ho Chi Minh City,https://www.tripadvisor.com.vn/Attraction_Review-g293925-d311103-Reviews-War_Remnants_Museum-Ho_Chi_Minh_City.html,1,tripadvisor_vn
Cu Chi Tunnels,Điểm thu hút khách tham quan & thắng cảnh,Ho Chi Minh City,https://www.tripadvisor.com.vn/Attraction_Review-g293925-d2005826-Reviews-Cu_Chi_Tunnels-Ho_Chi_Minh_City.html,2,tripadvisor_vn
Chợ Bến Thành,Chợ trời & chợ đường phố,Ho Chi Minh City,https://www.tripadvisor.com.vn/Attraction_Review-g293925-d311087-Reviews-Ben_Thanh_Market-Ho_Chi_Minh_City.html,3,tripadvisor_vn
À Ố Show - Lune Production,Rạp hát,Ho Chi Minh City,https://www.tripadvisor.com.vn/Attraction_Review-g293925-d4542125-Reviews-A_O_Show_Lune_Production-Ho_Chi_Minh_City.html,4,tripadvisor_vn
Bưu điện trung tâm Sài Gòn,Tòa nhà kiến trúc • Tòa nhà chính phủ,Ho Chi Minh City,https://www.tripadvisor.com.vn/Attraction_Review-g293925-d311089-Reviews-Saigon_Central_Post_Office-Ho_Chi_Minh_City.html,5,tripadvisor_vn
Tháp Tài Chính Bitexco,Điểm thu hút khách tham quan & thắng cảnh • Đài & tháp quan sát,Ho Chi Minh City,https://www.tripadvisor.com.vn/Attraction_Review-g293925-d2037764-Reviews-Bitexco_Financial_Tower-Ho_Chi_Minh_City.html,6,tripadvisor_vn
Club V E-Gaming,Sòng bạc • Trung tâm trò chơi & giải trí,Ho Chi Minh City,https://www.tripadvisor.com.vn/Attraction_Review-g293925-d14051467-Reviews-Club_V_E_Gaming-Ho_Chi_Minh_City.html,7,tripadvisor_vn
Dinh Độc Lập,Địa điểm lịch sử • Tòa nhà kiến trúc,Ho Chi Minh City,https://www.tripadvisor.com.vn/Attraction_Review-g293925-d317890-Reviews-The_Independence_Palace-Ho_Chi_Minh_City.html,8,tripadvisor_vn
Đường Bùi Viện,Điểm thu hút khách tham quan & thắng cảnh,Ho Chi Minh City,https://www.tripadvisor.com.vn/Attraction_Review-g293925-d5505885-Reviews-Bui_Vien_Street-Ho_Chi_Minh_City.html,9,tripadvisor_vn
Ben Nghe Street Food,Chợ trời & chợ đường phố,Ho Chi Minh City,https://www.tripadvisor.com.vn/Attraction_Review-g293925-d10005057-Reviews-Ben_Nghe_Street_Food-Ho_Chi_Minh_City.html,10,tripadvisor_vn
Sai Gon Square,Trung tâm mua sắm,Ho Chi Minh City,https://www.tripadvisor.com.vn/Attraction_Review-g293925-d2475475-Reviews-Sai_Gon_Square-Ho_Chi_Minh_City.html,11,tripadvisor_vn
Vegas E-gaming Club,Sòng bạc • Trung tâm trò chơi & giải trí,Ho Chi Minh City,https://www.tripadvisor.com.vn/Attraction_Review-g293925-d15292553-Reviews-Vegas_E_gaming_Club-Ho_Chi_Minh_City.html,12,tripadvisor_vn
Nhà thờ Đức Bà Sài Gòn,Nhà thờ & nhà thờ lớn,Ho Chi Minh City,https://www.tripadvisor.com.vn/Attraction_Review-g293925-d317896-Reviews-Notre_Dame_Cathedral_of_Saigon-Ho_Chi_Minh_City.html,13,tripadvisor_vn
Phố đi bộ Nguyễn Huệ,Điểm thu hút khách tham quan & thắng cảnh,Ho Chi Minh City,https://www.tripadvisor.com.vn/Attraction_Review-g293925-d8290115-Reviews-Nguyen_Hue_Street-Ho_Chi_Minh_City.html,14,tripadvisor_vn
Nhà hát Thành Phố Hồ Chí Minh,Rạp hát,Ho Chi Minh City,https://www.tripadvisor.com.vn/Attraction_Review-g293925-d454974-Reviews-Saigon_Opera_House_Ho_Chi_Minh_Municipal_Theater-Ho_Chi_Minh_City.html,15,tripadvisor_vn
Saigon Centre,Trung tâm mua sắm,Ho Chi Minh City,https://www.tripadvisor.com.vn/Attraction_Review-g293925-d4552853-Reviews-Saigon_Centre-Ho_Chi_Minh_City.html,16,tripadvisor_vn
Quảng trường Hồ Chí Minh,Điểm thu hút khách tham quan & thắng cảnh,Ho Chi Minh City,https://www.tripadvisor.com.vn/Attraction_Review-g293925-d317893-Reviews-Ho_Chi_Minh_Square_Qu_ng_tru_ng_H_Chi_Minh-Ho_Chi_Minh_City.html,17,tripadvisor_vn
Nhà Hát Múa Rối Nước Rồng Vàng,Rạp hát,Ho Chi Minh City,https://www.tripadvisor.com.vn/Attraction_Review-g293925-d1489190-Reviews-Golden_Dragon_Water_Puppet_Theater-Ho_Chi_Minh_City.html,18,tripadvisor_vn
Bảo Tàng Y Học Cổ Truyền Việt Nam,Viện bảo tàng chuyên ngành,Ho Chi Minh City,https://www.tripadvisor.com.vn/Attraction_Review-g293925-d1929610-Reviews-FITO_Museum-Ho_Chi_Minh_City.html,19,tripadvisor_vn
La Victoire E-Gaming Club,Sòng bạc,Ho Chi Minh City,https://www.tripadvisor.com.vn/Attraction_Review-g293925-d26805055-Reviews-La_Victoire_E_Gaming_Club-Ho_Chi_Minh_City.html,20,tripadvisor_vn
Đường Sách Nguyễn Văn Bình,Khu lân cận,Ho Chi Minh City,https://www.tripadvisor.com.vn/Attraction_Review-g293925-d10836601-Reviews-Ho_Chi_Minh_City_s_Book_Street-Ho_Chi_Minh_City.html,21,tripadvisor_vn
Bảo Tàng Lịch Sử Việt Nam,Viện bảo tàng lịch sử,Ho Chi Minh City,https://www.tripadvisor.com.vn/Attraction_Review-g293925-d454975-Reviews-Museum_of_Vietnamese_History-Ho_Chi_Minh_City.html,22,tripadvisor_vn
Công viên Suối Tiên,Công viên giải trí & công viên chủ đề • Công viên nước,Ho Chi Minh City,https://www.tripadvisor.com.vn/Attraction_Review-g293925-d2389145-Reviews-Suoi_Tien_Theme_Park-Ho_Chi_Minh_City.html,23,tripadvisor_vn
Vincom Center,Trung tâm mua sắm,Ho Chi Minh City,https://www.tripadvisor.com.vn/Attraction_Review-g293925-d1830324-Reviews-Vincom_Center-Ho_Chi_Minh_City.html,24,tripadvisor_vn
Chùa Bà Thiên Hậu,Địa điểm tôn giáo,Ho Chi Minh City,https://www.tripadvisor.com.vn/Attraction_Review-g293925-d2273335-Reviews-Ba_Thien_Hau_Temple-Ho_Chi_Minh_City.html,25,tripadvisor_vn
Ho Chi Minh City Museum of Fine Arts,Viện bảo tàng nghệ thuật,Ho Chi Minh City,https://www.tripadvisor.com.vn/Attraction_Review-g293925-d455387-Reviews-Ho_Chi_Minh_City_Museum_of_Fine_Arts-Ho_Chi_Minh_City.html,26,tripadvisor_vn
Chùa Ngọc Hoàng (Phước Hải Tự),Địa điểm tôn giáo,Ho Chi Minh City,https://www.tripadvisor.com.vn/Attraction_Review-g293925-d311094-Reviews-Emperor_Jade_Pagoda-Ho_Chi_Minh_City.html,27,tripadvisor_vn
Công Viên Tao Đàn,Công viên,Ho Chi Minh City,https://www.tripadvisor.com.vn/Attraction_Review-g293925-d2414430-Reviews-Tao_Dan_Park-Ho_Chi_Minh_City.html,28,tripadvisor_vn
Phạm Ngũ Lão,Điểm thu hút khách tham quan & thắng cảnh,Ho Chi Minh City,https://www.tripadvisor.com.vn/Attraction_Review-g293925-d2273343-Reviews-Pham_Ngu_Lao_Street-Ho_Chi_Minh_City.html,29,tripadvisor_vn
Metashow Exhibition,Viện bảo tàng nghệ thuật,Ho Chi Minh City,https://www.tripadvisor.com.vn/Attraction_Review-g293925-d33677575-Reviews-Metashow_Exhibition-Ho_Chi_Minh_City.html,30,tripadvisor_vn
Takashimaya Ho Chi Minh City,Cửa hàng bách hóa • Trung tâm mua sắm,Ho Chi Minh City,https://www.tripadvisor.com.vn/Attraction_Review-g293925-d11622038-Reviews-Takashimaya_Ho_Chi_Minh_City-Ho_Chi_Minh_City.html,31,tripadvisor_vn
Réhahn Gallery,Phòng trưng bày nghệ thuật,Ho Chi Minh City,https://www.tripadvisor.com.vn/Attraction_Review-g293925-d25169046-Reviews-Rehahn_Gallery-Ho_Chi_Minh_City.html,32,tripadvisor_vn
Landmark 81 SkyView,Đài & tháp quan sát,Ho Chi Minh City,https://www.tripadvisor.com.vn/Attraction_Review-g293925-d18314088-Reviews-Landmark_81_SkyView-Ho_Chi_Minh_City.html,33,tripadvisor_vn
Chua Van Phat - Temple of Ten Thousand Buddhas,Điểm thu hút khách tham quan & thắng cảnh • Tòa nhà kiến trúc,Ho Chi Minh City,https://www.tripadvisor.com.vn/Attraction_Review-g293925-d7907864-Reviews-Chua_Van_Phat_Temple_of_Ten_Thousand_Buddhas-Ho_Chi_Minh_City.html,34,tripadvisor_vn
Bình Tây Market,Chợ trời & chợ đường phố,Ho Chi Minh City,https://www.tripadvisor.com.vn/Attraction_Review-g293925-d635380-Reviews-Binh_Tay_Market-Ho_Chi_Minh_City.html,35,tripadvisor_vn
Cosmo Club,Sòng bạc,Ho Chi Minh City,https://www.tripadvisor.com.vn/Attraction_Review-g293925-d33076194-Reviews-Cosmo_Club-Ho_Chi_Minh_City.html,36,tripadvisor_vn
Nhà thờ Tân Định,Địa điểm tôn giáo,Ho Chi Minh City,https://www.tripadvisor.com.vn/Attraction_Review-g293925-d10085046-Reviews-Tan_Dinh_Church-Ho_Chi_Minh_City.html,37,tripadvisor_vn
Công Viên Nước Đầm Sen,Công viên giải trí & công viên chủ đề • Công viên nước,Ho Chi Minh City,https://www.tripadvisor.com.vn/Attraction_Review-g293925-d1178970-Reviews-Cong_Vien_Nu_c_D_m_Sen-Ho_Chi_Minh_City.html,38,tripadvisor_vn
Chợ Nga,Trung tâm mua sắm,Ho Chi Minh City,https://www.tripadvisor.com.vn/Attraction_Review-g293925-d8090785-Reviews-Russian_Market-Ho_Chi_Minh_City.html,39,tripadvisor_vn
Phố Tàu Sài Gòn (Chợ Lớn Quận 5),Khu lân cận,Ho Chi Minh City,https://www.tripadvisor.com.vn/Attraction_Review-g293925-d454972-Reviews-Ph_Tau_Sai_Gon_Ch_L_n_Qu_n_5-Ho_Chi_Minh_City.html,40,tripadvisor_vn
Đường Đồng Khởi,Điểm thu hút khách tham quan & thắng cảnh,Ho Chi Minh City,https://www.tripadvisor.com.vn/Attraction_Review-g293925-d1784754-Reviews-Du_ng_D_ng_Kh_i-Ho_Chi_Minh_City.html,41,tripadvisor_vn
Aeon Mall Tan Phu Celadon Shopping Center,Trung tâm mua sắm,Ho Chi Minh City,https://www.tripadvisor.com.vn/Attraction_Review-g293925-d6403614-Reviews-Aeon_Mall_Tan_Phu_Celadon_Shopping_Center-Ho_Chi_Minh_City.html,42,tripadvisor_vn
Taka Plaza,Trung tâm mua sắm,Ho Chi Minh City,https://www.tripadvisor.com.vn/Attraction_Review-g293925-d8851175-Reviews-Taka_Plaza-Ho_Chi_Minh_City.html,43,tripadvisor_vn
The Venerable Thich Quang Duc Monument,Điểm thu hút khách tham quan & thắng cảnh • Đài kỷ niệm & tượng,Ho Chi Minh City,https://www.tripadvisor.com.vn/Attraction_Review-g293925-d6438587-Reviews-The_Venerable_Thich_Quang_Duc_Monument-Ho_Chi_Minh_City.html,44,tripadvisor_vn
Ủy Ban Nhân Dân Thành Phố,Địa điểm lịch sử • Tòa nhà kiến trúc,Ho Chi Minh City,https://www.tripadvisor.com.vn/Attraction_Review-g293925-d1910195-Reviews-People_s_Committee_Building-Ho_Chi_Minh_City.html,45,tripadvisor_vn
Diamond Plaza,Trung tâm mua sắm,Ho Chi Minh City,https://www.tripadvisor.com.vn/Attraction_Review-g293925-d550709-Reviews-Diamond_Plaza-Ho_Chi_Minh_City.html,46,tripadvisor_vn
Can Gio Mangrove Biosphere Reserve,Khu vực tự nhiên & động vật hoang dã,Ho Chi Minh City,https://www.tripadvisor.com.vn/Attraction_Review-g293925-d1165087-Reviews-Can_Gio_Mangrove_Biosphere_Reserve-Ho_Chi_Minh_City.html,47,tripadvisor_vn
"Green Palm Gallery - District 1, HCMC",Phòng trưng bày nghệ thuật,Ho Chi Minh City,https://www.tripadvisor.com.vn/Attraction_Review-g293925-d25340691-Reviews-Green_Palm_Gallery_District_1_HCMC-Ho_Chi_Minh_City.html,48,tripadvisor_vn
Binh Quoi Village,Điểm thu hút khách tham quan & thắng cảnh,Ho Chi Minh City,https://www.tripadvisor.com.vn/Attraction_Review-g293925-d4597843-Reviews-Binh_Quoi_Village-Ho_Chi_Minh_City.html,49,tripadvisor_vn
Saigon Skydeck,Điểm thu hút khách tham quan & thắng cảnh • Đài & tháp quan sát,Ho Chi Minh City,https://www.tripadvisor.com.vn/Attraction_Review-g293925-d21230453-Reviews-Saigon_Skydeck-Ho_Chi_Minh_City.html,50,tripadvisor_vn
Stressmama,Trung tâm mua sắm,Ho Chi Minh City,https://www.tripadvisor.com.vn/Attraction_Review-g293925-d33099376-Reviews-Stressmama-Ho_Chi_Minh_City.html,51,tripadvisor_vn
President ho Chi Minh Statue,Đài kỷ niệm & tượng,Ho Chi Minh City,https://www.tripadvisor.com.vn/Attraction_Review-g293925-d9582552-Reviews-President_ho_Chi_Minh_Statue-Ho_Chi_Minh_City.html,52,tripadvisor_vn
Địa Đạo Bến Đình,Điểm thu hút khách tham quan & thắng cảnh • Chiến trường,Ho Chi Minh City,https://www.tripadvisor.com.vn/Attraction_Review-g293925-d7736325-Reviews-Ben_Dinh_Tunnels-Ho_Chi_Minh_City.html,53,tripadvisor_vn
Hạ Spa - Massage Hochiminh City,Spa • Spa nước nóng,Ho Chi Minh City,https://www.tripadvisor.com.vn/Attraction_Review-g293925-d33235970-Reviews-H_Spa_Massage_Hochiminh_City-Ho_Chi_Minh_City.html,54,tripadvisor_vn
Lion Club,Sòng bạc,Ho Chi Minh City,https://www.tripadvisor.com.vn/Attraction_Review-g293925-d34257950-Reviews-Lion_Club-Ho_Chi_Minh_City.html,55,tripadvisor_vn
Mariamman Hindu Temple,Địa điểm tôn giáo,Ho Chi Minh City,https://www.tripadvisor.com.vn/Attraction_Review-g293925-d2407915-Reviews-Mariamman_Hindu_Temple-Ho_Chi_Minh_City.html,56,tripadvisor_vn
Trung Tâm Thương Mại Cresent Mall,Cửa hàng bách hóa,Ho Chi Minh City,https://www.tripadvisor.com.vn/Attraction_Review-g293925-d8754863-Reviews-Crescent_Mall-Ho_Chi_Minh_City.html,57,tripadvisor_vn
Dan Sinh Market,Chợ trời & chợ đường phố,Ho Chi Minh City,https://www.tripadvisor.com.vn/Attraction_Review-g293925-d2484797-Reviews-Dan_Sinh_Market-Ho_Chi_Minh_City.html,58,tripadvisor_vn
Ho Chi Minh City Museum,Viện bảo tàng chuyên ngành,Ho Chi Minh City,https://www.tripadvisor.com.vn/Attraction_Review-g293925-d2168911-Reviews-Ho_Chi_Minh_City_Museum-Ho_Chi_Minh_City.html,59,tripadvisor_vn
Ho Chi Minh trail,Đường đi bộ,Ho Chi Minh City,https://www.tripadvisor.com.vn/Attraction_Review-g293925-d576678-Reviews-Ho_Chi_Minh_trail-Ho_Chi_Minh_City.html,60,tripadvisor_vn
Chợ Đêm Bến Thành,Chợ trời & chợ đường phố,Ho Chi Minh City,https://www.tripadvisor.com.vn/Attraction_Review-g293925-d12084531-Reviews-Ben_Thanh_Night_Market-Ho_Chi_Minh_City.html,61,tripadvisor_vn
Ton Duc Thang Museum,Viện bảo tàng lịch sử,Ho Chi Minh City,https://www.tripadvisor.com.vn/Attraction_Review-g293925-d1368412-Reviews-Ton_Duc_Thang_Museum-Ho_Chi_Minh_City.html,62,tripadvisor_vn
Temple Leaf Spa Land Massage,Spa • Spa nước nóng,Ho Chi Minh City,https://www.tripadvisor.com.vn/Attraction_Review-g293925-d19255200-Reviews-Temple_Leaf_Spa_Land_Massage-Ho_Chi_Minh_City.html,63,tripadvisor_vn
Saigon Eco Craft,Cửa hàng đặc sản & cửa hàng quà tặng • Trung tâm mua sắm,Ho Chi Minh City,https://www.tripadvisor.com.vn/Attraction_Review-g293925-d21051684-Reviews-Saigon_Eco_Craft-Ho_Chi_Minh_City.html,64,tripadvisor_vn
Chùa Bửu Long,Địa điểm tôn giáo • Đài kỷ niệm & tượng,Ho Chi Minh City,https://www.tripadvisor.com.vn/Attraction_Review-g293925-d9456964-Reviews-Buu_Long_Temple-Ho_Chi_Minh_City.html,65,tripadvisor_vn
Ho Thi Ky Flower Market,Chợ trời & chợ đường phố,Ho Chi Minh City,https://www.tripadvisor.com.vn/Attraction_Review-g293925-d14928513-Reviews-Ho_Thi_Ky_Flower_Market-Ho_Chi_Minh_City.html,66,tripadvisor_vn
Notre Dame Square,Điểm thu hút khách tham quan & thắng cảnh,Ho Chi Minh City,https://www.tripadvisor.com.vn/Attraction_Review-g293925-d317898-Reviews-Notre_Dame_Square-Ho_Chi_Minh_City.html,67,tripadvisor_vn
Thảo Cầm Viên,Sở thú,Ho Chi Minh City,https://www.tripadvisor.com.vn/Attraction_Review-g293925-d317904-Reviews-Zoo_and_Botanical_Gardens-Ho_Chi_Minh_City.html,68,tripadvisor_vn
Saigon Central Mosque,Điểm thu hút khách tham quan & thắng cảnh • Địa điểm tôn giáo,Ho Chi Minh City,https://www.tripadvisor.com.vn/Attraction_Review-g293925-d6602281-Reviews-Saigon_Central_Mosque-Ho_Chi_Minh_City.html,69,tripadvisor_vn
Sông Sài Gòn,Vùng nước • Điểm thu hút khách tham quan & thắng cảnh,Ho Chi Minh City,https://www.tripadvisor.com.vn/Attraction_Review-g293925-d9806454-Reviews-Saigon_River-Ho_Chi_Minh_City.html,70,tripadvisor_vn
Hum Spa,Spa • Spa nước nóng,Ho Chi Minh City,https://www.tripadvisor.com.vn/Attraction_Review-g293925-d25090493-Reviews-Hum_Spa-Ho_Chi_Minh_City.html,71,tripadvisor_vn
Former U.S. Embassy,Địa điểm lịch sử,Ho Chi Minh City,https://www.tripadvisor.com.vn/Attraction_Review-g293925-d550712-Reviews-Former_U_S_Embassy-Ho_Chi_Minh_City.html,72,tripadvisor_vn
Antique Street,Cửa hàng đồ cổ,Ho Chi Minh City,https://www.tripadvisor.com.vn/Attraction_Review-g293925-d1724542-Reviews-Antique_Street-Ho_Chi_Minh_City.html,73,tripadvisor_vn
"Sân Golf Tân Sơn Nhất - Tp. Hồ Chí Minh, Việt Nam",Trung tâm hội nghị • Sân gôn,Ho Chi Minh City,https://www.tripadvisor.com.vn/Attraction_Review-g293925-d11445105-Reviews-Tan_Son_Nhat_Golf_Course-Ho_Chi_Minh_City.html,74,tripadvisor_vn
Vietnam Silver House,Phòng trưng bày nghệ thuật,Ho Chi Minh City,https://www.tripadvisor.com.vn/Attraction_Review-g293925-d13957334-Reviews-Vietnam_Silver_House-Ho_Chi_Minh_City.html,75,tripadvisor_vn
Phở Museum,Viện bảo tàng lịch sử,Ho Chi Minh City,https://www.tripadvisor.com.vn/Attraction_Review-g293925-d34462576-Reviews-Ph_Museum-Ho_Chi_Minh_City.html,76,tripadvisor_vn
Chợ Tân Định,Chợ nông sản,Ho Chi Minh City,https://www.tripadvisor.com.vn/Attraction_Review-g293925-d8017932-Reviews-Ch_Tan_D_nh-Ho_Chi_Minh_City.html,77,tripadvisor_vn
Trung Tâm Hội Chợ Và Triển Lãm Sài Gòn - Secc,Trung tâm hội nghị,Ho Chi Minh City,https://www.tripadvisor.com.vn/Attraction_Review-g293925-d8295665-Reviews-Saigon_Exhibition_and_Convention_Center_SECC-Ho_Chi_Minh_City.html,78,tripadvisor_vn
Vạn Hạnh Mall,Trung tâm mua sắm,Ho Chi Minh City,https://www.tripadvisor.com.vn/Attraction_Review-g293925-d17722137-Reviews-Van_Hanh_Mall-Ho_Chi_Minh_City.html,79,tripadvisor_vn
Monte-Carlo Saigon,Trung tâm trò chơi & giải trí,Ho Chi Minh City,https://www.tripadvisor.com.vn/Attraction_Review-g293925-d27120263-Reviews-Monte_Carlo_Saigon-Ho_Chi_Minh_City.html,80,tripadvisor_vn
Bảo Tàng Thành Phố Hồ Chí Minh,Viện bảo tàng lịch sử,Ho Chi Minh City,https://www.tripadvisor.com.vn/Attraction_Review-g293925-d311100-Reviews-Museum_of_Ho_Chi_Minh_City-Ho_Chi_Minh_City.html,81,tripadvisor_vn
SC Vivocity,Cửa hàng bách hóa • Trung tâm mua sắm,Ho Chi Minh City,https://www.tripadvisor.com.vn/Attraction_Review-g293925-d8630608-Reviews-SC_Vivocity-Ho_Chi_Minh_City.html,82,tripadvisor_vn
Lac Canh Dai Nam Van Hien,Công viên giải trí & công viên chủ đề,Ho Chi Minh City,https://www.tripadvisor.com.vn/Attraction_Review-g293925-d1682089-Reviews-Lac_Canh_Dai_Nam_Van_Hien-Ho_Chi_Minh_City.html,83,tripadvisor_vn
Hồ Bơi Văn Thánh,Khu liên hợp thể thao,Ho Chi Minh City,https://www.tripadvisor.com.vn/Attraction_Review-g293925-d8009199-Reviews-Van_Thanh_Swimming_Pool-Ho_Chi_Minh_City.html,84,tripadvisor_vn
Sài Gòn,Khu lân cận,Ho Chi Minh City,https://www.tripadvisor.com.vn/Attraction_Review-g293925-d11426758-Reviews-Saigon-Ho_Chi_Minh_City.html,85,tripadvisor_vn
Phòng Tranh Minh Anh,Phòng trưng bày nghệ thuật,Ho Chi Minh City,https://www.tripadvisor.com.vn/Attraction_Review-g293925-d12820616-Reviews-Minh_Anh_Art_Gallery-Ho_Chi_Minh_City.html,86,tripadvisor_vn
Bj88,Sòng bạc • Sân chơi,Ho Chi Minh City,https://www.tripadvisor.com.vn/Attraction_Review-g293925-d27471402-Reviews-Bj88-Ho_Chi_Minh_City.html,87,tripadvisor_vn
Chua Vinh Nghiem,Địa điểm tôn giáo,Ho Chi Minh City,https://www.tripadvisor.com.vn/Attraction_Review-g293925-d2385857-Reviews-Chua_Vinh_Nghiem-Ho_Chi_Minh_City.html,88,tripadvisor_vn
Cong Vien Van Hoa Park,Công viên,Ho Chi Minh City,https://www.tripadvisor.com.vn/Attraction_Review-g293925-d311092-Reviews-Cong_Vien_Van_Hoa_Park-Ho_Chi_Minh_City.html,89,tripadvisor_vn
Giac Lam Pagoda,Địa điểm tôn giáo,Ho Chi Minh City,https://www.tripadvisor.com.vn/Attraction_Review-g293925-d317889-Reviews-Giac_Lam_Pagoda-Ho_Chi_Minh_City.html,90,tripadvisor_vn
Quang San Art Museum,Phòng trưng bày nghệ thuật • Viện bảo tàng nghệ thuật,Ho Chi Minh City,https://www.tripadvisor.com.vn/Attraction_Review-g293925-d26809160-Reviews-Quang_San_Art_Museum-Ho_Chi_Minh_City.html,91,tripadvisor_vn
Trung Tâm Thương Mại Aeon Bình Tân,Trung tâm mua sắm,Ho Chi Minh City,https://www.tripadvisor.com.vn/Attraction_Review-g293925-d11885518-Reviews-Aeon_Mall_Binh_Tan-Ho_Chi_Minh_City.html,92,tripadvisor_vn
Chợ Tân Mỹ,Chợ trời & chợ đường phố,Ho Chi Minh City,https://www.tripadvisor.com.vn/Attraction_Review-g293925-d8181417-Reviews-Tan_My_Market-Ho_Chi_Minh_City.html,93,tripadvisor_vn
Vincom Mega Mall Thảo Điền,Trung tâm mua sắm,Ho Chi Minh City,https://www.tripadvisor.com.vn/Attraction_Review-g293925-d26680907-Reviews-Vincom_Mega_Mall_Th_o_Di_n-Ho_Chi_Minh_City.html,94,tripadvisor_vn
Bến Bạch Đằng,Bến du thuyền • Vùng nước,Ho Chi Minh City,https://www.tripadvisor.com.vn/Attraction_Review-g293925-d550711-Reviews-B_n_B_ch_D_ng-Ho_Chi_Minh_City.html,95,tripadvisor_vn
Phoenix Studio Tattoo,Trung tâm mua sắm,Ho Chi Minh City,https://www.tripadvisor.com.vn/Attraction_Review-g293925-d33269337-Reviews-Phoenix_Studio_Tattoo-Ho_Chi_Minh_City.html,96,tripadvisor_vn
Cầu Ánh Sao,Cầu,Ho Chi Minh City,https://www.tripadvisor.com.vn/Attraction_Review-g293925-d8300005-Reviews-Anh_Sao_Bridge_Starlight_Bridge-Ho_Chi_Minh_City.html,97,tripadvisor_vn
Chợ Bà Chiểu,Chợ trời & chợ đường phố • Chợ nông sản,Ho Chi Minh City,https://www.tripadvisor.com.vn/Attraction_Review-g293925-d8595674-Reviews-Ba_Chieu_Market-Ho_Chi_Minh_City.html,98,tripadvisor_vn
Kokonic Souvenir & Gift Shop,Cửa hàng đặc sản & cửa hàng quà tặng • Cửa hàng bách hóa,Ho Chi Minh City,https://www.tripadvisor.com.vn/Attraction_Review-g293925-d27990845-Reviews-Kokonic_Souvenir_Gift_Shop-Ho_Chi_Minh_City.html,99,tripadvisor_vn
Southern Women's Museum,Viện bảo tàng lịch sử,Ho Chi Minh City,https://www.tripadvisor.com.vn/Attraction_Review-g293925-d1370386-Reviews-Southern_Women_s_Museum-Ho_Chi_Minh_City.html,100,tripadvisor_vn
Nhà thờ Huyện Sĩ,Địa điểm tôn giáo • Nhà thờ & nhà thờ lớn,Ho Chi Minh City,https://www.tripadvisor.com.vn/Attraction_Review-g293925-d8310942-Reviews-Catholic_Church_Huyen_Sy-Ho_Chi_Minh_City.html,101,tripadvisor_vn
Sân Tập Golf Him Lam Ba Sơn,Khu liên hợp thể thao,Ho Chi Minh City,https://www.tripadvisor.com.vn/Attraction_Review-g293925-d8010180-Reviews-Him_Lam_Ba_Son_Golf_Driving_Range-Ho_Chi_Minh_City.html,102,tripadvisor_vn
Saigon Saigon Rooftop Bar,Quán bar & câu lạc bộ,Ho Chi Minh City,https://www.tripadvisor.com.vn/Attraction_Review-g293925-d1752815-Reviews-Saigon_Saigon_Rooftop_Bar-Ho_Chi_Minh_City.html,103,tripadvisor_vn
Chùa Quốc Tự,Điểm thu hút khách tham quan & thắng cảnh • Địa điểm tôn giáo,Ho Chi Minh City,https://www.tripadvisor.com.vn/Attraction_Review-g293925-d1370380-Reviews-Quoc_Tu_Pagoda-Ho_Chi_Minh_City.html,104,tripadvisor_vn
Ao Dai Museum (Bao Tang Ao Dai),Viện bảo tàng chuyên ngành,Ho Chi Minh City,https://www.tripadvisor.com.vn/Attraction_Review-g293925-d7927054-Reviews-Ao_Dai_Museum_Bao_Tang_Ao_Dai-Ho_Chi_Minh_City.html,105,tripadvisor_vn
Parkson CT Plaza,Trung tâm mua sắm,Ho Chi Minh City,https://www.tripadvisor.com.vn/Attraction_Review-g293925-d4580323-Reviews-Parkson_CT_Plaza-Ho_Chi_Minh_City.html,106,tripadvisor_vn
Phương's Retro Bar,Quán bar & câu lạc bộ • Đồ ăn & đồ uống khác,Ho Chi Minh City,https://www.tripadvisor.com.vn/Attraction_Review-g293925-d27415839-Reviews-Phuong_s_Retro_Bar-Ho_Chi_Minh_City.html,107,tripadvisor_vn
Temple Leaf Spa,Spa,Ho Chi Minh City,https://www.tripadvisor.com.vn/Attraction_Review-g293925-d5970625-Reviews-Temple_Leaf_Spa-Ho_Chi_Minh_City.html,108,tripadvisor_vn
Frolic Bar,Quán bar & câu lạc bộ • Quầy bar dành cho người đồng tính,Ho Chi Minh City,https://www.tripadvisor.com.vn/Attraction_Review-g293925-d27936796-Reviews-Frolic_Bar-Ho_Chi_Minh_City.html,109,tripadvisor_vn
Hồ Con Rùa,Công viên • Sân chơi,Ho Chi Minh City,https://www.tripadvisor.com.vn/Attraction_Review-g293925-d10024158-Reviews-Turtle_Lake-Ho_Chi_Minh_City.html,110,tripadvisor_vn
Menas Mall Saigon Airport,Trung tâm mua sắm,Ho Chi Minh City,https://www.tripadvisor.com.vn/Attraction_Review-g293925-d26103372-Reviews-Menas_Mall_Saigon_Airport-Ho_Chi_Minh_City.html,111,tripadvisor_vn
Vietnam ART Gallery,Phòng trưng bày nghệ thuật,Ho Chi Minh City,https://www.tripadvisor.com.vn/Attraction_Review-g293925-d6902917-Reviews-Vietnam_ART_Gallery-Ho_Chi_Minh_City.html,112,tripadvisor_vn
Craig Thomas Gallery,Phòng trưng bày nghệ thuật,Ho Chi Minh City,https://www.tripadvisor.com.vn/Attraction_Review-g293925-d2550321-Reviews-Craig_Thomas_Gallery-Ho_Chi_Minh_City.html,113,tripadvisor_vn
Thao Silk,Cửa hàng của nhà máy,Ho Chi Minh City,https://www.tripadvisor.com.vn/Attraction_Review-g293925-d8396485-Reviews-Thao_Silk-Ho_Chi_Minh_City.html,114,tripadvisor_vn
Cong Vien 23 Thang 9,Công viên,Ho Chi Minh City,https://www.tripadvisor.com.vn/Attraction_Review-g293925-d2357145-Reviews-Cong_Vien_23_Thang_9-Ho_Chi_Minh_City.html,115,tripadvisor_vn
Ngôi nhà Việt Nam,Cửa hàng đặc sản & cửa hàng quà tặng • Phòng trưng bày nghệ thuật,Ho Chi Minh City,https://www.tripadvisor.com.vn/Attraction_Review-g293925-d10801837-Reviews-Vietnam_House-Ho_Chi_Minh_City.html,116,tripadvisor_vn
Nhà Hát Giao Hưởng Nhạc Vũ kịch Thành Phố Hồ Chí Minh,Rạp hát,Ho Chi Minh City,https://www.tripadvisor.com.vn/Attraction_Review-g293925-d11443657-Reviews-Ballet_Symphony_Orchestra_Opera_Ho_Chi_Minh-Ho_Chi_Minh_City.html,117,tripadvisor_vn
Công viên 30-4,Công viên,Ho Chi Minh City,https://www.tripadvisor.com.vn/Attraction_Review-g293925-d8800458-Reviews-Cong_Vien_30_4-Ho_Chi_Minh_City.html,118,tripadvisor_vn
Saigon Japan Town,Khu vực đi dạo tham quan di tích lịch sử,Ho Chi Minh City,https://www.tripadvisor.com.vn/Attraction_Review-g293925-d33316308-Reviews-Saigon_Japan_Town-Ho_Chi_Minh_City.html,119,tripadvisor_vn
Temple of the Buddha's Relic (Xa Loi pagoda),Địa điểm tôn giáo,Ho Chi Minh City,https://www.tripadvisor.com.vn/Attraction_Review-g293925-d552637-Reviews-Temple_of_the_Buddha_s_Relic_Xa_Loi_pagoda-Ho_Chi_Minh_City.html,120,tripadvisor_vn
Cho Thai Binh,Chợ trời & chợ đường phố,Ho Chi Minh City,https://www.tripadvisor.com.vn/Attraction_Review-g293925-d8827357-Reviews-Cho_Thai_Binh-Ho_Chi_Minh_City.html,121,tripadvisor_vn
Sri Thenday Yuttha Panin Temple,Địa điểm tôn giáo,Ho Chi Minh City,https://www.tripadvisor.com.vn/Attraction_Review-g293925-d7714795-Reviews-Sri_Thenday_Yuttha_Panin_Temple-Ho_Chi_Minh_City.html,122,tripadvisor_vn
Pháp Viện Minh Đăng Quang,Địa điểm tôn giáo,Ho Chi Minh City,https://www.tripadvisor.com.vn/Attraction_Review-g293925-d7827635-Reviews-Phap_Vi_n_Minh_Dang_Quang-Ho_Chi_Minh_City.html,123,tripadvisor_vn
Tran Hung Dao Statue,Điểm thu hút khách tham quan & thắng cảnh • Đài kỷ niệm & tượng,Ho Chi Minh City,https://www.tripadvisor.com.vn/Attraction_Review-g293925-d7158706-Reviews-Tran_Hung_Dao_Statue-Ho_Chi_Minh_City.html,124,tripadvisor_vn
Rubik Zoo,Công viên giải trí & công viên chủ đề,Ho Chi Minh City,https://www.tripadvisor.com.vn/Attraction_Review-g293925-d12033619-Reviews-Rubik_Zoo-Ho_Chi_Minh_City.html,125,tripadvisor_vn
TTTM Gigamall,Trung tâm mua sắm,Ho Chi Minh City,https://www.tripadvisor.com.vn/Attraction_Review-g293925-d17569133-Reviews-TTTM_Gigamall-Ho_Chi_Minh_City.html,126,tripadvisor_vn
Soai Kinh Lam fabric market,Chợ trời & chợ đường phố,Ho Chi Minh City,https://www.tripadvisor.com.vn/Attraction_Review-g293925-d11512931-Reviews-Soai_Kinh_Lam_fabric_market-Ho_Chi_Minh_City.html,127,tripadvisor_vn
La Spa Sai Gon,Spa,Ho Chi Minh City,https://www.tripadvisor.com.vn/Attraction_Review-g293925-d25188298-Reviews-La_Spa_Sai_Gon-Ho_Chi_Minh_City.html,128,tripadvisor_vn
Công Viên Đá Nhật Bản,Công viên,Ho Chi Minh City,https://www.tripadvisor.com.vn/Attraction_Review-g293925-d8290309-Reviews-Rin_Rin_Park-Ho_Chi_Minh_City.html,129,tripadvisor_vn
Pandora City Shopping Mall,Trung tâm mua sắm,Ho Chi Minh City,https://www.tripadvisor.com.vn/Attraction_Review-g293925-d8028360-Reviews-Pandora_City_Shopping_Mall-Ho_Chi_Minh_City.html,130,tripadvisor_vn
1st Football Store Thach Thi Thanh,Cửa hàng đặc sản & cửa hàng quà tặng,Ho Chi Minh City,https://www.tripadvisor.com.vn/Attraction_Review-g293925-d25572460-Reviews-1st_Football_Store-Ho_Chi_Minh_City.html,131,tripadvisor_vn
Vinhomes Central Park,Công viên,Ho Chi Minh City,https://www.tripadvisor.com.vn/Attraction_Review-g293925-d23823253-Reviews-Vinhomes_Central_Park-Ho_Chi_Minh_City.html,132,tripadvisor_vn
Đường Hầm Vũ Khí Bí Mật,Địa điểm lịch sử,Ho Chi Minh City,https://www.tripadvisor.com.vn/Attraction_Review-g293925-d19820968-Reviews-The_Secret_Weapons_Cellar-Ho_Chi_Minh_City.html,133,tripadvisor_vn
Chùa Ôn Lăng,Địa điểm tôn giáo,Ho Chi Minh City,https://www.tripadvisor.com.vn/Attraction_Review-g293925-d8587831-Reviews-On_Lang_Pagoda-Ho_Chi_Minh_City.html,134,tripadvisor_vn
Triển Lãm Áo Dài,Phòng trưng bày nghệ thuật • Viện bảo tàng nghệ thuật,Ho Chi Minh City,https://www.tripadvisor.com.vn/Attraction_Review-g293925-d11680691-Reviews-Ao_Dai_Exhibition-Ho_Chi_Minh_City.html,135,tripadvisor_vn
Dai Nam Zoo,Sở thú,Ho Chi Minh City,https://www.tripadvisor.com.vn/Attraction_Review-g293925-d1742604-Reviews-Dai_Nam_Zoo-Ho_Chi_Minh_City.html,136,tripadvisor_vn
Chung cư Nguyễn Thiện Thuật,Khu lân cận • Điểm thu hút khách tham quan & thắng cảnh,Ho Chi Minh City,https://www.tripadvisor.com.vn/Attraction_Review-g293925-d20051280-Reviews-Nguyen_Thien_Thuat_Apartment_Buildings-Ho_Chi_Minh_City.html,137,tripadvisor_vn
Galerie Quynh,Phòng trưng bày nghệ thuật,Ho Chi Minh City,https://www.tripadvisor.com.vn/Attraction_Review-g293925-d2481547-Reviews-Galerie_Quynh-Ho_Chi_Minh_City.html,138,tripadvisor_vn
Chùa Ông Bổn,Địa điểm tôn giáo,Ho Chi Minh City,https://www.tripadvisor.com.vn/Attraction_Review-g293925-d311105-Reviews-Ong_Bon_Pagoda-Ho_Chi_Minh_City.html,139,tripadvisor_vn
Ccomaya Kids Cafe & Restaurant.,Sân chơi,Ho Chi Minh City,https://www.tripadvisor.com.vn/Attraction_Review-g293925-d25336113-Reviews-Ccomaya_Kids_Cafe_Restaurant-Ho_Chi_Minh_City.html,140,tripadvisor_vn
Union Square,Trung tâm mua sắm,Ho Chi Minh City,https://www.tripadvisor.com.vn/Attraction_Review-g293925-d7743972-Reviews-Union_Square-Ho_Chi_Minh_City.html,141,tripadvisor_vn
Galaxy Nguyen Du,Rạp hát,Ho Chi Minh City,https://www.tripadvisor.com.vn/Attraction_Review-g293925-d3337501-Reviews-Galaxy_Nguyen_Du-Ho_Chi_Minh_City.html,142,tripadvisor_vn
Club Royale,Sòng bạc,Ho Chi Minh City,https://www.tripadvisor.com.vn/Attraction_Review-g293925-d11848774-Reviews-Club_Royale-Ho_Chi_Minh_City.html,143,tripadvisor_vn
Vòng Tròn Đỏ,Trung tâm mua sắm,Ho Chi Minh City,https://www.tripadvisor.com.vn/Attraction_Review-g293925-d12125198-Reviews-Circle_K-Ho_Chi_Minh_City.html,144,tripadvisor_vn
Công Viên Lê Văn Tám,Công viên,Ho Chi Minh City,https://www.tripadvisor.com.vn/Attraction_Review-g293925-d10844542-Reviews-Le_Van_Tam_Park-Ho_Chi_Minh_City.html,145,tripadvisor_vn
Temple Leaf Spa & Sauna,Spa,Ho Chi Minh City,https://www.tripadvisor.com.vn/Attraction_Review-g293925-d7339849-Reviews-Temple_Leaf_Spa_Sauna-Ho_Chi_Minh_City.html,146,tripadvisor_vn
Chùa Nghĩa An,Địa điểm tôn giáo,Ho Chi Minh City,https://www.tripadvisor.com.vn/Attraction_Review-g293925-d9806515-Reviews-Nghia_An_Temple-Ho_Chi_Minh_City.html,147,tripadvisor_vn
Sailing Foot Massage,Suối nước nóng & mạch nước phun,Ho Chi Minh City,https://www.tripadvisor.com.vn/Attraction_Review-g293925-d27346810-Reviews-Sailing_Foot_Massage-Ho_Chi_Minh_City.html,148,tripadvisor_vn
Công viên Grand Park,Công viên giải trí & công viên chủ đề,Ho Chi Minh City,https://www.tripadvisor.com.vn/Attraction_Review-g293925-d32793701-Reviews-Cong_vien_Grand_Park-Ho_Chi_Minh_City.html,149,tripadvisor_vn
Công ty Cổ Phần Tàu Cao Tốc Vina,Phà,Ho Chi Minh City,https://www.tripadvisor.com.vn/Attraction_Review-g293925-d8772716-Reviews-Vina_Express_Fast_Ferry-Ho_Chi_Minh_City.html,150,tripadvisor_vn
Léa Beauty,Spa • Spa nước nóng,Ho Chi Minh City,https://www.tripadvisor.com.vn/Attraction_Review-g293925-d27705549-Reviews-Lea_Beauty_Spa-Ho_Chi_Minh_City.html,151,tripadvisor_vn
An's spa - Traditional Massage & Skincare,Spa,Ho Chi Minh City,https://www.tripadvisor.com.vn/Attraction_Review-g293925-d15685988-Reviews-AN_s_spa-Ho_Chi_Minh_City.html,152,tripadvisor_vn
Vesta Bookstore,Cửa hàng đặc sản & cửa hàng quà tặng • Thư viện,Ho Chi Minh City,https://www.tripadvisor.com.vn/Attraction_Review-g293925-d11121258-Reviews-Vesta_Bookstore-Ho_Chi_Minh_City.html,153,tripadvisor_vn
Villa Royale Antiques and Tea Room,Cửa hàng đặc sản & cửa hàng quà tặng • Cửa hàng đồ cổ,Ho Chi Minh City,https://www.tripadvisor.com.vn/Attraction_Review-g293925-d4826315-Reviews-Villa_Royale_Antiques_and_Tea_Room-Ho_Chi_Minh_City.html,154,tripadvisor_vn
"The Privé Spa | International Lash, Nail Care & Spa | Ben Thanh (D1)",Spa,Ho Chi Minh City,https://www.tripadvisor.com.vn/Attraction_Review-g293925-d14025887-Reviews-The_Prive_Spa_International_Lash_Nail_Care_Spa_Ben_Thanh_D1-Ho_Chi_Minh_City.html,155,tripadvisor_vn
Flamingo Spa,Spa,Ho Chi Minh City,https://www.tripadvisor.com.vn/Attraction_Review-g293925-d3731488-Reviews-Flamingo_Spa-Ho_Chi_Minh_City.html,156,tripadvisor_vn
Sala Park,Công viên,Ho Chi Minh City,https://www.tripadvisor.com.vn/Attraction_Review-g293925-d24107412-Reviews-Sala_Park-Ho_Chi_Minh_City.html,157,tripadvisor_vn
Reunification Palace. Hcmc. Vietnam,Tòa nhà kiến trúc,Ho Chi Minh City,https://www.tripadvisor.com.vn/Attraction_Review-g293925-d27714378-Reviews-Reunification_Palace_Hcmc_Vietnam-Ho_Chi_Minh_City.html,158,tripadvisor_vn
Hội quán Phước An,Địa điểm tôn giáo,Ho Chi Minh City,https://www.tripadvisor.com.vn/Attraction_Review-g293925-d8856733-Reviews-Phuoc_An_Hoi_Quan-Ho_Chi_Minh_City.html,159,tripadvisor_vn
Rung Sac Military Base,Điểm thu hút khách tham quan & thắng cảnh,Ho Chi Minh City,https://www.tripadvisor.com.vn/Attraction_Review-g293925-d4559699-Reviews-Rung_Sac_Military_Base-Ho_Chi_Minh_City.html,160,tripadvisor_vn
Lotus Gallery,Phòng trưng bày nghệ thuật,Ho Chi Minh City,https://www.tripadvisor.com.vn/Attraction_Review-g293925-d12435632-Reviews-Lotus_Gallery-Ho_Chi_Minh_City.html,161,tripadvisor_vn
Lăng Tả quân Lê Văn Duyệt,Đài kỷ niệm & tượng,Ho Chi Minh City,https://www.tripadvisor.com.vn/Attraction_Review-g293925-d9974461-Reviews-Tomb_of_Le_Van_Duyet-Ho_Chi_Minh_City.html,162,tripadvisor_vn
Club Ace 21 E-Gaming Club,Sòng bạc • Trung tâm trò chơi & giải trí,Ho Chi Minh City,https://www.tripadvisor.com.vn/Attraction_Review-g293925-d28006662-Reviews-Club_Ace_21_E_Gaming_Club-Ho_Chi_Minh_City.html,164,tripadvisor_vn
Diamond E-gaming Club,Điểm thu hút khách tham quan & thắng cảnh • Sòng bạc,Ho Chi Minh City,https://www.tripadvisor.com.vn/Attraction_Review-g293925-d30525859-Reviews-Diamond_E_gaming_Club-Ho_Chi_Minh_City.html,165,tripadvisor_vn
Bảo tàng Chiến dịch Hồ Chí Minh,Viện bảo tàng quân đội • Viện bảo tàng lịch sử,Ho Chi Minh City,https://www.tripadvisor.com.vn/Attraction_Review-g293925-d10068803-Reviews-Ho_Chi_Minh_Campaign_Museum-Ho_Chi_Minh_City.html,166,tripadvisor_vn
Miu Miu Spa 1,Spa,Ho Chi Minh City,https://www.tripadvisor.com.vn/Attraction_Review-g293925-d2283872-Reviews-Miu_Miu_Spa_1-Ho_Chi_Minh_City.html,167,tripadvisor_vn
Bến Thành Art & Frame,Phòng trưng bày nghệ thuật,Ho Chi Minh City,https://www.tripadvisor.com.vn/Attraction_Review-g293925-d7346527-Reviews-Ben_Thanh_Art_Frame-Ho_Chi_Minh_City.html,168,tripadvisor_vn
Vietnam Adventure Tours,Tour thăm quan thành phố • Chuyến tham quan nhiều ngày,Ho Chi Minh City,https://www.tripadvisor.com.vn/Attraction_Review-g293925-d7171779-Reviews-Vietnam_Adventure_Tours-Ho_Chi_Minh_City.html,169,tripadvisor_vn
Saigon Riverfront Park,Công viên,Ho Chi Minh City,https://www.tripadvisor.com.vn/Attraction_Review-g293925-d28126911-Reviews-Saigon_Riverfront_Park-Ho_Chi_Minh_City.html,170,tripadvisor_vn
Uniqlo - Dong Khoi,Cửa hàng bách hóa,Ho Chi Minh City,https://www.tripadvisor.com.vn/Attraction_Review-g293925-d33272100-Reviews-Uniqlo_Dong_Khoi-Ho_Chi_Minh_City.html,171,tripadvisor_vn
Công Viên Văn Hóa Lê Thị Riêng,Công viên,Ho Chi Minh City,https://www.tripadvisor.com.vn/Attraction_Review-g293925-d10000822-Reviews-Le_Thi_Rieng_Culture_Park-Ho_Chi_Minh_City.html,172,tripadvisor_vn
Phan's Custom Tailor,Cửa hàng đặc sản & cửa hàng quà tặng,Ho Chi Minh City,https://www.tripadvisor.com.vn/Attraction_Review-g293925-d4795476-Reviews-Phan_s_Custom_Tailor-Ho_Chi_Minh_City.html,173,tripadvisor_vn
TNK Travel,Tour thăm quan thành phố • Chuyến tham quan lịch sử & di sản,Ho Chi Minh City,https://www.tripadvisor.com.vn/Attraction_Review-g293925-d1557134-Reviews-TNK_Travel-Ho_Chi_Minh_City.html,174,tripadvisor_vn
Hoa Ca Crocodile Farm,Nông trại,Ho Chi Minh City,https://www.tripadvisor.com.vn/Attraction_Review-g293925-d6975254-Reviews-Hoa_Ca_Crocodile_Farm-Ho_Chi_Minh_City.html,175,tripadvisor_vn
Skybar thư giãn,Quán bar & câu lạc bộ,Ho Chi Minh City,https://www.tripadvisor.com.vn/Attraction_Review-g293925-d2336225-Reviews-Chill_Skybar-Ho_Chi_Minh_City.html,176,tripadvisor_vn
Phật Bảo Nghiêm Trấn,Triển lãm,Ho Chi Minh City,https://www.tripadvisor.com.vn/Attraction_Review-g293925-d33067153-Reviews-Ph_t_B_o_Nghiem_Tr_n-Ho_Chi_Minh_City.html,177,tripadvisor_vn
Sann The House Of Art,Phòng trưng bày nghệ thuật • Viện bảo tàng chuyên ngành,Ho Chi Minh City,https://www.tripadvisor.com.vn/Attraction_Review-g293925-d27525355-Reviews-Sann_The_House_Of_Art-Ho_Chi_Minh_City.html,178,tripadvisor_vn
Vietnam Travel Group,Chuyến tham quan nhiều ngày • Chuyến tham quan ngắm cảnh,Ho Chi Minh City,https://www.tripadvisor.com.vn/Attraction_Review-g293925-d7333808-Reviews-Vietnam_Travel_Group-Ho_Chi_Minh_City.html,179,tripadvisor_vn
Note - The Scent Lab Nguyen Hue,Buổi học & hội thảo,Ho Chi Minh City,https://www.tripadvisor.com.vn/Attraction_Review-g293925-d33357814-Reviews-NOTE_The_Scent_Lab_Nguyen_Hue-Ho_Chi_Minh_City.html,180,tripadvisor_vn
Palazzo Club,Sòng bạc • Trung tâm trò chơi & giải trí,Ho Chi Minh City,https://www.tripadvisor.com.vn/Attraction_Review-g293925-d8263887-Reviews-Palazzo_Club-Ho_Chi_Minh_City.html,181,tripadvisor_vn
Saigon Ink,Cửa hàng đặc sản & cửa hàng quà tặng,Ho Chi Minh City,https://www.tripadvisor.com.vn/Attraction_Review-g293925-d33350503-Reviews-Saigon_Ink-Ho_Chi_Minh_City.html,182,tripadvisor_vn
Corny Beauty Lab Nail And Lashes,Spa • Spa nước nóng,Ho Chi Minh City,https://www.tripadvisor.com.vn/Attraction_Review-g293925-d33334970-Reviews-Corny_Beauty_Lab_Nail_And_Lashes-Ho_Chi_Minh_City.html,183,tripadvisor_vn
Acuro Flight Simulator Center,Trung tâm trò chơi & giải trí,Ho Chi Minh City,https://www.tripadvisor.com.vn/Attraction_Review-g293925-d32983757-Reviews-Acuro_Flight_Simulator_Center-Ho_Chi_Minh_City.html,184,tripadvisor_vn
Golden Lotus Relax,Spa,Ho Chi Minh City,https://www.tripadvisor.com.vn/Attraction_Review-g293925-d6864271-Reviews-Golden_Lotus_Relax-Ho_Chi_Minh_City.html,185,tripadvisor_vn
Vincom Mega Mall Grand Park,Trung tâm mua sắm,Ho Chi Minh City,https://www.tripadvisor.com.vn/Attraction_Review-g293925-d32706121-Reviews-Vincom_Mega_Mall_Grand_Park-Ho_Chi_Minh_City.html,186,tripadvisor_vn
Công Viên Đầm Sen,Công viên giải trí & công viên chủ đề,Ho Chi Minh City,https://www.tripadvisor.com.vn/Attraction_Review-g293925-d16657089-Reviews-Dam_Sen_Park-Ho_Chi_Minh_City.html,187,tripadvisor_vn
Phù Châu Miếu (Miếu Nổi),Địa điểm tôn giáo,Ho Chi Minh City,https://www.tripadvisor.com.vn/Attraction_Review-g293925-d17739279-Reviews-Phu_Chau_Floating_Temple_Mieu_Noi-Ho_Chi_Minh_City.html,188,tripadvisor_vn
Hạ Spa - Massage Ho Chi Minh City,Spa,Ho Chi Minh City,https://www.tripadvisor.com.vn/Attraction_Review-g293925-d25551844-Reviews-H_Spa_Massage_Ho_Chi_Minh_City-Ho_Chi_Minh_City.html,189,tripadvisor_vn
Drink Vietnam,Cửa hàng đặc sản & cửa hàng quà tặng • Viện bảo tàng chuyên ngành,Ho Chi Minh City,https://www.tripadvisor.com.vn/Attraction_Review-g293925-d12719595-Reviews-Drink_Vietnam-Ho_Chi_Minh_City.html,190,tripadvisor_vn
Note - The Scent Lab,Cửa hàng đặc sản & cửa hàng quà tặng • Buổi học & hội thảo,Ho Chi Minh City,https://www.tripadvisor.com.vn/Attraction_Review-g293925-d25303789-Reviews-NOTE_The_Scent_Lab-Ho_Chi_Minh_City.html,191,tripadvisor_vn
Guchi Hair Salon,Đang mở cửa,Ho Chi Minh City,https://www.tripadvisor.com.vn/Attraction_Review-g293925-d33239129-Reviews-Guchi_Hair_Salon-Ho_Chi_Minh_City.html,192,tripadvisor_vn
Euphorea Salon And Spa - Bason Branch,Spa,Ho Chi Minh City,https://www.tripadvisor.com.vn/Attraction_Review-g293925-d23300698-Reviews-Euphorea_Salon_And_Spa_Bason-Ho_Chi_Minh_City.html,193,tripadvisor_vn
La Maison Saigon Spa,Spa,Ho Chi Minh City,https://www.tripadvisor.com.vn/Attraction_Review-g293925-d33972276-Reviews-La_Maison_Spa_Saigon-Ho_Chi_Minh_City.html,194,tripadvisor_vn
Moji Shop 92 Ho Tung Mau,Trung tâm mua sắm,Ho Chi Minh City,https://www.tripadvisor.com.vn/Attraction_Review-g293925-d32983638-Reviews-Moji_Shop_92_Ho_Tung_Mau-Ho_Chi_Minh_City.html,195,tripadvisor_vn
The Spa at The Reverie Saigon,Spa,Ho Chi Minh City,https://www.tripadvisor.com.vn/Attraction_Review-g293925-d11918966-Reviews-The_Spa_at_The_Reverie_Saigon-Ho_Chi_Minh_City.html,196,tripadvisor_vn
Golden Lotus Healing World,Spa,Ho Chi Minh City,https://www.tripadvisor.com.vn/Attraction_Review-g293925-d11746398-Reviews-Golden_Lotus_Healing_World-Ho_Chi_Minh_City.html,197,tripadvisor_vn
amaï,Cửa hàng đặc sản & cửa hàng quà tặng,Ho Chi Minh City,https://www.tripadvisor.com.vn/Attraction_Review-g293925-d8556994-Reviews-Amai_house-Ho_Chi_Minh_City.html,198,tripadvisor_vn
Nara Spa - Wellness Spa In District 3,Spa,Ho Chi Minh City,https://www.tripadvisor.com.vn/Attraction_Review-g293925-d33222223-Reviews-Nara_Spa_Wellness_Spa_In_District_3-Ho_Chi_Minh_City.html,199,tripadvisor_vn
My Spa,Spa,Ho Chi Minh City,https://www.tripadvisor.com.vn/Attraction_Review-g293925-d2154294-Reviews-My_Spa-Ho_Chi_Minh_City.html,200,tripadvisor_vn
Monkee Shisha Lounge Saigon,Quán bar & câu lạc bộ,Ho Chi Minh City,https://www.tripadvisor.com.vn/Attraction_Review-g293925-d24162332-Reviews-Monkee_Shisha_Lounge_Saigon-Ho_Chi_Minh_City.html,201,tripadvisor_vn
Norah Spa,Spa,Ho Chi Minh City,https://www.tripadvisor.com.vn/Attraction_Review-g293925-d25574736-Reviews-Norah_Spa-Ho_Chi_Minh_City.html,202,tripadvisor_vn
Vie Limo,Taxi & xe đưa đón,Ho Chi Minh City,https://www.tripadvisor.com.vn/Attraction_Review-g293925-d20910619-Reviews-Vie_Limo-Ho_Chi_Minh_City.html,203,tripadvisor_vn
Saigon Heritage Spa,Spa,Ho Chi Minh City,https://www.tripadvisor.com.vn/Attraction_Review-g293925-d3749935-Reviews-Saigon_Heritage_Spa-Ho_Chi_Minh_City.html,204,tripadvisor_vn
Apocalypse Now Bar,Quán bar & câu lạc bộ,Ho Chi Minh City,https://www.tripadvisor.com.vn/Attraction_Review-g293925-d7109031-Reviews-Apocalypse_Now_Bar-Ho_Chi_Minh_City.html,205,tripadvisor_vn
Annam Spa - Therapy - Wellness & Relaxation,Spa,Ho Chi Minh City,https://www.tripadvisor.com.vn/Attraction_Review-g293925-d32843138-Reviews-Annam_Spa_Therapy_Wellness_Relaxation-Ho_Chi_Minh_City.html,206,tripadvisor_vn
Nhà may Tuyển Tailor's,Cửa hàng đặc sản & cửa hàng quà tặng,Ho Chi Minh City,https://www.tripadvisor.com.vn/Attraction_Review-g293925-d10525874-Reviews-Tuyen_Tailor-Ho_Chi_Minh_City.html,207,tripadvisor_vn
Thị Trấn Tuyết,Trung tâm trò chơi & giải trí,Ho Chi Minh City,https://www.tripadvisor.com.vn/Attraction_Review-g293925-d12231655-Reviews-Snow_Town-Ho_Chi_Minh_City.html,208,tripadvisor_vn
Kim Travel,Chuyến tham quan văn hóa • Chuyến tham quan lịch sử & di sản,Ho Chi Minh City,https://www.tripadvisor.com.vn/Attraction_Review-g293925-d6721127-Reviews-Kim_Travel-Ho_Chi_Minh_City.html,209,tripadvisor_vn
Azure Pool Bar & Lounge,Quầy bar dành cho người đồng tính • Spa,Ho Chi Minh City,https://www.tripadvisor.com.vn/Attraction_Review-g293925-d27939068-Reviews-Azure_Pool_Bar_Lounge-Ho_Chi_Minh_City.html,210,tripadvisor_vn
Lacàph Coffee Experiences Space,Buổi học & hội thảo • Lớp nấu ăn,Ho Chi Minh City,https://www.tripadvisor.com.vn/Attraction_Review-g293925-d21493307-Reviews-Lacaph_Coffee_Experiences_Space-Ho_Chi_Minh_City.html,211,tripadvisor_vn
Euphorea Salon and Spa,Spa,Ho Chi Minh City,https://www.tripadvisor.com.vn/Attraction_Review-g293925-d15592702-Reviews-Euphorea_Salon_and_Spa-Ho_Chi_Minh_City.html,212,tripadvisor_vn
Foot Massage Salon Quỳnh Như 137,Spa,Ho Chi Minh City,https://www.tripadvisor.com.vn/Attraction_Review-g293925-d2334935-Reviews-Foot_Massage_Salon_Quynh_Nhu_137-Ho_Chi_Minh_City.html,213,tripadvisor_vn
Elegant Silk,Cửa hàng đặc sản & cửa hàng quà tặng,Ho Chi Minh City,https://www.tripadvisor.com.vn/Attraction_Review-g293925-d7141990-Reviews-Elegant_Silk-Ho_Chi_Minh_City.html,214,tripadvisor_vn
Chef Vu Cooking Class,Lớp nấu ăn,Ho Chi Minh City,https://www.tripadvisor.com.vn/Attraction_Review-g293925-d8602875-Reviews-Chef_Vu_Cooking_Class-Ho_Chi_Minh_City.html,215,tripadvisor_vn
Amaï Dong Khoi,Cửa hàng đặc sản & cửa hàng quà tặng,Ho Chi Minh City,https://www.tripadvisor.com.vn/Attraction_Review-g293925-d27296727-Reviews-Amai_Dong_Khoi-Ho_Chi_Minh_City.html,216,tripadvisor_vn
Can You Keep A Secret?,Quán bar & câu lạc bộ • Quầy bar xì gà,Ho Chi Minh City,https://www.tripadvisor.com.vn/Attraction_Review-g293925-d27747708-Reviews-Can_You_Keep_A_Secret-Ho_Chi_Minh_City.html,217,tripadvisor_vn
Ipa-Nima,Cửa hàng đặc sản & cửa hàng quà tặng • Cửa hàng của nhà máy,Ho Chi Minh City,https://www.tripadvisor.com.vn/Attraction_Review-g293925-d967468-Reviews-Ipa_Nima-Ho_Chi_Minh_City.html,218,tripadvisor_vn
SST TRAVEL,Tour thăm quan thành phố • Chuyến tham quan nhiều ngày,Ho Chi Minh City,https://www.tripadvisor.com.vn/Attraction_Review-g293925-d17543751-Reviews-SST_TRAVEL-Ho_Chi_Minh_City.html,219,tripadvisor_vn
Provincial Table Cooking Class,Lớp nấu ăn,Ho Chi Minh City,https://www.tripadvisor.com.vn/Attraction_Review-g293925-d14776389-Reviews-Provincial_Table_Cooking_Class-Ho_Chi_Minh_City.html,220,tripadvisor_vn
Thuy Design House,Cửa hàng đặc sản & cửa hàng quà tặng,Ho Chi Minh City,https://www.tripadvisor.com.vn/Attraction_Review-g293925-d6994939-Reviews-Thuy_Design_House-Ho_Chi_Minh_City.html,221,tripadvisor_vn
Hoang's Kitchen Cooking Class,Lớp nấu ăn,Ho Chi Minh City,https://www.tripadvisor.com.vn/Attraction_Review-g293925-d28120938-Reviews-Hoang_s_Kitchen_Cooking_Class-Ho_Chi_Minh_City.html,222,tripadvisor_vn
Saigon Jane T-Shirt Shop,Cửa hàng đặc sản & cửa hàng quà tặng,Ho Chi Minh City,https://www.tripadvisor.com.vn/Attraction_Review-g293925-d9467065-Reviews-Saigon_Jane_T_Shirt_Shop-Ho_Chi_Minh_City.html,223,tripadvisor_vn
Laura's Saigon Gifts,Cửa hàng đặc sản & cửa hàng quà tặng • Cửa hàng đồ cổ,Ho Chi Minh City,https://www.tripadvisor.com.vn/Attraction_Review-g293925-d26322637-Reviews-Laura_s_Saigon_Gifts-Ho_Chi_Minh_City.html,224,tripadvisor_vn
Push Rock Climbing,Trung tâm trò chơi & giải trí,Ho Chi Minh City,https://www.tripadvisor.com.vn/Attraction_Review-g293925-d10068595-Reviews-Push_Rock_Climbing-Ho_Chi_Minh_City.html,225,tripadvisor_vn
Saigon On Motorbike,Chuyến tham quan bằng mô tô • Nếm bia & tham quan,Ho Chi Minh City,https://www.tripadvisor.com.vn/Attraction_Review-g293925-d8775058-Reviews-Saigon_On_Motorbike-Ho_Chi_Minh_City.html,226,tripadvisor_vn
Vietopia,Trung tâm trò chơi & giải trí,Ho Chi Minh City,https://www.tripadvisor.com.vn/Attraction_Review-g293925-d8071230-Reviews-Vietopia-Ho_Chi_Minh_City.html,227,tripadvisor_vn
Master Escape,Trò chơi giải thoát,Ho Chi Minh City,https://www.tripadvisor.com.vn/Attraction_Review-g293925-d27130109-Reviews-Master_Escape-Ho_Chi_Minh_City.html,228,tripadvisor_vn
Glow Spa,Spa,Ho Chi Minh City,https://www.tripadvisor.com.vn/Attraction_Review-g293925-d1546696-Reviews-Glow_Spa-Ho_Chi_Minh_City.html,229,tripadvisor_vn
Vietnam Golf & Country Club,Sân gôn,Ho Chi Minh City,https://www.tripadvisor.com.vn/Attraction_Review-g293925-d4170589-Reviews-Vietnam_Golf_Country_Club-Ho_Chi_Minh_City.html,230,tripadvisor_vn
Oasis Spa,Spa,Ho Chi Minh City,https://www.tripadvisor.com.vn/Attraction_Review-g293925-d12295934-Reviews-Oasis_Spa-Ho_Chi_Minh_City.html,231,tripadvisor_vn
VR Top of Vietnam,Trung tâm trò chơi & giải trí,Ho Chi Minh City,https://www.tripadvisor.com.vn/Attraction_Review-g293925-d17379155-Reviews-VR_Top_of_Vietnam-Ho_Chi_Minh_City.html,232,tripadvisor_vn
Onsen & Wellness Việt,Nhà tắm kiểu Ả Rập • Nhà tắm hơi & nhà tắm kiểu Thổ Nhĩ Kỳ,Ho Chi Minh City,https://www.tripadvisor.com.vn/Attraction_Review-g293925-d34002993-Reviews-Onsen_Wellness_Vi_t-Ho_Chi_Minh_City.html,233,tripadvisor_vn
Mộc Kim Spa & Beauty,Spa,Ho Chi Minh City,https://www.tripadvisor.com.vn/Attraction_Review-g293925-d28285527-Reviews-M_c_Kim_Spa_Beauty-Ho_Chi_Minh_City.html,234,tripadvisor_vn
Shimmer Silver,Cửa hàng đặc sản & cửa hàng quà tặng,Ho Chi Minh City,https://www.tripadvisor.com.vn/Attraction_Review-g293925-d6601902-Reviews-Shimmer_Silver-Ho_Chi_Minh_City.html,235,tripadvisor_vn
Bong Spa ( Branch Truong Dinh),Spa • Spa nước nóng,Ho Chi Minh City,https://www.tripadvisor.com.vn/Attraction_Review-g293925-d17604603-Reviews-Bong_Spa_Branch_Truong_Dinh-Ho_Chi_Minh_City.html,236,tripadvisor_vn
Rex Hotel Rooftop Bar,Quán bar & câu lạc bộ,Ho Chi Minh City,https://www.tripadvisor.com.vn/Attraction_Review-g293925-d455410-Reviews-Rex_Hotel_Rooftop_Bar-Ho_Chi_Minh_City.html,237,tripadvisor_vn
Serene Spa - Sai Gon Premium Branch,Spa • Spa nước nóng,Ho Chi Minh City,https://www.tripadvisor.com.vn/Attraction_Review-g293925-d34594730-Reviews-Serene_Spa_Sai_Gon_Premium_Branch-Ho_Chi_Minh_City.html,238,tripadvisor_vn
May Spa,Spa,Ho Chi Minh City,https://www.tripadvisor.com.vn/Attraction_Review-g293925-d8602484-Reviews-May_Spa-Ho_Chi_Minh_City.html,239,tripadvisor_vn
Jamlos Flagship,Cửa hàng đặc sản & cửa hàng quà tặng • Trung tâm mua sắm,Ho Chi Minh City,https://www.tripadvisor.com.vn/Attraction_Review-g293925-d28879585-Reviews-Jamlos_canvas-Ho_Chi_Minh_City.html,240,tripadvisor_vn
Minh Nguyen Tailor,Cửa hàng đặc sản & cửa hàng quà tặng,Ho Chi Minh City,https://www.tripadvisor.com.vn/Attraction_Review-g293925-d6961416-Reviews-Minh_Nguyen_Tailor-Ho_Chi_Minh_City.html,241,tripadvisor_vn
Saigon Adventure,Chuyến tham quan văn hóa • Chuyến tham quan mua sắm,Ho Chi Minh City,https://www.tripadvisor.com.vn/Attraction_Review-g293925-d8599407-Reviews-Saigon_Adventure-Ho_Chi_Minh_City.html,242,tripadvisor_vn
Saigon Sports Club,Câu lạc bộ sức khỏe,Ho Chi Minh City,https://www.tripadvisor.com.vn/Attraction_Review-g293925-d8517570-Reviews-Saigon_Sports_Club-Ho_Chi_Minh_City.html,243,tripadvisor_vn
Nadam Spa,Spa,Ho Chi Minh City,https://www.tripadvisor.com.vn/Attraction_Review-g293925-d7057020-Reviews-Nadam_Spa-Ho_Chi_Minh_City.html,244,tripadvisor_vn
Nhà May Phạm Minh,Cửa hàng đặc sản & cửa hàng quà tặng,Ho Chi Minh City,https://www.tripadvisor.com.vn/Attraction_Review-g293925-d4881460-Reviews-Pham_Minh_Tailor-Ho_Chi_Minh_City.html,245,tripadvisor_vn
Pub Crawl Saigon,Quán bar & câu lạc bộ,Ho Chi Minh City,https://www.tripadvisor.com.vn/Attraction_Review-g293925-d7273452-Reviews-Pub_Crawl_Saigon-Ho_Chi_Minh_City.html,246,tripadvisor_vn
Viet Thanh Silk - Tailor,Cửa hàng đặc sản & cửa hàng quà tặng,Ho Chi Minh City,https://www.tripadvisor.com.vn/Attraction_Review-g293925-d4771094-Reviews-Viet_Thanh_Silk_Tailor-Ho_Chi_Minh_City.html,247,tripadvisor_vn
Saigon Kitsch,Cửa hàng đặc sản & cửa hàng quà tặng,Ho Chi Minh City,https://www.tripadvisor.com.vn/Attraction_Review-g293925-d7596221-Reviews-Saigon_Kitsch-Ho_Chi_Minh_City.html,248,tripadvisor_vn
Hội BoardGame Ánh Trăng,Trung tâm trò chơi & giải trí,Ho Chi Minh City,https://www.tripadvisor.com.vn/Attraction_Review-g293925-d27686907-Reviews-H_i_BoardGame_Anh_Trang-Ho_Chi_Minh_City.html,249,tripadvisor_vn
Tóc Mai - Head Spa,Spa • Spa nước nóng,Ho Chi Minh City,https://www.tripadvisor.com.vn/Attraction_Review-g293925-d20171721-Reviews-Toc_Mai_Head_Spa-Ho_Chi_Minh_City.html,250,tripadvisor_vn
Norah Spa 2,Spa,Ho Chi Minh City,https://www.tripadvisor.com.vn/Attraction_Review-g293925-d27478200-Reviews-Norah_Spa_2-Ho_Chi_Minh_City.html,251,tripadvisor_vn
Enjoy Massage Therapy,Spa,Ho Chi Minh City,https://www.tripadvisor.com.vn/Attraction_Review-g293925-d1371527-Reviews-Enjoy_Massage_Therapy-Ho_Chi_Minh_City.html,252,tripadvisor_vn
Mido Spa,Spa,Ho Chi Minh City,https://www.tripadvisor.com.vn/Attraction_Review-g293925-d19408793-Reviews-Mido_Spa-Ho_Chi_Minh_City.html,253,tripadvisor_vn
22Spa,Spa,Ho Chi Minh City,https://www.tripadvisor.com.vn/Attraction_Review-g293925-d15212886-Reviews-22Spa-Ho_Chi_Minh_City.html,254,tripadvisor_vn
VN Bike Tour,Tour thăm quan thành phố • Chuyến tham quan bằng mô tô,Ho Chi Minh City,https://www.tripadvisor.com.vn/Attraction_Review-g293925-d8610811-Reviews-VN_Bike_Tour-Ho_Chi_Minh_City.html,255,tripadvisor_vn
Siz Spa - Best Massage Spa and Packages - District 1,Spa,Ho Chi Minh City,https://www.tripadvisor.com.vn/Attraction_Review-g293925-d28108702-Reviews-Siz_Spa_Best_Massage_Spa_and_Packages_District_1-Ho_Chi_Minh_City.html,256,tripadvisor_vn
Stevie's Garage,Cho thuê tiện ích,Ho Chi Minh City,https://www.tripadvisor.com.vn/Attraction_Review-g293925-d10926187-Reviews-Stevie_s_Garage-Ho_Chi_Minh_City.html,257,tripadvisor_vn
Lua's Kitchen - Vietnamese Homestyle Cooking Class,Buổi học & hội thảo • Lớp nấu ăn,Ho Chi Minh City,https://www.tripadvisor.com.vn/Attraction_Review-g293925-d14054034-Reviews-Lua_s_Kitchen_Vietnamese_Homestyle_Cooking_Class-Ho_Chi_Minh_City.html,258,tripadvisor_vn
ManGii Custom - Suit and Shoes,Cửa hàng đặc sản & cửa hàng quà tặng,Ho Chi Minh City,https://www.tripadvisor.com.vn/Attraction_Review-g293925-d8317497-Reviews-ManGii_Custom_Suit_and_Shoes-Ho_Chi_Minh_City.html,259,tripadvisor_vn
On Spa Massages,Điểm thu hút khách tham quan & thắng cảnh • Spa,Ho Chi Minh City,https://www.tripadvisor.com.vn/Attraction_Review-g293925-d28559328-Reviews-On_Spa_Massage-Ho_Chi_Minh_City.html,260,tripadvisor_vn
M.O.M Cooking Class,Lớp nấu ăn,Ho Chi Minh City,https://www.tripadvisor.com.vn/Attraction_Review-g293925-d12365770-Reviews-M_O_M_Cooking_Class-Ho_Chi_Minh_City.html,261,tripadvisor_vn
Duy Tan - Saigon Artisan,Cửa hàng đặc sản & cửa hàng quà tặng,Ho Chi Minh City,https://www.tripadvisor.com.vn/Attraction_Review-g293925-d3763209-Reviews-Duy_Tan_Saigon_Artisan-Ho_Chi_Minh_City.html,262,tripadvisor_vn
Moc Huong Spa,Spa,Ho Chi Minh City,https://www.tripadvisor.com.vn/Attraction_Review-g293925-d3567267-Reviews-Moc_Huong_Spa-Ho_Chi_Minh_City.html,263,tripadvisor_vn
Byfas Designer House,Cửa hàng đặc sản & cửa hàng quà tặng • Trung tâm mua sắm,Ho Chi Minh City,https://www.tripadvisor.com.vn/Attraction_Review-g293925-d10092053-Reviews-Byfas_Designer_House-Ho_Chi_Minh_City.html,264,tripadvisor_vn
Carmen Bar,Quán bar & câu lạc bộ • Rạp hát kiêm nhà hàng,Ho Chi Minh City,https://www.tripadvisor.com.vn/Attraction_Review-g293925-d4411306-Reviews-Carmen_Bar-Ho_Chi_Minh_City.html,265,tripadvisor_vn
Lá Sen Spa,Spa,Ho Chi Minh City,https://www.tripadvisor.com.vn/Attraction_Review-g293925-d12374411-Reviews-La_Sen_Spa-Ho_Chi_Minh_City.html,266,tripadvisor_vn
Ukiyo Spa,Spa,Ho Chi Minh City,https://www.tripadvisor.com.vn/Attraction_Review-g293925-d25073674-Reviews-Ukiyo_Spa-Ho_Chi_Minh_City.html,267,tripadvisor_vn
Zen Spa - Foot & Body Massage,Spa,Ho Chi Minh City,https://www.tripadvisor.com.vn/Attraction_Review-g293925-d14116019-Reviews-Zen_Spa_Foot_Body_Massage-Ho_Chi_Minh_City.html,268,tripadvisor_vn
XO Tours,Tour thăm quan thành phố • Chuyến tham quan ban đêm,Ho Chi Minh City,https://www.tripadvisor.com.vn/Attraction_Review-g293925-d2044621-Reviews-XO_Tours-Ho_Chi_Minh_City.html,269,tripadvisor_vn
Sả Spa,Spa,Ho Chi Minh City,https://www.tripadvisor.com.vn/Attraction_Review-g293925-d12969306-Reviews-Sa_Spa-Ho_Chi_Minh_City.html,270,tripadvisor_vn
NP Brows & Lashes,Xưởng vẽ & làm đồ gốm,Ho Chi Minh City,https://www.tripadvisor.com.vn/Attraction_Review-g293925-d20295587-Reviews-NP_Brows_Lashes-Ho_Chi_Minh_City.html,271,tripadvisor_vn
Mon Amie Tailor - Best Tailor in HCMC,Cửa hàng đặc sản & cửa hàng quà tặng,Ho Chi Minh City,https://www.tripadvisor.com.vn/Attraction_Review-g293925-d13934245-Reviews-Mon_Amie_Tailor_Best_Tailor_in_HCMC-Ho_Chi_Minh_City.html,272,tripadvisor_vn
Asiana Link Travel,Chuyến tham quan văn hóa • Chuyến tham quan bằng thuyền,Ho Chi Minh City,https://www.tripadvisor.com.vn/Attraction_Review-g293925-d6351606-Reviews-Asiana_Link_Travel-Ho_Chi_Minh_City.html,273,tripadvisor_vn
"Cele'B - Boutique Spa, Art Nails, Hair Deluxe",Spa,Ho Chi Minh City,https://www.tripadvisor.com.vn/Attraction_Review-g293925-d26720262-Reviews-Cele_B_Boutique_Spa_Art_Nails_Hair_Deluxe-Ho_Chi_Minh_City.html,274,tripadvisor_vn
2 Lam Son Bar,Quán bar & câu lạc bộ,Ho Chi Minh City,https://www.tripadvisor.com.vn/Attraction_Review-g293925-d4108043-Reviews-2_Lam_Son_Bar-Ho_Chi_Minh_City.html,275,tripadvisor_vn
KaT Jewelry,Cửa hàng đặc sản & cửa hàng quà tặng,Ho Chi Minh City,https://www.tripadvisor.com.vn/Attraction_Review-g293925-d11741717-Reviews-KaT_Jewelry-Ho_Chi_Minh_City.html,276,tripadvisor_vn
69Sauna,Spa,Ho Chi Minh City,https://www.tripadvisor.com.vn/Attraction_Review-g293925-d27128455-Reviews-69Sauna-Ho_Chi_Minh_City.html,277,tripadvisor_vn
"""Mai"" Home - The Saigon Culinary Art Centre",Lớp nấu ăn,Ho Chi Minh City,https://www.tripadvisor.com.vn/Attraction_Review-g293925-d2559479-Reviews-Mai_Home_The_Saigon_Culinary_Art_Centre-Ho_Chi_Minh_City.html,278,tripadvisor_vn
Concept Coiffure,Spa,Ho Chi Minh City,https://www.tripadvisor.com.vn/Attraction_Review-g293925-d2414201-Reviews-Concept_Coiffure-Ho_Chi_Minh_City.html,279,tripadvisor_vn
Charm Spa Garden -Quận 1,Spa,Ho Chi Minh City,https://www.tripadvisor.com.vn/Attraction_Review-g293925-d34311620-Reviews-Charm_Spa_Garden_Qu_n_1-Ho_Chi_Minh_City.html,280,tripadvisor_vn
ACE TRAVELS,Chuyến đi trong ngày,Ho Chi Minh City,https://www.tripadvisor.com.vn/Attraction_Review-g293925-d27173896-Reviews-ACE_TRAVELS-Ho_Chi_Minh_City.html,281,tripadvisor_vn
Golden Lotus Healing Land,Spa,Ho Chi Minh City,https://www.tripadvisor.com.vn/Attraction_Review-g293925-d5957860-Reviews-Golden_Lotus_Healing_Land-Ho_Chi_Minh_City.html,282,tripadvisor_vn
Arcan Saigon - Underground Night Club,Quán bar & câu lạc bộ • Câu lạc bộ khiêu vũ & vũ trường,Ho Chi Minh City,https://www.tripadvisor.com.vn/Attraction_Review-g293925-d14134897-Reviews-Arcan_Saigon_Underground_Night_Club-Ho_Chi_Minh_City.html,283,tripadvisor_vn
Kocochi Spa,Spa,Ho Chi Minh City,https://www.tripadvisor.com.vn/Attraction_Review-g293925-d25065842-Reviews-Kocochi_Spa-Ho_Chi_Minh_City.html,284,tripadvisor_vn
Qspa - Retreat & Beauty Care Svh,Spa,Ho Chi Minh City,https://www.tripadvisor.com.vn/Attraction_Review-g293925-d11872390-Reviews-Qspa_Retreat_Beauty_Care_Center-Ho_Chi_Minh_City.html,285,tripadvisor_vn
Airport Bus # 152,Taxi & xe đưa đón,Ho Chi Minh City,https://www.tripadvisor.com.vn/Attraction_Review-g293925-d12698370-Reviews-Airport_Bus_152-Ho_Chi_Minh_City.html,286,tripadvisor_vn
Quán cafe EON,Quán cà phê,Ho Chi Minh City,https://www.tripadvisor.com.vn/Attraction_Review-g293925-d7700073-Reviews-Cafe_EON-Ho_Chi_Minh_City.html,287,tripadvisor_vn
Saigon River Tour,Chuyến tham quan lịch sử & di sản • Chuyến tham quan bằng thuyền,Ho Chi Minh City,https://www.tripadvisor.com.vn/Attraction_Review-g293925-d4097768-Reviews-Saigon_River_Tour-Ho_Chi_Minh_City.html,288,tripadvisor_vn
Saigon Transfers,Taxi & xe đưa đón,Ho Chi Minh City,https://www.tripadvisor.com.vn/Attraction_Review-g293925-d12432519-Reviews-Saigon_Transfers-Ho_Chi_Minh_City.html,290,tripadvisor_vn
Vn Spa,Spa,Ho Chi Minh City,https://www.tripadvisor.com.vn/Attraction_Review-g293925-d33338784-Reviews-Vn_Spa-Ho_Chi_Minh_City.html,291,tripadvisor_vn
Fanfan Outdoor Equipment Store,Cửa hàng đặc sản & cửa hàng quà tặng,Ho Chi Minh City,https://www.tripadvisor.com.vn/Attraction_Review-g293925-d33953078-Reviews-Fanfan_Outdoor_Equipment_Store-Ho_Chi_Minh_City.html,292,tripadvisor_vn
Wäbē Säbē,Cửa hàng đặc sản & cửa hàng quà tặng,Ho Chi Minh City,https://www.tripadvisor.com.vn/Attraction_Review-g293925-d26875853-Reviews-Wabe_Sabe-Ho_Chi_Minh_City.html,293,tripadvisor_vn
HAEU Salon,Đang mở cửa,Ho Chi Minh City,https://www.tripadvisor.com.vn/Attraction_Review-g293925-d26145540-Reviews-HAEU_Salon-Ho_Chi_Minh_City.html,294,tripadvisor_vn
Indochina Heritage Travel,Tour thăm quan thành phố • Chuyến tham quan lịch sử & di sản,Ho Chi Minh City,https://www.tripadvisor.com.vn/Attraction_Review-g293925-d6982572-Reviews-Indochina_Heritage_Travel-Ho_Chi_Minh_City.html,295,tripadvisor_vn
NAP Healing & Wellness,Spa,Ho Chi Minh City,https://www.tripadvisor.com.vn/Attraction_Review-g293925-d34495164-Reviews-NAP_Healing_Wellness-Ho_Chi_Minh_City.html,296,tripadvisor_vn
L'Apothiquaire Spa,Yoga & pilate • Spa,Ho Chi Minh City,https://www.tripadvisor.com.vn/Attraction_Review-g293925-d1170827-Reviews-L_Apothiquaire_Spa-Ho_Chi_Minh_City.html,297,tripadvisor_vn
Quý Phi Spa Quận Gò Vấp,Spa,Ho Chi Minh City,https://www.tripadvisor.com.vn/Attraction_Review-g293925-d23736709-Reviews-Quy_Phi_Spa_Qu_n_Go_V_p-Ho_Chi_Minh_City.html,298,tripadvisor_vn
Emes Escape Room,Trò chơi giải thoát,Ho Chi Minh City,https://www.tripadvisor.com.vn/Attraction_Review-g293925-d28454178-Reviews-Emes_Escape_Room-Ho_Chi_Minh_City.html,299,tripadvisor_vn
Cây Đầu To,Cửa hàng đặc sản & cửa hàng quà tặng,Ho Chi Minh City,https://www.tripadvisor.com.vn/Attraction_Review-g293925-d24001941-Reviews-Cay_D_u_To-Ho_Chi_Minh_City.html,300,tripadvisor_vn
Body Shape - Gym Thao Dien,Câu lạc bộ sức khỏe • Khu liên hợp thể thao,Ho Chi Minh City,https://www.tripadvisor.com.vn/Attraction_Review-g293925-d4177826-Reviews-Body_Shape_Gym_Thao_Dien-Ho_Chi_Minh_City.html,301,tripadvisor_vn
Sol Spa - Saigon Liberty Riverside,Spa,Ho Chi Minh City,https://www.tripadvisor.com.vn/Attraction_Review-g293925-d25354953-Reviews-SOL_SPA_Saigon_Liberty_Riverside-Ho_Chi_Minh_City.html,302,tripadvisor_vn
Vinasun Taxi,Taxi & xe đưa đón,Ho Chi Minh City,https://www.tripadvisor.com.vn/Attraction_Review-g293925-d8869748-Reviews-Vinasun_Taxi-Ho_Chi_Minh_City.html,303,tripadvisor_vn
An Dong Market,Cửa hàng đặc sản & cửa hàng quà tặng,Ho Chi Minh City,https://www.tripadvisor.com.vn/Attraction_Review-g293925-d4552856-Reviews-An_Dong_Market-Ho_Chi_Minh_City.html,304,tripadvisor_vn
Spa Gallery,Spa,Ho Chi Minh City,https://www.tripadvisor.com.vn/Attraction_Review-g293925-d10455052-Reviews-Spa_Gallery-Ho_Chi_Minh_City.html,305,tripadvisor_vn
Metiseko - Saigon,Cửa hàng đặc sản & cửa hàng quà tặng,Ho Chi Minh City,https://www.tripadvisor.com.vn/Attraction_Review-g293925-d12600679-Reviews-Metiseko_Saigon-Ho_Chi_Minh_City.html,306,tripadvisor_vn
Laboho Spa,Spa,Ho Chi Minh City,https://www.tripadvisor.com.vn/Attraction_Review-g293925-d26791887-Reviews-Laboho_Spa-Ho_Chi_Minh_City.html,307,tripadvisor_vn
"Vietnam 5G SIM Card – 24/7 Pickup at Tan Son Nhat Airport, Ho Chi Minh City",Cho thuê tiện ích,Ho Chi Minh City,https://www.tripadvisor.com.vn/Attraction_Review-g293925-d34418206-Reviews-Vietnam_5G_SIM_Card_24_7_Pickup_at_Tan_Son_Nhat_Airport_Ho_Chi_Minh_City-Ho_Chi_.html,308,tripadvisor_vn
Kim's Tavern Bar,Quán bar & câu lạc bộ,Ho Chi Minh City,https://www.tripadvisor.com.vn/Attraction_Review-g293925-d3432676-Reviews-Kim_s_Tavern_Bar-Ho_Chi_Minh_City.html,309,tripadvisor_vn
Coco Care Spa,Spa,Ho Chi Minh City,https://www.tripadvisor.com.vn/Attraction_Review-g293925-d11899009-Reviews-Coco_Care_Spa-Ho_Chi_Minh_City.html,310,tripadvisor_vn
Hợp 合 Skybar,Quán bar & câu lạc bộ,Ho Chi Minh City,https://www.tripadvisor.com.vn/Attraction_Review-g293925-d30703267-Reviews-H_p_Skybar-Ho_Chi_Minh_City.html,311,tripadvisor_vn
Nola Urban Spa 2,Spa,Ho Chi Minh City,https://www.tripadvisor.com.vn/Attraction_Review-g293925-d33948567-Reviews-Nola_Urban_Spa_2-Ho_Chi_Minh_City.html,312,tripadvisor_vn
Brothers - Boutique Men's Spa & Salon,Spa,Ho Chi Minh City,https://www.tripadvisor.com.vn/Attraction_Review-g293925-d12584392-Reviews-Brothers_Boutique_Men_s_Spa_Salon-Ho_Chi_Minh_City.html,313,tripadvisor_vn
Beautiful Saigon Spa,Spa,Ho Chi Minh City,https://www.tripadvisor.com.vn/Attraction_Review-g293925-d5921457-Reviews-Beautiful_Saigon_Spa-Ho_Chi_Minh_City.html,314,tripadvisor_vn
Montana Spa,Spa,Ho Chi Minh City,https://www.tripadvisor.com.vn/Attraction_Review-g293925-d33333014-Reviews-Tana_Spa-Ho_Chi_Minh_City.html,315,tripadvisor_vn
Real Escape Sài Gòn,Trò chơi giải thoát,Ho Chi Minh City,https://www.tripadvisor.com.vn/Attraction_Review-g293925-d25973054-Reviews-Real_Escape_Sai_Gon-Ho_Chi_Minh_City.html,316,tripadvisor_vn
Duong Jewelry - HCMC Boutique,Cửa hàng đặc sản & cửa hàng quà tặng,Ho Chi Minh City,https://www.tripadvisor.com.vn/Attraction_Review-g293925-d21142314-Reviews-Duong_Jewelry_HCMC_Boutique-Ho_Chi_Minh_City.html,317,tripadvisor_vn
Snuffbox Speakeasy Cocktails Bar,Quán bar & câu lạc bộ,Ho Chi Minh City,https://www.tripadvisor.com.vn/Attraction_Review-g293925-d9754920-Reviews-Snuffbox-Ho_Chi_Minh_City.html,318,tripadvisor_vn
Mộc Hương Spa - Thảo Điền,Câu lạc bộ sức khỏe • Spa,Ho Chi Minh City,https://www.tripadvisor.com.vn/Attraction_Review-g293925-d11690404-Reviews-Moc_Huong_Spa_Thao_Dien-Ho_Chi_Minh_City.html,319,tripadvisor_vn
Chill Spa,Spa,Ho Chi Minh City,https://www.tripadvisor.com.vn/Attraction_Review-g293925-d27525288-Reviews-Chill_Spa-Ho_Chi_Minh_City.html,320,tripadvisor_vn
Tiệm vải Phi Phi,Cửa hàng đặc sản & cửa hàng quà tặng,Ho Chi Minh City,https://www.tripadvisor.com.vn/Attraction_Review-g293925-d7241907-Reviews-Phi_Phi_Tailor-Ho_Chi_Minh_City.html,321,tripadvisor_vn
The Craft House,Cửa hàng đặc sản & cửa hàng quà tặng,Ho Chi Minh City,https://www.tripadvisor.com.vn/Attraction_Review-g293925-d12838076-Reviews-The_Craft_House_Original_Souvenir_Gift_Shop-Ho_Chi_Minh_City.html,322,tripadvisor_vn
N Spa - Body Massage District 7,Spa,Ho Chi Minh City,https://www.tripadvisor.com.vn/Attraction_Review-g293925-d26502465-Reviews-N_Spa_Body_Massage_District_7-Ho_Chi_Minh_City.html,323,tripadvisor_vn
Nola Urban Spa,Spa,Ho Chi Minh City,https://www.tripadvisor.com.vn/Attraction_Review-g293925-d33320290-Reviews-Nola_Urban_Spa-Ho_Chi_Minh_City.html,324,tripadvisor_vn
Lam Spa,Spa,Ho Chi Minh City,https://www.tripadvisor.com.vn/Attraction_Review-g293925-d28010412-Reviews-Lam_Spa-Ho_Chi_Minh_City.html,325,tripadvisor_vn
Street Food Man,Chuyến tham quan đi dạo • Chuyến tham quan ban đêm,Ho Chi Minh City,https://www.tripadvisor.com.vn/Attraction_Review-g293925-d10117391-Reviews-Street_Food_Man-Ho_Chi_Minh_City.html,326,tripadvisor_vn
22Nail,Đang mở cửa,Ho Chi Minh City,https://www.tripadvisor.com.vn/Attraction_Review-g293925-d25030079-Reviews-22Nail-Ho_Chi_Minh_City.html,327,tripadvisor_vn
Cao Anh Tailor,Cửa hàng đặc sản & cửa hàng quà tặng,Ho Chi Minh City,https://www.tripadvisor.com.vn/Attraction_Review-g293925-d16656422-Reviews-Cao_Anh_Tailor-Ho_Chi_Minh_City.html,328,tripadvisor_vn
Mekong Quilts - Mekong Plus,Cửa hàng đặc sản & cửa hàng quà tặng,Ho Chi Minh City,https://www.tripadvisor.com.vn/Attraction_Review-g293925-d1930367-Reviews-Mekong_Quilts_Non_Profit_Organization-Ho_Chi_Minh_City.html,329,tripadvisor_vn
Ayla Spa Central Saigon,Spa,Ho Chi Minh City,https://www.tripadvisor.com.vn/Attraction_Review-g293925-d20141060-Reviews-Ayla_Spa_Central_Saigon-Ho_Chi_Minh_City.html,330,tripadvisor_vn
Mulberry Spa & Hair Studio,Spa,Ho Chi Minh City,https://www.tripadvisor.com.vn/Attraction_Review-g293925-d11710229-Reviews-Mulberry_Spa_Hair_Studio-Ho_Chi_Minh_City.html,331,tripadvisor_vn
Alluvia Chocolate,Cửa hàng đặc sản & cửa hàng quà tặng,Ho Chi Minh City,https://www.tripadvisor.com.vn/Attraction_Review-g293925-d18940966-Reviews-Alluvia_Chocolate-Ho_Chi_Minh_City.html,332,tripadvisor_vn
Bloom Spa & Massage,Spa,Ho Chi Minh City,https://www.tripadvisor.com.vn/Attraction_Review-g293925-d33116956-Reviews-Bloom_Spa_Massage-Ho_Chi_Minh_City.html,333,tripadvisor_vn
TNR Saigon,Quán bar & câu lạc bộ,Ho Chi Minh City,https://www.tripadvisor.com.vn/Attraction_Review-g293925-d3394479-Reviews-TNR_Saigon-Ho_Chi_Minh_City.html,334,tripadvisor_vn
Kiều Trinh Foot Massage,Spa,Ho Chi Minh City,https://www.tripadvisor.com.vn/Attraction_Review-g293925-d32786147-Reviews-Ki_u_Trinh_Foot_Massage-Ho_Chi_Minh_City.html,335,tripadvisor_vn
Veritas Bespoke,Cửa hàng đặc sản & cửa hàng quà tặng,Ho Chi Minh City,https://www.tripadvisor.com.vn/Attraction_Review-g293925-d9563623-Reviews-Veritas_Bespoke-Ho_Chi_Minh_City.html,336,tripadvisor_vn
Broma Not A Bar,Quán bar & câu lạc bộ,Ho Chi Minh City,https://www.tripadvisor.com.vn/Attraction_Review-g293925-d3815598-Reviews-Broma_Not_A_Bar-Ho_Chi_Minh_City.html,337,tripadvisor_vn
Kennoya Professional Foot Massage,Spa,Ho Chi Minh City,https://www.tripadvisor.com.vn/Attraction_Review-g293925-d3397942-Reviews-Kennoya_Professional_Foot_Massage-Ho_Chi_Minh_City.html,338,tripadvisor_vn
"Tỉnh Thức Spa - Body Massage, Facial Care & Hair Wash",Spa,Ho Chi Minh City,https://www.tripadvisor.com.vn/Attraction_Review-g293925-d29009530-Reviews-Tinh_Thuc_Spa-Ho_Chi_Minh_City.html,339,tripadvisor_vn
Zeni Nail Spa,Spa,Ho Chi Minh City,https://www.tripadvisor.com.vn/Attraction_Review-g293925-d34322878-Reviews-Zeni_Nail_Spa-Ho_Chi_Minh_City.html,340,tripadvisor_vn
Cat Moc Spa,Spa,Ho Chi Minh City,https://www.tripadvisor.com.vn/Attraction_Review-g293925-d2726268-Reviews-Cat_Moc_Spa-Ho_Chi_Minh_City.html,341,tripadvisor_vn
Sen Trắng Spa,Spa,Ho Chi Minh City,https://www.tripadvisor.com.vn/Attraction_Review-g293925-d2417715-Reviews-Sen_Trang_Spa-Ho_Chi_Minh_City.html,342,tripadvisor_vn
Hazgen Nail Bar,Spa,Ho Chi Minh City,https://www.tripadvisor.com.vn/Attraction_Review-g293925-d25006681-Reviews-Hazgen_Nail_Bar-Ho_Chi_Minh_City.html,343,tripadvisor_vn
Nhu Y Lacquerware,Cửa hàng đặc sản & cửa hàng quà tặng,Ho Chi Minh City,https://www.tripadvisor.com.vn/Attraction_Review-g293925-d6956299-Reviews-Nhu_Y_Lacquerware-Ho_Chi_Minh_City.html,344,tripadvisor_vn
Thi Bar,Quán bar & câu lạc bộ,Ho Chi Minh City,https://www.tripadvisor.com.vn/Attraction_Review-g293925-d8432743-Reviews-Thi_Bar-Ho_Chi_Minh_City.html,345,tripadvisor_vn
August Tailor,Cửa hàng đặc sản & cửa hàng quà tặng,Ho Chi Minh City,https://www.tripadvisor.com.vn/Attraction_Review-g293925-d17118070-Reviews-August_Tailor-Ho_Chi_Minh_City.html,346,tripadvisor_vn
The Observatory,Quán bar & câu lạc bộ • Câu lạc bộ khiêu vũ & vũ trường,Ho Chi Minh City,https://www.tripadvisor.com.vn/Attraction_Review-g293925-d6385014-Reviews-The_Observatory-Ho_Chi_Minh_City.html,347,tripadvisor_vn
SaigonSniper,Trường bắn,Ho Chi Minh City,https://www.tripadvisor.com.vn/Attraction_Review-g293925-d25171188-Reviews-SaigonSniper-Ho_Chi_Minh_City.html,348,tripadvisor_vn
Hoa Tuc Cooking Class,Lớp nấu ăn,Ho Chi Minh City,https://www.tripadvisor.com.vn/Attraction_Review-g293925-d24051572-Reviews-Hoa_Tuc_Cooking_Class-Ho_Chi_Minh_City.html,349,tripadvisor_vn
Krystalini Hidden Cocktail Bar,Quán bar & câu lạc bộ,Ho Chi Minh City,https://www.tripadvisor.com.vn/Attraction_Review-g293925-d18453788-Reviews-Krystalini_Hidden_Cocktail_Bar-Ho_Chi_Minh_City.html,350,tripadvisor_vn
Les Rives Authentic River Experience,Tour thăm quan thành phố • Chuyến tham quan lịch sử & di sản,Ho Chi Minh City,https://www.tripadvisor.com.vn/Attraction_Review-g293925-d1746272-Reviews-Les_Rives_Authentic_River_Experience-Ho_Chi_Minh_City.html,351,tripadvisor_vn
Ginkgo Concept Store,Cửa hàng đặc sản & cửa hàng quà tặng,Ho Chi Minh City,https://www.tripadvisor.com.vn/Attraction_Review-g293925-d7205645-Reviews-Ginkgo_Concept_Store-Ho_Chi_Minh_City.html,352,tripadvisor_vn
Style Motorbikes,Cho thuê tiện ích,Ho Chi Minh City,https://www.tripadvisor.com.vn/Attraction_Review-g293925-d13123395-Reviews-Style_Motorbikes-Ho_Chi_Minh_City.html,353,tripadvisor_vn
Firkin Bar,Quán bar & câu lạc bộ • Quầy bar xì gà,Ho Chi Minh City,https://www.tripadvisor.com.vn/Attraction_Review-g293925-d13162032-Reviews-Firkin_Bar-Ho_Chi_Minh_City.html,354,tripadvisor_vn
La Mekong Spa - Ngô Văn Năm,Spa,Ho Chi Minh City,https://www.tripadvisor.com.vn/Attraction_Review-g293925-d26267736-Reviews-La_Mekong_Spa-Ho_Chi_Minh_City.html,355,tripadvisor_vn
Ddreamer Jewelry & Jewelry Making Workshops,Cửa hàng đặc sản & cửa hàng quà tặng • Buổi học & hội thảo,Ho Chi Minh City,https://www.tripadvisor.com.vn/Attraction_Review-g293925-d17596766-Reviews-Ddreamer_Jewelry_Jewelry_Making_Workshops-Ho_Chi_Minh_City.html,356,tripadvisor_vn
AAA Spa,Spa,Ho Chi Minh City,https://www.tripadvisor.com.vn/Attraction_Review-g293925-d6498863-Reviews-AAA_Spa-Ho_Chi_Minh_City.html,357,tripadvisor_vn
Wolken Spa Hair Salon,Spa,Ho Chi Minh City,https://www.tripadvisor.com.vn/Attraction_Review-g293925-d26773215-Reviews-Wolken_Spa_Hair_Salon-Ho_Chi_Minh_City.html,358,tripadvisor_vn
"Vở diễn ""Sương Sớm""",Nhà hát & biểu diễn,Ho Chi Minh City,https://www.tripadvisor.com.vn/Attraction_Review-g293925-d7310219-Reviews-The_Mist_Lune_Production-Ho_Chi_Minh_City.html,359,tripadvisor_vn
HANA TOURIST VIP,Tour thăm quan thành phố • Chuyến tham quan nhiều ngày,Ho Chi Minh City,https://www.tripadvisor.com.vn/Attraction_Review-g293925-d15528737-Reviews-HANA_TOURIST_VIP-Ho_Chi_Minh_City.html,360,tripadvisor_vn
SOL SPA - Saigon Liberty Citypoint,Spa,Ho Chi Minh City,https://www.tripadvisor.com.vn/Attraction_Review-g293925-d25229877-Reviews-SOL_SPA_Saigon_Liberty_Citypoint-Ho_Chi_Minh_City.html,362,tripadvisor_vn
"Fast Track Immigration Service at Tan Son Nhat Airport (SGN), Ho Chi Minh City",Taxi & xe đưa đón,Ho Chi Minh City,https://www.tripadvisor.com.vn/Attraction_Review-g293925-d33404918-Reviews-Fast_Track_Immigration_Service_at_Tan_Son_Nhat_Airport_SGN_Ho_Chi_Minh_City-Ho_C.html,363,tripadvisor_vn
Ju Nails & Spa,Spa,Ho Chi Minh City,https://www.tripadvisor.com.vn/Attraction_Review-g293925-d25053984-Reviews-Ju_Spa-Ho_Chi_Minh_City.html,364,tripadvisor_vn
Xuân Lan Spa - Hair - Nails,Spa,Ho Chi Minh City,https://www.tripadvisor.com.vn/Attraction_Review-g293925-d8856586-Reviews-Xuan_Lan_Spa_Hair_Nails-Ho_Chi_Minh_City.html,365,tripadvisor_vn
Ho Chi Minh Massage By Yuju Spa,Spa,Ho Chi Minh City,https://www.tripadvisor.com.vn/Attraction_Review-g293925-d20300693-Reviews-Ho_Chi_Minh_Massage_By_Yuju_Spa-Ho_Chi_Minh_City.html,366,tripadvisor_vn
Minh Phuong Lacquer - Ware Gallergy,Cửa hàng đặc sản & cửa hàng quà tặng,Ho Chi Minh City,https://www.tripadvisor.com.vn/Attraction_Review-g293925-d5038003-Reviews-Minh_Phuong_Lacquer_Ware_Gallergy-Ho_Chi_Minh_City.html,367,tripadvisor_vn
Intrepid Urban Adventures,Tour thăm quan thành phố • Chuyến tham quan đi dạo,Ho Chi Minh City,https://www.tripadvisor.com.vn/Attraction_Review-g293925-d1837685-Reviews-Intrepid_Urban_Adventures-Ho_Chi_Minh_City.html,368,tripadvisor_vn
Sivananda Yoga Center,Yoga & pilate,Ho Chi Minh City,https://www.tripadvisor.com.vn/Attraction_Review-g293925-d2099329-Reviews-Sivananda_Yoga_Center-Ho_Chi_Minh_City.html,369,tripadvisor_vn
YKC SpaSalon,Spa,Ho Chi Minh City,https://www.tripadvisor.com.vn/Attraction_Review-g293925-d2187722-Reviews-YKC_SpaSalon-Ho_Chi_Minh_City.html,370,tripadvisor_vn
H&D Tailor,Cửa hàng đặc sản & cửa hàng quà tặng,Ho Chi Minh City,https://www.tripadvisor.com.vn/Attraction_Review-g293925-d4873291-Reviews-H_D_Tailor-Ho_Chi_Minh_City.html,371,tripadvisor_vn
Noir. Spa,Spa,Ho Chi Minh City,https://www.tripadvisor.com.vn/Attraction_Review-g293925-d23241279-Reviews-Noir_Spa-Ho_Chi_Minh_City.html,372,tripadvisor_vn
Saigon Vibes,Chuyến tham quan bằng mô tô • Chuyến tham quan ban đêm,Ho Chi Minh City,https://www.tripadvisor.com.vn/Attraction_Review-g293925-d17212823-Reviews-Saigon_Vibes-Ho_Chi_Minh_City.html,373,tripadvisor_vn
Water puppet show at Thao Dien Village,Rạp hát kiêm nhà hàng,Ho Chi Minh City,https://www.tripadvisor.com.vn/Attraction_Review-g293925-d1636752-Reviews-Water_puppet_show_at_Thao_Dien_Village-Ho_Chi_Minh_City.html,374,tripadvisor_vn
Dakao Quartier,Cửa hàng đặc sản & cửa hàng quà tặng,Ho Chi Minh City,https://www.tripadvisor.com.vn/Attraction_Review-g293925-d32908268-Reviews-Dakao_Quartier-Ho_Chi_Minh_City.html,375,tripadvisor_vn
Lina Beauty Room Quận 3,Đang mở cửa,Ho Chi Minh City,https://www.tripadvisor.com.vn/Attraction_Review-g293925-d26959373-Reviews-Lina_Beauty_Room_Qu_n_3-Ho_Chi_Minh_City.html,376,tripadvisor_vn
Moc Huong Spa 2A,Spa,Ho Chi Minh City,https://www.tripadvisor.com.vn/Attraction_Review-g293925-d6774221-Reviews-Moc_Huong_Spa_2A-Ho_Chi_Minh_City.html,377,tripadvisor_vn
Tiệm làm tóc Hint,Đang mở cửa,Ho Chi Minh City,https://www.tripadvisor.com.vn/Attraction_Review-g293925-d17627334-Reviews-Hint_Hair_Salon-Ho_Chi_Minh_City.html,378,tripadvisor_vn
Legendary Chocolatier,Cửa hàng đặc sản & cửa hàng quà tặng,Ho Chi Minh City,https://www.tripadvisor.com.vn/Attraction_Review-g293925-d11437030-Reviews-Legendary_Chocolatier-Ho_Chi_Minh_City.html,379,tripadvisor_vn
Binh Tailor,Cửa hàng đặc sản & cửa hàng quà tặng,Ho Chi Minh City,https://www.tripadvisor.com.vn/Attraction_Review-g293925-d13340286-Reviews-Binh_Tailor-Ho_Chi_Minh_City.html,380,tripadvisor_vn
The Lime Spa 49,Spa,Ho Chi Minh City,https://www.tripadvisor.com.vn/Attraction_Review-g293925-d26916395-Reviews-The_Lime_Spa_49-Ho_Chi_Minh_City.html,381,tripadvisor_vn
Ori Nail & Spa,Spa,Ho Chi Minh City,https://www.tripadvisor.com.vn/Attraction_Review-g293925-d12788024-Reviews-Ori_Nail_Spa-Ho_Chi_Minh_City.html,382,tripadvisor_vn
Rocky Spa,Spa,Ho Chi Minh City,https://www.tripadvisor.com.vn/Attraction_Review-g293925-d10767864-Reviews-Rocky_Spa-Ho_Chi_Minh_City.html,383,tripadvisor_vn
In The Mood - Saïgon,Cửa hàng đặc sản & cửa hàng quà tặng,Ho Chi Minh City,https://www.tripadvisor.com.vn/Attraction_Review-g293925-d17838697-Reviews-In_The_Mood_Saigon-Ho_Chi_Minh_City.html,384,tripadvisor_vn
Vietnam To Travel,Chuyến tham quan lịch sử & di sản • Chuyến tham quan bằng xe đạp,Ho Chi Minh City,https://www.tripadvisor.com.vn/Attraction_Review-g293925-d10836066-Reviews-Vietnam_To_Travel-Ho_Chi_Minh_City.html,385,tripadvisor_vn
Kisstour,Tour thăm quan thành phố • Chuyến tham quan bằng xe đạp,Ho Chi Minh City,https://www.tripadvisor.com.vn/Attraction_Review-g293925-d10694795-Reviews-Kisstour-Ho_Chi_Minh_City.html,386,tripadvisor_vn
Nutrifort Fitness,Câu lạc bộ sức khỏe • Spa,Ho Chi Minh City,https://www.tripadvisor.com.vn/Attraction_Review-g293925-d2149556-Reviews-Nutrifort_Fitness-Ho_Chi_Minh_City.html,387,tripadvisor_vn
Temple Tree Spa,Spa,Ho Chi Minh City,https://www.tripadvisor.com.vn/Attraction_Review-g293925-d7396352-Reviews-Temple_Tree_Spa-Ho_Chi_Minh_City.html,388,tripadvisor_vn
Kim Delta Travel,Chuyến tham quan bằng thuyền • Chuyến tham quan ngắm cảnh,Ho Chi Minh City,https://www.tripadvisor.com.vn/Attraction_Review-g293925-d24977107-Reviews-Kim_Delta_Travel-Ho_Chi_Minh_City.html,389,tripadvisor_vn
The Privé Spa | International Nail Care & Spa | Thao Dien (D2),Spa,Ho Chi Minh City,https://www.tripadvisor.com.vn/Attraction_Review-g293925-d23718217-Reviews-The_Prive_Spa_International_Nail_Care_Spa_Thao_Dien_D2-Ho_Chi_Minh_City.html,390,tripadvisor_vn
Zen Spa - Foot & Body Massage 2,Spa,Ho Chi Minh City,https://www.tripadvisor.com.vn/Attraction_Review-g293925-d16882798-Reviews-Zen_Spa_Foot_Body_Massage_2-Ho_Chi_Minh_City.html,391,tripadvisor_vn
Hair Salon and Spa Angel Nguyen Thu,Spa,Ho Chi Minh City,https://www.tripadvisor.com.vn/Attraction_Review-g293925-d11879452-Reviews-Hair_Salon_and_Spa_Angel_Nguyen_Thu-Ho_Chi_Minh_City.html,392,tripadvisor_vn
Mekong Cruises Tours,Tour thăm quan thành phố • Chuyến tham quan văn hóa,Ho Chi Minh City,https://www.tripadvisor.com.vn/Attraction_Review-g293925-d10063849-Reviews-Mekong_Cruises_Tours-Ho_Chi_Minh_City.html,393,tripadvisor_vn
Saigon Hotpot - Travel With Local Youth,Tour thăm quan thành phố • Chuyến tham quan văn hóa,Ho Chi Minh City,https://www.tripadvisor.com.vn/Attraction_Review-g293925-d3948543-Reviews-Saigon_Hotpot_Travel_With_Local_Youth-Ho_Chi_Minh_City.html,394,tripadvisor_vn
Dragon Bikes,Cho thuê tiện ích,Ho Chi Minh City,https://www.tripadvisor.com.vn/Attraction_Review-g293925-d12848297-Reviews-Dragon_Bikes-Ho_Chi_Minh_City.html,395,tripadvisor_vn
Saigon Princess - Luxurious Dining Cruise,Chuyến tham quan bằng thuyền • Chuyến tham quan ban đêm,Ho Chi Minh City,https://www.tripadvisor.com.vn/Attraction_Review-g293925-d26223282-Reviews-Saigon_Princess_Luxurious_Dining_Cruise-Ho_Chi_Minh_City.html,396,tripadvisor_vn
Công ty cổ phần xe khách Phương Trang,Dịch vụ xe buýt,Ho Chi Minh City,https://www.tripadvisor.com.vn/Attraction_Review-g293925-d10044301-Reviews-Futa_Bus_Lines-Ho_Chi_Minh_City.html,397,tripadvisor_vn
102 Saigonese,Tour thăm quan thành phố • Chuyến tham quan nhiều ngày,Ho Chi Minh City,https://www.tripadvisor.com.vn/Attraction_Review-g293925-d19163793-Reviews-102_Saigonese-Ho_Chi_Minh_City.html,398,tripadvisor_vn
Vespa Adventures,Tour thăm quan thành phố • Chuyến tham quan ban đêm,Ho Chi Minh City,https://www.tripadvisor.com.vn/Attraction_Review-g293925-d2004786-Reviews-Vespa_Adventures-Ho_Chi_Minh_City.html,399,tripadvisor_vn
B Design And Tattoo,"Chuyến tham quan mua sắm • Chuyến tham quan văn học, nghệ thuật & âm nhạc",Ho Chi Minh City,https://www.tripadvisor.com.vn/Attraction_Review-g293925-d33301162-Reviews-B_Design_And_Tattoo-Ho_Chi_Minh_City.html,400,tripadvisor_vn
AN Tours Vietnam,Tour thăm quan thành phố • Chuyến tham quan đi dạo,Ho Chi Minh City,https://www.tripadvisor.com.vn/Attraction_Review-g293925-d13073660-Reviews-AN_Tours_Vietnam-Ho_Chi_Minh_City.html,401,tripadvisor_vn
Trails Of Indochina,Tour thăm quan thành phố • Chuyến tham quan nhiều ngày,Ho Chi Minh City,https://www.tripadvisor.com.vn/Attraction_Review-g293925-d17801726-Reviews-Trails_Of_Indochina-Ho_Chi_Minh_City.html,402,tripadvisor_vn
VietCruise Tours,Chuyến tham quan nhiều ngày • Taxi & xe đưa đón,Ho Chi Minh City,https://www.tripadvisor.com.vn/Attraction_Review-g293925-d18830093-Reviews-VietCruise_Tours-Ho_Chi_Minh_City.html,403,tripadvisor_vn
Joy Journeys,Tour thăm quan thành phố • Chuyến tham quan nhiều ngày,Ho Chi Minh City,https://www.tripadvisor.com.vn/Attraction_Review-g293925-d19323919-Reviews-Joy_Journeys-Ho_Chi_Minh_City.html,404,tripadvisor_vn
Jeep Tour Saigon By Night,Tour thăm quan thành phố • Chuyến tham quan ban đêm,Ho Chi Minh City,https://www.tripadvisor.com.vn/Attraction_Review-g293925-d8647034-Reviews-Jeep_Tour_Saigon_By_Night-Ho_Chi_Minh_City.html,405,tripadvisor_vn
VN LOTUS TRAVEL,Chuyến tham quan nhiều ngày • Chuyến tham quan lịch sử & di sản,Ho Chi Minh City,https://www.tripadvisor.com.vn/Attraction_Review-g293925-d8856664-Reviews-VN_Lotus_Travel-Ho_Chi_Minh_City.html,406,tripadvisor_vn
Saigon Happy Tour,Tour thăm quan thành phố • Chuyến tham quan tư nhân,Ho Chi Minh City,https://www.tripadvisor.com.vn/Attraction_Review-g293925-d25789447-Reviews-Saigon_Happy_Tour-Ho_Chi_Minh_City.html,407,tripadvisor_vn
Yello Vietnam Travel,Chuyến tham quan văn hóa • Chuyến tham quan sinh thái,Ho Chi Minh City,https://www.tripadvisor.com.vn/Attraction_Review-g293925-d28252124-Reviews-Yello_Vietnam_Travel-Ho_Chi_Minh_City.html,408,tripadvisor_vn
Vietnam By Bike,Chuyến tham quan bằng xe đạp • Chuyến tham quan bằng thuyền,Ho Chi Minh City,https://www.tripadvisor.com.vn/Attraction_Review-g293925-d13441867-Reviews-Vietnam_By_Bike-Ho_Chi_Minh_City.html,409,tripadvisor_vn
Back of the Bike Tours,Chuyến tham quan tư nhân • Chuyến tham quan ẩm thực,Ho Chi Minh City,https://www.tripadvisor.com.vn/Attraction_Review-g293925-d2264651-Reviews-Back_of_the_Bike_Tours-Ho_Chi_Minh_City.html,410,tripadvisor_vn
Asia Tours,Tour thăm quan thành phố • Chuyến tham quan đi dạo,Ho Chi Minh City,https://www.tripadvisor.com.vn/Attraction_Review-g293925-d5539395-Reviews-Asia_Tours-Ho_Chi_Minh_City.html,411,tripadvisor_vn
Odynovo,Tour thăm quan thành phố • Chuyến tham quan nhiều ngày,Ho Chi Minh City,https://www.tripadvisor.com.vn/Attraction_Review-g293925-d15019919-Reviews-Odynovo-Ho_Chi_Minh_City.html,412,tripadvisor_vn
Lotus Cruises,Chuyến tham quan bằng thuyền,Ho Chi Minh City,https://www.tripadvisor.com.vn/Attraction_Review-g293925-d15296299-Reviews-Lotus_Cruises-Ho_Chi_Minh_City.html,413,tripadvisor_vn
Tour Guide In Saigon,"Tour thăm quan thành phố • Chuyến tham quan quán bar, câu lạc bộ & quán rượu",Ho Chi Minh City,https://www.tripadvisor.com.vn/Attraction_Review-g293925-d12226320-Reviews-Tour_Guide_In_Saigon-Ho_Chi_Minh_City.html,414,tripadvisor_vn
HCM Cooking Class,Chuyến tham quan lịch sử & di sản • Chuyến tham quan sinh thái,Ho Chi Minh City,https://www.tripadvisor.com.vn/Attraction_Review-g293925-d3677899-Reviews-HCM_Cooking_Class-Ho_Chi_Minh_City.html,415,tripadvisor_vn
AN TRAVEL,Chuyến tham quan nhiều ngày • Taxi & xe đưa đón,Ho Chi Minh City,https://www.tripadvisor.com.vn/Attraction_Review-g293925-d24131945-Reviews-AN_TRAVEL-Ho_Chi_Minh_City.html,416,tripadvisor_vn
The Sun Tourist,Chuyến tham quan nhiều ngày • Chuyến tham quan tư nhân,Ho Chi Minh City,https://www.tripadvisor.com.vn/Attraction_Review-g293925-d15278678-Reviews-The_Sun_Tourist-Ho_Chi_Minh_City.html,417,tripadvisor_vn
Deluxe Group Tours,Chuyến tham quan văn hóa • Chuyến tham quan lịch sử & di sản,Ho Chi Minh City,https://www.tripadvisor.com.vn/Attraction_Review-g293925-d8263413-Reviews-Deluxe_Group_Tours-Ho_Chi_Minh_City.html,418,tripadvisor_vn
Tàu Sài Gòn,Chuyến tham quan bằng thuyền • Thuyền cho thuê,Ho Chi Minh City,https://www.tripadvisor.com.vn/Attraction_Review-g293925-d7767149-Reviews-Saigon_Boat_Company-Ho_Chi_Minh_City.html,419,tripadvisor_vn
Mekong Princess,Taxi & xe đưa đón • Chuyến tham quan bằng thuyền,Ho Chi Minh City,https://www.tripadvisor.com.vn/Attraction_Review-g293925-d16872213-Reviews-Mekong_Princess-Ho_Chi_Minh_City.html,420,tripadvisor_vn
"CHAO SHOW – Dau An Show Co., Ltd","Chuyến tham quan quán bar, câu lạc bộ & quán rượu • Chuyến tham quan văn hóa",Ho Chi Minh City,https://www.tripadvisor.com.vn/Attraction_Review-g293925-d33678444-Reviews-CHAO_SHOW_Dau_An_Show_Co_Ltd-Ho_Chi_Minh_City.html,421,tripadvisor_vn
Du Lịch Nam Á Châu,Tour thăm quan thành phố • Chuyến tham quan ngắm cảnh,Ho Chi Minh City,https://www.tripadvisor.com.vn/Attraction_Review-g293925-d11918882-Reviews-South_Asia_Travel-Ho_Chi_Minh_City.html,422,tripadvisor_vn
Toward Local,Chuyến tham quan đi dạo • Chuyến tham quan tư nhân,Ho Chi Minh City,https://www.tripadvisor.com.vn/Attraction_Review-g293925-d24010769-Reviews-Toward_Local-Ho_Chi_Minh_City.html,423,tripadvisor_vn
Heritage Line - Refined Waterway Voyages,Chuyến tham quan nhiều ngày • Chuyến tham quan bằng thuyền,Ho Chi Minh City,https://www.tripadvisor.com.vn/Attraction_Review-g293925-d17379413-Reviews-Heritage_Line_Refined_Waterway_Voyages-Ho_Chi_Minh_City.html,424,tripadvisor_vn
Viet Fun Travel,Tour thăm quan thành phố • Chuyến tham quan nhiều ngày,Ho Chi Minh City,https://www.tripadvisor.com.vn/Attraction_Review-g293925-d2273094-Reviews-Viet_Fun_Travel-Ho_Chi_Minh_City.html,425,tripadvisor_vn
Viet Kolors Tour,Tour thăm quan thành phố • Chuyến tham quan nhiều ngày,Ho Chi Minh City,https://www.tripadvisor.com.vn/Attraction_Review-g293925-d26730795-Reviews-Viet_Kolors_Tour-Ho_Chi_Minh_City.html,426,tripadvisor_vn
Fisheye Travel Speedboat Tours,Chuyến tham quan bằng thuyền • Chuyến tham quan bằng tàu cao tốc,Ho Chi Minh City,https://www.tripadvisor.com.vn/Attraction_Review-g293925-d13442216-Reviews-Fisheye_Travel_Speedboat_Tours-Ho_Chi_Minh_City.html,427,tripadvisor_vn
Tattootgc | Saigon Tattoo,Phòng trưng bày nghệ thuật • Buổi trình diễn & chuyến tham quan thời trang,Ho Chi Minh City,https://www.tripadvisor.com.vn/Attraction_Review-g293925-d34036748-Reviews-TattooTGC-Ho_Chi_Minh_City.html,428,tripadvisor_vn
Saigon Ebike Tours,Tour thăm quan thành phố • Chuyến tham quan bằng mô tô,Ho Chi Minh City,https://www.tripadvisor.com.vn/Attraction_Review-g293925-d34064312-Reviews-Saigon_Ebike_Tours-Ho_Chi_Minh_City.html,429,tripadvisor_vn
Saigon Street Eats,Chuyến tham quan ẩm thực,Ho Chi Minh City,https://www.tripadvisor.com.vn/Attraction_Review-g293925-d3617391-Reviews-Saigon_Street_Eats-Ho_Chi_Minh_City.html,430,tripadvisor_vn
Saigon Waterbus,Chuyến tham quan bằng thuyền,Ho Chi Minh City,https://www.tripadvisor.com.vn/Attraction_Review-g293925-d13447187-Reviews-Saigon_Waterbus-Ho_Chi_Minh_City.html,431,tripadvisor_vn
Saigon Back Alley Tours,Chuyến tham quan đi dạo • Chuyến tham quan ban đêm,Ho Chi Minh City,https://www.tripadvisor.com.vn/Attraction_Review-g293925-d13421912-Reviews-Saigon_Back_Alley_Tours-Ho_Chi_Minh_City.html,432,tripadvisor_vn
Elite Of Saigon: A Luxurious Dining Cruise Experience,Chuyến tham quan bằng thuyền,Ho Chi Minh City,https://www.tripadvisor.com.vn/Attraction_Review-g293925-d33056335-Reviews-The_Elite_of_Saigon_A_Luxurious_Dining_Cruise_Experience-Ho_Chi_Minh_City.html,433,tripadvisor_vn
Vietnam-Immi.Org,Chuyến tham quan nhiều ngày • Taxi & xe đưa đón,Ho Chi Minh City,https://www.tripadvisor.com.vn/Attraction_Review-g293925-d33212849-Reviews-Vietnam_Immi_Org-Ho_Chi_Minh_City.html,434,tripadvisor_vn
Saigon Tours,Tour thăm quan thành phố • Chuyến tham quan văn hóa,Ho Chi Minh City,https://www.tripadvisor.com.vn/Attraction_Review-g293925-d5982006-Reviews-Saigon_Tours-Ho_Chi_Minh_City.html,435,tripadvisor_vn
Roadstour Vietnam - Private Tours,Tour thăm quan thành phố • Chuyến tham quan nhiều ngày,Ho Chi Minh City,https://www.tripadvisor.com.vn/Attraction_Review-g293925-d4480894-Reviews-Roadstour_Vietnam_Private_Tours-Ho_Chi_Minh_City.html,436,tripadvisor_vn
Maximus Travel Vietnam,Tour thăm quan thành phố • Chuyến tham quan lịch sử & di sản,Ho Chi Minh City,https://www.tripadvisor.com.vn/Attraction_Review-g293925-d20661122-Reviews-Maximus_Travel_Vietnam-Ho_Chi_Minh_City.html,437,tripadvisor_vn
Saigon Street Food Tours,Chuyến tham quan nhiều ngày • Chuyến tham quan đi dạo,Ho Chi Minh City,https://www.tripadvisor.com.vn/Attraction_Review-g293925-d27533962-Reviews-Saigon_Street_Food_Tours-Ho_Chi_Minh_City.html,438,tripadvisor_vn
Maika Tours,Tour thăm quan thành phố • Chuyến tham quan nhiều ngày,Ho Chi Minh City,https://www.tripadvisor.com.vn/Attraction_Review-g293925-d5501655-Reviews-Maika_Tours-Ho_Chi_Minh_City.html,439,tripadvisor_vn
Vietnam Bike Tours,Chuyến tham quan bằng xe đạp • Cho thuê tiện ích,Ho Chi Minh City,https://www.tripadvisor.com.vn/Attraction_Review-g293925-d1307686-Reviews-Vietnam_Bike_Tours-Ho_Chi_Minh_City.html,440,tripadvisor_vn
Cocco Travel,Chuyến tham quan nhiều ngày • Chuyến tham quan văn hóa,Ho Chi Minh City,https://www.tripadvisor.com.vn/Attraction_Review-g293925-d24902115-Reviews-Cocco_Travel-Ho_Chi_Minh_City.html,441,tripadvisor_vn
Mr Biker Saigon,Chuyến tham quan nhiều ngày • Chuyến tham quan bằng xe đạp,Ho Chi Minh City,https://www.tripadvisor.com.vn/Attraction_Review-g293925-d13006978-Reviews-Mr_Biker_Saigon-Ho_Chi_Minh_City.html,442,tripadvisor_vn
Vietnam Original Travel,Tour thăm quan thành phố • Chuyến tham quan văn hóa,Ho Chi Minh City,https://www.tripadvisor.com.vn/Attraction_Review-g293925-d5461656-Reviews-Vietnam_Original_Travel-Ho_Chi_Minh_City.html,443,tripadvisor_vn
Spring Saigon Tours,Chuyến tham quan đi dạo • Chuyến tham quan ẩm thực,Ho Chi Minh City,https://www.tripadvisor.com.vn/Attraction_Review-g293925-d17548235-Reviews-Spring_Saigon_Tours-Ho_Chi_Minh_City.html,444,tripadvisor_vn
Tiger Tours Co. Ltd.,Chuyến tham quan nhiều ngày • Núi,Ho Chi Minh City,https://www.tripadvisor.com.vn/Attraction_Review-g293925-d2435196-Reviews-Tiger_Tours_Co_Ltd-Ho_Chi_Minh_City.html,445,tripadvisor_vn
Xin Chào Private Vietnam Tours,Chuyến tham quan văn hóa • Chuyến tham quan bằng thuyền,Ho Chi Minh City,https://www.tripadvisor.com.vn/Attraction_Review-g293925-d6560716-Reviews-Xin_Chao_Private_Vietnam_Tour_Guide-Ho_Chi_Minh_City.html,446,tripadvisor_vn
Ginkgo Voyage Private Day Tours,Tour thăm quan thành phố • Chuyến tham quan nhiều ngày,Ho Chi Minh City,https://www.tripadvisor.com.vn/Attraction_Review-g293925-d7194403-Reviews-Ginkgo_Voyage_Private_Day_Tours-Ho_Chi_Minh_City.html,447,tripadvisor_vn
SAIGON TASTE Tours,Tour thăm quan thành phố • Chuyến tham quan văn hóa,Ho Chi Minh City,https://www.tripadvisor.com.vn/Attraction_Review-g293925-d17733614-Reviews-SAIGON_TASTE_Tours-Ho_Chi_Minh_City.html,448,tripadvisor_vn
Saigon Food Tour,Tour thăm quan thành phố • Chuyến tham quan văn hóa,Ho Chi Minh City,https://www.tripadvisor.com.vn/Attraction_Review-g293925-d6387515-Reviews-Saigon_Food_Tour-Ho_Chi_Minh_City.html,449,tripadvisor_vn
Scooter Saigon Exclusive Tours,Tour thăm quan thành phố • Chuyến tham quan ẩm thực,Ho Chi Minh City,https://www.tripadvisor.com.vn/Attraction_Review-g293925-d7339857-Reviews-Scooter_Saigon_Exclusive_Tours-Ho_Chi_Minh_City.html,450,tripadvisor_vn
Guided Tours Vietnam,Chuyến tham quan bằng thuyền • Chuyến tham quan ngắm cảnh,Ho Chi Minh City,https://www.tripadvisor.com.vn/Attraction_Review-g293925-d15681266-Reviews-Guided_Tours_Vietnam-Ho_Chi_Minh_City.html,451,tripadvisor_vn
Saigon Jeep Adventures,"Chuyến tham quan bằng xe 4WD, ATV & xe địa hình • Chuyến tham quan bằng mô tô",Ho Chi Minh City,https://www.tripadvisor.com.vn/Attraction_Review-g293925-d25293417-Reviews-Saigon_Jeep_Adventures-Ho_Chi_Minh_City.html,452,tripadvisor_vn
Tigit Motorbikes,Chuyến tham quan bằng mô tô • Cho thuê tiện ích,Ho Chi Minh City,https://www.tripadvisor.com.vn/Attraction_Review-g293925-d6429729-Reviews-Tigit_Motorbikes-Ho_Chi_Minh_City.html,453,tripadvisor_vn
Saigon Private Tour Guide,Tour thăm quan thành phố • Chuyến tham quan nhiều ngày,Ho Chi Minh City,https://www.tripadvisor.com.vn/Attraction_Review-g293925-d11544014-Reviews-Saigon_Private_Tour_Guide-Ho_Chi_Minh_City.html,454,tripadvisor_vn
JOYOUS TRAVEL,Chuyến tham quan nhiều ngày • Taxi & xe đưa đón,Ho Chi Minh City,https://www.tripadvisor.com.vn/Attraction_Review-g293925-d24840473-Reviews-JOYOUS_TRAVEL-Ho_Chi_Minh_City.html,455,tripadvisor_vn
Innoviet Travel,Tour thăm quan thành phố • Chuyến tham quan bằng thuyền,Ho Chi Minh City,https://www.tripadvisor.com.vn/Attraction_Review-g293925-d2487716-Reviews-Innoviet_Travel-Ho_Chi_Minh_City.html,456,tripadvisor_vn
Mekong River Cruise,Chuyến tham quan bằng thuyền,Ho Chi Minh City,https://www.tripadvisor.com.vn/Attraction_Review-g293925-d12051706-Reviews-Mekong_River_Cruise-Ho_Chi_Minh_City.html,457,tripadvisor_vn
Private Daily Tours,Tour thăm quan thành phố • Chuyến tham quan văn hóa,Ho Chi Minh City,https://www.tripadvisor.com.vn/Attraction_Review-g293925-d13391755-Reviews-Private_Daily_Tours-Ho_Chi_Minh_City.html,458,tripadvisor_vn
EVT Travel,Chuyến tham quan ngắm cảnh,Ho Chi Minh City,https://www.tripadvisor.com.vn/Attraction_Review-g293925-d25234074-Reviews-EVT_Travel-Ho_Chi_Minh_City.html,459,tripadvisor_vn
Local Travel Vietnam,Tour thăm quan thành phố • Chuyến tham quan văn hóa,Ho Chi Minh City,https://www.tripadvisor.com.vn/Attraction_Review-g293925-d14790505-Reviews-Local_Travel_Vietnam-Ho_Chi_Minh_City.html,460,tripadvisor_vn
Backstreet Tours Saigon,"Chuyến tham quan quán bar, câu lạc bộ & quán rượu • Chuyến tham quan bằng xe 4WD, ATV & xe địa hình",Ho Chi Minh City,https://www.tripadvisor.com.vn/Attraction_Review-g293925-d28055218-Reviews-Backstreet_Tours_Saigon-Ho_Chi_Minh_City.html,461,tripadvisor_vn
Detoured Asia,Chuyến tham quan bằng thuyền • Chuyến tham quan đi dạo,Ho Chi Minh City,https://www.tripadvisor.com.vn/Attraction_Review-g293925-d6362892-Reviews-Detoured_Asia-Ho_Chi_Minh_City.html,462,tripadvisor_vn
PAPA HOLIDAY VIETNAM,Chuyến tham quan nhiều ngày • Taxi & xe đưa đón,Ho Chi Minh City,https://www.tripadvisor.com.vn/Attraction_Review-g293925-d15522949-Reviews-PAPA_HOLIDAY_VIETNAM-Ho_Chi_Minh_City.html,464,tripadvisor_vn
Hồ Chí Minh City Discovery,Tour thăm quan thành phố • Chuyến tham quan nhiều ngày,Ho Chi Minh City,https://www.tripadvisor.com.vn/Attraction_Review-g293925-d27689774-Reviews-H_Chi_Minh_City_Discovery-Ho_Chi_Minh_City.html,465,tripadvisor_vn
Bike Tours Vietnam,Chuyến tham quan bằng xe đạp,Ho Chi Minh City,https://www.tripadvisor.com.vn/Attraction_Review-g293925-d17604040-Reviews-Bike_Tours_Vietnam-Ho_Chi_Minh_City.html,466,tripadvisor_vn
Saigon Riders,Chuyến tham quan nhiều ngày • Chuyến tham quan văn hóa,Ho Chi Minh City,https://www.tripadvisor.com.vn/Attraction_Review-g293925-d3959210-Reviews-Saigon_Riders-Ho_Chi_Minh_City.html,467,tripadvisor_vn
Saigonbiketours,Tour thăm quan thành phố • Chuyến tham quan lịch sử & di sản,Ho Chi Minh City,https://www.tripadvisor.com.vn/Attraction_Review-g293925-d24122789-Reviews-Saigonbiketours-Ho_Chi_Minh_City.html,468,tripadvisor_vn
Mango Cruises,Chuyến tham quan bằng thuyền,Ho Chi Minh City,https://www.tripadvisor.com.vn/Attraction_Review-g293925-d2424536-Reviews-Mango_Cruises-Ho_Chi_Minh_City.html,469,tripadvisor_vn
Jason Super Star Service (SSS) - Day Tours,Tour thăm quan thành phố • Chuyến tham quan văn hóa,Ho Chi Minh City,https://www.tripadvisor.com.vn/Attraction_Review-g293925-d8291676-Reviews-Jason_Super_Star_Service_SSS_Day_Tours-Ho_Chi_Minh_City.html,470,tripadvisor_vn
Pandaw Cruises,Chuyến tham quan bằng thuyền,Ho Chi Minh City,https://www.tripadvisor.com.vn/Attraction_Review-g293925-d12124708-Reviews-Pandaw_Cruises-Ho_Chi_Minh_City.html,471,tripadvisor_vn
Ann Tours,Chuyến tham quan văn hóa • Chuyến tham quan ngắm cảnh,Ho Chi Minh City,https://www.tripadvisor.com.vn/Attraction_Review-g293925-d2435402-Reviews-Ann_Tours-Ho_Chi_Minh_City.html,472,tripadvisor_vn
Hoi An Express,Tour thăm quan thành phố • Chuyến tham quan văn hóa,Ho Chi Minh City,https://www.tripadvisor.com.vn/Attraction_Review-g293925-d2435411-Reviews-Hoi_An_Express-Ho_Chi_Minh_City.html,473,tripadvisor_vn
DC Saigontours,Chuyến tham quan bằng xe đạp • Chuyến tham quan đi dạo,Ho Chi Minh City,https://www.tripadvisor.com.vn/Attraction_Review-g293925-d18207039-Reviews-DC_Saigontours-Ho_Chi_Minh_City.html,474,tripadvisor_vn
Onetrip Adventures,Chuyến tham quan văn hóa • Chuyến tham quan bằng mô tô,Ho Chi Minh City,https://www.tripadvisor.com.vn/Attraction_Review-g293925-d8765849-Reviews-Onetrip_Adventures-Ho_Chi_Minh_City.html,475,tripadvisor_vn
Tour With Xuan,Tour thăm quan thành phố • Chuyến tham quan ngắm cảnh,Ho Chi Minh City,https://www.tripadvisor.com.vn/Attraction_Review-g293925-d12204583-Reviews-Tour_With_Xuan-Ho_Chi_Minh_City.html,476,tripadvisor_vn
Vietnam Private Transfers,Tour thăm quan thành phố • Taxi & xe đưa đón,Ho Chi Minh City,https://www.tripadvisor.com.vn/Attraction_Review-g293925-d13871488-Reviews-Vietnam_Private_Transfers-Ho_Chi_Minh_City.html,477,tripadvisor_vn
Countryside Adventures,Chuyến tham quan nhiều ngày • Chuyến tham quan bằng xe đạp,Ho Chi Minh City,https://www.tripadvisor.com.vn/Attraction_Review-g293925-d11680137-Reviews-Countryside_Adventures-Ho_Chi_Minh_City.html,478,tripadvisor_vn
HTC TRAVEL,"Chuyến tham quan bằng xe 4WD, ATV & xe địa hình • Taxi & xe đưa đón",Ho Chi Minh City,https://www.tripadvisor.com.vn/Attraction_Review-g293925-d26830472-Reviews-HTC_TRAVEL-Ho_Chi_Minh_City.html,479,tripadvisor_vn
Water Buffalo Tours,Chuyến tham quan ngắm cảnh • Chuyến tham quan tư nhân,Ho Chi Minh City,https://www.tripadvisor.com.vn/Attraction_Review-g293925-d2226088-Reviews-Water_Buffalo_Tours-Ho_Chi_Minh_City.html,480,tripadvisor_vn
Sophie's Art Tour - Private Tours,"Chuyến tham quan văn học, nghệ thuật & âm nhạc • Chuyến tham quan tư nhân",Ho Chi Minh City,https://www.tripadvisor.com.vn/Attraction_Review-g293925-d5773564-Reviews-Sophie_s_Art_Tour_Private_Tours-Ho_Chi_Minh_City.html,481,tripadvisor_vn
Dragon Sea Travel,Chuyến tham quan nhiều ngày • Chuyến tham quan cảm giác mạnh & mạo hiểm,Ho Chi Minh City,https://www.tripadvisor.com.vn/Attraction_Review-g293925-d25406507-Reviews-Dragon_Sea_Travel-Ho_Chi_Minh_City.html,482,tripadvisor_vn
Old Compass Travel,Chuyến tham quan văn hóa • Chuyến tham quan đi dạo,Ho Chi Minh City,https://www.tripadvisor.com.vn/Attraction_Review-g293925-d13646384-Reviews-Old_Compass_Travel-Ho_Chi_Minh_City.html,484,tripadvisor_vn
Vietnam Unique Travels,Tour thăm quan thành phố • Địa điểm lịch sử,Ho Chi Minh City,https://www.tripadvisor.com.vn/Attraction_Review-g293925-d9718386-Reviews-Vietnam_Unique_Travels-Ho_Chi_Minh_City.html,486,tripadvisor_vn
Platinum Club Tours,"Chuyến tham quan quán bar, câu lạc bộ & quán rượu",Ho Chi Minh City,https://www.tripadvisor.com.vn/Attraction_Review-g293925-d6556853-Reviews-Platinum_Club_Tours-Ho_Chi_Minh_City.html,487,tripadvisor_vn
HAPPY PLUS TRAVEL,Taxi & xe đưa đón • Chuyến tham quan bằng xe đạp,Ho Chi Minh City,https://www.tripadvisor.com.vn/Attraction_Review-g293925-d19604677-Reviews-HAPPY_PLUS_TRAVEL-Ho_Chi_Minh_City.html,489,tripadvisor_vn
Pride Drives Vietnam - Saigon Gay Tours,Tour thăm quan thành phố • Chuyến tham quan mua sắm,Ho Chi Minh City,https://www.tripadvisor.com.vn/Attraction_Review-g293925-d17332815-Reviews-Pride_Drives_Vietnam_Saigon_Gay_Tours-Ho_Chi_Minh_City.html,490,tripadvisor_vn
Discova,Tour thăm quan thành phố • Chuyến tham quan văn hóa,Ho Chi Minh City,https://www.tripadvisor.com.vn/Attraction_Review-g293925-d11639858-Reviews-Discova-Ho_Chi_Minh_City.html,491,tripadvisor_vn
Ry Spa,Spa,Ho Chi Minh City,https://www.tripadvisor.com.vn/Attraction_Review-g293925-d28742375-Reviews-Ry_Spa_126-Ho_Chi_Minh_City.html,492,tripadvisor_vn
"Soul Care Nails, Lashes And Massage",Spa,Ho Chi Minh City,https://www.tripadvisor.com.vn/Attraction_Review-g293925-d28985265-Reviews-Soul_Care_Nails_Lashes_And_Massage-Ho_Chi_Minh_City.html,495,tripadvisor_vn
Vietnam Flavour Cooking Class,Lớp nấu ăn,Ho Chi Minh City,https://www.tripadvisor.com.vn/Attraction_Review-g293925-d28043812-Reviews-Vietnam_Flavour_Cooking_Class-Ho_Chi_Minh_City.html,498,tripadvisor_vn
Mekong Delta Private Day Tour,Chuyến tham quan bằng xe đạp • Chuyến tham quan bằng thuyền,Ho Chi Minh City,https://www.tripadvisor.com.vn/Attraction_Review-g293925-d4958632-Reviews-Mekong_Delta_Private_Day_Tour-Ho_Chi_Minh_City.html,499,tripadvisor_vn
ForeverVacation Ho Chi Minh City,Tour thăm quan thành phố • Chuyến tham quan văn hóa,Ho Chi Minh City,https://www.tripadvisor.com.vn/Attraction_Review-g293925-d17762416-Reviews-ForeverVacation_Ho_Chi_Minh_City-Ho_Chi_Minh_City.html,501,tripadvisor_vn
Cá Kho Travel,Chuyến tham quan nhiều ngày • Chuyến tham quan tư nhân,Ho Chi Minh City,https://www.tripadvisor.com.vn/Attraction_Review-g293925-d27744514-Reviews-Ca_Kho_Travel-Ho_Chi_Minh_City.html,503,tripadvisor_vn
Quynh - Vietnam Coffee Journey,Lớp nấu ăn,Ho Chi Minh City,https://www.tripadvisor.com.vn/Attraction_Review-g293925-d27504943-Reviews-Quynh_Vietnam_Coffee_Journey-Ho_Chi_Minh_City.html,504,tripadvisor_vn
Vietnam Cycling Tours,Chuyến tham quan nhiều ngày • Chuyến tham quan bằng xe đạp,Ho Chi Minh City,https://www.tripadvisor.com.vn/Attraction_Review-g293925-d1760484-Reviews-Vietnam_Cycling_Tours-Ho_Chi_Minh_City.html,505,tripadvisor_vn
See You In Viet Nam (Sai Gon),Chuyến tham quan đi dạo • Chuyến đi trong ngày,Ho Chi Minh City,https://www.tripadvisor.com.vn/Attraction_Review-g293925-d26998060-Reviews-See_You_In_Viet_Nam_Sai_Gon-Ho_Chi_Minh_City.html,506,tripadvisor_vn
Yesride Tours,Tour thăm quan thành phố • Chuyến tham quan bằng mô tô,Ho Chi Minh City,https://www.tripadvisor.com.vn/Attraction_Review-g293925-d14025564-Reviews-Yesride_Tours-Ho_Chi_Minh_City.html,507,tripadvisor_vn
Boosh Rooftop Bar - Drinks And Games,"Chuyến tham quan quán bar, câu lạc bộ & quán rượu • Quán bar & câu lạc bộ",Ho Chi Minh City,https://www.tripadvisor.com.vn/Attraction_Review-g293925-d27640676-Reviews-Boosh_Rooftop_Bar_Drinks_And_Games-Ho_Chi_Minh_City.html,509,tripadvisor_vn
HẠC - Natural Beauty Care,Cửa hàng đặc sản & cửa hàng quà tặng • Chuyến tham quan văn hóa,Ho Chi Minh City,https://www.tripadvisor.com.vn/Attraction_Review-g293925-d26867653-Reviews-H_C_Natural_Beauty_Care-Ho_Chi_Minh_City.html,511,tripadvisor_vn
Saigon Homies Tours,"Chuyến tham quan quán bar, câu lạc bộ & quán rượu • Chuyến tham quan bằng xe đạp",Ho Chi Minh City,https://www.tripadvisor.com.vn/Attraction_Review-g293925-d19526685-Reviews-Saigon_Homies_Tours-Ho_Chi_Minh_City.html,513,tripadvisor_vn
Peace Travel Vietnam,Chuyến tham quan văn hóa • Taxi & xe đưa đón,Ho Chi Minh City,https://www.tripadvisor.com.vn/Attraction_Review-g293925-d17704099-Reviews-Peace_Travel_Vietnam-Ho_Chi_Minh_City.html,519,tripadvisor_vn
Adventure Xpedition Vietnam,Tour thăm quan thành phố • Chuyến tham quan bằng xe đạp,Ho Chi Minh City,https://www.tripadvisor.com.vn/Attraction_Review-g293925-d28001024-Reviews-Adventure_Xpedition_Vietnam-Ho_Chi_Minh_City.html,520,tripadvisor_vn
Bravo Indochina Tours,Tour thăm quan thành phố • Chuyến tham quan lịch sử & di sản,Ho Chi Minh City,https://www.tripadvisor.com.vn/Attraction_Review-g293925-d7065652-Reviews-Bravo_Indochina_Tours-Ho_Chi_Minh_City.html,521,tripadvisor_vn
Phu Binh Voyages,Chuyến tham quan lịch sử & di sản • Chuyến tham quan sinh thái,Ho Chi Minh City,https://www.tripadvisor.com.vn/Attraction_Review-g293925-d15592663-Reviews-Phu_Binh_Voyages-Ho_Chi_Minh_City.html,522,tripadvisor_vn
A Chef's Tour (Ho Chi Minh City),Chuyến tham quan ẩm thực,Ho Chi Minh City,https://www.tripadvisor.com.vn/Attraction_Review-g293925-d34056606-Reviews-A_Chef_s_Tour_Ho_Chi_Minh_City-Ho_Chi_Minh_City.html,523,tripadvisor_vn
Vita Eco Craft,Cửa hàng đặc sản & cửa hàng quà tặng,Ho Chi Minh City,https://www.tripadvisor.com.vn/Attraction_Review-g293925-d34262636-Reviews-Vita_Eco_Craft-Ho_Chi_Minh_City.html,525,tripadvisor_vn
Street Food Adventure,Tour thăm quan thành phố • Chuyến tham quan văn hóa,Ho Chi Minh City,https://www.tripadvisor.com.vn/Attraction_Review-g293925-d12250546-Reviews-Street_Food_Adventure-Ho_Chi_Minh_City.html,526,tripadvisor_vn
LV Tours,Tour thăm quan thành phố • Chuyến tham quan tư nhân,Ho Chi Minh City,https://www.tripadvisor.com.vn/Attraction_Review-g293925-d17600319-Reviews-LV_Tours-Ho_Chi_Minh_City.html,527,tripadvisor_vn
Sol Spa - Renaissance Riverside Saigon,Spa,Ho Chi Minh City,https://www.tripadvisor.com.vn/Attraction_Review-g293925-d30236236-Reviews-Sol_Spa_Renaissance_Riverside_Sai_Gon-Ho_Chi_Minh_City.html,532,tripadvisor_vn
Indochina Charm Travel (HCMC Branch),Chuyến tham quan nhiều ngày • Taxi & xe đưa đón,Ho Chi Minh City,https://www.tripadvisor.com.vn/Attraction_Review-g293925-d16159007-Reviews-Indochina_Charm_Travel_HCMC_Branch-Ho_Chi_Minh_City.html,536,tripadvisor_vn
Sky Travel,Chuyến tham quan ngắm cảnh • Chuyến tham quan tư nhân,Ho Chi Minh City,https://www.tripadvisor.com.vn/Attraction_Review-g293925-d8810040-Reviews-Sky_Travel-Ho_Chi_Minh_City.html,537,tripadvisor_vn
Cycloresto Cooking Class,Tour thăm quan thành phố • Lớp nấu ăn,Ho Chi Minh City,https://www.tripadvisor.com.vn/Attraction_Review-g293925-d4237570-Reviews-Cycloresto_Cooking_Class-Ho_Chi_Minh_City.html,538,tripadvisor_vn
Quán Bia Thủ Công Ông Cao,Quán bar & câu lạc bộ,Ho Chi Minh City,https://www.tripadvisor.com.vn/Attraction_Review-g293925-d12150062-Reviews-Ong_Cao_Craft_Beer-Ho_Chi_Minh_City.html,540,tripadvisor_vn
Khamora Holidays,Chuyến tham quan bằng xe đạp • Chuyến tham quan đi bộ & cắm trại,Ho Chi Minh City,https://www.tripadvisor.com.vn/Attraction_Review-g293925-d34594633-Reviews-Khamora_Holidays-Ho_Chi_Minh_City.html,541,tripadvisor_vn
Wellness Center - Mint Gội Đầu Siêu Thư Giãn Quận 1,Câu lạc bộ sức khỏe • Yoga & pilate,Ho Chi Minh City,https://www.tripadvisor.com.vn/Attraction_Review-g293925-d27105186-Reviews-Wellness_Center_Mint_G_i_D_u_Sieu_Thu_Gian_Qu_n_1-Ho_Chi_Minh_City.html,543,tripadvisor_vn
Muslim Travel Vietnam,Chuyến tham quan nhiều ngày • Taxi & xe đưa đón,Ho Chi Minh City,https://www.tripadvisor.com.vn/Attraction_Review-g293925-d14086619-Reviews-Muslim_Travel_Vietnam-Ho_Chi_Minh_City.html,545,tripadvisor_vn
Bestie Travel - Daily Tour,Chuyến tham quan nhiều ngày • Taxi & xe đưa đón,Ho Chi Minh City,https://www.tripadvisor.com.vn/Attraction_Review-g293925-d24996778-Reviews-Bestie_Travel_Daily_Tour-Ho_Chi_Minh_City.html,546,tripadvisor_vn
Freetour Vietnam,Chuyến đi trong ngày,Ho Chi Minh City,https://www.tripadvisor.com.vn/Attraction_Review-g293925-d27175388-Reviews-Freetour_Vietnam-Ho_Chi_Minh_City.html,547,tripadvisor_vn
Open Smile Travel,Chuyến tham quan nhiều ngày • Chuyến tham quan cảm giác mạnh & mạo hiểm,Ho Chi Minh City,https://www.tripadvisor.com.vn/Attraction_Review-g293925-d19331065-Reviews-Open_Smile_Travel-Ho_Chi_Minh_City.html,551,tripadvisor_vn
D.t Massage Therapy - Sport Massage,Spa,Ho Chi Minh City,https://www.tripadvisor.com.vn/Attraction_Review-g293925-d33161085-Reviews-D_t_Massage_Therapy_Sport_Massage-Ho_Chi_Minh_City.html,554,tripadvisor_vn
Secret Food Tours Ho Chi Minh,Chuyến tham quan ẩm thực,Ho Chi Minh City,https://www.tripadvisor.com.vn/Attraction_Review-g293925-d17282150-Reviews-Secret_Food_Tours_Ho_Chi_Minh-Ho_Chi_Minh_City.html,555,tripadvisor_vn
Saigon Free Day Tours,Tour thăm quan thành phố • Chuyến tham quan văn hóa,Ho Chi Minh City,https://www.tripadvisor.com.vn/Attraction_Review-g293925-d12829824-Reviews-Saigon_Free_Day_Tours-Ho_Chi_Minh_City.html,556,tripadvisor_vn
Crazy Tour,Chuyến tham quan văn hóa • Chuyến tham quan bằng xe đạp,Ho Chi Minh City,https://www.tripadvisor.com.vn/Attraction_Review-g293925-d12387550-Reviews-Crazy_Tour-Ho_Chi_Minh_City.html,557,tripadvisor_vn
Signatures Of Asia,Chuyến tham quan văn hóa • Chuyến tham quan lịch sử & di sản,Ho Chi Minh City,https://www.tripadvisor.com.vn/Attraction_Review-g293925-d8009540-Reviews-Signatures_Of_Asia-Ho_Chi_Minh_City.html,558,tripadvisor_vn
Saigon DMC Travel,Chuyến tham quan nhiều ngày • Taxi & xe đưa đón,Ho Chi Minh City,https://www.tripadvisor.com.vn/Attraction_Review-g293925-d25129936-Reviews-Saigon_DMC_Travel-Ho_Chi_Minh_City.html,561,tripadvisor_vn
Vietnam Private Travel,Chuyến tham quan bằng thuyền • Chuyến tham quan đi dạo,Ho Chi Minh City,https://www.tripadvisor.com.vn/Attraction_Review-g293925-d11435831-Reviews-Vietnam_Private_Travel-Ho_Chi_Minh_City.html,566,tripadvisor_vn
Forever Travel,Chuyến tham quan văn hóa • Chuyến tham quan lịch sử & di sản,Ho Chi Minh City,https://www.tripadvisor.com.vn/Attraction_Review-g293925-d32811188-Reviews-Forever_Travel-Ho_Chi_Minh_City.html,568,tripadvisor_vn
22Land Sky Bar,Quán bar & câu lạc bộ,Ho Chi Minh City,https://www.tripadvisor.com.vn/Attraction_Review-g293925-d28016792-Reviews-22Land_Sky_Bar-Ho_Chi_Minh_City.html,569,tripadvisor_vn
Rosemary Nail Art - Spa,Spa,Ho Chi Minh City,https://www.tripadvisor.com.vn/Attraction_Review-g293925-d27926877-Reviews-Rosemary_Nail_Art_Spa-Ho_Chi_Minh_City.html,570,tripadvisor_vn
Trạm Relax Spa HoChiMinhCity,Spa,Ho Chi Minh City,https://www.tripadvisor.com.vn/Attraction_Review-g293925-d34276978-Reviews-Tr_m_Relax_Spa_HoChiMinhCity-Ho_Chi_Minh_City.html,571,tripadvisor_vn
"BookingNow Co.,LTD",Tour thăm quan thành phố • Chuyến tham quan bằng xe buýt du lịch,Ho Chi Minh City,https://www.tripadvisor.com.vn/Attraction_Review-g293925-d29788030-Reviews-Bookingnow-Ho_Chi_Minh_City.html,572,tripadvisor_vn
Mornington Spa,Spa,Ho Chi Minh City,https://www.tripadvisor.com.vn/Attraction_Review-g293925-d25257326-Reviews-Mornington_Spa-Ho_Chi_Minh_City.html,573,tripadvisor_vn
Dak Spa,Spa,Ho Chi Minh City,https://www.tripadvisor.com.vn/Attraction_Review-g293925-d16698454-Reviews-Dak_Spa-Ho_Chi_Minh_City.html,576,tripadvisor_vn
Boosh 2 - Rooftop Bar,Quán bar & câu lạc bộ,Ho Chi Minh City,https://www.tripadvisor.com.vn/Attraction_Review-g293925-d34389096-Reviews-Boosh_2_Rooftop_Bar-Ho_Chi_Minh_City.html,578,tripadvisor_vn
Mint - Super Relaxing Massage,Spa,Ho Chi Minh City,https://www.tripadvisor.com.vn/Attraction_Review-g293925-d26923954-Reviews-Mint_Super_Relaxing_Massage-Ho_Chi_Minh_City.html,580,tripadvisor_vn
Vietnam Alive - Day Tours,Chuyến tham quan tư nhân,Ho Chi Minh City,https://www.tripadvisor.com.vn/Attraction_Review-g293925-d4223482-Reviews-Vietnam_Alive_Day_Tours-Ho_Chi_Minh_City.html,581,tripadvisor_vn
Saigon Corners,Tour thăm quan thành phố • Chuyến tham quan ban đêm,Ho Chi Minh City,https://www.tripadvisor.com.vn/Attraction_Review-g293925-d17427697-Reviews-Saigon_Corners-Ho_Chi_Minh_City.html,582,tripadvisor_vn
Saigon Motorbike Tours - private day tours,"Chuyến tham quan bằng xe 4WD, ATV & xe địa hình • Chuyến tham quan bằng mô tô",Ho Chi Minh City,https://www.tripadvisor.com.vn/Attraction_Review-g293925-d5991449-Reviews-Saigon_Motorbike_Tours_private_day_tours-Ho_Chi_Minh_City.html,585,tripadvisor_vn
Tung's Vietnamese Cooking Class,Lớp nấu ăn,Ho Chi Minh City,https://www.tripadvisor.com.vn/Attraction_Review-g293925-d28044127-Reviews-Tung_s_Vietnamese_Cooking_Class-Ho_Chi_Minh_City.html,586,tripadvisor_vn
TRAVEL BUDDY VIETNAM,Dù kéo & dù lượn • Chuyến tham quan nhiều ngày,Ho Chi Minh City,https://www.tripadvisor.com.vn/Attraction_Review-g293925-d27951546-Reviews-TRAVEL_BUDDY_VIETNAM-Ho_Chi_Minh_City.html,587,tripadvisor_vn
Emma OnTheGo,"Chuyến tham quan quán bar, câu lạc bộ & quán rượu • Chuyến tham quan nhiều ngày",Ho Chi Minh City,https://www.tripadvisor.com.vn/Attraction_Review-g293925-d25553159-Reviews-Emma_OnTheGo-Ho_Chi_Minh_City.html,590,tripadvisor_vn
V'explore Travel,Tour thăm quan thành phố • Chuyến tham quan ngắm cảnh,Ho Chi Minh City,https://www.tripadvisor.com.vn/Attraction_Review-g293925-d9754912-Reviews-V_explore_Travel-Ho_Chi_Minh_City.html,591,tripadvisor_vn
Vietnam in Focus,Tour thăm quan thành phố • Chuyến tham quan đi dạo,Ho Chi Minh City,https://www.tripadvisor.com.vn/Attraction_Review-g293925-d27463172-Reviews-Vietnam_in_Focus-Ho_Chi_Minh_City.html,594,tripadvisor_vn
Here Spa,Spa,Ho Chi Minh City,https://www.tripadvisor.com.vn/Attraction_Review-g293925-d33265191-Reviews-Here_Spa-Ho_Chi_Minh_City.html,596,tripadvisor_vn
Vietnam eBike Tours,Chuyến tham quan bằng xe đạp • Chuyến tham quan tư nhân,Ho Chi Minh City,https://www.tripadvisor.com.vn/Attraction_Review-g293925-d24970697-Reviews-Vietnam_eBike_Tours-Ho_Chi_Minh_City.html,598,tripadvisor_vn
Cào Cào Adventures,Chuyến tham quan bằng xe đạp,Ho Chi Minh City,https://www.tripadvisor.com.vn/Attraction_Review-g293925-d24155502-Reviews-Cao_Cao_Adventures-Ho_Chi_Minh_City.html,599,tripadvisor_vn
Vietnam Tours by Travelmates,Chuyến tham quan nhiều ngày • Chuyến tham quan văn hóa,Ho Chi Minh City,https://www.tripadvisor.com.vn/Attraction_Review-g293925-d26343200-Reviews-Vietnam_Tours_by_Travelmates-Ho_Chi_Minh_City.html,600,tripadvisor_vn
Phố Cổ Hà Nội,Khu lân cận • Khu vực đi dạo tham quan di tích lịch sử,Hanoi,https://www.tripadvisor.com.vn/Attraction_Review-g293924-d317503-Reviews-Old_Quarter-Hanoi.html,1,tripadvisor_vn
Hoa Lo Prison,Địa điểm lịch sử,Hanoi,https://www.tripadvisor.com.vn/Attraction_Review-g293924-d311069-Reviews-Hoa_Lo_Prison-Hanoi.html,2,tripadvisor_vn
Văn Miếu Q,Địa điểm lịch sử • Điểm thu hút khách tham quan & thắng cảnh,Hanoi,https://www.tripadvisor.com.vn/Attraction_Review-g293924-d311083-Reviews-Temple_of_Literature_National_University-Hanoi.html,3,tripadvisor_vn
Vietnam Museum of Ethnology,Viện bảo tàng lịch sử,Hanoi,https://www.tripadvisor.com.vn/Attraction_Review-g21375824-d447352-Reviews-Vietnam_Museum_of_Ethnology-Cau_Giay_Hanoi.html,4,tripadvisor_vn
Bảo tàng Phụ nữ Việt Nam,Viện bảo tàng chuyên ngành,Hanoi,https://www.tripadvisor.com.vn/Attraction_Review-g293924-d447354-Reviews-Vietnamese_Women_s_Museum-Hanoi.html,5,tripadvisor_vn
Lăng Chủ Tịch Hồ Chí Minh,Địa điểm lịch sử,Hanoi,https://www.tripadvisor.com.vn/Attraction_Review-g293924-d311064-Reviews-Ho_Chi_Minh_Mausoleum-Hanoi.html,6,tripadvisor_vn
Vega Travel,Khu vực đi dạo tham quan di tích lịch sử,Hanoi,https://www.tripadvisor.com.vn/Attraction_Review-g293924-d33275858-Reviews-Vega_Travel-Hanoi.html,7,tripadvisor_vn
Hồ Hoàn Kiếm,Vùng nước,Hanoi,https://www.tripadvisor.com.vn/Attraction_Review-g293924-d311070-Reviews-Lake_of_the_Restored_Sword_Hoan_Kiem_Lake-Hanoi.html,8,tripadvisor_vn
Serene Spa Hanoi,Spa • Spa nước nóng,Hanoi,https://www.tripadvisor.com.vn/Attraction_Review-g293924-d8692931-Reviews-Serene_Spa_Hanoi-Hanoi.html,9,tripadvisor_vn
Vegas M E - Gaming Club,Sòng bạc,Hanoi,https://www.tripadvisor.com.vn/Attraction_Review-g293924-d27137783-Reviews-Vegas_M_E_Gaming_Club-Hanoi.html,10,tripadvisor_vn
Nhà Thờ Lớn,Điểm thu hút khách tham quan & thắng cảnh • Địa điểm tôn giáo,Hanoi,https://www.tripadvisor.com.vn/Attraction_Review-g293924-d311082-Reviews-St_Joseph_s_Cathedral-Hanoi.html,11,tripadvisor_vn
Night Market,Chợ trời & chợ đường phố,Hanoi,https://www.tripadvisor.com.vn/Attraction_Review-g293924-d1177507-Reviews-Night_Market-Hanoi.html,12,tripadvisor_vn
Vietnam Military History Museum,Viện bảo tàng quân đội,Hanoi,https://www.tripadvisor.com.vn/Attraction_Review-g293924-d455005-Reviews-Vietnam_Military_History_Museum-Hanoi.html,13,tripadvisor_vn
Hanoi Train Street,Điểm thu hút khách tham quan & thắng cảnh,Hanoi,https://www.tripadvisor.com.vn/Attraction_Review-g293924-d32789681-Reviews-Hanoi_Train_Street-Hanoi.html,14,tripadvisor_vn
Bảo Tàng Hồ Chí Minh,Viện bảo tàng lịch sử,Hanoi,https://www.tripadvisor.com.vn/Attraction_Review-g293924-d311066-Reviews-Ho_Chi_Minh_Museum-Hanoi.html,15,tripadvisor_vn
Đường Tàu,Điểm thu hút khách tham quan & thắng cảnh,Hanoi,https://www.tripadvisor.com.vn/Attraction_Review-g293924-d15190048-Reviews-Du_ng_Tau-Hanoi.html,16,tripadvisor_vn
Phòng tranh Green Palm,Phòng trưng bày nghệ thuật,Hanoi,https://www.tripadvisor.com.vn/Attraction_Review-g293924-d10035816-Reviews-Green_Palm_Gallery_Hanoi_Old_Quarters-Hanoi.html,17,tripadvisor_vn
Nhà Hát Lớn Hà Nội,Rạp hát,Hanoi,https://www.tripadvisor.com.vn/Attraction_Review-g293924-d311077-Reviews-Hanoi_Opera_House-Hanoi.html,18,tripadvisor_vn
Đài Quan Sát Lotte,Đài & tháp quan sát • Đài quan sát & cung thiên văn,Hanoi,https://www.tripadvisor.com.vn/Attraction_Review-g293924-d7987859-Reviews-Lotte_Observation_Deck-Hanoi.html,19,tripadvisor_vn
West Lake,Vùng nước,Hanoi,https://www.tripadvisor.com.vn/Attraction_Review-g293924-d455016-Reviews-West_Lake-Hanoi.html,20,tripadvisor_vn
Phố Hàng Gai,Điểm thu hút khách tham quan & thắng cảnh,Hanoi,https://www.tripadvisor.com.vn/Attraction_Review-g293924-d311058-Reviews-Hanoi_Old_Quarter_Vietnam-Hanoi.html,21,tripadvisor_vn
Chua Tran Quoc,Địa điểm tôn giáo,Hanoi,https://www.tripadvisor.com.vn/Attraction_Review-g293924-d2067946-Reviews-Chua_Tran_Quoc-Hanoi.html,22,tripadvisor_vn
Đền Ngọc Sơn,Địa điểm tôn giáo,Hanoi,https://www.tripadvisor.com.vn/Attraction_Review-g293924-d311074-Reviews-D_n_Ng_c_Son-Hanoi.html,23,tripadvisor_vn
MF Spa Hanoi,Spa • Spa nước nóng,Hanoi,https://www.tripadvisor.com.vn/Attraction_Review-g293924-d10825946-Reviews-MF_Spa_Hanoi-Hanoi.html,24,tripadvisor_vn
Imperial Citadel of Thang Long,Địa điểm lịch sử • Điểm thu hút khách tham quan & thắng cảnh,Hanoi,https://www.tripadvisor.com.vn/Attraction_Review-g293924-d6417854-Reviews-Imperial_Citadel_of_Thang_Long-Hanoi.html,25,tripadvisor_vn
Nguyen Art Gallery,Phòng trưng bày nghệ thuật,Hanoi,https://www.tripadvisor.com.vn/Attraction_Review-g293924-d6226404-Reviews-Nguyen_Art_Gallery_in_Hanoi-Hanoi.html,26,tripadvisor_vn
Khu di tích chủ tịch Hồ Chí Minh tại Phủ Chủ Tịch,Địa điểm lịch sử,Hanoi,https://www.tripadvisor.com.vn/Attraction_Review-g293924-d311067-Reviews-Ho_Chi_Minh_s_Stilt_House-Hanoi.html,27,tripadvisor_vn
Làng cổ Đường Lâm,Địa điểm lịch sử • Khu lân cận,Hanoi,https://www.tripadvisor.com.vn/Attraction_Review-g293924-d814878-Reviews-Duong_Lam_Ancient_Village-Hanoi.html,28,tripadvisor_vn
Aeon Mall Long Biên,Trung tâm mua sắm,Hanoi,https://www.tripadvisor.com.vn/Attraction_Review-g293924-d9451908-Reviews-Aeon_Mall_Long_Bien-Hanoi.html,29,tripadvisor_vn
Dong Xuan Market,Chợ trời & chợ đường phố,Hanoi,https://www.tripadvisor.com.vn/Attraction_Review-g293924-d311057-Reviews-Dong_Xuan_Market-Hanoi.html,30,tripadvisor_vn
Ta Hien Street,Điểm thu hút khách tham quan & thắng cảnh,Hanoi,https://www.tripadvisor.com.vn/Attraction_Review-g293924-d9983248-Reviews-Ta_Hien_Street-Hanoi.html,31,tripadvisor_vn
Long Bien Bridge,Điểm thu hút khách tham quan & thắng cảnh • Cầu,Hanoi,https://www.tripadvisor.com.vn/Attraction_Review-g293924-d2179632-Reviews-Long_Bien_Bridge-Hanoi.html,32,tripadvisor_vn
Bảo Tàng Lịch Sử Quốc Gia,Viện bảo tàng lịch sử,Hanoi,https://www.tripadvisor.com.vn/Attraction_Review-g293924-d311071-Reviews-Vietnam_National_Museum_of_History-Hanoi.html,33,tripadvisor_vn
Hanoi Centre Shopping Mall,Công viên • Trung tâm mua sắm,Hanoi,https://www.tripadvisor.com.vn/Attraction_Review-g293924-d34295470-Reviews-Hanoi_Centre_Shopping_Mall-Hanoi.html,34,tripadvisor_vn
VinKE & Vinpearl Aquarium Times City,Viện hải dương học • Trung tâm trò chơi & giải trí,Hanoi,https://www.tripadvisor.com.vn/Attraction_Review-g293924-d6691563-Reviews-VinKE_Vinpearl_Aquarium_Times_City-Hanoi.html,35,tripadvisor_vn
Chùa Một Cột,Địa điểm tôn giáo,Hanoi,https://www.tripadvisor.com.vn/Attraction_Review-g293924-d311075-Reviews-One_Pillar_Pagoda-Hanoi.html,36,tripadvisor_vn
X Space Immersive,Triển lãm,Hanoi,https://www.tripadvisor.com.vn/Attraction_Review-g293924-d34081790-Reviews-X_Space_Immersive-Hanoi.html,37,tripadvisor_vn
Piercing Remedy,Trung tâm mua sắm,Hanoi,https://www.tripadvisor.com.vn/Attraction_Review-g293924-d33413727-Reviews-Piercing_Remedy-Hanoi.html,38,tripadvisor_vn
Grand Plaza E-Gaming Club,Sòng bạc • Trung tâm trò chơi & giải trí,Hanoi,https://www.tripadvisor.com.vn/Attraction_Review-g293924-d27949761-Reviews-Grand_Plaza_E_Gaming_Club-Hanoi.html,39,tripadvisor_vn
Phố Đi Bộ Hồ Hoàn Kiếm,Khu vực đi dạo ngắm cảnh,Hanoi,https://www.tripadvisor.com.vn/Attraction_Review-g293924-d16656366-Reviews-Hoan_Kiem_Walking_Street-Hanoi.html,40,tripadvisor_vn
Thang Long Water Puppet Theater,Rạp hát,Hanoi,https://www.tripadvisor.com.vn/Attraction_Review-g293924-d5986447-Reviews-Thang_Long_Water_Puppet_Theater-Hanoi.html,41,tripadvisor_vn
Vườn Quốc Gia Ba Vì,Công viên quốc gia,Hanoi,https://www.tripadvisor.com.vn/Attraction_Review-g293924-d7938258-Reviews-Ba_Vi_National_Park-Hanoi.html,42,tripadvisor_vn
Việt Phủ Thành Chương,Điểm thu hút khách tham quan & thắng cảnh • Địa điểm tôn giáo,Hanoi,https://www.tripadvisor.com.vn/Attraction_Review-g293924-d2182334-Reviews-Thanh_Chuong_s_Viet_Palace-Hanoi.html,43,tripadvisor_vn
Jackpot Gaming Club,Sòng bạc,Hanoi,https://www.tripadvisor.com.vn/Attraction_Review-g293924-d34338864-Reviews-Jackpot_Gaming_Club-Hanoi.html,44,tripadvisor_vn
Ancient House,Viện bảo tàng chuyên ngành • Viện bảo tàng lịch sử,Hanoi,https://www.tripadvisor.com.vn/Attraction_Review-g293924-d2264809-Reviews-Ancient_House-Hanoi.html,45,tripadvisor_vn
Mf Boutique Spa,Spa • Spa nước nóng,Hanoi,https://www.tripadvisor.com.vn/Attraction_Review-g293924-d16120929-Reviews-Mf_Boutique_Spa-Hanoi.html,46,tripadvisor_vn
Lotte Mall West Lake,Trung tâm mua sắm,Hanoi,https://www.tripadvisor.com.vn/Attraction_Review-g293924-d26634229-Reviews-Lotte_Mall_West_Lake-Hanoi.html,47,tripadvisor_vn
MF Celeste Spa,Spa nước nóng,Hanoi,https://www.tripadvisor.com.vn/Attraction_Review-g293924-d33990671-Reviews-MF_Celeste_Spa-Hanoi.html,48,tripadvisor_vn
Apron Up Cooking Class,Lớp nấu ăn,Hanoi,https://www.tripadvisor.com.vn/Attraction_Review-g293924-d10308834-Reviews-Apron_Up_Cooking_Class-Hanoi.html,49,tripadvisor_vn
Con đường Gốm sứ,Điểm thu hút khách tham quan & thắng cảnh,Hanoi,https://www.tripadvisor.com.vn/Attraction_Review-g293924-d4162202-Reviews-Hanoi_Ceramic_Mosaic_Mural-Hanoi.html,50,tripadvisor_vn
Huu Tiep Lake and the Downed B-52,Địa điểm lịch sử • Chiến trường,Hanoi,https://www.tripadvisor.com.vn/Attraction_Review-g23068219-d455010-Reviews-Huu_Tiep_Lake_and_the_Downed_B_52-Ba_Dinh_Hanoi.html,51,tripadvisor_vn
Quang Ba Flower Market,Chợ trời & chợ đường phố,Hanoi,https://www.tripadvisor.com.vn/Attraction_Review-g293924-d2639336-Reviews-Quang_Ba_Flower_Market-Hanoi.html,52,tripadvisor_vn
Perfume Pagoda,Địa điểm tôn giáo,Hanoi,https://www.tripadvisor.com.vn/Attraction_Review-g293924-d311078-Reviews-Perfume_Pagoda-Hanoi.html,53,tripadvisor_vn
Vietnam heritage daily tour,Điểm thu hút khách tham quan & thắng cảnh,Hanoi,https://www.tripadvisor.com.vn/Attraction_Review-g293924-d25456339-Reviews-Vietnam_heritage_daily_tour-Hanoi.html,54,tripadvisor_vn
Đền Quán Thánh,Địa điểm tôn giáo,Hanoi,https://www.tripadvisor.com.vn/Attraction_Review-g293924-d311081-Reviews-Quan_Thanh_Temple-Hanoi.html,55,tripadvisor_vn
Thap Rua Tower,Điểm thu hút khách tham quan & thắng cảnh,Hanoi,https://www.tripadvisor.com.vn/Attraction_Review-g293924-d550756-Reviews-Thap_Rua_Tower-Hanoi.html,56,tripadvisor_vn
Thang Long Water Puppet,Rạp hát • Nhà hát & biểu diễn,Hanoi,https://www.tripadvisor.com.vn/Attraction_Review-g293924-d455018-Reviews-Thang_Long_Water_Puppet-Hanoi.html,57,tripadvisor_vn
NGO GIA Tailor,Cửa hàng đặc sản & cửa hàng quà tặng,Hanoi,https://www.tripadvisor.com.vn/Attraction_Review-g293924-d15269608-Reviews-NGO_GIA_Tailor-Hanoi.html,58,tripadvisor_vn
B52 Victory Museum,Viện bảo tàng chuyên ngành,Hanoi,https://www.tripadvisor.com.vn/Attraction_Review-g293924-d4731869-Reviews-B52_Victory_Museum-Hanoi.html,59,tripadvisor_vn
Chợ Hôm,Chợ trời & chợ đường phố,Hanoi,https://www.tripadvisor.com.vn/Attraction_Review-g293924-d8431997-Reviews-Hom_Market-Hanoi.html,60,tripadvisor_vn
Công Viên Lý Thái Tổ,Công viên • Vườn,Hanoi,https://www.tripadvisor.com.vn/Attraction_Review-g293924-d2067966-Reviews-Ly_Thai_To_Park-Hanoi.html,61,tripadvisor_vn
Hoang's Spa,Spa • Spa nước nóng,Hanoi,https://www.tripadvisor.com.vn/Attraction_Review-g293924-d32700099-Reviews-Hoang_s_Spa-Hanoi.html,62,tripadvisor_vn
Cau The Huc,Cầu,Hanoi,https://www.tripadvisor.com.vn/Attraction_Review-g293924-d11965985-Reviews-Cau_The_Huc-Hanoi.html,63,tripadvisor_vn
Phố Hàng Dầu,Điểm thu hút khách tham quan & thắng cảnh,Hanoi,https://www.tripadvisor.com.vn/Attraction_Review-g293924-d8099313-Reviews-Hang_Dau_Street-Hanoi.html,64,tripadvisor_vn
Nhà Hát Tuồng Trung Ương,Rạp hát,Hanoi,https://www.tripadvisor.com.vn/Attraction_Review-g293924-d919317-Reviews-Vietnam_National_Tuong_Theatre-Hanoi.html,65,tripadvisor_vn
Bat Trang Ceramics Village,Điểm thu hút khách tham quan & thắng cảnh,Hanoi,https://www.tripadvisor.com.vn/Attraction_Review-g293924-d21273921-Reviews-Bat_Trang_Ceramics_Village-Hanoi.html,66,tripadvisor_vn
Lotus Train,Hệ thống giao thông công cộng,Hanoi,https://www.tripadvisor.com.vn/Attraction_Review-g293924-d17558598-Reviews-Lotus_Train-Hanoi.html,67,tripadvisor_vn
Ho Tay Water Park,Công viên nước,Hanoi,https://www.tripadvisor.com.vn/Attraction_Review-g293924-d2589683-Reviews-Ho_Tay_Water_Park-Hanoi.html,68,tripadvisor_vn
Bảo Tàng Công An Hà Nội,Viện bảo tàng chuyên ngành,Hanoi,https://www.tripadvisor.com.vn/Attraction_Review-g293924-d8616599-Reviews-Hanoi_Police_Museum-Hanoi.html,69,tripadvisor_vn
Board Game VN Store,Cửa hàng đặc sản & cửa hàng quà tặng • Cửa hàng bách hóa,Hanoi,https://www.tripadvisor.com.vn/Attraction_Review-g293924-d33875520-Reviews-Board_Game_VN_Store-Hanoi.html,70,tripadvisor_vn
Hanoi Spa,Spa,Hanoi,https://www.tripadvisor.com.vn/Attraction_Review-g293924-d33968774-Reviews-Hanoi_Spa-Hanoi.html,71,tripadvisor_vn
Bảo tàng Không quân Việt Nam,Viện bảo tàng quân đội,Hanoi,https://www.tripadvisor.com.vn/Attraction_Review-g293924-d1383220-Reviews-Vietnamese_Air_Force_Museum-Hanoi.html,72,tripadvisor_vn
Lotte Department Store,Trung tâm mua sắm,Hanoi,https://www.tripadvisor.com.vn/Attraction_Review-g293924-d15654430-Reviews-Lotte_Department_Store-Hanoi.html,73,tripadvisor_vn
Kind Travel,Trung tâm du lịch • Bến du thuyền,Hanoi,https://www.tripadvisor.com.vn/Attraction_Review-g293924-d34422797-Reviews-Kind_Travel-Hanoi.html,74,tripadvisor_vn
Lessence Spa,Spa,Hanoi,https://www.tripadvisor.com.vn/Attraction_Review-g293924-d7916190-Reviews-L_essence_Spa-Hanoi.html,75,tripadvisor_vn
French Quarter,Điểm thu hút khách tham quan & thắng cảnh,Hanoi,https://www.tripadvisor.com.vn/Attraction_Review-g293924-d17558149-Reviews-French_Quarter-Hanoi.html,76,tripadvisor_vn
Rose Kitchen,Lớp nấu ăn,Hanoi,https://www.tripadvisor.com.vn/Attraction_Review-g293924-d11961561-Reviews-Rose_Kitchen-Hanoi.html,77,tripadvisor_vn
Phố Bích Họa Phùng Hưng,Điểm thu hút khách tham quan & thắng cảnh,Hanoi,https://www.tripadvisor.com.vn/Attraction_Review-g293924-d16763144-Reviews-Phung_Hung_Mural_Street-Hanoi.html,78,tripadvisor_vn
Hang Bac Street,Điểm thu hút khách tham quan & thắng cảnh,Hanoi,https://www.tripadvisor.com.vn/Attraction_Review-g293924-d8099300-Reviews-Hang_Bac_Street-Hanoi.html,79,tripadvisor_vn
AEON MALL,Trung tâm mua sắm,Hanoi,https://www.tripadvisor.com.vn/Attraction_Review-g293924-d12820996-Reviews-AEON_MALL-Hanoi.html,80,tripadvisor_vn
North Tailor,Cửa hàng đặc sản & cửa hàng quà tặng,Hanoi,https://www.tripadvisor.com.vn/Attraction_Review-g293924-d28415090-Reviews-North_Tailor-Hanoi.html,81,tripadvisor_vn
Vincom Center for Contemporary Art (VCCA),Phòng trưng bày nghệ thuật,Hanoi,https://www.tripadvisor.com.vn/Attraction_Review-g293924-d6922234-Reviews-Vincom_Center_for_Contemporary_Art_VCCA-Hanoi.html,82,tripadvisor_vn
Vietnam Magic Journey,Trung tâm du lịch,Hanoi,https://www.tripadvisor.com.vn/Attraction_Review-g293924-d32992619-Reviews-Vietnam_Magic_Journey-Hanoi.html,83,tripadvisor_vn
The Garden Shopping Center,Trung tâm mua sắm,Hanoi,https://www.tripadvisor.com.vn/Attraction_Review-g293924-d14928329-Reviews-The_Garden_Shopping_Center-Hanoi.html,84,tripadvisor_vn
L'essence De La Vie Spa,Nhà tắm hơi & nhà tắm kiểu Thổ Nhĩ Kỳ • Spa,Hanoi,https://www.tripadvisor.com.vn/Attraction_Review-g293924-d24178578-Reviews-L_essence_De_La_Vie_Spa-Hanoi.html,85,tripadvisor_vn
Đền Bạch Mã,Điểm thu hút khách tham quan & thắng cảnh,Hanoi,https://www.tripadvisor.com.vn/Attraction_Review-g293924-d4211260-Reviews-Bach_Ma_Temple-Hanoi.html,86,tripadvisor_vn
Hanoi Flag Tower,Viện bảo tàng quân đội • Khu vực đi dạo tham quan di tích lịch sử,Hanoi,https://www.tripadvisor.com.vn/Attraction_Review-g293924-d1486502-Reviews-Hanoi_Flag_Tower-Hanoi.html,87,tripadvisor_vn
Tiệm May Đỏ - TMĐ Tailoring,Cửa hàng đặc sản & cửa hàng quà tặng,Hanoi,https://www.tripadvisor.com.vn/Attraction_Review-g293924-d26407181-Reviews-Ti_m_May_D-Hanoi.html,88,tripadvisor_vn
Nhà Sàn Bác Hồ,Địa điểm lịch sử,Hanoi,https://www.tripadvisor.com.vn/Attraction_Review-g293924-d12198666-Reviews-Ho_Chi_Minh_s_Stilt_House-Hanoi.html,89,tripadvisor_vn
La Belle Vie Spa & Massage,Spa,Hanoi,https://www.tripadvisor.com.vn/Attraction_Review-g293924-d12051459-Reviews-La_Belle_Vie_Spa_Massage-Hanoi.html,90,tripadvisor_vn
Tiệm áo Đỏ,Cửa hàng đặc sản & cửa hàng quà tặng,Hanoi,https://www.tripadvisor.com.vn/Attraction_Review-g293924-d33407670-Reviews-Ti_m_Ao_D-Hanoi.html,91,tripadvisor_vn
Bảo Tàng Công An Nhân Dân Việt Nam,Viện bảo tàng lịch sử,Hanoi,https://www.tripadvisor.com.vn/Attraction_Review-g293924-d11965037-Reviews-Vietnam_Military_History_Museum-Hanoi.html,92,tripadvisor_vn
Mf Maison Spa Hanoi,Spa • Spa nước nóng,Hanoi,https://www.tripadvisor.com.vn/Attraction_Review-g293924-d28000116-Reviews-Mf_Maison_Spa-Hanoi.html,93,tripadvisor_vn
Kang-ji Archery,Trung tâm trò chơi & giải trí,Hanoi,https://www.tripadvisor.com.vn/Attraction_Review-g293924-d33260690-Reviews-Kang_ji_Archery-Hanoi.html,94,tripadvisor_vn
Chợ Long Biên,Chợ trời & chợ đường phố,Hanoi,https://www.tripadvisor.com.vn/Attraction_Review-g293924-d7946936-Reviews-Long_Bien_Market-Hanoi.html,95,tripadvisor_vn
Serene Spa,Spa,Hanoi,https://www.tripadvisor.com.vn/Attraction_Review-g293924-d15263803-Reviews-Serene_Spa-Hanoi.html,96,tripadvisor_vn
Phoenix Studio Tattoo Hà Nội,Cửa hàng bách hóa • Trung tâm trò chơi & giải trí,Hanoi,https://www.tripadvisor.com.vn/Attraction_Review-g293924-d33326667-Reviews-Phoenix_Studio_Tattoo_Ha_N_i-Hanoi.html,97,tripadvisor_vn
VIP Massage Tokyo,Spa,Hanoi,https://www.tripadvisor.com.vn/Attraction_Review-g293924-d26363717-Reviews-VIP_Massage_Tokyo-Hanoi.html,98,tripadvisor_vn
"Vietnam 5G SIM Card – eSIM Online or 24/7 Pickup at Noi Bai Airport, Hanoi (HAN)",Taxi & xe đưa đón • Cho thuê tiện ích,Hanoi,https://www.tripadvisor.com.vn/Attraction_Review-g293924-d27101747-Reviews-Vietnam_5G_SIM_Card_eSIM_Online_or_24_7_Pickup_at_Noi_Bai_Airport_Hanoi_HAN-Hano.html,99,tripadvisor_vn
Thong Nhat Park (Lenin Park),Công viên,Hanoi,https://www.tripadvisor.com.vn/Attraction_Review-g293924-d7057006-Reviews-Thong_Nhat_Park_Lenin_Park-Hanoi.html,100,tripadvisor_vn
Asia Transport Vietnam,Taxi & xe đưa đón,Hanoi,https://www.tripadvisor.com.vn/Attraction_Review-g293924-d13737841-Reviews-Asia_Transport_Vietnam-Hanoi.html,101,tripadvisor_vn
Bảo tàng Nguyễn Văn Huyên,Viện bảo tàng chuyên ngành • Viện bảo tàng lịch sử,Hanoi,https://www.tripadvisor.com.vn/Attraction_Review-g293924-d8012551-Reviews-Nguyen_Van_Huyen_Museum-Hanoi.html,102,tripadvisor_vn
Inkonic Tattoo Studio,Phòng trưng bày nghệ thuật,Hanoi,https://www.tripadvisor.com.vn/Attraction_Review-g293924-d26702042-Reviews-Inkonic_Tattoo_Studio-Hanoi.html,103,tripadvisor_vn
Ô Quan Chưởng,Điểm thu hút khách tham quan & thắng cảnh,Hanoi,https://www.tripadvisor.com.vn/Attraction_Review-g293924-d554496-Reviews-Old_City_Gate-Hanoi.html,104,tripadvisor_vn
John Sidney McCain Memorial,Đài kỷ niệm & tượng,Hanoi,https://www.tripadvisor.com.vn/Attraction_Review-g293924-d12971195-Reviews-John_Sidney_McCain_Memorial-Hanoi.html,105,tripadvisor_vn
Thang Long Art Gallery,Phòng trưng bày nghệ thuật,Hanoi,https://www.tripadvisor.com.vn/Attraction_Review-g293924-d2486466-Reviews-Thang_Long_Art_Gallery-Hanoi.html,106,tripadvisor_vn
Tailor Bros,Cửa hàng đặc sản & cửa hàng quà tặng,Hanoi,https://www.tripadvisor.com.vn/Attraction_Review-g293924-d14795423-Reviews-Tailor_Bros-Hanoi.html,107,tripadvisor_vn
Ba Đình Square,Điểm thu hút khách tham quan & thắng cảnh • Khu vực đi dạo tham quan di tích lịch sử,Hanoi,https://www.tripadvisor.com.vn/Attraction_Review-g293924-d9582337-Reviews-Ba_Dinh_Square-Hanoi.html,108,tripadvisor_vn
Bảo Tàng Gốm Bát Tràng - Trung Tâm Tinh Hoa Làng Nghề Việt,Viện bảo tàng nghệ thuật,Hanoi,https://www.tripadvisor.com.vn/Attraction_Review-g27956418-d33122766-Reviews-B_o_Tang_G_m_Bat_Trang_Trung_Tam_Tinh_Hoa_Lang_Ngh_Vi_t-Gia_Lam_Hanoi.html,109,tripadvisor_vn
Phố Hàng Mã,Điểm thu hút khách tham quan & thắng cảnh,Hanoi,https://www.tripadvisor.com.vn/Attraction_Review-g293924-d17366751-Reviews-Hang_Ma_Street-Hanoi.html,110,tripadvisor_vn
Senses Massage & Wellness,Spa,Hanoi,https://www.tripadvisor.com.vn/Attraction_Review-g293924-d26866767-Reviews-Senses_Massage_Wellness-Hanoi.html,111,tripadvisor_vn
Tượng Đài Vua Lê Thái Tổ,Điểm thu hút khách tham quan & thắng cảnh • Đài kỷ niệm & tượng,Hanoi,https://www.tripadvisor.com.vn/Attraction_Review-g293924-d8532696-Reviews-Statue_of_King_Le_Thai_To-Hanoi.html,112,tripadvisor_vn
Nowhere Spa,Spa,Hanoi,https://www.tripadvisor.com.vn/Attraction_Review-g293924-d27925858-Reviews-Nowhere_Spa_Earth-Hanoi.html,113,tripadvisor_vn
Hanoi Old Citadel - Northern Gate,Điểm thu hút khách tham quan & thắng cảnh,Hanoi,https://www.tripadvisor.com.vn/Attraction_Review-g293924-d3477980-Reviews-Hanoi_Old_Citadel_Northern_Gate-Hanoi.html,114,tripadvisor_vn
AEON MALL Ha Dong,Trung tâm mua sắm,Hanoi,https://www.tripadvisor.com.vn/Attraction_Review-g17733187-d19893365-Reviews-AEON_MALL_Ha_Dong-Ha_Dong_Hanoi.html,115,tripadvisor_vn
TiredCity 08 Hàng Bạc,Trung tâm mua sắm,Hanoi,https://www.tripadvisor.com.vn/Attraction_Review-g293924-d25054361-Reviews-TiredCity_08_Hang_B_c-Hanoi.html,116,tripadvisor_vn
JM Spa Hanoi,Spa,Hanoi,https://www.tripadvisor.com.vn/Attraction_Review-g293924-d13921070-Reviews-JM_Spa_Hanoi-Hanoi.html,117,tripadvisor_vn
NOTE - THE SCENT LAB,Xưởng vẽ & làm đồ gốm,Hanoi,https://www.tripadvisor.com.vn/Attraction_Review-g21301834-d26585843-Reviews-NOTE_THE_SCENT_LAB-Tay_Ho_Hanoi.html,118,tripadvisor_vn
Phu Tay Ho,Địa điểm tôn giáo,Hanoi,https://www.tripadvisor.com.vn/Attraction_Review-g293924-d2626564-Reviews-Phu_Tay_Ho-Hanoi.html,119,tripadvisor_vn
Ngo Minh Tailor,Cửa hàng đặc sản & cửa hàng quà tặng,Hanoi,https://www.tripadvisor.com.vn/Attraction_Review-g293924-d12827319-Reviews-Ngo_Minh_Tailor-Hanoi.html,120,tripadvisor_vn
Omamori Spa Hà Nội,Spa,Hanoi,https://www.tripadvisor.com.vn/Attraction_Review-g293924-d5566921-Reviews-Omamori_Spa_Ha_N_i-Hanoi.html,121,tripadvisor_vn
Chùa Thầy,Điểm thu hút khách tham quan & thắng cảnh • Địa điểm tôn giáo,Hanoi,https://www.tripadvisor.com.vn/Attraction_Review-g293924-d12293580-Reviews-Thay_Temple-Hanoi.html,122,tripadvisor_vn
Museum of the Revolution,Viện bảo tàng lịch sử,Hanoi,https://www.tripadvisor.com.vn/Attraction_Review-g293924-d311072-Reviews-Museum_of_the_Revolution-Hanoi.html,123,tripadvisor_vn
Al Noor Mosque,Địa điểm tôn giáo,Hanoi,https://www.tripadvisor.com.vn/Attraction_Review-g293924-d8311465-Reviews-Al_Noor_Mosque-Hanoi.html,124,tripadvisor_vn
YNOT,Cửa hàng đặc sản & cửa hàng quà tặng • Phòng trưng bày nghệ thuật,Hanoi,https://www.tripadvisor.com.vn/Attraction_Review-g293924-d7224433-Reviews-YNOT-Hanoi.html,125,tripadvisor_vn
Pagoda But Thap,Điểm thu hút khách tham quan & thắng cảnh,Hanoi,https://www.tripadvisor.com.vn/Attraction_Review-g293924-d4945615-Reviews-Pagoda_But_Thap-Hanoi.html,126,tripadvisor_vn
Bảo Tàng Đường Hồ Chí Minh,Viện bảo tàng lịch sử,Hanoi,https://www.tripadvisor.com.vn/Attraction_Review-g293924-d8141204-Reviews-Ho_Chi_Minh_Trail_Museum-Hanoi.html,127,tripadvisor_vn
39 Concept,Cửa hàng đặc sản & cửa hàng quà tặng • Phòng trưng bày nghệ thuật,Hanoi,https://www.tripadvisor.com.vn/Attraction_Review-g293924-d34300811-Reviews-39_Concept-Hanoi.html,128,tripadvisor_vn
DC Art Gallary 13 Hàng Gai,Phòng trưng bày nghệ thuật,Hanoi,https://www.tripadvisor.com.vn/Attraction_Review-g293924-d25395396-Reviews-DC_Art_Gallary_13_Hang_Gai-Hanoi.html,129,tripadvisor_vn
Ngải Spa,Spa • Spa nước nóng,Hanoi,https://www.tripadvisor.com.vn/Attraction_Review-g293924-d21051839-Reviews-Ngai_Spa-Hanoi.html,130,tripadvisor_vn
Lenin Statue,Đài kỷ niệm & tượng,Hanoi,https://www.tripadvisor.com.vn/Attraction_Review-g293924-d553968-Reviews-Lenin_Statue-Hanoi.html,131,tripadvisor_vn
Sol Spa,Spa • Spa nước nóng,Hanoi,https://www.tripadvisor.com.vn/Attraction_Review-g293924-d20112214-Reviews-Sol_Spa-Hanoi.html,132,tripadvisor_vn
Quán Sứ Pagoda,Địa điểm tôn giáo,Hanoi,https://www.tripadvisor.com.vn/Attraction_Review-g293924-d311050-Reviews-Ambassador_s_Pagoda_Chua_Quan_Su-Hanoi.html,133,tripadvisor_vn
Tiệm Spa Dao's CARE,Spa,Hanoi,https://www.tripadvisor.com.vn/Attraction_Review-g293924-d11950353-Reviews-Dao_s_Care_Spa_Ba_Dinh-Hanoi.html,134,tripadvisor_vn
Authentic Bat Trang,Xưởng vẽ & làm đồ gốm,Hanoi,https://www.tripadvisor.com.vn/Attraction_Review-g293924-d12666120-Reviews-Authentic_Bat_Trang-Hanoi.html,135,tripadvisor_vn
Phòng tranh Empty Wall,Phòng trưng bày nghệ thuật,Hanoi,https://www.tripadvisor.com.vn/Attraction_Review-g293924-d10059506-Reviews-Empty_Wall_Gallery-Hanoi.html,136,tripadvisor_vn
Botanical Gardens (Vuon Bach Thao),Vườn,Hanoi,https://www.tripadvisor.com.vn/Attraction_Review-g293924-d311051-Reviews-Botanical_Gardens_Vuon_Bach_Thao-Hanoi.html,137,tripadvisor_vn
VietClimb,Trung tâm trò chơi & giải trí,Hanoi,https://www.tripadvisor.com.vn/Attraction_Review-g293924-d2720375-Reviews-VietClimb-Hanoi.html,138,tripadvisor_vn
MasterTan,Cửa hàng đặc sản & cửa hàng quà tặng,Hanoi,https://www.tripadvisor.com.vn/Attraction_Review-g293924-d17757712-Reviews-MasterTan-Hanoi.html,139,tripadvisor_vn
Vinmart,Cửa hàng bách hóa,Hanoi,https://www.tripadvisor.com.vn/Attraction_Review-g293924-d12500645-Reviews-Vinmart-Hanoi.html,140,tripadvisor_vn
Serene Signature Spa,Spa,Hanoi,https://www.tripadvisor.com.vn/Attraction_Review-g293924-d26799897-Reviews-Serene_Signature_Spa-Hanoi.html,141,tripadvisor_vn
Alisa Bella Spa Hanoi,Spa • Spa nước nóng,Hanoi,https://www.tripadvisor.com.vn/Attraction_Review-g293924-d15681047-Reviews-Alisa_Bella_Spa_Hanoi-Hanoi.html,142,tripadvisor_vn
Cầu Nhật Tân,Cầu,Hanoi,https://www.tripadvisor.com.vn/Attraction_Review-g293924-d8290119-Reviews-Nhat_Tan_Bridge-Hanoi.html,143,tripadvisor_vn
Klimt Art Gallery,Phòng trưng bày nghệ thuật,Hanoi,https://www.tripadvisor.com.vn/Attraction_Review-g293924-d15295960-Reviews-Klimt_Art_Gallery-Hanoi.html,144,tripadvisor_vn
Fuji Wellness Center,Spa,Hanoi,https://www.tripadvisor.com.vn/Attraction_Review-g293924-d15244225-Reviews-Fuji_Wellness_Center-Hanoi.html,145,tripadvisor_vn
Spa1995,Spa,Hanoi,https://www.tripadvisor.com.vn/Attraction_Review-g293924-d25295344-Reviews-Spa1995-Hanoi.html,146,tripadvisor_vn
1st Football Store,Cửa hàng đặc sản & cửa hàng quà tặng,Hanoi,https://www.tripadvisor.com.vn/Attraction_Review-g293924-d27711788-Reviews-1st_Football_Store-Hanoi.html,147,tripadvisor_vn
Bãi biển Quan Lạn,Bãi biển,Hanoi,https://www.tripadvisor.com.vn/Attraction_Review-g27469011-d8602458-Reviews-Quan_Lan_Beach-B_c_T_Liem_Tu_Liem_Hanoi.html,148,tripadvisor_vn
An Handmade - Hemp Fabric Gift Shop,Cửa hàng đặc sản & cửa hàng quà tặng,Hanoi,https://www.tripadvisor.com.vn/Attraction_Review-g293924-d23959149-Reviews-An_Handmade_Hemp_Fabric_Gift_Shop-Hanoi.html,149,tripadvisor_vn
Hồ Trúc Bạch,Vùng nước,Hanoi,https://www.tripadvisor.com.vn/Attraction_Review-g293924-d8300188-Reviews-H_Truc_B_ch-Hanoi.html,150,tripadvisor_vn
Hang Bac Temple,Điểm thu hút khách tham quan & thắng cảnh • Địa điểm tôn giáo,Hanoi,https://www.tripadvisor.com.vn/Attraction_Review-g293924-d5453119-Reviews-Hang_Bac_Temple-Hanoi.html,151,tripadvisor_vn
Travelogy Vietnam,Trung tâm du lịch,Hanoi,https://www.tripadvisor.com.vn/Attraction_Review-g293924-d8633692-Reviews-Travelogy_Vietnam-Hanoi.html,152,tripadvisor_vn
The Garden Nail Spa,Đang mở cửa,Hanoi,https://www.tripadvisor.com.vn/Attraction_Review-g293924-d14051370-Reviews-The_Garden_Nail_Spa-Hanoi.html,153,tripadvisor_vn
Grand La Maison Spa Hanoi,Spa,Hanoi,https://www.tripadvisor.com.vn/Attraction_Review-g293924-d27422301-Reviews-Grand_La_Maison_Spa_Hanoi-Hanoi.html,154,tripadvisor_vn
Euphorea Salon and Spa - La Chapelle,Spa,Hanoi,https://www.tripadvisor.com.vn/Attraction_Review-g293924-d22952573-Reviews-Euphorea_Salon_and_Spa_La_Chapelle-Hanoi.html,155,tripadvisor_vn
Moji Shop 81 Ba Trieu,Trung tâm mua sắm,Hanoi,https://www.tripadvisor.com.vn/Attraction_Review-g293924-d32985395-Reviews-Moji_Shop_81_Ba_Trieu-Hanoi.html,156,tripadvisor_vn
Vip Massage Tokyo2.,Spa,Hanoi,https://www.tripadvisor.com.vn/Attraction_Review-g293924-d27512991-Reviews-Vip_Massage_Tokyo2-Hanoi.html,157,tripadvisor_vn
La Maison Spa,Spa,Hanoi,https://www.tripadvisor.com.vn/Attraction_Review-g293924-d25165611-Reviews-La_Maison_Spa-Hanoi.html,158,tripadvisor_vn
Mountain Allure,Cửa hàng đặc sản & cửa hàng quà tặng • Trung tâm mua sắm,Hanoi,https://www.tripadvisor.com.vn/Attraction_Review-g293924-d27734840-Reviews-Mountain_Allure-Hanoi.html,159,tripadvisor_vn
Chợ Hàng Da,Chợ trời & chợ đường phố,Hanoi,https://www.tripadvisor.com.vn/Attraction_Review-g293924-d8020319-Reviews-Hang_Da_Market-Hanoi.html,160,tripadvisor_vn
Dao Anh Khanh Studio,Phòng trưng bày nghệ thuật,Hanoi,https://www.tripadvisor.com.vn/Attraction_Review-g293924-d8078839-Reviews-Dao_Anh_Khanh_Studio-Hanoi.html,161,tripadvisor_vn
La Spa Hang Be,Spa,Hanoi,https://www.tripadvisor.com.vn/Attraction_Review-g293924-d17707099-Reviews-La_Spa_Hang_Be-Hanoi.html,162,tripadvisor_vn
Gom Show,Nhà hát & biểu diễn,Hanoi,https://www.tripadvisor.com.vn/Attraction_Review-g293924-d33312167-Reviews-GOm_Show-Hanoi.html,163,tripadvisor_vn
Hoang's Cooking Class,Lớp nấu ăn,Hanoi,https://www.tripadvisor.com.vn/Attraction_Review-g293924-d17779626-Reviews-Hoang_s_Cooking_Class-Hanoi.html,164,tripadvisor_vn
Bee'znees Speakeasy Bar,Quán bar & câu lạc bộ,Hanoi,https://www.tripadvisor.com.vn/Attraction_Review-g293924-d16698522-Reviews-Bee_znees_Speakeasy_Bar-Hanoi.html,165,tripadvisor_vn
Blue Butterfly Cooking Class,Lớp nấu ăn,Hanoi,https://www.tripadvisor.com.vn/Attraction_Review-g293924-d1488975-Reviews-Blue_Butterfly_Cooking_Class-Hanoi.html,166,tripadvisor_vn
AMES Studio,Cửa hàng đặc sản & cửa hàng quà tặng • Phòng trưng bày nghệ thuật,Hanoi,https://www.tripadvisor.com.vn/Attraction_Review-g293924-d33303910-Reviews-AMES_Studio-Hanoi.html,167,tripadvisor_vn
La énMay Spa,Spa,Hanoi,https://www.tripadvisor.com.vn/Attraction_Review-g293924-d19216012-Reviews-La_enMay_Spa-Hanoi.html,168,tripadvisor_vn
The Luxe Bar,Quán bar & câu lạc bộ,Hanoi,https://www.tripadvisor.com.vn/Attraction_Review-g293924-d32710837-Reviews-The_Luxe_Bar-Hanoi.html,169,tripadvisor_vn
Peony Garden Spa,Spa • Spa nước nóng,Hanoi,https://www.tripadvisor.com.vn/Attraction_Review-g293924-d12991619-Reviews-Peony_Garden_Spa-Hanoi.html,170,tripadvisor_vn
Mon Spa- Nourishing Shampoo & Massage,Spa,Hanoi,https://www.tripadvisor.com.vn/Attraction_Review-g27501570-d33020523-Reviews-Mon_Spa_Nourishing_Shampoo_Massage-Hoan_Kiem_Hanoi.html,171,tripadvisor_vn
Chie Dupudupa,Cửa hàng đặc sản & cửa hàng quà tặng • Cửa hàng đồ cổ,Hanoi,https://www.tripadvisor.com.vn/Attraction_Review-g293924-d8008814-Reviews-Chie_Dupudupa-Hanoi.html,173,tripadvisor_vn
1st Football Store - 31 Hang Quat,Cửa hàng đặc sản & cửa hàng quà tặng,Hanoi,https://www.tripadvisor.com.vn/Attraction_Review-g293924-d32696924-Reviews-1st_Football_Store_31_Hang_Quat-Hanoi.html,174,tripadvisor_vn
BRG Kings Island Golf Resort,Sân gôn,Hanoi,https://www.tripadvisor.com.vn/Attraction_Review-g293924-d1953983-Reviews-BRG_Kings_Island_Golf_Resort-Hanoi.html,175,tripadvisor_vn
Amare Onsen & Jjimjilbang,Spa • Spa nước nóng,Hanoi,https://www.tripadvisor.com.vn/Attraction_Review-g293924-d27113399-Reviews-Amare_Onsen_Jjimjilbang-Hanoi.html,176,tripadvisor_vn
Hanoi Transport Service,Taxi & xe đưa đón,Hanoi,https://www.tripadvisor.com.vn/Attraction_Review-g293924-d11898757-Reviews-Hanoi_Transport_Service-Hanoi.html,177,tripadvisor_vn
Hanoi Shining Spa 2,Spa,Hanoi,https://www.tripadvisor.com.vn/Attraction_Review-g293924-d26209487-Reviews-Hanoi_Shining_Spa_2-Hanoi.html,178,tripadvisor_vn
O2 Space,Quán bar & câu lạc bộ • Câu lạc bộ khiêu vũ & vũ trường,Hanoi,https://www.tripadvisor.com.vn/Attraction_Review-g293924-d12212969-Reviews-O2_Space_Nightclub-Hanoi.html,179,tripadvisor_vn
Midori Spa Hanoi,Spa,Hanoi,https://www.tripadvisor.com.vn/Attraction_Review-g293924-d8262801-Reviews-Midori_Spa_Hanoi-Hanoi.html,180,tripadvisor_vn
Ve'hanoi Wellness & Spa,Spa,Hanoi,https://www.tripadvisor.com.vn/Attraction_Review-g293924-d28055375-Reviews-Ve_hanoi_Wellness_Spa-Hanoi.html,181,tripadvisor_vn
Mido Spa,Spa,Hanoi,https://www.tripadvisor.com.vn/Attraction_Review-g293924-d5781022-Reviews-Mido_Spa-Hanoi.html,182,tripadvisor_vn
Asana Foot And Body Massage,Spa,Hanoi,https://www.tripadvisor.com.vn/Attraction_Review-g293924-d23518390-Reviews-Asana_Foot_And_Body_Massage-Hanoi.html,183,tripadvisor_vn
Vietnam Motorbike Tours | VietnamBikers,"Chuyến tham quan nhiều ngày • Chuyến tham quan bằng xe 4WD, ATV & xe địa hình",Hanoi,https://www.tripadvisor.com.vn/Attraction_Review-g293924-d6279888-Reviews-Vietnam_Motorbike_Tours_VietnamBikers-Hanoi.html,184,tripadvisor_vn
Quán The Nest - Board Game Cafe,Trung tâm trò chơi & giải trí,Hanoi,https://www.tripadvisor.com.vn/Attraction_Review-g293924-d12454034-Reviews-The_Nest_Board_Game_Cafe-Hanoi.html,185,tripadvisor_vn
La énMay Spa Đình Ngang,Spa,Hanoi,https://www.tripadvisor.com.vn/Attraction_Review-g293924-d15334687-Reviews-La_enMay_Spa_Dinh_Ngang-Hanoi.html,186,tripadvisor_vn
Chef Duyen's Home Cooking Classes & Tours,Lớp nấu ăn,Hanoi,https://www.tripadvisor.com.vn/Attraction_Review-g23068219-d12666110-Reviews-Chef_Duyen_s_Home_Cooking_Classes_Tours-Ba_Dinh_Hanoi.html,187,tripadvisor_vn
JG Golf Vietnam,Sân gôn,Hanoi,https://www.tripadvisor.com.vn/Attraction_Review-g293924-d33320480-Reviews-JG_Golf_Vietnam-Hanoi.html,188,tripadvisor_vn
La Spa Ma May,Spa,Hanoi,https://www.tripadvisor.com.vn/Attraction_Review-g293924-d8078381-Reviews-La_Spa_Ma_May-Hanoi.html,189,tripadvisor_vn
L’amour Spa,Spa,Hanoi,https://www.tripadvisor.com.vn/Attraction_Review-g293924-d26342766-Reviews-L_amour_Spa-Hanoi.html,190,tripadvisor_vn
Chăn Con Công - Vintage Store,Cửa hàng đặc sản & cửa hàng quà tặng • Cửa hàng đồ cổ,Hanoi,https://www.tripadvisor.com.vn/Attraction_Review-g293924-d12997158-Reviews-Chan_Con_Cong_Vintage_Store-Hanoi.html,191,tripadvisor_vn
Crossing Vietnam Tour,Tour thăm quan thành phố • Chuyến tham quan nhiều ngày,Hanoi,https://www.tripadvisor.com.vn/Attraction_Review-g293924-d5584555-Reviews-Crossing_Vietnam_Tour-Hanoi.html,192,tripadvisor_vn
Zó Project,Phòng trưng bày nghệ thuật • Buổi học & hội thảo,Hanoi,https://www.tripadvisor.com.vn/Attraction_Review-g293924-d10077982-Reviews-Zo_Project-Hanoi.html,193,tripadvisor_vn
Vietnam Railways,Dịch vụ đường sắt • Hệ thống giao thông công cộng,Hanoi,https://www.tripadvisor.com.vn/Attraction_Review-g293924-d8564194-Reviews-Vietnam_Railways-Hanoi.html,194,tripadvisor_vn
Hanoi Backstreet Tours,"Tour thăm quan thành phố • Chuyến tham quan bằng xe 4WD, ATV & xe địa hình",Hanoi,https://www.tripadvisor.com.vn/Attraction_Review-g293924-d11851500-Reviews-Hanoi_Backstreet_Tours-Hanoi.html,195,tripadvisor_vn
Bambou Silk,Cửa hàng đặc sản & cửa hàng quà tặng,Hanoi,https://www.tripadvisor.com.vn/Attraction_Review-g293924-d4178732-Reviews-Bambou_Silk-Hanoi.html,196,tripadvisor_vn
Orient Spa,Spa,Hanoi,https://www.tripadvisor.com.vn/Attraction_Review-g293924-d12940258-Reviews-Orient_Spa-Hanoi.html,197,tripadvisor_vn
MK Fitness,Câu lạc bộ sức khỏe,Hanoi,https://www.tripadvisor.com.vn/Attraction_Review-g293924-d27104828-Reviews-MK_Fitness-Hanoi.html,198,tripadvisor_vn
Rosie's Magical Spa,Spa,Hanoi,https://www.tripadvisor.com.vn/Attraction_Review-g293924-d32715030-Reviews-Rosie_s_Magical_Spa-Hanoi.html,199,tripadvisor_vn
CHAPA EXPRESS TRAIN,Taxi & xe đưa đón,Hanoi,https://www.tripadvisor.com.vn/Attraction_Review-g27501570-d33259072-Reviews-CHAPA_EXPRESS_TRAIN-Hoan_Kiem_Hanoi.html,200,tripadvisor_vn
Salon Vân Nguyênx,Đang mở cửa,Hanoi,https://www.tripadvisor.com.vn/Attraction_Review-g293924-d11802397-Reviews-Van_Nguy_n_Salon-Hanoi.html,201,tripadvisor_vn
Binh Minh’s Jazz Club,Quán bar & câu lạc bộ,Hanoi,https://www.tripadvisor.com.vn/Attraction_Review-g293924-d6601937-Reviews-Binh_Minh_s_Jazz_Club-Hanoi.html,202,tripadvisor_vn
Amora Spa,Spa,Hanoi,https://www.tripadvisor.com.vn/Attraction_Review-g293924-d26355148-Reviews-Amora_Spa-Hanoi.html,203,tripadvisor_vn
Yolo Spa,Spa,Hanoi,https://www.tripadvisor.com.vn/Attraction_Review-g293924-d18978651-Reviews-Yolo_Spa-Hanoi.html,204,tripadvisor_vn
DaNi Spa,Spa,Hanoi,https://www.tripadvisor.com.vn/Attraction_Review-g293924-d26533053-Reviews-DaNi_Spa-Hanoi.html,205,tripadvisor_vn
Lang Toi - My Village by Lune Production,Nhà hát & biểu diễn,Hanoi,https://www.tripadvisor.com.vn/Attraction_Review-g293924-d10804777-Reviews-Lang_Toi_My_Village_by_Lune_Production-Hanoi.html,206,tripadvisor_vn
Duong Ha Natural Gemstones & Jade,Cửa hàng đặc sản & cửa hàng quà tặng,Hanoi,https://www.tripadvisor.com.vn/Attraction_Review-g293924-d27283886-Reviews-Duong_Ha_Natural_Gemstones_Jade-Hanoi.html,207,tripadvisor_vn
With Love From The Mountains,Cửa hàng đặc sản & cửa hàng quà tặng,Hanoi,https://www.tripadvisor.com.vn/Attraction_Review-g293924-d15589124-Reviews-With_Love_From_The_Mountains-Hanoi.html,208,tripadvisor_vn
Estheva Spa,Spa,Hanoi,https://www.tripadvisor.com.vn/Attraction_Review-g293924-d18717800-Reviews-Estheva_Spa-Hanoi.html,209,tripadvisor_vn
Tailor Đức Nhân,Cửa hàng đặc sản & cửa hàng quà tặng,Hanoi,https://www.tripadvisor.com.vn/Attraction_Review-g293924-d7367890-Reviews-Tailor_D_c_Nhan-Hanoi.html,211,tripadvisor_vn
An handmade Hang Manh - Ethnic Craft Station,Cửa hàng đặc sản & cửa hàng quà tặng,Hanoi,https://www.tripadvisor.com.vn/Attraction_Review-g293924-d26244773-Reviews-An_handmade_Hang_Manh_Ethnic_Craft_Station-Hanoi.html,212,tripadvisor_vn
Revive Urban Spa,Spa,Hanoi,https://www.tripadvisor.com.vn/Attraction_Review-g27469010-d26369103-Reviews-Revive_Urban_Spa-Nam_T_Liem_Tu_Liem_Hanoi.html,213,tripadvisor_vn
Cửa Hàng Đồ Gốm Cerender,Cửa hàng đặc sản & cửa hàng quà tặng,Hanoi,https://www.tripadvisor.com.vn/Attraction_Review-g293924-d12279224-Reviews-Cerender_Ceramic_Shop-Hanoi.html,214,tripadvisor_vn
Damitrans Express,Hệ thống giao thông công cộng,Hanoi,https://www.tripadvisor.com.vn/Attraction_Review-g293924-d33045822-Reviews-Damitrans_Express-Hanoi.html,215,tripadvisor_vn
Spas Hanoi,Spa,Hanoi,https://www.tripadvisor.com.vn/Attraction_Review-g293924-d11835794-Reviews-Spas_Hanoi-Hanoi.html,216,tripadvisor_vn
Miss Terry - Escape Rooms,Trò chơi giải thoát • Trung tâm trò chơi & giải trí,Hanoi,https://www.tripadvisor.com.vn/Attraction_Review-g293924-d13447077-Reviews-Miss_Terry_Escape_Rooms-Hanoi.html,217,tripadvisor_vn
Laman Express,Dịch vụ đường sắt,Hanoi,https://www.tripadvisor.com.vn/Attraction_Review-g293924-d19717358-Reviews-Laman_Express-Hanoi.html,218,tripadvisor_vn
Hanoi Flowers Art Tour,Cửa hàng đặc sản & cửa hàng quà tặng,Hanoi,https://www.tripadvisor.com.vn/Attraction_Review-g293924-d25070733-Reviews-Hanoi_Flowers_Art_Tour-Hanoi.html,219,tripadvisor_vn
Peony Cruise,Chuyến tham quan nhiều ngày • Chuyến tham quan bằng thuyền,Hanoi,https://www.tripadvisor.com.vn/Attraction_Review-g293924-d15360201-Reviews-Peony_Cruise-Hanoi.html,220,tripadvisor_vn
Sống Spa,Spa,Hanoi,https://www.tripadvisor.com.vn/Attraction_Review-g293924-d26697812-Reviews-S_ng_Spa-Hanoi.html,221,tripadvisor_vn
Thuy Design House - Ha Noi,Cửa hàng đặc sản & cửa hàng quà tặng,Hanoi,https://www.tripadvisor.com.vn/Attraction_Review-g293924-d12821459-Reviews-Thuy_Design_House_Ha_Noi-Hanoi.html,222,tripadvisor_vn
Sen Spa,Spa,Hanoi,https://www.tripadvisor.com.vn/Attraction_Review-g293924-d14124182-Reviews-Sen_Spa-Hanoi.html,223,tripadvisor_vn
Diory NailsLab,Spa,Hanoi,https://www.tripadvisor.com.vn/Attraction_Review-g21375824-d26722243-Reviews-Diory_NailsLab-Cau_Giay_Hanoi.html,224,tripadvisor_vn
Tinh Hoa Bắc Bộ,Nhà hát & biểu diễn,Hanoi,https://www.tripadvisor.com.vn/Attraction_Review-g293924-d13873395-Reviews-The_Quintessence_of_Tonkin-Hanoi.html,225,tripadvisor_vn
Nowhere Spa - Wood,Spa,Hanoi,https://www.tripadvisor.com.vn/Attraction_Review-g293924-d33305420-Reviews-Nowhere_Spa_Wood-Hanoi.html,226,tripadvisor_vn
Bia Hoi,Quán bar & câu lạc bộ,Hanoi,https://www.tripadvisor.com.vn/Attraction_Review-g293924-d5453577-Reviews-Bia_Hoi-Hanoi.html,227,tripadvisor_vn
Bus Express 86,Dịch vụ xe buýt • Hệ thống giao thông công cộng,Hanoi,https://www.tripadvisor.com.vn/Attraction_Review-g293924-d12569701-Reviews-Bus_Express_86-Hanoi.html,228,tripadvisor_vn
Danny Phan Travel,Taxi & xe đưa đón,Hanoi,https://www.tripadvisor.com.vn/Attraction_Review-g293924-d25353831-Reviews-Danny_Phan_Travel-Hanoi.html,229,tripadvisor_vn
Nhà Spa 75 Hàng Mã,Spa,Hanoi,https://www.tripadvisor.com.vn/Attraction_Review-g293924-d28278384-Reviews-Nha_Spa_75_Hang_Ma-Hanoi.html,230,tripadvisor_vn
Aplus Hanoi,Quán bar & câu lạc bộ • Câu lạc bộ khiêu vũ & vũ trường,Hanoi,https://www.tripadvisor.com.vn/Attraction_Review-g293924-d27168092-Reviews-A_Plus_Hanoi-Hanoi.html,231,tripadvisor_vn
Mây Spa Hà Nội,Spa,Hanoi,https://www.tripadvisor.com.vn/Attraction_Review-g293924-d25158661-Reviews-May_Spa_Hanoi-Hanoi.html,232,tripadvisor_vn
Mr. Spa Massage,Spa,Hanoi,https://www.tripadvisor.com.vn/Attraction_Review-g293924-d33075880-Reviews-Mr_Spa_Massage-Hanoi.html,233,tripadvisor_vn
Be Wellness Spa,Spa,Hanoi,https://www.tripadvisor.com.vn/Attraction_Review-g293924-d26359633-Reviews-Be_Wellness_Spa-Hanoi.html,234,tripadvisor_vn
La Spa Hang Thung,Spa,Hanoi,https://www.tripadvisor.com.vn/Attraction_Review-g293924-d1799586-Reviews-La_Spa_Hang_Thung-Hanoi.html,235,tripadvisor_vn
Mon Cheri Cruises,Chuyến tham quan bằng thuyền • Chèo thuyền kayak & chèo xuồng,Hanoi,https://www.tripadvisor.com.vn/Attraction_Review-g293924-d13368103-Reviews-Mon_Cheri_Cruises-Hanoi.html,236,tripadvisor_vn
James Hanoi Motorbikes,Cho thuê tiện ích,Hanoi,https://www.tripadvisor.com.vn/Attraction_Review-g293924-d7975671-Reviews-James_Hanoi_Motorbikes-Hanoi.html,237,tripadvisor_vn
Thu Huong Lacquer Arts,Cửa hàng đặc sản & cửa hàng quà tặng,Hanoi,https://www.tripadvisor.com.vn/Attraction_Review-g293924-d10962136-Reviews-Thu_Huong_Lacquer_Arts-Hanoi.html,238,tripadvisor_vn
Tree Beauty Spa,Spa,Hanoi,https://www.tripadvisor.com.vn/Attraction_Review-g293924-d27710482-Reviews-Tree_Beauty_Spa-Hanoi.html,239,tripadvisor_vn
Hanoi Fresh Cut - Barber Shop HaNoi,Spa,Hanoi,https://www.tripadvisor.com.vn/Attraction_Review-g293924-d27517307-Reviews-Hanoi_Fresh_Cut_2nd_Barber_Shop_HaNoi-Hanoi.html,240,tripadvisor_vn
Peridot Spa (grand),Spa,Hanoi,https://www.tripadvisor.com.vn/Attraction_Review-g293924-d25080393-Reviews-Peridot_Spa_grand-Hanoi.html,241,tripadvisor_vn
Woo Korea Beauty & Spa,Spa,Hanoi,https://www.tripadvisor.com.vn/Attraction_Review-g26788378-d28101790-Reviews-Woo_Korea_Beauty_Spa-Dong_Da_Hanoi.html,242,tripadvisor_vn
Collective Memory - The House of Curios,Cửa hàng đặc sản & cửa hàng quà tặng,Hanoi,https://www.tripadvisor.com.vn/Attraction_Review-g27501570-d12286966-Reviews-Collective_Memory_The_House_of_Curios-Hoan_Kiem_Hanoi.html,243,tripadvisor_vn
Cazo Tailor,Cửa hàng đặc sản & cửa hàng quà tặng,Hanoi,https://www.tripadvisor.com.vn/Attraction_Review-g27501570-d25064463-Reviews-Cazo_Tailor-Hoan_Kiem_Hanoi.html,244,tripadvisor_vn
Royal Silk,Cửa hàng đặc sản & cửa hàng quà tặng,Hanoi,https://www.tripadvisor.com.vn/Attraction_Review-g293924-d8523129-Reviews-Royal_Silk-Hanoi.html,245,tripadvisor_vn
Dine With Locals,Lớp nấu ăn,Hanoi,https://www.tripadvisor.com.vn/Attraction_Review-g293924-d32993244-Reviews-Dine_With_Locals-Hanoi.html,246,tripadvisor_vn
King Pirates Pub,Quán bar & câu lạc bộ,Hanoi,https://www.tripadvisor.com.vn/Attraction_Review-g293924-d6437083-Reviews-King_Pirates_Pub-Hanoi.html,247,tripadvisor_vn
Hoa Fashion,Cửa hàng đặc sản & cửa hàng quà tặng,Hanoi,https://www.tripadvisor.com.vn/Attraction_Review-g293924-d5027550-Reviews-Hoa_Fashion-Hanoi.html,248,tripadvisor_vn
La enMay Spa Cau Go,Spa,Hanoi,https://www.tripadvisor.com.vn/Attraction_Review-g293924-d26450885-Reviews-La_enMay_Spa_Cau_Go-Hanoi.html,249,tripadvisor_vn
Nowhere Spa - Water,Spa,Hanoi,https://www.tripadvisor.com.vn/Attraction_Review-g293924-d13354761-Reviews-Nowhere_Spa_Water-Hanoi.html,250,tripadvisor_vn
TRE Boutique Spa,Spa,Hanoi,https://www.tripadvisor.com.vn/Attraction_Review-g293924-d12378768-Reviews-TRE_Boutique_Spa-Hanoi.html,251,tripadvisor_vn
Asiatica Travel,Chuyến tham quan nhiều ngày • Chuyến tham quan đi dạo,Hanoi,https://www.tripadvisor.com.vn/Attraction_Review-g293924-d6105895-Reviews-Asiatica_Travel-Hanoi.html,252,tripadvisor_vn
Mountain's Color- H’mong Textiles Art,Cửa hàng đặc sản & cửa hàng quà tặng,Hanoi,https://www.tripadvisor.com.vn/Attraction_Review-g293924-d25231950-Reviews-Mountain_s_Color_Shop-Hanoi.html,253,tripadvisor_vn
Nhà Spa - HongKong Tower,Spa,Hanoi,https://www.tripadvisor.com.vn/Attraction_Review-g293924-d25197699-Reviews-Nha_Spa-Hanoi.html,254,tripadvisor_vn
Àla Beauty Bar,Đang mở cửa,Hanoi,https://www.tripadvisor.com.vn/Attraction_Review-g23068219-d28052078-Reviews-Ala_Beauty_Bar-Ba_Dinh_Hanoi.html,255,tripadvisor_vn
Hanoi Street Food Tour,Tour thăm quan thành phố • Chuyến tham quan đi dạo,Hanoi,https://www.tripadvisor.com.vn/Attraction_Review-g293924-d5583955-Reviews-Hanoi_Street_Food_Tour-Hanoi.html,256,tripadvisor_vn
La Pandora Cruises,Chuyến tham quan nhiều ngày • Chuyến tham quan bằng thuyền,Hanoi,https://www.tripadvisor.com.vn/Attraction_Review-g293924-d17713585-Reviews-La_Pandora_Cruises-Hanoi.html,257,tripadvisor_vn
GolfLux,Trung tâm & trại thể thao,Hanoi,https://www.tripadvisor.com.vn/Attraction_Review-g293924-d20224991-Reviews-GolfLux-Hanoi.html,258,tripadvisor_vn
Le Spa Du Metropole,Spa,Hanoi,https://www.tripadvisor.com.vn/Attraction_Review-g293924-d6684667-Reviews-Le_Spa_Du_Metropole-Hanoi.html,259,tripadvisor_vn
Hanoi Free Private Tour Guide,Tour thăm quan thành phố • Chuyến tham quan đi dạo,Hanoi,https://www.tripadvisor.com.vn/Attraction_Review-g293924-d11922020-Reviews-Hanoi_Free_Private_Tour_Guide-Hanoi.html,260,tripadvisor_vn
Ily Beauty & Spa - 23 Hang Mam,Spa,Hanoi,https://www.tripadvisor.com.vn/Attraction_Review-g293924-d27949034-Reviews-Ily_Beauty_Spa-Hanoi.html,261,tripadvisor_vn
Urban Oasis Spa,Spa,Hanoi,https://www.tripadvisor.com.vn/Attraction_Review-g293924-d11888558-Reviews-Urban_Oasis_Spa-Hanoi.html,262,tripadvisor_vn
Van Phuc Silk Village,Cửa hàng đặc sản & cửa hàng quà tặng,Hanoi,https://www.tripadvisor.com.vn/Attraction_Review-g293924-d2639342-Reviews-Van_Phuc_Silk_Village-Hanoi.html,263,tripadvisor_vn
Nola Cafe,Quán bar & câu lạc bộ,Hanoi,https://www.tripadvisor.com.vn/Attraction_Review-g293924-d2220663-Reviews-Nola_Cafe-Hanoi.html,264,tripadvisor_vn
Soleil Spa Hanoi,Spa,Hanoi,https://www.tripadvisor.com.vn/Attraction_Review-g293924-d18928515-Reviews-Soleil_Spa_Hanoi-Hanoi.html,265,tripadvisor_vn
Huong Mai Cafe,Cửa hàng đặc sản & cửa hàng quà tặng,Hanoi,https://www.tripadvisor.com.vn/Attraction_Review-g293924-d4582223-Reviews-Huong_Mai_Cafe-Hanoi.html,266,tripadvisor_vn
Cửa hàng Indigo,Cửa hàng đặc sản & cửa hàng quà tặng • Buổi học & hội thảo,Hanoi,https://www.tripadvisor.com.vn/Attraction_Review-g293924-d5771257-Reviews-Indigo_Store-Hanoi.html,267,tripadvisor_vn
Cafe Mai,Quán cà phê,Hanoi,https://www.tripadvisor.com.vn/Attraction_Review-g293924-d2104650-Reviews-Cafe_Mai-Hanoi.html,268,tripadvisor_vn
Camelia Lounge,Quán bar & câu lạc bộ,Hanoi,https://www.tripadvisor.com.vn/Attraction_Review-g293924-d10781931-Reviews-Camelia_Lounge-Hanoi.html,269,tripadvisor_vn
Anh Village Silk,Cửa hàng đặc sản & cửa hàng quà tặng,Hanoi,https://www.tripadvisor.com.vn/Attraction_Review-g293924-d11426373-Reviews-Anh_Village_Silk-Hanoi.html,270,tripadvisor_vn
Yakushi Center,Câu lạc bộ sức khỏe,Hanoi,https://www.tripadvisor.com.vn/Attraction_Review-g293924-d1932086-Reviews-Yakushi_Center-Hanoi.html,271,tripadvisor_vn
Halong Hideaway Cruise,Chuyến tham quan bằng thuyền,Hanoi,https://www.tripadvisor.com.vn/Attraction_Review-g293924-d10620620-Reviews-Halong_Hideaway_Cruise-Hanoi.html,272,tripadvisor_vn
Car For Rent Hanoi Co.ltd,Taxi & xe đưa đón,Hanoi,https://www.tripadvisor.com.vn/Attraction_Review-g293924-d14038806-Reviews-Car_For_Rent_Hanoi-Hanoi.html,273,tripadvisor_vn
Style Motorbikes,Cho thuê tiện ích,Hanoi,https://www.tripadvisor.com.vn/Attraction_Review-g293924-d10077825-Reviews-Style_Motorbikes-Hanoi.html,274,tripadvisor_vn
Hanoi Free Walking Tours,Chuyến tham quan đi dạo,Hanoi,https://www.tripadvisor.com.vn/Attraction_Review-g293924-d3960980-Reviews-Hanoi_Free_Walking_Tours-Hanoi.html,275,tripadvisor_vn
Ca Trù Thăng Long,Rạp hát • Nhà hát & biểu diễn,Hanoi,https://www.tripadvisor.com.vn/Attraction_Review-g293924-d1635175-Reviews-Ca_Tru_Thang_Long-Hanoi.html,276,tripadvisor_vn
Lo's Corner,Cửa hàng đặc sản & cửa hàng quà tặng,Hanoi,https://www.tripadvisor.com.vn/Attraction_Review-g293924-d24963148-Reviews-Lo_s_Corner-Hanoi.html,277,tripadvisor_vn
Duong Jewelry - Hanoi Boutique,Cửa hàng đặc sản & cửa hàng quà tặng,Hanoi,https://www.tripadvisor.com.vn/Attraction_Review-g293924-d33262908-Reviews-Duong_Jewelry_Hanoi_Boutique-Hanoi.html,278,tripadvisor_vn
The Unicorn Pub,Quán bar & câu lạc bộ,Hanoi,https://www.tripadvisor.com.vn/Attraction_Review-g293924-d8299923-Reviews-The_Unicorn_Pub-Hanoi.html,279,tripadvisor_vn
Mido Spa 1,Spa,Hanoi,https://www.tripadvisor.com.vn/Attraction_Review-g293924-d11674337-Reviews-Mido_Spa_1-Hanoi.html,280,tripadvisor_vn
Booking Car,Taxi & xe đưa đón,Hanoi,https://www.tripadvisor.com.vn/Attraction_Review-g293924-d8611006-Reviews-Booking_Car-Hanoi.html,281,tripadvisor_vn
Horizon Vietnam Travel,Chuyến tham quan nhiều ngày • Chuyến tham quan văn hóa,Hanoi,https://www.tripadvisor.com.vn/Attraction_Review-g293924-d27736791-Reviews-Horizon_Vietnam_Travel-Hanoi.html,282,tripadvisor_vn
The Craft House Nhà Chung,Cửa hàng đặc sản & cửa hàng quà tặng,Hanoi,https://www.tripadvisor.com.vn/Attraction_Review-g293924-d15236850-Reviews-The_Craft_House_Cathedral_Souvenir_Gift_Shop-Hanoi.html,283,tripadvisor_vn
Hanoi Coffee & Tea Culture hands on experience by Su Quan Roastery,Nếm bia & tham quan • Chuyến tham quan cà phê & trà,Hanoi,https://www.tripadvisor.com.vn/Attraction_Review-g293924-d25178672-Reviews-Hanoi_Coffee_Tea_Culture_hands_on_experience_by_Su_Quan_Roastery-Hanoi.html,284,tripadvisor_vn
HERITAGE VIET NAM TRAVEL,Chuyến tham quan lịch sử & di sản,Hanoi,https://www.tripadvisor.com.vn/Attraction_Review-g293924-d28106860-Reviews-HERITAGE_VIET_NAM_TRAVEL-Hanoi.html,285,tripadvisor_vn
Craft-Link,Cửa hàng đặc sản & cửa hàng quà tặng,Hanoi,https://www.tripadvisor.com.vn/Attraction_Review-g293924-d541777-Reviews-Craft_Link-Hanoi.html,286,tripadvisor_vn
Heydi Fashion House,Cửa hàng đặc sản & cửa hàng quà tặng,Hanoi,https://www.tripadvisor.com.vn/Attraction_Review-g293924-d6827620-Reviews-Heydi_Fashion_House-Hanoi.html,287,tripadvisor_vn
Chương trình giải trí Ionah,Opera • Nhà hát & biểu diễn,Hanoi,https://www.tripadvisor.com.vn/Attraction_Review-g293924-d8599500-Reviews-Ionah_Show-Hanoi.html,288,tripadvisor_vn
BestPrice Travel,Chuyến tham quan nhiều ngày • Chuyến tham quan lịch sử & di sản,Hanoi,https://www.tripadvisor.com.vn/Attraction_Review-g293924-d4869921-Reviews-BestPrice_Travel-Hanoi.html,289,tripadvisor_vn
Pure Bliss Spa,Spa,Hanoi,https://www.tripadvisor.com.vn/Attraction_Review-g293924-d15292474-Reviews-Pure_Bliss_Spa-Hanoi.html,290,tripadvisor_vn
Lily's Travel Agency,Chuyến tham quan lịch sử & di sản • Chuyến tham quan bằng thuyền,Hanoi,https://www.tripadvisor.com.vn/Attraction_Review-g293924-d6894263-Reviews-Lily_s_Travel_Agency-Hanoi.html,291,tripadvisor_vn
Essencia Spa,Spa,Hanoi,https://www.tripadvisor.com.vn/Attraction_Review-g293924-d7055050-Reviews-Essencia_Spa-Hanoi.html,292,tripadvisor_vn
Unique Tours,Chuyến tham quan nhiều ngày • Chuyến tham quan ngắm cảnh,Hanoi,https://www.tripadvisor.com.vn/Attraction_Review-g293924-d5413130-Reviews-Unique_Tours-Hanoi.html,293,tripadvisor_vn
Midori Spa,Spa,Hanoi,https://www.tripadvisor.com.vn/Attraction_Review-g293924-d12496199-Reviews-Midori_Spa-Hanoi.html,294,tripadvisor_vn
A Top Spot Spa,Spa,Hanoi,https://www.tripadvisor.com.vn/Attraction_Review-g293924-d10859475-Reviews-A_Top_Spot_Spa-Hanoi.html,295,tripadvisor_vn
Ca Trù Hà Nội,Nhà hát & biểu diễn,Hanoi,https://www.tripadvisor.com.vn/Attraction_Review-g293924-d5953477-Reviews-Ca_Tru_Ha_Noi-Hanoi.html,296,tripadvisor_vn
Carpe Diem,Cửa hàng đặc sản & cửa hàng quà tặng,Hanoi,https://www.tripadvisor.com.vn/Attraction_Review-g293924-d25226850-Reviews-Carpe_Diem-Hanoi.html,297,tripadvisor_vn
Tanmy Design,Cửa hàng đặc sản & cửa hàng quà tặng,Hanoi,https://www.tripadvisor.com.vn/Attraction_Review-g293924-d6539859-Reviews-Tanmy_Design-Hanoi.html,298,tripadvisor_vn
Hanoi Car Rentals,Dịch vụ xe buýt • Taxi & xe đưa đón,Hanoi,https://www.tripadvisor.com.vn/Attraction_Review-g293924-d12310773-Reviews-Hanoi_Car_Rentals-Hanoi.html,299,tripadvisor_vn
TINH TAN Healing Gemstones,Cửa hàng đặc sản & cửa hàng quà tặng,Hanoi,https://www.tripadvisor.com.vn/Attraction_Review-g293924-d25068410-Reviews-Tinh_Tan_Gemstones-Hanoi.html,300,tripadvisor_vn
Trap Việt Nam,Trò chơi giải thoát,Hanoi,https://www.tripadvisor.com.vn/Attraction_Review-g293924-d8587645-Reviews-Trap_Viet_Nam-Hanoi.html,301,tripadvisor_vn
"Kịch ""Tứ Phủ""",Nhà hát & biểu diễn,Hanoi,https://www.tripadvisor.com.vn/Attraction_Review-g293924-d8779731-Reviews-Four_Palaces_Show-Hanoi.html,302,tripadvisor_vn
Cozy Bay Cruise,Chuyến tham quan bằng thuyền,Hanoi,https://www.tripadvisor.com.vn/Attraction_Review-g293924-d15232523-Reviews-Cozy_Bay_Cruise-Hanoi.html,303,tripadvisor_vn
Hera Cruises Ha Long Bay,Chuyến tham quan nhiều ngày • Chuyến tham quan lịch sử & di sản,Hanoi,https://www.tripadvisor.com.vn/Attraction_Review-g293924-d26101044-Reviews-Hera_Cruises_Ha_Long_Bay-Hanoi.html,304,tripadvisor_vn
Seni World Travel,Tour thăm quan thành phố • Chuyến tham quan nhiều ngày,Hanoi,https://www.tripadvisor.com.vn/Attraction_Review-g293924-d8587814-Reviews-Seni_World_Travel-Hanoi.html,305,tripadvisor_vn
Hanoi Cooking Centre,Lớp nấu ăn,Hanoi,https://www.tripadvisor.com.vn/Attraction_Review-g293924-d2435553-Reviews-Hanoi_Cooking_Centre-Hanoi.html,306,tripadvisor_vn
Cát Bà Express,Chuyến tham quan nhiều ngày • Chuyến tham quan bằng thuyền,Hanoi,https://www.tripadvisor.com.vn/Attraction_Review-g293924-d12529983-Reviews-Cat_Ba_Express-Hanoi.html,307,tripadvisor_vn
Lotus Spa,Spa,Hanoi,https://www.tripadvisor.com.vn/Attraction_Review-g293924-d11548880-Reviews-Lotus_Spa-Hanoi.html,308,tripadvisor_vn
Tigit Motorbikes Hanoi,Cho thuê tiện ích,Hanoi,https://www.tripadvisor.com.vn/Attraction_Review-g293924-d13201461-Reviews-Tigit_Motorbikes_Hanoi-Hanoi.html,309,tripadvisor_vn
Hanoi Airport Transfer,Taxi & xe đưa đón,Hanoi,https://www.tripadvisor.com.vn/Attraction_Review-g293924-d8861454-Reviews-Hanoi_Airport_Transfer-Hanoi.html,310,tripadvisor_vn
Green Bus,Dịch vụ xe buýt,Hanoi,https://www.tripadvisor.com.vn/Attraction_Review-g293924-d13426200-Reviews-Green_Bus-Hanoi.html,311,tripadvisor_vn
HA Food Tours,Tour thăm quan thành phố • Chuyến tham quan đi dạo,Hanoi,https://www.tripadvisor.com.vn/Attraction_Review-g293924-d12492674-Reviews-HA_Food_Tours-Hanoi.html,312,tripadvisor_vn
Aloha Vietnam Travel & Guide,Chuyến tham quan nhiều ngày • Chuyến tham quan văn hóa,Hanoi,https://www.tripadvisor.com.vn/Attraction_Review-g293924-d15224304-Reviews-Aloha_Vietnam_Travel_Guide-Hanoi.html,313,tripadvisor_vn
Vacation Indochina Travel,Tour thăm quan thành phố • Chuyến tham quan nhiều ngày,Hanoi,https://www.tripadvisor.com.vn/Attraction_Review-g293924-d6478840-Reviews-Vacation_Indochina_Travel-Hanoi.html,314,tripadvisor_vn
Anne's Maison,Cửa hàng đặc sản & cửa hàng quà tặng • Buổi học & hội thảo,Hanoi,https://www.tripadvisor.com.vn/Attraction_Review-g293924-d26269783-Reviews-Anne_s_Maison-Hanoi.html,315,tripadvisor_vn
Authentik Vietnam Travel,Tour thăm quan thành phố • Chuyến tham quan văn hóa,Hanoi,https://www.tripadvisor.com.vn/Attraction_Review-g293924-d11641267-Reviews-Authentik_Vietnam_Travel-Hanoi.html,316,tripadvisor_vn
Lemongrass Spa,Spa,Hanoi,https://www.tripadvisor.com.vn/Attraction_Review-g293924-d17423690-Reviews-Lemongrass_Spa-Hanoi.html,317,tripadvisor_vn
Vietnam Backstreet Tours,"Chuyến tham quan văn hóa • Chuyến tham quan bằng xe 4WD, ATV & xe địa hình",Hanoi,https://www.tripadvisor.com.vn/Attraction_Review-g293924-d19354579-Reviews-Vietnam_Backstreet_Tours-Hanoi.html,318,tripadvisor_vn
SF SPA,Spa,Hanoi,https://www.tripadvisor.com.vn/Attraction_Review-g293924-d1383033-Reviews-SF_Spa-Hanoi.html,319,tripadvisor_vn
Phung Motorbike,Cho thuê tiện ích,Hanoi,https://www.tripadvisor.com.vn/Attraction_Review-g27501570-d6380192-Reviews-Phung_Motorbike-Hoan_Kiem_Hanoi.html,320,tripadvisor_vn
Vietnam Visa Easy,Taxi & xe đưa đón,Hanoi,https://www.tripadvisor.com.vn/Attraction_Review-g293924-d20099629-Reviews-Vietnam_Visa_Easy-Hanoi.html,321,tripadvisor_vn
Renea Cruises,Chuyến tham quan bằng thuyền • Chèo thuyền kayak & chèo xuồng,Hanoi,https://www.tripadvisor.com.vn/Attraction_Review-g293924-d15106485-Reviews-Renea_Cruises-Hanoi.html,323,tripadvisor_vn
Vietnam Travel Top,Chuyến tham quan nhiều ngày • Chuyến tham quan cảm giác mạnh & mạo hiểm,Hanoi,https://www.tripadvisor.com.vn/Attraction_Review-g293924-d15318870-Reviews-Vietnam_Travel_Top-Hanoi.html,324,tripadvisor_vn
VivuTravel,Chuyến tham quan nhiều ngày • Chuyến tham quan văn hóa,Hanoi,https://www.tripadvisor.com.vn/Attraction_Review-g293924-d2178753-Reviews-VivuTravel-Hanoi.html,325,tripadvisor_vn
Nari Spa,Spa,Hanoi,https://www.tripadvisor.com.vn/Attraction_Review-g293924-d24967267-Reviews-Nari_Spa-Hanoi.html,326,tripadvisor_vn
Beka Travel,Chuyến tham quan nhiều ngày • Chuyến tham quan bằng thuyền,Hanoi,https://www.tripadvisor.com.vn/Attraction_Review-g293924-d23799509-Reviews-Beka_Travel-Hanoi.html,327,tripadvisor_vn
Lux Travel DMC - Inspiring Journeys,Tour thăm quan thành phố • Chuyến tham quan nhiều ngày,Hanoi,https://www.tripadvisor.com.vn/Attraction_Review-g293924-d5984191-Reviews-Lux_Travel_DMC_Inspiring_Journeys-Hanoi.html,328,tripadvisor_vn
Serenity Cruises,Chuyến tham quan nhiều ngày • Chuyến tham quan bằng thuyền,Hanoi,https://www.tripadvisor.com.vn/Attraction_Review-g293924-d15216902-Reviews-Serenity_Cruises-Hanoi.html,329,tripadvisor_vn
Swan Cruises,Chuyến tham quan nhiều ngày • Chuyến tham quan bằng thuyền,Hanoi,https://www.tripadvisor.com.vn/Attraction_Review-g293924-d8608476-Reviews-Swan_Cruises-Hanoi.html,330,tripadvisor_vn
Hanoikids Voluntary English Tour Guiding Club,Tour thăm quan thành phố • Chuyến tham quan văn hóa,Hanoi,https://www.tripadvisor.com.vn/Attraction_Review-g293924-d1752779-Reviews-Hanoikids_Voluntary_English_Tour_Guiding_Club-Hanoi.html,331,tripadvisor_vn
Your Vietnam Travel,Chuyến tham quan văn hóa • Chuyến tham quan bằng xe đạp,Hanoi,https://www.tripadvisor.com.vn/Attraction_Review-g293924-d8611127-Reviews-Your_Vietnam_Travel-Hanoi.html,332,tripadvisor_vn
Realistic Asia,Chuyến tham quan nhiều ngày • Chuyến tham quan văn hóa,Hanoi,https://www.tripadvisor.com.vn/Attraction_Review-g293924-d8540658-Reviews-Realistic_Asia-Hanoi.html,333,tripadvisor_vn
Vietnam Village Vibes,Chuyến tham quan nhiều ngày • Chuyến tham quan tư nhân,Hanoi,https://www.tripadvisor.com.vn/Attraction_Review-g293924-d26967221-Reviews-Vietnam_Village_Vibes-Hanoi.html,334,tripadvisor_vn
Viet Travel Land DMC,Chuyến tham quan nhiều ngày • Chuyến tham quan văn hóa,Hanoi,https://www.tripadvisor.com.vn/Attraction_Review-g293924-d15527339-Reviews-Viet_Travel_Land_DMC-Hanoi.html,335,tripadvisor_vn
Authentic Vietnam Tours,Tour thăm quan thành phố • Chuyến tham quan văn hóa,Hanoi,https://www.tripadvisor.com.vn/Attraction_Review-g293924-d10844792-Reviews-Authentic_Vietnam_Tours-Hanoi.html,336,tripadvisor_vn
Halong Bay Le Journey Cruise,Chuyến tham quan nhiều ngày • Chuyến tham quan lịch sử & di sản,Hanoi,https://www.tripadvisor.com.vn/Attraction_Review-g293924-d25306762-Reviews-Halong_Bay_Le_Journey_Cruise-Hanoi.html,337,tripadvisor_vn
Mundo Asia Tours,Chuyến tham quan nhiều ngày • Chuyến tham quan tư nhân,Hanoi,https://www.tripadvisor.com.vn/Attraction_Review-g293924-d15698308-Reviews-Mundo_Asia_Tours-Hanoi.html,338,tripadvisor_vn
Travel Sense Asia,Tour thăm quan thành phố • Chuyến tham quan nhiều ngày,Hanoi,https://www.tripadvisor.com.vn/Attraction_Review-g293924-d1809048-Reviews-Travel_Sense_Asia-Hanoi.html,339,tripadvisor_vn
Ha Giang Loop Tours by Cheers Hostel,Chuyến tham quan nhiều ngày,Hanoi,https://www.tripadvisor.com.vn/Attraction_Review-g293924-d18188635-Reviews-Ha_Giang_Loop_Tours_by_Cheers_Hostel-Hanoi.html,340,tripadvisor_vn
Hanoi Jeep Adventures,"Tour thăm quan thành phố • Chuyến tham quan bằng xe 4WD, ATV & xe địa hình",Hanoi,https://www.tripadvisor.com.vn/Attraction_Review-g293924-d14137879-Reviews-Hanoi_Jeep_Adventures-Hanoi.html,341,tripadvisor_vn
Dragon Bay Cruises,Chuyến tham quan bằng thuyền • Chèo thuyền kayak & chèo xuồng,Hanoi,https://www.tripadvisor.com.vn/Attraction_Review-g293924-d23994144-Reviews-Dragon_Bay_Cruises-Hanoi.html,342,tripadvisor_vn
Cozy Vietnam Travel,Chuyến tham quan nhiều ngày • Chuyến tham quan tư nhân,Hanoi,https://www.tripadvisor.com.vn/Attraction_Review-g293924-d19059498-Reviews-Cozy_Vietnam_Travel-Hanoi.html,343,tripadvisor_vn
Asia Pioneer Travel,Tour thăm quan thành phố • Chuyến tham quan nhiều ngày,Hanoi,https://www.tripadvisor.com.vn/Attraction_Review-g293924-d2211874-Reviews-Asia_Pioneer_Travel-Hanoi.html,344,tripadvisor_vn
MK Spa,Spa,Hanoi,https://www.tripadvisor.com.vn/Attraction_Review-g293924-d12529969-Reviews-MK_Spa-Hanoi.html,345,tripadvisor_vn
Hagiang Buffalo Tour,Chuyến tham quan nhiều ngày • Chuyến tham quan ngắm cảnh,Hanoi,https://www.tripadvisor.com.vn/Attraction_Review-g293924-d26266641-Reviews-Hagiang_Buffalo_Tour-Hanoi.html,346,tripadvisor_vn
V'Spirit Cruises,Chuyến tham quan bằng thuyền,Hanoi,https://www.tripadvisor.com.vn/Attraction_Review-g293924-d3651752-Reviews-V_Spirit_Cruises-Hanoi.html,347,tripadvisor_vn
Hanoi Transfer Service,Tour thăm quan thành phố • Taxi & xe đưa đón,Hanoi,https://www.tripadvisor.com.vn/Attraction_Review-g293924-d5599768-Reviews-Hanoi_Transfer_Service-Hanoi.html,348,tripadvisor_vn
INCENSE VILLAGE HANOI TOUR,Xưởng vẽ & làm đồ gốm • Chuyến tham quan nhiều ngày,Hanoi,https://www.tripadvisor.com.vn/Attraction_Review-g293924-d33187493-Reviews-INCENSE_VILLAGE_HANOI_TOUR-Hanoi.html,349,tripadvisor_vn
Vietnam Découverte,Chuyến tham quan nhiều ngày • Chuyến tham quan văn hóa,Hanoi,https://www.tripadvisor.com.vn/Attraction_Review-g293924-d7365452-Reviews-Vietnam_Decouverte-Hanoi.html,350,tripadvisor_vn
Vietnam City Breaks,Chuyến tham quan bằng trực thăng • Nếm bia & tham quan,Hanoi,https://www.tripadvisor.com.vn/Attraction_Review-g23068219-d34039223-Reviews-Vietnam_City_Breaks-Ba_Dinh_Hanoi.html,351,tripadvisor_vn
Daiichi Travel,Tour thăm quan thành phố • Chuyến tham quan nhiều ngày,Hanoi,https://www.tripadvisor.com.vn/Attraction_Review-g293924-d12496086-Reviews-Daiichi_Travel-Hanoi.html,352,tripadvisor_vn
Capella Travel,Chuyến tham quan nhiều ngày • Chuyến đi trong ngày,Hanoi,https://www.tripadvisor.com.vn/Attraction_Review-g293924-d28004857-Reviews-Capella_Travel-Hanoi.html,353,tripadvisor_vn
GN Reiki Gorakh Nath Integral Transformation Center,Yoga & pilate,Hanoi,https://www.tripadvisor.com.vn/Attraction_Review-g21301834-d8782835-Reviews-GN_Reiki_Gorakh_Nath_Integral_Transformation_Center-Tay_Ho_Hanoi.html,354,tripadvisor_vn
GADT Travel,Tour thăm quan thành phố • Chuyến tham quan sinh thái,Hanoi,https://www.tripadvisor.com.vn/Attraction_Review-g293924-d8861377-Reviews-GADT_Travel-Hanoi.html,355,tripadvisor_vn
Hanoi Free Tour Guides,Tour thăm quan thành phố • Chuyến tham quan văn hóa,Hanoi,https://www.tripadvisor.com.vn/Attraction_Review-g293924-d1910923-Reviews-Hanoi_Free_Tour_Guides-Hanoi.html,356,tripadvisor_vn
Ella Vu,Chuyến tham quan nhiều ngày • Chuyến tham quan đi dạo,Hanoi,https://www.tripadvisor.com.vn/Attraction_Review-g293924-d20111712-Reviews-Ella_Vu-Hanoi.html,357,tripadvisor_vn
Odynovo,Chuyến tham quan nhiều ngày • Chuyến tham quan văn hóa,Hanoi,https://www.tripadvisor.com.vn/Attraction_Review-g293924-d14996739-Reviews-Odynovo-Hanoi.html,358,tripadvisor_vn
Sunlight Cruise,Tour thăm quan thành phố • Chuyến tham quan lịch sử & di sản,Hanoi,https://www.tripadvisor.com.vn/Attraction_Review-g293924-d15232743-Reviews-Sunlight_Cruise-Hanoi.html,359,tripadvisor_vn
Meetup Travel,Chuyến tham quan văn hóa • Chuyến tham quan bằng thuyền,Hanoi,https://www.tripadvisor.com.vn/Attraction_Review-g293924-d28222088-Reviews-Meetup_Travel-Hanoi.html,360,tripadvisor_vn
Vietnam Asia Trip,Tour thăm quan thành phố • Chuyến tham quan nhiều ngày,Hanoi,https://www.tripadvisor.com.vn/Attraction_Review-g293924-d23779343-Reviews-Vietnam_Asia_Trip-Hanoi.html,361,tripadvisor_vn
Vietnam Travel Service,Chuyến tham quan nhiều ngày • Chuyến tham quan bằng thuyền,Hanoi,https://www.tripadvisor.com.vn/Attraction_Review-g293924-d25408848-Reviews-Vietnam_Travel_Service-Hanoi.html,362,tripadvisor_vn
Ninh Binh Tours,Chuyến tham quan nhiều ngày • Chuyến tham quan bằng thuyền,Hanoi,https://www.tripadvisor.com.vn/Attraction_Review-g293924-d18970333-Reviews-Ninh_Binh_Tours-Hanoi.html,363,tripadvisor_vn
Ha Giang Open Tour- OHC Travel ( Ha Giang & Cao Bang Loop Tour),Chuyến tham quan nhiều ngày • Taxi & xe đưa đón,Hanoi,https://www.tripadvisor.com.vn/Attraction_Review-g27501570-d23220107-Reviews-Ha_Giang_Open_Tour_OHC_Travel_Ha_Giang_Cao_Bang_Loop_Tour-Hoan_Kiem_Hanoi.html,364,tripadvisor_vn
Gay Hanoi Tours,Tour thăm quan thành phố • Quầy bar dành cho người đồng tính,Hanoi,https://www.tripadvisor.com.vn/Attraction_Review-g293924-d6678457-Reviews-Gay_Hanoi_Tours-Hanoi.html,365,tripadvisor_vn
Asia Tour Advisor,Tour thăm quan thành phố • Chuyến tham quan văn hóa,Hanoi,https://www.tripadvisor.com.vn/Attraction_Review-g293924-d1854811-Reviews-Asia_Tour_Advisor-Hanoi.html,366,tripadvisor_vn
Asia Exotica Indochina,Tour thăm quan thành phố • Chuyến tham quan nhiều ngày,Hanoi,https://www.tripadvisor.com.vn/Attraction_Review-g293924-d25178358-Reviews-Asia_Exotica_Indochina-Hanoi.html,367,tripadvisor_vn
Viet Prestige Travel,Tour thăm quan thành phố • Chuyến tham quan văn hóa,Hanoi,https://www.tripadvisor.com.vn/Attraction_Review-g293924-d5777659-Reviews-Viet_Prestige_Travel-Hanoi.html,368,tripadvisor_vn
Vietnam Stunning Travel,Chuyến tham quan nhiều ngày • Chuyến tham quan bằng xe đạp,Hanoi,https://www.tripadvisor.com.vn/Attraction_Review-g293924-d25129661-Reviews-Vietnam_Stunning_Travel-Hanoi.html,369,tripadvisor_vn
Wide Eyed Tours & Travel,Chuyến tham quan ngắm cảnh,Hanoi,https://www.tripadvisor.com.vn/Attraction_Review-g293924-d1007365-Reviews-Wide_Eyed_Tours_Travel-Hanoi.html,370,tripadvisor_vn
Hanoi Capital - VN Bike Tour,Chuyến tham quan nhiều ngày • Chuyến tham quan tư nhân,Hanoi,https://www.tripadvisor.com.vn/Attraction_Review-g293924-d33131126-Reviews-Hanoi_Capital_VN_Bike_Tour-Hanoi.html,371,tripadvisor_vn
Custom Asia Travel,Chuyến tham quan văn hóa • Chuyến tham quan bằng xe đạp,Hanoi,https://www.tripadvisor.com.vn/Attraction_Review-g293924-d2517144-Reviews-Custom_Asia_Travel-Hanoi.html,372,tripadvisor_vn
Hanoi Explore Travel,Tour thăm quan thành phố • Chuyến tham quan nhiều ngày,Hanoi,https://www.tripadvisor.com.vn/Attraction_Review-g293924-d12741918-Reviews-Hanoi_Explore_Travel-Hanoi.html,373,tripadvisor_vn
Stellar Of The Seas,Chuyến tham quan bằng thuyền • Chuyến tham quan ban đêm,Hanoi,https://www.tripadvisor.com.vn/Attraction_Review-g293924-d17115355-Reviews-Stellar_Of_The_Seas-Hanoi.html,374,tripadvisor_vn
INTRO Travel - Vietnam Tours,Chuyến tham quan nhiều ngày,Hanoi,https://www.tripadvisor.com.vn/Attraction_Review-g293924-d19930256-Reviews-INTRO_Travel_Vietnam_Tours-Hanoi.html,375,tripadvisor_vn
Local Tours Vietnam,Chuyến tham quan bằng thuyền • Chuyến đi trong ngày,Hanoi,https://www.tripadvisor.com.vn/Attraction_Review-g293924-d8851194-Reviews-Local_Tours_Vietnam-Hanoi.html,376,tripadvisor_vn
Motorbike City Tours,"Tour thăm quan thành phố • Chuyến tham quan bằng xe 4WD, ATV & xe địa hình",Hanoi,https://www.tripadvisor.com.vn/Attraction_Review-g293924-d13737525-Reviews-Motorbike_City_Tours-Hanoi.html,377,tripadvisor_vn
Arcady Cruise,Chuyến tham quan nhiều ngày • Chuyến tham quan bằng thuyền,Hanoi,https://www.tripadvisor.com.vn/Attraction_Review-g293924-d15089308-Reviews-Arcady_Cruise-Hanoi.html,378,tripadvisor_vn
Indochina Voyages,Chuyến tham quan nhiều ngày • Chuyến tham quan văn hóa,Hanoi,https://www.tripadvisor.com.vn/Attraction_Review-g293924-d3485694-Reviews-Indochina_Voyages-Hanoi.html,379,tripadvisor_vn
Easytours24h - Hanoi Day Tours,Tour thăm quan thành phố • Chuyến tham quan văn hóa,Hanoi,https://www.tripadvisor.com.vn/Attraction_Review-g293924-d8444841-Reviews-Easytours24h_Hanoi_Day_Tours-Hanoi.html,380,tripadvisor_vn
Travel Authentic Asia,Chuyến tham quan văn hóa • Chuyến tham quan ngắm cảnh,Hanoi,https://www.tripadvisor.com.vn/Attraction_Review-g293924-d5600178-Reviews-Travel_Authentic_Asia-Hanoi.html,381,tripadvisor_vn
Wati Travel,Tour thăm quan thành phố • Chuyến tham quan bằng thuyền,Hanoi,https://www.tripadvisor.com.vn/Attraction_Review-g293924-d8290202-Reviews-Wati_Travel-Hanoi.html,382,tripadvisor_vn
Exotic Voyages,Chuyến tham quan nhiều ngày • Chuyến tham quan văn hóa,Hanoi,https://www.tripadvisor.com.vn/Attraction_Review-g293924-d2355625-Reviews-Exotic_Voyages-Hanoi.html,383,tripadvisor_vn
Tonkin Voyage Travel,Chuyến tham quan nhiều ngày • Chuyến tham quan bằng trực thăng,Hanoi,https://www.tripadvisor.com.vn/Attraction_Review-g293924-d12132013-Reviews-Tonkin_Voyage_Travel-Hanoi.html,384,tripadvisor_vn
Vietnam Escape Tours,Chuyến tham quan nhiều ngày • Chuyến tham quan văn hóa,Hanoi,https://www.tripadvisor.com.vn/Attraction_Review-g293924-d17450631-Reviews-Vietnam_Escape_Tours-Hanoi.html,385,tripadvisor_vn
Vietnam Motorbike Tour Expert,Chuyến tham quan văn hóa • Chuyến tham quan bằng mô tô,Hanoi,https://www.tripadvisor.com.vn/Attraction_Review-g293924-d5566628-Reviews-Vietnam_Motorbike_Tour_Expert-Hanoi.html,386,tripadvisor_vn
Asia Travel & Leisure,Chuyến tham quan nhiều ngày • Chuyến tham quan văn hóa,Hanoi,https://www.tripadvisor.com.vn/Attraction_Review-g293924-d8727305-Reviews-Asia_Travel_Leisure-Hanoi.html,387,tripadvisor_vn
Viet Nam Fine Arts Museum (Bảo tàng Mỹ thuật Việt Nam),"Phòng trưng bày nghệ thuật • Chuyến tham quan văn học, nghệ thuật & âm nhạc",Hanoi,https://www.tripadvisor.com.vn/Attraction_Review-g293924-d311048-Reviews-Vietnam_Fine_Arts_Museum_Bao_Tang_My_Thuat_Viet_Nam-Hanoi.html,388,tripadvisor_vn
Frontier Travel Vietnam,Chuyến tham quan nhiều ngày • Chuyến tham quan bằng thuyền,Hanoi,https://www.tripadvisor.com.vn/Attraction_Review-g293924-d12932501-Reviews-Frontier_Travel_Vietnam-Hanoi.html,389,tripadvisor_vn
Asia Links Travel,Tour thăm quan thành phố • Chuyến tham quan nhiều ngày,Hanoi,https://www.tripadvisor.com.vn/Attraction_Review-g293924-d18978637-Reviews-Asia_Links_Travel-Hanoi.html,390,tripadvisor_vn
A21 Tours,Chuyến tham quan nhiều ngày • Chuyến tham quan ngắm cảnh,Hanoi,https://www.tripadvisor.com.vn/Attraction_Review-g293924-d15745956-Reviews-A21_Tours-Hanoi.html,391,tripadvisor_vn
Amazing Travel Corp,Tour thăm quan thành phố • Chuyến tham quan nhiều ngày,Hanoi,https://www.tripadvisor.com.vn/Attraction_Review-g293924-d20209070-Reviews-Amazing_Travel_Corp-Hanoi.html,392,tripadvisor_vn
Mr Linh's Adventures,"Chuyến tham quan nhiều ngày • Chuyến tham quan bằng xe 4WD, ATV & xe địa hình",Hanoi,https://www.tripadvisor.com.vn/Attraction_Review-g293924-d7305751-Reviews-Mr_Linh_s_Adventures-Hanoi.html,393,tripadvisor_vn
Intrepid Urban Adventures - Hanoi,Tour thăm quan thành phố • Chuyến tham quan bằng xe đạp,Hanoi,https://www.tripadvisor.com.vn/Attraction_Review-g293924-d1837683-Reviews-Intrepid_Urban_Adventures_Hanoi-Hanoi.html,394,tripadvisor_vn
Asia Top Travel,Chuyến tham quan nhiều ngày • Chuyến tham quan bằng xe đạp,Hanoi,https://www.tripadvisor.com.vn/Attraction_Review-g293924-d4870976-Reviews-Asia_Top_Travel-Hanoi.html,395,tripadvisor_vn
Asia Viva Travel,Chuyến tham quan nhiều ngày • Chuyến tham quan tư nhân,Hanoi,https://www.tripadvisor.com.vn/Attraction_Review-g293924-d26888431-Reviews-Asia_Viva_Travel-Hanoi.html,396,tripadvisor_vn
Vietnam Amazing Tours,Tour thăm quan thành phố • Chuyến tham quan nhiều ngày,Hanoi,https://www.tripadvisor.com.vn/Attraction_Review-g293924-d11816927-Reviews-Vietnam_Amazing_Tours-Hanoi.html,397,tripadvisor_vn
Bai Tho Junks - Private Tours,Chuyến tham quan nhiều ngày • Chuyến tham quan bằng thuyền,Hanoi,https://www.tripadvisor.com.vn/Attraction_Review-g293924-d1840701-Reviews-Bai_Tho_Junks_Private_Tours-Hanoi.html,398,tripadvisor_vn
Hanoi Food Tasting Tours,Chuyến tham quan đi dạo • Chuyến tham quan ngắm cảnh,Hanoi,https://www.tripadvisor.com.vn/Attraction_Review-g293924-d6786740-Reviews-Hanoi_Food_Tasting_Tours-Hanoi.html,399,tripadvisor_vn
Namaste Vietnam Tours,Chuyến tham quan văn hóa • Chuyến tham quan lịch sử & di sản,Hanoi,https://www.tripadvisor.com.vn/Attraction_Review-g293924-d6463339-Reviews-Namaste_Vietnam_Tours-Hanoi.html,400,tripadvisor_vn
Indochina Today Travel (DGB Travel & Event),Chuyến tham quan nhiều ngày • Chuyến tham quan bằng thuyền,Hanoi,https://www.tripadvisor.com.vn/Attraction_Review-g293924-d11622714-Reviews-Indochina_Today_Travel_DGB_Travel_Event-Hanoi.html,401,tripadvisor_vn
Photheculture,Xưởng vẽ & làm đồ gốm • Chuyến tham quan cảm giác mạnh & mạo hiểm,Hanoi,https://www.tripadvisor.com.vn/Attraction_Review-g293924-d32709948-Reviews-Photheculture-Hanoi.html,402,tripadvisor_vn
Vietnam Creative Travel,Tour thăm quan thành phố • Chuyến tham quan nhiều ngày,Hanoi,https://www.tripadvisor.com.vn/Attraction_Review-g293924-d8098733-Reviews-Vietnam_Creative_Travel-Hanoi.html,403,tripadvisor_vn
Go Asia Travel,Chuyến tham quan nhiều ngày • Taxi & xe đưa đón,Hanoi,https://www.tripadvisor.com.vn/Attraction_Review-g21333608-d24139205-Reviews-Go_Asia_Travel-Long_Bien_Hanoi.html,404,tripadvisor_vn
MR ALEX'S NINH BINH & HA LONG TOURS,Chuyến tham quan tư nhân • Chuyến đi trong ngày,Hanoi,https://www.tripadvisor.com.vn/Attraction_Review-g293924-d30706501-Reviews-MR_ALEX_S_NINH_BINH_HA_LONG_TOURS-Hanoi.html,405,tripadvisor_vn
Victory Era Travel,Chuyến tham quan nhiều ngày • Chuyến tham quan bằng thuyền,Hanoi,https://www.tripadvisor.com.vn/Attraction_Review-g293924-d26842546-Reviews-Victory_Era_Travel-Hanoi.html,406,tripadvisor_vn
Hanoi e.Buddies,Tour thăm quan thành phố • Chuyến tham quan đi dạo,Hanoi,https://www.tripadvisor.com.vn/Attraction_Review-g23068219-d8046429-Reviews-Hanoi_e_Buddies-Ba_Dinh_Hanoi.html,407,tripadvisor_vn
INDOCHINA KITE TRAVEL,Chuyến tham quan văn hóa • Chuyến tham quan lịch sử & di sản,Hanoi,https://www.tripadvisor.com.vn/Attraction_Review-g293924-d28015281-Reviews-INDOCHINA_KITE_TRAVEL-Hanoi.html,408,tripadvisor_vn
Tonkin Travel,Tour thăm quan thành phố • Chuyến tham quan nhiều ngày,Hanoi,https://www.tripadvisor.com.vn/Attraction_Review-g293924-d7266926-Reviews-Tonkin_Travel-Hanoi.html,409,tripadvisor_vn
Asia King Travel,Tour thăm quan thành phố • Chuyến tham quan nhiều ngày,Hanoi,https://www.tripadvisor.com.vn/Attraction_Review-g293924-d4745613-Reviews-Asia_King_Travel-Hanoi.html,410,tripadvisor_vn
Vietnam Evasion,Chuyến tham quan nhiều ngày • Chuyến tham quan đi dạo,Hanoi,https://www.tripadvisor.com.vn/Attraction_Review-g293924-d10458978-Reviews-Vietnam_Evasion-Hanoi.html,411,tripadvisor_vn
Vietnam Tonkin Travel,Tour thăm quan thành phố • Chuyến tham quan nhiều ngày,Hanoi,https://www.tripadvisor.com.vn/Attraction_Review-g293924-d8775971-Reviews-Vietnam_Tonkin_Travel-Hanoi.html,412,tripadvisor_vn
ATT Asia Travel,Tour thăm quan thành phố • Chuyến tham quan nhiều ngày,Hanoi,https://www.tripadvisor.com.vn/Attraction_Review-g293924-d7915444-Reviews-ATT_Asia_Travel-Hanoi.html,413,tripadvisor_vn
Free Walking Tours Hanoi,Tour thăm quan thành phố • Chuyến tham quan đi dạo,Hanoi,https://www.tripadvisor.com.vn/Attraction_Review-g293924-d12579875-Reviews-Free_Walking_Tours_Hanoi-Hanoi.html,414,tripadvisor_vn
Old Quarter Travel,Chuyến tham quan nhiều ngày • Chuyến tham quan lịch sử & di sản,Hanoi,https://www.tripadvisor.com.vn/Attraction_Review-g293924-d13312523-Reviews-Old_Quarter_Travel-Hanoi.html,415,tripadvisor_vn
Local Beans Roastery,Chuyến tham quan văn hóa • Nếm bia & tham quan,Hanoi,https://www.tripadvisor.com.vn/Attraction_Review-g293924-d26453269-Reviews-Local_Beans_Roastery-Hanoi.html,416,tripadvisor_vn
Au Fil Du Vietnam,Chuyến tham quan nhiều ngày • Chuyến tham quan tư nhân,Hanoi,https://www.tripadvisor.com.vn/Attraction_Review-g293924-d23971040-Reviews-Au_Fil_Du_Vietnam-Hanoi.html,417,tripadvisor_vn
IZITOUR.com,Tour thăm quan thành phố • Chuyến tham quan nhiều ngày,Hanoi,https://www.tripadvisor.com.vn/Attraction_Review-g293924-d18454690-Reviews-IZITOUR_com-Hanoi.html,418,tripadvisor_vn
Dragonfly Cruise,Chuyến tham quan bằng thuyền • Chuyến tham quan ngắm cảnh,Hanoi,https://www.tripadvisor.com.vn/Attraction_Review-g293924-d13358348-Reviews-Dragonfly_Cruise-Hanoi.html,419,tripadvisor_vn
Dragon King Vietnam Travel,Chuyến tham quan bằng thuyền • Chuyến đi trong ngày,Hanoi,https://www.tripadvisor.com.vn/Attraction_Review-g293924-d13516167-Reviews-Dragon_King_Vietnam_Travel-Hanoi.html,420,tripadvisor_vn
Up Travel Vietnam,Tour thăm quan thành phố • Chuyến tham quan nhiều ngày,Hanoi,https://www.tripadvisor.com.vn/Attraction_Review-g293924-d6495901-Reviews-Up_Travel_Vietnam-Hanoi.html,421,tripadvisor_vn
Vietnam Vintage Vespa Tours,"Tour thăm quan thành phố • Chuyến tham quan bằng xe 4WD, ATV & xe địa hình",Hanoi,https://www.tripadvisor.com.vn/Attraction_Review-g293924-d8294676-Reviews-Vietnam_Vintage_Vespa_Tours-Hanoi.html,422,tripadvisor_vn
Hanoi City Tours,Tour thăm quan thành phố • Chuyến tham quan ngắm cảnh,Hanoi,https://www.tripadvisor.com.vn/Attraction_Review-g293924-d28002482-Reviews-Hanoi_City_Tours-Hanoi.html,423,tripadvisor_vn
Bike Tours Hanoi,"Chuyến tham quan nhiều ngày • Chuyến tham quan bằng xe 4WD, ATV & xe địa hình",Hanoi,https://www.tripadvisor.com.vn/Attraction_Review-g293924-d14011398-Reviews-Bike_Tours_Hanoi-Hanoi.html,424,tripadvisor_vn
Friends Travel Vietnam - Day Tours,Tour thăm quan thành phố • Chuyến tham quan ngắm cảnh,Hanoi,https://www.tripadvisor.com.vn/Attraction_Review-g293924-d6732725-Reviews-Friends_Travel_Vietnam_Day_Tours-Hanoi.html,425,tripadvisor_vn
Far East Tour,Tour thăm quan thành phố • Chuyến tham quan văn hóa,Hanoi,https://www.tripadvisor.com.vn/Attraction_Review-g293924-d4340032-Reviews-Far_East_Tour-Hanoi.html,426,tripadvisor_vn
VIVAGO TRAVEL,Tour thăm quan thành phố • Chuyến tham quan văn hóa,Hanoi,https://www.tripadvisor.com.vn/Attraction_Review-g293924-d26722867-Reviews-VIVAGO_TRAVEL-Hanoi.html,427,tripadvisor_vn
Vicsapa Train Viet Nam,Tour thăm quan thành phố • Chuyến tham quan leo núi,Hanoi,https://www.tripadvisor.com.vn/Attraction_Review-g293924-d27726194-Reviews-Vicsapa_Train_Viet_Nam-Hanoi.html,428,tripadvisor_vn
Insight Hanoi Travel,Chuyến tham quan văn hóa • Chuyến tham quan ngắm cảnh,Hanoi,https://www.tripadvisor.com.vn/Attraction_Review-g293924-d14801839-Reviews-Insight_Hanoi_Travel-Hanoi.html,429,tripadvisor_vn
Hanoi VIP Transfer,Taxi & xe đưa đón • Chuyến tham quan bằng thuyền,Hanoi,https://www.tripadvisor.com.vn/Attraction_Review-g293924-d14801770-Reviews-Hanoi_VIP_Transfer-Hanoi.html,430,tripadvisor_vn
Indochina Sun Travel,Chuyến tham quan lịch sử & di sản • Chuyến tham quan đi dạo,Hanoi,https://www.tripadvisor.com.vn/Attraction_Review-g293924-d24193792-Reviews-Indochina_Sun_Travel-Hanoi.html,431,tripadvisor_vn
Halong Bay Cruise Hunters,Chuyến tham quan nhiều ngày • Chuyến tham quan văn hóa,Hanoi,https://www.tripadvisor.com.vn/Attraction_Review-g293924-d12583669-Reviews-Halong_Bay_Cruise_Hunters-Hanoi.html,432,tripadvisor_vn
Hanoi Jeep Tours,Nếm bia & tham quan • Chuyến tham quan tư nhân,Hanoi,https://www.tripadvisor.com.vn/Attraction_Review-g293924-d23319314-Reviews-Hanoi_Jeep_Tours-Hanoi.html,433,tripadvisor_vn
Hanoi Voyages,Chuyến tham quan nhiều ngày • Chuyến tham quan văn hóa,Hanoi,https://www.tripadvisor.com.vn/Attraction_Review-g293924-d7834952-Reviews-Hanoi_Voyages-Hanoi.html,434,tripadvisor_vn
Autour Asia,Chuyến tham quan nhiều ngày • Chuyến tham quan tư nhân,Hanoi,https://www.tripadvisor.com.vn/Attraction_Review-g293924-d25332963-Reviews-Autour_Asia-Hanoi.html,435,tripadvisor_vn
Ninh Binh Excursion Luxury Tour,Chuyến tham quan nhiều ngày • Chuyến đi trong ngày,Hanoi,https://www.tripadvisor.com.vn/Attraction_Review-g293924-d14766913-Reviews-Ninh_Binh_Excursion_Luxury_Tour-Hanoi.html,436,tripadvisor_vn
VIETNAM TOP TRAVEL,Tour thăm quan thành phố • Chuyến tham quan nhiều ngày,Hanoi,https://www.tripadvisor.com.vn/Attraction_Review-g293924-d17592104-Reviews-VIETNAM_TOP_TRAVEL-Hanoi.html,437,tripadvisor_vn
Vietnam Open Day Tours,Chuyến tham quan bằng thuyền • Chuyến tham quan ngắm cảnh,Hanoi,https://www.tripadvisor.com.vn/Attraction_Review-g293924-d2435239-Reviews-Vietnam_Open_Day_Tours-Hanoi.html,438,tripadvisor_vn
Momentlives - Vietnam Photo Tours,Chuyến tham quan chụp ảnh,Hanoi,https://www.tripadvisor.com.vn/Attraction_Review-g293924-d11926433-Reviews-Momentlives_Vietnam_Photo_Tours-Hanoi.html,439,tripadvisor_vn
Vietnam Luxury Golf Tours,Tour thăm quan thành phố • Chuyến tham quan nhiều ngày,Hanoi,https://www.tripadvisor.com.vn/Attraction_Review-g293924-d6419376-Reviews-Vietnam_Luxury_Golf_Tours-Hanoi.html,440,tripadvisor_vn
Dream Travel,Chuyến tham quan đi dạo • Chuyến tham quan ngắm cảnh,Hanoi,https://www.tripadvisor.com.vn/Attraction_Review-g293924-d2310943-Reviews-Dream_Travel-Hanoi.html,441,tripadvisor_vn
Indochina Travel Group,Chuyến tham quan nhiều ngày,Hanoi,https://www.tripadvisor.com.vn/Attraction_Review-g293924-d25808369-Reviews-Indochina_Travel_Group-Hanoi.html,442,tripadvisor_vn
Unicharm Cruise,Quần đảo • Bãi biển,Hanoi,https://www.tripadvisor.com.vn/Attraction_Review-g293924-d14000216-Reviews-Unicharm_Cruise-Hanoi.html,443,tripadvisor_vn
Travel Agent Hanoi,Chuyến tham quan văn hóa • Chuyến tham quan bằng thuyền,Hanoi,https://www.tripadvisor.com.vn/Attraction_Review-g293924-d8619910-Reviews-Travel_Agent_Hanoi-Hanoi.html,444,tripadvisor_vn
Kampá Tour,Chuyến tham quan nhiều ngày • Chuyến đi trong ngày,Hanoi,https://www.tripadvisor.com.vn/Attraction_Review-g293924-d26804985-Reviews-Kampa_Tour-Hanoi.html,445,tripadvisor_vn
Viet Vision Travel,Chuyến tham quan văn hóa • Chuyến tham quan ngắm cảnh,Hanoi,https://www.tripadvisor.com.vn/Attraction_Review-g293924-d5426694-Reviews-Viet_Vision_Travel-Hanoi.html,446,tripadvisor_vn
Jacky Vietnam Travel,Chuyến tham quan nhiều ngày • Chuyến tham quan bằng thuyền,Hanoi,https://www.tripadvisor.com.vn/Attraction_Review-g293924-d14025617-Reviews-Jacky_Vietnam_Travel-Hanoi.html,447,tripadvisor_vn
Caroline's Travel Agency,Chuyến tham quan nhiều ngày • Chuyến tham quan bằng thuyền,Hanoi,https://www.tripadvisor.com.vn/Attraction_Review-g293924-d27506056-Reviews-Caroline_s_Travel_Agency-Hanoi.html,448,tripadvisor_vn
Adventure Indochina Travel,Chuyến tham quan văn hóa • Chuyến tham quan bằng thuyền,Hanoi,https://www.tripadvisor.com.vn/Attraction_Review-g293924-d3247001-Reviews-Adventure_Indochina_Travel-Hanoi.html,449,tripadvisor_vn
Blue Asia Tours,Chuyến tham quan bằng thuyền • Chuyến tham quan tư nhân,Hanoi,https://www.tripadvisor.com.vn/Attraction_Review-g293924-d19273847-Reviews-Blue_Asia_Tours-Hanoi.html,450,tripadvisor_vn
Amo Travel,Chuyến tham quan văn hóa • Chuyến tham quan lịch sử & di sản,Hanoi,https://www.tripadvisor.com.vn/Attraction_Review-g293924-d5061686-Reviews-Amo_Travel-Hanoi.html,451,tripadvisor_vn
VietnamStay,Chuyến tham quan văn hóa • Chuyến tham quan ngắm cảnh,Hanoi,https://www.tripadvisor.com.vn/Attraction_Review-g293924-d2205405-Reviews-VietnamStay-Hanoi.html,452,tripadvisor_vn
Hanoi Tour,Chuyến tham quan đi dạo • Lớp nấu ăn,Hanoi,https://www.tripadvisor.com.vn/Attraction_Review-g293924-d1891941-Reviews-Hanoi_Tour-Hanoi.html,454,tripadvisor_vn
VietLong Travel,Chuyến tham quan văn hóa • Chuyến tham quan bằng thuyền,Hanoi,https://www.tripadvisor.com.vn/Attraction_Review-g293924-d2587738-Reviews-VietLong_Travel-Hanoi.html,455,tripadvisor_vn
Sapa Express,Chuyến tham quan văn hóa • Dịch vụ xe buýt,Hanoi,https://www.tripadvisor.com.vn/Attraction_Review-g293924-d7940632-Reviews-Sapa_Express-Hanoi.html,456,tripadvisor_vn
Hanoi Green Travel,Chuyến tham quan nhiều ngày • Chuyến tham quan ngắm cảnh,Hanoi,https://www.tripadvisor.com.vn/Attraction_Review-g293924-d15850155-Reviews-Hanoi_Green_Travel-Hanoi.html,457,tripadvisor_vn
A Taste of Hanoi,Chuyến tham quan nhiều ngày • Chuyến tham quan đi dạo,Hanoi,https://www.tripadvisor.com.vn/Attraction_Review-g293924-d7899059-Reviews-A_Taste_of_Hanoi-Hanoi.html,458,tripadvisor_vn
Vietnam Viajes,Chuyến tham quan nhiều ngày • Chuyến tham quan lịch sử & di sản,Hanoi,https://www.tripadvisor.com.vn/Attraction_Review-g293924-d14061367-Reviews-Vietnam_Viajes-Hanoi.html,459,tripadvisor_vn
Halong Tours Booking,Chuyến tham quan bằng thuyền,Hanoi,https://www.tripadvisor.com.vn/Attraction_Review-g293924-d2562186-Reviews-Halong_Tours_Booking-Hanoi.html,460,tripadvisor_vn
JoyfulVietNam Travel,Tour thăm quan thành phố • Chuyến tham quan nhiều ngày,Hanoi,https://www.tripadvisor.com.vn/Attraction_Review-g293924-d25130233-Reviews-JoyfulVietNam_Travel-Hanoi.html,461,tripadvisor_vn
Hanoi and Around with Thanh,Chuyến tham quan đi dạo • Chuyến tham quan ngắm cảnh,Hanoi,https://www.tripadvisor.com.vn/Attraction_Review-g293924-d12084453-Reviews-Hanoi_and_Around_with_Thanh-Hanoi.html,462,tripadvisor_vn
Asia Authentic Travel,Chuyến tham quan nhiều ngày • Chuyến tham quan ngắm cảnh,Hanoi,https://www.tripadvisor.com.vn/Attraction_Review-g293924-d15637814-Reviews-Asia_Authentic_Travel-Hanoi.html,463,tripadvisor_vn
Asia Mystika Travel,Chuyến tham quan nhiều ngày • Chuyến tham quan sinh thái,Hanoi,https://www.tripadvisor.com.vn/Attraction_Review-g293924-d25345868-Reviews-Asia_Mystika_Travel-Hanoi.html,464,tripadvisor_vn
A Chef's Tour (Hanoi),Chuyến tham quan ẩm thực,Hanoi,https://www.tripadvisor.com.vn/Attraction_Review-g293924-d19512838-Reviews-A_Chef_s_Tour_Hanoi-Hanoi.html,465,tripadvisor_vn
My Viva Tour,Chuyến tham quan nhiều ngày • Chuyến tham quan bằng thuyền,Hanoi,https://www.tripadvisor.com.vn/Attraction_Review-g293924-d29687552-Reviews-My_Viva_Tour-Hanoi.html,466,tripadvisor_vn
Asia Novo Tours (Ancien Acacia Voyage),Chuyến tham quan đường sắt • Chuyến tham quan chụp ảnh,Hanoi,https://www.tripadvisor.com.vn/Attraction_Review-g293924-d8595656-Reviews-Asia_Novo_Tours_Ancien_Acacia_Voyage-Hanoi.html,467,tripadvisor_vn
Vietnam Panorama Travel,Chuyến tham quan nhiều ngày • Chuyến tham quan bằng xe đạp,Hanoi,https://www.tripadvisor.com.vn/Attraction_Review-g293924-d26207524-Reviews-Vietnam_Panorama_Travel-Hanoi.html,468,tripadvisor_vn
Venezia Cruises,Chuyến tham quan bằng thuyền,Hanoi,https://www.tripadvisor.com.vn/Attraction_Review-g293924-d15062622-Reviews-Venezia_Cruises-Hanoi.html,469,tripadvisor_vn
Vietnam Marvel Travel,Chuyến tham quan nhiều ngày • Chuyến tham quan bằng xe đạp,Hanoi,https://www.tripadvisor.com.vn/Attraction_Review-g293924-d26345641-Reviews-Vietnam_Marvel_Travel-Hanoi.html,470,tripadvisor_vn
Handspan Travel,Chuyến tham quan bằng thuyền • Chuyến tham quan ngắm cảnh,Hanoi,https://www.tripadvisor.com.vn/Attraction_Review-g293924-d1988960-Reviews-Handspan_Travel-Hanoi.html,471,tripadvisor_vn
Authentic Adventures Vietnam | Travel packages | Top Updated,Chuyến tham quan nhiều ngày • Chuyến tham quan văn hóa,Hanoi,https://www.tripadvisor.com.vn/Attraction_Review-g293924-d19504526-Reviews-Authentic_Adventures_Vietnam_Travel_packages_Top_Updated-Hanoi.html,472,tripadvisor_vn
Real Vietnam Travel,Chuyến tham quan bằng xe buýt du lịch • Taxi & xe đưa đón,Hanoi,https://www.tripadvisor.com.vn/Attraction_Review-g293924-d33129110-Reviews-Real_Vietnam_Travel-Hanoi.html,473,tripadvisor_vn
Female Vespa Tours,"Tour thăm quan thành phố • Chuyến tham quan bằng xe 4WD, ATV & xe địa hình",Hanoi,https://www.tripadvisor.com.vn/Attraction_Review-g293924-d14802020-Reviews-Female_Vespa_Tours-Hanoi.html,474,tripadvisor_vn
We Ride Vietnam,Tour thăm quan thành phố • Chuyến tham quan nhiều ngày,Hanoi,https://www.tripadvisor.com.vn/Attraction_Review-g293924-d8761009-Reviews-We_Ride_Vietnam-Hanoi.html,475,tripadvisor_vn
Good Morning Cat Ba,Chuyến tham quan bằng xe buýt • Chuyến tham quan bằng tàu cao tốc,Hanoi,https://www.tripadvisor.com.vn/Attraction_Review-g293924-d11430240-Reviews-Good_Morning_Cat_Ba-Hanoi.html,476,tripadvisor_vn
Parfum d'Automne,Chuyến tham quan nhiều ngày • Chuyến tham quan văn hóa,Hanoi,https://www.tripadvisor.com.vn/Attraction_Review-g293924-d12500670-Reviews-Parfum_d_Automne-Hanoi.html,477,tripadvisor_vn
Southeast Asia Travel,Tour thăm quan thành phố • Chuyến tham quan bằng thuyền,Hanoi,https://www.tripadvisor.com.vn/Attraction_Review-g293924-d33117275-Reviews-Southeast_Asia_Travel-Hanoi.html,478,tripadvisor_vn
Hanoi Best Tours,Chuyến tham quan bằng thuyền • Chuyến đi trong ngày,Hanoi,https://www.tripadvisor.com.vn/Attraction_Review-g293924-d26633389-Reviews-Hanoi_Best_Tours-Hanoi.html,479,tripadvisor_vn
VXA Travel,Tour thăm quan thành phố • Chuyến tham quan nhiều ngày,Hanoi,https://www.tripadvisor.com.vn/Attraction_Review-g293924-d13957232-Reviews-VXA_Travel-Hanoi.html,480,tripadvisor_vn
NYNA Travel - be U full Vietnam,Chuyến tham quan nhiều ngày • Taxi & xe đưa đón,Hanoi,https://www.tripadvisor.com.vn/Attraction_Review-g293924-d24987087-Reviews-NYNA_Travel_be_U_full_Vietnam-Hanoi.html,481,tripadvisor_vn
The Touch Hair Spa,Spa,Hanoi,https://www.tripadvisor.com.vn/Attraction_Review-g293924-d12006359-Reviews-The_Touch_Hair_Spa-Hanoi.html,482,tripadvisor_vn
Nom Nom Travel,Tour thăm quan thành phố • Chuyến tham quan văn hóa,Hanoi,https://www.tripadvisor.com.vn/Attraction_Review-g293924-d7227309-Reviews-Nom_Nom_Travel-Hanoi.html,483,tripadvisor_vn
Vactours,Chuyến tham quan nhiều ngày • Chuyến tham quan văn hóa,Hanoi,https://www.tripadvisor.com.vn/Attraction_Review-g293924-d14000245-Reviews-Vactours-Hanoi.html,484,tripadvisor_vn
Reliable Vietnam Travel,Chuyến tham quan nhiều ngày • Taxi & xe đưa đón,Hanoi,https://www.tripadvisor.com.vn/Attraction_Review-g293924-d27511499-Reviews-Reliable_Vietnam_Travel-Hanoi.html,485,tripadvisor_vn
Smile Travel Agency,Chuyến tham quan mua sắm • Chuyến tham quan lịch sử & di sản,Hanoi,https://www.tripadvisor.com.vn/Attraction_Review-g293924-d12413408-Reviews-Smile_Travel_Agency-Hanoi.html,486,tripadvisor_vn
IDC Travel,Chuyến tham quan nhiều ngày • Chuyến tham quan cảm giác mạnh & mạo hiểm,Hanoi,https://www.tripadvisor.com.vn/Attraction_Review-g293924-d23999391-Reviews-IDC_Travel-Hanoi.html,487,tripadvisor_vn
Vietnam Hidden Charm Tours,Chuyến tham quan văn hóa • Chuyến tham quan đi dạo,Hanoi,https://www.tripadvisor.com.vn/Attraction_Review-g293924-d13961786-Reviews-Vietnam_Hidden_Charm_Tours-Hanoi.html,489,tripadvisor_vn
ADV Motorcycle Tours & Dirtbike Travel,Chuyến tham quan nhiều ngày • Chuyến tham quan bằng mô tô,Hanoi,https://www.tripadvisor.com.vn/Attraction_Review-g293924-d4025487-Reviews-ADV_Motorcycle_Tours_Dirtbike_Travel-Hanoi.html,490,tripadvisor_vn
Hanoi Sidecar Tour,Chuyến tham quan nhiều ngày • Chuyến tham quan tư nhân,Hanoi,https://www.tripadvisor.com.vn/Attraction_Review-g23068219-d27427326-Reviews-Hanoi_Sidecar_Tour-Ba_Dinh_Hanoi.html,491,tripadvisor_vn
Vietnam Travel Expert,Chuyến tham quan bằng xe đạp • Chuyến tham quan đi dạo,Hanoi,https://www.tripadvisor.com.vn/Attraction_Review-g293924-d24084009-Reviews-Vietnam_Travel_Expert-Hanoi.html,492,tripadvisor_vn
Vietnam Luxury Escapes,Chèo xuồng & ngồi phao trên sông • Trung tâm & trại thể thao,Hanoi,https://www.tripadvisor.com.vn/Attraction_Review-g293924-d20160089-Reviews-Vietnam_Luxury_Escapes-Hanoi.html,493,tripadvisor_vn
Red Lotus Travel - Vietnam Package Tours,Tour thăm quan thành phố • Chuyến tham quan văn hóa,Hanoi,https://www.tripadvisor.com.vn/Attraction_Review-g293924-d7081980-Reviews-Red_Lotus_Travel_Vietnam_Package_Tours-Hanoi.html,494,tripadvisor_vn
Voyagesviet Travel,Chuyến tham quan nhiều ngày • Chuyến tham quan văn hóa,Hanoi,https://www.tripadvisor.com.vn/Attraction_Review-g293924-d12609954-Reviews-Voyagesviet_Travel-Hanoi.html,495,tripadvisor_vn
Viet Cone Travel,Chuyến tham quan nhiều ngày • Chuyến tham quan tư nhân,Hanoi,https://www.tripadvisor.com.vn/Attraction_Review-g293924-d20899025-Reviews-Viet_Cone_Travel-Hanoi.html,496,tripadvisor_vn
La Team Rigal,Chuyến tham quan nhiều ngày • Chuyến tham quan ngắm cảnh,Hanoi,https://www.tripadvisor.com.vn/Attraction_Review-g293924-d27417483-Reviews-La_Team_Rigal-Hanoi.html,500,tripadvisor_vn
Visages d'Asie,Chuyến đi trong ngày,Hanoi,https://www.tripadvisor.com.vn/Attraction_Review-g293924-d25413584-Reviews-Visages_d_Asie-Hanoi.html,501,tripadvisor_vn
Hanoi Old Quarter Travel,Chuyến tham quan nhiều ngày • Chuyến tham quan lịch sử & di sản,Hanoi,https://www.tripadvisor.com.vn/Attraction_Review-g293924-d15645743-Reviews-Hanoi_Old_Quarter_Travel-Hanoi.html,502,tripadvisor_vn
Hanoitismiss,Tour thăm quan thành phố • Chuyến tham quan văn hóa,Hanoi,https://www.tripadvisor.com.vn/Attraction_Review-g293924-d24939806-Reviews-Hanoitismiss-Hanoi.html,503,tripadvisor_vn
Conical Travel,Tour thăm quan thành phố • Chuyến tham quan nhiều ngày,Hanoi,https://www.tripadvisor.com.vn/Attraction_Review-g293924-d15220402-Reviews-Conical_Travel-Hanoi.html,505,tripadvisor_vn
Red Gecko Travel,Chuyến tham quan nhiều ngày • Chuyến tham quan bằng thuyền,Hanoi,https://www.tripadvisor.com.vn/Attraction_Review-g293924-d3895840-Reviews-Red_Gecko_Travel-Hanoi.html,506,tripadvisor_vn
Sapa Local Tours,Chuyến tham quan nhiều ngày • Chuyến tham quan lịch sử & di sản,Hanoi,https://www.tripadvisor.com.vn/Attraction_Review-g293924-d10727995-Reviews-Halong_Bay_Holiday-Hanoi.html,508,tripadvisor_vn
Frank Tour Guide,Chuyến tham quan nhiều ngày • Chuyến tham quan lịch sử & di sản,Hanoi,https://www.tripadvisor.com.vn/Attraction_Review-g293924-d33064422-Reviews-Frank_Tour_Guide-Hanoi.html,510,tripadvisor_vn
Aventure Vietnam Travel,Chuyến tham quan nhiều ngày • Chuyến tham quan bằng xe đạp,Hanoi,https://www.tripadvisor.com.vn/Attraction_Review-g293924-d12452876-Reviews-Aventure_Vietnam_Travel-Hanoi.html,511,tripadvisor_vn
Vietnam Beauty Travel,Chuyến tham quan bằng thuyền • Chuyến tham quan leo núi,Hanoi,https://www.tripadvisor.com.vn/Attraction_Review-g293924-d27916287-Reviews-Vietnam_Beauty_Travel-Hanoi.html,512,tripadvisor_vn
Vietnam Buffalo Travel,Chuyến tham quan ngắm cảnh,Hanoi,https://www.tripadvisor.com.vn/Attraction_Review-g293924-d25171450-Reviews-Vietnam_Buffalo_Travel-Hanoi.html,513,tripadvisor_vn
Indochina Travel Expert,Chuyến tham quan nhiều ngày • Chuyến tham quan bằng thuyền,Hanoi,https://www.tripadvisor.com.vn/Attraction_Review-g293924-d26246191-Reviews-Indochina_Travel_Expert-Hanoi.html,514,tripadvisor_vn
Halong Bay Cruises,Chuyến tham quan bằng thuyền,Hanoi,https://www.tripadvisor.com.vn/Attraction_Review-g293924-d20235672-Reviews-Halong_Bay_Cruises-Hanoi.html,515,tripadvisor_vn
ViettrendTour,Chuyến tham quan nhiều ngày • Chuyến tham quan văn hóa,Hanoi,https://www.tripadvisor.com.vn/Attraction_Review-g293924-d27664536-Reviews-ViettrendTour-Hanoi.html,517,tripadvisor_vn
Ecolux Vietnam,Chuyến tham quan văn hóa • Chuyến tham quan bằng xe đạp,Hanoi,https://www.tripadvisor.com.vn/Attraction_Review-g293924-d25078136-Reviews-Ecolux_Vietnam-Hanoi.html,518,tripadvisor_vn
Tailor Made Vietnam Tours,Chuyến tham quan nhiều ngày • Chuyến tham quan bằng thuyền,Hanoi,https://www.tripadvisor.com.vn/Attraction_Review-g293924-d15693034-Reviews-Tailor_Made_Vietnam_Tours-Hanoi.html,519,tripadvisor_vn
Kadupul Spa,Spa,Hanoi,https://www.tripadvisor.com.vn/Attraction_Review-g293924-d24967200-Reviews-Kadupul_Spa-Hanoi.html,521,tripadvisor_vn
Diory NailsLab 3,Spa,Hanoi,https://www.tripadvisor.com.vn/Attraction_Review-g293924-d27105086-Reviews-Diory_NailsLab_3-Hanoi.html,522,tripadvisor_vn
Metis Spa,Spa,Hanoi,https://www.tripadvisor.com.vn/Attraction_Review-g293924-d20056436-Reviews-Metis_Spa-Hanoi.html,525,tripadvisor_vn
El Vietnamita,Tour thăm quan thành phố • Chuyến tham quan nhiều ngày,Hanoi,https://www.tripadvisor.com.vn/Attraction_Review-g293924-d15816091-Reviews-El_Vietnamita-Hanoi.html,527,tripadvisor_vn
Absolute Asia Travel,Chuyến tham quan nhiều ngày • Taxi & xe đưa đón,Hanoi,https://www.tripadvisor.com.vn/Attraction_Review-g293924-d18270893-Reviews-Absolute_Asia_Travel-Hanoi.html,528,tripadvisor_vn
Vietnam Tour 247,Chuyến tham quan nhiều ngày • Chuyến tham quan tư nhân,Hanoi,https://www.tripadvisor.com.vn/Attraction_Review-g293924-d17558632-Reviews-Vietnam_Tour_247-Hanoi.html,529,tripadvisor_vn
Hanoi Eco Tour - Day Tour,Chuyến tham quan sinh thái,Hanoi,https://www.tripadvisor.com.vn/Attraction_Review-g293924-d4543577-Reviews-Hanoi_Eco_Tour_Day_Tour-Hanoi.html,530,tripadvisor_vn
Vietnam Travel Heaven (VTH travel),Chuyến tham quan văn hóa • Chuyến tham quan bằng xe đạp,Hanoi,https://www.tripadvisor.com.vn/Attraction_Review-g293924-d10619457-Reviews-Vietnam_Travel_Heaven_VTH_travel-Hanoi.html,531,tripadvisor_vn
"Aravinda Travel Co,.ltd",Chuyến tham quan nhiều ngày • Chuyến tham quan lịch sử & di sản,Hanoi,https://www.tripadvisor.com.vn/Attraction_Review-g293924-d33059842-Reviews-Aravinda_Travel_Co_ltd-Hanoi.html,536,tripadvisor_vn
AucoeurVietnam - IMAGE Travel,Chuyến tham quan nhiều ngày • Chèo xuồng & ngồi phao trên sông,Hanoi,https://www.tripadvisor.com.vn/Attraction_Review-g293924-d27133890-Reviews-AucoeurVietnam_IMAGE_Travel-Hanoi.html,537,tripadvisor_vn
Beyond Vietnam,Chuyến tham quan tư nhân • Chuyến tham quan ẩm thực,Hanoi,https://www.tripadvisor.com.vn/Attraction_Review-g293924-d25439689-Reviews-Beyond_Vietnam-Hanoi.html,538,tripadvisor_vn
Vietnam In Focus,Tour thăm quan thành phố • Chuyến tham quan đi dạo,Hanoi,https://www.tripadvisor.com.vn/Attraction_Review-g293924-d4094176-Reviews-Vietnam_In_Focus-Hanoi.html,539,tripadvisor_vn
Go-Indochine,Chuyến tham quan văn hóa • Chuyến tham quan bằng xe đạp,Hanoi,https://www.tripadvisor.com.vn/Attraction_Review-g293924-d6825732-Reviews-Go_Indochine-Hanoi.html,540,tripadvisor_vn
Asia Motorbike Adventures & Jeep Tours,"Tour thăm quan thành phố • Chuyến tham quan bằng xe 4WD, ATV & xe địa hình",Hanoi,https://www.tripadvisor.com.vn/Attraction_Review-g293924-d14170086-Reviews-Asia_Motorbike_Adventures_Jeep_Tours-Hanoi.html,542,tripadvisor_vn
Vietnam Xplorer,Tour thăm quan thành phố • Chuyến tham quan nhiều ngày,Hanoi,https://www.tripadvisor.com.vn/Attraction_Review-g293924-d25293365-Reviews-Vietnam_Xplorer-Hanoi.html,543,tripadvisor_vn
Asianway Travel,Chuyến tham quan nhiều ngày • Chuyến tham quan bằng thuyền,Hanoi,https://www.tripadvisor.com.vn/Attraction_Review-g293924-d5973397-Reviews-Asianway_Travel-Hanoi.html,544,tripadvisor_vn
Vietnam trip 24h,Tour thăm quan thành phố • Chuyến tham quan bằng thuyền,Hanoi,https://www.tripadvisor.com.vn/Attraction_Review-g293924-d19315767-Reviews-Vietnam_trip_24h-Hanoi.html,546,tripadvisor_vn
Serenity Grandeur Cruises,Taxi & xe đưa đón • Chuyến tham quan bằng xe đạp,Hanoi,https://www.tripadvisor.com.vn/Attraction_Review-g293924-d33302088-Reviews-Serenity_Grandeur_Cruises-Hanoi.html,547,tripadvisor_vn
iLOTUS TOURS,Tour thăm quan thành phố • Chuyến tham quan lịch sử & di sản,Hanoi,https://www.tripadvisor.com.vn/Attraction_Review-g293924-d19597825-Reviews-ILOTUS_TOURS-Hanoi.html,549,tripadvisor_vn
Get Up And Go Vietnam,Chuyến tham quan nhiều ngày • Công viên quốc gia,Hanoi,https://www.tripadvisor.com.vn/Attraction_Review-g293924-d8532531-Reviews-Get_Up_And_Go_Vietnam-Hanoi.html,550,tripadvisor_vn
Amica Travel,Chuyến tham quan lịch sử & di sản • Chuyến tham quan đi dạo,Hanoi,https://www.tripadvisor.com.vn/Attraction_Review-g293924-d8861467-Reviews-Amica_Travel-Hanoi.html,551,tripadvisor_vn
Withlocals,Tour thăm quan thành phố • Chuyến tham quan văn hóa,Hanoi,https://www.tripadvisor.com.vn/Attraction_Review-g293924-d15036298-Reviews-Withlocals-Hanoi.html,553,tripadvisor_vn
Asia Queen Travel,Tour thăm quan thành phố • Chuyến tham quan nhiều ngày,Hanoi,https://www.tripadvisor.com.vn/Attraction_Review-g293924-d12404320-Reviews-Asia_Queen_Travel-Hanoi.html,554,tripadvisor_vn
Eviva Tour Vietnam,Chuyến tham quan nhiều ngày • Chuyến tham quan văn hóa,Hanoi,https://www.tripadvisor.com.vn/Attraction_Review-g293924-d7057044-Reviews-Eviva_Tour_Vietnam-Hanoi.html,555,tripadvisor_vn
Bellasia Travel,Chuyến tham quan nhiều ngày • Chuyến tham quan cảm giác mạnh & mạo hiểm,Hanoi,https://www.tripadvisor.com.vn/Attraction_Review-g293924-d26529640-Reviews-Bellasia_Travel-Hanoi.html,556,tripadvisor_vn
Ha Noi Tours Booking (Song Hong Tourism I.C.L),Chuyến tham quan nhiều ngày • Chuyến tham quan bằng thuyền,Hanoi,https://www.tripadvisor.com.vn/Attraction_Review-g293924-d24089225-Reviews-Ha_Noi_Tours_Booking_Song_Hong_Tourism_I_C_L-Hanoi.html,557,tripadvisor_vn
Lvptravel - Day Tours,Chuyến tham quan nhiều ngày • Chuyến tham quan văn hóa,Hanoi,https://www.tripadvisor.com.vn/Attraction_Review-g293924-d8444880-Reviews-Lvptravel_Day_Tours-Hanoi.html,559,tripadvisor_vn
54 Traditions Gallery,Phòng trưng bày nghệ thuật • Chuyến tham quan văn hóa,Hanoi,https://www.tripadvisor.com.vn/Attraction_Review-g293924-d6941945-Reviews-54_Traditions_Gallery-Hanoi.html,560,tripadvisor_vn
Marvellous Spa,Spa,Hanoi,https://www.tripadvisor.com.vn/Attraction_Review-g293924-d10001226-Reviews-Marvellous_Spa-Hanoi.html,561,tripadvisor_vn
Classy Travel,Chuyến tham quan nhiều ngày • Chuyến tham quan lịch sử & di sản,Hanoi,https://www.tripadvisor.com.vn/Attraction_Review-g293924-d6372518-Reviews-Classy_Travel-Hanoi.html,562,tripadvisor_vn
Vespa Adventures,Tour thăm quan thành phố • Chuyến tham quan ban đêm,Hanoi,https://www.tripadvisor.com.vn/Attraction_Review-g293924-d11853153-Reviews-Vespa_Adventures-Hanoi.html,563,tripadvisor_vn
Vietnam Northern Travel,Chuyến tham quan nhiều ngày • Chuyến tham quan sinh thái,Hanoi,https://www.tripadvisor.com.vn/Attraction_Review-g293924-d17749560-Reviews-Vietnam_Northern_Travel-Hanoi.html,565,tripadvisor_vn
Paloma Motorbike Tours,Chuyến tham quan bằng mô tô • Chuyến tham quan ban đêm,Hanoi,https://www.tripadvisor.com.vn/Attraction_Review-g293924-d6702827-Reviews-Paloma_Motorbike_Tours-Hanoi.html,566,tripadvisor_vn
GP Travel,Tour thăm quan thành phố • Chuyến tham quan lịch sử & di sản,Hanoi,https://www.tripadvisor.com.vn/Attraction_Review-g293924-d9739384-Reviews-GP_Travel-Hanoi.html,567,tripadvisor_vn
Soleil Doré Travel-Agence de voyage francophone au Vietnam,Chuyến tham quan nhiều ngày • Taxi & xe đưa đón,Hanoi,https://www.tripadvisor.com.vn/Attraction_Review-g293924-d24992455-Reviews-Soleil_Dore_Travel_Agence_de_voyage_francophone_au_Vietnam-Hanoi.html,568,tripadvisor_vn
La Belle Vie Spa,Spa,Hanoi,https://www.tripadvisor.com.vn/Attraction_Review-g293924-d17688564-Reviews-La_Belle_Vie_Spa_1-Hanoi.html,570,tripadvisor_vn
SVietnam Travel,Tour thăm quan thành phố • Chuyến tham quan tư nhân,Hanoi,https://www.tripadvisor.com.vn/Attraction_Review-g293924-d7940355-Reviews-SVietnam_Travel-Hanoi.html,572,tripadvisor_vn
VietAsia Travel,Chuyến tham quan nhiều ngày • Chuyến tham quan văn hóa,Hanoi,https://www.tripadvisor.com.vn/Attraction_Review-g293924-d15017011-Reviews-VietAsia_Travel-Hanoi.html,573,tripadvisor_vn
Viet Express Travel,Tour thăm quan thành phố • Chuyến tham quan văn hóa,Hanoi,https://www.tripadvisor.com.vn/Attraction_Review-g293924-d8851164-Reviews-Viet_Express_Travel-Hanoi.html,576,tripadvisor_vn
Emoi Vietnam Travel,Chuyến tham quan ngắm cảnh,Hanoi,https://www.tripadvisor.com.vn/Attraction_Review-g293924-d26555725-Reviews-Emoi_Vietnam_Travel-Hanoi.html,577,tripadvisor_vn
Hanoi Tours Expert,Tour thăm quan thành phố • Chuyến tham quan ngắm cảnh,Hanoi,https://www.tripadvisor.com.vn/Attraction_Review-g293924-d11512801-Reviews-Hanoi_Tours_Expert-Hanoi.html,578,tripadvisor_vn
GOVNTRAVEL,Chuyến tham quan nhiều ngày • Dịch vụ xe buýt,Hanoi,https://www.tripadvisor.com.vn/Attraction_Review-g293924-d15828699-Reviews-GOVNTRAVEL-Hanoi.html,579,tripadvisor_vn
Win Win Travel,Chuyến tham quan nhiều ngày • Chuyến tham quan văn hóa,Hanoi,https://www.tripadvisor.com.vn/Attraction_Review-g293924-d13477197-Reviews-Win_Win_Travel-Hanoi.html,581,tripadvisor_vn
Bicycle Tours Hanoi,Chuyến tham quan bằng xe đạp,Hanoi,https://www.tripadvisor.com.vn/Attraction_Review-g293924-d12594434-Reviews-Bicycle_Tours_Hanoi-Hanoi.html,582,tripadvisor_vn
Vnimpressive Tours,Chuyến tham quan bằng thuyền • Chuyến tham quan ngắm cảnh,Hanoi,https://www.tripadvisor.com.vn/Attraction_Review-g293924-d28120901-Reviews-Vietnam_Impresssive_Tours-Hanoi.html,583,tripadvisor_vn
Midori Spa 3,Spa,Hanoi,https://www.tripadvisor.com.vn/Attraction_Review-g293924-d12376081-Reviews-Midori_Spa_3-Hanoi.html,584,tripadvisor_vn
Vietnam Travelers Tour,Chuyến tham quan nhiều ngày • Chuyến tham quan bằng mô tô,Hanoi,https://www.tripadvisor.com.vn/Attraction_Review-g293924-d24119722-Reviews-Vietnam_Travelers_Tour-Hanoi.html,585,tripadvisor_vn
Rutas Vietnam - Day Tours,Chuyến tham quan ngắm cảnh,Hanoi,https://www.tripadvisor.com.vn/Attraction_Review-g293924-d7917439-Reviews-Rutas_Vietnam_Day_Tours-Hanoi.html,586,tripadvisor_vn
The First Travel,Chuyến tham quan nhiều ngày • Chuyến tham quan bằng thuyền,Hanoi,https://www.tripadvisor.com.vn/Attraction_Review-g293924-d13484982-Reviews-The_First_Travel-Hanoi.html,587,tripadvisor_vn
VN Travel Advisory,Chuyến tham quan bằng xe buýt du lịch • Chuyến tham quan đi dạo,Hanoi,https://www.tripadvisor.com.vn/Attraction_Review-g293924-d23990178-Reviews-VN_Travel_Advisory-Hanoi.html,588,tripadvisor_vn
Fola Travel,Tour thăm quan thành phố • Chuyến tham quan nhiều ngày,Hanoi,https://www.tripadvisor.com.vn/Attraction_Review-g293924-d28100196-Reviews-Fola_Travel-Hanoi.html,589,tripadvisor_vn
Viajeindochina,Tour thăm quan thành phố • Chuyến tham quan nhiều ngày,Hanoi,https://www.tripadvisor.com.vn/Attraction_Review-g293924-d6478725-Reviews-Viajeindochina-Hanoi.html,591,tripadvisor_vn
Authentic Travel VIETNAM,Lặn bằng bình khí & lặn bằng ống thở • Chuyến tham quan bằng tàu ngầm,Hanoi,https://www.tripadvisor.com.vn/Attraction_Review-g293924-d27987226-Reviews-Authentic_Travel_VIETNAM-Hanoi.html,592,tripadvisor_vn
Viet Aurora Travel,Tour thăm quan thành phố • Chuyến tham quan nhiều ngày,Hanoi,https://www.tripadvisor.com.vn/Attraction_Review-g293924-d24077422-Reviews-Viet_Aurora_Travel-Hanoi.html,594,tripadvisor_vn
Hidden Hanoi,Tour thăm quan thành phố • Lớp nấu ăn,Hanoi,https://www.tripadvisor.com.vn/Attraction_Review-g293924-d654081-Reviews-Hidden_Hanoi-Hanoi.html,595,tripadvisor_vn
Incredible Vietnam Tours,Chuyến tham quan lịch sử & di sản • Chuyến tham quan bằng thuyền,Hanoi,https://www.tripadvisor.com.vn/Attraction_Review-g293924-d12529951-Reviews-Incredible_Vietnam_Tours-Hanoi.html,597,tripadvisor_vn
Asia Eyes Travel,Tour thăm quan thành phố • Chuyến tham quan văn hóa,Hanoi,https://www.tripadvisor.com.vn/Attraction_Review-g293924-d3957911-Reviews-Asia_Eyes_Travel-Hanoi.html,598,tripadvisor_vn
Asia Encounter,Tour thăm quan thành phố • Chuyến tham quan nhiều ngày,Hanoi,https://www.tripadvisor.com.vn/Attraction_Review-g293924-d27141555-Reviews-Asia_Encounter-Hanoi.html,599,tripadvisor_vn
Hanoi Motorbike Street Foods - Day Tours,Tour thăm quan thành phố • Chuyến tham quan văn hóa,Hanoi,https://www.tripadvisor.com.vn/Attraction_Review-g293924-d6353609-Reviews-Hanoi_Motorbike_Street_Foods_Day_Tours-Hanoi.html,600,tripadvisor_vn
Bến Phà Tuần Châu,Bến du thuyền • Bãi biển,Quang Ninh,https://www.tripadvisor.com.vn/Attraction_Review-g14776235-d34023500-Reviews-B_n_Pha_Tu_n_Chau-Quang_Ninh_Quang_Binh_Province.html,1,tripadvisor_vn
Tuần Châu Hạ Long,Bến du thuyền,Quang Ninh,https://www.tripadvisor.com.vn/Attraction_Review-g14776235-d33278671-Reviews-Tu_n_Chau_H_Long-Quang_Ninh_Quang_Binh_Province.html,2,tripadvisor_vn
Vietpearl Farm,Cửa hàng của nhà máy,Quang Ninh,https://www.tripadvisor.com.vn/Attraction_Review-g14776235-d34436740-Reviews-Vietpearl_Farm-Quang_Ninh_Quang_Binh_Province.html,3,tripadvisor_vn
Aime'e Cruises,Chuyến tham quan bằng thuyền,Quang Ninh,https://www.tripadvisor.com.vn/Attraction_Review-g14776235-d34089447-Reviews-Aime_e_Cruises-Quang_Ninh_Quang_Binh_Province.html,4,tripadvisor_vn
Sea Lavie Cruise,Chuyến tham quan nhiều ngày • Chuyến tham quan bằng thuyền,Quang Ninh,https://www.tripadvisor.com.vn/Attraction_Review-g14776235-d34237919-Reviews-Sea_Lavie_Cruise-Quang_Ninh_Quang_Binh_Province.html,5,tripadvisor_vn
Ku Ku Bike,Cho thuê tiện ích,Quang Ninh,https://www.tripadvisor.com.vn/Attraction_Review-g14776235-d34679187-Reviews-Cho_thue_Xe_May_Di_n_H_Long_Ku_Ku_Bike_Electric_Motorbike_For_Rent_Ha_Long-Qua.html,6,tripadvisor_vn
GARDEN PEAK CRUISE - Bai Tu Long Bay,Chuyến tham quan nhiều ngày • Chuyến tham quan văn hóa,Quang Ninh,https://www.tripadvisor.com.vn/Attraction_Review-g14776235-d34289115-Reviews-GARDEN_PEAK_CRUISE_Bai_Tu_Long_Bay-Quang_Ninh_Quang_Binh_Province.html,7,tripadvisor_vn
Quang Ninh,Chuyến đi trong ngày,Quang Ninh,https://www.tripadvisor.com.vn/Attraction_Review-g14776235-d34279361-Reviews-Quang_Ninh-Quang_Ninh_Quang_Binh_Province.html,8,tripadvisor_vn
Halong Bay Cruises,Chuyến tham quan nhiều ngày • Chuyến tham quan bằng thuyền,Quang Ninh,https://www.tripadvisor.com.vn/Attraction_Review-g14776235-d28050033-Reviews-Halong_Bay_Cruises-Quang_Ninh_Quang_Binh_Province.html,9,tripadvisor_vn
THAO NGUYEN XANH TRAVEL AGENT,Chuyến tham quan nhiều ngày • Chuyến tham quan tư nhân,Quang Ninh,https://www.tripadvisor.com.vn/Attraction_Review-g14776235-d25346112-Reviews-THAO_NGUYEN_XANH_TRAVEL_AGENT-Quang_Ninh_Quang_Binh_Province.html,10,tripadvisor_vn
Aussie Travel,Chuyến tham quan nhiều ngày • Chuyến tham quan văn hóa,Quang Ninh,https://www.tripadvisor.com.vn/Attraction_Review-g14776235-d34658487-Reviews-Aussie_Travel-Quang_Ninh_Quang_Binh_Province.html,11,tripadvisor_vn
Athena Premium Halong Bay Cruise,Chuyến tham quan bằng thuyền,Quang Ninh,https://www.tripadvisor.com.vn/Attraction_Review-g14776235-d34110399-Reviews-Athena_Premium_Halong_Bay_Cruise-Quang_Ninh_Quang_Binh_Province.html,12,tripadvisor_vn
Feria Travel,Tour thăm quan thành phố • Chuyến tham quan nhiều ngày,Quang Ninh,https://www.tripadvisor.com.vn/Attraction_Review-g14776235-d34280265-Reviews-Feria_Travel-Quang_Ninh_Quang_Binh_Province.html,13,tripadvisor_vn
ETG VIET NAM,Chuyến tham quan nhiều ngày • Chuyến tham quan bằng tàu ngầm,Quang Ninh,https://www.tripadvisor.com.vn/Attraction_Review-g14776235-d34485903-Reviews-ETG_VIET_NAM-Quang_Ninh_Quang_Binh_Province.html,14,tripadvisor_vn
AN PHUOC VIET NAM TRAVEL COMPANY LIMITED,Chuyến tham quan bằng xe buýt du lịch • Chuyến tham quan đi dạo,Quang Ninh,https://www.tripadvisor.com.vn/Attraction_Review-g14776235-d34357299-Reviews-AN_PHUOC_VIET_NAM_TRAVEL_COMPANY_LIMITED-Quang_Ninh_Quang_Binh_Province.html,15,tripadvisor_vn
Sea Lavie,Chuyến tham quan bằng thuyền • Thuyền cho thuê,Quang Ninh,https://www.tripadvisor.com.vn/Attraction_Review-g14776235-d34241004-Reviews-Sea_Lavie-Quang_Ninh_Quang_Binh_Province.html,16,tripadvisor_vn
Trang Trang Phạm,Chuyến tham quan nhiều ngày • Chuyến tham quan bằng thuyền,Quang Ninh,https://www.tripadvisor.com.vn/Attraction_Review-g14776235-d34154815-Reviews-Trang_Trang_Ph_m-Quang_Ninh_Quang_Binh_Province.html,18,tripadvisor_vn
Tra Su Bird Sanctuary,Khu vực tự nhiên & động vật hoang dã,An Giang,https://www.tripadvisor.com.vn/Attraction_Review-g311303-d814880-Reviews-Tra_Su_Bird_Sanctuary-Chau_Doc_An_Giang_Province.html,1,tripadvisor_vn
Hang Chau Tourist,Phà,An Giang,https://www.tripadvisor.com.vn/Attraction_Review-g311303-d8095588-Reviews-Hang_Chau_Tourist-Chau_Doc_An_Giang_Province.html,2,tripadvisor_vn
Chùa Hang,Địa điểm tôn giáo,An Giang,https://www.tripadvisor.com.vn/Attraction_Review-g311303-d8304962-Reviews-Hang_Pagoda_Chua_Hang-Chau_Doc_An_Giang_Province.html,3,tripadvisor_vn
Ba Chua Xu Temple,Điểm thu hút khách tham quan & thắng cảnh,An Giang,https://www.tripadvisor.com.vn/Attraction_Review-g311303-d5029728-Reviews-Ba_Chua_Xu_Temple-Chau_Doc_An_Giang_Province.html,4,tripadvisor_vn
Chợ Nổi Châu Đốc,Điểm thu hút khách tham quan & thắng cảnh • Chợ trời & chợ đường phố,An Giang,https://www.tripadvisor.com.vn/Attraction_Review-g311303-d11624988-Reviews-Chau_Doc_Floating_Market-Chau_Doc_An_Giang_Province.html,5,tripadvisor_vn
Du Hành Xanh,Phà,An Giang,https://www.tripadvisor.com.vn/Attraction_Review-g311303-d12622715-Reviews-Blue_Cruiser-Chau_Doc_An_Giang_Province.html,6,tripadvisor_vn
Mieu Ba Chua Xu Nui Sam,Địa điểm tôn giáo,An Giang,https://www.tripadvisor.com.vn/Attraction_Review-g311303-d15586127-Reviews-Mieu_Ba_Chua_Xu_Nui_Sam-Chau_Doc_An_Giang_Province.html,7,tripadvisor_vn
Chợ Nổi Long Xuyên,Chợ trời & chợ đường phố,An Giang,https://www.tripadvisor.com.vn/Attraction_Review-g1627698-d17389876-Reviews-Long_Xuyen_Floating_Market-Long_Xuyen_An_Giang_Province.html,8,tripadvisor_vn
Bảo Tàng An Giang,Viện bảo tàng lịch sử,An Giang,https://www.tripadvisor.com.vn/Attraction_Review-g1627698-d14795568-Reviews-An_Giang_Museum-Long_Xuyen_An_Giang_Province.html,9,tripadvisor_vn
Chùa Phước Điền,Địa điểm lịch sử • Điểm thu hút khách tham quan & thắng cảnh,An Giang,https://www.tripadvisor.com.vn/Attraction_Review-g311303-d6952535-Reviews-Phuoc_Dien_Temple-Chau_Doc_An_Giang_Province.html,10,tripadvisor_vn
Chùa Tây An,Địa điểm tôn giáo,An Giang,https://www.tripadvisor.com.vn/Attraction_Review-g311303-d14795597-Reviews-Tay_An_Temple-Chau_Doc_An_Giang_Province.html,11,tripadvisor_vn
Lễ hội Bà Chúa Xứ,Sự kiện văn hóa,An Giang,https://www.tripadvisor.com.vn/Attraction_Review-g311303-d10020704-Reviews-Ba_Chua_Xu_Temple_Festival-Chau_Doc_An_Giang_Province.html,12,tripadvisor_vn
Tượng đài Tôn Đức Thắng,Đài kỷ niệm & tượng,An Giang,https://www.tripadvisor.com.vn/Attraction_Review-g1627698-d13416465-Reviews-Ton_Duc_Thang_Statue-Long_Xuyen_An_Giang_Province.html,13,tripadvisor_vn
Chau Phu Temple,Địa điểm tôn giáo,An Giang,https://www.tripadvisor.com.vn/Attraction_Review-g311303-d2614549-Reviews-Chau_Phu_Temple-Chau_Doc_An_Giang_Province.html,14,tripadvisor_vn
Mubarak Mosque,Điểm thu hút khách tham quan & thắng cảnh,An Giang,https://www.tripadvisor.com.vn/Attraction_Review-g311303-d6200498-Reviews-Mubarak_Mosque-Chau_Doc_An_Giang_Province.html,15,tripadvisor_vn
Nhà Thờ Chánh Toà Long Xuyên,Nhà thờ & nhà thờ lớn,An Giang,https://www.tripadvisor.com.vn/Attraction_Review-g1627698-d13416527-Reviews-Long_Xuyen_Cathedral-Long_Xuyen_An_Giang_Province.html,16,tripadvisor_vn
Thánh Đường Hồi Giáo Masjid Al Ehsan,Địa điểm tôn giáo,An Giang,https://www.tripadvisor.com.vn/Attraction_Review-g311303-d12257625-Reviews-Mosque_Masjid_Al_Ehsan-Chau_Doc_An_Giang_Province.html,18,tripadvisor_vn
Chùa Quảng Tế,Địa điểm tôn giáo,An Giang,https://www.tripadvisor.com.vn/Attraction_Review-g1627698-d12189904-Reviews-Quang_Te_Pagoda-Long_Xuyen_An_Giang_Province.html,19,tripadvisor_vn
Lăng Thoại Ngọc Hầu,Địa điểm lịch sử,An Giang,https://www.tripadvisor.com.vn/Attraction_Review-g311303-d14795621-Reviews-Thoai_Ngoc_Hau_Tomb-Chau_Doc_An_Giang_Province.html,20,tripadvisor_vn
Thánh Đường Hồi giáo Jamiul-azhar,Địa điểm tôn giáo,An Giang,https://www.tripadvisor.com.vn/Attraction_Review-g311303-d12257613-Reviews-Mosque_Jamiul_Azhar-Chau_Doc_An_Giang_Province.html,21,tripadvisor_vn
Chùa Phước Thạnh,Địa điểm tôn giáo,An Giang,https://www.tripadvisor.com.vn/Attraction_Review-g1627698-d12199366-Reviews-Phuoc_Thanh_Pagoda-Long_Xuyen_An_Giang_Province.html,22,tripadvisor_vn
Cầu Vĩnh Ngươn,Cầu,An Giang,https://www.tripadvisor.com.vn/Attraction_Review-g311303-d14795651-Reviews-Vinh_Nguon_Bridge-Chau_Doc_An_Giang_Province.html,23,tripadvisor_vn
Tịnh Xá Ngọc Châu,Địa điểm tôn giáo,An Giang,https://www.tripadvisor.com.vn/Attraction_Review-g311303-d15776412-Reviews-Tinh_Xa_Ngoc_Chau-Chau_Doc_An_Giang_Province.html,24,tripadvisor_vn
Trại Cá Sấu Long Xuyên,Sở thú,An Giang,https://www.tripadvisor.com.vn/Attraction_Review-g1627698-d6519260-Reviews-Blue_Sky_Crocodile_Land_Long_Xuyen_Crocodile-Long_Xuyen_An_Giang_Province.html,25,tripadvisor_vn
Bảo Tàng Chủ Tịch Tôn Đức Thắng,Viện bảo tàng lịch sử,An Giang,https://www.tripadvisor.com.vn/Attraction_Review-g1627698-d14795544-Reviews-President_Ton_Duc_Thang_Memorial_Zone-Long_Xuyen_An_Giang_Province.html,26,tripadvisor_vn
Núi Cô Tô,Núi,An Giang,https://www.tripadvisor.com.vn/Attraction_Review-g2145099-d18969993-Reviews-Nui_Co_To-An_Giang_Province.html,27,tripadvisor_vn
Bồ Đề Đạo Tràng,Địa điểm tôn giáo,An Giang,https://www.tripadvisor.com.vn/Attraction_Review-g311303-d14795686-Reviews-Bo_De_Dao_Trang-Chau_Doc_An_Giang_Province.html,28,tripadvisor_vn
Trần Anh Châu Đốc,Khu liên hợp thể thao,An Giang,https://www.tripadvisor.com.vn/Attraction_Review-g311303-d23801141-Reviews-Tr_n_Anh_Chau_D_c-Chau_Doc_An_Giang_Province.html,29,tripadvisor_vn
Chùa Phật Lớn,Địa điểm tôn giáo,An Giang,https://www.tripadvisor.com.vn/Attraction_Review-g14776289-d16913914-Reviews-Big_Buddha_Temple-Tinh_Bien_An_Giang_Province.html,30,tripadvisor_vn
Chau Doc Food Market,Cửa hàng đặc sản & cửa hàng quà tặng • Vùng nước,An Giang,https://www.tripadvisor.com.vn/Attraction_Review-g311303-d7939827-Reviews-Chau_Doc_Food_Market-Chau_Doc_An_Giang_Province.html,32,tripadvisor_vn
Ms San Tours,Chuyến tham quan ngắm cảnh,An Giang,https://www.tripadvisor.com.vn/Attraction_Review-g311303-d2553625-Reviews-Ms_San_Tours-Chau_Doc_An_Giang_Province.html,33,tripadvisor_vn
Chùa Vạn Linh,Núi,An Giang,https://www.tripadvisor.com.vn/Attraction_Review-g14776289-d28155297-Reviews-Chua_V_n_Linh-Tinh_Bien_An_Giang_Province.html,34,tripadvisor_vn
Chợ Châu Đốc,Cửa hàng đặc sản & cửa hàng quà tặng,An Giang,https://www.tripadvisor.com.vn/Attraction_Review-g311303-d7339863-Reviews-Chau_Doc_Market-Chau_Doc_An_Giang_Province.html,35,tripadvisor_vn
Cánh Đồng Tà Pạ,Hình thái địa chất,An Giang,https://www.tripadvisor.com.vn/Attraction_Review-g28210707-d28159865-Reviews-Canh_D_ng_Ta_P-Nui_To_An_Giang_Province.html,36,tripadvisor_vn
Maitreya Buddha Statue,Địa điểm tôn giáo,An Giang,https://www.tripadvisor.com.vn/Attraction_Review-g14776289-d32699749-Reviews-Maitreya_Buddha_Statue-Tinh_Bien_An_Giang_Province.html,37,tripadvisor_vn
Alden Travel,Chuyến tham quan văn hóa • Chuyến tham quan bằng xe đạp,An Giang,https://www.tripadvisor.com.vn/Attraction_Review-g311303-d15208378-Reviews-Alden_Travel-Chau_Doc_An_Giang_Province.html,38,tripadvisor_vn
Spa at Victoria Chau Doc Resort,Spa,An Giang,https://www.tripadvisor.com.vn/Attraction_Review-g311303-d4225751-Reviews-Spa_at_Victoria_Chau_Doc_Resort-Chau_Doc_An_Giang_Province.html,39,tripadvisor_vn
Mekong River,Vùng nước • Chuyến tham quan bằng thuyền,An Giang,https://www.tripadvisor.com.vn/Attraction_Review-g1627698-d325305-Reviews-Mekong_River-Long_Xuyen_An_Giang_Province.html,40,tripadvisor_vn
Cafe Sing And Dance Together - Kim Ngan,Quầy bar karaoke,An Giang,https://www.tripadvisor.com.vn/Attraction_Review-g311303-d24979790-Reviews-Cafe_Sing_And_Dance_Together_Kim_Ngan-Chau_Doc_An_Giang_Province.html,41,tripadvisor_vn
Hồng Ngọc Silk,Cửa hàng đặc sản & cửa hàng quà tặng,An Giang,https://www.tripadvisor.com.vn/Attraction_Review-g15220838-d9996361-Reviews-Hong_Ngoc_Silk-Long_Chau_An_Giang_Province.html,42,tripadvisor_vn
Compass Cafe Bar,Quán bar & câu lạc bộ,An Giang,https://www.tripadvisor.com.vn/Attraction_Review-g1627698-d27486360-Reviews-Compass_Cafe_Bar-Long_Xuyen_An_Giang_Province.html,43,tripadvisor_vn
Kuda Travel,Chuyến tham quan bằng xe đạp • Chuyến tham quan đi dạo,An Giang,https://www.tripadvisor.com.vn/Attraction_Review-g1627698-d33094271-Reviews-Kuda_Travel-Long_Xuyen_An_Giang_Province.html,44,tripadvisor_vn
Jenspa & Cosmetics,Spa,An Giang,https://www.tripadvisor.com.vn/Attraction_Review-g311303-d25306383-Reviews-Jenspa_Cosmetics-Chau_Doc_An_Giang_Province.html,45,tripadvisor_vn
Mekong delta Ecotours,Taxi & xe đưa đón,An Giang,https://www.tripadvisor.com.vn/Attraction_Review-g311303-d26642772-Reviews-Mekong_delta_Ecotours-Chau_Doc_An_Giang_Province.html,46,tripadvisor_vn
Mỡ Corner - Handmade leather,Cửa hàng đặc sản & cửa hàng quà tặng,An Giang,https://www.tripadvisor.com.vn/Attraction_Review-g311303-d24982652-Reviews-M_Corner_Handmade_leather-Chau_Doc_An_Giang_Province.html,47,tripadvisor_vn
Tàu cao tốc Cam Việt,Chuyến tham quan bằng thuyền • Phà,An Giang,https://www.tripadvisor.com.vn/Attraction_Review-g311303-d10117306-Reviews-Mandarin_Cruises-Chau_Doc_An_Giang_Province.html,48,tripadvisor_vn
Global By Bike,Tour thăm quan thành phố • Chuyến tham quan bằng xe đạp,An Giang,https://www.tripadvisor.com.vn/Attraction_Review-g1627698-d34103429-Reviews-Global_By_Bike-Long_Xuyen_An_Giang_Province.html,49,tripadvisor_vn
Philip Beauty & Spa,Spa,An Giang,https://www.tripadvisor.com.vn/Attraction_Review-g1627698-d19758231-Reviews-Philip_Beauty_Spa-Long_Xuyen_An_Giang_Province.html,50,tripadvisor_vn
Nize Spa,Spa,An Giang,https://www.tripadvisor.com.vn/Attraction_Review-g311303-d32894769-Reviews-Nize_Spa-Chau_Doc_An_Giang_Province.html,51,tripadvisor_vn
Yen's Tour,Chuyến tham quan bằng xe đạp • Chuyến tham quan bằng thuyền,An Giang,https://www.tripadvisor.com.vn/Attraction_Review-g1627698-d15750042-Reviews-Yen_s_Tour-Long_Xuyen_An_Giang_Province.html,52,tripadvisor_vn
Victoria Experience,Chuyến tham quan nhiều ngày • Chuyến tham quan bằng thuyền,An Giang,https://www.tripadvisor.com.vn/Attraction_Review-g311303-d15269991-Reviews-Victoria_Experience-Chau_Doc_An_Giang_Province.html,53,tripadvisor_vn
Khu Sinh Thái Châu Đốc,Trung tâm du lịch • Công viên giải trí & công viên chủ đề,An Giang,https://www.tripadvisor.com.vn/Attraction_Review-g311303-d34125134-Reviews-Khu_Sinh_Thai_Chau_D_c-Chau_Doc_An_Giang_Province.html,54,tripadvisor_vn
Maika Tours - Mekong Delta,Tour thăm quan thành phố • Chuyến tham quan nhiều ngày,An Giang,https://www.tripadvisor.com.vn/Attraction_Review-g311303-d28545918-Reviews-Maika_Tours_Mekong_Delta-Chau_Doc_An_Giang_Province.html,55,tripadvisor_vn
Khu Du lịch Cồn Én An Giang - Lugar Group (The Lugar Group),Chuyến tham quan sinh thái • Chuyến tham quan ngắm cảnh,An Giang,https://www.tripadvisor.com.vn/Attraction_Review-g2145099-d28187761-Reviews-Khu_Du_l_ch_C_n_En_An_Giang_Lugar_Group_The_Lugar_Group-An_Giang_Province.html,56,tripadvisor_vn
Mandarin Cruises,Chèo xuồng & ngồi phao trên sông • Chuyến tham quan bằng thuyền,An Giang,https://www.tripadvisor.com.vn/Attraction_Review-g311303-d32968803-Reviews-Mandarin_Cruises-Chau_Doc_An_Giang_Province.html,57,tripadvisor_vn
Vietnam Travel,Chuyến tham quan nhiều ngày • Chuyến tham quan bằng xe đạp,An Giang,https://www.tripadvisor.com.vn/Attraction_Review-g311303-d33964289-Reviews-Vietnam_Travel-Chau_Doc_An_Giang_Province.html,58,tripadvisor_vn
Heritage Line,Chuyến tham quan nhiều ngày,An Giang,https://www.tripadvisor.com.vn/Attraction_Review-g1627698-d25335023-Reviews-Heritage_Line-Long_Xuyen_An_Giang_Province.html,59,tripadvisor_vn
Làng gốm Phù Lãng,Điểm thu hút khách tham quan & thắng cảnh,Bac Ninh,https://www.tripadvisor.com.vn/Attraction_Review-g2082662-d7339865-Reviews-Phu_Lang_Pottery_Village-Bac_Ninh_Bac_Ninh_Province.html,1,tripadvisor_vn
Chùa Dâu,Địa điểm tôn giáo,Bac Ninh,https://www.tripadvisor.com.vn/Attraction_Review-g2082662-d8627375-Reviews-Dau_Pagoda-Bac_Ninh_Bac_Ninh_Province.html,2,tripadvisor_vn
Chùa Phật Tích,Địa điểm tôn giáo,Bac Ninh,https://www.tripadvisor.com.vn/Attraction_Review-g2082662-d14074259-Reviews-Phat_Tich_Temple-Bac_Ninh_Bac_Ninh_Province.html,3,tripadvisor_vn
Đền Bà Chúa Kho,Địa điểm tôn giáo,Bac Ninh,https://www.tripadvisor.com.vn/Attraction_Review-g2082662-d16695629-Reviews-Ba_Chua_Kho_Temple-Bac_Ninh_Bac_Ninh_Province.html,4,tripadvisor_vn
Đền Giếng (Đền Cùng - Giếng Ngọc),Địa điểm tôn giáo,Bac Ninh,https://www.tripadvisor.com.vn/Attraction_Review-g2082662-d12368489-Reviews-Gieng_Temple-Bac_Ninh_Bac_Ninh_Province.html,5,tripadvisor_vn
Đền Lý Bát Đế,Địa điểm tôn giáo,Bac Ninh,https://www.tripadvisor.com.vn/Attraction_Review-g2082662-d15850086-Reviews-Ly_Bat_De_Shrine-Bac_Ninh_Bac_Ninh_Province.html,6,tripadvisor_vn
Imi Farm,Nông trại,Bac Ninh,https://www.tripadvisor.com.vn/Attraction_Review-g2082662-d32696726-Reviews-Imi_Farm-Bac_Ninh_Bac_Ninh_Province.html,7,tripadvisor_vn
Cheon An Barbershop,Đang mở cửa,Bac Ninh,https://www.tripadvisor.com.vn/Attraction_Review-g2082662-d27981764-Reviews-Cheon_An_Barbershop-Bac_Ninh_Bac_Ninh_Province.html,8,tripadvisor_vn
Grow nail,Spa,Bac Ninh,https://www.tripadvisor.com.vn/Attraction_Review-g2082662-d34343315-Reviews-Grow_nail-Bac_Ninh_Bac_Ninh_Province.html,9,tripadvisor_vn
"Hanoi transfer to Tam Coc , Ninh Binh ( Private car )",Taxi & xe đưa đón,Bac Ninh,https://www.tripadvisor.com.vn/Attraction_Review-g2082662-d28041322-Reviews-Hanoi_transfer_to_Tam_Coc_Ninh_Binh_Private_car-Bac_Ninh_Bac_Ninh_Province.html,10,tripadvisor_vn
174 Lý Đạo Thành- Ninh Xá- Bắc Ninh,Spa,Bac Ninh,https://www.tripadvisor.com.vn/Attraction_Review-g2082662-d27100945-Reviews-174_Ly_D_o_Thanh_Ninh_Xa_B_c_Ninh-Bac_Ninh_Bac_Ninh_Province.html,11,tripadvisor_vn
Century 14 Bar.,Quán bar & câu lạc bộ,Bac Ninh,https://www.tripadvisor.com.vn/Attraction_Review-g2082662-d27520348-Reviews-Century_14_Bar-Bac_Ninh_Bac_Ninh_Province.html,12,tripadvisor_vn
Mộc Hương Thảo Dưỡng Sinh Đông Y Số 1 Bắc Ninh,Spa,Bac Ninh,https://www.tripadvisor.com.vn/Attraction_Review-g2082662-d28251440-Reviews-M_c_Huong_Thao_Duong_Sinh_Dog_Y_So_1_Bac_Ninh-Bac_Ninh_Bac_Ninh_Province.html,13,tripadvisor_vn
Yin district,Quán bar & câu lạc bộ,Bac Ninh,https://www.tripadvisor.com.vn/Attraction_Review-g2082662-d33952273-Reviews-Yin_district-Bac_Ninh_Bac_Ninh_Province.html,14,tripadvisor_vn
Linh Trần Spa,Spa,Bac Ninh,https://www.tripadvisor.com.vn/Attraction_Review-g2082662-d23310673-Reviews-Linh_Tr_n_Spa-Bac_Ninh_Bac_Ninh_Province.html,15,tripadvisor_vn
GoviHair Best Wholesale Vietnamese Hair Factory,Cửa hàng đặc sản & cửa hàng quà tặng,Bac Ninh,https://www.tripadvisor.com.vn/Attraction_Review-g2082662-d33095640-Reviews-GoviHair_Best_Wholesale_Vietnamese_Hair_Factory-Bac_Ninh_Bac_Ninh_Province.html,16,tripadvisor_vn
Phu Lang Pottery Workshop & Cultural Experience,Buổi học & hội thảo,Bac Ninh,https://www.tripadvisor.com.vn/Attraction_Review-g2082662-d34666870-Reviews-Phu_Lang_Pottery_Workshop_Cultural_Experience-Bac_Ninh_Bac_Ninh_Province.html,18,tripadvisor_vn
Thẩm Mỹ Viện Thúy Hạnh,Spa,Bac Ninh,https://www.tripadvisor.com.vn/Attraction_Review-g2082662-d25248816-Reviews-Th_m_M_Vi_n_Thuy_H_nh-Bac_Ninh_Bac_Ninh_Province.html,19,tripadvisor_vn
Lotus Charm Travel,Chuyến tham quan nhiều ngày • Chuyến tham quan văn hóa,Bac Ninh,https://www.tripadvisor.com.vn/Attraction_Review-g2082662-d34041301-Reviews-Lotus_Charm_Travel-Bac_Ninh_Bac_Ninh_Province.html,20,tripadvisor_vn
Viet village tours,Chuyến đi trong ngày,Bac Ninh,https://www.tripadvisor.com.vn/Attraction_Review-g2082662-d19449315-Reviews-Viet_village_tours-Bac_Ninh_Bac_Ninh_Province.html,21,tripadvisor_vn
Stillwater Spa,Chuyến đi trong ngày,Bac Ninh,https://www.tripadvisor.com.vn/Attraction_Review-g2082662-d19805903-Reviews-Stillwater_Spa-Bac_Ninh_Bac_Ninh_Province.html,22,tripadvisor_vn
Athen Legend Spa,Nếm bia & tham quan,Bac Ninh,https://www.tripadvisor.com.vn/Attraction_Review-g2082662-d21139927-Reviews-Athen_Legend_Spa-Bac_Ninh_Bac_Ninh_Province.html,23,tripadvisor_vn
Vionis Travel,Chuyến tham quan nhiều ngày • Chuyến tham quan văn hóa,Bac Ninh,https://www.tripadvisor.com.vn/Attraction_Review-g2082662-d34692188-Reviews-Vionis_Travel-Bac_Ninh_Bac_Ninh_Province.html,24,tripadvisor_vn
Mui Ca Mau,Điểm thu hút khách tham quan & thắng cảnh,Ca Mau,https://www.tripadvisor.com.vn/Attraction_Review-g1568668-d6739413-Reviews-Mui_Ca_Mau-Ca_Mau_Ca_Mau_Province_Mekong_Delta.html,1,tripadvisor_vn
Công viên Văn hóa - Du lịch Mũi Cà Mau,Công viên bảo tồn quốc gia • Bãi biển,Ca Mau,https://www.tripadvisor.com.vn/Attraction_Review-g1568668-d8540457-Reviews-Ca_Mau_Culture_Tourism_Park-Ca_Mau_Ca_Mau_Province_Mekong_Delta.html,2,tripadvisor_vn
Khu Tưởng niệm Chủ tịch Hồ Chí Minh,Điểm thu hút khách tham quan & thắng cảnh • Đài kỷ niệm & tượng,Ca Mau,https://www.tripadvisor.com.vn/Attraction_Review-g1568668-d21058714-Reviews-Khu_Tuong_Niem_Chu_Tich_Ho_Chi_Minh-Ca_Mau_Ca_Mau_Province_Mekong_Delta.html,3,tripadvisor_vn
Khu Du Lịch Khai Long,Địa điểm tôn giáo,Ca Mau,https://www.tripadvisor.com.vn/Attraction_Review-g1568668-d26209322-Reviews-Khu_Du_L_ch_Khai_Long-Ca_Mau_Ca_Mau_Province_Mekong_Delta.html,4,tripadvisor_vn
Trung Tâm Thông Tin Xúc Tiến Du Lịch Tỉnh Cà Mau,Trung tâm du lịch,Ca Mau,https://www.tripadvisor.com.vn/Attraction_Review-g1568668-d14027945-Reviews-Ca_Mau_Province_Tourism_Information_And_Promotion_Center-Ca_Mau_Ca_Mau_Province.html,5,tripadvisor_vn
Uyên - Handmade Candles & Workshop,Buổi học & hội thảo,Ca Mau,https://www.tripadvisor.com.vn/Attraction_Review-g1568668-d34680322-Reviews-Uyen_Handmade_Candles_Workshop-Ca_Mau_Ca_Mau_Province_Mekong_Delta.html,6,tripadvisor_vn
Chợ Nổi Cái Răng,Điểm thu hút khách tham quan & thắng cảnh • Chợ trời & chợ đường phố,Can Tho,https://www.tripadvisor.com.vn/Attraction_Review-g303942-d455150-Reviews-Cai_Rang_Floating_Market-Can_Tho_Mekong_Delta.html,1,tripadvisor_vn
Nhà cổ Bình Thủy,Điểm thu hút khách tham quan & thắng cảnh,Can Tho,https://www.tripadvisor.com.vn/Attraction_Review-g303942-d6973903-Reviews-Binh_Thuy_Ancient_House-Can_Tho_Mekong_Delta.html,2,tripadvisor_vn
Chùa Ông,Điểm thu hút khách tham quan & thắng cảnh,Can Tho,https://www.tripadvisor.com.vn/Attraction_Review-g303942-d6983486-Reviews-Ong_Temple-Can_Tho_Mekong_Delta.html,3,tripadvisor_vn
Cầu Cần Thơ,Cầu,Can Tho,https://www.tripadvisor.com.vn/Attraction_Review-g303942-d16656387-Reviews-Can_Tho_Bridge-Can_Tho_Mekong_Delta.html,4,tripadvisor_vn
Thiền Viện Trúc Lâm Phương Nam,Điểm thu hút khách tham quan & thắng cảnh • Tòa nhà kiến trúc,Can Tho,https://www.tripadvisor.com.vn/Attraction_Review-g303942-d8602396-Reviews-Meditation_Centre_Truc_Lam_Phuong_Nam-Can_Tho_Mekong_Delta.html,5,tripadvisor_vn
Viện Bảo Tàng của Tarot,Viện bảo tàng chuyên ngành,Can Tho,https://www.tripadvisor.com.vn/Attraction_Review-g303942-d11624355-Reviews-Museum_of_Tarot-Can_Tho_Mekong_Delta.html,6,tripadvisor_vn
Vườn Ca Cao Mười Cương,Nông trại,Can Tho,https://www.tripadvisor.com.vn/Attraction_Review-g303942-d15581608-Reviews-Muoi_Cuong_Cocoa_Farm-Can_Tho_Mekong_Delta.html,8,tripadvisor_vn
Bến Ninh Kiều,Khu vực đi dạo ngắm cảnh,Can Tho,https://www.tripadvisor.com.vn/Attraction_Review-g303942-d16121214-Reviews-Ninh_Kieu_Wharf-Can_Tho_Mekong_Delta.html,9,tripadvisor_vn
Can Tho Market,Chợ nông sản,Can Tho,https://www.tripadvisor.com.vn/Attraction_Review-g303942-d5866311-Reviews-Can_Tho_Market-Can_Tho_Mekong_Delta.html,10,tripadvisor_vn
Chợ Đêm Tây Đô,Chợ trời & chợ đường phố,Can Tho,https://www.tripadvisor.com.vn/Attraction_Review-g303942-d8095256-Reviews-Tay_Do_Night_Market-Can_Tho_Mekong_Delta.html,11,tripadvisor_vn
Phố Đi Bộ Hai Bà Trưng,Điểm thu hút khách tham quan & thắng cảnh,Can Tho,https://www.tripadvisor.com.vn/Attraction_Review-g303942-d12231604-Reviews-Hai_Ba_Trung_Street-Can_Tho_Mekong_Delta.html,12,tripadvisor_vn
Munirangsyaram Pagoda,Tòa nhà kiến trúc • Địa điểm tôn giáo,Can Tho,https://www.tripadvisor.com.vn/Attraction_Review-g303942-d8305188-Reviews-Munirangsyaram_Pagoda-Can_Tho_Mekong_Delta.html,13,tripadvisor_vn
Bảo tàng Cần Thơ,Điểm thu hút khách tham quan & thắng cảnh,Can Tho,https://www.tripadvisor.com.vn/Attraction_Review-g303942-d7305654-Reviews-Can_Tho_Museum-Can_Tho_Mekong_Delta.html,14,tripadvisor_vn
Quang Duc Pagoda,Điểm thu hút khách tham quan & thắng cảnh • Địa điểm tôn giáo,Can Tho,https://www.tripadvisor.com.vn/Attraction_Review-g303942-d4831701-Reviews-Quang_Duc_Pagoda-Can_Tho_Mekong_Delta.html,15,tripadvisor_vn
Vincom Plaza Xuan Khanh,Trung tâm mua sắm,Can Tho,https://www.tripadvisor.com.vn/Attraction_Review-g303942-d32759799-Reviews-Vincom_Plaza_Xuan_Khanh-Can_Tho_Mekong_Delta.html,16,tripadvisor_vn
Cá lóc bay Tín Hoà,Nông trại,Can Tho,https://www.tripadvisor.com.vn/Attraction_Review-g303942-d18996550-Reviews-Snakehead_Flying_Fish-Can_Tho_Mekong_Delta.html,17,tripadvisor_vn
Bảo Tàng Quân Khu 9,Viện bảo tàng lịch sử,Can Tho,https://www.tripadvisor.com.vn/Attraction_Review-g303942-d14796336-Reviews-Bao_Tang_Quan_Khu_9-Can_Tho_Mekong_Delta.html,18,tripadvisor_vn
Tượng Đài Hồ Chí Minh,Đài kỷ niệm & tượng,Can Tho,https://www.tripadvisor.com.vn/Attraction_Review-g303942-d15871940-Reviews-Ho_Chi_Minh_Monument-Can_Tho_Mekong_Delta.html,19,tripadvisor_vn
Biển Cần Thơ,Bãi biển,Can Tho,https://www.tripadvisor.com.vn/Attraction_Review-g303942-d8598730-Reviews-Can_Tho_Beach-Can_Tho_Mekong_Delta.html,20,tripadvisor_vn
Nha tho Chinh Toa Can Tho,Địa điểm tôn giáo • Nhà thờ & nhà thờ lớn,Can Tho,https://www.tripadvisor.com.vn/Attraction_Review-g303942-d11435988-Reviews-Nha_tho_Chinh_Toa_Can_Tho-Can_Tho_Mekong_Delta.html,21,tripadvisor_vn
Chợ Cần Thơ,Chợ trời & chợ đường phố,Can Tho,https://www.tripadvisor.com.vn/Attraction_Review-g303942-d17537409-Reviews-Can_Tho_Market-Can_Tho_Mekong_Delta.html,22,tripadvisor_vn
Nhà Thờ An Hòa,Điểm thu hút khách tham quan & thắng cảnh • Nhà thờ & nhà thờ lớn,Can Tho,https://www.tripadvisor.com.vn/Attraction_Review-g303942-d12415913-Reviews-An_Hoa_Church-Can_Tho_Mekong_Delta.html,23,tripadvisor_vn
"May Xưa Spa 2 - Massage Toàn Thân & Chân, Xông Hơi",Spa,Can Tho,https://www.tripadvisor.com.vn/Attraction_Review-g303942-d33372413-Reviews-May_Xua_Spa_2_Body_Foot_Massage_Sauna-Can_Tho_Mekong_Delta.html,24,tripadvisor_vn
Cầu Đi Bộ Bến Ninh Kiều,Cầu • Khu vực đi dạo ngắm cảnh,Can Tho,https://www.tripadvisor.com.vn/Attraction_Review-g303942-d16122794-Reviews-Cau_Di_Bo_Ben_Ninh_Kieu-Can_Tho_Mekong_Delta.html,25,tripadvisor_vn
Chùa Phật Học,Địa điểm tôn giáo,Can Tho,https://www.tripadvisor.com.vn/Attraction_Review-g303942-d14796248-Reviews-Phat_Hoc_Pagoda-Can_Tho_Mekong_Delta.html,26,tripadvisor_vn
"May Xua Spa Body - Foot Massage, Nourishing Hair Wash",Spa,Can Tho,https://www.tripadvisor.com.vn/Attraction_Review-g303942-d27119429-Reviews-May_Xua_Spa_Can_Tho_Nourishing_Hair_Wash_Body_And_Foot_Massage-Can_Tho_Mekong_De.html,27,tripadvisor_vn
Tham Tuong Church,Nhà thờ & nhà thờ lớn,Can Tho,https://www.tripadvisor.com.vn/Attraction_Review-g303942-d4832225-Reviews-Tham_Tuong_Church-Can_Tho_Mekong_Delta.html,28,tripadvisor_vn
Mekong Foot & Body Massage,Spa,Can Tho,https://www.tripadvisor.com.vn/Attraction_Review-g303942-d11750615-Reviews-Mekong_Foot_Body_Massage-Can_Tho_Mekong_Delta.html,29,tripadvisor_vn
Trường Xuân Cung,Spa,Can Tho,https://www.tripadvisor.com.vn/Attraction_Review-g303942-d27099360-Reviews-Tru_ng_Xuan_Cung-Can_Tho_Mekong_Delta.html,30,tripadvisor_vn
Chùa Thới Long Cổ Tự,Địa điểm tôn giáo,Can Tho,https://www.tripadvisor.com.vn/Attraction_Review-g303942-d12257677-Reviews-Thoi_Long_Co_Tu_Pagoda-Can_Tho_Mekong_Delta.html,31,tripadvisor_vn
Khám Lớn Cần Thơ,Địa điểm lịch sử,Can Tho,https://www.tripadvisor.com.vn/Attraction_Review-g303942-d15855141-Reviews-Kham_Lon_Can_Tho-Can_Tho_Mekong_Delta.html,32,tripadvisor_vn
Tin Lanh Baptist Church,Nhà thờ & nhà thờ lớn,Can Tho,https://www.tripadvisor.com.vn/Attraction_Review-g303942-d4832223-Reviews-Tin_Lanh_Baptist_Church-Can_Tho_Mekong_Delta.html,34,tripadvisor_vn
Pitu Khosa Rangsay,Địa điểm tôn giáo,Can Tho,https://www.tripadvisor.com.vn/Attraction_Review-g303942-d12189783-Reviews-Pitu_Khosa_Rangsay-Can_Tho_Mekong_Delta.html,35,tripadvisor_vn
Chợ Xuân Khánh,Chợ nông sản,Can Tho,https://www.tripadvisor.com.vn/Attraction_Review-g303942-d13170138-Reviews-Cho_Xuan_Khanh-Can_Tho_Mekong_Delta.html,36,tripadvisor_vn
Bang Lang Stork Sanctuary,Khu vực tự nhiên & động vật hoang dã,Can Tho,https://www.tripadvisor.com.vn/Attraction_Review-g303942-d15614805-Reviews-Bang_Lang_Stork_Sanctuary-Can_Tho_Mekong_Delta.html,37,tripadvisor_vn
Mekong Realism,Chuyến tham quan bằng xe đạp • Chuyến tham quan bằng thuyền,Can Tho,https://www.tripadvisor.com.vn/Attraction_Review-g303942-d16942661-Reviews-Mekong_Realism-Can_Tho_Mekong_Delta.html,38,tripadvisor_vn
Cai Rang Floating Market,Chợ trời & chợ đường phố,Can Tho,https://www.tripadvisor.com.vn/Attraction_Review-g303942-d27492992-Reviews-Cai_Rang_Floating_Market-Can_Tho_Mekong_Delta.html,39,tripadvisor_vn
Nụ Cười Mê Kông,Chuyến tham quan văn hóa • Chuyến tham quan bằng xe đạp,Can Tho,https://www.tripadvisor.com.vn/Attraction_Review-g303942-d12314796-Reviews-N_Cu_i_Me_Kong-Can_Tho_Mekong_Delta.html,41,tripadvisor_vn
tiNiWorld,Sân chơi • Trung tâm trò chơi & giải trí,Can Tho,https://www.tripadvisor.com.vn/Attraction_Review-g303942-d9996428-Reviews-TiNiWorld-Can_Tho_Mekong_Delta.html,42,tripadvisor_vn
Fabulous Mekong Eco Tours,Chuyến tham quan văn hóa • Chuyến tham quan bằng xe đạp,Can Tho,https://www.tripadvisor.com.vn/Attraction_Review-g303942-d14124363-Reviews-Fabulous_Mekong_Eco_Tours-Can_Tho_Mekong_Delta.html,43,tripadvisor_vn
Chùa Bảo An,Địa điểm tôn giáo,Can Tho,https://www.tripadvisor.com.vn/Attraction_Review-g303942-d14796256-Reviews-Bao_An_Pagoda-Can_Tho_Mekong_Delta.html,44,tripadvisor_vn
Lang Chai Thom Rom,Nông trại,Can Tho,https://www.tripadvisor.com.vn/Attraction_Review-g303942-d25329474-Reviews-Lang_Chai_Thom_Rom-Can_Tho_Mekong_Delta.html,45,tripadvisor_vn
Pattaya Thai Spa Cần Thơ,Spa,Can Tho,https://www.tripadvisor.com.vn/Attraction_Review-g303942-d28012326-Reviews-Pattaya_Thai_Spa_C_n_Tho-Can_Tho_Mekong_Delta.html,46,tripadvisor_vn
Tiny Corner Cafe,Quán bar & câu lạc bộ • Quán cà phê,Can Tho,https://www.tripadvisor.com.vn/Attraction_Review-g303942-d3144740-Reviews-Tiny_Corner_Cafe-Can_Tho_Mekong_Delta.html,47,tripadvisor_vn
Can Tho Floating Market,Chợ trời & chợ đường phố,Can Tho,https://www.tripadvisor.com.vn/Attraction_Review-g303942-d27498423-Reviews-Can_Tho_Floating_Market-Can_Tho_Mekong_Delta.html,48,tripadvisor_vn
Làng Du Lịch Ông Đề,Trung tâm trò chơi & giải trí,Can Tho,https://www.tripadvisor.com.vn/Attraction_Review-g303942-d14961422-Reviews-Lang_Du_Lich_Ong_De-Can_Tho_Mekong_Delta.html,50,tripadvisor_vn
Trượt Băng Vincom,Trung tâm trò chơi & giải trí,Can Tho,https://www.tripadvisor.com.vn/Attraction_Review-g303942-d12231627-Reviews-Vincom_Ice_Rink-Can_Tho_Mekong_Delta.html,51,tripadvisor_vn
Can Tho Touring with Susan,Chuyến tham quan văn hóa • Chuyến tham quan bằng thuyền,Can Tho,https://www.tripadvisor.com.vn/Attraction_Review-g303942-d12631812-Reviews-Can_Tho_Touring_with_Susan-Can_Tho_Mekong_Delta.html,53,tripadvisor_vn
Sen River Spa Cần Thơ,Spa • Spa nước nóng,Can Tho,https://www.tripadvisor.com.vn/Attraction_Review-g303942-d14086630-Reviews-Sen_River_Spa_Can_Tho-Can_Tho_Mekong_Delta.html,54,tripadvisor_vn
Phong Dien Floating Market,Cửa hàng đặc sản & cửa hàng quà tặng,Can Tho,https://www.tripadvisor.com.vn/Attraction_Review-g303942-d5860275-Reviews-Phong_Dien_Floating_Market-Can_Tho_Mekong_Delta.html,55,tripadvisor_vn
Homey Travel,Chuyến tham quan nhiều ngày • Chuyến tham quan bằng xe đạp,Can Tho,https://www.tripadvisor.com.vn/Attraction_Review-g303942-d33967378-Reviews-Homey_Travel-Can_Tho_Mekong_Delta.html,56,tripadvisor_vn
Tombeau de M. Ham Huynh Ky,Điểm thu hút khách tham quan & thắng cảnh,Can Tho,https://www.tripadvisor.com.vn/Attraction_Review-g303942-d34120283-Reviews-Tombeau_de_M_Ham_Huynh_Ky-Can_Tho_Mekong_Delta.html,57,tripadvisor_vn
Mekong By Local,Chuyến tham quan nhiều ngày • Chuyến tham quan văn hóa,Can Tho,https://www.tripadvisor.com.vn/Attraction_Review-g303942-d24985007-Reviews-Mekong_By_Local-Can_Tho_Mekong_Delta.html,58,tripadvisor_vn
Sau Hoai's Rice Noodle Factory,Buổi học & hội thảo,Can Tho,https://www.tripadvisor.com.vn/Attraction_Review-g303942-d5011894-Reviews-Sau_Hoai_s_Rice_Noodle_Factory-Can_Tho_Mekong_Delta.html,59,tripadvisor_vn
Local Mint Travel,Chuyến tham quan nhiều ngày • Chuyến tham quan bằng xe đạp,Can Tho,https://www.tripadvisor.com.vn/Attraction_Review-g303942-d26817873-Reviews-Local_Mint_Travel-Can_Tho_Mekong_Delta.html,60,tripadvisor_vn
"Hieutour Vietnam Investment Co., Ltd",Tour thăm quan thành phố • Chuyến tham quan nhiều ngày,Can Tho,https://www.tripadvisor.com.vn/Attraction_Review-g303942-d8468536-Reviews-Hieutour_Vietnam_Investment_Co_Ltd-Can_Tho_Mekong_Delta.html,61,tripadvisor_vn
Toby's Mekong Tours,Chuyến tham quan bằng xe đạp • Chuyến tham quan bằng thuyền,Can Tho,https://www.tripadvisor.com.vn/Attraction_Review-g303942-d19476683-Reviews-Toby_s_Mekong_Tours-Can_Tho_Mekong_Delta.html,62,tripadvisor_vn
Can Tho River Tour,Chuyến tham quan bằng xe đạp • Chuyến tham quan bằng thuyền,Can Tho,https://www.tripadvisor.com.vn/Attraction_Review-g303942-d12703451-Reviews-Can_Tho_River_Tour-Can_Tho_Mekong_Delta.html,63,tripadvisor_vn
Jump Arena,Trung tâm trò chơi & giải trí,Can Tho,https://www.tripadvisor.com.vn/Attraction_Review-g303942-d15236898-Reviews-Jump_Arena-Can_Tho_Mekong_Delta.html,64,tripadvisor_vn
GONY Spa Cafe Lounge,Spa,Can Tho,https://www.tripadvisor.com.vn/Attraction_Review-g303942-d2178399-Reviews-GONY_Spa_Cafe_Lounge-Can_Tho_Mekong_Delta.html,65,tripadvisor_vn
KQ Massage Tây Nam,Spa,Can Tho,https://www.tripadvisor.com.vn/Attraction_Review-g303942-d8300450-Reviews-KQ_Massage_Tay_Nam-Can_Tho_Mekong_Delta.html,66,tripadvisor_vn
Camellia Spa,Spa,Can Tho,https://www.tripadvisor.com.vn/Attraction_Review-g303942-d33972382-Reviews-Camellia_Spa-Can_Tho_Mekong_Delta.html,67,tripadvisor_vn
Dusk Till Dawn,Quán bar & câu lạc bộ,Can Tho,https://www.tripadvisor.com.vn/Attraction_Review-g303942-d26589233-Reviews-Dusk_Till_Dawn-Can_Tho_Mekong_Delta.html,68,tripadvisor_vn
Tiệm Xăm Biết Vẽ - V'manbun Tattoo,Xưởng vẽ & làm đồ gốm • Phòng trưng bày nghệ thuật,Can Tho,https://www.tripadvisor.com.vn/Attraction_Review-g303942-d31587338-Reviews-Ti_m_Xam_Bi_t_V_V_manbun-Can_Tho_Mekong_Delta.html,69,tripadvisor_vn
Victoria Mekong Cruises,Chuyến tham quan nhiều ngày • Khu vực đi dạo tham quan di tích lịch sử,Can Tho,https://www.tripadvisor.com.vn/Attraction_Review-g303942-d19415145-Reviews-Victoria_Mekong_Cruises-Can_Tho_Mekong_Delta.html,70,tripadvisor_vn
Kathy Home Spa,Spa,Can Tho,https://www.tripadvisor.com.vn/Attraction_Review-g303942-d17632092-Reviews-Kathy_Home_Spa-Can_Tho_Mekong_Delta.html,71,tripadvisor_vn
Mekong Rustic Can Tho Hideaway,Chuyến tham quan bằng xe đạp • Chuyến tham quan bằng thuyền,Can Tho,https://www.tripadvisor.com.vn/Attraction_Review-g303942-d8250479-Reviews-Mekong_Rustic_Can_Tho_Hideaway-Can_Tho_Mekong_Delta.html,72,tripadvisor_vn
Sunday Go,Tour thăm quan thành phố • Chuyến tham quan nhiều ngày,Can Tho,https://www.tripadvisor.com.vn/Attraction_Review-g303942-d29614675-Reviews-Sunday_Go-Can_Tho_Mekong_Delta.html,73,tripadvisor_vn
Explore Mekong Tours,Tour thăm quan thành phố • Chuyến tham quan bằng xe đạp,Can Tho,https://www.tripadvisor.com.vn/Attraction_Review-g303942-d6434270-Reviews-Explore_Mekong_Tours-Can_Tho_Mekong_Delta.html,74,tripadvisor_vn
Winter Spring,Tour thăm quan thành phố • Chuyến tham quan nhiều ngày,Can Tho,https://www.tripadvisor.com.vn/Attraction_Review-g303942-d15757764-Reviews-Winter_Spring-Can_Tho_Mekong_Delta.html,75,tripadvisor_vn
Bassac Mekong Cruises,Chuyến tham quan bằng thuyền,Can Tho,https://www.tripadvisor.com.vn/Attraction_Review-g303942-d1699890-Reviews-Bassac_Mekong_Cruises-Can_Tho_Mekong_Delta.html,76,tripadvisor_vn
Mekong Eyes Cruise,Chuyến tham quan văn hóa • Chuyến tham quan bằng thuyền,Can Tho,https://www.tripadvisor.com.vn/Attraction_Review-g303942-d11121335-Reviews-Mekong_Eyes_Cruise-Can_Tho_Mekong_Delta.html,77,tripadvisor_vn
Mekong Authentic Tours,Chuyến tham quan văn hóa • Chuyến tham quan sinh thái,Can Tho,https://www.tripadvisor.com.vn/Attraction_Review-g303942-d17620887-Reviews-Mekong_Authentic_Tours-Can_Tho_Mekong_Delta.html,78,tripadvisor_vn
V.I.P Massage,Spa,Can Tho,https://www.tripadvisor.com.vn/Attraction_Review-g303942-d7020472-Reviews-V_I_P_Massage-Can_Tho_Mekong_Delta.html,79,tripadvisor_vn
Eva Spa Cần Thơ,Spa,Can Tho,https://www.tripadvisor.com.vn/Attraction_Review-g303942-d28669246-Reviews-Eva_Spa_C_n_Tho-Can_Tho_Mekong_Delta.html,80,tripadvisor_vn
Tuhy Vintage Jewelry,Săn tìm đồ vật • Cửa hàng đồ cổ,Can Tho,https://www.tripadvisor.com.vn/Attraction_Review-g303942-d33444699-Reviews-Tuhy_Vintage_Jewelry-Can_Tho_Mekong_Delta.html,81,tripadvisor_vn
Nhà May Tây,Cửa hàng đặc sản & cửa hàng quà tặng,Can Tho,https://www.tripadvisor.com.vn/Attraction_Review-g303942-d15880103-Reviews-Tay_Tailor-Can_Tho_Mekong_Delta.html,83,tripadvisor_vn
Hana Spa,Spa,Can Tho,https://www.tripadvisor.com.vn/Attraction_Review-g303942-d12179255-Reviews-Hana_Spa-Can_Tho_Mekong_Delta.html,84,tripadvisor_vn
KQ Massage,Spa,Can Tho,https://www.tripadvisor.com.vn/Attraction_Review-g303942-d13306442-Reviews-KQ_Massage-Can_Tho_Mekong_Delta.html,85,tripadvisor_vn
MekongEcoTravel,Chuyến tham quan nhiều ngày • Chuyến tham quan văn hóa,Can Tho,https://www.tripadvisor.com.vn/Attraction_Review-g303942-d26314076-Reviews-MekongEcoTravel-Can_Tho_Mekong_Delta.html,86,tripadvisor_vn
Phòng Khám Da Liễu Lona Skin Lab,Spa,Can Tho,https://www.tripadvisor.com.vn/Attraction_Review-g303942-d28182124-Reviews-Phong_Kham_Da_Li_u_Lona_Skin_Lab-Can_Tho_Mekong_Delta.html,87,tripadvisor_vn
Mekong Experience Travel,Chuyến tham quan bằng xe đạp • Chuyến tham quan bằng thuyền,Can Tho,https://www.tripadvisor.com.vn/Attraction_Review-g303942-d12529974-Reviews-Mekong_Experience_Travel-Can_Tho_Mekong_Delta.html,88,tripadvisor_vn
CHN Explore Mekong Delta,Chuyến tham quan bằng xe đạp • Chuyến tham quan bằng thuyền,Can Tho,https://www.tripadvisor.com.vn/Attraction_Review-g303942-d27118809-Reviews-CHN_Explore_Mekong_Delta-Can_Tho_Mekong_Delta.html,89,tripadvisor_vn
Healing Spa Cần Thơ,Spa,Can Tho,https://www.tripadvisor.com.vn/Attraction_Review-g303942-d28327221-Reviews-Healing_Spa_C_n_Tho-Can_Tho_Mekong_Delta.html,90,tripadvisor_vn
Tra Thai Nguyen - Hai Tra Tan Cuong,Cửa hàng đặc sản & cửa hàng quà tặng,Can Tho,https://www.tripadvisor.com.vn/Attraction_Review-g303942-d21186549-Reviews-Tra_Thai_Nguyen_Hai_Tra_Tan_Cuong-Can_Tho_Mekong_Delta.html,91,tripadvisor_vn
Hiraeth Cocktail Bar,Quán bar & câu lạc bộ,Can Tho,https://www.tripadvisor.com.vn/Attraction_Review-g303942-d21171616-Reviews-Hiraeth_Cocktail_Bar-Can_Tho_Mekong_Delta.html,92,tripadvisor_vn
Spa Cát Tiên,Spa,Can Tho,https://www.tripadvisor.com.vn/Attraction_Review-g303942-d11665175-Reviews-Spa_Cat_Tien-Can_Tho_Mekong_Delta.html,93,tripadvisor_vn
Phòng Khám Da Liễu Lạc's Beauty Center,Spa,Can Tho,https://www.tripadvisor.com.vn/Attraction_Review-g303942-d27421319-Reviews-Lac_s_Beauty_Center_Dermatology_Clinic-Can_Tho_Mekong_Delta.html,94,tripadvisor_vn
Can Tho 91b Bus Station,Dịch vụ xe buýt,Can Tho,https://www.tripadvisor.com.vn/Attraction_Review-g303942-d13911208-Reviews-Can_Tho_91b_Bus_Station-Can_Tho_Mekong_Delta.html,95,tripadvisor_vn
Sheraton Spa By Sheraton Can Tho,Spa,Can Tho,https://www.tripadvisor.com.vn/Attraction_Review-g303942-d25185733-Reviews-Sheraton_Spa_By_Sheraton_Can_Tho-Can_Tho_Mekong_Delta.html,96,tripadvisor_vn
Tiểu Pháp,Cửa hàng đặc sản & cửa hàng quà tặng,Can Tho,https://www.tripadvisor.com.vn/Attraction_Review-g303942-d8090840-Reviews-La_Petite_France-Can_Tho_Mekong_Delta.html,97,tripadvisor_vn
Moon Nail,Đang mở cửa,Can Tho,https://www.tripadvisor.com.vn/Attraction_Review-g303942-d27119614-Reviews-Moon_Nail-Can_Tho_Mekong_Delta.html,98,tripadvisor_vn
Thương Spa Cần Thơ,Spa,Can Tho,https://www.tripadvisor.com.vn/Attraction_Review-g303942-d24907081-Reviews-Thuong_Spa_C_n_Tho-Can_Tho_Mekong_Delta.html,99,tripadvisor_vn
Ngoc Lam Fabric Store,Cửa hàng đặc sản & cửa hàng quà tặng,Can Tho,https://www.tripadvisor.com.vn/Attraction_Review-g303942-d33033160-Reviews-Ngoc_Lam_Fabric_Store-Can_Tho_Mekong_Delta.html,100,tripadvisor_vn
Serene Wanderlust Tour,Chuyến tham quan văn hóa • Chuyến tham quan sinh thái,Can Tho,https://www.tripadvisor.com.vn/Attraction_Review-g303942-d27508591-Reviews-Serene_Wanderlust_Tour-Can_Tho_Mekong_Delta.html,101,tripadvisor_vn
Phù Dung Các - Gội Đầu Dưỡng Sinh,Spa,Can Tho,https://www.tripadvisor.com.vn/Attraction_Review-g303942-d27467055-Reviews-Phu_Dung_Cac_G_i_D_u_Du_ng_Sinh-Can_Tho_Mekong_Delta.html,102,tripadvisor_vn
CAN THO PRIVATE CAR,Taxi & xe đưa đón,Can Tho,https://www.tripadvisor.com.vn/Attraction_Review-g303942-d30016715-Reviews-CAN_THO_PRIVATE_CAR-Can_Tho_Mekong_Delta.html,103,tripadvisor_vn
Lona Home Spa,Spa,Can Tho,https://www.tripadvisor.com.vn/Attraction_Review-g303942-d28192330-Reviews-Lona_Home_Spa_An_Khanh-Can_Tho_Mekong_Delta.html,104,tripadvisor_vn
Kami Spa,Spa,Can Tho,https://www.tripadvisor.com.vn/Attraction_Review-g303942-d13957301-Reviews-Kami_Spa-Can_Tho_Mekong_Delta.html,105,tripadvisor_vn
Mekong Typique,Chuyến tham quan văn hóa • Chuyến tham quan lịch sử & di sản,Can Tho,https://www.tripadvisor.com.vn/Attraction_Review-g303942-d33334820-Reviews-Mekong_Typicque-Can_Tho_Mekong_Delta.html,106,tripadvisor_vn
Thompson Taproom - Craftbeer And Cocktail,Quán bar & câu lạc bộ,Can Tho,https://www.tripadvisor.com.vn/Attraction_Review-g303942-d23946473-Reviews-Thompson_Taproom_Craftbeer_And_Cocktail-Can_Tho_Mekong_Delta.html,107,tripadvisor_vn
Gardens Lotus Spa,Spa,Can Tho,https://www.tripadvisor.com.vn/Attraction_Review-g303942-d24116436-Reviews-Gardens_Lotus_Spa-Can_Tho_Mekong_Delta.html,108,tripadvisor_vn
Đại Lạc Massage,Spa,Can Tho,https://www.tripadvisor.com.vn/Attraction_Review-g303942-d10000291-Reviews-Dai_Lac_Massage-Can_Tho_Mekong_Delta.html,109,tripadvisor_vn
Mekong Tours - Cantho Food Tour,Chuyến tham quan ẩm thực,Can Tho,https://www.tripadvisor.com.vn/Attraction_Review-g303942-d4742107-Reviews-Mekong_Tours_Cantho_Food_Tour-Can_Tho_Mekong_Delta.html,110,tripadvisor_vn
Mekong River Luxury Cruises,Chuyến tham quan bằng thuyền,Can Tho,https://www.tripadvisor.com.vn/Attraction_Review-g303942-d11919045-Reviews-Mekong_River_Luxury_Cruises-Can_Tho_Mekong_Delta.html,111,tripadvisor_vn
Indie Beer & Cocktail,Quán bar & câu lạc bộ,Can Tho,https://www.tripadvisor.com.vn/Attraction_Review-g303942-d21312449-Reviews-Indie_Beer_Cocktail-Can_Tho_Mekong_Delta.html,112,tripadvisor_vn
Nối mi - Nails - Phun xăm LÀ EM BEAUTÉ Cần Thơ,Đang mở cửa,Can Tho,https://www.tripadvisor.com.vn/Attraction_Review-g303942-d32806683-Reviews-N_i_mi_Nails_Phun_xam_LA_EM_BEAUTE_C_n_Tho-Can_Tho_Mekong_Delta.html,113,tripadvisor_vn
Hannah Spa,Spa,Can Tho,https://www.tripadvisor.com.vn/Attraction_Review-g303942-d26631769-Reviews-Hannah_Spa-Can_Tho_Mekong_Delta.html,114,tripadvisor_vn
Khu 13 Cần Thơ,"Chuyến tham quan quán bar, câu lạc bộ & quán rượu",Can Tho,https://www.tripadvisor.com.vn/Attraction_Review-g303942-d34438366-Reviews-Khu_13_C_n_Tho-Can_Tho_Mekong_Delta.html,115,tripadvisor_vn
EcoTours,Chuyến tham quan bằng xe đạp • Chuyến tham quan bằng thuyền,Can Tho,https://www.tripadvisor.com.vn/Attraction_Review-g303942-d6780643-Reviews-EcoTours-Can_Tho_Mekong_Delta.html,116,tripadvisor_vn
Cần Thơ,Phòng chờ sân bay,Can Tho,https://www.tripadvisor.com.vn/Attraction_Review-g303942-d24092685-Reviews-C_n_Tho-Can_Tho_Mekong_Delta.html,117,tripadvisor_vn
GO-Mekong-Evasion,Chuyến tham quan nhiều ngày • Chuyến tham quan tư nhân,Can Tho,https://www.tripadvisor.com.vn/Attraction_Review-g303942-d12848577-Reviews-GO_Mekong_Evasion-Can_Tho_Mekong_Delta.html,118,tripadvisor_vn
Dope Tattoo,Bữa tiệc • Câu lạc bộ hài kịch,Can Tho,https://www.tripadvisor.com.vn/Attraction_Review-g303942-d27950244-Reviews-Dope_Tattoo-Can_Tho_Mekong_Delta.html,119,tripadvisor_vn
Nha Khoa Smile,Spa,Can Tho,https://www.tripadvisor.com.vn/Attraction_Review-g303942-d25431506-Reviews-Nha_Khoa_Smile-Can_Tho_Mekong_Delta.html,120,tripadvisor_vn
Lynn Spa - Spa And Beauty Cần Thơ,Spa,Can Tho,https://www.tripadvisor.com.vn/Attraction_Review-g303942-d28032152-Reviews-Lynn_Spa_Spa_And_Beauty_C_n_Tho-Can_Tho_Mekong_Delta.html,121,tripadvisor_vn
Truong Xuan Cung,Spa,Can Tho,https://www.tripadvisor.com.vn/Attraction_Review-g303942-d27100077-Reviews-Truong_Xuan_Cung-Can_Tho_Mekong_Delta.html,122,tripadvisor_vn
Linh Mekong Tour Can Tho,Chuyến tham quan văn hóa • Chuyến tham quan bằng thuyền,Can Tho,https://www.tripadvisor.com.vn/Attraction_Review-g303942-d12574721-Reviews-Linh_Mekong_Tour_Can_Tho-Can_Tho_Mekong_Delta.html,123,tripadvisor_vn
Vàm Spa,Spa,Can Tho,https://www.tripadvisor.com.vn/Attraction_Review-g303942-d34300817-Reviews-Vam_Spa-Can_Tho_Mekong_Delta.html,124,tripadvisor_vn
Mekong Delta Ecotours,Chuyến tham quan nhiều ngày • Taxi & xe đưa đón,Can Tho,https://www.tripadvisor.com.vn/Attraction_Review-g303942-d26631994-Reviews-Mekong_Delta_Ecotours-Can_Tho_Mekong_Delta.html,125,tripadvisor_vn
TransMékong Mystic Sampans,Chuyến tham quan ngắm cảnh,Can Tho,https://www.tripadvisor.com.vn/Attraction_Review-g303942-d1699895-Reviews-TransMekong_Mystic_Sampans-Can_Tho_Mekong_Delta.html,126,tripadvisor_vn
Lạc's Beauty Center,Spa,Can Tho,https://www.tripadvisor.com.vn/Attraction_Review-g303942-d27415355-Reviews-L_c_s_Beauty_Center-Can_Tho_Mekong_Delta.html,127,tripadvisor_vn
Melasma Spa & Clinic,Spa,Can Tho,https://www.tripadvisor.com.vn/Attraction_Review-g303942-d27501892-Reviews-Melasma_Spa_Clinic-Can_Tho_Mekong_Delta.html,128,tripadvisor_vn
Hợp Phố Spa,Spa,Can Tho,https://www.tripadvisor.com.vn/Attraction_Review-g303942-d7317315-Reviews-Hop_Pho_Spa-Can_Tho_Mekong_Delta.html,129,tripadvisor_vn
Cobi Spa,Spa,Can Tho,https://www.tripadvisor.com.vn/Attraction_Review-g303942-d32700165-Reviews-Cobi_Spa-Can_Tho_Mekong_Delta.html,130,tripadvisor_vn
Pattaya Thai Spa Ttc Cần Thơ,Spa,Can Tho,https://www.tripadvisor.com.vn/Attraction_Review-g303942-d32826008-Reviews-Pattaya_Thai_Spa_Ttc_C_n_Tho-Can_Tho_Mekong_Delta.html,131,tripadvisor_vn
Can Tho Princess,Tour thăm quan thành phố • Chuyến tham quan bằng thuyền,Can Tho,https://www.tripadvisor.com.vn/Attraction_Review-g303942-d26220068-Reviews-Can_Tho_Princess-Can_Tho_Mekong_Delta.html,132,tripadvisor_vn
Lynn Spa - Beauty And Spa,Spa,Can Tho,https://www.tripadvisor.com.vn/Attraction_Review-g303942-d28032131-Reviews-Lynn_Spa_Beauty_And_Spa-Can_Tho_Mekong_Delta.html,133,tripadvisor_vn
May Xưa Massage 2 - Body & Foot Massage,Spa,Can Tho,https://www.tripadvisor.com.vn/Attraction_Review-g303942-d33408582-Reviews-May_Xua_Massage_2_Body_Foot_Massage-Can_Tho_Mekong_Delta.html,134,tripadvisor_vn
Lenoclinic,Spa,Can Tho,https://www.tripadvisor.com.vn/Attraction_Review-g303942-d27693901-Reviews-Lenoclinic-Can_Tho_Mekong_Delta.html,135,tripadvisor_vn
Can Tho Bike Tours,Taxi & xe đưa đón • Chuyến tham quan bằng thuyền,Can Tho,https://www.tripadvisor.com.vn/Attraction_Review-g303942-d32978605-Reviews-Can_Tho_Bike_Tours-Can_Tho_Mekong_Delta.html,136,tripadvisor_vn
Healing Spa Can Tho,Spa,Can Tho,https://www.tripadvisor.com.vn/Attraction_Review-g303942-d28389049-Reviews-Healing_Spa_Can_Tho-Can_Tho_Mekong_Delta.html,137,tripadvisor_vn
Nonla Cooking Class,Buổi học & hội thảo • Lớp nấu ăn,Can Tho,https://www.tripadvisor.com.vn/Attraction_Review-g303942-d32822279-Reviews-Nonla_Cooking_Class-Can_Tho_Mekong_Delta.html,138,tripadvisor_vn
Indochina Treks - Luxury Private Mekong Day Cruise,Chuyến tham quan văn hóa • Chuyến tham quan bằng thuyền,Can Tho,https://www.tripadvisor.com.vn/Attraction_Review-g303942-d5783418-Reviews-Indochina_Treks_Luxury_Private_Mekong_Day_Cruise-Can_Tho_Mekong_Delta.html,139,tripadvisor_vn
SOHA Tourist,Tour thăm quan thành phố • Chuyến tham quan nhiều ngày,Can Tho,https://www.tripadvisor.com.vn/Attraction_Review-g303942-d27100849-Reviews-SOHA_Tourist-Can_Tho_Mekong_Delta.html,140,tripadvisor_vn
CanTho Eco Resort,Chuyến tham quan nhiều ngày • Taxi & xe đưa đón,Can Tho,https://www.tripadvisor.com.vn/Attraction_Review-g303942-d26368895-Reviews-CanTho_Eco_Resort-Can_Tho_Mekong_Delta.html,141,tripadvisor_vn
Welkom Inn tours,Chuyến tham quan tự hướng dẫn & cho thuê • Chuyến đi trong ngày,Can Tho,https://www.tripadvisor.com.vn/Attraction_Review-g303942-d24132106-Reviews-Welkom_Inn_tours-Can_Tho_Mekong_Delta.html,143,tripadvisor_vn
Mekong Smile Cruise Can Tho,Taxi & xe đưa đón • Chuyến tham quan bằng thuyền,Can Tho,https://www.tripadvisor.com.vn/Attraction_Review-g303942-d15548593-Reviews-Mekong_Smile_Cruise_Can_Tho-Can_Tho_Mekong_Delta.html,144,tripadvisor_vn
Du Lịch New Star,Chuyến tham quan nhiều ngày • Chuyến tham quan văn hóa,Can Tho,https://www.tripadvisor.com.vn/Attraction_Review-g303942-d15349073-Reviews-NewStar_Travel-Can_Tho_Mekong_Delta.html,145,tripadvisor_vn
Cần Thơ Tourist,Chuyến tham quan ngắm cảnh,Can Tho,https://www.tripadvisor.com.vn/Attraction_Review-g303942-d11727359-Reviews-Can_Tho_Tourist-Can_Tho_Mekong_Delta.html,146,tripadvisor_vn
Spotlight Travel,Tour thăm quan thành phố • Trung tâm du lịch,Can Tho,https://www.tripadvisor.com.vn/Attraction_Review-g303942-d33010468-Reviews-Spotlight_Travel-Can_Tho_Mekong_Delta.html,147,tripadvisor_vn
New horizon international travel,Chuyến tham quan nhiều ngày • Taxi & xe đưa đón,Can Tho,https://www.tripadvisor.com.vn/Attraction_Review-g303942-d34381965-Reviews-New_horizon_international_travel-Can_Tho_Mekong_Delta.html,148,tripadvisor_vn
Lung Ngoc Hoang Nature Reserve Tour,Chuyến tham quan tự nhiên & động vật hoang dã,Can Tho,https://www.tripadvisor.com.vn/Attraction_Review-g303942-d27501538-Reviews-Lung_Ngoc_Hoang_Nature_Reserve_Tour-Can_Tho_Mekong_Delta.html,149,tripadvisor_vn
Bassac River Retreat,Chuyến tham quan bằng thuyền,Can Tho,https://www.tripadvisor.com.vn/Attraction_Review-g303942-d24863076-Reviews-Bassac_River_Retreat-Can_Tho_Mekong_Delta.html,150,tripadvisor_vn
Mekong Delta Tours,Chuyến tham quan nhiều ngày • Chuyến tham quan tư nhân,Can Tho,https://www.tripadvisor.com.vn/Attraction_Review-g303942-d18509961-Reviews-Mekong_Delta_Tours-Can_Tho_Mekong_Delta.html,151,tripadvisor_vn
Xe Quân Bưu,Dịch vụ xe buýt,Can Tho,https://www.tripadvisor.com.vn/Attraction_Review-g303942-d15837379-Reviews-Quan_Buu_Bus-Can_Tho_Mekong_Delta.html,152,tripadvisor_vn
Victoria Mekong Cruises & Wendy Wu Tours,Chuyến tham quan bằng thuyền,Can Tho,https://www.tripadvisor.com.vn/Attraction_Review-g303942-d26831536-Reviews-Victoria_Mekong_Cruises_Wendy_Wu_Tours-Can_Tho_Mekong_Delta.html,153,tripadvisor_vn
Gin Mekong Tour,Chuyến tham quan lịch sử & di sản • Chuyến tham quan bằng thuyền,Can Tho,https://www.tripadvisor.com.vn/Attraction_Review-g303942-d26516529-Reviews-Gin_Mekong_Tour-Can_Tho_Mekong_Delta.html,154,tripadvisor_vn
Can Tho Mekong Tour,Tour thăm quan thành phố • Chuyến tham quan bằng thuyền,Can Tho,https://www.tripadvisor.com.vn/Attraction_Review-g303942-d12949376-Reviews-Can_Tho_Mekong_Tour-Can_Tho_Mekong_Delta.html,155,tripadvisor_vn
Mai Chau Ecolodge,Chuyến tham quan bằng xe đạp • Chuyến tham quan bằng thuyền,Can Tho,https://www.tripadvisor.com.vn/Attraction_Review-g303942-d19728720-Reviews-Mai_Chau_Ecolodge-Can_Tho_Mekong_Delta.html,156,tripadvisor_vn
P'tite Cuisine,"Chuyến tham quan quán bar, câu lạc bộ & quán rượu",Can Tho,https://www.tripadvisor.com.vn/Attraction_Review-g303942-d34120443-Reviews-P_tite_Cuisine-Can_Tho_Mekong_Delta.html,157,tripadvisor_vn
Mekong Discovery Trip With Phong,Buổi trình diễn & chuyến tham quan thời trang,Can Tho,https://www.tripadvisor.com.vn/Attraction_Review-g303942-d33007729-Reviews-Mekong_Discovery_Trip_With_Phong-Can_Tho_Mekong_Delta.html,159,tripadvisor_vn
Soha Travel,Chuyến tham quan sinh thái,Can Tho,https://www.tripadvisor.com.vn/Attraction_Review-g303942-d27297384-Reviews-Soha_Travel-Can_Tho_Mekong_Delta.html,160,tripadvisor_vn
Vietnam Tour With Ruby,Chuyến tham quan bằng thuyền,Can Tho,https://www.tripadvisor.com.vn/Attraction_Review-g303942-d24836546-Reviews-Vietnam_Tour_With_Ruby-Can_Tho_Mekong_Delta.html,161,tripadvisor_vn
Mekong Land Tours Can Tho,Chuyến tham quan bằng thuyền,Can Tho,https://www.tripadvisor.com.vn/Attraction_Review-g303942-d16744546-Reviews-Mekong_Land_Tours_Can_Tho-Can_Tho_Mekong_Delta.html,162,tripadvisor_vn
Trip To The Mekong Delta,Chuyến tham quan nhiều ngày • Trung tâm du lịch,Can Tho,https://www.tripadvisor.com.vn/Attraction_Review-g303942-d31419006-Reviews-Trip_To_The_Mekong_Delta-Can_Tho_Mekong_Delta.html,163,tripadvisor_vn
Mekong River,Chuyến tham quan nhiều ngày • Chuyến tham quan bằng thuyền,Can Tho,https://www.tripadvisor.com.vn/Attraction_Review-g303942-d20140720-Reviews-Mekong_River-Can_Tho_Mekong_Delta.html,164,tripadvisor_vn
HT Travel,Chuyến tham quan bằng thuyền,Can Tho,https://www.tripadvisor.com.vn/Attraction_Review-g303942-d12339190-Reviews-HT_Travel-Can_Tho_Mekong_Delta.html,165,tripadvisor_vn
"Vietnam Daily & Private Tours, Daily Departures & Custom Trips, Explore Vietnam Your Way , Tailored Vietnam Journeys ,Everyday Vietnam Tours",Tour thăm quan thành phố • Chuyến tham quan nhiều ngày,Can Tho,https://www.tripadvisor.com.vn/Attraction_Review-g303942-d33317524-Reviews-Vietnam_Daily_Private_Tours_Daily_Departures_Custom_Trips_Explore_Vietnam_Your_W.html,166,tripadvisor_vn
TransMékong,Chuyến tham quan nhiều ngày • Taxi & xe đưa đón,Can Tho,https://www.tripadvisor.com.vn/Attraction_Review-g303942-d27931105-Reviews-TransMekong-Can_Tho_Mekong_Delta.html,167,tripadvisor_vn
Ana,"Chuyến tham quan quán bar, câu lạc bộ & quán rượu",Can Tho,https://www.tripadvisor.com.vn/Attraction_Review-g303942-d33072690-Reviews-Ana-Can_Tho_Mekong_Delta.html,168,tripadvisor_vn
Easy Travel,Taxi & xe đưa đón • Chuyến tham quan bằng xe đạp,Can Tho,https://www.tripadvisor.com.vn/Attraction_Review-g303942-d20051897-Reviews-Easy_Travel-Can_Tho_Mekong_Delta.html,169,tripadvisor_vn
Con Son,Chuyến tham quan văn hóa • Chuyến tham quan lịch sử & di sản,Can Tho,https://www.tripadvisor.com.vn/Attraction_Review-g303942-d28659261-Reviews-Con_Son-Can_Tho_Mekong_Delta.html,170,tripadvisor_vn
Cồn Sơn,Chuyến tham quan bằng thuyền • Thuê thuyền câu cá & tham quan,Can Tho,https://www.tripadvisor.com.vn/Attraction_Review-g303942-d28816245-Reviews-C_n_Son-Can_Tho_Mekong_Delta.html,171,tripadvisor_vn
Mekong Tours,Tour thăm quan thành phố • Chuyến tham quan nhiều ngày,Can Tho,https://www.tripadvisor.com.vn/Attraction_Review-g303942-d12906711-Reviews-Mekong_Tours-Can_Tho_Mekong_Delta.html,172,tripadvisor_vn
Nguyen Eco Tours,Taxi & xe đưa đón • Chuyến tham quan bằng thuyền,Can Tho,https://www.tripadvisor.com.vn/Attraction_Review-g303942-d19865552-Reviews-Nguyen_Eco_Tours-Can_Tho_Mekong_Delta.html,173,tripadvisor_vn
pham khoa,Chuyến tham quan nhiều ngày • Chuyến tham quan bằng thuyền,Can Tho,https://www.tripadvisor.com.vn/Attraction_Review-g303942-d17654166-Reviews-Pham_khoa-Can_Tho_Mekong_Delta.html,174,tripadvisor_vn
Du Lich Con Son,Tour thăm quan thành phố,Can Tho,https://www.tripadvisor.com.vn/Attraction_Review-g303942-d25231302-Reviews-Du_Lich_Con_Son-Can_Tho_Mekong_Delta.html,175,tripadvisor_vn
Thiên Thanh,Chuyến tham quan nhiều ngày • Taxi & xe đưa đón,Can Tho,https://www.tripadvisor.com.vn/Attraction_Review-g303942-d27410150-Reviews-Thien_Thanh-Can_Tho_Mekong_Delta.html,176,tripadvisor_vn
Exceptional Mekong Eco Tour,Chuyến tham quan văn hóa • Chuyến tham quan sinh thái,Can Tho,https://www.tripadvisor.com.vn/Attraction_Review-g303942-d19865539-Reviews-Exceptional_Mekong_Eco_Tour-Can_Tho_Mekong_Delta.html,177,tripadvisor_vn
KenMeKong,Taxi & xe đưa đón • Chuyến tham quan bằng xe đạp,Can Tho,https://www.tripadvisor.com.vn/Attraction_Review-g303942-d34112536-Reviews-KenMeKong-Can_Tho_Mekong_Delta.html,178,tripadvisor_vn
Stand Up Paddleboarding Adventure in Can Tho,Chèo xuồng & ngồi phao trên sông • Chuyến tham quan bằng thuyền,Can Tho,https://www.tripadvisor.com.vn/Attraction_Review-g303942-d27174661-Reviews-Stand_Up_Paddleboarding_Adventure_in_Can_Tho-Can_Tho_Mekong_Delta.html,180,tripadvisor_vn
Mekong Princess,Chuyến tham quan bằng thuyền • Chuyến đi trong ngày,Can Tho,https://www.tripadvisor.com.vn/Attraction_Review-g303942-d32841031-Reviews-Mekong_Princess-Can_Tho_Mekong_Delta.html,181,tripadvisor_vn
Yoga Phong Nha,Chuyến tham quan bằng xe đạp • Chuyến tham quan bằng thuyền,Can Tho,https://www.tripadvisor.com.vn/Attraction_Review-g303942-d19605592-Reviews-Yoga_Phong_Nha-Can_Tho_Mekong_Delta.html,182,tripadvisor_vn
Tour Chợ Nổi Hàng Ngày,Chuyến tham quan bằng thuyền • Chuyến tham quan tư nhân,Can Tho,https://www.tripadvisor.com.vn/Attraction_Review-g303942-d27182282-Reviews-Mekong_Delta_Tour-Can_Tho_Mekong_Delta.html,183,tripadvisor_vn
Truong Tuyen Travel,Taxi & xe đưa đón • Chuyến tham quan bằng xe đạp,Can Tho,https://www.tripadvisor.com.vn/Attraction_Review-g303942-d33227722-Reviews-Truong_Tuyen_Travel-Can_Tho_Mekong_Delta.html,184,tripadvisor_vn
Du Lịch Gia Đình,Chuyến tham quan nhiều ngày • Vườn thú Safari,Can Tho,https://www.tripadvisor.com.vn/Attraction_Review-g303942-d19283278-Reviews-Du_L_ch_Gia_Dinh-Can_Tho_Mekong_Delta.html,185,tripadvisor_vn
Virgo Tour - Can Tho,Chuyến tham quan nhiều ngày • Chuyến tham quan tư nhân,Can Tho,https://www.tripadvisor.com.vn/Attraction_Review-g303942-d32765140-Reviews-Virgo_Tour_Can_Tho-Can_Tho_Mekong_Delta.html,186,tripadvisor_vn
what things to do in Mekong Delta,Taxi & xe đưa đón • Chuyến tham quan bằng xe đạp,Can Tho,https://www.tripadvisor.com.vn/Attraction_Review-g303942-d26554050-Reviews-What_things_to_do_in_Mekong_Delta-Can_Tho_Mekong_Delta.html,187,tripadvisor_vn
Hải Trà Tân Cương - Tea Gift Shop,Chuyến tham quan cà phê & trà • Chuyến đi trong ngày,Can Tho,https://www.tripadvisor.com.vn/Attraction_Review-g303942-d21192998-Reviews-H_i_Tra_Tan_Cuong_Tea_Gift_Shop-Can_Tho_Mekong_Delta.html,188,tripadvisor_vn
Tuhy - Vintage Jewelry,Chuyến tham quan mua sắm,Can Tho,https://www.tripadvisor.com.vn/Attraction_Review-g303942-d33444736-Reviews-Tuhy_Vintage_Jewelry-Can_Tho_Mekong_Delta.html,189,tripadvisor_vn
Cai Rang Floating Market Can Tho,Chuyến tham quan bằng thuyền • Chuyến tham quan ẩm thực,Can Tho,https://www.tripadvisor.com.vn/Attraction_Review-g303942-d27500301-Reviews-Cai_Rang_Floating_Market_Can_Tho-Can_Tho_Mekong_Delta.html,190,tripadvisor_vn
K2 homestay & coffee tours,Chuyến tham quan văn hóa • Taxi & xe đưa đón,Can Tho,https://www.tripadvisor.com.vn/Attraction_Review-g303942-d25178192-Reviews-K2_homestay_coffee_tours-Can_Tho_Mekong_Delta.html,191,tripadvisor_vn
adoracentralpark,Taxi & xe đưa đón • Chuyến tham quan bằng xe đạp,Can Tho,https://www.tripadvisor.com.vn/Attraction_Review-g303942-d27699555-Reviews-Adoracentralpark-Can_Tho_Mekong_Delta.html,192,tripadvisor_vn
Insight Vietnam - Can Tho,Chuyến tham quan nhiều ngày • Chuyến đi trong ngày,Can Tho,https://www.tripadvisor.com.vn/Attraction_Review-g303942-d28825770-Reviews-Insight_Vietnam_Can_Tho-Can_Tho_Mekong_Delta.html,193,tripadvisor_vn
Louis Hai Duong,Chuyến tham quan nhiều ngày • Taxi & xe đưa đón,Can Tho,https://www.tripadvisor.com.vn/Attraction_Review-g303942-d24042971-Reviews-Louis_Hai_Duong-Can_Tho_Mekong_Delta.html,194,tripadvisor_vn
Bao Nguyen Travel,Tour thăm quan thành phố • Chuyến tham quan nhiều ngày,Can Tho,https://www.tripadvisor.com.vn/Attraction_Review-g303942-d18922383-Reviews-Bao_Nguyen_Travel-Can_Tho_Mekong_Delta.html,195,tripadvisor_vn
Rose Tourist - Can Tho,Chuyến tham quan nhiều ngày • Chuyến đi trong ngày,Can Tho,https://www.tripadvisor.com.vn/Attraction_Review-g303942-d27945627-Reviews-Rose_Tourist_Can_Tho-Can_Tho_Mekong_Delta.html,196,tripadvisor_vn
authentic Can Tho,Chuyến tham quan nhiều ngày • Chuyến tham quan tư nhân,Can Tho,https://www.tripadvisor.com.vn/Attraction_Review-g303942-d34083419-Reviews-Authentic_Can_Tho-Can_Tho_Mekong_Delta.html,197,tripadvisor_vn
MEKONG DELTA TOUR,Chèo xuồng & ngồi phao trên sông • Chuyến tham quan bằng thuyền,Can Tho,https://www.tripadvisor.com.vn/Attraction_Review-g303942-d34418643-Reviews-MEKONG_DELTA_TOUR-Can_Tho_Mekong_Delta.html,198,tripadvisor_vn
Can Tho Mekong Discovery,Chuyến tham quan văn hóa • Chuyến tham quan bằng xe đạp,Can Tho,https://www.tripadvisor.com.vn/Attraction_Review-g303942-d32812816-Reviews-Can_Tho_Mekong_Discovery-Can_Tho_Mekong_Delta.html,199,tripadvisor_vn
Sato Spa,Chuyến tham quan tự hướng dẫn & cho thuê,Can Tho,https://www.tripadvisor.com.vn/Attraction_Review-g303942-d19356868-Reviews-Sato_Spa-Can_Tho_Mekong_Delta.html,200,tripadvisor_vn
Elegance Mekong,Chuyến tham quan nhiều ngày • Chuyến tham quan tư nhân,Can Tho,https://www.tripadvisor.com.vn/Attraction_Review-g303942-d33066280-Reviews-Elegance_Mekong-Can_Tho_Mekong_Delta.html,201,tripadvisor_vn
Red Gecko Travel - Can Tho,Tour thăm quan thành phố • Chuyến tham quan tư nhân,Can Tho,https://www.tripadvisor.com.vn/Attraction_Review-g303942-d29927070-Reviews-Red_Gecko_Travel_Can_Tho-Can_Tho_Mekong_Delta.html,202,tripadvisor_vn
P.A Travel,Chuyến tham quan văn hóa • Chuyến tham quan bằng thuyền,Can Tho,https://www.tripadvisor.com.vn/Attraction_Review-g303942-d32988389-Reviews-P_A_Travel-Can_Tho_Mekong_Delta.html,203,tripadvisor_vn
Mekong Trips,Chuyến tham quan nhiều ngày • Chuyến đi trong ngày,Can Tho,https://www.tripadvisor.com.vn/Attraction_Review-g303942-d28825726-Reviews-Mekong_Trips-Can_Tho_Mekong_Delta.html,204,tripadvisor_vn
Tran Nguyen Thao,Tour thăm quan thành phố • Chuyến tham quan văn hóa,Can Tho,https://www.tripadvisor.com.vn/Attraction_Review-g303942-d17740608-Reviews-Tran_Nguyen_Thao-Can_Tho_Mekong_Delta.html,205,tripadvisor_vn
Chat Tourist - Can Tho,Chuyến tham quan nhiều ngày • Chuyến đi trong ngày,Can Tho,https://www.tripadvisor.com.vn/Attraction_Review-g303942-d27743029-Reviews-Chat_Tourist_Can_Tho-Can_Tho_Mekong_Delta.html,206,tripadvisor_vn
Mekong Lifes Travel,Tour thăm quan thành phố • Chuyến tham quan bằng thuyền,Can Tho,https://www.tripadvisor.com.vn/Attraction_Review-g303942-d25427864-Reviews-Mekong_Lifes_Travel-Can_Tho_Mekong_Delta.html,207,tripadvisor_vn
Discover Cai Rang floating market and the nature of Mekong Delta,Taxi & xe đưa đón • Chuyến tham quan tư nhân,Can Tho,https://www.tripadvisor.com.vn/Attraction_Review-g303942-d25184663-Reviews-Discover_Cai_Rang_floating_market_and_the_nature_of_Mekong_Delta-Can_Tho_Mekong_.html,208,tripadvisor_vn
"HIEUTOUR VN INVESTMENT CO., LTD",Chuyến tham quan nhiều ngày • Taxi & xe đưa đón,Can Tho,https://www.tripadvisor.com.vn/Attraction_Review-g303942-d33130984-Reviews-HIEUTOUR_VN_INVESTMENT_CO_LTD-Can_Tho_Mekong_Delta.html,209,tripadvisor_vn
Homey Travel Mekong,Chuyến tham quan nhiều ngày • Taxi & xe đưa đón,Can Tho,https://www.tripadvisor.com.vn/Attraction_Review-g303942-d34116269-Reviews-Homey_Travel_Mekong-Can_Tho_Mekong_Delta.html,210,tripadvisor_vn
M I N I C Travel,Chuyến tham quan văn hóa • Chuyến tham quan cảm giác mạnh & mạo hiểm,Can Tho,https://www.tripadvisor.com.vn/Attraction_Review-g303942-d24165802-Reviews-M_I_N_I_C_Travel-Can_Tho_Mekong_Delta.html,211,tripadvisor_vn
Vina Cruise - Can Tho,Chuyến tham quan nhiều ngày • Chuyến tham quan tư nhân,Can Tho,https://www.tripadvisor.com.vn/Attraction_Review-g303942-d33875785-Reviews-Vina_Cruise_Can_Tho-Can_Tho_Mekong_Delta.html,212,tripadvisor_vn
Local Tour Can Tho,Chuyến tham quan nhiều ngày • Chuyến tham quan tư nhân,Can Tho,https://www.tripadvisor.com.vn/Attraction_Review-g303942-d34088983-Reviews-Local_Tour_Can_Tho-Can_Tho_Mekong_Delta.html,213,tripadvisor_vn
LUMINA RETREATS,Chuyến tham quan nhiều ngày • Chuyến tham quan sinh thái,Can Tho,https://www.tripadvisor.com.vn/Attraction_Review-g303942-d24179814-Reviews-LUMINA_RETREATS-Can_Tho_Mekong_Delta.html,214,tripadvisor_vn
Can Tho Cyling Tours,Chuyến tham quan bằng xe đạp,Can Tho,https://www.tripadvisor.com.vn/Attraction_Review-g303942-d27493768-Reviews-Can_Tho_Cyling_Tours-Can_Tho_Mekong_Delta.html,215,tripadvisor_vn
Jean Johnson,Chuyến tham quan tư nhân,Can Tho,https://www.tripadvisor.com.vn/Attraction_Review-g303942-d19392158-Reviews-Jean_Johnson-Can_Tho_Mekong_Delta.html,216,tripadvisor_vn
HN Can Tho,Chuyến đi trong ngày,Can Tho,https://www.tripadvisor.com.vn/Attraction_Review-g303942-d25037853-Reviews-HN_Can_Tho-Can_Tho_Mekong_Delta.html,218,tripadvisor_vn
Kim Lan Homestay,Chuyến tham quan bằng thuyền • Chuyến tham quan ngắm cảnh,Can Tho,https://www.tripadvisor.com.vn/Attraction_Review-g303942-d15654416-Reviews-Kim_Lan_Homestay-Can_Tho_Mekong_Delta.html,219,tripadvisor_vn
Asia Tour Booking - Can Tho,Chuyến tham quan nhiều ngày • Chuyến đi trong ngày,Can Tho,https://www.tripadvisor.com.vn/Attraction_Review-g303942-d27980578-Reviews-Asia_Tour_Booking_Can_Tho-Can_Tho_Mekong_Delta.html,220,tripadvisor_vn
Opatrip.com Can Tho,Chuyến đi trong ngày,Can Tho,https://www.tripadvisor.com.vn/Attraction_Review-g303942-d25391084-Reviews-Opatrip_com_Can_Tho-Can_Tho_Mekong_Delta.html,221,tripadvisor_vn
Asia Travel legend,Chuyến tham quan nhiều ngày • Chuyến đi trong ngày,Can Tho,https://www.tripadvisor.com.vn/Attraction_Review-g303942-d26532184-Reviews-Asia_Travel_legend-Can_Tho_Mekong_Delta.html,222,tripadvisor_vn
Authentic Can Tho Travel,Chuyến tham quan nhiều ngày • Chuyến tham quan tư nhân,Can Tho,https://www.tripadvisor.com.vn/Attraction_Review-g303942-d33971120-Reviews-Authentic_Can_Tho_Travel-Can_Tho_Mekong_Delta.html,223,tripadvisor_vn
Asia Package Travel - Can Tho,Chuyến tham quan nhiều ngày • Chuyến đi trong ngày,Can Tho,https://www.tripadvisor.com.vn/Attraction_Review-g303942-d27937673-Reviews-Asia_Package_Travel_Can_Tho-Can_Tho_Mekong_Delta.html,224,tripadvisor_vn
Can Tho Night Tour,Chuyến tham quan bằng thuyền • Chuyến tham quan ẩm thực,Can Tho,https://www.tripadvisor.com.vn/Attraction_Review-g303942-d27726586-Reviews-Can_Tho_Night_Tour-Can_Tho_Mekong_Delta.html,225,tripadvisor_vn
Asia Group Tour - Can Tho,Chuyến tham quan nhiều ngày • Chuyến đi trong ngày,Can Tho,https://www.tripadvisor.com.vn/Attraction_Review-g303942-d27929852-Reviews-Asia_Group_Tour_Can_Tho-Can_Tho_Mekong_Delta.html,226,tripadvisor_vn
Be Yourself at Home,Chuyến tham quan nhiều ngày • Chuyến tham quan tư nhân,Can Tho,https://www.tripadvisor.com.vn/Attraction_Review-g303942-d25378287-Reviews-Be_Yourself_at_Home-Can_Tho_Mekong_Delta.html,227,tripadvisor_vn
CanThoMekongTour,Chuyến tham quan nhiều ngày • Chuyến tham quan bằng thuyền,Can Tho,https://www.tripadvisor.com.vn/Attraction_Review-g303942-d25269366-Reviews-CanThoMekongTour-Can_Tho_Mekong_Delta.html,228,tripadvisor_vn
authentic - Can Tho,Chuyến tham quan nhiều ngày • Chuyến tham quan tư nhân,Can Tho,https://www.tripadvisor.com.vn/Attraction_Review-g303942-d34188105-Reviews-Authentic_Can_Tho-Can_Tho_Mekong_Delta.html,229,tripadvisor_vn
Vạn Phát Travel,Chuyến tham quan nhiều ngày • Taxi & xe đưa đón,Can Tho,https://www.tripadvisor.com.vn/Attraction_Review-g303942-d32990133-Reviews-V_n_Phat_Travel-Can_Tho_Mekong_Delta.html,230,tripadvisor_vn
Local Tour - Can Tho,Chuyến tham quan nhiều ngày • Chuyến tham quan tư nhân,Can Tho,https://www.tripadvisor.com.vn/Attraction_Review-g303942-d34093243-Reviews-Local_Tour_Can_Tho-Can_Tho_Mekong_Delta.html,231,tripadvisor_vn
Can Tho City Private Half-day Tour,Tour thăm quan thành phố • Chuyến tham quan bằng thuyền,Can Tho,https://www.tripadvisor.com.vn/Attraction_Review-g303942-d32985123-Reviews-Can_Tho_City_Private_Half_day_Tour-Can_Tho_Mekong_Delta.html,233,tripadvisor_vn
localtours-Cantho,Chuyến tham quan nhiều ngày • Chuyến tham quan tư nhân,Can Tho,https://www.tripadvisor.com.vn/Attraction_Review-g303942-d34199136-Reviews-Localtours_Cantho-Can_Tho_Mekong_Delta.html,235,tripadvisor_vn
homies tour,Chuyến tham quan nhiều ngày • Chuyến tham quan tư nhân,Can Tho,https://www.tripadvisor.com.vn/Attraction_Review-g303942-d34273502-Reviews-Homies_tour-Can_Tho_Mekong_Delta.html,236,tripadvisor_vn
Sunshine Mekong Tour,Tour thăm quan thành phố • Chuyến tham quan bằng xe đạp,Can Tho,https://www.tripadvisor.com.vn/Attraction_Review-g303942-d28047963-Reviews-Sunshine_Mekong_Tour-Can_Tho_Mekong_Delta.html,237,tripadvisor_vn
HAT,Chuyến tham quan nhiều ngày • Chuyến tham quan tư nhân,Can Tho,https://www.tripadvisor.com.vn/Attraction_Review-g303942-d34443090-Reviews-HAT-Can_Tho_Mekong_Delta.html,238,tripadvisor_vn
Nguom Ngao Cave,Hang lớn & động,Cao Bang,https://www.tripadvisor.com.vn/Attraction_Review-g1519989-d5043013-Reviews-Nguom_Ngao_Cave-Cao_Bang_Cao_Bang_Province.html,1,tripadvisor_vn
Núi Mắt Thần,Núi,Cao Bang,https://www.tripadvisor.com.vn/Attraction_Review-g1519989-d28006312-Reviews-Mountain_God_s_Eye-Cao_Bang_Cao_Bang_Province.html,2,tripadvisor_vn
Kim Dong Walking Street,Khu vực đi dạo ngắm cảnh,Cao Bang,https://www.tripadvisor.com.vn/Attraction_Review-g1519989-d24142413-Reviews-Kim_Dong_Walking_Street-Cao_Bang_Cao_Bang_Province.html,3,tripadvisor_vn
Hồ Thang Hen,Vùng nước,Cao Bang,https://www.tripadvisor.com.vn/Attraction_Review-g1519989-d14080639-Reviews-Ho_Thang_Hen-Cao_Bang_Cao_Bang_Province.html,4,tripadvisor_vn
Cho Xanh market,Chợ trời & chợ đường phố,Cao Bang,https://www.tripadvisor.com.vn/Attraction_Review-g1519989-d25432202-Reviews-Cho_Xanh_market-Cao_Bang_Cao_Bang_Province.html,5,tripadvisor_vn
Cao Bang UNESCO Global Geopark,Khu vực tự nhiên & động vật hoang dã,Cao Bang,https://www.tripadvisor.com.vn/Attraction_Review-g1519989-d33228466-Reviews-Cao_Bang_UNESCO_Global_Geopark-Cao_Bang_Cao_Bang_Province.html,6,tripadvisor_vn
Thác Cò Là,Thác nước,Cao Bang,https://www.tripadvisor.com.vn/Attraction_Review-g1519989-d27951798-Reviews-Thac_Co_La-Cao_Bang_Cao_Bang_Province.html,7,tripadvisor_vn
Cao Bang Motorbike Rentals & Tours,Cho thuê tiện ích,Cao Bang,https://www.tripadvisor.com.vn/Attraction_Review-g1519989-d18660178-Reviews-Cao_Bang_Motorbike_Rentals_Tours-Cao_Bang_Cao_Bang_Province.html,8,tripadvisor_vn
Thung Lũng Khuổi Hân,Điểm thu hút khách tham quan & thắng cảnh,Cao Bang,https://www.tripadvisor.com.vn/Attraction_Review-g1519989-d34258027-Reviews-Khuoi_Han_Valley-Cao_Bang_Cao_Bang_Province.html,9,tripadvisor_vn
Cao Bang Eco Travel,Chuyến tham quan nhiều ngày • Taxi & xe đưa đón,Cao Bang,https://www.tripadvisor.com.vn/Attraction_Review-g1519989-d25304600-Reviews-Cao_Bang_Eco_Travel-Cao_Bang_Cao_Bang_Province.html,10,tripadvisor_vn
Cao Bang Loop Tour,Tour thăm quan thành phố • Chuyến tham quan nhiều ngày,Cao Bang,https://www.tripadvisor.com.vn/Attraction_Review-g1519989-d25772070-Reviews-Cao_Bang_Loop_Tour-Cao_Bang_Cao_Bang_Province.html,11,tripadvisor_vn
MoonKlub420,Quán bar & câu lạc bộ,Cao Bang,https://www.tripadvisor.com.vn/Attraction_Review-g1519989-d16891315-Reviews-MoonKlub420-Cao_Bang_Cao_Bang_Province.html,12,tripadvisor_vn
The 8th Rooftop Bar Cafe,Quán bar rượu vang,Cao Bang,https://www.tripadvisor.com.vn/Attraction_Review-g1519989-d25174482-Reviews-The_8th_Rooftop_Bar_Cafe-Cao_Bang_Cao_Bang_Province.html,13,tripadvisor_vn
Cao Bang Green Riders Adventures,Chuyến tham quan nhiều ngày • Taxi & xe đưa đón,Cao Bang,https://www.tripadvisor.com.vn/Attraction_Review-g1519989-d26778233-Reviews-Cao_Bang_Green_Riders_Adventures-Cao_Bang_Cao_Bang_Province.html,14,tripadvisor_vn
Cao Bang Travel Loop Tour,Chuyến tham quan nhiều ngày • Taxi & xe đưa đón,Cao Bang,https://www.tripadvisor.com.vn/Attraction_Review-g1519989-d33733809-Reviews-Cao_Bang_Travel_Loop_Tour-Cao_Bang_Cao_Bang_Province.html,15,tripadvisor_vn
Cao Bằng Easy Deeping Tours,Chuyến tham quan tự nhiên & động vật hoang dã,Cao Bang,https://www.tripadvisor.com.vn/Attraction_Review-g1519989-d25179943-Reviews-Cao_B_ng_Easy_Deeping_Tours-Cao_Bang_Cao_Bang_Province.html,16,tripadvisor_vn
LV Travel,Chuyến tham quan nhiều ngày • Chuyến tham quan lịch sử & di sản,Cao Bang,https://www.tripadvisor.com.vn/Attraction_Review-g1519989-d27138095-Reviews-LV_Travel-Cao_Bang_Cao_Bang_Province.html,17,tripadvisor_vn
Cao Bang Private Car,Taxi & xe đưa đón,Cao Bang,https://www.tripadvisor.com.vn/Attraction_Review-g1519989-d34109116-Reviews-Cao_Bang_Private_Car-Cao_Bang_Cao_Bang_Province.html,18,tripadvisor_vn
Cao Bang Adventure,Chuyến tham quan nhiều ngày • Taxi & xe đưa đón,Cao Bang,https://www.tripadvisor.com.vn/Attraction_Review-g1519989-d28114890-Reviews-Cao_Bang_Adventure-Cao_Bang_Cao_Bang_Province.html,19,tripadvisor_vn
Minh Quý CB,Cho thuê tiện ích,Cao Bang,https://www.tripadvisor.com.vn/Attraction_Review-g1519989-d34337356-Reviews-Minh_Quy_CB-Cao_Bang_Cao_Bang_Province.html,20,tripadvisor_vn
Cao Bang Loop Travel,"Chuyến tham quan nhiều ngày • Chuyến tham quan bằng xe 4WD, ATV & xe địa hình",Cao Bang,https://www.tripadvisor.com.vn/Attraction_Review-g1519989-d27457752-Reviews-Cao_Bang_Loop_Travel-Cao_Bang_Cao_Bang_Province.html,21,tripadvisor_vn
Cao Bang Authentic Journeys,"Chuyến tham quan quán bar, câu lạc bộ & quán rượu • Chuyến tham quan nhiều ngày",Cao Bang,https://www.tripadvisor.com.vn/Attraction_Review-g1519989-d26955873-Reviews-Cao_Bang_Authentic_Journeys-Cao_Bang_Cao_Bang_Province.html,22,tripadvisor_vn
Cao Bang Travel Motorbike tours,Chuyến tham quan nhiều ngày • Taxi & xe đưa đón,Cao Bang,https://www.tripadvisor.com.vn/Attraction_Review-g1519989-d28046341-Reviews-Cao_Bang_Travel_Motorbike_tours-Cao_Bang_Cao_Bang_Province.html,23,tripadvisor_vn
Authentic Adventures Vietnam | Travel company | Ban Gioc Waterfall Tours and Ba Be Lake,Chuyến tham quan nhiều ngày • Chuyến tham quan sinh thái,Cao Bang,https://www.tripadvisor.com.vn/Attraction_Review-g1519989-d25034919-Reviews-Authentic_Adventures_Vietnam_Travel_company_Ban_Gioc_Waterfall_Tours_and_Ba_Be_.html,24,tripadvisor_vn
Authentic Cao Bang Tour Start Daily From Hanoi by Luxury Limousine,"Chuyến tham quan nhiều ngày • Chuyến tham quan bằng xe 4WD, ATV & xe địa hình",Cao Bang,https://www.tripadvisor.com.vn/Attraction_Review-g1519989-d28262890-Reviews-Authentic_Cao_Bang_Tour_Start_Daily_From_Hanoi_by_Luxury_Limousine-Cao_Bang_Cao.html,25,tripadvisor_vn
PIA Cao Bằng,Chuyến tham quan nhiều ngày • Chuyến tham quan văn hóa,Cao Bang,https://www.tripadvisor.com.vn/Attraction_Review-g1519989-d32884983-Reviews-PIA_Homestay_Travel_Cao_Bang-Cao_Bang_Cao_Bang_Province.html,26,tripadvisor_vn
"LOOP CAO BANG | Tours Motorbike, trekking & kayaking",Chuyến tham quan bằng xe đạp • Chuyến tham quan đi bộ & cắm trại,Cao Bang,https://www.tripadvisor.com.vn/Attraction_Review-g1519989-d34491853-Reviews-LOOP_CAO_BANG_Tours_Motorbike_trekking_kayaking-Cao_Bang_Cao_Bang_Province.html,27,tripadvisor_vn
7K Cao Bang Loop,Chuyến tham quan nhiều ngày • Điểm thu hút khách tham quan & thắng cảnh,Cao Bang,https://www.tripadvisor.com.vn/Attraction_Review-g1519989-d33442453-Reviews-Haimcaobang_Loop-Cao_Bang_Cao_Bang_Province.html,28,tripadvisor_vn
Cao Bang Travel,Chuyến tham quan nhiều ngày • Chuyến tham quan văn hóa,Cao Bang,https://www.tripadvisor.com.vn/Attraction_Review-g1519989-d32699961-Reviews-Cao_Bang_Travel-Cao_Bang_Cao_Bang_Province.html,29,tripadvisor_vn
Cao Bang Green Tour,Chuyến tham quan nhiều ngày • Chuyến tham quan bằng mô tô,Cao Bang,https://www.tripadvisor.com.vn/Attraction_Review-g1519989-d33358387-Reviews-Cao_Bang_Green_Tour-Cao_Bang_Cao_Bang_Province.html,30,tripadvisor_vn
CAO BANG ARMY JEEP TOURS,"Chuyến tham quan nhiều ngày • Chuyến tham quan bằng xe 4WD, ATV & xe địa hình",Cao Bang,https://www.tripadvisor.com.vn/Attraction_Review-g1519989-d28026767-Reviews-CAO_BANG_ARMY_JEEP_TOURS-Cao_Bang_Cao_Bang_Province.html,31,tripadvisor_vn
CAO BANG CAMPING,Chuyến tham quan nhiều ngày • Taxi & xe đưa đón,Cao Bang,https://www.tripadvisor.com.vn/Attraction_Review-g1519989-d24176172-Reviews-CAO_BANG_CAMPING-Cao_Bang_Cao_Bang_Province.html,32,tripadvisor_vn
Ban Gioc Adventure,Chuyến tham quan nhiều ngày • Chuyến tham quan đi dạo,Cao Bang,https://www.tripadvisor.com.vn/Attraction_Review-g1519989-d20868876-Reviews-Ban_Gioc_Adventure-Cao_Bang_Cao_Bang_Province.html,33,tripadvisor_vn
Cao Bang Motorbike Tours,Chuyến tham quan nhiều ngày • Chuyến tham quan bằng mô tô,Cao Bang,https://www.tripadvisor.com.vn/Attraction_Review-g1519989-d28120143-Reviews-Cao_Bang_Motorbike_Tours-Cao_Bang_Cao_Bang_Province.html,34,tripadvisor_vn
Authentic Cao Bang - Easy Riders - Jeep - Car - Dirt Bike Tours,"Chuyến tham quan nhiều ngày • Chuyến tham quan bằng xe 4WD, ATV & xe địa hình",Cao Bang,https://www.tripadvisor.com.vn/Attraction_Review-g1519989-d27786458-Reviews-Authentic_Cao_Bang_Easy_Riders_Jeep_Car_Dirt_Bike_Tours-Cao_Bang_Cao_Bang_Provi.html,35,tripadvisor_vn
Cao Bằng Tourist,Chuyến tham quan nhiều ngày,Cao Bang,https://www.tripadvisor.com.vn/Attraction_Review-g1519989-d26790365-Reviews-Cao_B_ng_Tourist-Cao_Bang_Cao_Bang_Province.html,36,tripadvisor_vn
Cho Thuê Xe Máy Tại Cao Bằng - Motobike Tour & Rental,Cho thuê tiện ích • Chuyến tham quan tự hướng dẫn & cho thuê,Cao Bang,https://www.tripadvisor.com.vn/Attraction_Review-g1519989-d26936258-Reviews-Cho_Thue_Xe_May_T_i_Cao_B_ng_Motobike_Tour_Rental-Cao_Bang_Cao_Bang_Province.html,37,tripadvisor_vn
Thuê Xe Máy Cao Bằng,Chuyến tham quan bằng mô tô,Cao Bang,https://www.tripadvisor.com.vn/Attraction_Review-g1519989-d27648101-Reviews-Thue_Xe_May_Cao_B_ng-Cao_Bang_Cao_Bang_Province.html,38,tripadvisor_vn
Explore Cao Bang with Cao Bang Travel,Chuyến tham quan văn hóa • Chuyến tham quan bằng xe buýt du lịch,Cao Bang,https://www.tripadvisor.com.vn/Attraction_Review-g1519989-d32700031-Reviews-Explore_Cao_Bang_with_Cao_Bang_Travel-Cao_Bang_Cao_Bang_Province.html,39,tripadvisor_vn
Cao Bang Expeditions,Chuyến tham quan cảm giác mạnh & mạo hiểm,Cao Bang,https://www.tripadvisor.com.vn/Attraction_Review-g1519989-d26874638-Reviews-Cao_Bang_Expeditions-Cao_Bang_Cao_Bang_Province.html,40,tripadvisor_vn
Cao Bang Serenity: 3D2N Route to Ban Gioc and Ngoc Con Trek,Chuyến tham quan nhiều ngày,Cao Bang,https://www.tripadvisor.com.vn/Attraction_Review-g1519989-d34095246-Reviews-Cao_Bang_Serenity_3D2N_Route_to_Ban_Gioc_and_Ngoc_Con_Trek-Cao_Bang_Cao_Bang_Pr.html,41,tripadvisor_vn
Cao Bang By Jeep,"Chuyến tham quan nhiều ngày • Chuyến tham quan bằng xe 4WD, ATV & xe địa hình",Cao Bang,https://www.tripadvisor.com.vn/Attraction_Review-g1519989-d34191736-Reviews-Cao_Bang_By_Jeep-Cao_Bang_Cao_Bang_Province.html,42,tripadvisor_vn
Cao Bang Travel - Travel with Tay and Nung people,Chuyến tham quan nhiều ngày • Taxi & xe đưa đón,Cao Bang,https://www.tripadvisor.com.vn/Attraction_Review-g1519989-d28662031-Reviews-Cao_Bang_Travel_Travel_with_Tay_and_Nung_people-Cao_Bang_Cao_Bang_Province.html,43,tripadvisor_vn
Cao Bang Tours,Chuyến tham quan nhiều ngày • Chuyến đi trong ngày,Cao Bang,https://www.tripadvisor.com.vn/Attraction_Review-g1519989-d30368120-Reviews-Cao_Bang_Tours-Cao_Bang_Cao_Bang_Province.html,44,tripadvisor_vn
Insight Vietnam - Cao Bang,Chuyến tham quan nhiều ngày • Chuyến đi trong ngày,Cao Bang,https://www.tripadvisor.com.vn/Attraction_Review-g1519989-d32705364-Reviews-Insight_Vietnam_Cao_Bang-Cao_Bang_Cao_Bang_Province.html,45,tripadvisor_vn
Opatrip.com Cao Bang,Chuyến đi trong ngày,Cao Bang,https://www.tripadvisor.com.vn/Attraction_Review-g1519989-d25392289-Reviews-Opatrip_com_Cao_Bang-Cao_Bang_Cao_Bang_Province.html,46,tripadvisor_vn
Rose Tourist – Cao Bằng,Chuyến tham quan nhiều ngày • Chuyến tham quan tư nhân,Cao Bang,https://www.tripadvisor.com.vn/Attraction_Review-g1519989-d33067686-Reviews-Rose_Tourist_Cao_B_ng-Cao_Bang_Cao_Bang_Province.html,47,tripadvisor_vn
TripBestie Cao Bang,Chuyến tham quan nhiều ngày • Taxi & xe đưa đón,Cao Bang,https://www.tripadvisor.com.vn/Attraction_Review-g1519989-d27995912-Reviews-TripBestie_Cao_Bang-Cao_Bang_Cao_Bang_Province.html,48,tripadvisor_vn
Red Gecko Travel - Cao Bang,Chuyến tham quan nhiều ngày • Chuyến đi trong ngày,Cao Bang,https://www.tripadvisor.com.vn/Attraction_Review-g1519989-d28825881-Reviews-Red_Gecko_Travel_Cao_Bang-Cao_Bang_Cao_Bang_Province.html,49,tripadvisor_vn
Asia Group Tour - Cao Bang,Chuyến tham quan nhiều ngày • Chuyến đi trong ngày,Cao Bang,https://www.tripadvisor.com.vn/Attraction_Review-g1519989-d32847096-Reviews-Asia_Group_Tour_Cao_Bang-Cao_Bang_Cao_Bang_Province.html,50,tripadvisor_vn
Cao Bang Explorer,Chuyến đi trong ngày,Cao Bang,https://www.tripadvisor.com.vn/Attraction_Review-g1519989-d32810431-Reviews-Cao_Bang_Explorer-Cao_Bang_Cao_Bang_Province.html,51,tripadvisor_vn
BOSS Travel,Chuyến tham quan nhiều ngày • Chuyến tham quan bằng xe buýt du lịch,Cao Bang,https://www.tripadvisor.com.vn/Attraction_Review-g1519989-d34616043-Reviews-BOSS_Travel-Cao_Bang_Cao_Bang_Province.html,52,tripadvisor_vn
Vietnam Cultural Tours - Cao Bang,Chuyến tham quan nhiều ngày • Chuyến tham quan tư nhân,Cao Bang,https://www.tripadvisor.com.vn/Attraction_Review-g1519989-d33011586-Reviews-Vietnam_Cultural_Tours_Cao_Bang-Cao_Bang_Cao_Bang_Province.html,53,tripadvisor_vn
Ban Gioc Waterfall – A Journey to Northern Vietnam’s Hidden Beauty,Chuyến tham quan bằng xe đạp • Chuyến tham quan đi dạo,Cao Bang,https://www.tripadvisor.com.vn/Attraction_Review-g1519989-d33631429-Reviews-Ban_Gioc_Waterfall_A_Journey_to_Northern_Vietnam_s_Hidden_Beauty-Cao_Bang_Cao_B.html,54,tripadvisor_vn
Aclass Tours - Cao Bang,Chuyến tham quan nhiều ngày • Chuyến tham quan tư nhân,Cao Bang,https://www.tripadvisor.com.vn/Attraction_Review-g1519989-d33003516-Reviews-Aclass_Tours_Cao_Bang-Cao_Bang_Cao_Bang_Province.html,55,tripadvisor_vn
Dragon Tourist - Cao Bang,Chuyến tham quan nhiều ngày • Chuyến đi trong ngày,Cao Bang,https://www.tripadvisor.com.vn/Attraction_Review-g1519989-d33093950-Reviews-Dragon_Tourist_Cao_Bang-Cao_Bang_Cao_Bang_Province.html,56,tripadvisor_vn
Lotus Tourist - Cao Bang,Chuyến tham quan nhiều ngày • Chuyến tham quan tư nhân,Cao Bang,https://www.tripadvisor.com.vn/Attraction_Review-g1519989-d33984106-Reviews-Lotus_Tourist_Cao_Bang-Cao_Bang_Cao_Bang_Province.html,57,tripadvisor_vn
Alotour - Cao Bang,Chuyến tham quan nhiều ngày • Chuyến đi trong ngày,Cao Bang,https://www.tripadvisor.com.vn/Attraction_Review-g1519989-d33444370-Reviews-Alotour_Cao_Bang-Cao_Bang_Cao_Bang_Province.html,58,tripadvisor_vn
Viet Holidays - Cao Bang,Chuyến tham quan nhiều ngày • Chuyến tham quan tư nhân,Cao Bang,https://www.tripadvisor.com.vn/Attraction_Review-g1519989-d33972324-Reviews-Viet_Holidays_Cao_Bang-Cao_Bang_Cao_Bang_Province.html,59,tripadvisor_vn
May Homestay & Tours In Cao Bang,Tour thăm quan thành phố • Chuyến tham quan văn hóa,Cao Bang,https://www.tripadvisor.com.vn/Attraction_Review-g1519989-d34113399-Reviews-May_Homestay_Tours_In_Cao_Bang-Cao_Bang_Cao_Bang_Province.html,60,tripadvisor_vn
Cao Bang Moments Travel and Tours,Chuyến tham quan ngắm cảnh,Cao Bang,https://www.tripadvisor.com.vn/Attraction_Review-g1519989-d34485503-Reviews-Cao_Bang_Moments_Travel_and_Tours-Cao_Bang_Cao_Bang_Province.html,61,tripadvisor_vn
Cao Bang Jeep Tour,"Chuyến tham quan nhiều ngày • Chuyến tham quan bằng xe 4WD, ATV & xe địa hình",Cao Bang,https://www.tripadvisor.com.vn/Attraction_Review-g1519989-d34662279-Reviews-Cao_Bang_Jeep_Tour-Cao_Bang_Cao_Bang_Province.html,62,tripadvisor_vn
Cao Bang Slow Travel Tours,Chuyến tham quan ngắm cảnh,Cao Bang,https://www.tripadvisor.com.vn/Attraction_Review-g1519989-d27945267-Reviews-Cao_Bang_Slow_Travel_Tours-Cao_Bang_Cao_Bang_Province.html,63,tripadvisor_vn
Cao Bang Full Day Tour - Serenity,Chuyến tham quan bằng mô tô,Cao Bang,https://www.tripadvisor.com.vn/Attraction_Review-g1519989-d34558519-Reviews-Cao_Bang_Full_Day_Tour_Serenity-Cao_Bang_Cao_Bang_Province.html,64,tripadvisor_vn
Elegance Cao Bang,Chuyến tham quan nhiều ngày • Chuyến tham quan tư nhân,Cao Bang,https://www.tripadvisor.com.vn/Attraction_Review-g1519989-d33066276-Reviews-Elegance_Cao_Bang-Cao_Bang_Cao_Bang_Province.html,65,tripadvisor_vn
Vietnam's Ethnics Community,Xưởng vẽ & làm đồ gốm • Chuyến tham quan nhiều ngày,Cao Bang,https://www.tripadvisor.com.vn/Attraction_Review-g1519989-d34512677-Reviews-Vietnam_s_Ethnics_Community-Cao_Bang_Cao_Bang_Province.html,66,tripadvisor_vn
Nùng Indigo,Chuyến tham quan văn hóa,Cao Bang,https://www.tripadvisor.com.vn/Attraction_Review-g1519989-d34398138-Reviews-Nung_Indigo-Cao_Bang_Cao_Bang_Province.html,67,tripadvisor_vn
Lan Bế Travel,"Chuyến tham quan nhiều ngày • Chuyến tham quan bằng xe 4WD, ATV & xe địa hình",Cao Bang,https://www.tripadvisor.com.vn/Attraction_Review-g1519989-d34564564-Reviews-Lan_B_Travel-Cao_Bang_Cao_Bang_Province.html,68,tripadvisor_vn
Vietnam Destination Travel,Chuyến tham quan nhiều ngày • Taxi & xe đưa đón,Cao Bang,https://www.tripadvisor.com.vn/Attraction_Review-g1519989-d34678850-Reviews-Vietnam_Destination_Travel-Cao_Bang_Cao_Bang_Province.html,69,tripadvisor_vn
Dray Nur Waterfall,Thác nước,Dak Lak,https://www.tripadvisor.com.vn/Attraction_Review-g670918-d4766576-Reviews-Dray_Nur_Waterfall-Buon_Ma_Thuot_Dak_Lak_Province.html,1,tripadvisor_vn
Ghềnh Đá Dĩa,Hình thái địa chất,Dak Lak,https://www.tripadvisor.com.vn/Attraction_Review-g1582771-d6025395-Reviews-Da_Dia_Reef-Tuy_Hoa_Dak_Lak_Province.html,2,tripadvisor_vn
Làng Cà Phê Trung Nguyên,Viện bảo tàng chuyên ngành,Dak Lak,https://www.tripadvisor.com.vn/Attraction_Review-g670918-d8010365-Reviews-Trung_Nguyen_Village_Coffee-Buon_Ma_Thuot_Dak_Lak_Province.html,3,tripadvisor_vn
Vườn Quốc Gia Yok Đôn,Điểm thu hút khách tham quan & thắng cảnh • Công viên quốc gia,Dak Lak,https://www.tripadvisor.com.vn/Attraction_Review-g23904077-d23902586-Reviews-Yok_Don_National_Park-Ea_Huar_Dak_Lak_Province.html,4,tripadvisor_vn
Ethnographic Museum,Viện bảo tàng chuyên ngành,Dak Lak,https://www.tripadvisor.com.vn/Attraction_Review-g670918-d3506904-Reviews-Ethnographic_Museum-Buon_Ma_Thuot_Dak_Lak_Province.html,5,tripadvisor_vn
Hồ Lắk,Vùng nước,Dak Lak,https://www.tripadvisor.com.vn/Attraction_Review-g1633422-d1633432-Reviews-Lak_Lake-Dak_Lak_Province.html,6,tripadvisor_vn
Mũi Đại Lãnh,Điểm thu hút khách tham quan & thắng cảnh • Ngọn hải đăng,Dak Lak,https://www.tripadvisor.com.vn/Attraction_Review-g12616068-d10840612-Reviews-Dai_Lanh_Cape-Hoa_Tam_Dak_Lak_Province.html,7,tripadvisor_vn
Hải đăng Mũi Đại Điện,Điểm thu hút khách tham quan & thắng cảnh • Ngọn hải đăng,Dak Lak,https://www.tripadvisor.com.vn/Attraction_Review-g12616068-d11641766-Reviews-Mui_Dien_Lighthouse-Hoa_Tam_Dak_Lak_Province.html,8,tripadvisor_vn
Bảo Tàng Thế giới Cà phê,Viện bảo tàng chuyên ngành,Dak Lak,https://www.tripadvisor.com.vn/Attraction_Review-g670918-d15353695-Reviews-The_World_Coffee_Museum-Buon_Ma_Thuot_Dak_Lak_Province.html,9,tripadvisor_vn
Nhà Thờ Mằng Lăng,Nhà thờ & nhà thờ lớn,Dak Lak,https://www.tripadvisor.com.vn/Attraction_Review-g13163530-d13006824-Reviews-Mang_Lang_Church-Phu_My_Dak_Lak_Province.html,10,tripadvisor_vn
Khu du lịch sinh thái Kotam,Khu vực tự nhiên & động vật hoang dã,Dak Lak,https://www.tripadvisor.com.vn/Attraction_Review-g670918-d8408673-Reviews-Kotam_Ecotourism_Destination-Buon_Ma_Thuot_Dak_Lak_Province.html,11,tripadvisor_vn
Quang Đuc Xua,Điểm thu hút khách tham quan & thắng cảnh • Khu vực đi dạo ngắm cảnh,Dak Lak,https://www.tripadvisor.com.vn/Attraction_Review-g1582771-d12945687-Reviews-Quang_Duc_Xua-Tuy_Hoa_Dak_Lak_Province.html,12,tripadvisor_vn
Mai Nha Island,Quần đảo,Dak Lak,https://www.tripadvisor.com.vn/Attraction_Review-g1582771-d6454070-Reviews-Mai_Nha_Island-Tuy_Hoa_Dak_Lak_Province.html,13,tripadvisor_vn
Tượng đài chiến thắng Buôn Ma Thuột,Điểm thu hút khách tham quan & thắng cảnh • Đài kỷ niệm & tượng,Dak Lak,https://www.tripadvisor.com.vn/Attraction_Review-g670918-d6931588-Reviews-Victory_Monument_Buon_Ma_Thuot-Buon_Ma_Thuot_Dak_Lak_Province.html,14,tripadvisor_vn
Vịnh Xuân Đài,Bến du thuyền • Vùng nước,Dak Lak,https://www.tripadvisor.com.vn/Attraction_Review-g2098681-d9748267-Reviews-Xuan_Dai_Bay-Song_Cau_Town_Dak_Lak_Province.html,15,tripadvisor_vn
Nghinh Phong Tower,Tòa nhà kiến trúc,Dak Lak,https://www.tripadvisor.com.vn/Attraction_Review-g1582771-d32834788-Reviews-Nghinh_Phong_Tower-Tuy_Hoa_Dak_Lak_Province.html,16,tripadvisor_vn
Dray Sap Falls,Thác nước,Dak Lak,https://www.tripadvisor.com.vn/Attraction_Review-g670918-d4869953-Reviews-Dray_Sap_Falls-Buon_Ma_Thuot_Dak_Lak_Province.html,17,tripadvisor_vn
Gành Ông - Bãi Xép,Khu vực đi dạo ngắm cảnh,Dak Lak,https://www.tripadvisor.com.vn/Attraction_Review-g15293083-d13837515-Reviews-Ganh_Ong_Bai_Xep-An_Chan_Dak_Lak_Province.html,18,tripadvisor_vn
Chùa Hoa Nghiêm,Địa điểm tôn giáo,Dak Lak,https://www.tripadvisor.com.vn/Attraction_Review-g670918-d9747185-Reviews-Hoa_Nghiem_Temple-Buon_Ma_Thuot_Dak_Lak_Province.html,19,tripadvisor_vn
Hòn Yến,Quần đảo,Dak Lak,https://www.tripadvisor.com.vn/Attraction_Review-g1582771-d17750647-Reviews-Hon_Yen-Tuy_Hoa_Dak_Lak_Province.html,20,tripadvisor_vn
Khu du lich sinh thái Đầu Nguồn,Khu vực tự nhiên & động vật hoang dã,Dak Lak,https://www.tripadvisor.com.vn/Attraction_Review-g670918-d8631008-Reviews-Dau_Nguon_Eco_Resort-Buon_Ma_Thuot_Dak_Lak_Province.html,21,tripadvisor_vn
Vườn Troh Bư,Vườn,Dak Lak,https://www.tripadvisor.com.vn/Attraction_Review-g670918-d12149981-Reviews-Troh_Bu_Botanic_Garden-Buon_Ma_Thuot_Dak_Lak_Province.html,22,tripadvisor_vn
Chợ Tuy Hòa,Chợ trời & chợ đường phố,Dak Lak,https://www.tripadvisor.com.vn/Attraction_Review-g1582771-d15688877-Reviews-Tuy_Hoa_Market-Tuy_Hoa_Dak_Lak_Province.html,23,tripadvisor_vn
Đường Sách Cà Phê Buôn Ma Thuột,Điểm thu hút khách tham quan & thắng cảnh,Dak Lak,https://www.tripadvisor.com.vn/Attraction_Review-g670918-d18717830-Reviews-Duong_Sach_Ca_Phe_Buon_Ma_Thuot-Buon_Ma_Thuot_Dak_Lak_Province.html,24,tripadvisor_vn
Vườn Quốc Gia Chư Yang Sin,Công viên quốc gia,Dak Lak,https://www.tripadvisor.com.vn/Attraction_Review-g8310121-d8305184-Reviews-Chu_Yang_Sin_National_Park-Krong_Bong_Dak_Lak_Province.html,25,tripadvisor_vn
Làng Pámé - Sinh Thái & Trải Nghiệm,Khu vực đi dạo ngắm cảnh • Bãi biển & câu lạc bộ bể bơi,Dak Lak,https://www.tripadvisor.com.vn/Attraction_Review-g670918-d27486239-Reviews-Lang_Pame_Sinh_Thai_Tr_i_Nghi_m-Buon_Ma_Thuot_Dak_Lak_Province.html,26,tripadvisor_vn
"Thap Nhan, Tuy Hoa (nhan Temple)",Địa điểm lịch sử • Di tích cổ,Dak Lak,https://www.tripadvisor.com.vn/Attraction_Review-g1582771-d33250134-Reviews-Thap_Nhan_Tuy_Hoa_nhan_Temple-Tuy_Hoa_Dak_Lak_Province.html,27,tripadvisor_vn
Đèo Phượng Hoàng,Đi xe ngắm cảnh,Dak Lak,https://www.tripadvisor.com.vn/Attraction_Review-g1633422-d16835263-Reviews-Phuong_Hoang_Pass-Dak_Lak_Province.html,28,tripadvisor_vn
tiNiWorld,Sân chơi • Trung tâm trò chơi & giải trí,Dak Lak,https://www.tripadvisor.com.vn/Attraction_Review-g670918-d9996427-Reviews-TiNiWorld-Buon_Ma_Thuot_Dak_Lak_Province.html,29,tripadvisor_vn
Dakbla River,Vùng nước,Dak Lak,https://www.tripadvisor.com.vn/Attraction_Review-g1633422-d1672375-Reviews-Dakbla_River-Dak_Lak_Province.html,30,tripadvisor_vn
Vuc Phun,Thác nước,Dak Lak,https://www.tripadvisor.com.vn/Attraction_Review-g26578300-d26566261-Reviews-Vuc_Phun-Hoa_My_Tay_Dak_Lak_Province.html,31,tripadvisor_vn
Kontum Montagnard Statue,Đài kỷ niệm & tượng,Dak Lak,https://www.tripadvisor.com.vn/Attraction_Review-g1633422-d1657475-Reviews-Kontum_Montagnard_Statue-Dak_Lak_Province.html,32,tripadvisor_vn
Mõm Cá Mập,Bãi biển • Bãi biển & câu lạc bộ bể bơi,Dak Lak,https://www.tripadvisor.com.vn/Attraction_Review-g25204280-d34372065-Reviews-Mom_Ca_M_p-An_Ninh_Dong_Dak_Lak_Province.html,33,tripadvisor_vn
Bãi Biển Vịnh Hoà,Bãi biển & câu lạc bộ bể bơi,Dak Lak,https://www.tripadvisor.com.vn/Attraction_Review-g26580352-d26576509-Reviews-Bai_Bi_n_V_nh_Hoa-Xuan_Thinh_Song_Cau_Town_Dak_Lak_Province.html,34,tripadvisor_vn
Qt Spa,Spa,Dak Lak,https://www.tripadvisor.com.vn/Attraction_Review-g23088126-d28200971-Reviews-Qt_Spa-An_M_Dak_Lak_Province.html,35,tripadvisor_vn
Đồng Phục Gia Minh,Cửa hàng đặc sản & cửa hàng quà tặng,Dak Lak,https://www.tripadvisor.com.vn/Attraction_Review-g670918-d24116413-Reviews-Dong_Phuc_Gia_Minh-Buon_Ma_Thuot_Dak_Lak_Province.html,36,tripadvisor_vn
Moon Bar & Grill,Quán bar & câu lạc bộ,Dak Lak,https://www.tripadvisor.com.vn/Attraction_Review-g670918-d24051005-Reviews-Moon_Bar_Grill-Buon_Ma_Thuot_Dak_Lak_Province.html,37,tripadvisor_vn
Aura Spa - Stelia Resort,Spa,Dak Lak,https://www.tripadvisor.com.vn/Attraction_Review-g1582771-d25171275-Reviews-Aura_Spa_Stelia_Resort-Tuy_Hoa_Dak_Lak_Province.html,38,tripadvisor_vn
Massage Người Mù An Nhiên Tuy Hòa,Spa,Dak Lak,https://www.tripadvisor.com.vn/Attraction_Review-g1582771-d26337894-Reviews-Massage_Ngu_i_Mu_An_Nhien_Tuy_Hoa-Tuy_Hoa_Dak_Lak_Province.html,39,tripadvisor_vn
An Spa,Spa,Dak Lak,https://www.tripadvisor.com.vn/Attraction_Review-g1582771-d21502116-Reviews-An_Spa-Tuy_Hoa_Dak_Lak_Province.html,40,tripadvisor_vn
EDE Farm,Cửa hàng đặc sản & cửa hàng quà tặng,Dak Lak,https://www.tripadvisor.com.vn/Attraction_Review-g670918-d15353820-Reviews-EDE_Farm-Buon_Ma_Thuot_Dak_Lak_Province.html,41,tripadvisor_vn
Hến Store,Cửa hàng đặc sản & cửa hàng quà tặng,Dak Lak,https://www.tripadvisor.com.vn/Attraction_Review-g1633422-d21337911-Reviews-H_n_Store-Dak_Lak_Province.html,42,tripadvisor_vn
Truc Lam Anh,Taxi & xe đưa đón,Dak Lak,https://www.tripadvisor.com.vn/Attraction_Review-g670918-d17519309-Reviews-Truc_Lam_Anh-Buon_Ma_Thuot_Dak_Lak_Province.html,43,tripadvisor_vn
CHD Travel,Chuyến tham quan nhiều ngày • Chuyến tham quan văn hóa,Dak Lak,https://www.tripadvisor.com.vn/Attraction_Review-g670918-d12708025-Reviews-CHD_Travel-Buon_Ma_Thuot_Dak_Lak_Province.html,44,tripadvisor_vn
Zeno Yoga Club,Yoga & pilate,Dak Lak,https://www.tripadvisor.com.vn/Attraction_Review-g1582771-d28049805-Reviews-Zeno_Yoga_Club-Tuy_Hoa_Dak_Lak_Province.html,45,tripadvisor_vn
Cội Nguồn Cà Phê Việt,Cửa hàng đặc sản & cửa hàng quà tặng,Dak Lak,https://www.tripadvisor.com.vn/Attraction_Review-g670918-d16710597-Reviews-V_Ori_Coffee-Buon_Ma_Thuot_Dak_Lak_Province.html,46,tripadvisor_vn
Massage Khiếm Thị An Nhiên Tuy Hòa Phú Yên,Spa,Dak Lak,https://www.tripadvisor.com.vn/Attraction_Review-g1582771-d27502438-Reviews-Massage_Khi_m_Th_An_Nhien_Tuy_Hoa_Phu_Yen-Tuy_Hoa_Dak_Lak_Province.html,47,tripadvisor_vn
Xe Lam Quán,Quán bar & câu lạc bộ,Dak Lak,https://www.tripadvisor.com.vn/Attraction_Review-g670918-d24964417-Reviews-Xe_Lam_Quan-Buon_Ma_Thuot_Dak_Lak_Province.html,48,tripadvisor_vn
Trạm quà Vang Danh,Cửa hàng đặc sản & cửa hàng quà tặng,Dak Lak,https://www.tripadvisor.com.vn/Attraction_Review-g670918-d27975894-Reviews-Vang_Danh_Cua_Hang_Dac_San_Luu_Niem_Tay_Nguyen-Buon_Ma_Thuot_Dak_Lak_Province.html,49,tripadvisor_vn
Crossroad Bar,Quán bar & câu lạc bộ • Quầy bar karaoke,Dak Lak,https://www.tripadvisor.com.vn/Attraction_Review-g23088126-d27655853-Reviews-Crossroad_Bar-An_M_Dak_Lak_Province.html,50,tripadvisor_vn
Spa Tulip,Spa,Dak Lak,https://www.tripadvisor.com.vn/Attraction_Review-g1582771-d17414722-Reviews-Spa_Tulip-Tuy_Hoa_Dak_Lak_Province.html,51,tripadvisor_vn
Soul Yoga Academy,Yoga & pilate,Dak Lak,https://www.tripadvisor.com.vn/Attraction_Review-g1582771-d25345807-Reviews-Soul_Yoga_Academy-Tuy_Hoa_Dak_Lak_Province.html,52,tripadvisor_vn
APEC Spa Tuy Hoà - Dưỡng Sinh Trị Liệu,Spa,Dak Lak,https://www.tripadvisor.com.vn/Attraction_Review-g1582771-d25226885-Reviews-APEC_Spa_Tuy_Hoa_Du_ng_Sinh_Tr_Li_u-Tuy_Hoa_Dak_Lak_Province.html,53,tripadvisor_vn
THỊ Cafe & Pub,Quán bar & câu lạc bộ,Dak Lak,https://www.tripadvisor.com.vn/Attraction_Review-g670918-d26301509-Reviews-TH_Cafe_Pub-Buon_Ma_Thuot_Dak_Lak_Province.html,54,tripadvisor_vn
Sữa Gạo Spa - Dưỡng Sinh Đông Y - Xông Hơi Đá Muối Hymalaya,Spa,Dak Lak,https://www.tripadvisor.com.vn/Attraction_Review-g670918-d33077624-Reviews-Spa_Rice_Milk_Oriental_Medicine_Health_Care_Himalayan_Salt_Stone_Sauna_Bmt_Orien.html,55,tripadvisor_vn
An Spa - Phu Yen,Spa,Dak Lak,https://www.tripadvisor.com.vn/Attraction_Review-g1582771-d21503629-Reviews-An_Spa_Phu_Yen-Tuy_Hoa_Dak_Lak_Province.html,56,tripadvisor_vn
Motorbike Trip Vietnam,Chuyến tham quan nhiều ngày • Chuyến tham quan văn hóa,Dak Lak,https://www.tripadvisor.com.vn/Attraction_Review-g670918-d8532462-Reviews-Motorbike_Trip_Vietnam-Buon_Ma_Thuot_Dak_Lak_Province.html,57,tripadvisor_vn
DakLak Tour,Chuyến tham quan nhiều ngày • Chuyến tham quan ngắm cảnh,Dak Lak,https://www.tripadvisor.com.vn/Attraction_Review-g670918-d4437590-Reviews-DakLak_Tour-Buon_Ma_Thuot_Dak_Lak_Province.html,58,tripadvisor_vn
Coffee Spa,Spa,Dak Lak,https://www.tripadvisor.com.vn/Attraction_Review-g670918-d25015831-Reviews-Trung_Nguyen_Coffee_Spa-Buon_Ma_Thuot_Dak_Lak_Province.html,59,tripadvisor_vn
Tenderly Bar,Quầy bar có nhạc jazz,Dak Lak,https://www.tripadvisor.com.vn/Attraction_Review-g670918-d32841049-Reviews-Tenderly_Bar-Buon_Ma_Thuot_Dak_Lak_Province.html,60,tripadvisor_vn
22 Beauty Room,Spa,Dak Lak,https://www.tripadvisor.com.vn/Attraction_Review-g670918-d27730580-Reviews-22_Beauty_Room-Buon_Ma_Thuot_Dak_Lak_Province.html,61,tripadvisor_vn
An Viên,Spa,Dak Lak,https://www.tripadvisor.com.vn/Attraction_Review-g1582771-d28023992-Reviews-An_Vien-Tuy_Hoa_Dak_Lak_Province.html,62,tripadvisor_vn
Cà phê Kiên Cường,Cửa hàng đặc sản & cửa hàng quà tặng,Dak Lak,https://www.tripadvisor.com.vn/Attraction_Review-g670918-d23061147-Reviews-Ca_phe_Kien_Cu_ng-Buon_Ma_Thuot_Dak_Lak_Province.html,64,tripadvisor_vn
DakViet Travel,Chuyến tham quan nhiều ngày • Chuyến tham quan ngắm cảnh,Dak Lak,https://www.tripadvisor.com.vn/Attraction_Review-g670918-d7938564-Reviews-DakViet_Travel_Day_Tours-Buon_Ma_Thuot_Dak_Lak_Province.html,65,tripadvisor_vn
Easy Riders Buon Ma Thuot,Chuyến tham quan nhiều ngày • Chuyến tham quan văn hóa,Dak Lak,https://www.tripadvisor.com.vn/Attraction_Review-g670918-d7786167-Reviews-Easy_Riders_Buon_Ma_Thuot-Buon_Ma_Thuot_Dak_Lak_Province.html,66,tripadvisor_vn
Cloud Spa,Spa,Dak Lak,https://www.tripadvisor.com.vn/Attraction_Review-g23088126-d27717384-Reviews-Winny_Spa-An_M_Dak_Lak_Province.html,67,tripadvisor_vn
Happy Yoga,Yoga & pilate,Dak Lak,https://www.tripadvisor.com.vn/Attraction_Review-g23088126-d28018562-Reviews-Happy_Yoga-An_M_Dak_Lak_Province.html,68,tripadvisor_vn
Siêu thị WinMart Buôn Mê Thuột,Cửa hàng đặc sản & cửa hàng quà tặng,Dak Lak,https://www.tripadvisor.com.vn/Attraction_Review-g670918-d34514871-Reviews-Sieu_th_WinMart_Buon_Me_Thu_t-Buon_Ma_Thuot_Dak_Lak_Province.html,69,tripadvisor_vn
Sữa Gạo Spa - Xông Hơi Dá Muối Hymalaya,Spa,Dak Lak,https://www.tripadvisor.com.vn/Attraction_Review-g670918-d33074324-Reviews-S_a_G_o_Spa_Xong_Hoi_Da_Mu_i_Hymalaya-Buon_Ma_Thuot_Dak_Lak_Province.html,70,tripadvisor_vn
Siêu thị WinMart Tuy Hòa,Cửa hàng đặc sản & cửa hàng quà tặng,Dak Lak,https://www.tripadvisor.com.vn/Attraction_Review-g1582771-d34514933-Reviews-Sieu_th_WinMart_Tuy_Hoa-Tuy_Hoa_Dak_Lak_Province.html,74,tripadvisor_vn
Greentraveller Dak Lak,Chuyến tham quan nhiều ngày • Chèo xuồng & ngồi phao trên sông,Dak Lak,https://www.tripadvisor.com.vn/Attraction_Review-g670918-d28121337-Reviews-Greentraveller_Dak_Lak-Buon_Ma_Thuot_Dak_Lak_Province.html,75,tripadvisor_vn
Phú Yên Tour,Chuyến tham quan nhiều ngày • Chuyến tham quan ngắm cảnh,Dak Lak,https://www.tripadvisor.com.vn/Attraction_Review-g1582771-d14948890-Reviews-Phu_Yen_Tour-Tuy_Hoa_Dak_Lak_Province.html,76,tripadvisor_vn
DAO'S HERBS CENTER,Chuyến đi trong ngày,Dak Lak,https://www.tripadvisor.com.vn/Attraction_Review-g1582771-d19882409-Reviews-DAO_S_HERBS_CENTER-Tuy_Hoa_Dak_Lak_Province.html,77,tripadvisor_vn
nông trại sinh thái hồ Ea Kao,"Chuyến tham quan quán bar, câu lạc bộ & quán rượu • Chuyến tham quan nhiều ngày",Dak Lak,https://www.tripadvisor.com.vn/Attraction_Review-g670918-d23387552-Reviews-Nong_tr_i_sinh_thai_h_Ea_Kao-Buon_Ma_Thuot_Dak_Lak_Province.html,78,tripadvisor_vn
Coffee Tour - Day Tours,Chuyến tham quan văn hóa • Chuyến tham quan cà phê & trà,Dak Lak,https://www.tripadvisor.com.vn/Attraction_Review-g670918-d8012479-Reviews-Coffee_Tour_Day_Tours-Buon_Ma_Thuot_Dak_Lak_Province.html,79,tripadvisor_vn
Daklak Tours & Transfers,Chuyến tham quan ngắm cảnh • Chuyến tham quan bằng xe ngựa kéo,Dak Lak,https://www.tripadvisor.com.vn/Attraction_Review-g670918-d24996783-Reviews-Daklak_Tours_Transfers-Buon_Ma_Thuot_Dak_Lak_Province.html,80,tripadvisor_vn
Trung Nguyên Coffee Tour,"Chuyến tham quan quán bar, câu lạc bộ & quán rượu • Chuyến tham quan vượt hẻm núi & tuột núi",Dak Lak,https://www.tripadvisor.com.vn/Attraction_Review-g670918-d24040014-Reviews-Trung_Nguyen_Coffee_Tour-Buon_Ma_Thuot_Dak_Lak_Province.html,81,tripadvisor_vn
Núi Đá Voi Mẹ,Chuyến tham quan ngắm cảnh,Dak Lak,https://www.tripadvisor.com.vn/Attraction_Review-g8310121-d33365458-Reviews-Nui_Da_Voi_M-Krong_Bong_Dak_Lak_Province.html,82,tripadvisor_vn
Phu Yen Village Tours,Chuyến tham quan nhiều ngày • Chuyến tham quan văn hóa,Dak Lak,https://www.tripadvisor.com.vn/Attraction_Review-g1582771-d33403995-Reviews-Phu_Yen_Village_Tours-Tuy_Hoa_Dak_Lak_Province.html,83,tripadvisor_vn
Núi Đá Bia,Chuyến tham quan leo núi,Dak Lak,https://www.tripadvisor.com.vn/Attraction_Review-g25204280-d26693912-Reviews-Nui_Da_Bia-An_Ninh_Dong_Dak_Lak_Province.html,84,tripadvisor_vn
Aeroco Coffee Farm,Chuyến tham quan & nếm rượu vang,Dak Lak,https://www.tripadvisor.com.vn/Attraction_Review-g670918-d34166840-Reviews-Aeroco_Coffee_Farm-Buon_Ma_Thuot_Dak_Lak_Province.html,85,tripadvisor_vn
Chu Yang Sin Travel,Chuyến tham quan nhiều ngày • Taxi & xe đưa đón,Dak Lak,https://www.tripadvisor.com.vn/Attraction_Review-g670918-d25182517-Reviews-Chu_Yang_Sin_Travel-Buon_Ma_Thuot_Dak_Lak_Province.html,86,tripadvisor_vn
Phu Yen Tourist,Tour thăm quan thành phố • Chuyến tham quan văn hóa,Dak Lak,https://www.tripadvisor.com.vn/Attraction_Review-g1582771-d21335904-Reviews-Phu_Yen_Tourist-Tuy_Hoa_Dak_Lak_Province.html,87,tripadvisor_vn
Kŏtam Community Cultural Ecotourism Area,Thiên nhiên & công viên khác • Chuyến tham quan ngắm cảnh,Dak Lak,https://www.tripadvisor.com.vn/Attraction_Review-g670918-d27741645-Reviews-Kotam_Community_Cultural_Ecotourism_Area-Buon_Ma_Thuot_Dak_Lak_Province.html,88,tripadvisor_vn
Ghềnh Đá Đĩa,Chuyến tham quan ngắm cảnh,Dak Lak,https://www.tripadvisor.com.vn/Attraction_Review-g1582771-d33026892-Reviews-Gh_nh_Da_Dia-Tuy_Hoa_Dak_Lak_Province.html,89,tripadvisor_vn
Blackbuck Travels,Chuyến tham quan tư nhân,Dak Lak,https://www.tripadvisor.com.vn/Attraction_Review-g670918-d33008095-Reviews-Blackbuck_Travels-Buon_Ma_Thuot_Dak_Lak_Province.html,90,tripadvisor_vn
Vietnam Centralhighlands tours,Taxi & xe đưa đón • Chuyến tham quan bằng xe đạp,Dak Lak,https://www.tripadvisor.com.vn/Attraction_Review-g670918-d24833618-Reviews-Vietnam_Centralhighlands_tours-Buon_Ma_Thuot_Dak_Lak_Province.html,91,tripadvisor_vn
ở tạm vài hôm,Chuyến tham quan bằng xe đạp,Dak Lak,https://www.tripadvisor.com.vn/Attraction_Review-g670918-d33932455-Reviews-T_m_vai_hom-Buon_Ma_Thuot_Dak_Lak_Province.html,92,tripadvisor_vn
Brian Vu,Taxi & xe đưa đón • Chuyến đi trong ngày,Dak Lak,https://www.tripadvisor.com.vn/Attraction_Review-g670918-d18928491-Reviews-Brian_Vu-Buon_Ma_Thuot_Dak_Lak_Province.html,93,tripadvisor_vn
Karl,Chuyến tham quan nhiều ngày • Taxi & xe đưa đón,Dak Lak,https://www.tripadvisor.com.vn/Attraction_Review-g670918-d33179640-Reviews-Karl-Buon_Ma_Thuot_Dak_Lak_Province.html,94,tripadvisor_vn
Authentic Buon Ma Thuot,Chuyến tham quan nhiều ngày • Chuyến tham quan cảm giác mạnh & mạo hiểm,Dak Lak,https://www.tripadvisor.com.vn/Attraction_Review-g670918-d34529151-Reviews-Authentic_Buon_Ma_Thuot-Buon_Ma_Thuot_Dak_Lak_Province.html,95,tripadvisor_vn
Local Tours Buon Ma Thuot,Xưởng vẽ & làm đồ gốm • Chuyến tham quan nhiều ngày,Dak Lak,https://www.tripadvisor.com.vn/Attraction_Review-g670918-d34516573-Reviews-Local_Tours_Buon_Ma_Thuot-Buon_Ma_Thuot_Dak_Lak_Province.html,96,tripadvisor_vn
Asia Tour Booking - Buon Ma Thuot,Chuyến tham quan nhiều ngày • Chuyến tham quan tư nhân,Dak Lak,https://www.tripadvisor.com.vn/Attraction_Review-g670918-d34492713-Reviews-Asia_Tour_Booking_Buon_Ma_Thuot-Buon_Ma_Thuot_Dak_Lak_Province.html,97,tripadvisor_vn
Đồi cổ thạch,Chuyến tham quan lịch sử & di sản • Nếm bia & tham quan,Dak Lak,https://www.tripadvisor.com.vn/Attraction_Review-g25204280-d34372059-Reviews-D_i_c_th_ch-An_Ninh_Dong_Dak_Lak_Province.html,98,tripadvisor_vn
Biệt Điện Travel,Chuyến tham quan văn hóa,Dak Lak,https://www.tripadvisor.com.vn/Attraction_Review-g670918-d32784194-Reviews-Bi_t_Di_n_Travel-Buon_Ma_Thuot_Dak_Lak_Province.html,99,tripadvisor_vn
Localtours - Buon Ma Thuat,Chuyến tham quan nhiều ngày • Chuyến tham quan tư nhân,Dak Lak,https://www.tripadvisor.com.vn/Attraction_Review-g670918-d34668827-Reviews-Localtours_Buon_Ma_Thuat-Buon_Ma_Thuot_Dak_Lak_Province.html,100,tripadvisor_vn
Scenicaholic Travel,Lớp nấu ăn • Chuyến tham quan tư nhân,Dak Lak,https://www.tripadvisor.com.vn/Attraction_Review-g670918-d34599337-Reviews-Scenicaholic_Travel-Buon_Ma_Thuot_Dak_Lak_Province.html,102,tripadvisor_vn
Vietnam Cultural Tours - Buon Ma Thuat,Chuyến tham quan nhiều ngày • Chuyến tham quan tư nhân,Dak Lak,https://www.tripadvisor.com.vn/Attraction_Review-g670918-d34653403-Reviews-Vietnam_Cultural_Tours_Buon_Ma_Thuat-Buon_Ma_Thuot_Dak_Lak_Province.html,103,tripadvisor_vn
asiagrouptour- Buon Ma Thuat,Chuyến tham quan nhiều ngày • Chuyến tham quan tư nhân,Dak Lak,https://www.tripadvisor.com.vn/Attraction_Review-g670918-d34678601-Reviews-Asiagrouptour_Buon_Ma_Thuat-Buon_Ma_Thuot_Dak_Lak_Province.html,104,tripadvisor_vn
localtours-Buon Ma Thuat,Chuyến tham quan nhiều ngày • Chuyến tham quan tư nhân,Dak Lak,https://www.tripadvisor.com.vn/Attraction_Review-g670918-d34691777-Reviews-Localtours_Buon_Ma_Thuat-Buon_Ma_Thuot_Dak_Lak_Province.html,105,tripadvisor_vn
Đồi A1,Địa điểm lịch sử • Khu vực đi dạo tham quan di tích lịch sử,Dien Bien,https://www.tripadvisor.com.vn/Attraction_Review-g662329-d8855040-Reviews-A1_Hill-Dien_Bien_Phu_Dien_Bien_Province.html,1,tripadvisor_vn
Bảo Tàng Chiên Thắng Điện Biên Phủ,Viện bảo tàng quân đội • Viện bảo tàng lịch sử,Dien Bien,https://www.tripadvisor.com.vn/Attraction_Review-g662329-d11918847-Reviews-Dien_Bien_Phu_Museum-Dien_Bien_Phu_Dien_Bien_Province.html,2,tripadvisor_vn
Thành Bản Phủ,Địa điểm lịch sử,Dien Bien,https://www.tripadvisor.com.vn/Attraction_Review-g662329-d379363-Reviews-Thanh_B_n_Ph-Dien_Bien_Phu_Dien_Bien_Province.html,3,tripadvisor_vn
Nghĩa trang Liệt sỹ Điện Biên Phủ,Nghĩa trang,Dien Bien,https://www.tripadvisor.com.vn/Attraction_Review-g662329-d8861348-Reviews-Dien_Bien_Phu_Military_Cemetery-Dien_Bien_Phu_Dien_Bien_Province.html,4,tripadvisor_vn
Khu Du Lịch Khoáng Nóng Uva,Suối nước nóng & mạch nước phun,Dien Bien,https://www.tripadvisor.com.vn/Attraction_Review-g662329-d11635855-Reviews-Hot_Spring_Uva-Dien_Bien_Phu_Dien_Bien_Province.html,5,tripadvisor_vn
Cột Mốc Số 0,Điểm thu hút khách tham quan & thắng cảnh,Dien Bien,https://www.tripadvisor.com.vn/Attraction_Review-g662329-d12883863-Reviews-Border_Post_0-Dien_Bien_Phu_Dien_Bien_Province.html,6,tripadvisor_vn
Bunker of Castries,Địa điểm lịch sử,Dien Bien,https://www.tripadvisor.com.vn/Attraction_Review-g662329-d8861351-Reviews-Bunker_of_Colonel_de_Castries-Dien_Bien_Phu_Dien_Bien_Province.html,7,tripadvisor_vn
Du Lịch Cộng Đồng Mường Phăng,Điểm thu hút khách tham quan & thắng cảnh,Dien Bien,https://www.tripadvisor.com.vn/Attraction_Review-g662329-d17667276-Reviews-Du_Lich_Cong_Dong_Muong_Phang-Dien_Bien_Phu_Dien_Bien_Province.html,8,tripadvisor_vn
Victory Monument,Đài kỷ niệm & tượng,Dien Bien,https://www.tripadvisor.com.vn/Attraction_Review-g662329-d27065693-Reviews-Victory_Monument-Dien_Bien_Phu_Dien_Bien_Province.html,9,tripadvisor_vn
Muong Thanh Market,Chợ trời & chợ đường phố,Dien Bien,https://www.tripadvisor.com.vn/Attraction_Review-g662329-d19507246-Reviews-Muong_Thanh_Market-Dien_Bien_Phu_Dien_Bien_Province.html,10,tripadvisor_vn
Noong Chun Village,Điểm thu hút khách tham quan & thắng cảnh,Dien Bien,https://www.tripadvisor.com.vn/Attraction_Review-g662329-d19595644-Reviews-Noong_Chun_Village-Dien_Bien_Phu_Dien_Bien_Province.html,11,tripadvisor_vn
Công ty TNHH Lữ hành quốc tế Hoàng Nam,Chuyến tham quan nhiều ngày • Cho thuê tiện ích,Dien Bien,https://www.tripadvisor.com.vn/Attraction_Review-g662329-d32805926-Reviews-Hoang_Nam_International_Travel_Company_Limited-Dien_Bien_Phu_Dien_Bien_Province.html,12,tripadvisor_vn
K Closet Clothing,Cửa hàng đặc sản & cửa hàng quà tặng,Dien Bien,https://www.tripadvisor.com.vn/Attraction_Review-g662329-d27112077-Reviews-K_Closet_Clothing-Dien_Bien_Phu_Dien_Bien_Province.html,13,tripadvisor_vn
"Tam Tam Travel Co., Ltd",Tour thăm quan thành phố • Chuyến tham quan văn hóa,Dien Bien,https://www.tripadvisor.com.vn/Attraction_Review-g662329-d28143379-Reviews-Tam_Tam_Travel_Co_Ltd-Dien_Bien_Phu_Dien_Bien_Province.html,14,tripadvisor_vn
authentic Dien Bien Phu,Chuyến tham quan nhiều ngày • Chuyến tham quan tư nhân,Dien Bien,https://www.tripadvisor.com.vn/Attraction_Review-g662329-d28640618-Reviews-Authentic_Dien_Bien_Phu-Dien_Bien_Phu_Dien_Bien_Province.html,15,tripadvisor_vn
Frontier Hostel & Tours Dien Bien Phu,Chuyến tham quan nhiều ngày • Taxi & xe đưa đón,Dien Bien,https://www.tripadvisor.com.vn/Attraction_Review-g662329-d27430955-Reviews-Frontier_Hostel_Tours_Dien_Bien_Phu-Dien_Bien_Phu_Dien_Bien_Province.html,16,tripadvisor_vn
Dien Bien Friendly Trip,Tour thăm quan thành phố • Chuyến tham quan bằng mô tô,Dien Bien,https://www.tripadvisor.com.vn/Attraction_Review-g662329-d11636337-Reviews-Dien_Bien_Friendly_Trip-Dien_Bien_Phu_Dien_Bien_Province.html,17,tripadvisor_vn
Ant Travel Dien Bien,"Chuyến tham quan nhiều ngày • Chuyến tham quan bằng xe 4WD, ATV & xe địa hình",Dien Bien,https://www.tripadvisor.com.vn/Attraction_Review-g662329-d23963001-Reviews-Ant_Travel_Dien_Bien-Dien_Bien_Phu_Dien_Bien_Province.html,18,tripadvisor_vn
Homestay Mường Then,Tour thăm quan thành phố • Chuyến tham quan văn hóa,Dien Bien,https://www.tripadvisor.com.vn/Attraction_Review-g662329-d20113060-Reviews-Homestay_Mu_ng_Then-Dien_Bien_Phu_Dien_Bien_Province.html,20,tripadvisor_vn
Du Lịch Điện Biên Cùng Thổ Địa,Chuyến tham quan nhiều ngày,Dien Bien,https://www.tripadvisor.com.vn/Attraction_Review-g662329-d27132172-Reviews-Du_L_ch_Di_n_Bien_Cung_Th_D_a-Dien_Bien_Phu_Dien_Bien_Province.html,21,tripadvisor_vn
Dien Bien Travel With The Local Guide,Chuyến tham quan nhiều ngày • Chuyến tham quan vượt hẻm núi & tuột núi,Dien Bien,https://www.tripadvisor.com.vn/Attraction_Review-g662329-d27132861-Reviews-Dien_Bien_Travel_With_The_Local_Guide-Dien_Bien_Phu_Dien_Bien_Province.html,22,tripadvisor_vn
In the wild tours,Chuyến tham quan ngắm cảnh,Dien Bien,https://www.tripadvisor.com.vn/Attraction_Review-g662329-d27164225-Reviews-In_the_wild_tours-Dien_Bien_Phu_Dien_Bien_Province.html,24,tripadvisor_vn
Hoang Nam International Travel,Chuyến tham quan nhiều ngày • Chuyến tham quan văn hóa,Dien Bien,https://www.tripadvisor.com.vn/Attraction_Review-g662329-d33312130-Reviews-Hoang_Nam_International_Travel-Dien_Bien_Phu_Dien_Bien_Province.html,25,tripadvisor_vn
Vietnam Cultural Tours - Dien Bien Phu,Chuyến tham quan nhiều ngày • Chuyến tham quan tư nhân,Dien Bien,https://www.tripadvisor.com.vn/Attraction_Review-g662329-d33335750-Reviews-Vietnam_Cultural_Tours_Dien_Bien_Phu-Dien_Bien_Phu_Dien_Bien_Province.html,26,tripadvisor_vn
Trace battlefield sites with a local guide,Tour thăm quan thành phố • Chuyến tham quan văn hóa,Dien Bien,https://www.tripadvisor.com.vn/Attraction_Review-g662329-d34450189-Reviews-Trace_battlefield_sites_with_a_local_guide-Dien_Bien_Phu_Dien_Bien_Province.html,28,tripadvisor_vn
Daisy Tourist - Dien Bien,Chuyến tham quan nhiều ngày • Chuyến tham quan tư nhân,Dien Bien,https://www.tripadvisor.com.vn/Attraction_Review-g662329-d34123455-Reviews-Daisy_Tourist_Dien_Bien-Dien_Bien_Phu_Dien_Bien_Province.html,29,tripadvisor_vn
Authentic Dien Bien Phu Travel,Chuyến tham quan nhiều ngày • Chuyến tham quan tư nhân,Dien Bien,https://www.tripadvisor.com.vn/Attraction_Review-g662329-d33329689-Reviews-Authentic_Dien_Bien_Phu_Travel-Dien_Bien_Phu_Dien_Bien_Province.html,30,tripadvisor_vn
Asia Green Travel - Dien Bien Phu,Chuyến tham quan nhiều ngày • Chuyến tham quan tư nhân,Dien Bien,https://www.tripadvisor.com.vn/Attraction_Review-g662329-d34053400-Reviews-Asia_Green_Travel_Dien_Bien_Phu-Dien_Bien_Phu_Dien_Bien_Province.html,32,tripadvisor_vn
localtours dien bien phu,Chuyến tham quan nhiều ngày • Chuyến tham quan tư nhân,Dien Bien,https://www.tripadvisor.com.vn/Attraction_Review-g662329-d29067874-Reviews-Localtours_dien_bien_phu-Dien_Bien_Phu_Dien_Bien_Province.html,33,tripadvisor_vn
Minh Ngoc Homestay Dien Bien Phu,Taxi & xe đưa đón • Nếm bia & tham quan,Dien Bien,https://www.tripadvisor.com.vn/Attraction_Review-g662329-d34319334-Reviews-Minh_Ngoc_Homestay_Dien_Bien_Phu-Dien_Bien_Phu_Dien_Bien_Province.html,34,tripadvisor_vn
Insight Vietnam - Dien Bien,Chuyến tham quan nhiều ngày • Chuyến tham quan tư nhân,Dien Bien,https://www.tripadvisor.com.vn/Attraction_Review-g662329-d34070463-Reviews-Insight_Vietnam_Dien_Bien-Dien_Bien_Phu_Dien_Bien_Province.html,41,tripadvisor_vn
Aclass - Dien Bien Phu,Chuyến tham quan nhiều ngày • Chuyến tham quan tư nhân,Dien Bien,https://www.tripadvisor.com.vn/Attraction_Review-g662329-d34048352-Reviews-Aclass_Dien_Bien_Phu-Dien_Bien_Phu_Dien_Bien_Province.html,42,tripadvisor_vn
localtours - Điện Biên,Chuyến tham quan nhiều ngày • Chuyến tham quan tư nhân,Dien Bien,https://www.tripadvisor.com.vn/Attraction_Review-g662329-d33324800-Reviews-Localtours_Di_n_Bien-Dien_Bien_Phu_Dien_Bien_Province.html,44,tripadvisor_vn
LocaltoursDienBienPhu,Chuyến tham quan nhiều ngày • Chuyến tham quan tư nhân,Dien Bien,https://www.tripadvisor.com.vn/Attraction_Review-g662329-d32851372-Reviews-LocaltoursDienBienPhu-Dien_Bien_Phu_Dien_Bien_Province.html,45,tripadvisor_vn
Elegance Dien Bien,Chuyến tham quan nhiều ngày • Chuyến tham quan bằng xe đạp,Dien Bien,https://www.tripadvisor.com.vn/Attraction_Review-g662329-d34265040-Reviews-Elegance_Dien_Bien-Dien_Bien_Phu_Dien_Bien_Province.html,47,tripadvisor_vn
Dragon Tourist - Dien Bien,Chuyến tham quan nhiều ngày • Taxi & xe đưa đón,Dien Bien,https://www.tripadvisor.com.vn/Attraction_Review-g662329-d34255746-Reviews-Dragon_Tourist_Dien_Bien-Dien_Bien_Phu_Dien_Bien_Province.html,51,tripadvisor_vn
Red Gecko Travel - Điện Biên,Chuyến tham quan nhiều ngày • Chuyến tham quan tư nhân,Dien Bien,https://www.tripadvisor.com.vn/Attraction_Review-g662329-d34486624-Reviews-Red_Gecko_Travel_Di_n_Bien-Dien_Bien_Phu_Dien_Bien_Province.html,52,tripadvisor_vn
Mekong Tourist - Dien Bien,Chuyến tham quan nhiều ngày • Chuyến tham quan tư nhân,Dien Bien,https://www.tripadvisor.com.vn/Attraction_Review-g662329-d34306068-Reviews-Mekong_Tourist_Dien_Bien-Dien_Bien_Phu_Dien_Bien_Province.html,54,tripadvisor_vn
Charming Tourist,Chuyến tham quan nhiều ngày • Chuyến tham quan tư nhân,Dien Bien,https://www.tripadvisor.com.vn/Attraction_Review-g662329-d34306073-Reviews-Charming_Tourist-Dien_Bien_Phu_Dien_Bien_Province.html,55,tripadvisor_vn
localtour - Dien Bien Phu,Chuyến tham quan nhiều ngày • Chuyến tham quan tư nhân,Dien Bien,https://www.tripadvisor.com.vn/Attraction_Review-g662329-d34556450-Reviews-Localtour_Dien_Bien_Phu-Dien_Bien_Phu_Dien_Bien_Province.html,56,tripadvisor_vn
Alotour - Dien Bien,Chuyến tham quan nhiều ngày • Chuyến tham quan tư nhân,Dien Bien,https://www.tripadvisor.com.vn/Attraction_Review-g662329-d34306072-Reviews-Alotour_Dien_Bien-Dien_Bien_Phu_Dien_Bien_Province.html,57,tripadvisor_vn
Phu Tho Travel - Dien Bien,Chuyến tham quan nhiều ngày • Chuyến tham quan tư nhân,Dien Bien,https://www.tripadvisor.com.vn/Attraction_Review-g662329-d34306021-Reviews-Phu_Tho_Travel_Dien_Bien-Dien_Bien_Phu_Dien_Bien_Province.html,58,tripadvisor_vn
Cat Tien Park,Công viên quốc gia,Dong Nai,https://www.tripadvisor.com.vn/Attraction_Review-g8841040-d12162656-Reviews-Cat_Tien_Park-Nam_Cat_Tien_Tan_Phu_District_Dong_Nai_Province.html,1,tripadvisor_vn
Sơn Tiên - The Amazing Bay,Công viên nước,Dong Nai,https://www.tripadvisor.com.vn/Attraction_Review-g1749176-d23382593-Reviews-The_Amazing_Bay-Bien_Hoa_Dong_Nai_Province.html,2,tripadvisor_vn
Núi Bửu Long,Núi,Dong Nai,https://www.tripadvisor.com.vn/Attraction_Review-g1749176-d7305746-Reviews-Buu_Long_Mountain-Bien_Hoa_Dong_Nai_Province.html,3,tripadvisor_vn
Khu Bảo Tồn Thiên Nhiên - Văn Hóa Đồng Nai,Khu vực tự nhiên & động vật hoang dã,Dong Nai,https://www.tripadvisor.com.vn/Attraction_Review-g2146205-d8289994-Reviews-Dong_Nai_Culture_And_Nature_Reserve-Dong_Nai_Province.html,4,tripadvisor_vn
Khu Du Lịch Sinh Thái Bò Cạp Vàng,Công viên nước • Trung tâm trò chơi & giải trí,Dong Nai,https://www.tripadvisor.com.vn/Attraction_Review-g17668121-d17637339-Reviews-Khu_Du_Lich_Sinh_Thai_Bo_Cap_Vang-Xa_Phuoc_Khanh_Dong_Nai_Province.html,5,tripadvisor_vn
Khu Du Lịch Sinh Thái Thác Giang Điền,Công viên nước,Dong Nai,https://www.tripadvisor.com.vn/Attraction_Review-g8068797-d8067787-Reviews-Giang_Dien_Waterfall_Tourist_Site-Trang_Bom_Dong_Nai_Province.html,6,tripadvisor_vn
Long Thanh Golf Club,Sân gôn,Dong Nai,https://www.tripadvisor.com.vn/Attraction_Review-g1749176-d4564614-Reviews-Long_Thanh_Golf_Club-Bien_Hoa_Dong_Nai_Province.html,7,tripadvisor_vn
Khu Du Lịch Sinh Thái Vườn Xoài,Sở thú,Dong Nai,https://www.tripadvisor.com.vn/Attraction_Review-g1749176-d8012514-Reviews-Mango_Garden_Resort-Bien_Hoa_Dong_Nai_Province.html,8,tripadvisor_vn
tiNiWorld,Sân chơi,Dong Nai,https://www.tripadvisor.com.vn/Attraction_Review-g1749176-d9996369-Reviews-TiNiWorld-Bien_Hoa_Dong_Nai_Province.html,9,tripadvisor_vn
Our Lady Of Nui Cui,Địa điểm tôn giáo,Dong Nai,https://www.tripadvisor.com.vn/Attraction_Review-g25335597-d27965345-Reviews-Our_Lady_Of_Nui_Cui-Gia_Tan_1_Dong_Nai_Province.html,10,tripadvisor_vn
Khu Du Lịch Sinh Thái Cao Minh,Khu vực tự nhiên & động vật hoang dã,Dong Nai,https://www.tripadvisor.com.vn/Attraction_Review-g2146205-d10813520-Reviews-Khu_Du_Lich_Sinh_Thai_Cao_Minh-Dong_Nai_Province.html,11,tripadvisor_vn
Trung Tâm Hành Hương Đức Mẹ Núi Cúi,Địa điểm tôn giáo,Dong Nai,https://www.tripadvisor.com.vn/Attraction_Review-g25335597-d27964202-Reviews-Trung_Tam_Hanh_Huong_D_c_M_Nui_Cui-Gia_Tan_1_Dong_Nai_Province.html,12,tripadvisor_vn
Thien Tam Mineral Mud Bath,Công viên nước,Dong Nai,https://www.tripadvisor.com.vn/Attraction_Review-g1749176-d21117090-Reviews-Thien_Tam_Mineral_Mud_Bath-Bien_Hoa_Dong_Nai_Province.html,13,tripadvisor_vn
Sơn Tiên Amazing World,Công viên giải trí & công viên chủ đề,Dong Nai,https://www.tripadvisor.com.vn/Attraction_Review-g1749176-d34424979-Reviews-Son_Tien_Amazing_World-Bien_Hoa_Dong_Nai_Province.html,14,tripadvisor_vn
Làng Du Lịch Tre Việt,Công viên nước • Trung tâm trò chơi & giải trí,Dong Nai,https://www.tripadvisor.com.vn/Attraction_Review-g15639995-d11624402-Reviews-The_Bamboo_Villages-Phu_Huu_Dong_Nai_Province.html,15,tripadvisor_vn
Chùa Viên Giác Thiền Tự (Chùa Đèn),Địa điểm tôn giáo,Dong Nai,https://www.tripadvisor.com.vn/Attraction_Review-g8068797-d12368382-Reviews-Vien_Giac_Thien_Tu_Pagoda-Trang_Bom_Dong_Nai_Province.html,16,tripadvisor_vn
Công Viên Suối Mơ,Công viên giải trí & công viên chủ đề • Công viên nước,Dong Nai,https://www.tripadvisor.com.vn/Attraction_Review-g12787208-d19796661-Reviews-Suoi_Mo_Park-Tan_Phu_Dong_Nai_Province.html,17,tripadvisor_vn
Buu Phong Temple,Điểm thu hút khách tham quan & thắng cảnh • Địa điểm tôn giáo,Dong Nai,https://www.tripadvisor.com.vn/Attraction_Review-g1749176-d10956053-Reviews-Buu_Phong_Temple-Bien_Hoa_Dong_Nai_Province.html,18,tripadvisor_vn
Vietnature Tour (cattien Wild Tour),Khu vực tự nhiên & động vật hoang dã,Dong Nai,https://www.tripadvisor.com.vn/Attraction_Review-g17209678-d33100560-Reviews-Vietnature_Tour_cattien_Wild_Tour-Tan_Phu_District_Dong_Nai_Province.html,20,tripadvisor_vn
Nàng Én Spa - Health & Relax,Spa • Spa nước nóng,Dong Nai,https://www.tripadvisor.com.vn/Attraction_Review-g6748923-d26669130-Reviews-Nang_En_Spa_Health_Relax-Long_Thanh_Dong_Nai_Province.html,22,tripadvisor_vn
Làng Bưởi Tân Triều,Cửa hàng đặc sản & cửa hàng quà tặng • Khu lân cận,Dong Nai,https://www.tripadvisor.com.vn/Attraction_Review-g15334635-d8773712-Reviews-Tan_Trieu_Grapefruit_Village-Tan_Binh_Dong_Nai_Province.html,23,tripadvisor_vn
Cửa Hàng Rong Nho Khô,Cửa hàng đồ cổ,Dong Nai,https://www.tripadvisor.com.vn/Attraction_Review-g21380691-d23958223-Reviews-C_a_Hang_Rong_Nho_Kho-Nhon_Trach_Dong_Nai_Province.html,24,tripadvisor_vn
Hang,Trung tâm du lịch,Dong Nai,https://www.tripadvisor.com.vn/Attraction_Review-g11978920-d32963012-Reviews-Hang-Thai_Thien_Dong_Nai_Province.html,25,tripadvisor_vn
Nông Trại Cuộc Sống Xanh,Trung tâm trò chơi & giải trí,Dong Nai,https://www.tripadvisor.com.vn/Attraction_Review-g6748923-d14155414-Reviews-Green_Life_Farm-Long_Thanh_Dong_Nai_Province.html,26,tripadvisor_vn
Vườn Sinh Thái Diệp Long Hồng,Trung tâm trò chơi & giải trí,Dong Nai,https://www.tripadvisor.com.vn/Attraction_Review-g15292799-d12549435-Reviews-Vuon_Sinh_Thai_Diep_Long_Hong-Ma_Da_Dong_Nai_Province.html,27,tripadvisor_vn
Lan Kwai Fong Bien Hoa,Quán bar & câu lạc bộ,Dong Nai,https://www.tripadvisor.com.vn/Attraction_Review-g1749176-d5993845-Reviews-Lan_Kwai_Fong_Bien_Hoa-Bien_Hoa_Dong_Nai_Province.html,28,tripadvisor_vn
Rượu Tốt,Quán bar rượu vang,Dong Nai,https://www.tripadvisor.com.vn/Attraction_Review-g1749176-d27148702-Reviews-Ru_u_T_t-Bien_Hoa_Dong_Nai_Province.html,29,tripadvisor_vn
CAT TIEN PRIVATE CAR,Taxi & xe đưa đón,Dong Nai,https://www.tripadvisor.com.vn/Attraction_Review-g8841040-d30017304-Reviews-CAT_TIEN_PRIVATE_CAR-Nam_Cat_Tien_Tan_Phu_District_Dong_Nai_Province.html,31,tripadvisor_vn
An Yên - Peace Of Mind,Spa,Dong Nai,https://www.tripadvisor.com.vn/Attraction_Review-g1749176-d25292592-Reviews-An_Yen_Peace_of_Mind_Bien_Hoa-Bien_Hoa_Dong_Nai_Province.html,32,tripadvisor_vn
Adm Đồng Nai,Quán bar & câu lạc bộ • Quán bar rượu vang,Dong Nai,https://www.tripadvisor.com.vn/Attraction_Review-g1749176-d27789336-Reviews-Adm_D_ng_Nai-Bien_Hoa_Dong_Nai_Province.html,33,tripadvisor_vn
Ogila Cosmetics,Săn tìm đồ vật,Dong Nai,https://www.tripadvisor.com.vn/Attraction_Review-g1749176-d22952199-Reviews-Ogila_Cosmetics-Bien_Hoa_Dong_Nai_Province.html,34,tripadvisor_vn
Cloudlab,Cho thuê tiện ích,Dong Nai,https://www.tripadvisor.com.vn/Attraction_Review-g6748923-d28000633-Reviews-Cloudlab-Long_Thanh_Dong_Nai_Province.html,35,tripadvisor_vn
AYA Dance Space - Tran Bien,Buổi học & hội thảo • Nhà hát & biểu diễn,Dong Nai,https://www.tripadvisor.com.vn/Attraction_Review-g1749176-d34556609-Reviews-AYA_Dance_Space_Tran_Bien-Bien_Hoa_Dong_Nai_Province.html,36,tripadvisor_vn
Noi Bai airport transfer,Taxi & xe đưa đón,Dong Nai,https://www.tripadvisor.com.vn/Attraction_Review-g28116425-d33734028-Reviews-Noi_Bai_airport_transfer-Phu_Cuong_Dong_Nai_Province.html,37,tripadvisor_vn
DSP Pickleball Sport Center & Coffee,Câu lạc bộ sức khỏe,Dong Nai,https://www.tripadvisor.com.vn/Attraction_Review-g2062761-d34020407-Reviews-DSP_Pickleball_Sport_Center_Coffee-Long_Khanh_Dong_Nai_Province.html,38,tripadvisor_vn
Coconut Spa,Spa,Dong Nai,https://www.tripadvisor.com.vn/Attraction_Review-g23266280-d31700922-Reviews-Coconut_Spa-Gia_Tan_2_Dong_Nai_Province.html,39,tripadvisor_vn
Bien Hoa Airport Transfer,Taxi & xe đưa đón,Dong Nai,https://www.tripadvisor.com.vn/Attraction_Review-g1749176-d34689670-Reviews-Bien_Hoa_Airport_Transfer-Bien_Hoa_Dong_Nai_Province.html,40,tripadvisor_vn
Tri An Adventure,Chuyến tham quan ngắm cảnh,Dong Nai,https://www.tripadvisor.com.vn/Attraction_Review-g1749176-d26368189-Reviews-Tri_An_Adventure-Bien_Hoa_Dong_Nai_Province.html,41,tripadvisor_vn
Tuyệt Tình Cốc (mỏ Đá Hóa An),Chuyến tham quan ngắm cảnh,Dong Nai,https://www.tripadvisor.com.vn/Attraction_Review-g1749176-d33026642-Reviews-Tuy_t_Tinh_C_c_m_Da_Hoa_An-Bien_Hoa_Dong_Nai_Province.html,42,tripadvisor_vn
Hippo Farm,Chuyến tham quan tự hướng dẫn & cho thuê • Chuyến tham quan cưỡi ngựa,Dong Nai,https://www.tripadvisor.com.vn/Attraction_Review-g1749176-d20907033-Reviews-Hippo_Farm-Bien_Hoa_Dong_Nai_Province.html,43,tripadvisor_vn
Peter Tran,Chuyến tham quan văn hóa • Chuyến tham quan tư nhân,Dong Nai,https://www.tripadvisor.com.vn/Attraction_Review-g8841040-d27132553-Reviews-Peter_Tran-Nam_Cat_Tien_Tan_Phu_District_Dong_Nai_Province.html,44,tripadvisor_vn
Sân Ga Cafe & Dining,"Chuyến tham quan quán bar, câu lạc bộ & quán rượu",Dong Nai,https://www.tripadvisor.com.vn/Attraction_Review-g1749176-d32997301-Reviews-San_Ga_Cafe_Dining-Bien_Hoa_Dong_Nai_Province.html,45,tripadvisor_vn
VietHoliday Tourist,Chuyến tham quan đi dạo • Chuyến tham quan bằng xe buýt,Dong Nai,https://www.tripadvisor.com.vn/Attraction_Review-g1749176-d19096037-Reviews-VietHoliday_Tourist-Bien_Hoa_Dong_Nai_Province.html,46,tripadvisor_vn
Cat Tien Eco Lodge Homestay,Chuyến tham quan bằng xe đạp • Chuyến tham quan bằng thuyền,Dong Nai,https://www.tripadvisor.com.vn/Attraction_Review-g8841040-d33351387-Reviews-Cat_Tien_Eco_Lodge_Homestay-Nam_Cat_Tien_Tan_Phu_District_Dong_Nai_Province.html,47,tripadvisor_vn
Hồ Sông Ray,Thuê thuyền câu cá & tham quan • Chuyến tham quan ngắm cảnh,Dong Nai,https://www.tripadvisor.com.vn/Attraction_Review-g2062761-d33396946-Reviews-H_Song_Ray-Long_Khanh_Dong_Nai_Province.html,48,tripadvisor_vn
Vườn Quốc Gia Cát Tiên,Chuyến tham quan ngắm cảnh,Dong Nai,https://www.tripadvisor.com.vn/Attraction_Review-g1749176-d33019722-Reviews-Vu_n_Qu_c_Gia_Cat_Tien-Bien_Hoa_Dong_Nai_Province.html,49,tripadvisor_vn
Du lịch Trị An,Chuyến tham quan nhiều ngày • Chuyến tham quan vượt hẻm núi & tuột núi,Dong Nai,https://www.tripadvisor.com.vn/Attraction_Review-g1749176-d26723967-Reviews-Du_l_ch_Tr_An-Bien_Hoa_Dong_Nai_Province.html,50,tripadvisor_vn
Katien Safari,Chuyến tham quan nhiều ngày • Công viên quốc gia,Dong Nai,https://www.tripadvisor.com.vn/Attraction_Review-g8841040-d34590830-Reviews-Katien_Safari-Nam_Cat_Tien_Tan_Phu_District_Dong_Nai_Province.html,51,tripadvisor_vn
Trần Hoàng Long,Chuyến tham quan lịch sử & di sản • Taxi & xe đưa đón,Dong Nai,https://www.tripadvisor.com.vn/Attraction_Review-g1749176-d20206678-Reviews-Tr_n_Hoang_Long-Bien_Hoa_Dong_Nai_Province.html,52,tripadvisor_vn
Cat Tien National Park Wildlife Tour,Chuyến tham quan cảm giác mạnh & mạo hiểm • Khu vực tự nhiên & động vật hoang dã,Dong Nai,https://www.tripadvisor.com.vn/Attraction_Review-g8841040-d34439273-Reviews-Cat_Tien_National_Park_Herping_Tour-Nam_Cat_Tien_Tan_Phu_District_Dong_Nai_Prov.html,53,tripadvisor_vn
Alotour,Chuyến tham quan nhiều ngày • Chuyến tham quan đi dạo,Dong Nai,https://www.tripadvisor.com.vn/Attraction_Review-g15334635-d33083216-Reviews-Alotour-Tan_Binh_Dong_Nai_Province.html,56,tripadvisor_vn
Huy Tran,Chuyến tham quan tư nhân,Dong Nai,https://www.tripadvisor.com.vn/Attraction_Review-g23266280-d32707857-Reviews-Huy_Tran-Gia_Tan_2_Dong_Nai_Province.html,57,tripadvisor_vn
Củi Coffe,Chuyến tham quan ngắm cảnh,Dong Nai,https://www.tripadvisor.com.vn/Attraction_Review-g23550758-d32978694-Reviews-C_i_Coffe-Xuan_Phu_Dong_Nai_Province.html,58,tripadvisor_vn
GlobalTix Pte Ltd,Chuyến đi trong ngày,Dong Nai,https://www.tripadvisor.com.vn/Attraction_Review-g1749176-d34655009-Reviews-GlobalTix_Pte_Ltd-Bien_Hoa_Dong_Nai_Province.html,59,tripadvisor_vn
Sa Dec Market,Chợ trời & chợ đường phố,Dong Thap,https://www.tripadvisor.com.vn/Attraction_Review-g2093913-d5971077-Reviews-Sa_Dec_Market-Sa_Dec_Dong_Thap_Province_Mekong_Delta.html,1,tripadvisor_vn
Vườn Quốc Gia Tràm Chim,Công viên quốc gia,Dong Thap,https://www.tripadvisor.com.vn/Attraction_Review-g737086-d12250596-Reviews-Tram_Chim_National_Park-Cao_Lanh_Dong_Thap_Province_Mekong_Delta.html,2,tripadvisor_vn
Huynh Thuy Le Ancient House,Điểm thu hút khách tham quan & thắng cảnh,Dong Thap,https://www.tripadvisor.com.vn/Attraction_Review-g2093913-d5029723-Reviews-Huynh_Thuy_Le_Ancient_House-Sa_Dec_Dong_Thap_Province_Mekong_Delta.html,3,tripadvisor_vn
Làng Hoa Sa Đéc,Vườn,Dong Thap,https://www.tripadvisor.com.vn/Attraction_Review-g2093913-d10000843-Reviews-Sadec_Flower_Village-Sa_Dec_Dong_Thap_Province_Mekong_Delta.html,4,tripadvisor_vn
Khu Di Tích Xẻo Quýt,Địa điểm lịch sử • Khu vực tự nhiên & động vật hoang dã,Dong Thap,https://www.tripadvisor.com.vn/Attraction_Review-g737086-d19377917-Reviews-Xeo_Quyt_Relic_Area-Cao_Lanh_Dong_Thap_Province_Mekong_Delta.html,5,tripadvisor_vn
KDL Vườn Hồng Tư Tôn,Địa điểm lịch sử • Điểm thu hút khách tham quan & thắng cảnh,Dong Thap,https://www.tripadvisor.com.vn/Attraction_Review-g2093913-d23044668-Reviews-KDL_Vu_n_H_ng_Tu_Ton-Sa_Dec_Dong_Thap_Province_Mekong_Delta.html,6,tripadvisor_vn
công viên Văn Miếu cao lãnh,Công viên,Dong Thap,https://www.tripadvisor.com.vn/Attraction_Review-g737086-d24993499-Reviews-Cong_vien_Van_Mi_u_cao_lanh-Cao_Lanh_Dong_Thap_Province_Mekong_Delta.html,7,tripadvisor_vn
Sa Nhiên Garden,Nông trại,Dong Thap,https://www.tripadvisor.com.vn/Attraction_Review-g2093913-d20546879-Reviews-Sa_Nhien_Garden-Sa_Dec_Dong_Thap_Province_Mekong_Delta.html,8,tripadvisor_vn
Tú Martell Tattoo Studio,Phòng trưng bày nghệ thuật,Dong Thap,https://www.tripadvisor.com.vn/Attraction_Review-g737086-d28137588-Reviews-Tu_Martell_Tattoo_Studio-Cao_Lanh_Dong_Thap_Province_Mekong_Delta.html,9,tripadvisor_vn
Transfeero,Taxi & xe đưa đón,Dong Thap,https://www.tripadvisor.com.vn/Attraction_Review-g9786785-d33989031-Reviews-Transfeero-Hong_Ngu_Dong_Thap_Province_Mekong_Delta.html,10,tripadvisor_vn
Việt Mekong farmstay,Chuyến tham quan đi bộ & cắm trại,Dong Thap,https://www.tripadvisor.com.vn/Attraction_Review-g15122828-d23347861-Reviews-Vi_t_Mekong_farmstay-Tram_Chim_Dong_Thap_Province_Mekong_Delta.html,11,tripadvisor_vn
Dragon Mekong Travel,Chuyến tham quan nhiều ngày • Chuyến tham quan bằng xe đạp,Dong Thap,https://www.tripadvisor.com.vn/Attraction_Review-g2093913-d27108931-Reviews-Dragon_Mekong_Travel-Sa_Dec_Dong_Thap_Province_Mekong_Delta.html,12,tripadvisor_vn
Minh Thanh Temple,Điểm thu hút khách tham quan & thắng cảnh,Gia Lai,https://www.tripadvisor.com.vn/Attraction_Review-g1224292-d4939043-Reviews-Minh_Thanh_Temple-Pleiku_Gia_Lai_Province.html,1,tripadvisor_vn
Phu Cuong Waterfall,Thác nước,Gia Lai,https://www.tripadvisor.com.vn/Attraction_Review-g1224292-d11640633-Reviews-Phu_Cuong_Waterfall-Pleiku_Gia_Lai_Province.html,2,tripadvisor_vn
T'Nung Lake ( Ia Nueng),Vùng nước,Gia Lai,https://www.tripadvisor.com.vn/Attraction_Review-g1224292-d1674539-Reviews-T_Nung_Lake_Ia_Nueng-Pleiku_Gia_Lai_Province.html,3,tripadvisor_vn
Núi lửa Chư Đăng Ya,Núi lửa,Gia Lai,https://www.tripadvisor.com.vn/Attraction_Review-g1224292-d13358048-Reviews-Chu_Dang_Ya_Volcano-Pleiku_Gia_Lai_Province.html,4,tripadvisor_vn
Kon Ka Kinh National Park,Công viên quốc gia,Gia Lai,https://www.tripadvisor.com.vn/Attraction_Review-g1224292-d13366412-Reviews-Kon_Ka_Kinh_National_Park-Pleiku_Gia_Lai_Province.html,5,tripadvisor_vn
Thiền Đường Giác Sơn,Địa điểm tôn giáo,Gia Lai,https://www.tripadvisor.com.vn/Attraction_Review-g1224292-d15212968-Reviews-Thien_Duong_Giac_Son-Pleiku_Gia_Lai_Province.html,6,tripadvisor_vn
Biển Hồ,Vùng nước,Gia Lai,https://www.tripadvisor.com.vn/Attraction_Review-g1224292-d18669547-Reviews-Sea_Lake-Pleiku_Gia_Lai_Province.html,7,tripadvisor_vn
Đồi Cỏ Hồng Đăk Đoa,Điểm thu hút khách tham quan & thắng cảnh,Gia Lai,https://www.tripadvisor.com.vn/Attraction_Review-g1224292-d13358070-Reviews-Doi_Co_Hong_Dak_Doa-Pleiku_Gia_Lai_Province.html,8,tripadvisor_vn
Plei Chuet Montagnard Church,Địa điểm tôn giáo,Gia Lai,https://www.tripadvisor.com.vn/Attraction_Review-g1224292-d1675266-Reviews-Plei_Chuet_Montagnard_Church-Pleiku_Gia_Lai_Province.html,9,tripadvisor_vn
Dong Nhi Cemetery,Nghĩa trang,Gia Lai,https://www.tripadvisor.com.vn/Attraction_Review-g1224292-d1725605-Reviews-Dong_Nhi_Cemetery-Pleiku_Gia_Lai_Province.html,10,tripadvisor_vn
Biển Hồ Chè Gia Lai,Điểm thu hút khách tham quan & thắng cảnh,Gia Lai,https://www.tripadvisor.com.vn/Attraction_Review-g1224292-d25273827-Reviews-Bi_n_H_Che_Gia_Lai-Pleiku_Gia_Lai_Province.html,11,tripadvisor_vn
Camp Holloway,Chiến trường,Gia Lai,https://www.tripadvisor.com.vn/Attraction_Review-g1224292-d1672376-Reviews-Camp_Holloway-Pleiku_Gia_Lai_Province.html,12,tripadvisor_vn
Upes Garden,Nông trại,Gia Lai,https://www.tripadvisor.com.vn/Attraction_Review-g1224292-d33017141-Reviews-Upes_Garden-Pleiku_Gia_Lai_Province.html,13,tripadvisor_vn
Thác 50,Thác nước,Gia Lai,https://www.tripadvisor.com.vn/Attraction_Review-g1156336-d18178439-Reviews-Thac_50-Gia_Lai_Province.html,14,tripadvisor_vn
An An Jjim-Jil-Bang Spa,Spa,Gia Lai,https://www.tripadvisor.com.vn/Attraction_Review-g1224292-d14058254-Reviews-An_An_Jjim_Jil_Bang_Spa-Pleiku_Gia_Lai_Province.html,15,tripadvisor_vn
Phòng Khám Đa Khoa Tây Nguyên,Câu lạc bộ sức khỏe,Gia Lai,https://www.tripadvisor.com.vn/Attraction_Review-g1224292-d33213415-Reviews-Phong_Kham_Da_Khoa_Tay_Nguyen-Pleiku_Gia_Lai_Province.html,16,tripadvisor_vn
Day And Night Pleiku,Quán bar & câu lạc bộ,Gia Lai,https://www.tripadvisor.com.vn/Attraction_Review-g1224292-d25157412-Reviews-Day_And_Night_Pleiku-Pleiku_Gia_Lai_Province.html,17,tripadvisor_vn
Van Anh Garden Spa,Spa,Gia Lai,https://www.tripadvisor.com.vn/Attraction_Review-g1224292-d20056043-Reviews-Van_Anh_Garden_Spa-Pleiku_Gia_Lai_Province.html,18,tripadvisor_vn
Đồng Phục Gia Minh,Cửa hàng đặc sản & cửa hàng quà tặng,Gia Lai,https://www.tripadvisor.com.vn/Attraction_Review-g1224292-d25965331-Reviews-D_ng_Ph_c_Gia_Minh-Pleiku_Gia_Lai_Province.html,19,tripadvisor_vn
Là Nhà - Tiệm Gội Đầu Và Chăm Sóc Thân Tâm,Đang mở cửa,Gia Lai,https://www.tripadvisor.com.vn/Attraction_Review-g1224292-d28013921-Reviews-La_Nha_Hair_Salon_and_Body_Care-Pleiku_Gia_Lai_Province.html,20,tripadvisor_vn
"GIALAI ECOTOURIST Co.,Ltd",Chuyến tham quan nhiều ngày • Trung tâm & trại thể thao,Gia Lai,https://www.tripadvisor.com.vn/Attraction_Review-g1224292-d23453416-Reviews-GIALAI_ECOTOURIST_Co_Ltd-Pleiku_Gia_Lai_Province.html,21,tripadvisor_vn
Essential Vietnam Tours,Chuyến tham quan lịch sử & di sản • Chuyến tham quan bằng xe đạp,Gia Lai,https://www.tripadvisor.com.vn/Attraction_Review-g1224292-d12171352-Reviews-Essential_Vietnam_Tours-Pleiku_Gia_Lai_Province.html,22,tripadvisor_vn
Bãi Bồi Tiên Sơn,Chuyến đi trong ngày,Gia Lai,https://www.tripadvisor.com.vn/Attraction_Review-g1224292-d26316004-Reviews-Bai_B_i_Tien_Son-Pleiku_Gia_Lai_Province.html,23,tripadvisor_vn
Candid photoshoot in Vietnam,Chuyến tham quan chụp ảnh,Gia Lai,https://www.tripadvisor.com.vn/Attraction_Review-g1224292-d19798527-Reviews-Candid_photoshoot_in_Vietnam-Pleiku_Gia_Lai_Province.html,24,tripadvisor_vn
Joy Diamond Tour,Chuyến tham quan ngắm cảnh • Chuyến tham quan tự nhiên & động vật hoang dã,Gia Lai,https://www.tripadvisor.com.vn/Attraction_Review-g1224292-d23293270-Reviews-Joy_Diamond_Tour-Pleiku_Gia_Lai_Province.html,25,tripadvisor_vn
Asia Tour Booking - Pleiku,Chuyến tham quan nhiều ngày • Chuyến tham quan tư nhân,Gia Lai,https://www.tripadvisor.com.vn/Attraction_Review-g1224292-d34484189-Reviews-Asia_Tour_Booking_Pleiku-Pleiku_Gia_Lai_Province.html,26,tripadvisor_vn
Red Gecko Travel - Pleiku,Chuyến tham quan nhiều ngày • Chuyến tham quan tư nhân,Gia Lai,https://www.tripadvisor.com.vn/Attraction_Review-g1224292-d34486629-Reviews-Red_Gecko_Travel_Pleiku-Pleiku_Gia_Lai_Province.html,27,tripadvisor_vn
Huong Tich Pagoda,Địa điểm tôn giáo,Ha Tinh,https://www.tripadvisor.com.vn/Attraction_Review-g3312573-d21001217-Reviews-Chua_Huong_Tich-Ha_Tinh_Ha_Tinh_Province.html,1,tripadvisor_vn
Vinpearl Water Park Hà Tĩnh,Công viên nước,Ha Tinh,https://www.tripadvisor.com.vn/Attraction_Review-g3312573-d17667261-Reviews-Vinpearl_Water_Park_Ha_Tinh-Ha_Tinh_Ha_Tinh_Province.html,2,tripadvisor_vn
Vườn Quốc Gia Vũ Quang,Công viên quốc gia,Ha Tinh,https://www.tripadvisor.com.vn/Attraction_Review-g3312573-d12268848-Reviews-Vu_Quang_National_Park-Ha_Tinh_Ha_Tinh_Province.html,3,tripadvisor_vn
Hồ Kẻ Gỗ,Vùng nước,Ha Tinh,https://www.tripadvisor.com.vn/Attraction_Review-g3312573-d21001215-Reviews-Ke_Go_Lake-Ha_Tinh_Ha_Tinh_Province.html,4,tripadvisor_vn
Tran Phu Memmorial House,Viện bảo tàng chuyên ngành,Ha Tinh,https://www.tripadvisor.com.vn/Attraction_Review-g3312573-d12729909-Reviews-Nha_luu_ni_m_Tr_n_Phu-Ha_Tinh_Ha_Tinh_Province.html,5,tripadvisor_vn
Đền thờ Cố Tổng bí thư Lê Duẩn,Địa điểm tôn giáo,Ha Tinh,https://www.tripadvisor.com.vn/Attraction_Review-g3312573-d20998880-Reviews-Den_tho_Co_Tong_bi_thu_Le_Duan-Ha_Tinh_Ha_Tinh_Province.html,6,tripadvisor_vn
Shire Of Le Duan,Điểm thu hút khách tham quan & thắng cảnh,Ha Tinh,https://www.tripadvisor.com.vn/Attraction_Review-g3312573-d25312124-Reviews-Shire_Of_Le_Duan-Ha_Tinh_Ha_Tinh_Province.html,7,tripadvisor_vn
Hà Tĩnh Stadium,Đấu trường & sân vận động,Ha Tinh,https://www.tripadvisor.com.vn/Attraction_Review-g3312573-d26703940-Reviews-Ha_Tinh_Stadium-Ha_Tinh_Ha_Tinh_Province.html,8,tripadvisor_vn
Vịnh Lan Hạ,Vùng nước,Hai Phong,https://www.tripadvisor.com.vn/Attraction_Review-g737051-d6974768-Reviews-Lan_Ha_Bay-Cat_Ba_Hai_Phong.html,1,tripadvisor_vn
Vườn Quốc Gia Cát Bà,Công viên quốc gia,Hai Phong,https://www.tripadvisor.com.vn/Attraction_Review-g737051-d6677777-Reviews-Cat_Ba_National_Park-Cat_Ba_Hai_Phong.html,2,tripadvisor_vn
Đảo Cát Bà,Công viên quốc gia • Quần đảo,Hai Phong,https://www.tripadvisor.com.vn/Attraction_Review-g737051-d386683-Reviews-Cat_Ba_Island-Cat_Ba_Hai_Phong.html,3,tripadvisor_vn
Thien Long Cave,Công viên quốc gia,Hai Phong,https://www.tripadvisor.com.vn/Attraction_Review-g737051-d23825754-Reviews-Thien_Long_Cave-Cat_Ba_Hai_Phong.html,4,tripadvisor_vn
Hospital Cave,Hang lớn & động,Hai Phong,https://www.tripadvisor.com.vn/Attraction_Review-g737051-d2041902-Reviews-Hospital_Cave-Cat_Ba_Hai_Phong.html,5,tripadvisor_vn
Monkey Island,Quần đảo • Khu vực tự nhiên & động vật hoang dã,Hai Phong,https://www.tripadvisor.com.vn/Attraction_Review-g737051-d5979069-Reviews-Monkey_Island-Cat_Ba_Hai_Phong.html,6,tripadvisor_vn
Làng Việt Hải,Điểm thu hút khách tham quan & thắng cảnh • Quần đảo,Hai Phong,https://www.tripadvisor.com.vn/Attraction_Review-g737051-d7309377-Reviews-Viet_Hai_Village-Cat_Ba_Hai_Phong.html,7,tripadvisor_vn
Hoa Cuong Cave,Hang lớn & động,Hai Phong,https://www.tripadvisor.com.vn/Attraction_Review-g27499063-d27491135-Reviews-Hoa_Cuong_Cave-Gia_Luan_Cat_Ba_Hai_Phong.html,8,tripadvisor_vn
Động Trung Trang,Hang lớn & động,Hai Phong,https://www.tripadvisor.com.vn/Attraction_Review-g737051-d14109039-Reviews-D_ng_Trung_Trang-Cat_Ba_Hai_Phong.html,9,tripadvisor_vn
Pelican Cave (Hang Bo Nau),Hang lớn & động,Hai Phong,https://www.tripadvisor.com.vn/Attraction_Review-g303944-d555732-Reviews-Pelican_Cave_Hang_Bo_Nau-Hai_Phong.html,10,tripadvisor_vn
Du Hang Pagoda,Điểm thu hút khách tham quan & thắng cảnh,Hai Phong,https://www.tripadvisor.com.vn/Attraction_Review-g303944-d7351791-Reviews-Du_Hang_Pagoda-Hai_Phong.html,11,tripadvisor_vn
Otter Valley Cat Ba,Khu vực tự nhiên & động vật hoang dã,Hai Phong,https://www.tripadvisor.com.vn/Attraction_Review-g737051-d23840529-Reviews-Otter_Valley_Cat_Ba-Cat_Ba_Hai_Phong.html,12,tripadvisor_vn
Cabalina Beach,Bãi biển,Hai Phong,https://www.tripadvisor.com.vn/Attraction_Review-g737051-d8071306-Reviews-Cabalina_Beach-Cat_Ba_Hai_Phong.html,13,tripadvisor_vn
Do Son Beach,Bãi biển,Hai Phong,https://www.tripadvisor.com.vn/Attraction_Review-g303944-d7356997-Reviews-Do_Son_Beach-Hai_Phong.html,14,tripadvisor_vn
Butterfly Valley Cat Ba,Thung lũng,Hai Phong,https://www.tripadvisor.com.vn/Attraction_Review-g737051-d15852695-Reviews-Butterfly_Valley_Cat_Ba-Cat_Ba_Hai_Phong.html,15,tripadvisor_vn
Cai Beo Floating Village,Vùng nước • Di tích cổ,Hai Phong,https://www.tripadvisor.com.vn/Attraction_Review-g26785533-d34123405-Reviews-Cai_Beo_Floating_Village-Cat_Ba_Town_Cat_Ba_Hai_Phong.html,16,tripadvisor_vn
Hai Phong City Opera House,Opera,Hai Phong,https://www.tripadvisor.com.vn/Attraction_Review-g303944-d7351790-Reviews-Hai_Phong_City_Opera_House-Hai_Phong.html,17,tripadvisor_vn
Elephant Beach,Công viên quốc gia • Bãi biển,Hai Phong,https://www.tripadvisor.com.vn/Attraction_Review-g737051-d34097648-Reviews-Elephant_Beach-Cat_Ba_Hai_Phong.html,18,tripadvisor_vn
Bảo tàng Thành phố Hải Phòng,Viện bảo tàng lịch sử,Hai Phong,https://www.tripadvisor.com.vn/Attraction_Review-g303944-d8445374-Reviews-Hai_Phong_City_Museum-Hai_Phong.html,19,tripadvisor_vn
Tam Bac Lake,Vùng nước,Hai Phong,https://www.tripadvisor.com.vn/Attraction_Review-g303944-d8544483-Reviews-Tam_Bac_Lake-Hai_Phong.html,20,tripadvisor_vn
Trekking Cat Ba,Trung tâm du lịch • Điểm thu hút khách tham quan & thắng cảnh,Hai Phong,https://www.tripadvisor.com.vn/Attraction_Review-g303944-d25091329-Reviews-Trekking_Cat_Ba-Hai_Phong.html,21,tripadvisor_vn
Đình Hàng Kênh,Địa điểm lịch sử • Di tích cổ,Hai Phong,https://www.tripadvisor.com.vn/Attraction_Review-g303944-d8564198-Reviews-Hang_Kenh_Communal_House-Hai_Phong.html,22,tripadvisor_vn
Chợ Ga,Chợ trời & chợ đường phố,Hai Phong,https://www.tripadvisor.com.vn/Attraction_Review-g303944-d14166372-Reviews-Ga_Market-Hai_Phong.html,23,tripadvisor_vn
Cat Co Beach,Bãi biển,Hai Phong,https://www.tripadvisor.com.vn/Attraction_Review-g737051-d27537543-Reviews-Cat_Co_Beach-Cat_Ba_Hai_Phong.html,24,tripadvisor_vn
The Duck Stop Cat Ba,Vùng nước • Đường đi xe đạp,Hai Phong,https://www.tripadvisor.com.vn/Attraction_Review-g737051-d34344418-Reviews-The_Duck_Stop_Cat_Ba-Cat_Ba_Hai_Phong.html,26,tripadvisor_vn
Động Hoa Cương,Hang lớn & động,Hai Phong,https://www.tripadvisor.com.vn/Attraction_Review-g303944-d10414956-Reviews-Hoa_Cuong_Cave-Hai_Phong.html,27,tripadvisor_vn
Đồi Thiên Văn,Núi,Hai Phong,https://www.tripadvisor.com.vn/Attraction_Review-g303944-d12001737-Reviews-Thien_Van_mountain-Hai_Phong.html,28,tripadvisor_vn
Porcupine Sunset Spot,Núi • Quán bar & câu lạc bộ,Hai Phong,https://www.tripadvisor.com.vn/Attraction_Review-g737051-d34113053-Reviews-Porcupine_Sunset_Spot-Cat_Ba_Hai_Phong.html,29,tripadvisor_vn
Núi Voi,Núi,Hai Phong,https://www.tripadvisor.com.vn/Attraction_Review-g303944-d19699513-Reviews-Elephant_Mountain-Hai_Phong.html,30,tripadvisor_vn
Chùa Phổ Chiếu,Địa điểm tôn giáo,Hai Phong,https://www.tripadvisor.com.vn/Attraction_Review-g303944-d10001228-Reviews-Pho_Chieu_Pagoda-Hai_Phong.html,31,tripadvisor_vn
Cabalina Bay,Vùng nước • Núi,Hai Phong,https://www.tripadvisor.com.vn/Attraction_Review-g737051-d34254928-Reviews-Cabalina_Bay-Cat_Ba_Hai_Phong.html,33,tripadvisor_vn
Ba Trai Dao,Quần đảo,Hai Phong,https://www.tripadvisor.com.vn/Attraction_Review-g737051-d33217884-Reviews-Ba_Trai_Dao-Cat_Ba_Hai_Phong.html,34,tripadvisor_vn
Cabalina Peak,Núi • Công viên quốc gia,Hai Phong,https://www.tripadvisor.com.vn/Attraction_Review-g737051-d34121925-Reviews-Cabalina_Peak-Cat_Ba_Hai_Phong.html,35,tripadvisor_vn
Phu Long Village,Vùng nước • Đường đi xe đạp,Hai Phong,https://www.tripadvisor.com.vn/Attraction_Review-g737051-d34097645-Reviews-Phu_Long_Village-Cat_Ba_Hai_Phong.html,36,tripadvisor_vn
Khu Du Lịch Quốc Tế Đồi Rồng,Khu lân cận,Hai Phong,https://www.tripadvisor.com.vn/Attraction_Review-g13473001-d26145471-Reviews-Khu_Du_L_ch_Qu_c_T_D_i_R_ng-Do_Son_Hai_Phong.html,37,tripadvisor_vn
Catba Mangroves Forest,Quần đảo • Bãi biển,Hai Phong,https://www.tripadvisor.com.vn/Attraction_Review-g737051-d34118395-Reviews-Catba_Mangroves_Forest-Cat_Ba_Hai_Phong.html,39,tripadvisor_vn
Ao Coi Mangroves,Công viên quốc gia • Bãi biển,Hai Phong,https://www.tripadvisor.com.vn/Attraction_Review-g737051-d34113048-Reviews-Ao_Coi_Mangroves-Cat_Ba_Hai_Phong.html,40,tripadvisor_vn
Bạch Đằng Giang,Địa điểm lịch sử • Vùng nước,Hai Phong,https://www.tripadvisor.com.vn/Attraction_Review-g303944-d16724718-Reviews-The_Bach_Dang_River-Hai_Phong.html,41,tripadvisor_vn
Dragon Cave,Vùng nước • Đường đi xe đạp,Hai Phong,https://www.tripadvisor.com.vn/Attraction_Review-g26785533-d34332942-Reviews-Dragon_Cave-Cat_Ba_Town_Cat_Ba_Hai_Phong.html,42,tripadvisor_vn
Grotte de Thien Long,Vùng nước • Đường đi xe đạp,Hai Phong,https://www.tripadvisor.com.vn/Attraction_Review-g737051-d34282935-Reviews-Grotte_de_Thien_Long-Cat_Ba_Hai_Phong.html,43,tripadvisor_vn
Tuyệt Tình Cốc,Khu vực tự nhiên & động vật hoang dã,Hai Phong,https://www.tripadvisor.com.vn/Attraction_Review-g303944-d23095052-Reviews-Tuy_t_Tinh_C_c-Hai_Phong.html,45,tripadvisor_vn
Phu Long Market,Núi • Quần đảo,Hai Phong,https://www.tripadvisor.com.vn/Attraction_Review-g737051-d34108277-Reviews-Phu_Long_Market-Cat_Ba_Hai_Phong.html,46,tripadvisor_vn
Dark and Bright Cave,Vùng nước • Bãi biển,Hai Phong,https://www.tripadvisor.com.vn/Attraction_Review-g737051-d34234357-Reviews-Dark_and_Bright_Cave-Cat_Ba_Hai_Phong.html,47,tripadvisor_vn
Cat Ba Ventures,Chuyến tham quan bằng thuyền,Hai Phong,https://www.tripadvisor.com.vn/Attraction_Review-g737051-d1368569-Reviews-Cat_Ba_Ventures-Cat_Ba_Hai_Phong.html,48,tripadvisor_vn
Sun World Cat Ba,Xe điện,Hai Phong,https://www.tripadvisor.com.vn/Attraction_Review-g17518099-d33395188-Reviews-Sun_World_Cat_Ba-Cat_Hai_Hai_Phong.html,49,tripadvisor_vn
Hidden Bat Cave,Đường đi xe đạp • Bãi biển,Hai Phong,https://www.tripadvisor.com.vn/Attraction_Review-g737051-d34234362-Reviews-Hidden_Bat_Cave-Cat_Ba_Hai_Phong.html,50,tripadvisor_vn
Village Flottant de Cai Beo,Đường đi xe đạp • Bãi biển,Hai Phong,https://www.tripadvisor.com.vn/Attraction_Review-g737051-d34268865-Reviews-Village_Flottant_de_Cai_Beo-Cat_Ba_Hai_Phong.html,51,tripadvisor_vn
Cabalina Lagoon,Đường đi xe đạp • Quán bar & câu lạc bộ,Hai Phong,https://www.tripadvisor.com.vn/Attraction_Review-g737051-d34391277-Reviews-Cabalina_Lagoon-Cat_Ba_Hai_Phong.html,52,tripadvisor_vn
Cabalina Valley,Vùng nước • Quầy bar Blues,Hai Phong,https://www.tripadvisor.com.vn/Attraction_Review-g737051-d34386912-Reviews-Cabalina_Valley-Cat_Ba_Hai_Phong.html,53,tripadvisor_vn
Cabalina Village,Đường đi xe đạp • Quán bar & câu lạc bộ,Hai Phong,https://www.tripadvisor.com.vn/Attraction_Review-g737051-d34393083-Reviews-Cabalina_Village-Cat_Ba_Hai_Phong.html,54,tripadvisor_vn
Ang Dai Valley,Đường đi xe đạp • Đường đi bộ,Hai Phong,https://www.tripadvisor.com.vn/Attraction_Review-g737051-d34119127-Reviews-Ang_Dai_Valley-Cat_Ba_Hai_Phong.html,55,tripadvisor_vn
Red Lady Cave,Vùng nước • Bãi biển,Hai Phong,https://www.tripadvisor.com.vn/Attraction_Review-g737051-d34234358-Reviews-Red_Lady_Cave-Cat_Ba_Hai_Phong.html,56,tripadvisor_vn
Ile aux Singes,Bãi biển • Hang lớn & động,Hai Phong,https://www.tripadvisor.com.vn/Attraction_Review-g737051-d34254937-Reviews-Ile_aux_Singes-Cat_Ba_Hai_Phong.html,57,tripadvisor_vn
Hang Vem Lake,Công viên quốc gia • Quần đảo,Hai Phong,https://www.tripadvisor.com.vn/Attraction_Review-g26785533-d34254929-Reviews-Hang_Vem_Lake-Cat_Ba_Town_Cat_Ba_Hai_Phong.html,58,tripadvisor_vn
Baie de Bai Tu Long,Núi • Đường đi xe đạp,Hai Phong,https://www.tripadvisor.com.vn/Attraction_Review-g26785533-d34283027-Reviews-Baie_de_Bai_Tu_Long-Cat_Ba_Town_Cat_Ba_Hai_Phong.html,60,tripadvisor_vn
Baie de Lan Ha,Vùng nước • Đường đi xe đạp,Hai Phong,https://www.tripadvisor.com.vn/Attraction_Review-g737051-d34278304-Reviews-Baie_de_Lan_Ha-Cat_Ba_Hai_Phong.html,62,tripadvisor_vn
Tay Keo Cave,Đường đi xe đạp • Bãi biển,Hai Phong,https://www.tripadvisor.com.vn/Attraction_Review-g737051-d34234379-Reviews-Tay_Keo_Cave-Cat_Ba_Hai_Phong.html,63,tripadvisor_vn
Village de Ao Coi,Công viên quốc gia • Bãi biển,Hai Phong,https://www.tripadvisor.com.vn/Attraction_Review-g26785533-d34322716-Reviews-Village_de_Ao_Coi-Cat_Ba_Town_Cat_Ba_Hai_Phong.html,64,tripadvisor_vn
Taxi Cát Bà - KingCong Travel,Taxi & xe đưa đón,Hai Phong,https://www.tripadvisor.com.vn/Attraction_Review-g26785533-d33145053-Reviews-KingCong_Travel-Cat_Ba_Town_Cat_Ba_Hai_Phong.html,65,tripadvisor_vn
Tien Duc Cave,Đường đi xe đạp • Bãi biển,Hai Phong,https://www.tripadvisor.com.vn/Attraction_Review-g737051-d34307514-Reviews-Tien_Duc_Cave-Cat_Ba_Hai_Phong.html,66,tripadvisor_vn
Trung Trang Cave,Vùng nước • Bãi biển,Hai Phong,https://www.tripadvisor.com.vn/Attraction_Review-g26785533-d34292900-Reviews-Trung_Trang_Cave-Cat_Ba_Town_Cat_Ba_Hai_Phong.html,67,tripadvisor_vn
Kathedrale In Hai Phong,Nhà thờ & nhà thờ lớn,Hai Phong,https://www.tripadvisor.com.vn/Attraction_Review-g303944-d33230898-Reviews-Kathedrale_In_Hai_Phong-Hai_Phong.html,68,tripadvisor_vn
Làng chài Trà Báu,Hình thái địa chất,Hai Phong,https://www.tripadvisor.com.vn/Attraction_Review-g17518099-d33217997-Reviews-Lang_chai_Tra_Bau-Cat_Hai_Hai_Phong.html,69,tripadvisor_vn
Ruby Tree Golf Villas,Sân gôn,Hai Phong,https://www.tripadvisor.com.vn/Attraction_Review-g303944-d33019088-Reviews-Ruby_Tree_Golf_Resort-Hai_Phong.html,70,tripadvisor_vn
Phu Long Temple,Vùng nước • Đường đi xe đạp,Hai Phong,https://www.tripadvisor.com.vn/Attraction_Review-g26785533-d34278309-Reviews-Phu_Long_Temple-Cat_Ba_Town_Cat_Ba_Hai_Phong.html,71,tripadvisor_vn
Baie d'Along,Bãi biển • Đường đi bộ,Hai Phong,https://www.tripadvisor.com.vn/Attraction_Review-g26785533-d34269221-Reviews-Baie_d_Along-Cat_Ba_Town_Cat_Ba_Hai_Phong.html,72,tripadvisor_vn
Lac de Hang Vem,Quần đảo • Bãi biển,Hai Phong,https://www.tripadvisor.com.vn/Attraction_Review-g737051-d34290192-Reviews-Lac_de_Hang_Vem-Cat_Ba_Hai_Phong.html,73,tripadvisor_vn
Moc Trang Beach,Đường đi xe đạp • Bãi biển,Hai Phong,https://www.tripadvisor.com.vn/Attraction_Review-g737051-d34464313-Reviews-Moc_Trang_Beach-Cat_Ba_Hai_Phong.html,74,tripadvisor_vn
Phu Long Cave,Hang lớn & động,Hai Phong,https://www.tripadvisor.com.vn/Attraction_Review-g737051-d34292908-Reviews-Phu_Long_Cave-Cat_Ba_Hai_Phong.html,75,tripadvisor_vn
Cát Bà,Bến du thuyền,Hai Phong,https://www.tripadvisor.com.vn/Attraction_Review-g303944-d33278684-Reviews-Cat_Ba-Hai_Phong.html,76,tripadvisor_vn
Navy Peak,Vùng nước • Bãi biển,Hai Phong,https://www.tripadvisor.com.vn/Attraction_Review-g737051-d34327506-Reviews-Navy_Peak-Cat_Ba_Hai_Phong.html,77,tripadvisor_vn
Chùa Hâng Kênh,Địa điểm tôn giáo,Hai Phong,https://www.tripadvisor.com.vn/Attraction_Review-g303944-d20139566-Reviews-Hang_Kenh_Pagoda-Hai_Phong.html,78,tripadvisor_vn
Ngu Lam Peak,Vùng nước • Đường đi xe đạp,Hai Phong,https://www.tripadvisor.com.vn/Attraction_Review-g737051-d34305988-Reviews-Ngu_Lam_Peak-Cat_Ba_Hai_Phong.html,79,tripadvisor_vn
Co Do Cave,Vùng nước • Bãi biển,Hai Phong,https://www.tripadvisor.com.vn/Attraction_Review-g26785533-d34285291-Reviews-Co_Do_Cave-Cat_Ba_Town_Cat_Ba_Hai_Phong.html,80,tripadvisor_vn
Archipel de Cat Ba,Đường đi xe đạp • Bãi biển,Hai Phong,https://www.tripadvisor.com.vn/Attraction_Review-g737051-d34282932-Reviews-Archipel_de_Cat_Ba-Cat_Ba_Hai_Phong.html,81,tripadvisor_vn
tiNiWorld,Sân chơi • Trung tâm trò chơi & giải trí,Hai Phong,https://www.tripadvisor.com.vn/Attraction_Review-g303944-d9996410-Reviews-TiNiWorld-Hai_Phong.html,83,tripadvisor_vn
Dragon Peak,Đường đi xe đạp • Bãi biển,Hai Phong,https://www.tripadvisor.com.vn/Attraction_Review-g737051-d34307545-Reviews-Dragon_Peak-Cat_Ba_Hai_Phong.html,84,tripadvisor_vn
Village flottant des Pêcheurs de Cai Beo,Núi • Hang lớn & động,Hai Phong,https://www.tripadvisor.com.vn/Attraction_Review-g737051-d34269218-Reviews-Village_flottant_des_Pecheurs_de_Cai_Beo-Cat_Ba_Hai_Phong.html,85,tripadvisor_vn
Thuê Xe Máy Hải Phòng LV,Cho thuê tiện ích,Hai Phong,https://www.tripadvisor.com.vn/Attraction_Review-g303944-d28147726-Reviews-Motorbike_Rental_Haiphong_LV-Hai_Phong.html,86,tripadvisor_vn
Grotte de l'hopital,Bãi biển • Đường đi bộ,Hai Phong,https://www.tripadvisor.com.vn/Attraction_Review-g737051-d34322719-Reviews-Grotte_de_l_hopital-Cat_Ba_Hai_Phong.html,87,tripadvisor_vn
Cat Ba Natural Park,Vùng nước • Bãi biển,Hai Phong,https://www.tripadvisor.com.vn/Attraction_Review-g737051-d34342196-Reviews-Cat_Ba_Natural_Park-Cat_Ba_Hai_Phong.html,88,tripadvisor_vn
Bến Bèo Cát Bà,Bến du thuyền,Hai Phong,https://www.tripadvisor.com.vn/Attraction_Review-g303944-d28000982-Reviews-B_n_Beo_Cat_Ba-Hai_Phong.html,89,tripadvisor_vn
Dragon Beach,Bãi biển,Hai Phong,https://www.tripadvisor.com.vn/Attraction_Review-g303944-d24988396-Reviews-Dragon_Beach-Hai_Phong.html,90,tripadvisor_vn
Cabalina Sunset Spot,Vùng nước • Đường đi xe đạp,Hai Phong,https://www.tripadvisor.com.vn/Attraction_Review-g737051-d34397846-Reviews-Cabalina_Sunset_Spot-Cat_Ba_Hai_Phong.html,91,tripadvisor_vn
Dragon Bay,Vùng nước • Đường đi xe đạp,Hai Phong,https://www.tripadvisor.com.vn/Attraction_Review-g737051-d34348264-Reviews-Dragon_Bay-Cat_Ba_Hai_Phong.html,92,tripadvisor_vn
Ile de Cat Ba,Vùng nước • Đường đi xe đạp,Hai Phong,https://www.tripadvisor.com.vn/Attraction_Review-g737051-d34282931-Reviews-Ile_de_Cat_Ba-Cat_Ba_Hai_Phong.html,93,tripadvisor_vn
Dũng Yến Motorbike Shop Cát Bà,Cho thuê tiện ích,Hai Phong,https://www.tripadvisor.com.vn/Attraction_Review-g17518099-d32826245-Reviews-Dung_Y_n_Motorbike_Shop_Cat_Ba-Cat_Hai_Hai_Phong.html,94,tripadvisor_vn
Cao Quy Stake Yard,Viện bảo tàng chuyên ngành,Hai Phong,https://www.tripadvisor.com.vn/Attraction_Review-g303944-d23102209-Reviews-Cao_Quy_Stake_Yard-Hai_Phong.html,95,tripadvisor_vn
Trung tâm chăm sóc sức khỏe Trường Thọ,Spa,Hai Phong,https://www.tripadvisor.com.vn/Attraction_Review-g303944-d10024705-Reviews-Truong_Tho_Spa_and_Massage-Hai_Phong.html,96,tripadvisor_vn
Rose Club,Quán bar & câu lạc bộ,Hai Phong,https://www.tripadvisor.com.vn/Attraction_Review-g737051-d14910492-Reviews-Rose_Club-Cat_Ba_Hai_Phong.html,97,tripadvisor_vn
Vu Nguyen Family Massage,Trung tâm & trại thể thao,Hai Phong,https://www.tripadvisor.com.vn/Attraction_Review-g737051-d16875225-Reviews-Vu_Nguyen_Family_Massage-Cat_Ba_Hai_Phong.html,98,tripadvisor_vn
Relax Spa Cat Ba Center,Spa,Hai Phong,https://www.tripadvisor.com.vn/Attraction_Review-g26785533-d33440304-Reviews-Relax_Spa_Cat_Ba_Center-Cat_Ba_Town_Cat_Ba_Hai_Phong.html,99,tripadvisor_vn
Sirocco Restaurant & Sky Bar - Cat Ba Paradise,Quán bar & câu lạc bộ,Hai Phong,https://www.tripadvisor.com.vn/Attraction_Review-g737051-d26840970-Reviews-Sirocco_Restaurant_Sky_Bar_Cat_Ba_Paradise-Cat_Ba_Hai_Phong.html,100,tripadvisor_vn
Daily Nails,Spa,Hai Phong,https://www.tripadvisor.com.vn/Attraction_Review-g17518099-d27737904-Reviews-Daily_Nails-Cat_Hai_Hai_Phong.html,101,tripadvisor_vn
Cat Ba Smile Tours,Chuyến tham quan nhiều ngày • Chèo xuồng & ngồi phao trên sông,Hai Phong,https://www.tripadvisor.com.vn/Attraction_Review-g737051-d19065972-Reviews-Cat_Ba_Smile_Tours-Cat_Ba_Hai_Phong.html,103,tripadvisor_vn
Calypso Cruises,Chuyến tham quan bằng thuyền • Thuê thuyền câu cá & tham quan,Hai Phong,https://www.tripadvisor.com.vn/Attraction_Review-g303944-d15590966-Reviews-Calypso_Cruises-Hai_Phong.html,104,tripadvisor_vn
Cat Ba Green Trail Travel,Chuyến tham quan nhiều ngày,Hai Phong,https://www.tripadvisor.com.vn/Attraction_Review-g737051-d12987639-Reviews-Cat_Ba_Green_Trail_Travel-Cat_Ba_Hai_Phong.html,105,tripadvisor_vn
Serenity Premium Cruise,Chuyến tham quan lịch sử & di sản • Chuyến tham quan bằng thuyền,Hai Phong,https://www.tripadvisor.com.vn/Attraction_Review-g737051-d17431200-Reviews-Serenity_Premium_Cruise-Cat_Ba_Hai_Phong.html,106,tripadvisor_vn
Vinpearl Golf Hải Phòng,Sân gôn,Hai Phong,https://www.tripadvisor.com.vn/Attraction_Review-g303944-d15272657-Reviews-Vinpearl_Golf_Hai_Phong-Hai_Phong.html,107,tripadvisor_vn
The Black Pirates,Quán bar & câu lạc bộ,Hai Phong,https://www.tripadvisor.com.vn/Attraction_Review-g737051-d18996009-Reviews-The_Black_Pirates-Cat_Ba_Hai_Phong.html,108,tripadvisor_vn
Tropical Cruise,Chuyến tham quan bằng thuyền • Chuyến tham quan tư nhân,Hai Phong,https://www.tripadvisor.com.vn/Attraction_Review-g303944-d33367418-Reviews-Tropical_Cruise-Hai_Phong.html,109,tripadvisor_vn
Foot Masage Phúc Tấn Khang,Spa,Hai Phong,https://www.tripadvisor.com.vn/Attraction_Review-g303944-d26364471-Reviews-Foot_Masage_Phuc_T_n_Khang-Hai_Phong.html,110,tripadvisor_vn
Halong Capella Cruise,Chuyến tham quan nhiều ngày • Chuyến tham quan bằng thuyền,Hai Phong,https://www.tripadvisor.com.vn/Attraction_Review-g303944-d19254163-Reviews-Halong_Capella_Cruise-Hai_Phong.html,111,tripadvisor_vn
Cat Ba Paradise Hotel - Spa,Spa,Hai Phong,https://www.tripadvisor.com.vn/Attraction_Review-g737051-d26843807-Reviews-Cat_Ba_Paradise_Hotel_Spa-Cat_Ba_Hai_Phong.html,112,tripadvisor_vn
Blue Swimmer Adventures,Chuyến tham quan nhiều ngày • Chuyến tham quan bằng xe đạp,Hai Phong,https://www.tripadvisor.com.vn/Attraction_Review-g737051-d2037977-Reviews-Blue_Swimmer_Adventures-Cat_Ba_Hai_Phong.html,113,tripadvisor_vn
AVANI Haiphong Habour view Spa,Spa,Hai Phong,https://www.tripadvisor.com.vn/Attraction_Review-g303944-d8774780-Reviews-AVANI_Haiphong_Habour_view_Spa-Hai_Phong.html,114,tripadvisor_vn
The Good Bar,Quán bar & câu lạc bộ,Hai Phong,https://www.tripadvisor.com.vn/Attraction_Review-g737051-d4412576-Reviews-The_Good_Bar-Cat_Ba_Hai_Phong.html,115,tripadvisor_vn
Cat Ba Transfer,Taxi & xe đưa đón,Hai Phong,https://www.tripadvisor.com.vn/Attraction_Review-g737051-d11899983-Reviews-Cat_Ba_Transfer-Cat_Ba_Hai_Phong.html,116,tripadvisor_vn
Orchid Premium Cruises,Chuyến tham quan nhiều ngày • Chuyến tham quan bằng thuyền,Hai Phong,https://www.tripadvisor.com.vn/Attraction_Review-g303944-d19458640-Reviews-Orchid_Premium_Cruises-Hai_Phong.html,117,tripadvisor_vn
Satan Sky Bar,Quán bar & câu lạc bộ,Hai Phong,https://www.tripadvisor.com.vn/Attraction_Review-g303944-d20139571-Reviews-Satan_Sky_Bar-Hai_Phong.html,118,tripadvisor_vn
Hai Phong Tours,Tour thăm quan thành phố • Chuyến tham quan văn hóa,Hai Phong,https://www.tripadvisor.com.vn/Attraction_Review-g303944-d6024348-Reviews-Hai_Phong_Tours-Hai_Phong.html,119,tripadvisor_vn
CAT BA PANORAMA TRAVEL,Chuyến tham quan nhiều ngày • Chèo xuồng & ngồi phao trên sông,Hai Phong,https://www.tripadvisor.com.vn/Attraction_Review-g737051-d19387451-Reviews-CAT_BA_PANORAMA_TRAVEL-Cat_Ba_Hai_Phong.html,120,tripadvisor_vn
Massage Gội Đầu,Spa,Hai Phong,https://www.tripadvisor.com.vn/Attraction_Review-g737051-d15074462-Reviews-Massage_Goi_Dau-Cat_Ba_Hai_Phong.html,121,tripadvisor_vn
Massage & Spa Tâm Việt,Spa,Hai Phong,https://www.tripadvisor.com.vn/Attraction_Review-g737051-d15353845-Reviews-Massage_Spa_Tam_Viet-Cat_Ba_Hai_Phong.html,122,tripadvisor_vn
Cozy Boutique Cruise,Chuyến tham quan bằng xe đạp • Chuyến tham quan bằng thuyền,Hai Phong,https://www.tripadvisor.com.vn/Attraction_Review-g737051-d19923809-Reviews-Cozy_Boutique_Cruise-Cat_Ba_Hai_Phong.html,123,tripadvisor_vn
Cat Ba Eco Tourist,Chuyến tham quan bằng thuyền • Chèo thuyền kayak & chèo xuồng,Hai Phong,https://www.tripadvisor.com.vn/Attraction_Review-g26785533-d15654496-Reviews-Cat_Ba_Eco_Tourist-Cat_Ba_Town_Cat_Ba_Hai_Phong.html,124,tripadvisor_vn
Aroma Viet Nam Travel,Chuyến tham quan bằng thuyền • Chuyến tham quan đi dạo,Hai Phong,https://www.tripadvisor.com.vn/Attraction_Review-g26785533-d25321717-Reviews-Aroma_Viet_Nam_Travel-Cat_Ba_Town_Cat_Ba_Hai_Phong.html,125,tripadvisor_vn
Cat Ba Cooking Class with Quiri Kitchen,Lớp nấu ăn,Hai Phong,https://www.tripadvisor.com.vn/Attraction_Review-g737051-d24982855-Reviews-Cat_Ba_Cooking_Class_with_Quiri_Kitchen-Cat_Ba_Hai_Phong.html,127,tripadvisor_vn
Kirara Bar & Lounge,Quầy bar karaoke,Hai Phong,https://www.tripadvisor.com.vn/Attraction_Review-g303944-d25174216-Reviews-Kirara_Bar_Lounge-Hai_Phong.html,128,tripadvisor_vn
Marigold Pub,Quán bar & câu lạc bộ,Hai Phong,https://www.tripadvisor.com.vn/Attraction_Review-g737051-d8341503-Reviews-Marigold_Pub-Cat_Ba_Hai_Phong.html,129,tripadvisor_vn
Cat Ba freedom,Chuyến tham quan nhiều ngày • Chuyến tham quan bằng thuyền,Hai Phong,https://www.tripadvisor.com.vn/Attraction_Review-g737051-d19757890-Reviews-Cat_Ba_freedom-Cat_Ba_Hai_Phong.html,130,tripadvisor_vn
Catba Wonder Tour,Chuyến tham quan bằng thuyền,Hai Phong,https://www.tripadvisor.com.vn/Attraction_Review-g737051-d25157264-Reviews-Catba_Wander_Tour-Cat_Ba_Hai_Phong.html,131,tripadvisor_vn
Cat Ba Gem Cruise,Chuyến tham quan nhiều ngày • Chuyến tham quan bằng thuyền,Hai Phong,https://www.tripadvisor.com.vn/Attraction_Review-g737051-d27820079-Reviews-Cat_Ba_Gem_Cruise-Cat_Ba_Hai_Phong.html,132,tripadvisor_vn
Central View Coffee Lounge,Quán bar & câu lạc bộ,Hai Phong,https://www.tripadvisor.com.vn/Attraction_Review-g303944-d4351982-Reviews-Central_View_Coffee_Lounge-Hai_Phong.html,133,tripadvisor_vn
Hadeco,Dịch vụ xe buýt,Hai Phong,https://www.tripadvisor.com.vn/Attraction_Review-g303944-d13162588-Reviews-Hadeco-Hai_Phong.html,134,tripadvisor_vn
Langur's Adventures,Chuyến tham quan nhiều ngày • Chuyến tham quan bằng thuyền,Hai Phong,https://www.tripadvisor.com.vn/Attraction_Review-g737051-d17268293-Reviews-Langur_s_Adventures-Cat_Ba_Hai_Phong.html,136,tripadvisor_vn
Tran Nguyen Travel,Chuyến tham quan bằng thuyền • Chuyến tham quan bằng xe buýt,Hai Phong,https://www.tripadvisor.com.vn/Attraction_Review-g303944-d11670927-Reviews-Tran_Nguyen_Travel-Hai_Phong.html,137,tripadvisor_vn
Bui Coffee And Bistro,Quán bar rượu vang,Hai Phong,https://www.tripadvisor.com.vn/Attraction_Review-g737051-d25562615-Reviews-Bui_Coffee_And_Bistro-Cat_Ba_Hai_Phong.html,138,tripadvisor_vn
Mon Men Beer Bar,Quán ăn biểu diễn tạp kỹ,Hai Phong,https://www.tripadvisor.com.vn/Attraction_Review-g303944-d24828145-Reviews-Mon_Men_Beer_Bar-Hai_Phong.html,139,tripadvisor_vn
Rosy Cruise,Chuyến tham quan bằng thuyền • Chèo thuyền kayak & chèo xuồng,Hai Phong,https://www.tripadvisor.com.vn/Attraction_Review-g303944-d12253984-Reviews-Rosy_Cruise-Hai_Phong.html,140,tripadvisor_vn
Foreigners Bar,Quán bar & câu lạc bộ,Hai Phong,https://www.tripadvisor.com.vn/Attraction_Review-g303944-d21298420-Reviews-Foreigners_Bar-Hai_Phong.html,141,tripadvisor_vn
Massage Facial IVY Spa,Spa,Hai Phong,https://www.tripadvisor.com.vn/Attraction_Review-g303944-d26610581-Reviews-Massage_Facial_IVY_Spa-Hai_Phong.html,142,tripadvisor_vn
Blue Swimmer Sailing,Chuyến tham quan nhiều ngày • Taxi & xe đưa đón,Hai Phong,https://www.tripadvisor.com.vn/Attraction_Review-g737051-d19597530-Reviews-Blue_Swimmer_Sailing-Cat_Ba_Hai_Phong.html,143,tripadvisor_vn
Alina Spa,Spa,Hai Phong,https://www.tripadvisor.com.vn/Attraction_Review-g737051-d28663937-Reviews-Alina_Spa-Cat_Ba_Hai_Phong.html,144,tripadvisor_vn
Relax Spa Center,Spa,Hai Phong,https://www.tripadvisor.com.vn/Attraction_Review-g737051-d33440283-Reviews-Relax_Spa_Center-Cat_Ba_Hai_Phong.html,145,tripadvisor_vn
Fiona Bistro,Quán bar & câu lạc bộ,Hai Phong,https://www.tripadvisor.com.vn/Attraction_Review-g17518099-d26493404-Reviews-Fiona_Bistro-Cat_Hai_Hai_Phong.html,146,tripadvisor_vn
The Catba Catamaran,Chuyến tham quan lịch sử & di sản • Chuyến tham quan bằng thuyền,Hai Phong,https://www.tripadvisor.com.vn/Attraction_Review-g737051-d27631106-Reviews-The_Catba_Catamaran-Cat_Ba_Hai_Phong.html,147,tripadvisor_vn
Massage Hải Phòng - Phúc An Khang,Spa,Hai Phong,https://www.tripadvisor.com.vn/Attraction_Review-g303944-d34395526-Reviews-Massage_H_i_Phong_Phuc_An_Khang-Hai_Phong.html,148,tripadvisor_vn
The Fox,Quán bar & câu lạc bộ,Hai Phong,https://www.tripadvisor.com.vn/Attraction_Review-g303944-d12913753-Reviews-The_Fox-Hai_Phong.html,149,tripadvisor_vn
Lost & Found Rooftop Bar,Quán bar & câu lạc bộ,Hai Phong,https://www.tripadvisor.com.vn/Attraction_Review-g737051-d27981075-Reviews-Lost_Found_Rooftop_Bar-Cat_Ba_Hai_Phong.html,150,tripadvisor_vn
Julie's Bar,Quán bar & câu lạc bộ,Hai Phong,https://www.tripadvisor.com.vn/Attraction_Review-g303944-d3588497-Reviews-Julie_s_Bar-Hai_Phong.html,151,tripadvisor_vn
Son Tung Express Cat Ba,Taxi & xe đưa đón,Hai Phong,https://www.tripadvisor.com.vn/Attraction_Review-g303944-d28651670-Reviews-Son_Tung_Express_Cat_Ba-Hai_Phong.html,152,tripadvisor_vn
The Little Leaf - Rooftop Bar,"Chuyến tham quan quán bar, câu lạc bộ & quán rượu • Quán bar & câu lạc bộ",Hai Phong,https://www.tripadvisor.com.vn/Attraction_Review-g26785533-d19334987-Reviews-Little_Leaf_Rooftop_Cocktail_Bar-Cat_Ba_Town_Cat_Ba_Hai_Phong.html,153,tripadvisor_vn
Cat Ba Discovery,Chuyến tham quan bằng xe buýt du lịch • Chuyến tham quan bằng thuyền,Hai Phong,https://www.tripadvisor.com.vn/Attraction_Review-g303944-d5538793-Reviews-Cat_Ba_Discovery-Hai_Phong.html,155,tripadvisor_vn
Cat Ba Du Ky Travel,Taxi & xe đưa đón • Chuyến tham quan bằng thuyền,Hai Phong,https://www.tripadvisor.com.vn/Attraction_Review-g737051-d25011323-Reviews-Cat_Ba_Du_Ky_Travel-Cat_Ba_Hai_Phong.html,156,tripadvisor_vn
"Luxury Travel Co., LTD",Tour thăm quan thành phố • Chuyến tham quan văn hóa,Hai Phong,https://www.tripadvisor.com.vn/Attraction_Review-g26785533-d8647374-Reviews-Luxury_Travel_Co_LTD-Cat_Ba_Town_Cat_Ba_Hai_Phong.html,157,tripadvisor_vn
Full Moon Travel Asia,Chuyến tham quan bằng thuyền,Hai Phong,https://www.tripadvisor.com.vn/Attraction_Review-g26785533-d12909788-Reviews-Full_Moon_Travel_Asia-Cat_Ba_Town_Cat_Ba_Hai_Phong.html,158,tripadvisor_vn
Cat Ba Outdoors,Taxi & xe đưa đón • Chuyến tham quan bằng xe đạp,Hai Phong,https://www.tripadvisor.com.vn/Attraction_Review-g26785533-d15687862-Reviews-Cat_Ba_Outdoors-Cat_Ba_Town_Cat_Ba_Hai_Phong.html,159,tripadvisor_vn
Ninh Binh Travel,Taxi & xe đưa đón,Hai Phong,https://www.tripadvisor.com.vn/Attraction_Review-g26785533-d28457387-Reviews-Ninh_Binh_Travel-Cat_Ba_Town_Cat_Ba_Hai_Phong.html,160,tripadvisor_vn
Cat Ba Sea Star,Chuyến tham quan bằng thuyền • Chuyến tham quan ngắm cảnh,Hai Phong,https://www.tripadvisor.com.vn/Attraction_Review-g737051-d32768443-Reviews-Cat_Ba_Sea_Star-Cat_Ba_Hai_Phong.html,161,tripadvisor_vn
Lucky Pub,Quán bar & câu lạc bộ,Hai Phong,https://www.tripadvisor.com.vn/Attraction_Review-g17181720-d20056406-Reviews-Lucky_Pub-Hong_Bang_Hai_Phong.html,162,tripadvisor_vn
Noah - The Cocktail Bar,Quán bar & câu lạc bộ,Hai Phong,https://www.tripadvisor.com.vn/Attraction_Review-g303944-d24912326-Reviews-Noah_The_Cocktail_Bar-Hai_Phong.html,163,tripadvisor_vn
Cat Ba Adventures,Chuyến tham quan nhiều ngày • Chuyến tham quan vượt hẻm núi & tuột núi,Hai Phong,https://www.tripadvisor.com.vn/Attraction_Review-g737051-d20380116-Reviews-Cat_Ba_Adventures-Cat_Ba_Hai_Phong.html,164,tripadvisor_vn
Cat Ba Pathfinders,Chuyến tham quan vượt hẻm núi & tuột núi • Chuyến tham quan cảm giác mạnh & mạo hiểm,Hai Phong,https://www.tripadvisor.com.vn/Attraction_Review-g26785533-d27141820-Reviews-Cat_Ba_Pathfinders-Cat_Ba_Town_Cat_Ba_Hai_Phong.html,165,tripadvisor_vn
Captain jacks tour,Chuyến tham quan nhiều ngày • Chuyến tham quan lịch sử & di sản,Hai Phong,https://www.tripadvisor.com.vn/Attraction_Review-g737051-d19117261-Reviews-Captain_jacks_tour-Cat_Ba_Hai_Phong.html,166,tripadvisor_vn
Hai Phong Private Car Service,Taxi & xe đưa đón,Hai Phong,https://www.tripadvisor.com.vn/Attraction_Review-g303944-d32994747-Reviews-Hai_Phong_Private_Car_Service-Hai_Phong.html,167,tripadvisor_vn
CatBa Amazing,Chuyến tham quan văn hóa • Chuyến tham quan bằng thuyền,Hai Phong,https://www.tripadvisor.com.vn/Attraction_Review-g737051-d25383577-Reviews-CatBa_Amazing-Cat_Ba_Hai_Phong.html,168,tripadvisor_vn
Cat Ba Go - Transfers & Tours,Taxi & xe đưa đón,Hai Phong,https://www.tripadvisor.com.vn/Attraction_Review-g737051-d34048508-Reviews-Cat_Ba_Go_Transfers_Tours-Cat_Ba_Hai_Phong.html,169,tripadvisor_vn
The One Hostel Cat Ba,"Chuyến tham quan quán bar, câu lạc bộ & quán rượu • Chuyến tham quan nhiều ngày",Hai Phong,https://www.tripadvisor.com.vn/Attraction_Review-g26785533-d27900919-Reviews-The_One_Hostel_Cat_Ba-Cat_Ba_Town_Cat_Ba_Hai_Phong.html,170,tripadvisor_vn
The One Island Escape,Chuyến tham quan nhiều ngày • Săn tìm đồ vật,Hai Phong,https://www.tripadvisor.com.vn/Attraction_Review-g17518099-d26770084-Reviews-The_One_Island_Escape-Cat_Hai_Hai_Phong.html,171,tripadvisor_vn
Paradise Grand Cruise,Chuyến tham quan bằng thuyền,Hai Phong,https://www.tripadvisor.com.vn/Attraction_Review-g737051-d25782579-Reviews-Paradise_Grand_Cruise-Cat_Ba_Hai_Phong.html,172,tripadvisor_vn
VinWonders Vũ Yên,Công viên giải trí & công viên chủ đề • Công viên nước,Hai Phong,https://www.tripadvisor.com.vn/Attraction_Review-g303944-d33279181-Reviews-VinWonders_Vu_Yen-Hai_Phong.html,173,tripadvisor_vn
Aduta Cruise,Chuyến tham quan nhiều ngày • Chuyến tham quan bằng thuyền,Hai Phong,https://www.tripadvisor.com.vn/Attraction_Review-g26785533-d28663078-Reviews-Aduta_Cruise-Cat_Ba_Town_Cat_Ba_Hai_Phong.html,174,tripadvisor_vn
Haiphong Adventure Tour,Tour thăm quan thành phố • Chuyến tham quan văn hóa,Hai Phong,https://www.tripadvisor.com.vn/Attraction_Review-g303944-d28150781-Reviews-Haiphong_Adventure_Tour-Hai_Phong.html,176,tripadvisor_vn
Cat Ba Wellness DMC,Chuyến tham quan nhiều ngày • Chuyến tham quan bằng xe đạp,Hai Phong,https://www.tripadvisor.com.vn/Attraction_Review-g26785533-d33110176-Reviews-Cat_Ba_Wellness_DMC-Cat_Ba_Town_Cat_Ba_Hai_Phong.html,177,tripadvisor_vn
Aroma-Roza Cruise,Chuyến tham quan bằng thuyền • Chuyến tham quan ngắm cảnh,Hai Phong,https://www.tripadvisor.com.vn/Attraction_Review-g737051-d33339423-Reviews-Aroma_Roza_Cruise-Cat_Ba_Hai_Phong.html,178,tripadvisor_vn
Son Tung Adsus,Taxi & xe đưa đón,Hai Phong,https://www.tripadvisor.com.vn/Attraction_Review-g737051-d28664756-Reviews-Son_Tung_Adsus-Cat_Ba_Hai_Phong.html,179,tripadvisor_vn
Cánh buồm Perla Dawn,Chuyến tham quan nhiều ngày • Chuyến tham quan bằng thuyền,Hai Phong,https://www.tripadvisor.com.vn/Attraction_Review-g303944-d13368211-Reviews-Halong_Bay_Cruises_by_Local_Experts-Hai_Phong.html,180,tripadvisor_vn
Hong Van Cruise,Chuyến tham quan bằng thuyền • Thuyền cho thuê,Hai Phong,https://www.tripadvisor.com.vn/Attraction_Review-g737051-d24923230-Reviews-Hong_Van_Cruise-Cat_Ba_Hai_Phong.html,182,tripadvisor_vn
Black Pearl & Pool Bar,Quán bar & câu lạc bộ,Hai Phong,https://www.tripadvisor.com.vn/Attraction_Review-g737051-d34680505-Reviews-Black_Pearl_Pool_Bar-Cat_Ba_Hai_Phong.html,183,tripadvisor_vn
Cat Ba Sonder,Chuyến tham quan bằng thuyền • Chuyến tham quan tư nhân,Hai Phong,https://www.tripadvisor.com.vn/Attraction_Review-g737051-d19844955-Reviews-Cat_Ba_Sonder-Cat_Ba_Hai_Phong.html,184,tripadvisor_vn
Vietnam Tonkin Cruise,Chuyến tham quan bằng xe đạp • Chuyến tham quan bằng thuyền,Hai Phong,https://www.tripadvisor.com.vn/Attraction_Review-g303944-d12389106-Reviews-Vietnam_Tonkin_Cruise-Hai_Phong.html,185,tripadvisor_vn
Cat Ba View,Chuyến tham quan bằng thuyền • Chuyến tham quan leo núi,Hai Phong,https://www.tripadvisor.com.vn/Attraction_Review-g737051-d12455764-Reviews-Cat_Ba_View-Cat_Ba_Hai_Phong.html,186,tripadvisor_vn
Quang Thang Cat Ba Travel,Chuyến tham quan bằng thuyền • Chuyến tham quan bằng xe buýt,Hai Phong,https://www.tripadvisor.com.vn/Attraction_Review-g303944-d32908982-Reviews-Quang_Thang_Cat_Ba_Travel-Hai_Phong.html,187,tripadvisor_vn
Tam private cooking class Vietnamese cuisine,Chuyến tham quan bằng xe đạp • Lớp nấu ăn,Hai Phong,https://www.tripadvisor.com.vn/Attraction_Review-g737051-d25364921-Reviews-Tam_private_cooking_class_Vietnamese_cuisine-Cat_Ba_Hai_Phong.html,188,tripadvisor_vn
Cat Ba Express Cruises,Chuyến tham quan nhiều ngày • Chuyến tham quan tư nhân,Hai Phong,https://www.tripadvisor.com.vn/Attraction_Review-g737051-d19112001-Reviews-Cat_Ba_Express_Cruises-Cat_Ba_Hai_Phong.html,189,tripadvisor_vn
L Travel,Chuyến tham quan bằng thuyền • Chuyến tham quan tư nhân,Hai Phong,https://www.tripadvisor.com.vn/Attraction_Review-g303944-d25088356-Reviews-L_Travel-Hai_Phong.html,190,tripadvisor_vn
Cat Ba Mango Cruise Travel,Chuyến tham quan lịch sử & di sản • Taxi & xe đưa đón,Hai Phong,https://www.tripadvisor.com.vn/Attraction_Review-g737051-d25129693-Reviews-Cat_Ba_Mango_Cruise_Travel-Cat_Ba_Hai_Phong.html,191,tripadvisor_vn
Tuan Chau Pearl Isle,Chuyến tham quan bằng thuyền • Chuyến tham quan sinh thái,Hai Phong,https://www.tripadvisor.com.vn/Attraction_Review-g303944-d11648389-Reviews-Tuan_Chau_Pearl_Isle-Hai_Phong.html,192,tripadvisor_vn
Hai Phong Transfer Service,Taxi & xe đưa đón • Chuyến tham quan bằng thuyền,Hai Phong,https://www.tripadvisor.com.vn/Attraction_Review-g303944-d33043482-Reviews-Hai_Phong_Transfer_Service-Hai_Phong.html,193,tripadvisor_vn
Daiichi Cruise,Chuyến tham quan nhiều ngày • Chuyến tham quan bằng thuyền,Hai Phong,https://www.tripadvisor.com.vn/Attraction_Review-g737051-d27106078-Reviews-Daiichi_Cruise-Cat_Ba_Hai_Phong.html,194,tripadvisor_vn
Cat Ba Expedition Tour,Taxi & xe đưa đón • Chuyến tham quan bằng thuyền,Hai Phong,https://www.tripadvisor.com.vn/Attraction_Review-g737051-d26878200-Reviews-Cat_Ba_Expedition_Tour-Cat_Ba_Hai_Phong.html,195,tripadvisor_vn
Vietnam Venture,Chuyến tham quan bằng xe đạp • Chuyến tham quan bằng thuyền,Hai Phong,https://www.tripadvisor.com.vn/Attraction_Review-g26785533-d30481978-Reviews-Vietnam_Venture-Cat_Ba_Town_Cat_Ba_Hai_Phong.html,196,tripadvisor_vn
Eyeconic Cocktail Club,"Chuyến tham quan quán bar, câu lạc bộ & quán rượu • Quán bar & câu lạc bộ",Hai Phong,https://www.tripadvisor.com.vn/Attraction_Review-g303944-d27687845-Reviews-Eyeconic_Cocktail_Club-Hai_Phong.html,197,tripadvisor_vn
Cat Ba Plankton kayak,Chuyến tham quan nhiều ngày • Chuyến tham quan bằng thuyền,Hai Phong,https://www.tripadvisor.com.vn/Attraction_Review-g26785533-d18930436-Reviews-Cat_Ba_Plankton_kayak-Cat_Ba_Town_Cat_Ba_Hai_Phong.html,199,tripadvisor_vn
Cat Ba Victor Tours,Chuyến tham quan bằng thuyền • Chèo thuyền kayak & chèo xuồng,Hai Phong,https://www.tripadvisor.com.vn/Attraction_Review-g737051-d13436878-Reviews-Cat_Ba_Victor_Tours-Cat_Ba_Hai_Phong.html,201,tripadvisor_vn
Cai Beo Fishing Village,Chuyến tham quan bằng thuyền • Chèo thuyền kayak & chèo xuồng,Hai Phong,https://www.tripadvisor.com.vn/Attraction_Review-g737051-d26790369-Reviews-Cai_Beo_Fishing_Village-Cat_Ba_Hai_Phong.html,202,tripadvisor_vn
Royal Lotus Cruises,Chuyến tham quan bằng thuyền • Lớp nấu ăn,Hai Phong,https://www.tripadvisor.com.vn/Attraction_Review-g737051-d26242453-Reviews-Royal_Lotus_Cruises-Cat_Ba_Hai_Phong.html,203,tripadvisor_vn
Cat Ba Explore Travel,Chuyến tham quan bằng thuyền • Chèo thuyền kayak & chèo xuồng,Hai Phong,https://www.tripadvisor.com.vn/Attraction_Review-g26785533-d26857853-Reviews-Cat_Ba_Explore_Travel-Cat_Ba_Town_Cat_Ba_Hai_Phong.html,204,tripadvisor_vn
3S Boating Catba,Thuyền cho thuê • Chuyến tham quan bằng tàu cao tốc,Hai Phong,https://www.tripadvisor.com.vn/Attraction_Review-g737051-d15220403-Reviews-3S_Boating_Catba-Cat_Ba_Hai_Phong.html,205,tripadvisor_vn
Viet Prestige Travel - Private Day Tours,Chuyến tham quan tư nhân,Hai Phong,https://www.tripadvisor.com.vn/Attraction_Review-g303944-d5549071-Reviews-Viet_Prestige_Travel_Private_Day_Tours-Hai_Phong.html,206,tripadvisor_vn
Catba Amazing Travel,Chuyến tham quan bằng thuyền,Hai Phong,https://www.tripadvisor.com.vn/Attraction_Review-g737051-d26724095-Reviews-Catba_Amazing_Travel-Cat_Ba_Hai_Phong.html,207,tripadvisor_vn
Trung tâm Văn hóa- Thông tin -Thể Thao huyện Cát Hải,Chuyến tham quan sinh thái • Chuyến tham quan tự nhiên & động vật hoang dã,Hai Phong,https://www.tripadvisor.com.vn/Attraction_Review-g737051-d23935835-Reviews-Trung_tam_Van_hoa_Thong_tin_Th_Thao_huy_n_Cat_H_i-Cat_Ba_Hai_Phong.html,208,tripadvisor_vn
Cat Ba Island Adventures,Chuyến tham quan nhiều ngày • Chuyến tham quan bằng thuyền,Hai Phong,https://www.tripadvisor.com.vn/Attraction_Review-g737051-d12635376-Reviews-Cat_Ba_Island_Adventures-Cat_Ba_Hai_Phong.html,209,tripadvisor_vn
Catba Sunset Cruise,Chuyến tham quan bằng thuyền • Chèo thuyền kayak & chèo xuồng,Hai Phong,https://www.tripadvisor.com.vn/Attraction_Review-g737051-d25129638-Reviews-Catba_Sunset_Cruise-Cat_Ba_Hai_Phong.html,210,tripadvisor_vn
Hai Phong Street Food Tours,Chuyến tham quan tư nhân • Chuyến tham quan ẩm thực,Hai Phong,https://www.tripadvisor.com.vn/Attraction_Review-g303944-d17792001-Reviews-Hai_Phong_Street_Food_Tours-Hai_Phong.html,211,tripadvisor_vn
Cat Ba Explore,Chuyến tham quan bằng thuyền,Hai Phong,https://www.tripadvisor.com.vn/Attraction_Review-g737051-d28098581-Reviews-The_Cat_Ba_Tour-Cat_Ba_Hai_Phong.html,212,tripadvisor_vn
Heritage Cruises Binh Chuan Cat Ba Archipelago,Chuyến tham quan nhiều ngày,Hai Phong,https://www.tripadvisor.com.vn/Attraction_Review-g737051-d20397810-Reviews-Heritage_Cruises_Binh_Chuan_Cat_Ba_Archipelago-Cat_Ba_Hai_Phong.html,213,tripadvisor_vn
Love Planet Cruise,Chuyến tham quan nhiều ngày • Lặn bằng bình khí & lặn bằng ống thở,Hai Phong,https://www.tripadvisor.com.vn/Attraction_Review-g737051-d15608832-Reviews-Love_Planet_Cruise-Cat_Ba_Hai_Phong.html,214,tripadvisor_vn
Nguyen Hoang Ninh,Chuyến tham quan nhiều ngày • Taxi & xe đưa đón,Hai Phong,https://www.tripadvisor.com.vn/Attraction_Review-g737051-d19415287-Reviews-Nguyen_Hoang_Ninh-Cat_Ba_Hai_Phong.html,215,tripadvisor_vn
Blue Swimmer Cruises,Chuyến tham quan bằng thuyền,Hai Phong,https://www.tripadvisor.com.vn/Attraction_Review-g26785533-d26897747-Reviews-Blue_Swimmer_Cruises-Cat_Ba_Town_Cat_Ba_Hai_Phong.html,216,tripadvisor_vn
Limousine Ninh Binh Travel,Chuyến tham quan văn hóa • Chuyến tham quan lịch sử & di sản,Hai Phong,https://www.tripadvisor.com.vn/Attraction_Review-g737051-d28119117-Reviews-Limousine_Ninh_Binh_Travel-Cat_Ba_Hai_Phong.html,217,tripadvisor_vn
"DISCOVERYVIETNAM CO.,TLD",Chèo xuồng & ngồi phao trên sông • Lặn bằng bình khí & lặn bằng ống thở,Hai Phong,https://www.tripadvisor.com.vn/Attraction_Review-g737051-d25446603-Reviews-DISCOVERYVIETNAM_CO_TLD-Cat_Ba_Hai_Phong.html,218,tripadvisor_vn
Cat Ba Fishing Tour,Thuê thuyền câu cá & tham quan,Hai Phong,https://www.tripadvisor.com.vn/Attraction_Review-g737051-d16835244-Reviews-Cat_Ba_Fishing_Tour-Cat_Ba_Hai_Phong.html,220,tripadvisor_vn
Tung Quang Travel,Chuyến tham quan nhiều ngày • Taxi & xe đưa đón,Hai Phong,https://www.tripadvisor.com.vn/Attraction_Review-g737051-d33227190-Reviews-Tung_Quang_Travel-Cat_Ba_Hai_Phong.html,221,tripadvisor_vn
Freedom Island Retreat,"Chuyến tham quan quán bar, câu lạc bộ & quán rượu • Chuyến tham quan nhiều ngày",Hai Phong,https://www.tripadvisor.com.vn/Attraction_Review-g17518099-d25395493-Reviews-Freedom_Island_Retreat-Cat_Hai_Hai_Phong.html,222,tripadvisor_vn
Booking Boat Trip Cat Ba,Chuyến tham quan bằng thuyền,Hai Phong,https://www.tripadvisor.com.vn/Attraction_Review-g26785533-d29009160-Reviews-Booking_Boat_Trip_Cat_Ba-Cat_Ba_Town_Cat_Ba_Hai_Phong.html,223,tripadvisor_vn
Sunshine Golden Cruise,Chuyến tham quan nhiều ngày • Chuyến tham quan bằng thuyền,Hai Phong,https://www.tripadvisor.com.vn/Attraction_Review-g26785533-d34680635-Reviews-Sunshine_Golden_Cruise-Cat_Ba_Town_Cat_Ba_Hai_Phong.html,225,tripadvisor_vn
Dung Yen Motorcycle rental,Chuyến tham quan tự hướng dẫn & cho thuê,Hai Phong,https://www.tripadvisor.com.vn/Attraction_Review-g17674168-d32696609-Reviews-Dung_Yen_Motorcycle_rental-Tran_Chau_Cat_Ba_Hai_Phong.html,226,tripadvisor_vn
Bai Tu Long Bay,Chuyến tham quan bằng thuyền • Chuyến tham quan leo núi,Hai Phong,https://www.tripadvisor.com.vn/Attraction_Review-g737051-d34144124-Reviews-Bai_Tu_Long_Bay-Cat_Ba_Hai_Phong.html,227,tripadvisor_vn
Sunlight Travel & Cruise,Chuyến tham quan nhiều ngày • Chuyến tham quan bằng thuyền,Hai Phong,https://www.tripadvisor.com.vn/Attraction_Review-g737051-d25129818-Reviews-Sunlight_Travel_Cruise-Cat_Ba_Hai_Phong.html,228,tripadvisor_vn
Cat Ba Bay,Chuyến tham quan bằng thuyền,Hai Phong,https://www.tripadvisor.com.vn/Attraction_Review-g737051-d28621578-Reviews-Cat_Ba_Bay-Cat_Ba_Hai_Phong.html,229,tripadvisor_vn
Binhs Motorcycles,"Chuyến tham quan bằng Vespa, xe tay ga & xe máy",Hai Phong,https://www.tripadvisor.com.vn/Attraction_Review-g17697953-d25555883-Reviews-Binhs_Motorcycles-Xuan_Dam_Cat_Ba_Hai_Phong.html,231,tripadvisor_vn
Authentic Viet Nam Explore,Chuyến tham quan bằng thuyền,Hai Phong,https://www.tripadvisor.com.vn/Attraction_Review-g26785533-d33023971-Reviews-Authentic_Viet_Nam_Explore-Cat_Ba_Town_Cat_Ba_Hai_Phong.html,232,tripadvisor_vn
Cat Ba Golden,Taxi & xe đưa đón • Chèo thuyền kayak & chèo xuồng,Hai Phong,https://www.tripadvisor.com.vn/Attraction_Review-g737051-d33070697-Reviews-Cat_Ba_Golden-Cat_Ba_Hai_Phong.html,233,tripadvisor_vn
CatBa Sunrise Tours,Chuyến tham quan nhiều ngày • Taxi & xe đưa đón,Hai Phong,https://www.tripadvisor.com.vn/Attraction_Review-g737051-d19677727-Reviews-CatBa_Sunrise_Tours-Cat_Ba_Hai_Phong.html,234,tripadvisor_vn
Ket Doan Bus,Taxi & xe đưa đón,Hai Phong,https://www.tripadvisor.com.vn/Attraction_Review-g737051-d21009628-Reviews-Ket_Doan_Bus-Cat_Ba_Hai_Phong.html,235,tripadvisor_vn
Du Thuyền Sea Star Cruise - Cát Bà,Chuyến tham quan bằng thuyền,Hai Phong,https://www.tripadvisor.com.vn/Attraction_Review-g303944-d28112032-Reviews-Du_Thuy_n_Sea_Star_Cruise_Cat_Ba-Hai_Phong.html,236,tripadvisor_vn
Phu Long Mangroves,Chuyến tham quan văn hóa • Chuyến tham quan bằng thuyền,Hai Phong,https://www.tripadvisor.com.vn/Attraction_Review-g737051-d34113049-Reviews-Phu_Long_Mangroves-Cat_Ba_Hai_Phong.html,237,tripadvisor_vn
Cat Ba Archipelago,Chuyến tham quan bằng xe đạp • Chuyến tham quan leo núi,Hai Phong,https://www.tripadvisor.com.vn/Attraction_Review-g26785533-d34144097-Reviews-Cat_Ba_Archipelago-Cat_Ba_Town_Cat_Ba_Hai_Phong.html,239,tripadvisor_vn
Ao Coi Village,Chuyến tham quan bằng xe đạp • Chuyến tham quan bằng thuyền,Hai Phong,https://www.tripadvisor.com.vn/Attraction_Review-g737051-d34108251-Reviews-Ao_Coi_Village-Cat_Ba_Hai_Phong.html,240,tripadvisor_vn
Mimosa Cruise Lan Ha Bay,Chuyến tham quan nhiều ngày • Taxi & xe đưa đón,Hai Phong,https://www.tripadvisor.com.vn/Attraction_Review-g303944-d19256847-Reviews-Mimosa_Cruise_Lan_Ha_Bay-Hai_Phong.html,241,tripadvisor_vn
2 Days/1 Night Cruise With All-Inclusive in Halong,Chuyến tham quan nhiều ngày • Chuyến tham quan bằng thuyền,Hai Phong,https://www.tripadvisor.com.vn/Attraction_Review-g737051-d26104243-Reviews-2_Days_1_Night_Cruise_With_All_Inclusive_in_Halong-Cat_Ba_Hai_Phong.html,242,tripadvisor_vn
Cat Ba Vision,Chuyến tham quan nhiều ngày • Chuyến tham quan cảm giác mạnh & mạo hiểm,Hai Phong,https://www.tripadvisor.com.vn/Attraction_Review-g26785533-d27491654-Reviews-Cat_Ba_Vision-Cat_Ba_Town_Cat_Ba_Hai_Phong.html,243,tripadvisor_vn
Venezia Boutique Cruises - Catba Island,Chuyến tham quan bằng thuyền,Hai Phong,https://www.tripadvisor.com.vn/Attraction_Review-g303944-d28122548-Reviews-Venezia_Boutique_Cruises_Catba_Island-Hai_Phong.html,244,tripadvisor_vn
Cat Ba Travel Life,Taxi & xe đưa đón • Chuyến tham quan bằng xe đạp,Hai Phong,https://www.tripadvisor.com.vn/Attraction_Review-g737051-d16667830-Reviews-Cat_Ba_Travel_Life-Cat_Ba_Hai_Phong.html,245,tripadvisor_vn
Authentic Travel Cat Ba,Chuyến tham quan nhiều ngày • Chuyến tham quan cảm giác mạnh & mạo hiểm,Hai Phong,https://www.tripadvisor.com.vn/Attraction_Review-g737051-d28149123-Reviews-Authentic_Travel_Cat_Ba-Cat_Ba_Hai_Phong.html,246,tripadvisor_vn
Mile High Club & Rooftop Bar,"Chuyến tham quan quán bar, câu lạc bộ & quán rượu",Hai Phong,https://www.tripadvisor.com.vn/Attraction_Review-g17674168-d28654462-Reviews-Mile_High_Club_Rooftop_Bar-Tran_Chau_Cat_Ba_Hai_Phong.html,247,tripadvisor_vn
Cat Ba Motorbike Rental,"Chuyến tham quan bằng Vespa, xe tay ga & xe máy",Hai Phong,https://www.tripadvisor.com.vn/Attraction_Review-g26785533-d34297318-Reviews-Cat_Ba_Motorbike_Rental-Cat_Ba_Town_Cat_Ba_Hai_Phong.html,248,tripadvisor_vn
Authentic Travel CAT BA ISLAND,Chuyến tham quan nhiều ngày • Chuyến tham quan bằng thuyền,Hai Phong,https://www.tripadvisor.com.vn/Attraction_Review-g737051-d27523486-Reviews-Authentic_Travel_CAT_BA_ISLAND-Cat_Ba_Hai_Phong.html,250,tripadvisor_vn
Honey Boutique Cruise,Chuyến tham quan nhiều ngày • Chuyến tham quan bằng thuyền,Hai Phong,https://www.tripadvisor.com.vn/Attraction_Review-g737051-d26865838-Reviews-Honey_Boutique_Cruise-Cat_Ba_Hai_Phong.html,251,tripadvisor_vn
Công Ty Tnhh Dịch Vụ Du Lịch Tàu Hoàng Bảo,Chuyến tham quan bằng thuyền,Hai Phong,https://www.tripadvisor.com.vn/Attraction_Review-g303944-d28121958-Reviews-Cong_Ty_Tnhh_D_ch_V_Du_L_ch_Tau_Hoang_B_o-Hai_Phong.html,252,tripadvisor_vn
CatBa Smile Tours,Chuyến tham quan bằng thuyền,Hai Phong,https://www.tripadvisor.com.vn/Attraction_Review-g737051-d27737257-Reviews-CatBa_Smile_Tours-Cat_Ba_Hai_Phong.html,253,tripadvisor_vn
Blue Swimmer Outdoors,Đường đi xe đạp • Chuyến tham quan bằng xe đạp,Hai Phong,https://www.tripadvisor.com.vn/Attraction_Review-g737051-d34330297-Reviews-Blue_Swimmer_Outdoors-Cat_Ba_Hai_Phong.html,254,tripadvisor_vn
ECO TOURIST CAT BA ISLAND,Chuyến tham quan bằng thuyền • Chèo thuyền kayak & chèo xuồng,Hai Phong,https://www.tripadvisor.com.vn/Attraction_Review-g26785533-d32834355-Reviews-ECO_TOURIST_CAT_BA_ISLAND-Cat_Ba_Town_Cat_Ba_Hai_Phong.html,255,tripadvisor_vn
Beautiful Vietnam Tours,Chuyến tham quan nhiều ngày,Hai Phong,https://www.tripadvisor.com.vn/Attraction_Review-g737051-d33090476-Reviews-Beautiful_Vietnam_Tours-Cat_Ba_Hai_Phong.html,256,tripadvisor_vn
Quyen Private Kayak Expedition,Chèo thuyền kayak & chèo xuồng,Hai Phong,https://www.tripadvisor.com.vn/Attraction_Review-g303944-d27920826-Reviews-Quyen_Private_Guided_Kayak_Expedition-Hai_Phong.html,257,tripadvisor_vn
CatBaSunSeekersTour,Chuyến đi trong ngày,Hai Phong,https://www.tripadvisor.com.vn/Attraction_Review-g737051-d26889151-Reviews-CatBaSunSeekersTour-Cat_Ba_Hai_Phong.html,258,tripadvisor_vn
Cat Ba Trip,Lặn bằng bình khí & lặn bằng ống thở • Taxi & xe đưa đón,Hai Phong,https://www.tripadvisor.com.vn/Attraction_Review-g737051-d17583867-Reviews-Cat_Ba_Trip-Cat_Ba_Hai_Phong.html,259,tripadvisor_vn
Alps Travel,Chuyến tham quan bằng thuyền • Chuyến tham quan tư nhân,Hai Phong,https://www.tripadvisor.com.vn/Attraction_Review-g737051-d20087289-Reviews-Alps_Travel-Cat_Ba_Hai_Phong.html,260,tripadvisor_vn
The Ann's ancIent House Cat Ba,Xưởng vẽ & làm đồ gốm • Chuyến tham quan văn hóa,Hai Phong,https://www.tripadvisor.com.vn/Attraction_Review-g737051-d34074798-Reviews-The_Ann_s_ancIent_House_Cat_Ba-Cat_Ba_Hai_Phong.html,261,tripadvisor_vn
Lan Ha Bay a half day tour,Taxi & xe đưa đón • Chuyến tham quan bằng xe đạp,Hai Phong,https://www.tripadvisor.com.vn/Attraction_Review-g737051-d26835375-Reviews-Lan_Ha_Bay_a_half_day_tour-Cat_Ba_Hai_Phong.html,262,tripadvisor_vn
Catba Island Tours,"Chuyến tham quan quán bar, câu lạc bộ & quán rượu • Taxi & xe đưa đón",Hai Phong,https://www.tripadvisor.com.vn/Attraction_Review-g26785533-d27155514-Reviews-Catba_Island_Tours-Cat_Ba_Town_Cat_Ba_Hai_Phong.html,263,tripadvisor_vn
SKY TOUR - ENTERTAINMENT,Chuyến tham quan nhiều ngày • Taxi & xe đưa đón,Hai Phong,https://www.tripadvisor.com.vn/Attraction_Review-g737051-d18937452-Reviews-SKY_TOUR_ENTERTAINMENT-Cat_Ba_Hai_Phong.html,264,tripadvisor_vn
Halong Hermes Cruises,Chuyến tham quan bằng thuyền,Hai Phong,https://www.tripadvisor.com.vn/Attraction_Review-g737051-d19112018-Reviews-Halong_Hermes_Cruises-Cat_Ba_Hai_Phong.html,265,tripadvisor_vn
Cat ba daily trips,Chuyến tham quan cảm giác mạnh & mạo hiểm • Taxi & xe đưa đón,Hai Phong,https://www.tripadvisor.com.vn/Attraction_Review-g737051-d25035339-Reviews-Cat_ba_daily_trips-Cat_Ba_Hai_Phong.html,266,tripadvisor_vn
Cat Ba Holiday Tours,Chuyến tham quan bằng thuyền • Cho thuê tiện ích,Hai Phong,https://www.tripadvisor.com.vn/Attraction_Review-g737051-d15661892-Reviews-Cat_Ba_Holiday_Tours-Cat_Ba_Hai_Phong.html,267,tripadvisor_vn
Grotte du Dragon,Tour thăm quan thành phố • Chuyến tham quan bằng xe đạp,Hai Phong,https://www.tripadvisor.com.vn/Attraction_Review-g737051-d34336745-Reviews-Dragon_Cave-Cat_Ba_Hai_Phong.html,270,tripadvisor_vn
Ma Cave,Chuyến tham quan văn hóa • Chuyến tham quan bằng thuyền,Hai Phong,https://www.tripadvisor.com.vn/Attraction_Review-g737051-d34278302-Reviews-Ma_Cave-Cat_Ba_Hai_Phong.html,271,tripadvisor_vn
Travel agency àn Tour operator in Cat Ba island,Chuyến tham quan vượt hẻm núi & tuột núi • Taxi & xe đưa đón,Hai Phong,https://www.tripadvisor.com.vn/Attraction_Review-g737051-d25552009-Reviews-Travel_agency_an_Tour_operator_in_Cat_Ba_island-Cat_Ba_Hai_Phong.html,272,tripadvisor_vn
Hai Phong street food tour,"Chuyến tham quan quán bar, câu lạc bộ & quán rượu • Nếm bia & tham quan",Hai Phong,https://www.tripadvisor.com.vn/Attraction_Review-g303944-d33273135-Reviews-Hai_Phong_street_food_tour-Hai_Phong.html,273,tripadvisor_vn
Review Cat Ba - Cat Ba Island,Chuyến tham quan bằng thuyền,Hai Phong,https://www.tripadvisor.com.vn/Attraction_Review-g737051-d26851215-Reviews-Review_Cat_Ba_Cat_Ba_Island-Cat_Ba_Hai_Phong.html,274,tripadvisor_vn
RiverCity Bike Rentals,Tour thăm quan thành phố • Chuyến tham quan bằng mô tô,Hai Phong,https://www.tripadvisor.com.vn/Attraction_Review-g303944-d34000500-Reviews-RiverCity_Bike_Rentals-Hai_Phong.html,275,tripadvisor_vn
Sơn Tùng Express,Chuyến tham quan bằng xe buýt du lịch,Hai Phong,https://www.tripadvisor.com.vn/Attraction_Review-g303944-d28651324-Reviews-Cat_Ba_Express-Hai_Phong.html,276,tripadvisor_vn
Local Tours Cat Ba,"Chuyến tham quan nhiều ngày • Chuyến tham quan bằng xe 4WD, ATV & xe địa hình",Hai Phong,https://www.tripadvisor.com.vn/Attraction_Review-g737051-d27742984-Reviews-Local_Tours_Cat_Ba-Cat_Ba_Hai_Phong.html,277,tripadvisor_vn
Pirate Crews,Chuyến tham quan nhiều ngày • Lặn bằng bình khí & lặn bằng ống thở,Hai Phong,https://www.tripadvisor.com.vn/Attraction_Review-g737051-d16811152-Reviews-Pirate_Crews-Cat_Ba_Hai_Phong.html,278,tripadvisor_vn
Opatrip.com Haiphong,Chuyến đi trong ngày,Hai Phong,https://www.tripadvisor.com.vn/Attraction_Review-g303944-d25391089-Reviews-Opatrip_com_Haiphong-Hai_Phong.html,280,tripadvisor_vn
Ethnic Voyage Vietnam,Chuyến tham quan văn hóa • Chuyến tham quan bằng thuyền,Hai Phong,https://www.tripadvisor.com.vn/Attraction_Review-g737051-d34349335-Reviews-Ethnic_Voyage_Vietnam-Cat_Ba_Hai_Phong.html,281,tripadvisor_vn
Cat Ba Daily Tours,Taxi & xe đưa đón • Chuyến tham quan bằng xe đạp,Hai Phong,https://www.tripadvisor.com.vn/Attraction_Review-g737051-d25236497-Reviews-Cat_Ba_Daily_Tours-Cat_Ba_Hai_Phong.html,282,tripadvisor_vn
Best Price Tour Co.ltd,Chuyến tham quan nhiều ngày • Chuyến tham quan lịch sử & di sản,Hai Phong,https://www.tripadvisor.com.vn/Attraction_Review-g737051-d25214658-Reviews-Best_Price_Tour_Co_ltd-Cat_Ba_Hai_Phong.html,284,tripadvisor_vn
Arina Cruises,Chuyến tham quan nhiều ngày • Chuyến tham quan bằng thuyền,Hai Phong,https://www.tripadvisor.com.vn/Attraction_Review-g737051-d16955003-Reviews-Arina_Cruises-Cat_Ba_Hai_Phong.html,286,tripadvisor_vn
CatBa taxi service,Chuyến tham quan vượt hẻm núi & tuột núi • Chuyến tham quan bằng xe buýt du lịch,Hai Phong,https://www.tripadvisor.com.vn/Attraction_Review-g737051-d34144880-Reviews-CatBa_taxi_service-Cat_Ba_Hai_Phong.html,288,tripadvisor_vn
Meta Home Apt and Homestay,Chuyến tham quan tự hướng dẫn & cho thuê,Hai Phong,https://www.tripadvisor.com.vn/Attraction_Review-g13473001-d26704110-Reviews-Meta_Home_Apt_and_Homestay-Do_Son_Hai_Phong.html,289,tripadvisor_vn
Luxury 2-day cruise on the majestic Lan Ha Bay,Chuyến tham quan nhiều ngày • Chuyến tham quan bằng thuyền,Hai Phong,https://www.tripadvisor.com.vn/Attraction_Review-g303944-d26561863-Reviews-Luxury_2_day_cruise_on_the_majestic_Lan_Ha_Bay-Hai_Phong.html,290,tripadvisor_vn
Blue Cat Ba | Cat Ba daily tour,Chuyến tham quan nhiều ngày • Chuyến tham quan vượt hẻm núi & tuột núi,Hai Phong,https://www.tripadvisor.com.vn/Attraction_Review-g737051-d34145766-Reviews-Blue_Cat_Ba_Cat_Ba_daily_tour-Cat_Ba_Hai_Phong.html,291,tripadvisor_vn
Cat Ba Friendly Travel,Chuyến tham quan bằng thuyền • Chuyến tham quan ban đêm,Hai Phong,https://www.tripadvisor.com.vn/Attraction_Review-g737051-d31061909-Reviews-Cat_Ba_Friendly_Travel-Cat_Ba_Hai_Phong.html,292,tripadvisor_vn
Cat Ba tour,Chuyến tham quan nhiều ngày • Chuyến tham quan cảm giác mạnh & mạo hiểm,Hai Phong,https://www.tripadvisor.com.vn/Attraction_Review-g737051-d33359730-Reviews-Cat_Ba_tour-Cat_Ba_Hai_Phong.html,295,tripadvisor_vn
Hoàng Minh Thái,Chuyến tham quan nhiều ngày • Chuyến tham quan bằng thuyền,Hai Phong,https://www.tripadvisor.com.vn/Attraction_Review-g737051-d19455076-Reviews-Hoang_Minh_Thai-Cat_Ba_Hai_Phong.html,296,tripadvisor_vn
Paradise Resort,"Chuyến tham quan quán bar, câu lạc bộ & quán rượu • Taxi & xe đưa đón",Hai Phong,https://www.tripadvisor.com.vn/Attraction_Review-g737051-d19609675-Reviews-Paradise_Resort-Cat_Ba_Hai_Phong.html,297,tripadvisor_vn
Connek Trip,Chuyến tham quan nhiều ngày • Taxi & xe đưa đón,Hai Phong,https://www.tripadvisor.com.vn/Attraction_Review-g737051-d33364306-Reviews-Connek_Trip-Cat_Ba_Hai_Phong.html,298,tripadvisor_vn
Cat Ba Vivu,Taxi & xe đưa đón • Chuyến tham quan bằng thuyền,Hai Phong,https://www.tripadvisor.com.vn/Attraction_Review-g26785533-d33053519-Reviews-Cat_Ba_Vivu-Cat_Ba_Town_Cat_Ba_Hai_Phong.html,300,tripadvisor_vn
Hai Phong Floating House,Chuyến tham quan nhiều ngày • Thuê thuyền câu cá & tham quan,Hai Phong,https://www.tripadvisor.com.vn/Attraction_Review-g303944-d34144310-Reviews-Hai_Phong_Floating_House-Hai_Phong.html,301,tripadvisor_vn
Authentic Cat Ba Travel,Chuyến tham quan nhiều ngày • Chuyến tham quan cảm giác mạnh & mạo hiểm,Hai Phong,https://www.tripadvisor.com.vn/Attraction_Review-g737051-d28128566-Reviews-Authentic_Cat_Ba_Travel-Cat_Ba_Hai_Phong.html,302,tripadvisor_vn
b'showstore.com,Chuyến tham quan nhiều ngày • Taxi & xe đưa đón,Hai Phong,https://www.tripadvisor.com.vn/Attraction_Review-g737051-d19851761-Reviews-B_showstore_com-Cat_Ba_Hai_Phong.html,303,tripadvisor_vn
Aclass Tours - Cat Ba Island,Chuyến tham quan nhiều ngày • Chuyến tham quan cảm giác mạnh & mạo hiểm,Hai Phong,https://www.tripadvisor.com.vn/Attraction_Review-g737051-d33376224-Reviews-Aclass_Tours_Cat_Ba_Island-Cat_Ba_Hai_Phong.html,304,tripadvisor_vn
ViVu Cat Ba,Chuyến tham quan nhiều ngày • Chuyến tham quan bằng xe buýt du lịch,Hai Phong,https://www.tripadvisor.com.vn/Attraction_Review-g26785533-d33025513-Reviews-ViVu_Cat_Ba-Cat_Ba_Town_Cat_Ba_Hai_Phong.html,305,tripadvisor_vn
Quinn's Getaways,Taxi & xe đưa đón • Chuyến tham quan bằng thuyền,Hai Phong,https://www.tripadvisor.com.vn/Attraction_Review-g737051-d34019388-Reviews-Quinn_s_Getaways-Cat_Ba_Hai_Phong.html,306,tripadvisor_vn
Tony,Taxi & xe đưa đón • Chuyến tham quan bằng thuyền,Hai Phong,https://www.tripadvisor.com.vn/Attraction_Review-g737051-d26579905-Reviews-Tony-Cat_Ba_Hai_Phong.html,310,tripadvisor_vn
Vilandtravel,Chuyến du ngoạn bằng thuyền đáy bằng • Chèo thuyền kayak & chèo xuồng,Hai Phong,https://www.tripadvisor.com.vn/Attraction_Review-g737051-d25062154-Reviews-Vilandtravel-Cat_Ba_Hai_Phong.html,311,tripadvisor_vn
Gen Z Tours - Cat Ba,Chuyến tham quan nhiều ngày • Chuyến đi trong ngày,Hai Phong,https://www.tripadvisor.com.vn/Attraction_Review-g737051-d33034240-Reviews-Gen_Z_Tours_Cat_Ba-Cat_Ba_Hai_Phong.html,312,tripadvisor_vn
"Hai Phong Private Transfers & Limo Services: Airport, Cruise Port, Hotel Pickups",Taxi & xe đưa đón • Chuyến tham quan tư nhân,Hai Phong,https://www.tripadvisor.com.vn/Attraction_Review-g303944-d32706016-Reviews-Hai_Phong_Private_Transfers_Limo_Services_Airport_Cruise_Port_Hotel_Pickups-Hai_.html,313,tripadvisor_vn
Cat Ba Expedition,Chuyến tham quan bằng thuyền,Hai Phong,https://www.tripadvisor.com.vn/Attraction_Review-g303944-d28155227-Reviews-Cat_Ba_Expedition-Hai_Phong.html,314,tripadvisor_vn
Home Egg,"Chuyến tham quan quán bar, câu lạc bộ & quán rượu",Hai Phong,https://www.tripadvisor.com.vn/Attraction_Review-g303944-d20133884-Reviews-Home_Egg-Hai_Phong.html,317,tripadvisor_vn
Domik homestay,Chuyến tham quan nhiều ngày • Chuyến tham quan bằng thuyền,Hai Phong,https://www.tripadvisor.com.vn/Attraction_Review-g737051-d31611641-Reviews-Domik_homestay-Cat_Ba_Hai_Phong.html,318,tripadvisor_vn
Vinadu - Cat Ba,Chuyến tham quan nhiều ngày • Chuyến tham quan cảm giác mạnh & mạo hiểm,Hai Phong,https://www.tripadvisor.com.vn/Attraction_Review-g737051-d33203619-Reviews-Vinadu_Cat_Ba-Cat_Ba_Hai_Phong.html,319,tripadvisor_vn
Vina Cruise - Cat Ba,Chuyến tham quan nhiều ngày • Chuyến đi trong ngày,Hai Phong,https://www.tripadvisor.com.vn/Attraction_Review-g737051-d33038360-Reviews-Vina_Cruise_Cat_Ba-Cat_Ba_Hai_Phong.html,322,tripadvisor_vn
Private Cat Ba Island with a Local,Chuyến tham quan tư nhân,Hai Phong,https://www.tripadvisor.com.vn/Attraction_Review-g26785533-d32243872-Reviews-Private_Cat_Ba_Island_with_a_Local-Cat_Ba_Town_Cat_Ba_Hai_Phong.html,323,tripadvisor_vn
Lega,"Chuyến tham quan quán bar, câu lạc bộ & quán rượu",Hai Phong,https://www.tripadvisor.com.vn/Attraction_Review-g303944-d32997783-Reviews-Lega-Hai_Phong.html,324,tripadvisor_vn
Cat Ba Island Tours,Taxi & xe đưa đón • Chuyến tham quan bằng xe đạp,Hai Phong,https://www.tripadvisor.com.vn/Attraction_Review-g17518099-d33369473-Reviews-Cat_Ba_Island_Tours-Cat_Hai_Hai_Phong.html,326,tripadvisor_vn
Elite Cruises,Chuyến tham quan bằng thuyền,Hai Phong,https://www.tripadvisor.com.vn/Attraction_Review-g737051-d19102307-Reviews-Elite_Cruises-Cat_Ba_Hai_Phong.html,327,tripadvisor_vn
Cat Ba Travel,Taxi & xe đưa đón • Chuyến tham quan bằng thuyền,Hai Phong,https://www.tripadvisor.com.vn/Attraction_Review-g26785533-d27698157-Reviews-Cat_Ba_Travel-Cat_Ba_Town_Cat_Ba_Hai_Phong.html,328,tripadvisor_vn
Cat Ba Dragonfly,Chuyến tham quan bằng thuyền,Hai Phong,https://www.tripadvisor.com.vn/Attraction_Review-g737051-d28012045-Reviews-Cat_Ba_Dragonfly-Cat_Ba_Hai_Phong.html,329,tripadvisor_vn
Daisy Tourist – Cat Ba,Chuyến tham quan nhiều ngày • Chuyến tham quan tư nhân,Hai Phong,https://www.tripadvisor.com.vn/Attraction_Review-g737051-d32999846-Reviews-Daisy_Tourist_Cat_Ba-Cat_Ba_Hai_Phong.html,330,tripadvisor_vn
Flower Diamond,Chuyến tham quan vượt hẻm núi & tuột núi • Taxi & xe đưa đón,Hai Phong,https://www.tripadvisor.com.vn/Attraction_Review-g27499063-d34102564-Reviews-Flower_Diamond-Gia_Luan_Cat_Ba_Hai_Phong.html,331,tripadvisor_vn
Vietnam Discovery Travel,Chuyến tham quan nhiều ngày • Chuyến tham quan tư nhân,Hai Phong,https://www.tripadvisor.com.vn/Attraction_Review-g737051-d33672801-Reviews-Vietnam_Discovery_Travel-Cat_Ba_Hai_Phong.html,333,tripadvisor_vn
Aquarena Tours - Lan Ha Bay,Chuyến tham quan nhiều ngày • Chuyến tham quan tư nhân,Hai Phong,https://www.tripadvisor.com.vn/Attraction_Review-g737051-d32978182-Reviews-Aquarena_Tours_Lan_Ha_Bay-Cat_Ba_Hai_Phong.html,334,tripadvisor_vn
The Leaf CatBa Travel,Chuyến tham quan bằng thuyền • Chuyến tham quan sinh thái,Hai Phong,https://www.tripadvisor.com.vn/Attraction_Review-g737051-d25396037-Reviews-The_Leaf_CatBa_Travel-Cat_Ba_Hai_Phong.html,336,tripadvisor_vn
Cat Ba Beyond,Chuyến tham quan bằng thuyền • Chèo thuyền kayak & chèo xuồng,Hai Phong,https://www.tripadvisor.com.vn/Attraction_Review-g737051-d34679458-Reviews-Cat_Ba_Beyond-Cat_Ba_Hai_Phong.html,337,tripadvisor_vn
Cat Ba Travel Service,Chuyến tham quan ngắm cảnh,Hai Phong,https://www.tripadvisor.com.vn/Attraction_Review-g737051-d27533863-Reviews-Cat_Ba_Travel_Service-Cat_Ba_Hai_Phong.html,338,tripadvisor_vn
Catbajourney,Chuyến tham quan bằng thuyền • Chuyến tham quan tư nhân,Hai Phong,https://www.tripadvisor.com.vn/Attraction_Review-g17518099-d25321355-Reviews-Catbajourney-Cat_Hai_Hai_Phong.html,339,tripadvisor_vn
Viet Nam Travel Simpe,Chuyến tham quan nhiều ngày • Taxi & xe đưa đón,Hai Phong,https://www.tripadvisor.com.vn/Attraction_Review-g737051-d25302540-Reviews-Viet_Nam_Travel_Simpe-Cat_Ba_Hai_Phong.html,340,tripadvisor_vn
BAE Travel,Chuyến tham quan nhiều ngày • Chuyến tham quan vượt hẻm núi & tuột núi,Hai Phong,https://www.tripadvisor.com.vn/Attraction_Review-g303944-d34147988-Reviews-BAE_Travel-Hai_Phong.html,342,tripadvisor_vn
Asia Open Tour Cat Ba,Chuyến tham quan nhiều ngày • Chuyến tham quan cảm giác mạnh & mạo hiểm,Hai Phong,https://www.tripadvisor.com.vn/Attraction_Review-g737051-d33415299-Reviews-Asia_Open_Tour_Cat_Ba-Cat_Ba_Hai_Phong.html,344,tripadvisor_vn
Rose Tourist - Cat Ba,Chuyến tham quan nhiều ngày • Chuyến tham quan tư nhân,Hai Phong,https://www.tripadvisor.com.vn/Attraction_Review-g737051-d33020758-Reviews-Rose_Tourist_Cat_Ba-Cat_Ba_Hai_Phong.html,345,tripadvisor_vn
Charming Tourist – Cat Ba,Chuyến tham quan nhiều ngày • Chuyến tham quan tư nhân,Hai Phong,https://www.tripadvisor.com.vn/Attraction_Review-g737051-d32991861-Reviews-Charming_Tourist_Cat_Ba-Cat_Ba_Hai_Phong.html,346,tripadvisor_vn
HPTRAVEL,Chuyến tham quan nhiều ngày • Chuyến tham quan cảm giác mạnh & mạo hiểm,Hai Phong,https://www.tripadvisor.com.vn/Attraction_Review-g737051-d26636889-Reviews-HPTRAVEL-Cat_Ba_Hai_Phong.html,347,tripadvisor_vn
Personalized tour of 4 prominent tourist attractions on Cat Ba Island with local guide,Chuyến tham quan lịch sử & di sản • Chuyến tham quan sinh thái,Hai Phong,https://www.tripadvisor.com.vn/Attraction_Review-g26785533-d32988625-Reviews-Personalized_tour_of_4_prominent_tourist_attractions_on_Cat_Ba_Island_with_loc.html,348,tripadvisor_vn
Cat Ba Lotus Tours & Travels,Taxi & xe đưa đón • Chuyến tham quan bằng thuyền,Hai Phong,https://www.tripadvisor.com.vn/Attraction_Review-g737051-d25408989-Reviews-Cat_Ba_Lotus_Tours_Travels-Cat_Ba_Hai_Phong.html,349,tripadvisor_vn
Nhà Bè Hải Phong,Chuyến tham quan bằng thuyền • Chuyến tham quan ngắm cảnh,Hai Phong,https://www.tripadvisor.com.vn/Attraction_Review-g303944-d34064203-Reviews-Nha_Be_H_i_Phong-Hai_Phong.html,352,tripadvisor_vn
Khai Tam Travel,Chuyến đi trong ngày,Hai Phong,https://www.tripadvisor.com.vn/Attraction_Review-g26785533-d26838246-Reviews-Khai_Tam_Travel-Cat_Ba_Town_Cat_Ba_Hai_Phong.html,353,tripadvisor_vn
Vietnam Explorer - Cat Ba,Chuyến tham quan nhiều ngày • Chuyến tham quan tư nhân,Hai Phong,https://www.tripadvisor.com.vn/Attraction_Review-g737051-d34274770-Reviews-Vietnam_Explorer_Cat_Ba-Cat_Ba_Hai_Phong.html,354,tripadvisor_vn
Asia Tour Booking - Cat Ba,Chuyến tham quan nhiều ngày • Chuyến tham quan tư nhân,Hai Phong,https://www.tripadvisor.com.vn/Attraction_Review-g737051-d34038827-Reviews-Asia_Tour_Booking_Cat_Ba-Cat_Ba_Hai_Phong.html,357,tripadvisor_vn
Asia Local Tour Cat Ba,Chuyến tham quan nhiều ngày • Chuyến tham quan cảm giác mạnh & mạo hiểm,Hai Phong,https://www.tripadvisor.com.vn/Attraction_Review-g737051-d33116947-Reviews-Asia_Local_Tour_Cat_Ba-Cat_Ba_Hai_Phong.html,358,tripadvisor_vn
Chat Tourist - Cát Bà,Chuyến đi trong ngày,Hai Phong,https://www.tripadvisor.com.vn/Attraction_Review-g737051-d34306038-Reviews-Chat_Tourist_Cat_Ba-Cat_Ba_Hai_Phong.html,359,tripadvisor_vn
Lotus Tourist - Cat Ba,Chuyến đi trong ngày,Hai Phong,https://www.tripadvisor.com.vn/Attraction_Review-g737051-d34575615-Reviews-Lotus_Tourist_Cat_Ba-Cat_Ba_Hai_Phong.html,360,tripadvisor_vn
The private journey,Chuyến tham quan đi bộ & cắm trại • Chuyến tham quan tự nhiên & động vật hoang dã,Hai Phong,https://www.tripadvisor.com.vn/Attraction_Review-g737051-d34688747-Reviews-The_private_journey-Cat_Ba_Hai_Phong.html,361,tripadvisor_vn
Duck Stop Cát Bà,Chuyến tham quan bằng thuyền,Hai Phong,https://www.tripadvisor.com.vn/Attraction_Review-g737051-d34690642-Reviews-Duck_Stop_Cat_Ba-Cat_Ba_Hai_Phong.html,362,tripadvisor_vn
The Tray Hotel Hai Phong,Chuyến tham quan tự hướng dẫn & cho thuê,Hai Phong,https://www.tripadvisor.com.vn/Attraction_Review-g303944-d34410734-Reviews-The_Tray_Hotel_Hai_Phong-Hai_Phong.html,363,tripadvisor_vn
Hoàng Thành Huế,Địa điểm lịch sử,Thua Thien Hue,https://www.tripadvisor.com.vn/Attraction_Review-g293926-d317599-Reviews-Hue_Imperial_City_The_Citadel-Hue_Thua_Thien_Hue_Province.html,1,tripadvisor_vn
Chùa Thiên Mụ,Địa điểm lịch sử • Tòa nhà kiến trúc,Thua Thien Hue,https://www.tripadvisor.com.vn/Attraction_Review-g293926-d451126-Reviews-Thien_Mu_Pagoda-Hue_Thua_Thien_Hue_Province.html,2,tripadvisor_vn
Bach Ma National Park,Công viên quốc gia,Thua Thien Hue,https://www.tripadvisor.com.vn/Attraction_Review-g293926-d562580-Reviews-Bach_Ma_National_Park-Hue_Thua_Thien_Hue_Province.html,3,tripadvisor_vn
Mausoleum of Emperor Minh Mang,Địa điểm lịch sử,Thua Thien Hue,https://www.tripadvisor.com.vn/Attraction_Review-g293926-d451127-Reviews-Mausoleum_of_Emperor_Minh_Mang-Hue_Thua_Thien_Hue_Province.html,4,tripadvisor_vn
Royal Tombs,Di tích cổ • Nghĩa trang,Thua Thien Hue,https://www.tripadvisor.com.vn/Attraction_Review-g293926-d555721-Reviews-Royal_Tombs-Hue_Thua_Thien_Hue_Province.html,5,tripadvisor_vn
Tomb of Tu Duc,Địa điểm lịch sử,Thua Thien Hue,https://www.tripadvisor.com.vn/Attraction_Review-g293926-d451128-Reviews-Tomb_of_Tu_Duc-Hue_Thua_Thien_Hue_Province.html,6,tripadvisor_vn
Imperial Tomb of Dong Khanh,Địa điểm lịch sử,Thua Thien Hue,https://www.tripadvisor.com.vn/Attraction_Review-g293926-d8546743-Reviews-Imperial_Tomb_of_Dong_Khanh-Hue_Thua_Thien_Hue_Province.html,7,tripadvisor_vn
Perfume River,Vùng nước,Thua Thien Hue,https://www.tripadvisor.com.vn/Attraction_Review-g293926-d456107-Reviews-Perfume_River-Hue_Thua_Thien_Hue_Province.html,8,tripadvisor_vn
Tử Cấm Thành,Địa điểm lịch sử,Thua Thien Hue,https://www.tripadvisor.com.vn/Attraction_Review-g293926-d451120-Reviews-Hue_Royal_Palace-Hue_Thua_Thien_Hue_Province.html,9,tripadvisor_vn
AEON MALL Hue (VN),Trung tâm mua sắm,Thua Thien Hue,https://www.tripadvisor.com.vn/Attraction_Review-g293926-d32878349-Reviews-Aeon_Mall_Hue-Hue_Thua_Thien_Hue_Province.html,10,tripadvisor_vn
Cầu Ngói Thanh Toàn,Cầu,Thua Thien Hue,https://www.tripadvisor.com.vn/Attraction_Review-g293926-d3741185-Reviews-Thanh_Toan_Bridge-Hue_Thua_Thien_Hue_Province.html,11,tripadvisor_vn
Chùa Từ Hiếu,Điểm thu hút khách tham quan & thắng cảnh,Thua Thien Hue,https://www.tripadvisor.com.vn/Attraction_Review-g293926-d6941969-Reviews-Tu_Hieu_Pagoda-Hue_Thua_Thien_Hue_Province.html,12,tripadvisor_vn
Đầm Tam Giang,Vùng nước,Thua Thien Hue,https://www.tripadvisor.com.vn/Attraction_Review-g293926-d2416127-Reviews-Tam_Giang_Lagoon-Hue_Thua_Thien_Hue_Province.html,13,tripadvisor_vn
Bãi Biển Lăng Cô,Bãi biển,Thua Thien Hue,https://www.tripadvisor.com.vn/Attraction_Review-g293926-d11437075-Reviews-Lang_Co_Beach-Hue_Thua_Thien_Hue_Province.html,14,tripadvisor_vn
Gakka Art Gallery,Phòng trưng bày nghệ thuật,Thua Thien Hue,https://www.tripadvisor.com.vn/Attraction_Review-g293926-d8617302-Reviews-Gakka_Art_Gallery-Hue_Thua_Thien_Hue_Province.html,15,tripadvisor_vn
Dong Ba Market,Chợ trời & chợ đường phố,Thua Thien Hue,https://www.tripadvisor.com.vn/Attraction_Review-g293926-d2519037-Reviews-Dong_Ba_Market-Hue_Thua_Thien_Hue_Province.html,16,tripadvisor_vn
Truong Tien Bridge,Cầu,Thua Thien Hue,https://www.tripadvisor.com.vn/Attraction_Review-g293926-d600750-Reviews-Truong_Tien_Bridge-Hue_Thua_Thien_Hue_Province.html,17,tripadvisor_vn
Hồ Thủy Tiên,Vùng nước,Thua Thien Hue,https://www.tripadvisor.com.vn/Attraction_Review-g293926-d11620834-Reviews-Thuy_Tien_Lake-Hue_Thua_Thien_Hue_Province.html,18,tripadvisor_vn
Le Ba Dang Art Museum,Viện bảo tàng nghệ thuật,Thua Thien Hue,https://www.tripadvisor.com.vn/Attraction_Review-g293926-d7019039-Reviews-Le_Ba_Dang_Art_Museum-Hue_Thua_Thien_Hue_Province.html,19,tripadvisor_vn
Bảo tàng Nghệ thuật Thêu XQ,Viện bảo tàng nghệ thuật,Thua Thien Hue,https://www.tripadvisor.com.vn/Attraction_Review-g293926-d12898894-Reviews-XQ_Hand_Embroidery-Hue_Thua_Thien_Hue_Province.html,20,tripadvisor_vn
Không Gian Văn Hóa Lục Bộ,Địa điểm lịch sử • Điểm thu hút khách tham quan & thắng cảnh,Thua Thien Hue,https://www.tripadvisor.com.vn/Attraction_Review-g293926-d11680443-Reviews-Luc_Bo_Culture_Space-Hue_Thua_Thien_Hue_Province.html,21,tripadvisor_vn
Hồ Thuỷ Tiên,Điểm thu hút khách tham quan & thắng cảnh,Thua Thien Hue,https://www.tripadvisor.com.vn/Attraction_Review-g293926-d15632400-Reviews-H_Thu_Tien-Hue_Thua_Thien_Hue_Province.html,22,tripadvisor_vn
Hue Walking Street,Khu vực đi dạo ngắm cảnh,Thua Thien Hue,https://www.tripadvisor.com.vn/Attraction_Review-g293926-d12997061-Reviews-Hue_Walking_Street-Hue_Thua_Thien_Hue_Province.html,23,tripadvisor_vn
Museum of Royal Antiquities,Viện bảo tàng nghệ thuật,Thua Thien Hue,https://www.tripadvisor.com.vn/Attraction_Review-g293926-d555735-Reviews-Museum_of_Royal_Antiquities-Hue_Thua_Thien_Hue_Province.html,24,tripadvisor_vn
Thuan An Beach,Bãi biển,Thua Thien Hue,https://www.tripadvisor.com.vn/Attraction_Review-g293926-d4597923-Reviews-Thuan_An_Beach-Hue_Thua_Thien_Hue_Province.html,25,tripadvisor_vn
Tu Dam Pagoda,Địa điểm tôn giáo,Thua Thien Hue,https://www.tripadvisor.com.vn/Attraction_Review-g293926-d4333898-Reviews-Tu_Dam_Pagoda-Hue_Thua_Thien_Hue_Province.html,26,tripadvisor_vn
The Noon Gate (Cua Ngo Mon),Điểm thu hút khách tham quan & thắng cảnh,Thua Thien Hue,https://www.tripadvisor.com.vn/Attraction_Review-g293926-d451125-Reviews-The_Noon_Gate_Cua_Ngo_Mon-Hue_Thua_Thien_Hue_Province.html,27,tripadvisor_vn
The Mieu Temple,Địa điểm tôn giáo,Thua Thien Hue,https://www.tripadvisor.com.vn/Attraction_Review-g293926-d451124-Reviews-The_Mieu_Temple-Hue_Thua_Thien_Hue_Province.html,28,tripadvisor_vn
Thái Hoà Palace,Địa điểm lịch sử • Lâu đài,Thua Thien Hue,https://www.tripadvisor.com.vn/Attraction_Review-g293926-d451117-Reviews-Thai_Hoa_Palace-Hue_Thua_Thien_Hue_Province.html,29,tripadvisor_vn
Trường Quốc Học Huế,Địa điểm giáo dục,Thua Thien Hue,https://www.tripadvisor.com.vn/Attraction_Review-g293926-d554928-Reviews-Quoc_Hoc_Hue_High_School_for_the_Gifted-Hue_Thua_Thien_Hue_Province.html,30,tripadvisor_vn
Cung An Dinh,Địa điểm lịch sử • Lâu đài,Thua Thien Hue,https://www.tripadvisor.com.vn/Attraction_Review-g293926-d12951151-Reviews-An_Dinh_Palace-Hue_Thua_Thien_Hue_Province.html,31,tripadvisor_vn
Phố Đi Bộ Nguyễn Đình Chiểu,Điểm thu hút khách tham quan & thắng cảnh,Thua Thien Hue,https://www.tripadvisor.com.vn/Attraction_Review-g293926-d12898868-Reviews-Nguyen_Dinh_Chieu_Walking_Street-Hue_Thua_Thien_Hue_Province.html,32,tripadvisor_vn
Tịnh cư Cát Tường Quân,Điểm thu hút khách tham quan & thắng cảnh,Thua Thien Hue,https://www.tripadvisor.com.vn/Attraction_Review-g293926-d5895985-Reviews-Cat_Tuong_Quan_Zen_House-Hue_Thua_Thien_Hue_Province.html,33,tripadvisor_vn
Đầm Chuồn Hương Quán,Khu vực tự nhiên & động vật hoang dã,Thua Thien Hue,https://www.tripadvisor.com.vn/Attraction_Review-g293926-d9563786-Reviews-Dam_Chuon_Huong_Quan-Hue_Thua_Thien_Hue_Province.html,34,tripadvisor_vn
Huyen Tran Princess Temple,Điểm thu hút khách tham quan & thắng cảnh,Thua Thien Hue,https://www.tripadvisor.com.vn/Attraction_Review-g293926-d6106529-Reviews-Huyen_Tran_Princess_Temple-Hue_Thua_Thien_Hue_Province.html,35,tripadvisor_vn
Chùa Huyền Không Sơn Thượng,Điểm thu hút khách tham quan & thắng cảnh • Địa điểm tôn giáo,Thua Thien Hue,https://www.tripadvisor.com.vn/Attraction_Review-g293926-d10818173-Reviews-Huyen_Khong_Son_Thuong_Pagoda-Hue_Thua_Thien_Hue_Province.html,36,tripadvisor_vn
Ho Quyen,Địa điểm lịch sử • Điểm thu hút khách tham quan & thắng cảnh,Thua Thien Hue,https://www.tripadvisor.com.vn/Attraction_Review-g293926-d6224999-Reviews-Tiger_Arena-Hue_Thua_Thien_Hue_Province.html,37,tripadvisor_vn
Hue Water Puppet Theatre,Rạp hát,Thua Thien Hue,https://www.tripadvisor.com.vn/Attraction_Review-g293926-d6956754-Reviews-Hue_Water_Puppet_Theatre-Hue_Thua_Thien_Hue_Province.html,38,tripadvisor_vn
Nhà Thờ Chính Tòa Phủ Cam,Nhà thờ & nhà thờ lớn,Thua Thien Hue,https://www.tripadvisor.com.vn/Attraction_Review-g293926-d8091159-Reviews-Phu_Cam_Cathedral-Hue_Thua_Thien_Hue_Province.html,39,tripadvisor_vn
Nine Dynastic Urns,Địa điểm lịch sử • Di tích cổ,Thua Thien Hue,https://www.tripadvisor.com.vn/Attraction_Review-g293926-d600402-Reviews-Nine_Dynastic_Urns-Hue_Thua_Thien_Hue_Province.html,40,tripadvisor_vn
Sen Pattaya Spa & Massage,Spa,Thua Thien Hue,https://www.tripadvisor.com.vn/Attraction_Review-g293926-d32790552-Reviews-Sen_Pattaya_Spa_Massage-Hue_Thua_Thien_Hue_Province.html,41,tripadvisor_vn
Sen Spa & Massage,Spa,Thua Thien Hue,https://www.tripadvisor.com.vn/Attraction_Review-g293926-d26358633-Reviews-Sen_Spa_Massage-Hue_Thua_Thien_Hue_Province.html,42,tripadvisor_vn
Hue's Garden Houses,Vườn,Thua Thien Hue,https://www.tripadvisor.com.vn/Attraction_Review-g293926-d4795480-Reviews-Hue_s_Garden_Houses-Hue_Thua_Thien_Hue_Province.html,43,tripadvisor_vn
Thuy Xuan,Khu lân cận,Thua Thien Hue,https://www.tripadvisor.com.vn/Attraction_Review-g293926-d25234266-Reviews-Thuy_Xuan-Hue_Thua_Thien_Hue_Province.html,44,tripadvisor_vn
The Flag Tower,Địa điểm lịch sử • Điểm thu hút khách tham quan & thắng cảnh,Thua Thien Hue,https://www.tripadvisor.com.vn/Attraction_Review-g293926-d451118-Reviews-The_Flag_Tower-Hue_Thua_Thien_Hue_Province.html,45,tripadvisor_vn
Đồi Vọng Cảnh,Đài quan sát,Thua Thien Hue,https://www.tripadvisor.com.vn/Attraction_Review-g293926-d12003409-Reviews-Vong_Canh_Hill-Hue_Thua_Thien_Hue_Province.html,46,tripadvisor_vn
Redemptorist Church,Nhà thờ & nhà thờ lớn,Thua Thien Hue,https://www.tripadvisor.com.vn/Attraction_Review-g293926-d6204773-Reviews-Redemptorist_Church-Hue_Thua_Thien_Hue_Province.html,47,tripadvisor_vn
Mausoleum of Emperor Khai Dinh,Viện bảo tàng lịch sử,Thua Thien Hue,https://www.tripadvisor.com.vn/Attraction_Review-g293926-d25572772-Reviews-Mausoleum_of_Emperor_Khai_Dinh-Hue_Thua_Thien_Hue_Province.html,48,tripadvisor_vn
Nhà Vườn Phú Mộng,Vườn,Thua Thien Hue,https://www.tripadvisor.com.vn/Attraction_Review-g293926-d7073497-Reviews-Phu_Mong_Garden_House-Hue_Thua_Thien_Hue_Province.html,49,tripadvisor_vn
Phòng triển lãm nghệ thuật Điềm Phùng Thị,Viện bảo tàng nghệ thuật,Thua Thien Hue,https://www.tripadvisor.com.vn/Attraction_Review-g293926-d9985180-Reviews-Diem_Phung_Thi_Art_Exhibition_House-Hue_Thua_Thien_Hue_Province.html,50,tripadvisor_vn
Nhà Vườn An Hiên,Điểm thu hút khách tham quan & thắng cảnh • Vườn,Thua Thien Hue,https://www.tripadvisor.com.vn/Attraction_Review-g293926-d14074103-Reviews-An_Hien_Garden_House-Hue_Thua_Thien_Hue_Province.html,51,tripadvisor_vn
Huế Legend,Cửa hàng đặc sản & cửa hàng quà tặng • Phòng trưng bày nghệ thuật,Thua Thien Hue,https://www.tripadvisor.com.vn/Attraction_Review-g293926-d34398131-Reviews-Hu_Legend-Hue_Thua_Thien_Hue_Province.html,52,tripadvisor_vn
Nhà Vườn Xuân Đài,Điểm thu hút khách tham quan & thắng cảnh,Thua Thien Hue,https://www.tripadvisor.com.vn/Attraction_Review-g293926-d14758714-Reviews-Nha_Vuon_Xuan_Dai-Hue_Thua_Thien_Hue_Province.html,53,tripadvisor_vn
Hue Luggage Storage,Trung tâm du lịch,Thua Thien Hue,https://www.tripadvisor.com.vn/Attraction_Review-g293926-d32895737-Reviews-Hue_Luggage_Storage-Hue_Thua_Thien_Hue_Province.html,54,tripadvisor_vn
Ho Chi Minh Museum of Thua Thien Hue,Viện bảo tàng chuyên ngành,Thua Thien Hue,https://www.tripadvisor.com.vn/Attraction_Review-g293926-d4186902-Reviews-Ho_Chi_Minh_Museum-Hue_Thua_Thien_Hue_Province.html,55,tripadvisor_vn
Hue War Museum,Viện bảo tàng quân đội • Viện bảo tàng lịch sử,Thua Thien Hue,https://www.tripadvisor.com.vn/Attraction_Review-g293926-d12997006-Reviews-Hue_War_Museum-Hue_Thua_Thien_Hue_Province.html,56,tripadvisor_vn
Bảo tàng lịch sử và cách mạng,Viện bảo tàng chuyên ngành,Thua Thien Hue,https://www.tripadvisor.com.vn/Attraction_Review-g293926-d6941973-Reviews-Historical_and_Revolutionary_Museum-Hue_Thua_Thien_Hue_Province.html,57,tripadvisor_vn
Bo's Tailor,Cửa hàng đặc sản & cửa hàng quà tặng,Thua Thien Hue,https://www.tripadvisor.com.vn/Attraction_Review-g293926-d13873574-Reviews-Bo_s_Tailor-Hue_Thua_Thien_Hue_Province.html,58,tripadvisor_vn
Cam On Spa,Câu lạc bộ sức khỏe • Yoga & pilate,Thua Thien Hue,https://www.tripadvisor.com.vn/Attraction_Review-g293926-d27422741-Reviews-Cam_On_Spa_Retreat-Hue_Thua_Thien_Hue_Province.html,59,tripadvisor_vn
Bảo tàng Văn hóa Huế,Viện bảo tàng lịch sử,Thua Thien Hue,https://www.tripadvisor.com.vn/Attraction_Review-g293926-d12925672-Reviews-Hue_Cultural_Museum-Hue_Thua_Thien_Hue_Province.html,60,tripadvisor_vn
Đan Viện Thiên An,Điểm thu hút khách tham quan & thắng cảnh • Tòa nhà kiến trúc,Thua Thien Hue,https://www.tripadvisor.com.vn/Attraction_Review-g293926-d10813361-Reviews-Thien_An_Monastery-Hue_Thua_Thien_Hue_Province.html,61,tripadvisor_vn
Le Loi Park,Công viên,Thua Thien Hue,https://www.tripadvisor.com.vn/Attraction_Review-g293926-d25233329-Reviews-Le_Loi_Park-Hue_Thua_Thien_Hue_Province.html,62,tripadvisor_vn
St Francis Xavier Cathedral,Địa điểm tôn giáo,Thua Thien Hue,https://www.tripadvisor.com.vn/Attraction_Review-g293926-d13279450-Reviews-St_Francis_Xavier_Cathedral-Hue_Thua_Thien_Hue_Province.html,63,tripadvisor_vn
Chợ An Cựu,Chợ trời & chợ đường phố,Thua Thien Hue,https://www.tripadvisor.com.vn/Attraction_Review-g293926-d14159539-Reviews-An_Cuu_Market-Hue_Thua_Thien_Hue_Province.html,64,tripadvisor_vn
Anna Spa Wellness,Spa,Thua Thien Hue,https://www.tripadvisor.com.vn/Attraction_Review-g293926-d15511991-Reviews-Anna_Spa_Wellness-Hue_Thua_Thien_Hue_Province.html,65,tripadvisor_vn
Hue Transfers,Taxi & xe đưa đón,Thua Thien Hue,https://www.tripadvisor.com.vn/Attraction_Review-g293926-d8813685-Reviews-Hue_Transfers-Hue_Thua_Thien_Hue_Province.html,66,tripadvisor_vn
Cua Hang Nong Dan Hue,Chợ nông sản,Thua Thien Hue,https://www.tripadvisor.com.vn/Attraction_Review-g293926-d7927677-Reviews-Hue_Local_Farmer_s_Direct_Sales_Store-Hue_Thua_Thien_Hue_Province.html,67,tripadvisor_vn
Hue Tourist Information Center,Trung tâm du lịch,Thua Thien Hue,https://www.tripadvisor.com.vn/Attraction_Review-g293926-d12874261-Reviews-Hue_Tourist_Information_Center-Hue_Thua_Thien_Hue_Province.html,68,tripadvisor_vn
Điện Hòn Chén,Địa điểm lịch sử • Địa điểm tôn giáo,Thua Thien Hue,https://www.tripadvisor.com.vn/Attraction_Review-g293926-d8115964-Reviews-Hon_Chen_Temple-Hue_Thua_Thien_Hue_Province.html,69,tripadvisor_vn
Trung tâm thương mại Phong Phú,Trung tâm mua sắm,Thua Thien Hue,https://www.tripadvisor.com.vn/Attraction_Review-g293926-d8472012-Reviews-Phong_Phu_Plaza-Hue_Thua_Thien_Hue_Province.html,70,tripadvisor_vn
Công viên 3 Tháng 2,Điểm thu hút khách tham quan & thắng cảnh,Thua Thien Hue,https://www.tripadvisor.com.vn/Attraction_Review-g293926-d12614256-Reviews-Park_February_3-Hue_Thua_Thien_Hue_Province.html,71,tripadvisor_vn
Gia Huy Silk Tailor Shop,Cửa hàng đặc sản & cửa hàng quà tặng,Thua Thien Hue,https://www.tripadvisor.com.vn/Attraction_Review-g293926-d4235705-Reviews-Gia_Huy_Silk_Tailor_Shop-Hue_Thua_Thien_Hue_Province.html,72,tripadvisor_vn
Trúc Chỉ Garden,Cửa hàng đặc sản & cửa hàng quà tặng • Phòng trưng bày nghệ thuật,Thua Thien Hue,https://www.tripadvisor.com.vn/Attraction_Review-g293926-d8090941-Reviews-Truc_Chi_Garden-Hue_Thua_Thien_Hue_Province.html,73,tripadvisor_vn
Halls of the Mandarins,Địa điểm lịch sử • Tòa nhà kiến trúc,Thua Thien Hue,https://www.tripadvisor.com.vn/Attraction_Review-g293926-d554166-Reviews-Halls_of_the_Mandarins-Hue_Thua_Thien_Hue_Province.html,74,tripadvisor_vn
Truong Tien Plaza,Trung tâm mua sắm,Thua Thien Hue,https://www.tripadvisor.com.vn/Attraction_Review-g293926-d13115702-Reviews-Truong_Tien_Plaza-Hue_Thua_Thien_Hue_Province.html,75,tripadvisor_vn
Relax Spa | Best Massage In Hue,Spa,Thua Thien Hue,https://www.tripadvisor.com.vn/Attraction_Review-g293926-d24046527-Reviews-Relax_Spa_Best_Massage_In_Hue-Hue_Thua_Thien_Hue_Province.html,76,tripadvisor_vn
Gác Trịnh,Phòng trưng bày nghệ thuật,Thua Thien Hue,https://www.tripadvisor.com.vn/Attraction_Review-g293926-d16820874-Reviews-Gac_Trinh-Hue_Thua_Thien_Hue_Province.html,77,tripadvisor_vn
On the King's tracks,Địa điểm lịch sử • Điểm thu hút khách tham quan & thắng cảnh,Thua Thien Hue,https://www.tripadvisor.com.vn/Attraction_Review-g293926-d12918273-Reviews-On_the_King_s_tracks-Hue_Thua_Thien_Hue_Province.html,79,tripadvisor_vn
Lăng Vua Thiệu Trị,Địa điểm lịch sử,Thua Thien Hue,https://www.tripadvisor.com.vn/Attraction_Review-g293926-d14770585-Reviews-Tomb_of_Thieu_Tri-Hue_Thua_Thien_Hue_Province.html,80,tripadvisor_vn
Tây Lộc Airfield,Địa điểm lịch sử • Chiến trường,Thua Thien Hue,https://www.tripadvisor.com.vn/Attraction_Review-g293926-d12971181-Reviews-Tay_Loc_Airfield-Hue_Thua_Thien_Hue_Province.html,81,tripadvisor_vn
Khu Di Tích Lịch Sử Chín Hầm,Địa điểm lịch sử,Thua Thien Hue,https://www.tripadvisor.com.vn/Attraction_Review-g293926-d12409874-Reviews-Historial_Monument_Chin_Ham-Hue_Thua_Thien_Hue_Province.html,82,tripadvisor_vn
Đàn Nam Giao,Địa điểm lịch sử • Địa điểm tôn giáo,Thua Thien Hue,https://www.tripadvisor.com.vn/Attraction_Review-g293926-d6224444-Reviews-Dan_Nam_Giao-Hue_Thua_Thien_Hue_Province.html,83,tripadvisor_vn
Cozy Cooking Class,Lớp nấu ăn • Chợ trời & chợ đường phố,Thua Thien Hue,https://www.tripadvisor.com.vn/Attraction_Review-g293926-d26197994-Reviews-Cozy_Cooking_Class-Hue_Thua_Thien_Hue_Province.html,84,tripadvisor_vn
Thien Lam Pagoda,Địa điểm tôn giáo,Thua Thien Hue,https://www.tripadvisor.com.vn/Attraction_Review-g293926-d12980946-Reviews-Thien_Lam_Pagoda-Hue_Thua_Thien_Hue_Province.html,85,tripadvisor_vn
Hue Cooking Class - Cooking With Madam Thu,Lớp nấu ăn,Thua Thien Hue,https://www.tripadvisor.com.vn/Attraction_Review-g293926-d27172026-Reviews-Hue_Cooking_Class_Cooking_With_Madam_Thu-Hue_Thua_Thien_Hue_Province.html,86,tripadvisor_vn
Tetta Co-working Space & Art Store,Phòng trưng bày nghệ thuật,Thua Thien Hue,https://www.tripadvisor.com.vn/Attraction_Review-g293926-d34365373-Reviews-Tetta_Co_working_Space_Art_Store-Hue_Thua_Thien_Hue_Province.html,87,tripadvisor_vn
Huế Gaming Club,Sòng bạc,Thua Thien Hue,https://www.tripadvisor.com.vn/Attraction_Review-g293926-d34273214-Reviews-Hu_Gaming_Club-Hue_Thua_Thien_Hue_Province.html,88,tripadvisor_vn
Le Family Rider,Tour thăm quan thành phố • Chuyến tham quan bằng mô tô,Thua Thien Hue,https://www.tripadvisor.com.vn/Attraction_Review-g293926-d2647558-Reviews-Le_Family_Rider-Hue_Thua_Thien_Hue_Province.html,89,tripadvisor_vn
Pattaya Thai Spa,Spa,Thua Thien Hue,https://www.tripadvisor.com.vn/Attraction_Review-g293926-d28012320-Reviews-Pattaya_Thai_Spa-Hue_Thua_Thien_Hue_Province.html,90,tripadvisor_vn
Adventure Journey,Tour thăm quan thành phố • Taxi & xe đưa đón,Thua Thien Hue,https://www.tripadvisor.com.vn/Attraction_Review-g293926-d8855056-Reviews-Adventure_Journey-Hue_Thua_Thien_Hue_Province.html,91,tripadvisor_vn
Phan Boi Chau Street Monument,Đài kỷ niệm & tượng,Thua Thien Hue,https://www.tripadvisor.com.vn/Attraction_Review-g293926-d13077659-Reviews-Phan_Boi_Chau_Street_Monument-Hue_Thua_Thien_Hue_Province.html,92,tripadvisor_vn
Bao Quoc Temple,Địa điểm tôn giáo,Thua Thien Hue,https://www.tripadvisor.com.vn/Attraction_Review-g293926-d13836708-Reviews-Bao_Quoc_Temple-Hue_Thua_Thien_Hue_Province.html,93,tripadvisor_vn
Duyet Thi Duong Theater,Rạp hát,Thua Thien Hue,https://www.tripadvisor.com.vn/Attraction_Review-g293926-d25228578-Reviews-Duyet_Thi_Duong_Theater-Hue_Thua_Thien_Hue_Province.html,94,tripadvisor_vn
Văn Miếu Huế,Địa điểm lịch sử • Điểm thu hút khách tham quan & thắng cảnh,Thua Thien Hue,https://www.tripadvisor.com.vn/Attraction_Review-g293926-d10798520-Reviews-Hue_Temple_Bao_Qu_c_Temple-Hue_Thua_Thien_Hue_Province.html,95,tripadvisor_vn
Gieng Ba Le,Địa điểm lịch sử,Thua Thien Hue,https://www.tripadvisor.com.vn/Attraction_Review-g293926-d25236612-Reviews-Gieng_Ba_Le-Hue_Thua_Thien_Hue_Province.html,96,tripadvisor_vn
Brown Eyes Bar & Coffee,Quán bar & câu lạc bộ • Quán cà phê,Thua Thien Hue,https://www.tripadvisor.com.vn/Attraction_Review-g293926-d1192670-Reviews-Brown_Eyes_Bar_Hue_Vietnam-Hue_Thua_Thien_Hue_Province.html,97,tripadvisor_vn
Maia Wellness Spa,Spa,Thua Thien Hue,https://www.tripadvisor.com.vn/Attraction_Review-g293926-d26431171-Reviews-Maia_Wellness_Spa-Hue_Thua_Thien_Hue_Province.html,98,tripadvisor_vn
Co Ha Royal Gardens,Vườn,Thua Thien Hue,https://www.tripadvisor.com.vn/Attraction_Review-g293926-d25229876-Reviews-Co_Ha_Royal_Gardens-Hue_Thua_Thien_Hue_Province.html,99,tripadvisor_vn
Alba Spa,Spa,Thua Thien Hue,https://www.tripadvisor.com.vn/Attraction_Review-g293926-d8013273-Reviews-Alba_Spa-Hue_Thua_Thien_Hue_Province.html,100,tripadvisor_vn
Nine Holy Cannons,Di tích cổ,Thua Thien Hue,https://www.tripadvisor.com.vn/Attraction_Review-g293926-d25228501-Reviews-Nine_Holy_Cannons-Hue_Thua_Thien_Hue_Province.html,101,tripadvisor_vn
Thanh Toan market,Chợ trời & chợ đường phố,Thua Thien Hue,https://www.tripadvisor.com.vn/Attraction_Review-g293926-d26694395-Reviews-Thanh_Toan_market-Hue_Thua_Thien_Hue_Province.html,102,tripadvisor_vn
Emperor Quang Trung's Statue,Đài kỷ niệm & tượng,Thua Thien Hue,https://www.tripadvisor.com.vn/Attraction_Review-g293926-d14795706-Reviews-Emperor_Quang_Trung_s_Statue-Hue_Thua_Thien_Hue_Province.html,103,tripadvisor_vn
Nhà Thờ Giáo Xứ Phanxicô Xaviê,Nhà thờ & nhà thờ lớn,Thua Thien Hue,https://www.tripadvisor.com.vn/Attraction_Review-g293926-d33352483-Reviews-Nha_Th_Giao_X_Phanxico_Xavie-Hue_Thua_Thien_Hue_Province.html,104,tripadvisor_vn
Lavin Home,Buổi học & hội thảo,Thua Thien Hue,https://www.tripadvisor.com.vn/Attraction_Review-g293926-d15581697-Reviews-Lavin_Home-Hue_Thua_Thien_Hue_Province.html,105,tripadvisor_vn
Hope Center Hue,Xưởng vẽ & làm đồ gốm,Thua Thien Hue,https://www.tripadvisor.com.vn/Attraction_Review-g293926-d14159320-Reviews-Hope_Center_Hue-Hue_Thua_Thien_Hue_Province.html,106,tripadvisor_vn
Lăng Dục Đức,Địa điểm lịch sử,Thua Thien Hue,https://www.tripadvisor.com.vn/Attraction_Review-g293926-d14796212-Reviews-Duc_Duc_Tomb-Hue_Thua_Thien_Hue_Province.html,107,tripadvisor_vn
Hằng Spa - Thẩm Mỹ Công Nghệ Cao,Spa nước nóng,Thua Thien Hue,https://www.tripadvisor.com.vn/Attraction_Review-g293926-d25067866-Reviews-H_ng_Spa_Th_m_M_Cong_Ngh_Cao-Hue_Thua_Thien_Hue_Province.html,108,tripadvisor_vn
Hue Style Gift,Cửa hàng đồ cổ • Cửa hàng bách hóa,Thua Thien Hue,https://www.tripadvisor.com.vn/Attraction_Review-g293926-d17337840-Reviews-Hue_Style_Gift-Hue_Thua_Thien_Hue_Province.html,109,tripadvisor_vn
Plage Thaun Hai Hue Vietnam,Bãi biển,Thua Thien Hue,https://www.tripadvisor.com.vn/Attraction_Review-g293926-d27460753-Reviews-Plage_Thaun_Hai_Hue_Vietnam-Hue_Thua_Thien_Hue_Province.html,110,tripadvisor_vn
Tinh Tam Lake,Vùng nước,Thua Thien Hue,https://www.tripadvisor.com.vn/Attraction_Review-g293926-d25280044-Reviews-Tinh_Tam_Lake-Hue_Thua_Thien_Hue_Province.html,111,tripadvisor_vn
Mai Beauty Spa - Best Massage In Hue,Spa,Thua Thien Hue,https://www.tripadvisor.com.vn/Attraction_Review-g293926-d29011129-Reviews-Mai_Beauty_Spa_Best_Massage_In_Hue-Hue_Thua_Thien_Hue_Province.html,112,tripadvisor_vn
Oratories Vinh Loi,Địa điểm tôn giáo,Thua Thien Hue,https://www.tripadvisor.com.vn/Attraction_Review-g293926-d13077667-Reviews-Oratories_Vinh_Loi-Hue_Thua_Thien_Hue_Province.html,113,tripadvisor_vn
Nhà Lưu Niệm Danh Nhân Phan Bội Châu,Địa điểm lịch sử • Điểm thu hút khách tham quan & thắng cảnh,Thua Thien Hue,https://www.tripadvisor.com.vn/Attraction_Review-g293926-d12574727-Reviews-Nha_Luu_Niem_Danh_Nhan_Phan_Boi_Chau-Hue_Thua_Thien_Hue_Province.html,114,tripadvisor_vn
Nhouse,Cửa hàng đồ cổ,Thua Thien Hue,https://www.tripadvisor.com.vn/Attraction_Review-g293926-d32772536-Reviews-Nhouse_D_Gia_D_ng-Hue_Thua_Thien_Hue_Province.html,115,tripadvisor_vn
Cherish Spa,Spa,Thua Thien Hue,https://www.tripadvisor.com.vn/Attraction_Review-g293926-d8099391-Reviews-Cherish_Spa-Hue_Thua_Thien_Hue_Province.html,116,tripadvisor_vn
Kelly Spa & Beauty,Spa,Thua Thien Hue,https://www.tripadvisor.com.vn/Attraction_Review-g293926-d18892002-Reviews-Kelly_Spa_Beauty-Hue_Thua_Thien_Hue_Province.html,117,tripadvisor_vn
Clover Spa - Best Spa Massage In Hue,Spa,Thua Thien Hue,https://www.tripadvisor.com.vn/Attraction_Review-g293926-d34338984-Reviews-Clover_Spa_Best_Spa_Massage_In_Hue-Hue_Thua_Thien_Hue_Province.html,118,tripadvisor_vn
Chùa Diệu Đế,Địa điểm lịch sử • Tòa nhà kiến trúc,Thua Thien Hue,https://www.tripadvisor.com.vn/Attraction_Review-g293926-d9705672-Reviews-Dieu_De_Pagoda-Hue_Thua_Thien_Hue_Province.html,119,tripadvisor_vn
Best Spa Massage Hue,Spa,Thua Thien Hue,https://www.tripadvisor.com.vn/Attraction_Review-g293926-d19282125-Reviews-Best_Spa_Massage_Hue-Hue_Thua_Thien_Hue_Province.html,120,tripadvisor_vn
Cam On Spa Healing,Câu lạc bộ sức khỏe • Spa,Thua Thien Hue,https://www.tripadvisor.com.vn/Attraction_Review-g293926-d17450672-Reviews-Cam_On_Spa_Healing-Hue_Thua_Thien_Hue_Province.html,121,tripadvisor_vn
Thai Binh Pavilion,Di tích cổ,Thua Thien Hue,https://www.tripadvisor.com.vn/Attraction_Review-g293926-d25229891-Reviews-Thai_Binh_Pavilion-Hue_Thua_Thien_Hue_Province.html,122,tripadvisor_vn
"Royal Treasury, Hue",Di tích cổ,Thua Thien Hue,https://www.tripadvisor.com.vn/Attraction_Review-g293926-d25228528-Reviews-Royal_Treasury_Hue-Hue_Thua_Thien_Hue_Province.html,123,tripadvisor_vn
Cầu Phú Xuân,Cầu,Thua Thien Hue,https://www.tripadvisor.com.vn/Attraction_Review-g293926-d14166344-Reviews-Phu_Xuan_Bridge-Hue_Thua_Thien_Hue_Province.html,124,tripadvisor_vn
Cầu Gỗ Lim,Điểm thu hút khách tham quan & thắng cảnh • Cầu cảng & lối đi có lót ván,Thua Thien Hue,https://www.tripadvisor.com.vn/Attraction_Review-g293926-d16695028-Reviews-Cau_Go_Lim-Hue_Thua_Thien_Hue_Province.html,125,tripadvisor_vn
The Rhythm Of Hué,Triển lãm,Thua Thien Hue,https://www.tripadvisor.com.vn/Attraction_Review-g293926-d32851743-Reviews-The_Rhythm_Of_Hue-Hue_Thua_Thien_Hue_Province.html,126,tripadvisor_vn
"An Bang Cemetery, City Of Ghosts",Nghĩa trang,Thua Thien Hue,https://www.tripadvisor.com.vn/Attraction_Review-g293926-d32877352-Reviews-An_Bang_Cemetery_City_Of_Ghosts-Hue_Thua_Thien_Hue_Province.html,127,tripadvisor_vn
Cocodo Tattoo Studio,Phòng trưng bày nghệ thuật,Thua Thien Hue,https://www.tripadvisor.com.vn/Attraction_Review-g293926-d32971483-Reviews-Cocodo_Tattoo_Studio-Hue_Thua_Thien_Hue_Province.html,128,tripadvisor_vn
Phú Xuân Spa - Ancient Hue Garden Houses,Spa,Thua Thien Hue,https://www.tripadvisor.com.vn/Attraction_Review-g293926-d28260210-Reviews-Phu_Xuan_Spa_Ancient_Hue_Garden_Houses-Hue_Thua_Thien_Hue_Province.html,129,tripadvisor_vn
Điện Voi Ré (Long Châu MIếu),Địa điểm tôn giáo,Thua Thien Hue,https://www.tripadvisor.com.vn/Attraction_Review-g293926-d12242659-Reviews-Elephan_Re_Temple_Long_Chau_Temple-Hue_Thua_Thien_Hue_Province.html,130,tripadvisor_vn
Virgo Travel Viet nam,Địa điểm lịch sử • Điểm thu hút khách tham quan & thắng cảnh,Thua Thien Hue,https://www.tripadvisor.com.vn/Attraction_Review-g293926-d10794954-Reviews-Virgo_Travel-Hue_Thua_Thien_Hue_Province.html,131,tripadvisor_vn
Madam Thu Farm,Nông trại,Thua Thien Hue,https://www.tripadvisor.com.vn/Attraction_Review-g293926-d33247748-Reviews-Madam_Thu_Farm-Hue_Thua_Thien_Hue_Province.html,132,tripadvisor_vn
Five Senses Spa Hue,Spa,Thua Thien Hue,https://www.tripadvisor.com.vn/Attraction_Review-g293926-d28163980-Reviews-Five_Senses_Spa_Hue-Hue_Thua_Thien_Hue_Province.html,133,tripadvisor_vn
Thuê Xe Máy Tại Huế,Cho thuê tiện ích,Thua Thien Hue,https://www.tripadvisor.com.vn/Attraction_Review-g293926-d11893982-Reviews-Hue_Motorbike_Rental-Hue_Thua_Thien_Hue_Province.html,134,tripadvisor_vn
Huế Touring,Chuyến tham quan văn hóa • Chuyến tham quan bằng mô tô,Thua Thien Hue,https://www.tripadvisor.com.vn/Attraction_Review-g293926-d11805445-Reviews-Hue_Touring-Hue_Thua_Thien_Hue_Province.html,135,tripadvisor_vn
Hotel Saigon Morin Massage & Sauna,Spa,Thua Thien Hue,https://www.tripadvisor.com.vn/Attraction_Review-g293926-d1887229-Reviews-Hotel_Saigon_Morin_Massage_Sauna-Hue_Thua_Thien_Hue_Province.html,136,tripadvisor_vn
Madam Tran,Lớp nấu ăn,Thua Thien Hue,https://www.tripadvisor.com.vn/Attraction_Review-g293926-d25310775-Reviews-Madam_Tran-Hue_Thua_Thien_Hue_Province.html,137,tripadvisor_vn
Sosono Spa,Spa,Thua Thien Hue,https://www.tripadvisor.com.vn/Attraction_Review-g293926-d15674497-Reviews-Sosono_Spa-Hue_Thua_Thien_Hue_Province.html,138,tripadvisor_vn
Vedana Wellness & Spa,Spa,Thua Thien Hue,https://www.tripadvisor.com.vn/Attraction_Review-g293926-d26554311-Reviews-Vedana_Wellness_Spa-Hue_Thua_Thien_Hue_Province.html,139,tripadvisor_vn
Stop & Go Tours,Tour thăm quan thành phố • Chuyến tham quan lịch sử & di sản,Thua Thien Hue,https://www.tripadvisor.com.vn/Attraction_Review-g293926-d1532574-Reviews-Stop_Go_Tours-Hue_Thua_Thien_Hue_Province.html,140,tripadvisor_vn
OCB Bar,Quán bar & câu lạc bộ,Thua Thien Hue,https://www.tripadvisor.com.vn/Attraction_Review-g293926-d23303582-Reviews-OCB_Bar-Hue_Thua_Thien_Hue_Province.html,141,tripadvisor_vn
Hai Van Fort,Lâu đài,Thua Thien Hue,https://www.tripadvisor.com.vn/Attraction_Review-g293926-d32877345-Reviews-Hai_Van_Fort-Hue_Thua_Thien_Hue_Province.html,142,tripadvisor_vn
Tiểu đình Thương Bạc,Công viên,Thua Thien Hue,https://www.tripadvisor.com.vn/Attraction_Review-g293926-d26655350-Reviews-Ti_u_dinh_Thuong_B_c-Hue_Thua_Thien_Hue_Province.html,143,tripadvisor_vn
Thuong Tu Gate,Địa điểm lịch sử,Thua Thien Hue,https://www.tripadvisor.com.vn/Attraction_Review-g293926-d25215910-Reviews-Thuong_Tu_Gate-Hue_Thua_Thien_Hue_Province.html,144,tripadvisor_vn
Sky Bar,Quán bar & câu lạc bộ,Thua Thien Hue,https://www.tripadvisor.com.vn/Attraction_Review-g293926-d15645881-Reviews-Sky_Bar-Hue_Thua_Thien_Hue_Province.html,145,tripadvisor_vn
Big Bang Spa Massage,Spa,Thua Thien Hue,https://www.tripadvisor.com.vn/Attraction_Review-g293926-d25408630-Reviews-Big_Bang_Spa_Massage-Hue_Thua_Thien_Hue_Province.html,146,tripadvisor_vn
VM Travel,Tour thăm quan thành phố • Chuyến tham quan văn hóa,Thua Thien Hue,https://www.tripadvisor.com.vn/Attraction_Review-g293926-d5569598-Reviews-VM_Travel-Hue_Thua_Thien_Hue_Province.html,147,tripadvisor_vn
Hue Vacations,Tour thăm quan thành phố • Chuyến tham quan văn hóa,Thua Thien Hue,https://www.tripadvisor.com.vn/Attraction_Review-g293926-d11978758-Reviews-Hue_Vacations-Hue_Thua_Thien_Hue_Province.html,148,tripadvisor_vn
Anh Silk,Cửa hàng đặc sản & cửa hàng quà tặng,Thua Thien Hue,https://www.tripadvisor.com.vn/Attraction_Review-g293926-d12569693-Reviews-Anh_Silk-Hue_Thua_Thien_Hue_Province.html,149,tripadvisor_vn
Hue’s Most Intimate Cooking Experience in a 500-Year Garden,Lớp nấu ăn,Thua Thien Hue,https://www.tripadvisor.com.vn/Attraction_Review-g293926-d26873447-Reviews-Hue_s_Most_Intimate_Cooking_Experience_in_a_500_Year_Garden-Hue_Thua_Thien_Hue_P.html,150,tripadvisor_vn
Asta The Club,Quán bar & câu lạc bộ,Thua Thien Hue,https://www.tripadvisor.com.vn/Attraction_Review-g293926-d7950962-Reviews-Asta_The_Club-Hue_Thua_Thien_Hue_Province.html,151,tripadvisor_vn
Boka Beautyroom,Spa nước nóng,Thua Thien Hue,https://www.tripadvisor.com.vn/Attraction_Review-g293926-d26122010-Reviews-Boka_Beautyroom-Hue_Thua_Thien_Hue_Province.html,152,tripadvisor_vn
Võ Thánh Huế,Địa điểm lịch sử,Thua Thien Hue,https://www.tripadvisor.com.vn/Attraction_Review-g293926-d10813260-Reviews-Vo_Thanh_Hue-Hue_Thua_Thien_Hue_Province.html,153,tripadvisor_vn
Đông Khuyết Đài - The Mosaic of Hue,Cửa hàng đặc sản & cửa hàng quà tặng • Phòng trưng bày nghệ thuật,Thua Thien Hue,https://www.tripadvisor.com.vn/Attraction_Review-g293926-d17612056-Reviews-Dong_Khuyet_Dai_The_Mosaic_of_Hue-Hue_Thua_Thien_Hue_Province.html,154,tripadvisor_vn
Spa & Massage Holidays,Spa,Thua Thien Hue,https://www.tripadvisor.com.vn/Attraction_Review-g293926-d26728962-Reviews-Spa_Massage_Holidays-Hue_Thua_Thien_Hue_Province.html,155,tripadvisor_vn
Lê Spa,Câu lạc bộ sức khỏe • Spa,Thua Thien Hue,https://www.tripadvisor.com.vn/Attraction_Review-g293926-d11925437-Reviews-Le_Spa-Hue_Thua_Thien_Hue_Province.html,156,tripadvisor_vn
Moon Spa,Spa,Thua Thien Hue,https://www.tripadvisor.com.vn/Attraction_Review-g293926-d2459966-Reviews-Moon_Spa-Hue_Thua_Thien_Hue_Province.html,157,tripadvisor_vn
Hottuna Handmade Clothes,Cửa hàng đặc sản & cửa hàng quà tặng,Thua Thien Hue,https://www.tripadvisor.com.vn/Attraction_Review-g293926-d15608848-Reviews-Hottuna_Handmade_Clothes-Hue_Thua_Thien_Hue_Province.html,158,tripadvisor_vn
Truc Lam Pagoda,Điểm thu hút khách tham quan & thắng cảnh • Địa điểm tôn giáo,Thua Thien Hue,https://www.tripadvisor.com.vn/Attraction_Review-g293926-d19924319-Reviews-Truc_Lam_Pagoda-Hue_Thua_Thien_Hue_Province.html,159,tripadvisor_vn
Hue Private Excursions,Chuyến tham quan nhiều ngày • Chuyến tham quan lịch sử & di sản,Thua Thien Hue,https://www.tripadvisor.com.vn/Attraction_Review-g293926-d6681870-Reviews-Hue_Private_Excursions-Hue_Thua_Thien_Hue_Province.html,160,tripadvisor_vn
Private Tours By Local Guides,Chuyến tham quan nhiều ngày • Taxi & xe đưa đón,Thua Thien Hue,https://www.tripadvisor.com.vn/Attraction_Review-g293926-d18957903-Reviews-Private_Tours_By_Local_Guides-Hue_Thua_Thien_Hue_Province.html,161,tripadvisor_vn
Coi Spa & massage Hue,Xưởng vẽ & làm đồ gốm,Thua Thien Hue,https://www.tripadvisor.com.vn/Attraction_Review-g293926-d16812903-Reviews-Coi_Spa_massage_Hue-Hue_Thua_Thien_Hue_Province.html,162,tripadvisor_vn
Cọ Spa,Spa,Thua Thien Hue,https://www.tripadvisor.com.vn/Attraction_Review-g293926-d17749772-Reviews-Co_Spa-Hue_Thua_Thien_Hue_Province.html,163,tripadvisor_vn
Sana Imperial Spa,Spa,Thua Thien Hue,https://www.tripadvisor.com.vn/Attraction_Review-g293926-d33342773-Reviews-Sana_Imperial_Spa-Hue_Thua_Thien_Hue_Province.html,164,tripadvisor_vn
Anh Spa & Massage,Spa,Thua Thien Hue,https://www.tripadvisor.com.vn/Attraction_Review-g293926-d28655422-Reviews-Anh_Spa_Massage-Hue_Thua_Thien_Hue_Province.html,165,tripadvisor_vn
Grace Garments,Cửa hàng đặc sản & cửa hàng quà tặng,Thua Thien Hue,https://www.tripadvisor.com.vn/Attraction_Review-g293926-d3913585-Reviews-Grace_Garments-Hue_Thua_Thien_Hue_Province.html,166,tripadvisor_vn
Đông Bar,Quán bar & câu lạc bộ • Câu lạc bộ khiêu vũ & vũ trường,Thua Thien Hue,https://www.tripadvisor.com.vn/Attraction_Review-g293926-d15232601-Reviews-Dong_Bar_Unlock_The_Vibes-Hue_Thua_Thien_Hue_Province.html,167,tripadvisor_vn
Chillax Spa,Spa,Thua Thien Hue,https://www.tripadvisor.com.vn/Attraction_Review-g293926-d27082011-Reviews-Chillax_Spa-Hue_Thua_Thien_Hue_Province.html,168,tripadvisor_vn
Style Motorbikes,Cho thuê tiện ích,Thua Thien Hue,https://www.tripadvisor.com.vn/Attraction_Review-g293926-d15243896-Reviews-Style_Motorbikes-Hue_Thua_Thien_Hue_Province.html,169,tripadvisor_vn
Phantom Barber Shop & Spa,Spa,Thua Thien Hue,https://www.tripadvisor.com.vn/Attraction_Review-g293926-d34103879-Reviews-Phantom_massage_relaxation-Hue_Thua_Thien_Hue_Province.html,170,tripadvisor_vn
Eva Hue Cooking Class,Lớp nấu ăn,Thua Thien Hue,https://www.tripadvisor.com.vn/Attraction_Review-g293926-d32806577-Reviews-Eva_Cooking_Class-Hue_Thua_Thien_Hue_Province.html,171,tripadvisor_vn
Ta Gallery,Cửa hàng đặc sản & cửa hàng quà tặng • Phòng trưng bày nghệ thuật,Thua Thien Hue,https://www.tripadvisor.com.vn/Attraction_Review-g293926-d19806838-Reviews-Ta_Gallery-Hue_Thua_Thien_Hue_Province.html,172,tripadvisor_vn
99% Cocktail Bar,Quán bar & câu lạc bộ • Quán bar rượu vang,Thua Thien Hue,https://www.tripadvisor.com.vn/Attraction_Review-g293926-d26612655-Reviews-99_Cocktail_Bar-Hue_Thua_Thien_Hue_Province.html,173,tripadvisor_vn
Hai Van Pass Motorbike Tour,Chuyến tham quan bằng mô tô,Thua Thien Hue,https://www.tripadvisor.com.vn/Attraction_Review-g293926-d17607054-Reviews-Hai_Van_Pass_Motorbike_Tour-Hue_Thua_Thien_Hue_Province.html,174,tripadvisor_vn
Dsadasd,Sân gôn,Thua Thien Hue,https://www.tripadvisor.com.vn/Attraction_Review-g293926-d25225370-Reviews-Dsadasd-Hue_Thua_Thien_Hue_Province.html,175,tripadvisor_vn
Golden E-Gaming Club,Sòng bạc,Thua Thien Hue,https://www.tripadvisor.com.vn/Attraction_Review-g293926-d34342954-Reviews-Golden_E_Gaming_Club-Hue_Thua_Thien_Hue_Province.html,177,tripadvisor_vn
TSM Tours,Tour thăm quan thành phố • Chuyến tham quan nhiều ngày,Thua Thien Hue,https://www.tripadvisor.com.vn/Attraction_Review-g293926-d16846725-Reviews-TSM_Tours-Hue_Thua_Thien_Hue_Province.html,178,tripadvisor_vn
Tiệm GIẶT - Laundry Express by Hue,Cửa hàng bách hóa,Thua Thien Hue,https://www.tripadvisor.com.vn/Attraction_Review-g293926-d34529540-Reviews-Ti_m_GI_T_Laundry_Express_by_Hue-Hue_Thua_Thien_Hue_Province.html,179,tripadvisor_vn
Hằng Spa,Spa,Thua Thien Hue,https://www.tripadvisor.com.vn/Attraction_Review-g293926-d25047491-Reviews-H_ng_Spa-Hue_Thua_Thien_Hue_Province.html,180,tripadvisor_vn
Hottuna Áo Quần Thiết Kế 2,Cửa hàng đặc sản & cửa hàng quà tặng,Thua Thien Hue,https://www.tripadvisor.com.vn/Attraction_Review-g293926-d15608591-Reviews-Hottuna_Handmade_Clothes_2-Hue_Thua_Thien_Hue_Province.html,181,tripadvisor_vn
Stone Massage in Hue,Spa,Thua Thien Hue,https://www.tripadvisor.com.vn/Attraction_Review-g293926-d26444989-Reviews-Stone_Massage_in_Hue-Hue_Thua_Thien_Hue_Province.html,182,tripadvisor_vn
Connect Travel,Tour thăm quan thành phố • Chuyến tham quan nhiều ngày,Thua Thien Hue,https://www.tripadvisor.com.vn/Attraction_Review-g293926-d17328550-Reviews-Connect_Travel-Hue_Thua_Thien_Hue_Province.html,183,tripadvisor_vn
Ely Spa,Spa • Spa nước nóng,Thua Thien Hue,https://www.tripadvisor.com.vn/Attraction_Review-g293926-d32736968-Reviews-Ely_Spa-Hue_Thua_Thien_Hue_Province.html,184,tripadvisor_vn
Healing Massage,Spa,Thua Thien Hue,https://www.tripadvisor.com.vn/Attraction_Review-g293926-d15044540-Reviews-Healing_Massage-Hue_Thua_Thien_Hue_Province.html,185,tripadvisor_vn
Hue Easy Rider,Tour thăm quan thành phố • Chuyến tham quan nhiều ngày,Thua Thien Hue,https://www.tripadvisor.com.vn/Attraction_Review-g293926-d1776805-Reviews-Hue_Easy_Rider-Hue_Thua_Thien_Hue_Province.html,186,tripadvisor_vn
Samtour Vietnam,Tour thăm quan thành phố • Chuyến tham quan văn hóa,Thua Thien Hue,https://www.tripadvisor.com.vn/Attraction_Review-g293926-d26357910-Reviews-Samtour_Vietnam-Hue_Thua_Thien_Hue_Province.html,187,tripadvisor_vn
Kenvin Motorbike,Cho thuê tiện ích,Thua Thien Hue,https://www.tripadvisor.com.vn/Attraction_Review-g293926-d33102634-Reviews-Kenvin_Motorbike-Hue_Thua_Thien_Hue_Province.html,188,tripadvisor_vn
Hura Cars,Taxi & xe đưa đón • Chuyến tham quan ngắm cảnh,Thua Thien Hue,https://www.tripadvisor.com.vn/Attraction_Review-g293926-d11948135-Reviews-Hura_Cars-Hue_Thua_Thien_Hue_Province.html,189,tripadvisor_vn
Hue Adventures - Motorbike & Jeep Tours,Tour thăm quan thành phố • Chuyến tham quan bằng mô tô,Thua Thien Hue,https://www.tripadvisor.com.vn/Attraction_Review-g293926-d1940202-Reviews-Hue_Adventures_Motorbike_Jeep_Tours-Hue_Thua_Thien_Hue_Province.html,190,tripadvisor_vn
BNT Travel,Tour thăm quan thành phố • Chuyến tham quan văn hóa,Thua Thien Hue,https://www.tripadvisor.com.vn/Attraction_Review-g293926-d12529956-Reviews-BNT_Travel-Hue_Thua_Thien_Hue_Province.html,191,tripadvisor_vn
Rong Viet Tattoo Studio,Cửa hàng đặc sản & cửa hàng quà tặng,Thua Thien Hue,https://www.tripadvisor.com.vn/Attraction_Review-g293926-d26987006-Reviews-Rong_Viet_Tattoo_Studio-Hue_Thua_Thien_Hue_Province.html,192,tripadvisor_vn
Hue Motorbike Tour,Tour thăm quan thành phố • Chuyến tham quan bằng mô tô,Thua Thien Hue,https://www.tripadvisor.com.vn/Attraction_Review-g293926-d4745396-Reviews-Hue_Motorbike_Tour-Hue_Thua_Thien_Hue_Province.html,193,tripadvisor_vn
Motorvina,Chuyến tham quan bằng mô tô • Cho thuê tiện ích,Thua Thien Hue,https://www.tripadvisor.com.vn/Attraction_Review-g293926-d4605194-Reviews-Motorvina-Hue_Thua_Thien_Hue_Province.html,194,tripadvisor_vn
Brisa Cubana - Latin Cocktail Bar,Quán bar & câu lạc bộ • Quầy bar xì gà,Thua Thien Hue,https://www.tripadvisor.com.vn/Attraction_Review-g293926-d34110249-Reviews-Brisa_Cubana-Hue_Thua_Thien_Hue_Province.html,195,tripadvisor_vn
Mr. Trung's DMZ Tour,Chuyến tham quan văn hóa,Thua Thien Hue,https://www.tripadvisor.com.vn/Attraction_Review-g293926-d2385443-Reviews-Mr_Trung_s_DMZ_Tour-Hue_Thua_Thien_Hue_Province.html,196,tripadvisor_vn
Hue Car Rental,Tour thăm quan thành phố • Chuyến tham quan văn hóa,Thua Thien Hue,https://www.tripadvisor.com.vn/Attraction_Review-g293926-d8321843-Reviews-Hue_Car_Rental-Hue_Thua_Thien_Hue_Province.html,197,tripadvisor_vn
Truong Sanh Palace,Di tích cổ,Thua Thien Hue,https://www.tripadvisor.com.vn/Attraction_Review-g293926-d34668074-Reviews-Truong_Sanh_Palace-Hue_Thua_Thien_Hue_Province.html,198,tripadvisor_vn
Jade Scene Spa & Massage,Spa,Thua Thien Hue,https://www.tripadvisor.com.vn/Attraction_Review-g293926-d25159800-Reviews-Jade_Scene_Spa_Massage-Hue_Thua_Thien_Hue_Province.html,199,tripadvisor_vn
Hue Friendly Cars,Tour thăm quan thành phố • Chuyến tham quan lịch sử & di sản,Thua Thien Hue,https://www.tripadvisor.com.vn/Attraction_Review-g293926-d11880518-Reviews-Hue_Friendly_Cars-Hue_Thua_Thien_Hue_Province.html,200,tripadvisor_vn
I Love Hue Tour,Tour thăm quan thành phố • Chuyến tham quan ban đêm,Thua Thien Hue,https://www.tripadvisor.com.vn/Attraction_Review-g293926-d7244873-Reviews-I_Love_Hue_Tour-Hue_Thua_Thien_Hue_Province.html,201,tripadvisor_vn
Thiệu Phương Garden,Vườn,Thua Thien Hue,https://www.tripadvisor.com.vn/Attraction_Review-g293926-d34671544-Reviews-Thi_u_Phuong_Garden-Hue_Thua_Thien_Hue_Province.html,202,tripadvisor_vn
Hue Riders,Chuyến tham quan nhiều ngày • Chuyến tham quan bằng mô tô,Thua Thien Hue,https://www.tripadvisor.com.vn/Attraction_Review-g293926-d1630636-Reviews-Hue_Riders-Hue_Thua_Thien_Hue_Province.html,203,tripadvisor_vn
Kimi Beauty Spa,Spa,Thua Thien Hue,https://www.tripadvisor.com.vn/Attraction_Review-g293926-d26125825-Reviews-Kimi_Beauty_Spa-Hue_Thua_Thien_Hue_Province.html,204,tripadvisor_vn
Xin Chao Spa,Spa,Thua Thien Hue,https://www.tripadvisor.com.vn/Attraction_Review-g293926-d27419668-Reviews-Xin_Chao_Spa-Hue_Thua_Thien_Hue_Province.html,206,tripadvisor_vn
Hue Free Walking Tours,Chuyến tham quan lịch sử & di sản • Cho thuê tiện ích,Thua Thien Hue,https://www.tripadvisor.com.vn/Attraction_Review-g293926-d28840904-Reviews-Hue_Free_Walking_Tours-Hue_Thua_Thien_Hue_Province.html,207,tripadvisor_vn
Hidden Land Travel,Chuyến tham quan bằng thuyền • Cho thuê tiện ích,Thua Thien Hue,https://www.tripadvisor.com.vn/Attraction_Review-g293926-d11657682-Reviews-Hidden_Land_Travel-Hue_Thua_Thien_Hue_Province.html,208,tripadvisor_vn
Bao La - Hidden Bar,Quán bar & câu lạc bộ,Thua Thien Hue,https://www.tripadvisor.com.vn/Attraction_Review-g293926-d34196415-Reviews-Bao_La_Hidden_Bar-Hue_Thua_Thien_Hue_Province.html,209,tripadvisor_vn
Dịch Vụ Cho Thuê Xe Máy Đồng Xanh,Cho thuê tiện ích,Thua Thien Hue,https://www.tripadvisor.com.vn/Attraction_Review-g293926-d15232418-Reviews-Dong_Xanh_Motorbikes_For_Rent-Hue_Thua_Thien_Hue_Province.html,210,tripadvisor_vn
BMotorTour,Chuyến tham quan nhiều ngày • Chuyến tham quan bằng mô tô,Thua Thien Hue,https://www.tripadvisor.com.vn/Attraction_Review-g293926-d12598220-Reviews-B_MotorTour-Hue_Thua_Thien_Hue_Province.html,211,tripadvisor_vn
Dien Tho Residence,Địa điểm lịch sử,Thua Thien Hue,https://www.tripadvisor.com.vn/Attraction_Review-g293926-d34651088-Reviews-Dien_Tho_Residence-Hue_Thua_Thien_Hue_Province.html,212,tripadvisor_vn
Explore Vietnam,Tour thăm quan thành phố • Chuyến tham quan nhiều ngày,Thua Thien Hue,https://www.tripadvisor.com.vn/Attraction_Review-g293926-d24102735-Reviews-Explore_Vietnam-Hue_Thua_Thien_Hue_Province.html,213,tripadvisor_vn
Sline Sky Bar,Quán bar & câu lạc bộ,Thua Thien Hue,https://www.tripadvisor.com.vn/Attraction_Review-g293926-d33067907-Reviews-Sline_Sky_Bar-Hue_Thua_Thien_Hue_Province.html,214,tripadvisor_vn
Villa Hue Cooking Class,Lớp nấu ăn,Thua Thien Hue,https://www.tripadvisor.com.vn/Attraction_Review-g293926-d2671608-Reviews-Villa_Hue_Cooking_Class-Hue_Thua_Thien_Hue_Province.html,215,tripadvisor_vn
Thu Ngan Spa Center,Spa,Thua Thien Hue,https://www.tripadvisor.com.vn/Attraction_Review-g293926-d27732266-Reviews-Thu_Ngan_Spa_Center-Hue_Thua_Thien_Hue_Province.html,216,tripadvisor_vn
Hue Private Car Journeys,Tour thăm quan thành phố • Taxi & xe đưa đón,Thua Thien Hue,https://www.tripadvisor.com.vn/Attraction_Review-g293926-d19113784-Reviews-Hue_Private_Car_Journeys-Hue_Thua_Thien_Hue_Province.html,217,tripadvisor_vn
Lavender Spa,Spa,Thua Thien Hue,https://www.tripadvisor.com.vn/Attraction_Review-g293926-d8181264-Reviews-Lavender_Spa-Hue_Thua_Thien_Hue_Province.html,218,tripadvisor_vn
NyNy Beauty Spa,Spa,Thua Thien Hue,https://www.tripadvisor.com.vn/Attraction_Review-g293926-d17450620-Reviews-NyNy_Beauty_Spa-Hue_Thua_Thien_Hue_Province.html,219,tripadvisor_vn
Hue Flavor - Street Food Tour,Chuyến tham quan ẩm thực,Thua Thien Hue,https://www.tripadvisor.com.vn/Attraction_Review-g293926-d6123357-Reviews-Hue_Flavor_Street_Food_Tour-Hue_Thua_Thien_Hue_Province.html,220,tripadvisor_vn
Dacsankinhdo,Cửa hàng đặc sản & cửa hàng quà tặng,Thua Thien Hue,https://www.tripadvisor.com.vn/Attraction_Review-g293926-d32998287-Reviews-Dacsankinhdo-Hue_Thua_Thien_Hue_Province.html,221,tripadvisor_vn
Moonshine Spa,Spa,Thua Thien Hue,https://www.tripadvisor.com.vn/Attraction_Review-g293926-d12162497-Reviews-Moonshine_Spa-Hue_Thua_Thien_Hue_Province.html,222,tripadvisor_vn
Vietnam Legacy Tours,Tour thăm quan thành phố • Chuyến tham quan lịch sử & di sản,Thua Thien Hue,https://www.tripadvisor.com.vn/Attraction_Review-g293926-d19241873-Reviews-Vietnam_Legacy_Tours-Hue_Thua_Thien_Hue_Province.html,223,tripadvisor_vn
Hạc Spa,Spa,Thua Thien Hue,https://www.tripadvisor.com.vn/Attraction_Review-g293926-d27718537-Reviews-H_c_Spa-Hue_Thua_Thien_Hue_Province.html,224,tripadvisor_vn
Rintage Clothing,Cửa hàng đặc sản & cửa hàng quà tặng,Thua Thien Hue,https://www.tripadvisor.com.vn/Attraction_Review-g293926-d24044438-Reviews-Rintage_Clothing-Hue_Thua_Thien_Hue_Province.html,225,tripadvisor_vn
Nghe ca Huế trên sông Hương,Nhà hát & biểu diễn,Thua Thien Hue,https://www.tripadvisor.com.vn/Attraction_Review-g293926-d26637441-Reviews-Nghe_ca_Hu_tren_song_Huong-Hue_Thua_Thien_Hue_Province.html,226,tripadvisor_vn
Hue Silk,Cửa hàng đặc sản & cửa hàng quà tặng,Thua Thien Hue,https://www.tripadvisor.com.vn/Attraction_Review-g293926-d11547840-Reviews-Hue_Silk-Hue_Thua_Thien_Hue_Province.html,227,tripadvisor_vn
HTH Hue Travel,Tour thăm quan thành phố • Chuyến tham quan nhiều ngày,Thua Thien Hue,https://www.tripadvisor.com.vn/Attraction_Review-g293926-d12276530-Reviews-HTH_Hue_Travel-Hue_Thua_Thien_Hue_Province.html,228,tripadvisor_vn
Celeb Spa - Foot & Body Massage,Spa,Thua Thien Hue,https://www.tripadvisor.com.vn/Attraction_Review-g293926-d25316550-Reviews-Celeb_Spa_Foot_Body_Massage-Hue_Thua_Thien_Hue_Province.html,229,tripadvisor_vn
Bar.tauu - Speakeasy: Cocktail & Coffee,Quán bar & câu lạc bộ • Quầy bar Blues,Thua Thien Hue,https://www.tripadvisor.com.vn/Attraction_Review-g293926-d34278549-Reviews-Bar_tauu_Speakeasy_Cocktail_Coffee-Hue_Thua_Thien_Hue_Province.html,230,tripadvisor_vn
Nhà Màu,Cửa hàng đặc sản & cửa hàng quà tặng,Thua Thien Hue,https://www.tripadvisor.com.vn/Attraction_Review-g293926-d17284850-Reviews-Color_2hand-Hue_Thua_Thien_Hue_Province.html,231,tripadvisor_vn
Xoa Spa,Spa,Thua Thien Hue,https://www.tripadvisor.com.vn/Attraction_Review-g293926-d24927620-Reviews-Xoa_Spa-Hue_Thua_Thien_Hue_Province.html,232,tripadvisor_vn
Aura - Mixology & Karaoke,Quán bar & câu lạc bộ • Quầy bar karaoke,Thua Thien Hue,https://www.tripadvisor.com.vn/Attraction_Review-g293926-d33055439-Reviews-Hi_Fi_K_Room-Hue_Thua_Thien_Hue_Province.html,233,tripadvisor_vn
Hoàng Hoà Spa Massage Huế,Spa,Thua Thien Hue,https://www.tripadvisor.com.vn/Attraction_Review-g293926-d25135857-Reviews-Hoang_Hoa_Spa_Massage_Hue-Hue_Thua_Thien_Hue_Province.html,234,tripadvisor_vn
Ngự thuyền by Hueritage,Chuyến tham quan văn hóa • Chuyến tham quan lịch sử & di sản,Thua Thien Hue,https://www.tripadvisor.com.vn/Attraction_Review-g293926-d34422751-Reviews-Ng_thuy_n_by_Hueritage-Hue_Thua_Thien_Hue_Province.html,235,tripadvisor_vn
Công ty TNHH thương mại & du lịch Nụ Cười Huế,Tour thăm quan thành phố • Chuyến tham quan văn hóa,Thua Thien Hue,https://www.tripadvisor.com.vn/Attraction_Review-g293926-d10044290-Reviews-Hue_Smile_Travel-Hue_Thua_Thien_Hue_Province.html,236,tripadvisor_vn
TiredCity 22 Phạm Ngũ Lão,Cửa hàng đặc sản & cửa hàng quà tặng,Thua Thien Hue,https://www.tripadvisor.com.vn/Attraction_Review-g293926-d33301064-Reviews-TiredCity_22_Ph_m_Ngu_Lao-Hue_Thua_Thien_Hue_Province.html,237,tripadvisor_vn
Harp Spa,Spa,Thua Thien Hue,https://www.tripadvisor.com.vn/Attraction_Review-g293926-d2637269-Reviews-Harp_Spa-Hue_Thua_Thien_Hue_Province.html,238,tripadvisor_vn
TT Lin Beauty,Spa,Thua Thien Hue,https://www.tripadvisor.com.vn/Attraction_Review-g293926-d17750733-Reviews-TT_Lin_Beauty-Hue_Thua_Thien_Hue_Province.html,239,tripadvisor_vn
Pure Silk,Cửa hàng đặc sản & cửa hàng quà tặng,Thua Thien Hue,https://www.tripadvisor.com.vn/Attraction_Review-g293926-d5777191-Reviews-Pure_Silk-Hue_Thua_Thien_Hue_Province.html,240,tripadvisor_vn
Angel Spa,Spa,Thua Thien Hue,https://www.tripadvisor.com.vn/Attraction_Review-g293926-d32978773-Reviews-Angel_Spa-Hue_Thua_Thien_Hue_Province.html,241,tripadvisor_vn
Trấn Văn Thính Tours,Tour thăm quan thành phố • Chuyến tham quan bằng mô tô,Thua Thien Hue,https://www.tripadvisor.com.vn/Attraction_Review-g293926-d10844358-Reviews-Tran_Van_Thinh_Tours-Hue_Thua_Thien_Hue_Province.html,242,tripadvisor_vn
Bánh Cung Đình Nguyễn Triều,Cửa hàng đặc sản & cửa hàng quà tặng,Thua Thien Hue,https://www.tripadvisor.com.vn/Attraction_Review-g293926-d13859610-Reviews-Banh_Cung_Dinh_Nguyen_Trieu-Hue_Thua_Thien_Hue_Province.html,243,tripadvisor_vn
Hue Cooking Class,Chuyến tham quan văn hóa • Buổi học & hội thảo,Thua Thien Hue,https://www.tripadvisor.com.vn/Attraction_Review-g293926-d7950988-Reviews-Hue_Cooking_Class-Hue_Thua_Thien_Hue_Province.html,244,tripadvisor_vn
Moonlight Nails and Spa,Spa,Thua Thien Hue,https://www.tripadvisor.com.vn/Attraction_Review-g293926-d34668718-Reviews-Moonlight_Nails_and_Spa-Hue_Thua_Thien_Hue_Province.html,245,tripadvisor_vn
Tour From Hue,"Tour thăm quan thành phố • Chuyến tham quan bằng xe 4WD, ATV & xe địa hình",Thua Thien Hue,https://www.tripadvisor.com.vn/Attraction_Review-g293926-d5461696-Reviews-Tour_From_Hue-Hue_Thua_Thien_Hue_Province.html,246,tripadvisor_vn
Hue Private Transfers,Chuyến tham quan lịch sử & di sản • Taxi & xe đưa đón,Thua Thien Hue,https://www.tripadvisor.com.vn/Attraction_Review-g293926-d8300268-Reviews-Hue_Private_Transfers-Hue_Thua_Thien_Hue_Province.html,247,tripadvisor_vn
Your My Local Tours,Chuyến tham quan bằng mô tô • Chuyến tham quan tự nhiên & động vật hoang dã,Thua Thien Hue,https://www.tripadvisor.com.vn/Attraction_Review-g293926-d15198174-Reviews-Your_My_Local_Tours-Hue_Thua_Thien_Hue_Province.html,248,tripadvisor_vn
Cong Jeep Adventures,"Tour thăm quan thành phố • Chuyến tham quan bằng xe 4WD, ATV & xe địa hình",Thua Thien Hue,https://www.tripadvisor.com.vn/Attraction_Review-g293926-d12698659-Reviews-Cong_Jeep_Adventures-Hue_Thua_Thien_Hue_Province.html,249,tripadvisor_vn
TNT Travel,Tour thăm quan thành phố • Chuyến tham quan bằng xe buýt,Thua Thien Hue,https://www.tripadvisor.com.vn/Attraction_Review-g293926-d7982130-Reviews-TNT_Travel-Hue_Thua_Thien_Hue_Province.html,250,tripadvisor_vn
Backstreet Academy Hue,Buổi học & hội thảo • Lớp nấu ăn,Thua Thien Hue,https://www.tripadvisor.com.vn/Attraction_Review-g293926-d10433445-Reviews-Backstreet_Academy_Hue-Hue_Thua_Thien_Hue_Province.html,251,tripadvisor_vn
Eco Nature Travel,Chuyến tham quan sinh thái • Chuyến tham quan ngắm cảnh,Thua Thien Hue,https://www.tripadvisor.com.vn/Attraction_Review-g293926-d2706805-Reviews-Eco_Nature_Travel-Hue_Thua_Thien_Hue_Province.html,252,tripadvisor_vn
Thẩm mỹ viện Thiên Ân,Spa,Thua Thien Hue,https://www.tripadvisor.com.vn/Attraction_Review-g293926-d25192465-Reviews-Th_m_m_vi_n_Thien_An-Hue_Thua_Thien_Hue_Province.html,253,tripadvisor_vn
Bbarber Shop Huế,Điểm thu hút khách tham quan & thắng cảnh • Spa,Thua Thien Hue,https://www.tripadvisor.com.vn/Attraction_Review-g293926-d33962071-Reviews-Bbarber_Shop_Hu-Hue_Thua_Thien_Hue_Province.html,254,tripadvisor_vn
Câu Lạc Bộ Thể Hình Fitness Club,Câu lạc bộ sức khỏe,Thua Thien Hue,https://www.tripadvisor.com.vn/Attraction_Review-g293926-d12874657-Reviews-117_Nguyen_Hue_Fitness_Club_Gym_Kick_Boxing-Hue_Thua_Thien_Hue_Province.html,255,tripadvisor_vn
The Scarlett Spa,Spa,Thua Thien Hue,https://www.tripadvisor.com.vn/Attraction_Review-g293926-d11660623-Reviews-The_Scarlett_Spa-Hue_Thua_Thien_Hue_Province.html,256,tripadvisor_vn
Boat Tour Huế - Dinner Cruise on the Perfume River,Chuyến tham quan văn hóa • Chuyến tham quan lịch sử & di sản,Thua Thien Hue,https://www.tripadvisor.com.vn/Attraction_Review-g293926-d32746166-Reviews-Boat_Tour_Hu_Dinner_Cruise_on_the_Perfume_River-Hue_Thua_Thien_Hue_Province.html,257,tripadvisor_vn
Hai Van pass motorcycle tour,Chuyến tham quan nhiều ngày • Chuyến tham quan vượt hẻm núi & tuột núi,Thua Thien Hue,https://www.tripadvisor.com.vn/Attraction_Review-g293926-d25438778-Reviews-Hai_Van_pass_motorcycle_tour-Hue_Thua_Thien_Hue_Province.html,258,tripadvisor_vn
Canh Duong Beach Camp,Cửa hàng đặc sản & cửa hàng quà tặng,Thua Thien Hue,https://www.tripadvisor.com.vn/Attraction_Review-g293926-d12455372-Reviews-Canh_Duong_Beach_Camp-Hue_Thua_Thien_Hue_Province.html,259,tripadvisor_vn
King Beauty,Spa,Thua Thien Hue,https://www.tripadvisor.com.vn/Attraction_Review-g293926-d27674544-Reviews-King_Beauty-Hue_Thua_Thien_Hue_Province.html,260,tripadvisor_vn
Viet Pearl,Cửa hàng đặc sản & cửa hàng quà tặng,Thua Thien Hue,https://www.tripadvisor.com.vn/Attraction_Review-g293926-d25235573-Reviews-Viet_Pearl-Hue_Thua_Thien_Hue_Province.html,261,tripadvisor_vn
IVIETNAM TRAVEL,Chuyến tham quan bằng xe đạp • Chuyến tham quan đi dạo,Thua Thien Hue,https://www.tripadvisor.com.vn/Attraction_Review-g293926-d26103148-Reviews-IVIETNAM_TRAVEL-Hue_Thua_Thien_Hue_Province.html,262,tripadvisor_vn
Thien Friendly Hotel,Trò chơi giải thoát,Thua Thien Hue,https://www.tripadvisor.com.vn/Attraction_Review-g293926-d20313351-Reviews-Thien_Friendly_Hotel-Hue_Thua_Thien_Hue_Province.html,263,tripadvisor_vn
Coffee Making Class,Lớp nấu ăn,Thua Thien Hue,https://www.tripadvisor.com.vn/Attraction_Review-g293926-d32851851-Reviews-Coffee_Making_Class-Hue_Thua_Thien_Hue_Province.html,264,tripadvisor_vn
Chase Sun Car Advisor,Taxi & xe đưa đón,Thua Thien Hue,https://www.tripadvisor.com.vn/Attraction_Review-g293926-d19276264-Reviews-Chase_Sun_Car_Advisor-Hue_Thua_Thien_Hue_Province.html,265,tripadvisor_vn
Sophie Club,Quán bar & câu lạc bộ,Thua Thien Hue,https://www.tripadvisor.com.vn/Attraction_Review-g293926-d27656077-Reviews-Sophie_Club-Hue_Thua_Thien_Hue_Province.html,266,tripadvisor_vn
Culture Pham Travel,Tour thăm quan thành phố • Chuyến tham quan văn hóa,Thua Thien Hue,https://www.tripadvisor.com.vn/Attraction_Review-g293926-d19068359-Reviews-Culture_Pham_Travel-Hue_Thua_Thien_Hue_Province.html,267,tripadvisor_vn
Camellia Massage,Spa,Thua Thien Hue,https://www.tripadvisor.com.vn/Attraction_Review-g293926-d3752862-Reviews-Camellia_Massage-Hue_Thua_Thien_Hue_Province.html,268,tripadvisor_vn
Hue Local Tour,Chuyến tham quan bằng mô tô • Chuyến tham quan ẩm thực,Thua Thien Hue,https://www.tripadvisor.com.vn/Attraction_Review-g293926-d14011384-Reviews-Hue_Local_Tour-Hue_Thua_Thien_Hue_Province.html,269,tripadvisor_vn
Nail Art By Sapphire,Đang mở cửa,Thua Thien Hue,https://www.tripadvisor.com.vn/Attraction_Review-g293926-d25359615-Reviews-Nail_art_by_Sapphire-Hue_Thua_Thien_Hue_Province.html,270,tripadvisor_vn
Hai Van Pass Riders,Chuyến tham quan bằng mô tô,Thua Thien Hue,https://www.tripadvisor.com.vn/Attraction_Review-g293926-d33036869-Reviews-Hai_Van_Pass_Riders-Hue_Thua_Thien_Hue_Province.html,271,tripadvisor_vn
Let's Hue - Local Buddies,Tour thăm quan thành phố • Chuyến tham quan lịch sử & di sản,Thua Thien Hue,https://www.tripadvisor.com.vn/Attraction_Review-g293926-d11947607-Reviews-Let_s_Hue_Local_Buddies-Hue_Thua_Thien_Hue_Province.html,272,tripadvisor_vn
Hue Royal Show,Nhà hát & biểu diễn,Thua Thien Hue,https://www.tripadvisor.com.vn/Attraction_Review-g293926-d12035510-Reviews-Hue_Royal_Show-Hue_Thua_Thien_Hue_Province.html,273,tripadvisor_vn
King Sneaker Store,Cửa hàng đặc sản & cửa hàng quà tặng,Thua Thien Hue,https://www.tripadvisor.com.vn/Attraction_Review-g293926-d17455414-Reviews-King_Sneaker_Store-Hue_Thua_Thien_Hue_Province.html,274,tripadvisor_vn
NHÂN tailor,Cửa hàng đặc sản & cửa hàng quà tặng,Thua Thien Hue,https://www.tripadvisor.com.vn/Attraction_Review-g293926-d12881476-Reviews-NHAN_tailor-Hue_Thua_Thien_Hue_Province.html,275,tripadvisor_vn
Jin Yoga,Yoga & pilate,Thua Thien Hue,https://www.tripadvisor.com.vn/Attraction_Review-g293926-d27466981-Reviews-Jin_Yoga-Hue_Thua_Thien_Hue_Province.html,277,tripadvisor_vn
Phong Nha Locals Travel & Transport,Tour thăm quan thành phố • Chuyến tham quan nhiều ngày,Thua Thien Hue,https://www.tripadvisor.com.vn/Attraction_Review-g293926-d25314314-Reviews-Phong_Nha_Locals_Travel_Transport-Hue_Thua_Thien_Hue_Province.html,278,tripadvisor_vn
Binh Minh Rider,Tour thăm quan thành phố • Chuyến tham quan nhiều ngày,Thua Thien Hue,https://www.tripadvisor.com.vn/Attraction_Review-g293926-d18923428-Reviews-Binh_Minh_Rider-Hue_Thua_Thien_Hue_Province.html,279,tripadvisor_vn
Huế Kangaroo Tour,Chuyến tham quan bằng mô tô,Thua Thien Hue,https://www.tripadvisor.com.vn/Attraction_Review-g293926-d2097429-Reviews-Hue_Kangaroo_Tour-Hue_Thua_Thien_Hue_Province.html,280,tripadvisor_vn
Sạp Nghệ,Cửa hàng đặc sản & cửa hàng quà tặng,Thua Thien Hue,https://www.tripadvisor.com.vn/Attraction_Review-g293926-d32976774-Reviews-S_p_Ngh-Hue_Thua_Thien_Hue_Province.html,281,tripadvisor_vn
Daisy Nails & Spa,Spa,Thua Thien Hue,https://www.tripadvisor.com.vn/Attraction_Review-g293926-d15028581-Reviews-Daisy_Nails_Spa-Hue_Thua_Thien_Hue_Province.html,282,tripadvisor_vn
Vkstar,Nhà hát & biểu diễn,Thua Thien Hue,https://www.tripadvisor.com.vn/Attraction_Review-g293926-d10840121-Reviews-Vkstar-Hue_Thua_Thien_Hue_Province.html,283,tripadvisor_vn
Sala Healing Spa,Spa,Thua Thien Hue,https://www.tripadvisor.com.vn/Attraction_Review-g293926-d32902615-Reviews-Sala_Healing_Spa-Hue_Thua_Thien_Hue_Province.html,284,tripadvisor_vn
Midtown Massage & Sauna,Spa,Thua Thien Hue,https://www.tripadvisor.com.vn/Attraction_Review-g293926-d33061889-Reviews-Midtown_Massage_Sauna-Hue_Thua_Thien_Hue_Province.html,285,tripadvisor_vn
BT Spa,Spa,Thua Thien Hue,https://www.tripadvisor.com.vn/Attraction_Review-g293926-d19259824-Reviews-BT_Spa-Hue_Thua_Thien_Hue_Province.html,286,tripadvisor_vn
Taxi Mai Linh,Taxi & xe đưa đón,Thua Thien Hue,https://www.tripadvisor.com.vn/Attraction_Review-g293926-d14199528-Reviews-Taxi_Mai_Linh-Hue_Thua_Thien_Hue_Province.html,287,tripadvisor_vn
Moon River Cruises,Chuyến tham quan bằng thuyền • Chuyến tham quan ẩm thực,Thua Thien Hue,https://www.tripadvisor.com.vn/Attraction_Review-g293926-d25547636-Reviews-Moon_River_Cruises-Hue_Thua_Thien_Hue_Province.html,288,tripadvisor_vn
Brothers Travel,Chèo xuồng & ngồi phao trên sông • Chuyến tham quan cà phê & trà,Thua Thien Hue,https://www.tripadvisor.com.vn/Attraction_Review-g293926-d32785729-Reviews-Brothers_Travel-Hue_Thua_Thien_Hue_Province.html,289,tripadvisor_vn
Vespa Adventures,Chuyến tham quan văn hóa • Chuyến tham quan ban đêm,Thua Thien Hue,https://www.tripadvisor.com.vn/Attraction_Review-g293926-d11488960-Reviews-Vespa_Adventures-Hue_Thua_Thien_Hue_Province.html,290,tripadvisor_vn
Marumi wine shop,Cửa hàng đặc sản & cửa hàng quà tặng,Thua Thien Hue,https://www.tripadvisor.com.vn/Attraction_Review-g293926-d25380560-Reviews-Marumi_wine_shop-Hue_Thua_Thien_Hue_Province.html,291,tripadvisor_vn
Amazing Easy Riders,Chuyến tham quan bằng mô tô • Cho thuê tiện ích,Thua Thien Hue,https://www.tripadvisor.com.vn/Attraction_Review-g293926-d14155354-Reviews-Amazing_Easy_Riders-Hue_Thua_Thien_Hue_Province.html,292,tripadvisor_vn
Hue Happy Travel,Chuyến tham quan lịch sử & di sản • Taxi & xe đưa đón,Thua Thien Hue,https://www.tripadvisor.com.vn/Attraction_Review-g293926-d18723356-Reviews-Hue_Happy_Travel-Hue_Thua_Thien_Hue_Province.html,293,tripadvisor_vn
Cửa tiệm Tinh dầu Huế - Liên Minh Xanh,Xưởng vẽ & làm đồ gốm,Thua Thien Hue,https://www.tripadvisor.com.vn/Attraction_Review-g293926-d19420589-Reviews-C_a_ti_m_Tinh_d_u_Hu_Lien_Minh_Xanh-Hue_Thua_Thien_Hue_Province.html,294,tripadvisor_vn
Phantom men's Spa & Relaxation,Spa,Thua Thien Hue,https://www.tripadvisor.com.vn/Attraction_Review-g293926-d34103895-Reviews-Phantom_men_s_Spa_Relaxation-Hue_Thua_Thien_Hue_Province.html,295,tripadvisor_vn
Moonday Spa,Spa,Thua Thien Hue,https://www.tripadvisor.com.vn/Attraction_Review-g293926-d6956920-Reviews-Moonday_Spa-Hue_Thua_Thien_Hue_Province.html,296,tripadvisor_vn
Private Car Hue,Taxi & xe đưa đón,Thua Thien Hue,https://www.tripadvisor.com.vn/Attraction_Review-g293926-d14080654-Reviews-Private_Car_Hue-Hue_Thua_Thien_Hue_Province.html,297,tripadvisor_vn
Hue Travel Cars,Taxi & xe đưa đón,Thua Thien Hue,https://www.tripadvisor.com.vn/Attraction_Review-g293926-d34222888-Reviews-Hue_Travel_Cars-Hue_Thua_Thien_Hue_Province.html,298,tripadvisor_vn
The Number 10 Pub,Quán bar & câu lạc bộ,Thua Thien Hue,https://www.tripadvisor.com.vn/Attraction_Review-g293926-d33335440-Reviews-The_Number_10_Pub-Hue_Thua_Thien_Hue_Province.html,299,tripadvisor_vn
Deluxe Group Tours,Tour thăm quan thành phố • Chuyến tham quan bằng xe đạp,Thua Thien Hue,https://www.tripadvisor.com.vn/Attraction_Review-g293926-d4509232-Reviews-Deluxe_Group_Tours-Hue_Thua_Thien_Hue_Province.html,300,tripadvisor_vn
Hue Inn Side Out Cooking Class,Lớp nấu ăn • Chuyến tham quan ẩm thực,Thua Thien Hue,https://www.tripadvisor.com.vn/Attraction_Review-g293926-d8631010-Reviews-Hue_Inn_Side_Out_Cooking_Class-Hue_Thua_Thien_Hue_Province.html,301,tripadvisor_vn
Hue To Go Tours,Chuyến tham quan lịch sử & di sản • Chuyến tham quan bằng mô tô,Thua Thien Hue,https://www.tripadvisor.com.vn/Attraction_Review-g293926-d1940215-Reviews-Hue_To_Go_Tours-Hue_Thua_Thien_Hue_Province.html,302,tripadvisor_vn
Highlight tattoo,Spa,Thua Thien Hue,https://www.tripadvisor.com.vn/Attraction_Review-g293926-d27132946-Reviews-Highlight_tattoo-Hue_Thua_Thien_Hue_Province.html,303,tripadvisor_vn
Hue Private Drivers,Tour thăm quan thành phố • Chuyến tham quan nhiều ngày,Thua Thien Hue,https://www.tripadvisor.com.vn/Attraction_Review-g293926-d20031917-Reviews-Hue_Private_Drivers-Hue_Thua_Thien_Hue_Province.html,304,tripadvisor_vn
Susu Mountain Bike Rental,Cho thuê tiện ích,Thua Thien Hue,https://www.tripadvisor.com.vn/Attraction_Review-g293926-d33312254-Reviews-Susu_Mountain_Bike_Rental-Hue_Thua_Thien_Hue_Province.html,305,tripadvisor_vn
Ngoc Trang Travel,Taxi & xe đưa đón,Thua Thien Hue,https://www.tripadvisor.com.vn/Attraction_Review-g293926-d25236463-Reviews-Ngoc_Trang_Travel-Hue_Thua_Thien_Hue_Province.html,306,tripadvisor_vn
GlobalTix Pte Ltd,Trò chơi giải thoát,Thua Thien Hue,https://www.tripadvisor.com.vn/Attraction_Review-g293926-d33374645-Reviews-GlobalTix_Pte_Ltd-Hue_Thua_Thien_Hue_Province.html,307,tripadvisor_vn
Hue Transfer Service,Taxi & xe đưa đón,Thua Thien Hue,https://www.tripadvisor.com.vn/Attraction_Review-g293926-d12387664-Reviews-Hue_Transfer_Service-Hue_Thua_Thien_Hue_Province.html,308,tripadvisor_vn
Bee Bee Travel,Tour thăm quan thành phố • Chuyến tham quan văn hóa,Thua Thien Hue,https://www.tripadvisor.com.vn/Attraction_Review-g293926-d9738860-Reviews-Bee_Bee_Travel-Hue_Thua_Thien_Hue_Province.html,309,tripadvisor_vn
Hue Happy Car - Private Tours And Transfers,Chuyến tham quan văn hóa • Chuyến tham quan lịch sử & di sản,Thua Thien Hue,https://www.tripadvisor.com.vn/Attraction_Review-g293926-d6487681-Reviews-Hue_Happy_Car_Private_Tours_And_Transfers-Hue_Thua_Thien_Hue_Province.html,310,tripadvisor_vn
Cabbage Can Fly Pub Crawl,Quán bar & câu lạc bộ,Thua Thien Hue,https://www.tripadvisor.com.vn/Attraction_Review-g293926-d11536233-Reviews-Cabbage_Can_Fly_Pub_Crawl-Hue_Thua_Thien_Hue_Province.html,311,tripadvisor_vn
Waterland Restaurant Cooking Class,Lớp nấu ăn,Thua Thien Hue,https://www.tripadvisor.com.vn/Attraction_Review-g293926-d2407155-Reviews-Waterland_Restaurant_Cooking_Class-Hue_Thua_Thien_Hue_Province.html,312,tripadvisor_vn
Thai Y Duong Wellness Spa,Spa,Thua Thien Hue,https://www.tripadvisor.com.vn/Attraction_Review-g293926-d32908376-Reviews-Thai_Y_Duong_Wellness_Spa-Hue_Thua_Thien_Hue_Province.html,313,tripadvisor_vn
Tâm An Wellness,Spa,Thua Thien Hue,https://www.tripadvisor.com.vn/Attraction_Review-g293926-d33070189-Reviews-Tam_An_Spa_Massage-Hue_Thua_Thien_Hue_Province.html,314,tripadvisor_vn
Hue Fighter,Câu lạc bộ sức khỏe,Thua Thien Hue,https://www.tripadvisor.com.vn/Attraction_Review-g293926-d20829358-Reviews-Hue_Fighter-Hue_Thua_Thien_Hue_Province.html,315,tripadvisor_vn
Specialties Showroom,Cửa hàng đặc sản & cửa hàng quà tặng,Thua Thien Hue,https://www.tripadvisor.com.vn/Attraction_Review-g293926-d25228561-Reviews-Specialties_Showroom-Hue_Thua_Thien_Hue_Province.html,316,tripadvisor_vn
Easy Rider Lit,Chuyến tham quan nhiều ngày • Chuyến tham quan bằng mô tô,Thua Thien Hue,https://www.tripadvisor.com.vn/Attraction_Review-g293926-d32828901-Reviews-Easy_Rider_Lit-Hue_Thua_Thien_Hue_Province.html,317,tripadvisor_vn
Khu du lịch YesHue Eco - Thác Mơ Nam Đông,Chuyến tham quan tư nhân • Chuyến đi trong ngày,Thua Thien Hue,https://www.tripadvisor.com.vn/Attraction_Review-g293926-d20342054-Reviews-Khu_du_l_ch_YesHue_Eco_Thac_Mo_Nam_Dong-Hue_Thua_Thien_Hue_Province.html,318,tripadvisor_vn
Mè Xửng Thiên Hương,Cửa hàng đặc sản & cửa hàng quà tặng,Thua Thien Hue,https://www.tripadvisor.com.vn/Attraction_Review-g293926-d17749737-Reviews-Me_Xung_Thien_Huong-Hue_Thua_Thien_Hue_Province.html,319,tripadvisor_vn
M Travel,Spa,Thua Thien Hue,https://www.tripadvisor.com.vn/Attraction_Review-g293926-d34077664-Reviews-M_Travel-Hue_Thua_Thien_Hue_Province.html,320,tripadvisor_vn
Gold Silk Fashion,Cửa hàng đặc sản & cửa hàng quà tặng,Thua Thien Hue,https://www.tripadvisor.com.vn/Attraction_Review-g293926-d6594421-Reviews-Gold_Silk_Fashion-Hue_Thua_Thien_Hue_Province.html,321,tripadvisor_vn
Gem's Rider,Cho thuê tiện ích,Thua Thien Hue,https://www.tripadvisor.com.vn/Attraction_Review-g293926-d15089927-Reviews-Gem_s_Rider-Hue_Thua_Thien_Hue_Province.html,322,tripadvisor_vn
Casa Luna Spa & Hostel,Spa,Thua Thien Hue,https://www.tripadvisor.com.vn/Attraction_Review-g293926-d34476347-Reviews-Casa_Luna_Spa_Hostel-Hue_Thua_Thien_Hue_Province.html,323,tripadvisor_vn
Viet Nam Motor Trail,Chuyến tham quan ngắm cảnh,Thua Thien Hue,https://www.tripadvisor.com.vn/Attraction_Review-g293926-d3610204-Reviews-Viet_Nam_Motor_Trail-Hue_Thua_Thien_Hue_Province.html,324,tripadvisor_vn
Điệu Phương Spa,Spa,Thua Thien Hue,https://www.tripadvisor.com.vn/Attraction_Review-g293926-d26834926-Reviews-Di_u_Phuong_Spa-Hue_Thua_Thien_Hue_Province.html,325,tripadvisor_vn
Kenkou Body & Foot Massage,Spa,Thua Thien Hue,https://www.tripadvisor.com.vn/Attraction_Review-g293926-d27461082-Reviews-Kenkou_Body_Foot_Massage-Hue_Thua_Thien_Hue_Province.html,326,tripadvisor_vn
Vincharm Spa,Spa,Thua Thien Hue,https://www.tripadvisor.com.vn/Attraction_Review-g293926-d17386173-Reviews-Vincharm_Spa-Hue_Thua_Thien_Hue_Province.html,327,tripadvisor_vn
1984,Trò chơi giải thoát,Thua Thien Hue,https://www.tripadvisor.com.vn/Attraction_Review-g293926-d19275491-Reviews-1984-Hue_Thua_Thien_Hue_Province.html,328,tripadvisor_vn
Hue Private Taxi,Taxi & xe đưa đón,Thua Thien Hue,https://www.tripadvisor.com.vn/Attraction_Review-g293926-d25852508-Reviews-Hue_Private_Taxi-Hue_Thua_Thien_Hue_Province.html,329,tripadvisor_vn
Di Nhien Tra That,Cửa hàng đặc sản & cửa hàng quà tặng,Thua Thien Hue,https://www.tripadvisor.com.vn/Attraction_Review-g293926-d24156337-Reviews-Di_Nhien_Tra_That-Hue_Thua_Thien_Hue_Province.html,330,tripadvisor_vn
Thuê Xe Máy Huế,Cho thuê tiện ích,Thua Thien Hue,https://www.tripadvisor.com.vn/Attraction_Review-g293926-d14802089-Reviews-Thue_Xe_May_Hue-Hue_Thua_Thien_Hue_Province.html,331,tripadvisor_vn
Lâm’s Travel,Tour thăm quan thành phố • Chuyến tham quan văn hóa,Thua Thien Hue,https://www.tripadvisor.com.vn/Attraction_Review-g293926-d6649198-Reviews-Lam_s_Travel_Private_Day_Tours-Hue_Thua_Thien_Hue_Province.html,332,tripadvisor_vn
Hue Tours,Tour thăm quan thành phố • Chuyến tham quan bằng thuyền,Thua Thien Hue,https://www.tripadvisor.com.vn/Attraction_Review-g293926-d8532718-Reviews-Hue_Tours-Hue_Thua_Thien_Hue_Province.html,333,tripadvisor_vn
Mè Xững Nam Thuận,Cửa hàng đặc sản & cửa hàng quà tặng,Thua Thien Hue,https://www.tripadvisor.com.vn/Attraction_Review-g293926-d12918647-Reviews-Nam_Thuan-Hue_Thua_Thien_Hue_Province.html,334,tripadvisor_vn
Hội - A cultural destination,Cửa hàng đặc sản & cửa hàng quà tặng • Phòng trưng bày nghệ thuật,Thua Thien Hue,https://www.tripadvisor.com.vn/Attraction_Review-g293926-d34162406-Reviews-H_i_A_cultural_destination-Hue_Thua_Thien_Hue_Province.html,335,tripadvisor_vn
Michael Barber Shop,Spa,Thua Thien Hue,https://www.tripadvisor.com.vn/Attraction_Review-g293926-d33411359-Reviews-Michael_Barber_Shop-Hue_Thua_Thien_Hue_Province.html,336,tripadvisor_vn
DMZ Easy Rider,"Tour thăm quan thành phố • Chuyến tham quan bằng xe 4WD, ATV & xe địa hình",Thua Thien Hue,https://www.tripadvisor.com.vn/Attraction_Review-g293926-d2228339-Reviews-DMZ_Easy_Rider-Hue_Thua_Thien_Hue_Province.html,338,tripadvisor_vn
MANGO TRAVEL VIETNAM,Tour thăm quan thành phố • Chuyến tham quan văn hóa,Thua Thien Hue,https://www.tripadvisor.com.vn/Attraction_Review-g293926-d27952732-Reviews-MANGO_TRAVEL_VIETNAM-Hue_Thua_Thien_Hue_Province.html,339,tripadvisor_vn
Hue Locals Tours,Xưởng vẽ & làm đồ gốm • Lớp nấu ăn,Thua Thien Hue,https://www.tripadvisor.com.vn/Attraction_Review-g293926-d27489022-Reviews-Hue_Locals_Tours-Hue_Thua_Thien_Hue_Province.html,340,tripadvisor_vn
Backpackers Riders,Chuyến tham quan bằng mô tô,Thua Thien Hue,https://www.tripadvisor.com.vn/Attraction_Review-g293926-d25929584-Reviews-Backpackers_Riders-Hue_Thua_Thien_Hue_Province.html,341,tripadvisor_vn
Vietnam Catholic Tours,Tour thăm quan thành phố • Địa điểm lịch sử,Thua Thien Hue,https://www.tripadvisor.com.vn/Attraction_Review-g293926-d12926625-Reviews-Vietnam_Catholic_Tours-Hue_Thua_Thien_Hue_Province.html,342,tripadvisor_vn
RESTOUR,Chuyến tham quan nhiều ngày • Chuyến tham quan ngắm cảnh,Thua Thien Hue,https://www.tripadvisor.com.vn/Attraction_Review-g293926-d16657120-Reviews-RESTOUR-Hue_Thua_Thien_Hue_Province.html,343,tripadvisor_vn
May Massage & Spa,Spa,Thua Thien Hue,https://www.tripadvisor.com.vn/Attraction_Review-g293926-d23061567-Reviews-May_Spa-Hue_Thua_Thien_Hue_Province.html,344,tripadvisor_vn
Hue Private Cars,Tour thăm quan thành phố • Taxi & xe đưa đón,Thua Thien Hue,https://www.tripadvisor.com.vn/Attraction_Review-g293926-d10000648-Reviews-Hue_Private_Cars-Hue_Thua_Thien_Hue_Province.html,345,tripadvisor_vn
Trider Adventure Motorbike Tours,Tour thăm quan thành phố • Chuyến tham quan bằng thuyền,Thua Thien Hue,https://www.tripadvisor.com.vn/Attraction_Review-g293926-d12453921-Reviews-Trider_Adventure_Motorbike_Tours-Hue_Thua_Thien_Hue_Province.html,346,tripadvisor_vn
Hue's Tour & Bus,Dịch vụ xe buýt,Thua Thien Hue,https://www.tripadvisor.com.vn/Attraction_Review-g293926-d11612037-Reviews-Hue_Tours_Bus-Hue_Thua_Thien_Hue_Province.html,347,tripadvisor_vn
Hue Sweet Travel,Taxi & xe đưa đón • Chuyến tham quan bằng mô tô,Thua Thien Hue,https://www.tripadvisor.com.vn/Attraction_Review-g293926-d25467730-Reviews-Hue_Sweet_Travel-Hue_Thua_Thien_Hue_Province.html,348,tripadvisor_vn
HueDanangtravelcars - Private car with english speaking driver,Taxi & xe đưa đón • Chuyến tham quan tư nhân,Thua Thien Hue,https://www.tripadvisor.com.vn/Attraction_Review-g293926-d25342767-Reviews-HueDanangtravelcars_Private_car_with_english_speaking_driver-Hue_Thua_Thien_Hue_.html,349,tripadvisor_vn
Bạch Mã Daily Tours,Tour thăm quan thành phố • Chuyến tham quan leo núi,Thua Thien Hue,https://www.tripadvisor.com.vn/Attraction_Review-g293926-d12670057-Reviews-Bach_Ma_Daily_Tours-Hue_Thua_Thien_Hue_Province.html,350,tripadvisor_vn
Ben Xuan Garden House Dinner Theatre,Rạp hát kiêm nhà hàng,Thua Thien Hue,https://www.tripadvisor.com.vn/Attraction_Review-g293926-d33270237-Reviews-Ben_Xuan_Garden_House_Dinner_Theatre-Hue_Thua_Thien_Hue_Province.html,351,tripadvisor_vn
Lăng Gia Long,Chuyến tham quan lịch sử & di sản,Thua Thien Hue,https://www.tripadvisor.com.vn/Attraction_Review-g293926-d10795126-Reviews-Gia_Long_Tomb-Hue_Thua_Thien_Hue_Province.html,352,tripadvisor_vn
Anne Nails,Spa,Thua Thien Hue,https://www.tripadvisor.com.vn/Attraction_Review-g293926-d33016306-Reviews-Anne_Nails-Hue_Thua_Thien_Hue_Province.html,353,tripadvisor_vn
Bbarber Shop,Spa,Thua Thien Hue,https://www.tripadvisor.com.vn/Attraction_Review-g293926-d25000166-Reviews-Bbarbershop-Hue_Thua_Thien_Hue_Province.html,354,tripadvisor_vn
Hue Freedom Riders,Chuyến tham quan nhiều ngày • Chuyến tham quan bằng mô tô,Thua Thien Hue,https://www.tripadvisor.com.vn/Attraction_Review-g293926-d2046064-Reviews-Hue_Freedom_Riders-Hue_Thua_Thien_Hue_Province.html,355,tripadvisor_vn
Dr Nhi Nguyen Beauty Center,Spa,Thua Thien Hue,https://www.tripadvisor.com.vn/Attraction_Review-g293926-d25049283-Reviews-Dr_Nhi_Nguyen_Beauty_Center-Hue_Thua_Thien_Hue_Province.html,356,tripadvisor_vn
King Classic Menswear,Cửa hàng đặc sản & cửa hàng quà tặng,Thua Thien Hue,https://www.tripadvisor.com.vn/Attraction_Review-g293926-d25350053-Reviews-KING_CLASSIC_MENSWEAR-Hue_Thua_Thien_Hue_Province.html,357,tripadvisor_vn
Tiệm Xăm Hình Huế - Đồng Đăng Tattoo,Cửa hàng đặc sản & cửa hàng quà tặng,Thua Thien Hue,https://www.tripadvisor.com.vn/Attraction_Review-g293926-d27926481-Reviews-Ti_m_Xam_Hinh_Hu_D_ng_Dang_Tattoo-Hue_Thua_Thien_Hue_Province.html,358,tripadvisor_vn
An An Spa,Spa,Thua Thien Hue,https://www.tripadvisor.com.vn/Attraction_Review-g293926-d15089267-Reviews-An_An_Spa-Hue_Thua_Thien_Hue_Province.html,359,tripadvisor_vn
Hue Private Car,Taxi & xe đưa đón,Thua Thien Hue,https://www.tripadvisor.com.vn/Attraction_Review-g293926-d13530031-Reviews-Hue_Private_Car-Hue_Thua_Thien_Hue_Province.html,360,tripadvisor_vn
hue food advisor,Chuyến tham quan ẩm thực,Thua Thien Hue,https://www.tripadvisor.com.vn/Attraction_Review-g293926-d19888453-Reviews-Hue_food_advisor-Hue_Thua_Thien_Hue_Province.html,361,tripadvisor_vn
Viaridevietnam,Dịch vụ xe buýt,Thua Thien Hue,https://www.tripadvisor.com.vn/Attraction_Review-g293926-d34156652-Reviews-Viaridevietnam-Hue_Thua_Thien_Hue_Province.html,362,tripadvisor_vn
John's Tour Hue,Tour thăm quan thành phố • Chuyến tham quan ngắm cảnh,Thua Thien Hue,https://www.tripadvisor.com.vn/Attraction_Review-g293926-d32997195-Reviews-John_s_Tour-Hue_Thua_Thien_Hue_Province.html,363,tripadvisor_vn
Bui Travel,Chuyến tham quan nhiều ngày • Chuyến tham quan bằng xe đạp,Thua Thien Hue,https://www.tripadvisor.com.vn/Attraction_Review-g293926-d27951996-Reviews-Bui_Travel-Hue_Thua_Thien_Hue_Province.html,364,tripadvisor_vn
MP Travel,Taxi & xe đưa đón,Thua Thien Hue,https://www.tripadvisor.com.vn/Attraction_Review-g293926-d14089956-Reviews-MP_Travel-Hue_Thua_Thien_Hue_Province.html,365,tripadvisor_vn
Slow Travel Hue,Chuyến tham quan văn hóa • Chuyến tham quan bằng xe đạp,Thua Thien Hue,https://www.tripadvisor.com.vn/Attraction_Review-g293926-d12965752-Reviews-Slow_Travel_Hue-Hue_Thua_Thien_Hue_Province.html,366,tripadvisor_vn
Hue Student Tour,Tour thăm quan thành phố • Chuyến tham quan văn hóa,Thua Thien Hue,https://www.tripadvisor.com.vn/Attraction_Review-g293926-d17347481-Reviews-Hue_Student_Tour-Hue_Thua_Thien_Hue_Province.html,367,tripadvisor_vn
Hue Driving Tours,Tour thăm quan thành phố • Chuyến tham quan nhiều ngày,Thua Thien Hue,https://www.tripadvisor.com.vn/Attraction_Review-g293926-d14108994-Reviews-Hue_Driving_Tours-Hue_Thua_Thien_Hue_Province.html,368,tripadvisor_vn
Abandoned Water Park,Chuyến tham quan nhiều ngày • Taxi & xe đưa đón,Thua Thien Hue,https://www.tripadvisor.com.vn/Attraction_Review-g293926-d19331061-Reviews-Abandoned_Water_Park-Hue_Thua_Thien_Hue_Province.html,369,tripadvisor_vn
Hue Airport Pick Up,Taxi & xe đưa đón,Thua Thien Hue,https://www.tripadvisor.com.vn/Attraction_Review-g293926-d25562270-Reviews-Hue_Airport_Pick_Up-Hue_Thua_Thien_Hue_Province.html,370,tripadvisor_vn
Senna Spa,Chuyến tham quan tư nhân,Thua Thien Hue,https://www.tripadvisor.com.vn/Attraction_Review-g293926-d20288806-Reviews-Senna_Spa-Hue_Thua_Thien_Hue_Province.html,371,tripadvisor_vn
Hue Motorbike Adventure - Day Tours,Chuyến tham quan bằng mô tô • Cho thuê tiện ích,Thua Thien Hue,https://www.tripadvisor.com.vn/Attraction_Review-g293926-d5854207-Reviews-Hue_Motorbike_Adventure_Day_Tours-Hue_Thua_Thien_Hue_Province.html,372,tripadvisor_vn
Trải Nghiệm Làm Gốm Cùng Người Địa Phương,Xưởng vẽ & làm đồ gốm,Thua Thien Hue,https://www.tripadvisor.com.vn/Attraction_Review-g293926-d34365095-Reviews-Tr_i_Nghi_m_Lam_G_m_Cung_Ngu_i_D_a_Phuong-Hue_Thua_Thien_Hue_Province.html,373,tripadvisor_vn
Hue Local Friend Tour,Tour thăm quan thành phố • Chuyến tham quan lịch sử & di sản,Thua Thien Hue,https://www.tripadvisor.com.vn/Attraction_Review-g293926-d33594972-Reviews-Hue_Local_Friend_Tour-Hue_Thua_Thien_Hue_Province.html,374,tripadvisor_vn
Little Hue Travel,Tour thăm quan thành phố • Chuyến tham quan lịch sử & di sản,Thua Thien Hue,https://www.tripadvisor.com.vn/Attraction_Review-g293926-d8091030-Reviews-Little_Hue_Travel-Hue_Thua_Thien_Hue_Province.html,375,tripadvisor_vn
Hoang Thi Anh Thu,Lớp nấu ăn,Thua Thien Hue,https://www.tripadvisor.com.vn/Attraction_Review-g293926-d17734634-Reviews-Hoang_Thi_Anh_Thu-Hue_Thua_Thien_Hue_Province.html,376,tripadvisor_vn
Vietland Adventures,Tour thăm quan thành phố • Chuyến tham quan bằng mô tô,Thua Thien Hue,https://www.tripadvisor.com.vn/Attraction_Review-g293926-d11443675-Reviews-Vietland_Adventures-Hue_Thua_Thien_Hue_Province.html,377,tripadvisor_vn
Tri Easy Riders - Day Tour,Chuyến tham quan ngắm cảnh,Thua Thien Hue,https://www.tripadvisor.com.vn/Attraction_Review-g293926-d2198128-Reviews-Tri_Easy_Riders_Day_Tour-Hue_Thua_Thien_Hue_Province.html,378,tripadvisor_vn
Local Motorbike Tours,Chuyến đi trong ngày,Thua Thien Hue,https://www.tripadvisor.com.vn/Attraction_Review-g293926-d24070626-Reviews-Local_Motorbike_Tours-Hue_Thua_Thien_Hue_Province.html,379,tripadvisor_vn
Dmz Private Tour,"Chuyến tham quan nhiều ngày • Chuyến tham quan bằng xe 4WD, ATV & xe địa hình",Thua Thien Hue,https://www.tripadvisor.com.vn/Attraction_Review-g293926-d19281794-Reviews-Dmz_Private_Tour-Hue_Thua_Thien_Hue_Province.html,380,tripadvisor_vn
Hue Tour,Chuyến tham quan nhiều ngày • Chuyến tham quan tư nhân,Thua Thien Hue,https://www.tripadvisor.com.vn/Attraction_Review-g293926-d19281005-Reviews-Hue_Tour-Hue_Thua_Thien_Hue_Province.html,381,tripadvisor_vn
Hue Driver,Tour thăm quan thành phố • Chuyến tham quan nhiều ngày,Thua Thien Hue,https://www.tripadvisor.com.vn/Attraction_Review-g293926-d15521767-Reviews-Hue_Driver-Hue_Thua_Thien_Hue_Province.html,382,tripadvisor_vn
Vietnam Tribal Trails,"Chuyến tham quan bằng xe 4WD, ATV & xe địa hình • Chuyến tham quan leo núi",Thua Thien Hue,https://www.tripadvisor.com.vn/Attraction_Review-g293926-d34087498-Reviews-Vietnam_Tribal_Trails-Hue_Thua_Thien_Hue_Province.html,383,tripadvisor_vn
Motorbike On Trail Vietnam,Chuyến tham quan nhiều ngày • Chuyến tham quan bằng mô tô,Thua Thien Hue,https://www.tripadvisor.com.vn/Attraction_Review-g293926-d12965831-Reviews-Motorbike_On_Trail_Vietnam-Hue_Thua_Thien_Hue_Province.html,384,tripadvisor_vn
Vietnam Tours For Australians Company,Chuyến tham quan văn hóa • Chuyến tham quan bằng mô tô,Thua Thien Hue,https://www.tripadvisor.com.vn/Attraction_Review-g293926-d12874219-Reviews-Vietnam_Tours_For_Australians_Company-Hue_Thua_Thien_Hue_Province.html,385,tripadvisor_vn
"The Spa, Alba Spa Hotel",Xưởng vẽ & làm đồ gốm • Chuyến tham quan tư nhân,Thua Thien Hue,https://www.tripadvisor.com.vn/Attraction_Review-g293926-d28140538-Reviews-The_Spa_Alba_Spa_Hotel-Hue_Thua_Thien_Hue_Province.html,386,tripadvisor_vn
SALA - Thuy Xuan Incense Village,Cửa hàng đặc sản & cửa hàng quà tặng,Thua Thien Hue,https://www.tripadvisor.com.vn/Attraction_Review-g293926-d34324545-Reviews-SALA_Thuy_Xuan_Incense_Village-Hue_Thua_Thien_Hue_Province.html,388,tripadvisor_vn
Hue Food Tour,Chuyến tham quan ẩm thực,Thua Thien Hue,https://www.tripadvisor.com.vn/Attraction_Review-g293926-d18933931-Reviews-Hue_Food_Tour-Hue_Thua_Thien_Hue_Province.html,389,tripadvisor_vn
Thanh Long Tourist Car Hue - Hoi An,Chuyến tham quan ngắm cảnh,Thua Thien Hue,https://www.tripadvisor.com.vn/Attraction_Review-g293926-d32983593-Reviews-Thanh_Long_Tourist_Car-Hue_Thua_Thien_Hue_Province.html,390,tripadvisor_vn
Cafe On Thu Wheels,Chuyến tham quan ngắm cảnh,Thua Thien Hue,https://www.tripadvisor.com.vn/Attraction_Review-g293926-d1391967-Reviews-Cafe_On_Thu_Wheels-Hue_Thua_Thien_Hue_Province.html,391,tripadvisor_vn
Nhà Vườn Bội Trân,Phòng trưng bày nghệ thuật • Chuyến tham quan văn hóa,Thua Thien Hue,https://www.tripadvisor.com.vn/Attraction_Review-g293926-d16754745-Reviews-Boi_Tran_Garden-Hue_Thua_Thien_Hue_Province.html,392,tripadvisor_vn
Hue let’s go - day tours,Taxi & xe đưa đón • Chuyến tham quan bằng mô tô,Thua Thien Hue,https://www.tripadvisor.com.vn/Attraction_Review-g293926-d19281066-Reviews-Hue_let_s_go_day_tours-Hue_Thua_Thien_Hue_Province.html,393,tripadvisor_vn
Hue Friendly Tours,Tour thăm quan thành phố • Chuyến tham quan bằng xe đạp,Thua Thien Hue,https://www.tripadvisor.com.vn/Attraction_Review-g293926-d6982560-Reviews-Hue_Friendly_Tours-Hue_Thua_Thien_Hue_Province.html,394,tripadvisor_vn
HGH Travel,Tour thăm quan thành phố • Chuyến tham quan văn hóa,Thua Thien Hue,https://www.tripadvisor.com.vn/Attraction_Review-g293926-d8262330-Reviews-HGH_Travel-Hue_Thua_Thien_Hue_Province.html,395,tripadvisor_vn
Tom’s Barber shop hue,Chuyến tham quan cảm giác mạnh & mạo hiểm • Taxi & xe đưa đón,Thua Thien Hue,https://www.tripadvisor.com.vn/Attraction_Review-g293926-d19794374-Reviews-Tom_s_Barber_shop_hue-Hue_Thua_Thien_Hue_Province.html,397,tripadvisor_vn
Công ty TNHH Du lịch Tự hào Việt Nam,Tour thăm quan thành phố • Chuyến tham quan nhiều ngày,Thua Thien Hue,https://www.tripadvisor.com.vn/Attraction_Review-g293926-d11548228-Reviews-Proud_Vietnam_Travel-Hue_Thua_Thien_Hue_Province.html,398,tripadvisor_vn
Vietnam Locals Travel & Transport,Tour thăm quan thành phố • Chuyến tham quan nhiều ngày,Thua Thien Hue,https://www.tripadvisor.com.vn/Attraction_Review-g293926-d15746253-Reviews-Vietnam_Locals_Travel_Transport-Hue_Thua_Thien_Hue_Province.html,399,tripadvisor_vn
Local Hue Travel,Tour thăm quan thành phố • Chuyến tham quan bằng thuyền,Thua Thien Hue,https://www.tripadvisor.com.vn/Attraction_Review-g293926-d8290661-Reviews-Local_Hue_Travel-Hue_Thua_Thien_Hue_Province.html,400,tripadvisor_vn
Adventures Travel Vietnam,Tour thăm quan thành phố • Chuyến tham quan lịch sử & di sản,Thua Thien Hue,https://www.tripadvisor.com.vn/Attraction_Review-g293926-d8093996-Reviews-Adventures_Travel_Vietnam-Hue_Thua_Thien_Hue_Province.html,401,tripadvisor_vn
Jeep You UP,Tour thăm quan thành phố • Chuyến tham quan văn hóa,Thua Thien Hue,https://www.tripadvisor.com.vn/Attraction_Review-g293926-d12925332-Reviews-Jeep_You_UP-Hue_Thua_Thien_Hue_Province.html,402,tripadvisor_vn
Công Ty Cổ Phần và Đào Tạo Dịch Vụ Du Lịch Huế,Tour thăm quan thành phố • Chuyến tham quan bằng thuyền,Thua Thien Hue,https://www.tripadvisor.com.vn/Attraction_Review-g293926-d7073508-Reviews-Hue_Tourist-Hue_Thua_Thien_Hue_Province.html,403,tripadvisor_vn
Hue Booking Tour,Tour thăm quan thành phố • Chuyến tham quan lịch sử & di sản,Thua Thien Hue,https://www.tripadvisor.com.vn/Attraction_Review-g293926-d8445287-Reviews-Hue_Booking_Tour-Hue_Thua_Thien_Hue_Province.html,404,tripadvisor_vn
Le Gia Travel,Taxi & xe đưa đón • Chuyến tham quan bằng xe đạp,Thua Thien Hue,https://www.tripadvisor.com.vn/Attraction_Review-g293926-d18769541-Reviews-Le_Gia_Travel-Hue_Thua_Thien_Hue_Province.html,405,tripadvisor_vn
Du Lịch Con Voi,Tour thăm quan thành phố • Chuyến tham quan lịch sử & di sản,Thua Thien Hue,https://www.tripadvisor.com.vn/Attraction_Review-g293926-d15327432-Reviews-Elephant_Travel-Hue_Thua_Thien_Hue_Province.html,407,tripadvisor_vn
Du Lịch Đom Đóm,Tour thăm quan thành phố • Chuyến tham quan nhiều ngày,Thua Thien Hue,https://www.tripadvisor.com.vn/Attraction_Review-g293926-d12269088-Reviews-Firefly_Travel_Vietnam-Hue_Thua_Thien_Hue_Province.html,408,tripadvisor_vn
Khanh Driver,Tour thăm quan thành phố • Chuyến tham quan nhiều ngày,Thua Thien Hue,https://www.tripadvisor.com.vn/Attraction_Review-g293926-d15292524-Reviews-Khanh_Driver-Hue_Thua_Thien_Hue_Province.html,409,tripadvisor_vn
Vi Da Xua,Chuyến tham quan cà phê & trà,Thua Thien Hue,https://www.tripadvisor.com.vn/Attraction_Review-g293926-d8046862-Reviews-Vi_Da_Xua-Hue_Thua_Thien_Hue_Province.html,410,tripadvisor_vn
HRS Cruise - Huong River Services,Taxi & xe đưa đón • Chuyến tham quan bằng thuyền,Thua Thien Hue,https://www.tripadvisor.com.vn/Attraction_Review-g293926-d15597889-Reviews-HRS_Cruise_Huong_River_Services-Hue_Thua_Thien_Hue_Province.html,411,tripadvisor_vn
Hue Urban Adventures,Tour thăm quan thành phố • Chuyến tham quan bằng mô tô,Thua Thien Hue,https://www.tripadvisor.com.vn/Attraction_Review-g293926-d1950106-Reviews-Hue_Urban_Adventures-Hue_Thua_Thien_Hue_Province.html,412,tripadvisor_vn
Hue Top Gear,Tour thăm quan thành phố • Chuyến tham quan nhiều ngày,Thua Thien Hue,https://www.tripadvisor.com.vn/Attraction_Review-g293926-d26528272-Reviews-Hue_Top_Gear-Hue_Thua_Thien_Hue_Province.html,413,tripadvisor_vn
Viet Orchid Travel,Chuyến tham quan ngắm cảnh,Thua Thien Hue,https://www.tripadvisor.com.vn/Attraction_Review-g293926-d32846198-Reviews-Viet_Orchid_Travel-Hue_Thua_Thien_Hue_Province.html,414,tripadvisor_vn
Vietnam Bike Tours,Chuyến tham quan bằng xe đạp • Cho thuê tiện ích,Thua Thien Hue,https://www.tripadvisor.com.vn/Attraction_Review-g293926-d8772778-Reviews-Vietnam_Bike_Tours-Hue_Thua_Thien_Hue_Province.html,415,tripadvisor_vn
FA Transport Services,Tour thăm quan thành phố • Chuyến tham quan lịch sử & di sản,Thua Thien Hue,https://www.tripadvisor.com.vn/Attraction_Review-g293926-d14086726-Reviews-FA_Transport_Services-Hue_Thua_Thien_Hue_Province.html,416,tripadvisor_vn
Hue Grit Tour,Tour thăm quan thành phố • Chuyến tham quan văn hóa,Thua Thien Hue,https://www.tripadvisor.com.vn/Attraction_Review-g293926-d14014975-Reviews-Hue_Grit_Tour-Hue_Thua_Thien_Hue_Province.html,417,tripadvisor_vn
Asia Impression Travel,Tour thăm quan thành phố • Chuyến tham quan văn hóa,Thua Thien Hue,https://www.tripadvisor.com.vn/Attraction_Review-g293926-d8291540-Reviews-Asia_Impression_Travel-Hue_Thua_Thien_Hue_Province.html,418,tripadvisor_vn
Victory Travel,Tour thăm quan thành phố • Chuyến tham quan nhiều ngày,Thua Thien Hue,https://www.tripadvisor.com.vn/Attraction_Review-g293926-d25325382-Reviews-Victory_Travel-Hue_Thua_Thien_Hue_Province.html,419,tripadvisor_vn
De Nhat Massage,Spa,Thua Thien Hue,https://www.tripadvisor.com.vn/Attraction_Review-g293926-d2511742-Reviews-De_Nhat_Massage-Hue_Thua_Thien_Hue_Province.html,421,tripadvisor_vn
Hue Car Transfers & Tours,Taxi & xe đưa đón • Chuyến tham quan bằng thuyền,Thua Thien Hue,https://www.tripadvisor.com.vn/Attraction_Review-g293926-d11893936-Reviews-Hue_Car_Transfers_Tours-Hue_Thua_Thien_Hue_Province.html,422,tripadvisor_vn
Vietnam Car Rentals With Driver,Chuyến tham quan nhiều ngày • Taxi & xe đưa đón,Thua Thien Hue,https://www.tripadvisor.com.vn/Attraction_Review-g293926-d24043323-Reviews-Vietnam_Car_Rentals_With_Driver-Hue_Thua_Thien_Hue_Province.html,423,tripadvisor_vn
Hue Photo Tours,Taxi & xe đưa đón • Chuyến tham quan ngắm cảnh,Thua Thien Hue,https://www.tripadvisor.com.vn/Attraction_Review-g293926-d2198099-Reviews-Hue_Photo_Tours-Hue_Thua_Thien_Hue_Province.html,424,tripadvisor_vn
Vietnam Easy rider - Khanh,Chuyến tham quan bằng mô tô • Chuyến tham quan tư nhân,Thua Thien Hue,https://www.tripadvisor.com.vn/Attraction_Review-g293926-d17440435-Reviews-Vietnam_Easy_rider_Khanh-Hue_Thua_Thien_Hue_Province.html,425,tripadvisor_vn
La Chu Village Adventures,Chuyến tham quan sinh thái • Chuyến tham quan tự nhiên & động vật hoang dã,Thua Thien Hue,https://www.tripadvisor.com.vn/Attraction_Review-g293926-d28913266-Reviews-La_Chu_Village_Adventures-Hue_Thua_Thien_Hue_Province.html,426,tripadvisor_vn
Hue Explores,Taxi & xe đưa đón • Chuyến tham quan bằng xe đạp,Thua Thien Hue,https://www.tripadvisor.com.vn/Attraction_Review-g293926-d17591483-Reviews-Hue_Explores-Hue_Thua_Thien_Hue_Province.html,427,tripadvisor_vn
Xe điện du lịch Thuý Nga,Chuyến tham quan lịch sử & di sản • Taxi & xe đưa đón,Thua Thien Hue,https://www.tripadvisor.com.vn/Attraction_Review-g293926-d27153275-Reviews-Xe_di_n_du_l_ch_Thuy_Nga-Hue_Thua_Thien_Hue_Province.html,428,tripadvisor_vn
Green Travel Viet,Tour thăm quan thành phố • Chuyến tham quan văn hóa,Thua Thien Hue,https://www.tripadvisor.com.vn/Attraction_Review-g293926-d8647348-Reviews-Green_Travel_Viet-Hue_Thua_Thien_Hue_Province.html,429,tripadvisor_vn
Viet Orchid Travel Co. Ltd.,Tour thăm quan thành phố • Chuyến tham quan ngắm cảnh,Thua Thien Hue,https://www.tripadvisor.com.vn/Attraction_Review-g293926-d12590781-Reviews-Viet_Orchid_Travel_Co_Ltd-Hue_Thua_Thien_Hue_Province.html,430,tripadvisor_vn
Indochina Odyssey Tours - Hue Day Tours,Tour thăm quan thành phố • Chuyến tham quan ngắm cảnh,Thua Thien Hue,https://www.tripadvisor.com.vn/Attraction_Review-g293926-d8773699-Reviews-Indochina_Odyssey_Tours_Hue_Day_Tours-Hue_Thua_Thien_Hue_Province.html,431,tripadvisor_vn
Luna - Hue Easy Rider,Chuyến tham quan bằng mô tô • Chuyến tham quan ngắm cảnh,Thua Thien Hue,https://www.tripadvisor.com.vn/Attraction_Review-g293926-d34241291-Reviews-Luna_Hue_Easy_Rider-Hue_Thua_Thien_Hue_Province.html,432,tripadvisor_vn
Hoi An Express Travel - Hue branch,Chuyến tham quan nhiều ngày • Taxi & xe đưa đón,Thua Thien Hue,https://www.tripadvisor.com.vn/Attraction_Review-g293926-d33046026-Reviews-Hoi_An_Express_Travel_Hue_branch-Hue_Thua_Thien_Hue_Province.html,433,tripadvisor_vn
Off Beaten Track VietNam,Chuyến tham quan văn hóa • Buổi học & hội thảo,Thua Thien Hue,https://www.tripadvisor.com.vn/Attraction_Review-g293926-d33324492-Reviews-Off_Beaten_Track_VietNam-Hue_Thua_Thien_Hue_Province.html,434,tripadvisor_vn
Cho Thuê Sup Huế - Hue Smile Sup,Chèo thuyền kayak & chèo xuồng,Thua Thien Hue,https://www.tripadvisor.com.vn/Attraction_Review-g293926-d27535871-Reviews-Cho_Thue_Sup_Hu_Hue_Smile_Sup-Hue_Thua_Thien_Hue_Province.html,435,tripadvisor_vn
VM Travel Hoi An,Taxi & xe đưa đón • Chuyến tham quan tự hướng dẫn & cho thuê,Thua Thien Hue,https://www.tripadvisor.com.vn/Attraction_Review-g293926-d25786326-Reviews-VM_Travel_Hoi_An-Hue_Thua_Thien_Hue_Province.html,436,tripadvisor_vn
Exotic Travel Vietnam,Tour thăm quan thành phố • Chuyến tham quan lịch sử & di sản,Thua Thien Hue,https://www.tripadvisor.com.vn/Attraction_Review-g293926-d12549465-Reviews-Exotic_Travel_Vietnam-Hue_Thua_Thien_Hue_Province.html,437,tripadvisor_vn
Tuan Motorbikes Rental,Chuyến tham quan bằng mô tô,Thua Thien Hue,https://www.tripadvisor.com.vn/Attraction_Review-g293926-d28804106-Reviews-Tuan_Motorbikes_Rental-Hue_Thua_Thien_Hue_Province.html,438,tripadvisor_vn
Vietnam Legend Travel,Chuyến tham quan nhiều ngày • Chuyến tham quan cảm giác mạnh & mạo hiểm,Thua Thien Hue,https://www.tripadvisor.com.vn/Attraction_Review-g293926-d33800314-Reviews-Vietnam_Legend_Travel-Hue_Thua_Thien_Hue_Province.html,439,tripadvisor_vn
Hue City Private Tour and Transfer Services,"Chuyến tham quan bằng xe 4WD, ATV & xe địa hình • Taxi & xe đưa đón",Thua Thien Hue,https://www.tripadvisor.com.vn/Attraction_Review-g293926-d19176088-Reviews-Hue_City_Private_Tour_and_Transfer_Services-Hue_Thua_Thien_Hue_Province.html,440,tripadvisor_vn
Hue Backpacker Tours - Day Tours,Tour thăm quan thành phố • Chuyến tham quan ngắm cảnh,Thua Thien Hue,https://www.tripadvisor.com.vn/Attraction_Review-g293926-d7065653-Reviews-Hue_Backpacker_Tours_Day_Tours-Hue_Thua_Thien_Hue_Province.html,441,tripadvisor_vn
Tour hue-hoian,Chuyến tham quan ngắm cảnh,Thua Thien Hue,https://www.tripadvisor.com.vn/Attraction_Review-g293926-d33565598-Reviews-Tour_hue_hoian-Hue_Thua_Thien_Hue_Province.html,442,tripadvisor_vn
Cong Travel,"Chuyến tham quan văn hóa • Chuyến tham quan bằng xe 4WD, ATV & xe địa hình",Thua Thien Hue,https://www.tripadvisor.com.vn/Attraction_Review-g293926-d13412579-Reviews-Cong_Travel-Hue_Thua_Thien_Hue_Province.html,443,tripadvisor_vn
VN DAYTRIP - Vietnam Tour Travel,Chuyến tham quan nhiều ngày • Taxi & xe đưa đón,Thua Thien Hue,https://www.tripadvisor.com.vn/Attraction_Review-g293926-d32760678-Reviews-VN_DAYTRIP_Vietnam_Tour_Travel-Hue_Thua_Thien_Hue_Province.html,444,tripadvisor_vn
SAIGONTOURIST TRAVEL - HUE BRANCH,Chuyến tham quan nhiều ngày • Chuyến tham quan tư nhân,Thua Thien Hue,https://www.tripadvisor.com.vn/Attraction_Review-g293926-d17440199-Reviews-SAIGONTOURIST_TRAVEL_HUE_BRANCH-Hue_Thua_Thien_Hue_Province.html,445,tripadvisor_vn
Tour by Jeep,Tour thăm quan thành phố • Chuyến tham quan nhiều ngày,Thua Thien Hue,https://www.tripadvisor.com.vn/Attraction_Review-g293926-d17729909-Reviews-Tour_by_Jeep-Hue_Thua_Thien_Hue_Province.html,446,tripadvisor_vn
Huế Daily Tours,Tour thăm quan thành phố • Chuyến tham quan lịch sử & di sản,Thua Thien Hue,https://www.tripadvisor.com.vn/Attraction_Review-g293926-d12128447-Reviews-Hue_Daily_Tours-Hue_Thua_Thien_Hue_Province.html,447,tripadvisor_vn
Hue Coolmate Tour,Tour thăm quan thành phố • Chuyến tham quan tư nhân,Thua Thien Hue,https://www.tripadvisor.com.vn/Attraction_Review-g293926-d25457315-Reviews-Hue_Coolmate_Tour-Hue_Thua_Thien_Hue_Province.html,448,tripadvisor_vn
Thang Long City Tour,Chuyến tham quan văn hóa • Chuyến tham quan lịch sử & di sản,Thua Thien Hue,https://www.tripadvisor.com.vn/Attraction_Review-g293926-d1174328-Reviews-Thang_Long_City_Tour-Hue_Thua_Thien_Hue_Province.html,449,tripadvisor_vn
Hue Private Tours,Chuyến tham quan văn hóa • Chuyến tham quan lịch sử & di sản,Thua Thien Hue,https://www.tripadvisor.com.vn/Attraction_Review-g293926-d12842020-Reviews-Hue_Private_Tours-Hue_Thua_Thien_Hue_Province.html,450,tripadvisor_vn
Hue Tourist,Taxi & xe đưa đón • Chuyến tham quan bằng xe đạp,Thua Thien Hue,https://www.tripadvisor.com.vn/Attraction_Review-g293926-d18083611-Reviews-Hue_Tourist-Hue_Thua_Thien_Hue_Province.html,451,tripadvisor_vn
April Adventure Travel,Taxi & xe đưa đón • Chuyến đi trong ngày,Thua Thien Hue,https://www.tripadvisor.com.vn/Attraction_Review-g293926-d20056466-Reviews-April_Adventure_Travel-Hue_Thua_Thien_Hue_Province.html,452,tripadvisor_vn
Hue Dmz Tour,Tour thăm quan thành phố • Chuyến tham quan nhiều ngày,Thua Thien Hue,https://www.tripadvisor.com.vn/Attraction_Review-g293926-d20305985-Reviews-Hue_Dmz_Tour-Hue_Thua_Thien_Hue_Province.html,453,tripadvisor_vn
Sovaba travel (H),Tour thăm quan thành phố • Chuyến tham quan nhiều ngày,Thua Thien Hue,https://www.tripadvisor.com.vn/Attraction_Review-g293926-d33439511-Reviews-Sovaba_travel_H-Hue_Thua_Thien_Hue_Province.html,454,tripadvisor_vn
City Sightseeing Hue,Chuyến tham quan bằng xe buýt,Thua Thien Hue,https://www.tripadvisor.com.vn/Attraction_Review-g293926-d25228519-Reviews-City_Sightseeing_Hue-Hue_Thua_Thien_Hue_Province.html,455,tripadvisor_vn
Hung Thanh Travel,Dịch vụ xe buýt,Thua Thien Hue,https://www.tripadvisor.com.vn/Attraction_Review-g293926-d15662752-Reviews-Hung_Thanh_Travel-Hue_Thua_Thien_Hue_Province.html,456,tripadvisor_vn
Eagle Tourist,Tour thăm quan thành phố • Chuyến tham quan ẩm thực,Thua Thien Hue,https://www.tripadvisor.com.vn/Attraction_Review-g293926-d8610034-Reviews-Eagle_Tourist-Hue_Thua_Thien_Hue_Province.html,457,tripadvisor_vn
Hue luxury tour,Chuyến tham quan nhiều ngày • Chuyến tham quan cảm giác mạnh & mạo hiểm,Thua Thien Hue,https://www.tripadvisor.com.vn/Attraction_Review-g293926-d27506185-Reviews-Hue_luxury_tour-Hue_Thua_Thien_Hue_Province.html,458,tripadvisor_vn
Heritage Region Tourism,Chuyến tham quan lịch sử & di sản,Thua Thien Hue,https://www.tripadvisor.com.vn/Attraction_Review-g293926-d33045790-Reviews-Vietnam_Heritage_Tourism-Hue_Thua_Thien_Hue_Province.html,459,tripadvisor_vn
Mtcarstravel,Chuyến tham quan nhiều ngày • Địa điểm lịch sử,Thua Thien Hue,https://www.tripadvisor.com.vn/Attraction_Review-g293926-d14124176-Reviews-Mtcarstravel-Hue_Thua_Thien_Hue_Province.html,460,tripadvisor_vn
Amazing Tours In Hue By Locals,Tour thăm quan thành phố • Chuyến tham quan văn hóa,Thua Thien Hue,https://www.tripadvisor.com.vn/Attraction_Review-g293926-d33320769-Reviews-Amazing_Tours_In_Hue_By_Locals-Hue_Thua_Thien_Hue_Province.html,461,tripadvisor_vn
Balloons over huế,Chuyến đi bằng khinh khí cầu • Taxi & xe đưa đón,Thua Thien Hue,https://www.tripadvisor.com.vn/Attraction_Review-g293926-d20219744-Reviews-Balloons_over_hu-Hue_Thua_Thien_Hue_Province.html,462,tripadvisor_vn
Vietnam Vacation Travel & Transport,Chuyến tham quan nhiều ngày • Chuyến tham quan tư nhân,Thua Thien Hue,https://www.tripadvisor.com.vn/Attraction_Review-g293926-d26726877-Reviews-Vietnam_Vacation_Travel_Transport-Hue_Thua_Thien_Hue_Province.html,463,tripadvisor_vn
Vietnam Buddhist Tours,Chuyến tham quan văn hóa • Chuyến tham quan lịch sử & di sản,Thua Thien Hue,https://www.tripadvisor.com.vn/Attraction_Review-g293926-d19492249-Reviews-Vietnam_Buddhist_Tours-Hue_Thua_Thien_Hue_Province.html,464,tripadvisor_vn
SkyTour Vietnam,Chuyến tham quan nhiều ngày • Chuyến tham quan văn hóa,Thua Thien Hue,https://www.tripadvisor.com.vn/Attraction_Review-g293926-d26811386-Reviews-SkyTour_Vietnam-Hue_Thua_Thien_Hue_Province.html,465,tripadvisor_vn
Hello Massage,Chuyến tham quan nhiều ngày • Chuyến tham quan cảm giác mạnh & mạo hiểm,Thua Thien Hue,https://www.tripadvisor.com.vn/Attraction_Review-g293926-d20301385-Reviews-Hello_Massage-Hue_Thua_Thien_Hue_Province.html,466,tripadvisor_vn
Tom Hue Tours,Chuyến tham quan văn hóa • Chuyến tham quan lịch sử & di sản,Thua Thien Hue,https://www.tripadvisor.com.vn/Attraction_Review-g293926-d18379663-Reviews-Tom_Hue_Tours-Hue_Thua_Thien_Hue_Province.html,467,tripadvisor_vn
Hamburger Hill Tours,Chuyến tham quan leo núi • Chuyến tham quan đi bộ & cắm trại,Thua Thien Hue,https://www.tripadvisor.com.vn/Attraction_Review-g293926-d17544084-Reviews-Hamburger_Hill_Tours-Hue_Thua_Thien_Hue_Province.html,468,tripadvisor_vn
Hue Rural Eco,Tour thăm quan thành phố • Chuyến tham quan bằng xe đạp,Thua Thien Hue,https://www.tripadvisor.com.vn/Attraction_Review-g293926-d8587843-Reviews-Hue_Rural_Eco-Hue_Thua_Thien_Hue_Province.html,469,tripadvisor_vn
Peter Pham Tours,Chuyến tham quan nhiều ngày • Taxi & xe đưa đón,Thua Thien Hue,https://www.tripadvisor.com.vn/Attraction_Review-g293926-d24877511-Reviews-Peter_Pham_Tours-Hue_Thua_Thien_Hue_Province.html,470,tripadvisor_vn
Hue: VIP Dragon Boat Dinner Cruise on the Perfume River,Chuyến tham quan bằng thuyền,Thua Thien Hue,https://www.tripadvisor.com.vn/Attraction_Review-g293926-d33949428-Reviews-Hue_VIP_Dragon_Boat_Dinner_Cruise_on_the_Perfume_River-Hue_Thua_Thien_Hue_Provin.html,471,tripadvisor_vn
Gotta Go Indochina,Tour thăm quan thành phố • Chuyến tham quan bằng xe đạp,Thua Thien Hue,https://www.tripadvisor.com.vn/Attraction_Review-g293926-d12343109-Reviews-Gotta_Go_Indochina-Hue_Thua_Thien_Hue_Province.html,472,tripadvisor_vn
Hue Taste Food Tour,Chuyến tham quan ban đêm • Chuyến tham quan ẩm thực,Thua Thien Hue,https://www.tripadvisor.com.vn/Attraction_Review-g293926-d10840068-Reviews-Hue_Taste_Food_Tour-Hue_Thua_Thien_Hue_Province.html,473,tripadvisor_vn
Bus Limousine Hue - Da Nang,Xưởng vẽ & làm đồ gốm • Chuyến tham quan nhiều ngày,Thua Thien Hue,https://www.tripadvisor.com.vn/Attraction_Review-g293926-d19468347-Reviews-Bus_Limousine_Hue_Da_Nang-Hue_Thua_Thien_Hue_Province.html,474,tripadvisor_vn
Soleil Tourist,Chuyến tham quan tư nhân • Chuyến đi trong ngày,Thua Thien Hue,https://www.tripadvisor.com.vn/Attraction_Review-g293926-d26685534-Reviews-Soleil_Tourist-Hue_Thua_Thien_Hue_Province.html,475,tripadvisor_vn
Hue Street Food Tours - Day Tours,Tour thăm quan thành phố • Chuyến tham quan bằng xe đạp,Thua Thien Hue,https://www.tripadvisor.com.vn/Attraction_Review-g293926-d9754950-Reviews-Hue_Street_Food_Tours_Day_Tours-Hue_Thua_Thien_Hue_Province.html,476,tripadvisor_vn
Aodaigo - Day Tours,Tour thăm quan thành phố • Chuyến tham quan văn hóa,Thua Thien Hue,https://www.tripadvisor.com.vn/Attraction_Review-g293926-d7915445-Reviews-Aodaigo_Day_Tours-Hue_Thua_Thien_Hue_Province.html,477,tripadvisor_vn
My Son Tours,Chuyến tham quan lịch sử & di sản • Chuyến tham quan sinh thái,Thua Thien Hue,https://www.tripadvisor.com.vn/Attraction_Review-g293926-d12529975-Reviews-My_Son_Tours-Hue_Thua_Thien_Hue_Province.html,478,tripadvisor_vn
Vietnam Booking Online®,Tour thăm quan thành phố • Chuyến tham quan lịch sử & di sản,Thua Thien Hue,https://www.tripadvisor.com.vn/Attraction_Review-g293926-d24980359-Reviews-Vietnam_Booking_OnlineR-Hue_Thua_Thien_Hue_Province.html,479,tripadvisor_vn
Hav Travel Agency,Dịch vụ xe buýt • Chuyến tham quan bằng xe buýt du lịch,Thua Thien Hue,https://www.tripadvisor.com.vn/Attraction_Review-g293926-d12374405-Reviews-Hav_Travel_Agency-Hue_Thua_Thien_Hue_Province.html,480,tripadvisor_vn
Andy Private Tours & shore Excursion,Tour thăm quan thành phố • Chuyến tham quan nhiều ngày,Thua Thien Hue,https://www.tripadvisor.com.vn/Attraction_Review-g293926-d19736334-Reviews-Andy_Private_Tours_shore_Excursion-Hue_Thua_Thien_Hue_Province.html,481,tripadvisor_vn
Central Private Transfer,Taxi & xe đưa đón • Chuyến tham quan tư nhân,Thua Thien Hue,https://www.tripadvisor.com.vn/Attraction_Review-g293926-d27962087-Reviews-Central_Private_Transfer-Hue_Thua_Thien_Hue_Province.html,482,tripadvisor_vn
Huế Happyrider,Chuyến tham quan bằng mô tô,Thua Thien Hue,https://www.tripadvisor.com.vn/Attraction_Review-g293926-d11769405-Reviews-Hue_Happyrider-Hue_Thua_Thien_Hue_Province.html,487,tripadvisor_vn
City Sightseeing Hue Hop-On Hop-Off Bus Tour,Chuyến tham quan bằng xe buýt du lịch,Thua Thien Hue,https://www.tripadvisor.com.vn/Attraction_Review-g293926-d26889074-Reviews-City_Sightseeing_Hue_Hop_On_Hop_Off_Bus_Tour-Hue_Thua_Thien_Hue_Province.html,491,tripadvisor_vn
Driver Guide Vietnam,Tour thăm quan thành phố • Taxi & xe đưa đón,Thua Thien Hue,https://www.tripadvisor.com.vn/Attraction_Review-g293926-d10000174-Reviews-Driver_Guide_Vietnam-Hue_Thua_Thien_Hue_Province.html,494,tripadvisor_vn
Khám Phá Di Sản,Tour thăm quan thành phố • Chuyến tham quan lịch sử & di sản,Thua Thien Hue,https://www.tripadvisor.com.vn/Attraction_Review-g293926-d11660507-Reviews-Discovering_Heritage-Hue_Thua_Thien_Hue_Province.html,497,tripadvisor_vn
Dr. Nhi Nguyen Clinic & Spa,Chuyến tham quan chạy bộ,Thua Thien Hue,https://www.tripadvisor.com.vn/Attraction_Review-g293926-d21492913-Reviews-Dr_Nhi_Nguyen_Clinic_Spa-Hue_Thua_Thien_Hue_Province.html,498,tripadvisor_vn
Hue Daily Trips,Chuyến tham quan bằng xe đạp • Chuyến tham quan tư nhân,Thua Thien Hue,https://www.tripadvisor.com.vn/Attraction_Review-g293926-d25991692-Reviews-Hue_Daily_Trips-Hue_Thua_Thien_Hue_Province.html,500,tripadvisor_vn
Authentic Hue Travel,Chuyến tham quan nhiều ngày • Chuyến tham quan tư nhân,Thua Thien Hue,https://www.tripadvisor.com.vn/Attraction_Review-g293926-d27929548-Reviews-Authentic_Hue_Travel-Hue_Thua_Thien_Hue_Province.html,502,tripadvisor_vn
Authentic Travel Hue,Chuyến tham quan nhiều ngày • Taxi & xe đưa đón,Thua Thien Hue,https://www.tripadvisor.com.vn/Attraction_Review-g293926-d27939695-Reviews-Authentic_Travel_Hue-Hue_Thua_Thien_Hue_Province.html,504,tripadvisor_vn
Dịch vụ cho thuê xe du lịch Huế,Taxi & xe đưa đón • Chuyến tham quan tự hướng dẫn & cho thuê,Thua Thien Hue,https://www.tripadvisor.com.vn/Attraction_Review-g293926-d27478345-Reviews-D_ch_v_cho_thue_xe_du_l_ch_Hu-Hue_Thua_Thien_Hue_Province.html,505,tripadvisor_vn
Committed Travel,Tour thăm quan thành phố • Chuyến tham quan nhiều ngày,Thua Thien Hue,https://www.tripadvisor.com.vn/Attraction_Review-g293926-d19500899-Reviews-Committed_Travel-Hue_Thua_Thien_Hue_Province.html,507,tripadvisor_vn
IBIZA Travel Sevice,Chuyến tham quan nhiều ngày • Chuyến tham quan tư nhân,Thua Thien Hue,https://www.tripadvisor.com.vn/Attraction_Review-g293926-d17450245-Reviews-IBIZA_Travel_Sevice-Hue_Thua_Thien_Hue_Province.html,508,tripadvisor_vn
Legacy Vietnam Tours,Tour thăm quan thành phố • Chuyến tham quan nhiều ngày,Thua Thien Hue,https://www.tripadvisor.com.vn/Attraction_Review-g293926-d27520393-Reviews-Legacy_Vietnam_Tours-Hue_Thua_Thien_Hue_Province.html,510,tripadvisor_vn
Vietnam Chauffeur,Tour thăm quan thành phố • Chuyến tham quan nhiều ngày,Thua Thien Hue,https://www.tripadvisor.com.vn/Attraction_Review-g293926-d24119718-Reviews-Vietnam_Chauffeur-Hue_Thua_Thien_Hue_Province.html,511,tripadvisor_vn
Banana Spa,Chuyến tham quan tự hướng dẫn & cho thuê,Thua Thien Hue,https://www.tripadvisor.com.vn/Attraction_Review-g293926-d20222531-Reviews-Banana_Spa-Hue_Thua_Thien_Hue_Province.html,512,tripadvisor_vn
Hue City Tour 1 Day - Private Tour,Chuyến tham quan ngắm cảnh,Thua Thien Hue,https://www.tripadvisor.com.vn/Attraction_Review-g293926-d24049746-Reviews-Hue_City_Tour_1_Day_Private_Tour-Hue_Thua_Thien_Hue_Province.html,513,tripadvisor_vn
Quang Thang Travel - Hue Private Cars,Tour thăm quan thành phố • Chuyến tham quan nhiều ngày,Thua Thien Hue,https://www.tripadvisor.com.vn/Attraction_Review-g293926-d15785361-Reviews-Quang_Thang_Travel_Hue_Private_Cars-Hue_Thua_Thien_Hue_Province.html,514,tripadvisor_vn
World Heritage Road,Chuyến tham quan nhiều ngày • Chuyến tham quan bằng xe buýt du lịch,Thua Thien Hue,https://www.tripadvisor.com.vn/Attraction_Review-g293926-d20067399-Reviews-World_Heritage_Road-Hue_Thua_Thien_Hue_Province.html,515,tripadvisor_vn
DRAGON TRAVEL.CENTRAL VIETNAM,Chuyến tham quan bằng xe buýt du lịch • Taxi & xe đưa đón,Thua Thien Hue,https://www.tripadvisor.com.vn/Attraction_Review-g293926-d32990227-Reviews-DRAGON_TRAVEL_CENTRAL_VIETNAM-Hue_Thua_Thien_Hue_Province.html,517,tripadvisor_vn
Vietnam Green Tours – Hue,Chuyến tham quan nhiều ngày • Chuyến tham quan tư nhân,Thua Thien Hue,https://www.tripadvisor.com.vn/Attraction_Review-g293926-d33001382-Reviews-Vietnam_Green_Tours_Hue-Hue_Thua_Thien_Hue_Province.html,518,tripadvisor_vn
Vietnam Trip finder,Tour thăm quan thành phố • Chuyến tham quan bằng xe đạp,Thua Thien Hue,https://www.tripadvisor.com.vn/Attraction_Review-g293926-d20898960-Reviews-Vietnam_Trip_finder-Hue_Thua_Thien_Hue_Province.html,519,tripadvisor_vn
WellBe - Skin & Health Care Station,Spa,Thua Thien Hue,https://www.tripadvisor.com.vn/Attraction_Review-g293926-d33101434-Reviews-WellBe_Skin_Health_Care_Station-Hue_Thua_Thien_Hue_Province.html,521,tripadvisor_vn
Private Car Service,Tour thăm quan thành phố • Chuyến tham quan lịch sử & di sản,Thua Thien Hue,https://www.tripadvisor.com.vn/Attraction_Review-g293926-d33234483-Reviews-Private_Car_Service-Hue_Thua_Thien_Hue_Province.html,522,tripadvisor_vn
Zitphotographer,Chuyến tham quan chụp ảnh,Thua Thien Hue,https://www.tripadvisor.com.vn/Attraction_Review-g293926-d32975951-Reviews-Zitphotographer-Hue_Thua_Thien_Hue_Province.html,524,tripadvisor_vn
hue city photographer tuor,Chuyến tham quan chụp ảnh,Thua Thien Hue,https://www.tripadvisor.com.vn/Attraction_Review-g293926-d32978245-Reviews-Hue_city_photographer_tuor-Hue_Thua_Thien_Hue_Province.html,525,tripadvisor_vn
Elegance Hue,Chuyến tham quan nhiều ngày • Chuyến tham quan tư nhân,Thua Thien Hue,https://www.tripadvisor.com.vn/Attraction_Review-g293926-d33066272-Reviews-Elegance_Hue-Hue_Thua_Thien_Hue_Province.html,526,tripadvisor_vn
Hana Tours of Vietnam,Tour thăm quan thành phố • Chuyến tham quan văn hóa,Thua Thien Hue,https://www.tripadvisor.com.vn/Attraction_Review-g293926-d33227847-Reviews-Hana_Tours_of_Vietnam-Hue_Thua_Thien_Hue_Province.html,527,tripadvisor_vn
Trippest Travel,Chuyến tham quan nhiều ngày • Taxi & xe đưa đón,Thua Thien Hue,https://www.tripadvisor.com.vn/Attraction_Review-g293926-d24110845-Reviews-Trippest_Travel-Hue_Thua_Thien_Hue_Province.html,528,tripadvisor_vn
Hue Locals Experience,Chuyến tham quan bằng mô tô • Lớp nấu ăn,Thua Thien Hue,https://www.tripadvisor.com.vn/Attraction_Review-g293926-d33241867-Reviews-Hue_Locals_Experience-Hue_Thua_Thien_Hue_Province.html,529,tripadvisor_vn
Hue Food Tasting Tours,Chuyến tham quan ẩm thực,Thua Thien Hue,https://www.tripadvisor.com.vn/Attraction_Review-g293926-d28400662-Reviews-Hue_Food_Tasting_Tours-Hue_Thua_Thien_Hue_Province.html,530,tripadvisor_vn
Asia Fusion Travel Hue,Chuyến tham quan nhiều ngày • Chuyến tham quan tư nhân,Thua Thien Hue,https://www.tripadvisor.com.vn/Attraction_Review-g293926-d33308695-Reviews-Asia_Fusion_Travel_Hue-Hue_Thua_Thien_Hue_Province.html,531,tripadvisor_vn
Motorbike Rental Hue,Chuyến tham quan cảm giác mạnh & mạo hiểm • Taxi & xe đưa đón,Thua Thien Hue,https://www.tripadvisor.com.vn/Attraction_Review-g293926-d24992129-Reviews-Motorbike_Rental_Hue-Hue_Thua_Thien_Hue_Province.html,532,tripadvisor_vn
SmartRyde,Taxi & xe đưa đón,Thua Thien Hue,https://www.tripadvisor.com.vn/Attraction_Review-g293926-d20404973-Reviews-SmartRyde-Hue_Thua_Thien_Hue_Province.html,534,tripadvisor_vn
Lang Co Bay Plaza,Tour thăm quan thành phố • Xưởng vẽ & làm đồ gốm,Thua Thien Hue,https://www.tripadvisor.com.vn/Attraction_Review-g293926-d18834445-Reviews-Lang_Co_Bay_Plaza-Hue_Thua_Thien_Hue_Province.html,535,tripadvisor_vn
LOCAL TOURS HUE,Chuyến tham quan nhiều ngày • Taxi & xe đưa đón,Thua Thien Hue,https://www.tripadvisor.com.vn/Attraction_Review-g293926-d27963670-Reviews-LOCAL_TOURS_HUE-Hue_Thua_Thien_Hue_Province.html,536,tripadvisor_vn
Huong Giang Travel,Tour thăm quan thành phố • Chuyến tham quan ngắm cảnh,Thua Thien Hue,https://www.tripadvisor.com.vn/Attraction_Review-g293926-d27991719-Reviews-Huong_Giang_Travel-Hue_Thua_Thien_Hue_Province.html,537,tripadvisor_vn
Tra Dinh Vien,Lớp nấu ăn,Thua Thien Hue,https://www.tripadvisor.com.vn/Attraction_Review-g293926-d23368152-Reviews-Tra_Dinh_Vien-Hue_Thua_Thien_Hue_Province.html,539,tripadvisor_vn
La Chu Village,Chuyến tham quan văn hóa • Chuyến tham quan lịch sử & di sản,Thua Thien Hue,https://www.tripadvisor.com.vn/Attraction_Review-g293926-d31218458-Reviews-La_Chu_Village-Hue_Thua_Thien_Hue_Province.html,540,tripadvisor_vn
Gạo Spa,Spa,Thua Thien Hue,https://www.tripadvisor.com.vn/Attraction_Review-g293926-d18314354-Reviews-Gao_Spa-Hue_Thua_Thien_Hue_Province.html,542,tripadvisor_vn
Journeys in Hue,Tour thăm quan thành phố • Chuyến tham quan nhiều ngày,Thua Thien Hue,https://www.tripadvisor.com.vn/Attraction_Review-g293926-d26375730-Reviews-Journeys_in_Hue-Hue_Thua_Thien_Hue_Province.html,545,tripadvisor_vn
Hue Green Eco Tour,Chuyến tham quan bằng xe đạp • Chuyến tham quan sinh thái,Thua Thien Hue,https://www.tripadvisor.com.vn/Attraction_Review-g293926-d27760978-Reviews-Hue_Green_Eco_Tour-Hue_Thua_Thien_Hue_Province.html,548,tripadvisor_vn
An Phú Travel Huế,Chuyến tham quan ẩm thực,Thua Thien Hue,https://www.tripadvisor.com.vn/Attraction_Review-g293926-d28107049-Reviews-An_Phu_Travel_Hu-Hue_Thua_Thien_Hue_Province.html,549,tripadvisor_vn
Good Tour Việt Nam,Chuyến tham quan nhiều ngày • Taxi & xe đưa đón,Thua Thien Hue,https://www.tripadvisor.com.vn/Attraction_Review-g293926-d25130411-Reviews-Good_Tour_Vi_t_Nam-Hue_Thua_Thien_Hue_Province.html,551,tripadvisor_vn
Ohana Spa,Spa,Thua Thien Hue,https://www.tripadvisor.com.vn/Attraction_Review-g293926-d25157942-Reviews-Ohana_Spa-Hue_Thua_Thien_Hue_Province.html,552,tripadvisor_vn
HT Private Tour in Hue,Tour thăm quan thành phố • Chuyến tham quan văn hóa,Thua Thien Hue,https://www.tripadvisor.com.vn/Attraction_Review-g293926-d25292305-Reviews-HT_Private_Tour_in_Hue-Hue_Thua_Thien_Hue_Province.html,553,tripadvisor_vn
Hogi Beauty & Spa,Spa,Thua Thien Hue,https://www.tripadvisor.com.vn/Attraction_Review-g293926-d28034442-Reviews-Hogi_Beauty_Spa-Hue_Thua_Thien_Hue_Province.html,554,tripadvisor_vn
Tâm Uyên Beauty,Spa,Thua Thien Hue,https://www.tripadvisor.com.vn/Attraction_Review-g293926-d26264282-Reviews-Tam_Uyen_Beauty-Hue_Thua_Thien_Hue_Province.html,557,tripadvisor_vn
Hue City Tours,Chuyến tham quan nhiều ngày • Taxi & xe đưa đón,Thua Thien Hue,https://www.tripadvisor.com.vn/Attraction_Review-g293926-d25129457-Reviews-Hue_City_Tours-Hue_Thua_Thien_Hue_Province.html,564,tripadvisor_vn
FA Family Travel - Easy Rider,Tour thăm quan thành phố • Chuyến tham quan nhiều ngày,Thua Thien Hue,https://www.tripadvisor.com.vn/Attraction_Review-g293926-d17713516-Reviews-FA_Family_Travel_Easy_Rider-Hue_Thua_Thien_Hue_Province.html,565,tripadvisor_vn
An Garden Coffee & Bakery,"Chuyến tham quan quán bar, câu lạc bộ & quán rượu • Nếm bia & tham quan",Thua Thien Hue,https://www.tripadvisor.com.vn/Attraction_Review-g293926-d25179102-Reviews-An_Garden_Coffee_Bakery-Hue_Thua_Thien_Hue_Province.html,566,tripadvisor_vn
Mientrungtourism,Chuyến tham quan nhiều ngày • Chuyến tham quan lịch sử & di sản,Thua Thien Hue,https://www.tripadvisor.com.vn/Attraction_Review-g293926-d20905858-Reviews-Mientrungtourism-Hue_Thua_Thien_Hue_Province.html,567,tripadvisor_vn
Festival Travel,Chuyến tham quan lịch sử & di sản • Chuyến tham quan ngắm cảnh,Thua Thien Hue,https://www.tripadvisor.com.vn/Attraction_Review-g293926-d34191705-Reviews-Festival_Travel-Hue_Thua_Thien_Hue_Province.html,571,tripadvisor_vn
Vietnam Tour Booking - Hue,Chuyến tham quan nhiều ngày • Chuyến tham quan tư nhân,Thua Thien Hue,https://www.tripadvisor.com.vn/Attraction_Review-g293926-d32711178-Reviews-Vietnam_Tour_Booking_Hue-Hue_Thua_Thien_Hue_Province.html,572,tripadvisor_vn
Dragon Tourist - Hue,Chuyến tham quan nhiều ngày • Chuyến tham quan tư nhân,Thua Thien Hue,https://www.tripadvisor.com.vn/Attraction_Review-g293926-d34291037-Reviews-Dragon_Tourist_Hue-Hue_Thua_Thien_Hue_Province.html,573,tripadvisor_vn
Pumpkin Homestay,Taxi & xe đưa đón • Chuyến tham quan ngắm cảnh,Thua Thien Hue,https://www.tripadvisor.com.vn/Attraction_Review-g293926-d25571890-Reviews-Pumpkin_Homestay-Hue_Thua_Thien_Hue_Province.html,574,tripadvisor_vn
Asia Tour Booking - Hue,Chuyến tham quan nhiều ngày • Chuyến đi trong ngày,Thua Thien Hue,https://www.tripadvisor.com.vn/Attraction_Review-g293926-d32849074-Reviews-Asia_Tour_Booking_Hue-Hue_Thua_Thien_Hue_Province.html,575,tripadvisor_vn
Voiture Privée Vietnam,Tour thăm quan thành phố • Chuyến tham quan văn hóa,Thua Thien Hue,https://www.tripadvisor.com.vn/Attraction_Review-g293926-d34399726-Reviews-Voiture_Privee_Vietnam-Hue_Thua_Thien_Hue_Province.html,576,tripadvisor_vn
Rental Motorbike Huế,Cho thuê tiện ích • Chuyến tham quan tự hướng dẫn & cho thuê,Thua Thien Hue,https://www.tripadvisor.com.vn/Attraction_Review-g293926-d26846511-Reviews-Rental_Motorbike_Hu-Hue_Thua_Thien_Hue_Province.html,577,tripadvisor_vn
Ca Huế - Folk Music On Ngự Thuyền,Chuyến tham quan bằng thuyền,Thua Thien Hue,https://www.tripadvisor.com.vn/Attraction_Review-g293926-d33093146-Reviews-Ca_Hu_Folk_Music_On_Ng_Thuy_n-Hue_Thua_Thien_Hue_Province.html,579,tripadvisor_vn
Be Cafe & Bar,Quầy bar có nhạc jazz,Thua Thien Hue,https://www.tripadvisor.com.vn/Attraction_Review-g293926-d34525258-Reviews-Be_Cafe_Bar-Hue_Thua_Thien_Hue_Province.html,580,tripadvisor_vn
Huế Tourist,Chuyến tham quan văn hóa • Buổi trình diễn & chuyến tham quan thời trang,Thua Thien Hue,https://www.tripadvisor.com.vn/Attraction_Review-g293926-d25015787-Reviews-Hu_Tourist-Hue_Thua_Thien_Hue_Province.html,581,tripadvisor_vn
Wise Travel - Hue,Tour thăm quan thành phố • Chuyến tham quan văn hóa,Thua Thien Hue,https://www.tripadvisor.com.vn/Attraction_Review-g293926-d34040065-Reviews-Wise_Travel_Hue-Hue_Thua_Thien_Hue_Province.html,582,tripadvisor_vn
Lumiere Wellness & Healing Club Hue,Spa,Thua Thien Hue,https://www.tripadvisor.com.vn/Attraction_Review-g293926-d34691774-Reviews-Lumiere_Wellness_Healing_Club_Hue-Hue_Thua_Thien_Hue_Province.html,583,tripadvisor_vn
John,"Chuyến tham quan bằng xe 4WD, ATV & xe địa hình • Taxi & xe đưa đón",Thua Thien Hue,https://www.tripadvisor.com.vn/Attraction_Review-g293926-d34126137-Reviews-John-Hue_Thua_Thien_Hue_Province.html,585,tripadvisor_vn
Private Car from Phu Bai Airport (HUI) to Hue Center City,Taxi & xe đưa đón,Thua Thien Hue,https://www.tripadvisor.com.vn/Attraction_Review-g293926-d26355542-Reviews-Private_Car_from_Phu_Bai_Airport_HUI_to_Hue_Center_City-Hue_Thua_Thien_Hue_Provi.html,586,tripadvisor_vn
Asia Open Tour - Hue,Chuyến tham quan nhiều ngày • Chuyến tham quan tư nhân,Thua Thien Hue,https://www.tripadvisor.com.vn/Attraction_Review-g293926-d32722726-Reviews-Asia_Open_Tour_Hue-Hue_Thua_Thien_Hue_Province.html,587,tripadvisor_vn
ANTTours,Taxi & xe đưa đón • Chuyến tham quan bằng xe đạp,Thua Thien Hue,https://www.tripadvisor.com.vn/Attraction_Review-g293926-d27539968-Reviews-ANTTours-Hue_Thua_Thien_Hue_Province.html,589,tripadvisor_vn
Anne Nails Hue Spas,Spa,Thua Thien Hue,https://www.tripadvisor.com.vn/Attraction_Review-g293926-d33016996-Reviews-Anne_Nails_Hue_Spas-Hue_Thua_Thien_Hue_Province.html,590,tripadvisor_vn
Hue's photoshoot - the unique visual journey for travelers,Tour thăm quan thành phố • Chuyến tham quan lịch sử & di sản,Thua Thien Hue,https://www.tripadvisor.com.vn/Attraction_Review-g293926-d28704135-Reviews-Hue_s_photoshoot_the_unique_visual_journey_for_travelers-Hue_Thua_Thien_Hue_Prov.html,591,tripadvisor_vn
3H travel,Taxi & xe đưa đón,Thua Thien Hue,https://www.tripadvisor.com.vn/Attraction_Review-g293926-d25372101-Reviews-3H_travel-Hue_Thua_Thien_Hue_Province.html,592,tripadvisor_vn
"Legacy Vietnam Tours Co., Ltd",Tour thăm quan thành phố • Chuyến tham quan nhiều ngày,Thua Thien Hue,https://www.tripadvisor.com.vn/Attraction_Review-g293926-d27516912-Reviews-Legacy_Vietnam_Tours_Co_Ltd-Hue_Thua_Thien_Hue_Province.html,593,tripadvisor_vn
"Hue Private Transfers & Limo Services: Airport, Cruise Port, Hotel Pickups",Taxi & xe đưa đón • Chuyến tham quan tư nhân,Thua Thien Hue,https://www.tripadvisor.com.vn/Attraction_Review-g293926-d26867762-Reviews-Hue_Private_Transfers_Limo_Services_Airport_Cruise_Port_Hotel_Pickups-Hue_Thua_T.html,594,tripadvisor_vn
Hue City Tour,Chuyến tham quan ngắm cảnh,Thua Thien Hue,https://www.tripadvisor.com.vn/Attraction_Review-g293926-d33085271-Reviews-Hue_City_Tour-Hue_Thua_Thien_Hue_Province.html,596,tripadvisor_vn
Arona Spa,Spa,Thua Thien Hue,https://www.tripadvisor.com.vn/Attraction_Review-g293926-d18178509-Reviews-Arona_Spa-Hue_Thua_Thien_Hue_Province.html,597,tripadvisor_vn
VinWonders Wave Park & Water Park,Công viên nước,Hung Yen,https://www.tripadvisor.com.vn/Attraction_Review-g12875231-d34452048-Reviews-VinWonders_Wave_Park_Water_Park-Hung_Yen_Hung_Yen_Province.html,1,tripadvisor_vn
Làng Cổ Nôm,Địa điểm lịch sử,Hung Yen,https://www.tripadvisor.com.vn/Attraction_Review-g12875231-d19466291-Reviews-Nom_Ancient_Village-Hung_Yen_Hung_Yen_Province.html,2,tripadvisor_vn
Aquafield Ocean City (Sauna & Spa),Spa • Spa nước nóng,Hung Yen,https://www.tripadvisor.com.vn/Attraction_Review-g12875231-d34247815-Reviews-Aquafield_Ocean_City_Sauna_Spa-Hung_Yen_Hung_Yen_Province.html,3,tripadvisor_vn
HIF Ecopark,Nhà thờ & nhà thờ lớn,Hung Yen,https://www.tripadvisor.com.vn/Attraction_Review-g12875231-d24114407-Reviews-HIF_Ecopark-Hung_Yen_Hung_Yen_Province.html,4,tripadvisor_vn
SRider Vietnam,Đường đi xe máy,Hung Yen,https://www.tripadvisor.com.vn/Attraction_Review-g12875231-d34304265-Reviews-SRider_Vietnam-Hung_Yen_Hung_Yen_Province.html,5,tripadvisor_vn
Mint Foundation,Spa,Hung Yen,https://www.tripadvisor.com.vn/Attraction_Review-g12875231-d26244968-Reviews-Mint_Foundation-Hung_Yen_Hung_Yen_Province.html,6,tripadvisor_vn
Genesis Escape - Grandworld HN,Trò chơi giải thoát,Hung Yen,https://www.tripadvisor.com.vn/Attraction_Review-g12875231-d28019535-Reviews-Genesis_Escape_Grandworld_HN-Hung_Yen_Hung_Yen_Province.html,7,tripadvisor_vn
Kalos Tour,Tour thăm quan thành phố • Chuyến tham quan nhiều ngày,Hung Yen,https://www.tripadvisor.com.vn/Attraction_Review-g12875231-d33883094-Reviews-Kalos_Tour-Hung_Yen_Hung_Yen_Province.html,8,tripadvisor_vn
AVA-X Travel,Tour thăm quan thành phố • Chuyến tham quan văn hóa,Hung Yen,https://www.tripadvisor.com.vn/Attraction_Review-g12875231-d33883075-Reviews-AVA_X_Travel-Hung_Yen_Hung_Yen_Province.html,9,tripadvisor_vn
Về Để Đi Whisky Distillery,Chuyến tham quan nhà máy rượu,Hung Yen,https://www.tripadvisor.com.vn/Attraction_Review-g12875231-d34317481-Reviews-V_D_Di_Whisky_Distillery-Hung_Yen_Hung_Yen_Province.html,10,tripadvisor_vn
Kenosho,Buổi trình diễn & chuyến tham quan thời trang,Hung Yen,https://www.tripadvisor.com.vn/Attraction_Review-g12875231-d29064838-Reviews-Kenosho-Hung_Yen_Hung_Yen_Province.html,11,tripadvisor_vn
VinWonders Nha Trang,Công viên giải trí & công viên chủ đề • Công viên nước,Khanh Hoa,https://www.tripadvisor.com.vn/Attraction_Review-g293928-d1451754-Reviews-VinWonders_Nha_Trang-Nha_Trang_Khanh_Hoa_Province.html,1,tripadvisor_vn
Tháp Chàm Po Nagar,Địa điểm tôn giáo,Khanh Hoa,https://www.tripadvisor.com.vn/Attraction_Review-g293928-d451112-Reviews-Po_Nagar_Cham_Towers-Nha_Trang_Khanh_Hoa_Province.html,2,tripadvisor_vn
Long Son Pagoda,Địa điểm tôn giáo,Khanh Hoa,https://www.tripadvisor.com.vn/Attraction_Review-g293928-d451111-Reviews-Long_Son_Pagoda-Nha_Trang_Khanh_Hoa_Province.html,3,tripadvisor_vn
Biển Nha Trang,Bãi biển,Khanh Hoa,https://www.tripadvisor.com.vn/Attraction_Review-g293928-d2227712-Reviews-Nha_Trang_Beach-Nha_Trang_Khanh_Hoa_Province.html,4,tripadvisor_vn
Thác Ba Hồ,Thác nước,Khanh Hoa,https://www.tripadvisor.com.vn/Attraction_Review-g293928-d4469666-Reviews-Ba_Ho_Waterfall-Nha_Trang_Khanh_Hoa_Province.html,5,tripadvisor_vn
Doc Let Beach,Bãi biển,Khanh Hoa,https://www.tripadvisor.com.vn/Attraction_Review-g293928-d9990005-Reviews-Doc_Let_Beach-Nha_Trang_Khanh_Hoa_Province.html,6,tripadvisor_vn
Russian Information Center,Trung tâm du lịch,Khanh Hoa,https://www.tripadvisor.com.vn/Attraction_Review-g293928-d8472618-Reviews-Russian_Information_Center-Nha_Trang_Khanh_Hoa_Province.html,7,tripadvisor_vn
Nhà thờ Chánh tòa Kitô Vua (Nhà thờ Núi),Nhà thờ & nhà thờ lớn,Khanh Hoa,https://www.tripadvisor.com.vn/Attraction_Review-g293928-d1976248-Reviews-Nha_Tho_Nui-Nha_Trang_Khanh_Hoa_Province.html,8,tripadvisor_vn
Long Thanh Photo Studio,Phòng trưng bày nghệ thuật,Khanh Hoa,https://www.tripadvisor.com.vn/Attraction_Review-g293928-d451113-Reviews-Long_Thanh_Photo_Studio-Nha_Trang_Khanh_Hoa_Province.html,9,tripadvisor_vn
Paradise Cable Car,Xe điện,Khanh Hoa,https://www.tripadvisor.com.vn/Attraction_Review-g293928-d9990062-Reviews-Paradise_Cable_Car-Nha_Trang_Khanh_Hoa_Province.html,10,tripadvisor_vn
Đảo Khỉ,Quần đảo,Khanh Hoa,https://www.tripadvisor.com.vn/Attraction_Review-g293928-d8448749-Reviews-Khu_du_li_ch_Da_o_Khi-Nha_Trang_Khanh_Hoa_Province.html,11,tripadvisor_vn
Hòn Chồng,Bãi biển,Khanh Hoa,https://www.tripadvisor.com.vn/Attraction_Review-g293928-d1910182-Reviews-Bai_T_m_Hon_Ch_ng-Nha_Trang_Khanh_Hoa_Province.html,12,tripadvisor_vn
Lotte Mart,Trung tâm mua sắm,Khanh Hoa,https://www.tripadvisor.com.vn/Attraction_Review-g293928-d19834791-Reviews-Lotte_Mart-Nha_Trang_Khanh_Hoa_Province.html,13,tripadvisor_vn
Bảo tàng Hải dương học,Viện bảo tàng chuyên ngành • Viện hải dương học,Khanh Hoa,https://www.tripadvisor.com.vn/Attraction_Review-g293928-d2449037-Reviews-National_Oceanographic_Museum_of_Vietnam-Nha_Trang_Khanh_Hoa_Province.html,14,tripadvisor_vn
Nha Trang Center,Trung tâm mua sắm,Khanh Hoa,https://www.tripadvisor.com.vn/Attraction_Review-g293928-d7245662-Reviews-Nha_Trang_Center-Nha_Trang_Khanh_Hoa_Province.html,15,tripadvisor_vn
Biển Bãi Dài,Bãi biển,Khanh Hoa,https://www.tripadvisor.com.vn/Attraction_Review-g1025208-d8095403-Reviews-Bi_n_Bai_Dai-Cam_Ranh_Khanh_Hoa_Province.html,16,tripadvisor_vn
Hon Mun Island,Quần đảo,Khanh Hoa,https://www.tripadvisor.com.vn/Attraction_Review-g293928-d3857023-Reviews-Hon_Mun_Island-Nha_Trang_Khanh_Hoa_Province.html,17,tripadvisor_vn
Gold Coast Shopping Mall,Trung tâm mua sắm,Khanh Hoa,https://www.tripadvisor.com.vn/Attraction_Review-g293928-d21351100-Reviews-Gold_Coast_Shopping_Mall-Nha_Trang_Khanh_Hoa_Province.html,18,tripadvisor_vn
Charm Spa Garden Nha Trang,Spa nước nóng,Khanh Hoa,https://www.tripadvisor.com.vn/Attraction_Review-g293928-d28009893-Reviews-Charm_Spa_Garden_Nha_Trang-Nha_Trang_Khanh_Hoa_Province.html,19,tripadvisor_vn
Tắm Bùn Tháp Bà,Spa • Spa nước nóng,Khanh Hoa,https://www.tripadvisor.com.vn/Attraction_Review-g293928-d1846887-Reviews-Thap_Ba_Mud_Bath-Nha_Trang_Khanh_Hoa_Province.html,20,tripadvisor_vn
Diamond Bay Gaming Club,Sòng bạc • Trung tâm trò chơi & giải trí,Khanh Hoa,https://www.tripadvisor.com.vn/Attraction_Review-g293928-d27287634-Reviews-Diamond_Bay_Gaming_Club-Nha_Trang_Khanh_Hoa_Province.html,21,tripadvisor_vn
Bùn Khoáng nóng I-Resort Nha Trang,Spa • Spa nước nóng,Khanh Hoa,https://www.tripadvisor.com.vn/Attraction_Review-g293928-d3387561-Reviews-Bun_Khoang_nong_I_Resort_Nha_Trang-Nha_Trang_Khanh_Hoa_Province.html,22,tripadvisor_vn
Đảo Robinson Nha Trang,Điểm thu hút khách tham quan & thắng cảnh • Bãi biển,Khanh Hoa,https://www.tripadvisor.com.vn/Attraction_Review-g293928-d25248257-Reviews-Robinson_Beach_Nha_Trang-Nha_Trang_Khanh_Hoa_Province.html,23,tripadvisor_vn
Chùa Suối Đổ,Địa điểm tôn giáo,Khanh Hoa,https://www.tripadvisor.com.vn/Attraction_Review-g293928-d4062910-Reviews-Suoi_Do_Pagoda-Nha_Trang_Khanh_Hoa_Province.html,24,tripadvisor_vn
Công Viên Du Lịch Yang Bay,Khu vực tự nhiên & động vật hoang dã,Khanh Hoa,https://www.tripadvisor.com.vn/Attraction_Review-g15296249-d5873898-Reviews-Yang_Bay_Tourist_Park-Khanh_Phu_Khanh_Hoa_Province.html,25,tripadvisor_vn
Tu Van Pagoda,Điểm thu hút khách tham quan & thắng cảnh • Địa điểm tôn giáo,Khanh Hoa,https://www.tripadvisor.com.vn/Attraction_Review-g1025208-d7929614-Reviews-Tu_Van_Pagoda-Cam_Ranh_Khanh_Hoa_Province.html,26,tripadvisor_vn
Loro & Co. Nha Trang,Trung tâm mua sắm,Khanh Hoa,https://www.tripadvisor.com.vn/Attraction_Review-g293928-d34421406-Reviews-Loro_Co_Nha_Trang-Nha_Trang_Khanh_Hoa_Province.html,27,tripadvisor_vn
Đảo Hòn Miễu,Quần đảo,Khanh Hoa,https://www.tripadvisor.com.vn/Attraction_Review-g293928-d451110-Reviews-Hon_Mieu_Island-Nha_Trang_Khanh_Hoa_Province.html,28,tripadvisor_vn
Thap Tram Huong,Điểm thu hút khách tham quan & thắng cảnh • Đài & tháp quan sát,Khanh Hoa,https://www.tripadvisor.com.vn/Attraction_Review-g293928-d9990046-Reviews-Thap_Tram_Huong-Nha_Trang_Khanh_Hoa_Province.html,29,tripadvisor_vn
Vincom Plaza Nha Trang,Trung tâm mua sắm,Khanh Hoa,https://www.tripadvisor.com.vn/Attraction_Review-g293928-d14440713-Reviews-Vincom_Plaza_Nha_Trang-Nha_Trang_Khanh_Hoa_Province.html,30,tripadvisor_vn
Đó Theater,Rạp hát,Khanh Hoa,https://www.tripadvisor.com.vn/Attraction_Review-g293928-d25564872-Reviews-Do_Theater-Nha_Trang_Khanh_Hoa_Province.html,31,tripadvisor_vn
Bãi Dài,Bãi biển,Khanh Hoa,https://www.tripadvisor.com.vn/Attraction_Review-g293928-d6983678-Reviews-Bai_bi_n_Nha_Trang-Nha_Trang_Khanh_Hoa_Province.html,32,tripadvisor_vn
Alexandre Yersin Museum,Viện bảo tàng chuyên ngành,Khanh Hoa,https://www.tripadvisor.com.vn/Attraction_Review-g293928-d451109-Reviews-Alexandre_Yersin_Museum-Nha_Trang_Khanh_Hoa_Province.html,33,tripadvisor_vn
Clover Spa Massage Nha Trang,Spa nước nóng,Khanh Hoa,https://www.tripadvisor.com.vn/Attraction_Review-g293928-d25194145-Reviews-Clover_Spa_Nha_Trang-Nha_Trang_Khanh_Hoa_Province.html,34,tripadvisor_vn
Chùa Tòng Lâm Lô Sơn,Địa điểm tôn giáo,Khanh Hoa,https://www.tripadvisor.com.vn/Attraction_Review-g293928-d11487177-Reviews-Tong_Lam_Lo_Son_Temple_Lot-Nha_Trang_Khanh_Hoa_Province.html,35,tripadvisor_vn
Thác Yang Bay,Thác nước,Khanh Hoa,https://www.tripadvisor.com.vn/Attraction_Review-g17674832-d10000837-Reviews-Yang_Bay_Waterfall-Khanh_Vinh_Khanh_Hoa_Province.html,36,tripadvisor_vn
Crocodile House & Multishop,Cửa hàng đặc sản & cửa hàng quà tặng • Trung tâm mua sắm,Khanh Hoa,https://www.tripadvisor.com.vn/Attraction_Review-g293928-d32860291-Reviews-Crocodile_House_Multishop-Nha_Trang_Khanh_Hoa_Province.html,37,tripadvisor_vn
Chợ đêm Nha Trang,Chợ trời & chợ đường phố,Khanh Hoa,https://www.tripadvisor.com.vn/Attraction_Review-g293928-d7313373-Reviews-Nha_Trang_Night_Market-Nha_Trang_Khanh_Hoa_Province.html,38,tripadvisor_vn
Mijack Store,Cửa hàng đồ cổ,Khanh Hoa,https://www.tripadvisor.com.vn/Attraction_Review-g293928-d33249974-Reviews-Mijack_Store-Nha_Trang_Khanh_Hoa_Province.html,39,tripadvisor_vn
Đảo Bình Hưng,Quần đảo,Khanh Hoa,https://www.tripadvisor.com.vn/Attraction_Review-g1025208-d8331689-Reviews-Binh_Hung_Island-Cam_Ranh_Khanh_Hoa_Province.html,40,tripadvisor_vn
Nha Phu Bay,Vùng nước,Khanh Hoa,https://www.tripadvisor.com.vn/Attraction_Review-g293928-d6106504-Reviews-Nha_Phu_Bay-Nha_Trang_Khanh_Hoa_Province.html,41,tripadvisor_vn
A&B Shopping Mall,Trung tâm mua sắm,Khanh Hoa,https://www.tripadvisor.com.vn/Attraction_Review-g293928-d19649489-Reviews-A_B_Shopping_Mall-Nha_Trang_Khanh_Hoa_Province.html,42,tripadvisor_vn
Biểu diễn xiếc rắn Nha Trang,Đấu trường & sân vận động • Địa điểm kỳ bí,Khanh Hoa,https://www.tripadvisor.com.vn/Attraction_Review-g293928-d10088575-Reviews-Nha_Trang_Snake_Show-Nha_Trang_Khanh_Hoa_Province.html,43,tripadvisor_vn
Làng Nghề Trường Sơn,Phòng trưng bày nghệ thuật,Khanh Hoa,https://www.tripadvisor.com.vn/Attraction_Review-g293928-d27229148-Reviews-Lang_Ngh_Tru_ng_Son-Nha_Trang_Khanh_Hoa_Province.html,44,tripadvisor_vn
Khu Du Lịch Trăm Trứng,Công viên giải trí & công viên chủ đề • Spa,Khanh Hoa,https://www.tripadvisor.com.vn/Attraction_Review-g293928-d3902800-Reviews-100_Egg_Theme_Park-Nha_Trang_Khanh_Hoa_Province.html,45,tripadvisor_vn
Đảo Bình Ba,Quần đảo,Khanh Hoa,https://www.tripadvisor.com.vn/Attraction_Review-g293928-d11899417-Reviews-Binh_Ba_Island-Nha_Trang_Khanh_Hoa_Province.html,46,tripadvisor_vn
Khu Bảo Tồn Thiên Nhiên Hòn Bà,Khu vực tự nhiên & động vật hoang dã,Khanh Hoa,https://www.tripadvisor.com.vn/Attraction_Review-g293928-d6931021-Reviews-Hon_Ba_Nature_Reserve-Nha_Trang_Khanh_Hoa_Province.html,47,tripadvisor_vn
Nha Trang New Nightmarket,Lễ hội âm nhạc • Lễ hội ẩm thực & đồ uống,Khanh Hoa,https://www.tripadvisor.com.vn/Attraction_Review-g293928-d33194632-Reviews-Nha_Trang_New_Nightmarket-Nha_Trang_Khanh_Hoa_Province.html,48,tripadvisor_vn
Làng Nghề Nha Trang Xưa,Điểm thu hút khách tham quan & thắng cảnh,Khanh Hoa,https://www.tripadvisor.com.vn/Attraction_Review-g293928-d27500000-Reviews-Lang_Ngh_Nha_Trang_Xua-Nha_Trang_Khanh_Hoa_Province.html,49,tripadvisor_vn
Nha Trang Spa,Spa,Khanh Hoa,https://www.tripadvisor.com.vn/Attraction_Review-g293928-d25240193-Reviews-Nha_Trang_Vip_Spa-Nha_Trang_Khanh_Hoa_Province.html,50,tripadvisor_vn
Đảo Yến - Hòn Nội,Quần đảo,Khanh Hoa,https://www.tripadvisor.com.vn/Attraction_Review-g293928-d14910840-Reviews-Dao_Yen_Hon_Noi-Nha_Trang_Khanh_Hoa_Province.html,51,tripadvisor_vn
Chợ Vĩnh Lương,Chợ trời & chợ đường phố,Khanh Hoa,https://www.tripadvisor.com.vn/Attraction_Review-g293928-d7907616-Reviews-Vinh_Luong_Market-Nha_Trang_Khanh_Hoa_Province.html,52,tripadvisor_vn
Tượng đài Hữu nghị Việt - Nga,Đài kỷ niệm & tượng,Khanh Hoa,https://www.tripadvisor.com.vn/Attraction_Review-g1025208-d9876745-Reviews-Vietnam_Russia_Monument-Cam_Ranh_Khanh_Hoa_Province.html,53,tripadvisor_vn
Casa Spa,Spa,Khanh Hoa,https://www.tripadvisor.com.vn/Attraction_Review-g293928-d14011090-Reviews-Casa_Spa-Nha_Trang_Khanh_Hoa_Province.html,54,tripadvisor_vn
Gold Coast Mall,Trung tâm mua sắm,Khanh Hoa,https://www.tripadvisor.com.vn/Attraction_Review-g1184689-d21273914-Reviews-Gold_Coast_Mall-Khanh_Hoa_Province.html,55,tripadvisor_vn
MerPerle Hon Tam Mud Bath,Spa nước nóng,Khanh Hoa,https://www.tripadvisor.com.vn/Attraction_Review-g293928-d23374069-Reviews-MerPerle_Hon_Tam_Mud_Bath-Nha_Trang_Khanh_Hoa_Province.html,56,tripadvisor_vn
Sunrise Gaming Club,Sòng bạc,Khanh Hoa,https://www.tripadvisor.com.vn/Attraction_Review-g293928-d12455746-Reviews-Sunrise_Gaming_Club-Nha_Trang_Khanh_Hoa_Province.html,57,tripadvisor_vn
Chợ Vĩnh Hải,Chợ trời & chợ đường phố,Khanh Hoa,https://www.tripadvisor.com.vn/Attraction_Review-g293928-d14941987-Reviews-Vinh_Hai_Market-Nha_Trang_Khanh_Hoa_Province.html,58,tripadvisor_vn
Outlet Fashion Nha Trang,Trung tâm mua sắm,Khanh Hoa,https://www.tripadvisor.com.vn/Attraction_Review-g293928-d32698945-Reviews-Outlet_Fashion_Nha_Trang-Nha_Trang_Khanh_Hoa_Province.html,59,tripadvisor_vn
Rora Spa Nha Trang,Spa • Spa nước nóng,Khanh Hoa,https://www.tripadvisor.com.vn/Attraction_Review-g293928-d27797614-Reviews-Rora_Spa_Nha_Trang-Nha_Trang_Khanh_Hoa_Province.html,60,tripadvisor_vn
Tran Phu Bridge,Cầu,Khanh Hoa,https://www.tripadvisor.com.vn/Attraction_Review-g293928-d9990097-Reviews-Tran_Phu_Bridge-Nha_Trang_Khanh_Hoa_Province.html,61,tripadvisor_vn
Đảo Điệp Sơn,Quần đảo,Khanh Hoa,https://www.tripadvisor.com.vn/Attraction_Review-g293928-d11925435-Reviews-Diep_Son_Island-Nha_Trang_Khanh_Hoa_Province.html,62,tripadvisor_vn
NY Vape Store Nha Trang,Trung tâm mua sắm,Khanh Hoa,https://www.tripadvisor.com.vn/Attraction_Review-g293928-d25975478-Reviews-NY_Vape_Store_Nha_Trang-Nha_Trang_Khanh_Hoa_Province.html,63,tripadvisor_vn
GDC Lucky Poker Club,Sòng bạc,Khanh Hoa,https://www.tripadvisor.com.vn/Attraction_Review-g293928-d33987076-Reviews-GDC_Lucky_Poker_Club-Nha_Trang_Khanh_Hoa_Province.html,64,tripadvisor_vn
Mamadelta,Cửa hàng của nhà máy,Khanh Hoa,https://www.tripadvisor.com.vn/Attraction_Review-g293928-d20254298-Reviews-Mamadelta_Manufactory_Vietnam-Nha_Trang_Khanh_Hoa_Province.html,65,tripadvisor_vn
Aloha Vintage & Souvenir,Cửa hàng đồ cổ,Khanh Hoa,https://www.tripadvisor.com.vn/Attraction_Review-g293928-d33071342-Reviews-Aloha_Vintage_Souvenir-Nha_Trang_Khanh_Hoa_Province.html,66,tripadvisor_vn
Khu Du Lịch Hòn Sỏi,Công viên giải trí & công viên chủ đề • Điểm thu hút khách tham quan & thắng cảnh,Khanh Hoa,https://www.tripadvisor.com.vn/Attraction_Review-g293928-d17702467-Reviews-Soi_Island_Recreational_Park-Nha_Trang_Khanh_Hoa_Province.html,67,tripadvisor_vn
J Spa,Spa,Khanh Hoa,https://www.tripadvisor.com.vn/Attraction_Review-g293928-d16882778-Reviews-J_Spa-Nha_Trang_Khanh_Hoa_Province.html,68,tripadvisor_vn
Tháp Bà Ponagar,Địa điểm lịch sử,Khanh Hoa,https://www.tripadvisor.com.vn/Attraction_Review-g293928-d25353253-Reviews-Thap_Ba_Ponagar-Nha_Trang_Khanh_Hoa_Province.html,69,tripadvisor_vn
TiGon Spa,Spa,Khanh Hoa,https://www.tripadvisor.com.vn/Attraction_Review-g293928-d8647393-Reviews-TiGon_Spa-Nha_Trang_Khanh_Hoa_Province.html,70,tripadvisor_vn
Giáo Xứ Thánh Giuse,Nhà thờ & nhà thờ lớn,Khanh Hoa,https://www.tripadvisor.com.vn/Attraction_Review-g293928-d11611768-Reviews-St_Joseph_s_Parish_Church-Nha_Trang_Khanh_Hoa_Province.html,71,tripadvisor_vn
Sen Spa Nha Trang,Spa,Khanh Hoa,https://www.tripadvisor.com.vn/Attraction_Review-g293928-d5501816-Reviews-Sen_Spa_Nha_Trang-Nha_Trang_Khanh_Hoa_Province.html,72,tripadvisor_vn
Linda Spa,Spa,Khanh Hoa,https://www.tripadvisor.com.vn/Attraction_Review-g293928-d2706840-Reviews-Linda_Spa-Nha_Trang_Khanh_Hoa_Province.html,73,tripadvisor_vn
Thủy Sinh Nha Trang,Viện hải dương học • Vườn,Khanh Hoa,https://www.tripadvisor.com.vn/Attraction_Review-g293928-d27765928-Reviews-Th_y_Sinh_Nha_Trang-Nha_Trang_Khanh_Hoa_Province.html,74,tripadvisor_vn
Shop Bao Cao Su - Drloves Nha Trang,Cửa hàng bách hóa,Khanh Hoa,https://www.tripadvisor.com.vn/Attraction_Review-g293928-d28653303-Reviews-Shop_Bao_Cao_Su_Drloves_Nha_Trang-Nha_Trang_Khanh_Hoa_Province.html,75,tripadvisor_vn
Mắt Kính Huy Trí,Trung tâm mua sắm,Khanh Hoa,https://www.tripadvisor.com.vn/Attraction_Review-g293928-d34278650-Reviews-Ma_t_Ki_nh_Huy_Tri-Nha_Trang_Khanh_Hoa_Province.html,76,tripadvisor_vn
Chùa Đa Bảo,Địa điểm tôn giáo,Khanh Hoa,https://www.tripadvisor.com.vn/Attraction_Review-g293928-d15750196-Reviews-Da_Bao_Pagoda-Nha_Trang_Khanh_Hoa_Province.html,77,tripadvisor_vn
Duyen Ha Gaming Club,Bãi biển • Sòng bạc,Khanh Hoa,https://www.tripadvisor.com.vn/Attraction_Review-g293928-d32895155-Reviews-Duyen_Ha_Gaming_Club-Nha_Trang_Khanh_Hoa_Province.html,78,tripadvisor_vn
Suối Đá Hòn Giào,Vùng nước • Thác nước,Khanh Hoa,https://www.tripadvisor.com.vn/Attraction_Review-g293928-d8631017-Reviews-Suoi_Da_Hon_Giao-Nha_Trang_Khanh_Hoa_Province.html,79,tripadvisor_vn
Chùa Pháp Viện Thánh Sơn,Địa điểm tôn giáo,Khanh Hoa,https://www.tripadvisor.com.vn/Attraction_Review-g293928-d12374375-Reviews-Phap_Vien_Thanh_Son_Pagoda-Nha_Trang_Khanh_Hoa_Province.html,80,tripadvisor_vn
Bac Thanh Church,Địa điểm tôn giáo • Nhà thờ & nhà thờ lớn,Khanh Hoa,https://www.tripadvisor.com.vn/Attraction_Review-g293928-d9990088-Reviews-Bac_Thanh_Church-Nha_Trang_Khanh_Hoa_Province.html,81,tripadvisor_vn
Big C,Trung tâm mua sắm,Khanh Hoa,https://www.tripadvisor.com.vn/Attraction_Review-g293928-d13964719-Reviews-Big_C-Nha_Trang_Khanh_Hoa_Province.html,82,tripadvisor_vn
Nhà xưa ông Hai Thái,Địa điểm lịch sử • Điểm thu hút khách tham quan & thắng cảnh,Khanh Hoa,https://www.tripadvisor.com.vn/Attraction_Review-g293928-d7915626-Reviews-The_Old_House_of_Mr_Hai_Thai-Nha_Trang_Khanh_Hoa_Province.html,84,tripadvisor_vn
Princess Jewelry,Cửa hàng đặc sản & cửa hàng quà tặng,Khanh Hoa,https://www.tripadvisor.com.vn/Attraction_Review-g293928-d20159691-Reviews-Princess_Jewelry-Nha_Trang_Khanh_Hoa_Province.html,85,tripadvisor_vn
Đó Theatre,Rạp hát,Khanh Hoa,https://www.tripadvisor.com.vn/Attraction_Review-g293928-d26400587-Reviews-Do_Theatre-Nha_Trang_Khanh_Hoa_Province.html,86,tripadvisor_vn
Phòng trưng bày ảnh của Đỗ Diên Khánh,Phòng trưng bày nghệ thuật,Khanh Hoa,https://www.tripadvisor.com.vn/Attraction_Review-g293928-d9982701-Reviews-Do_Dien_Khanh_Gallery-Nha_Trang_Khanh_Hoa_Province.html,87,tripadvisor_vn
Massage Manu Spa,Spa,Khanh Hoa,https://www.tripadvisor.com.vn/Attraction_Review-g293928-d9563851-Reviews-Massage_Manu_Spa-Nha_Trang_Khanh_Hoa_Province.html,88,tripadvisor_vn
Nha Trang Planetarium,Đài & tháp quan sát • Đài quan sát & cung thiên văn,Khanh Hoa,https://www.tripadvisor.com.vn/Attraction_Review-g293928-d27475880-Reviews-Nha_Trang_Planetarium-Nha_Trang_Khanh_Hoa_Province.html,89,tripadvisor_vn
Aquafield Nha Trang,Spa • Spa nước nóng,Khanh Hoa,https://www.tripadvisor.com.vn/Attraction_Review-g293928-d32980945-Reviews-Aquafield_Nha_Trang-Nha_Trang_Khanh_Hoa_Province.html,90,tripadvisor_vn
Onsi Spa,Spa,Khanh Hoa,https://www.tripadvisor.com.vn/Attraction_Review-g293928-d23946469-Reviews-Onsi_Spa-Nha_Trang_Khanh_Hoa_Province.html,91,tripadvisor_vn
Hòn Rùa,Quần đảo,Khanh Hoa,https://www.tripadvisor.com.vn/Attraction_Review-g293928-d15132253-Reviews-Hon_Rua-Nha_Trang_Khanh_Hoa_Province.html,92,tripadvisor_vn
Shop Bao Cao Su Nha Trang,Cửa hàng bách hóa,Khanh Hoa,https://www.tripadvisor.com.vn/Attraction_Review-g293928-d32765044-Reviews-Shop_Bao_Cao_Su_Nha_Trang-Nha_Trang_Khanh_Hoa_Province.html,93,tripadvisor_vn
Aman Heritage Spa,Spa,Khanh Hoa,https://www.tripadvisor.com.vn/Attraction_Review-g293928-d26816718-Reviews-Aman_Heritage_Spa-Nha_Trang_Khanh_Hoa_Province.html,94,tripadvisor_vn
Vinpearl Golf Nha Trang,Sân gôn,Khanh Hoa,https://www.tripadvisor.com.vn/Attraction_Review-g293928-d2180153-Reviews-Vinpearl_Golf_Nha_Trang-Nha_Trang_Khanh_Hoa_Province.html,95,tripadvisor_vn
Banyan Spa,Spa nước nóng,Khanh Hoa,https://www.tripadvisor.com.vn/Attraction_Review-g293928-d26440970-Reviews-Banyan_Spa-Nha_Trang_Khanh_Hoa_Province.html,96,tripadvisor_vn
Life Puppets Show - Rối Mơ,Rạp hát • Nhà hát & biểu diễn,Khanh Hoa,https://www.tripadvisor.com.vn/Attraction_Review-g293928-d25450137-Reviews-Life_Puppets_Show_R_i_Mo-Nha_Trang_Khanh_Hoa_Province.html,97,tripadvisor_vn
Aramsa Spa Nha Trang,Spa,Khanh Hoa,https://www.tripadvisor.com.vn/Attraction_Review-g293928-d27734205-Reviews-Aramsa_Spa_Nha_Trang-Nha_Trang_Khanh_Hoa_Province.html,98,tripadvisor_vn
Urban Kitchen,Lễ hội ẩm thực & đồ uống • Chợ trời & chợ đường phố,Khanh Hoa,https://www.tripadvisor.com.vn/Attraction_Review-g293928-d33304868-Reviews-Urban_Kitchen-Nha_Trang_Khanh_Hoa_Province.html,99,tripadvisor_vn
Vinpearl Harbour Nha Trang,Điểm thu hút khách tham quan & thắng cảnh,Khanh Hoa,https://www.tripadvisor.com.vn/Attraction_Review-g293928-d34247806-Reviews-Vinpearl_Harbour_Nha_Trang-Nha_Trang_Khanh_Hoa_Province.html,100,tripadvisor_vn
Xom Bong Bridge,Cầu,Khanh Hoa,https://www.tripadvisor.com.vn/Attraction_Review-g293928-d9990083-Reviews-Xom_Bong_Bridge-Nha_Trang_Khanh_Hoa_Province.html,101,tripadvisor_vn
Shine Spa for Sheraton,Câu lạc bộ sức khỏe • Yoga & pilate,Khanh Hoa,https://www.tripadvisor.com.vn/Attraction_Review-g293928-d9718203-Reviews-Shine_Spa_for_Sheraton-Nha_Trang_Khanh_Hoa_Province.html,102,tripadvisor_vn
The Sigma Cafe & Cocktail Lounge,Quán bar & câu lạc bộ,Khanh Hoa,https://www.tripadvisor.com.vn/Attraction_Review-g293928-d33309569-Reviews-The_Sigma_Cafe_Cocktail_Lounge-Nha_Trang_Khanh_Hoa_Province.html,103,tripadvisor_vn
Charm Spa Grand Nha Trang,Spa,Khanh Hoa,https://www.tripadvisor.com.vn/Attraction_Review-g293928-d15837383-Reviews-Charm_Spa_Grand_Nha_Trang-Nha_Trang_Khanh_Hoa_Province.html,104,tripadvisor_vn
Khánh Hòa Museum,Viện bảo tàng lịch sử,Khanh Hoa,https://www.tripadvisor.com.vn/Attraction_Review-g293928-d19806834-Reviews-Khanh_Hoa_Museum-Nha_Trang_Khanh_Hoa_Province.html,105,tripadvisor_vn
Nagamas Vip E-Gaming Club,Sòng bạc,Khanh Hoa,https://www.tripadvisor.com.vn/Attraction_Review-g293928-d17852960-Reviews-Nagamas_Vip_E_Gaming_Club-Nha_Trang_Khanh_Hoa_Province.html,106,tripadvisor_vn
DSD Pickleball Nha Trang,Khu liên hợp thể thao • Đấu trường & sân vận động,Khanh Hoa,https://www.tripadvisor.com.vn/Attraction_Review-g293928-d28154987-Reviews-DSD_Pickleball_Nha_Trang-Nha_Trang_Khanh_Hoa_Province.html,107,tripadvisor_vn
Hon Chong Center,Trung tâm mua sắm,Khanh Hoa,https://www.tripadvisor.com.vn/Attraction_Review-g293928-d13321908-Reviews-Hon_Chong_Center-Nha_Trang_Khanh_Hoa_Province.html,108,tripadvisor_vn
Thủy cung Trí Nguyên,Viện hải dương học,Khanh Hoa,https://www.tripadvisor.com.vn/Attraction_Review-g293928-d10000428-Reviews-Tri_Nguyen_aquarium-Nha_Trang_Khanh_Hoa_Province.html,109,tripadvisor_vn
Soi Beach,Bãi biển,Khanh Hoa,https://www.tripadvisor.com.vn/Attraction_Review-g293928-d32906901-Reviews-Soi_Beach-Nha_Trang_Khanh_Hoa_Province.html,110,tripadvisor_vn
Imperial Havana Club Nha Trang,Sòng bạc,Khanh Hoa,https://www.tripadvisor.com.vn/Attraction_Review-g293928-d12432505-Reviews-Imperial_Havana_Club_Nha_Trang-Nha_Trang_Khanh_Hoa_Province.html,111,tripadvisor_vn
Bạch Đàn Wellness Spa,Spa,Khanh Hoa,https://www.tripadvisor.com.vn/Attraction_Review-g293928-d33408713-Reviews-B_ch_Dan_Wellness_Spa-Nha_Trang_Khanh_Hoa_Province.html,112,tripadvisor_vn
Beer Spa Nha Trang,Spa,Khanh Hoa,https://www.tripadvisor.com.vn/Attraction_Review-g293928-d33206774-Reviews-Beer_Spa_Nha_Trang-Nha_Trang_Khanh_Hoa_Province.html,113,tripadvisor_vn
Anh Thư Leather,Cửa hàng đặc sản & cửa hàng quà tặng,Khanh Hoa,https://www.tripadvisor.com.vn/Attraction_Review-g293928-d7937127-Reviews-Anh_Thu_Leather-Nha_Trang_Khanh_Hoa_Province.html,114,tripadvisor_vn
Wabi Space,Trung tâm mua sắm,Khanh Hoa,https://www.tripadvisor.com.vn/Attraction_Review-g293928-d32794263-Reviews-Wabi_Space-Nha_Trang_Khanh_Hoa_Province.html,115,tripadvisor_vn
Eco Paradise Dolce Vita,Sở thú • Trung tâm trò chơi & giải trí,Khanh Hoa,https://www.tripadvisor.com.vn/Attraction_Review-g293928-d17415595-Reviews-Eco_Paradise_Dolce_Vita-Nha_Trang_Khanh_Hoa_Province.html,116,tripadvisor_vn
Viet Farm,Cửa hàng đặc sản & cửa hàng quà tặng,Khanh Hoa,https://www.tripadvisor.com.vn/Attraction_Review-g293928-d13969634-Reviews-Viet_Farm-Nha_Trang_Khanh_Hoa_Province.html,117,tripadvisor_vn
April 2nd Square,Điểm thu hút khách tham quan & thắng cảnh,Khanh Hoa,https://www.tripadvisor.com.vn/Attraction_Review-g293928-d33084057-Reviews-April_2nd_Square-Nha_Trang_Khanh_Hoa_Province.html,118,tripadvisor_vn
Mango Spa Nail,Spa,Khanh Hoa,https://www.tripadvisor.com.vn/Attraction_Review-g293928-d34421661-Reviews-Mango_Spa_Nail-Nha_Trang_Khanh_Hoa_Province.html,119,tripadvisor_vn
Chùa Phước Điền,Địa điểm tôn giáo,Khanh Hoa,https://www.tripadvisor.com.vn/Attraction_Review-g293928-d19306730-Reviews-Phuoc_Dien_Pagoda-Nha_Trang_Khanh_Hoa_Province.html,120,tripadvisor_vn
One Spa,Spa • Spa nước nóng,Khanh Hoa,https://www.tripadvisor.com.vn/Attraction_Review-g293928-d19852189-Reviews-One_Spa-Nha_Trang_Khanh_Hoa_Province.html,121,tripadvisor_vn
"Ba Lang Church, Nha Trang",Nhà thờ & nhà thờ lớn,Khanh Hoa,https://www.tripadvisor.com.vn/Attraction_Review-g293928-d32890395-Reviews-Ba_Lang_Church_Nha_Trang-Nha_Trang_Khanh_Hoa_Province.html,122,tripadvisor_vn
Kilo Distillery & Bar,Nhà máy rượu • Quán bar & câu lạc bộ,Khanh Hoa,https://www.tripadvisor.com.vn/Attraction_Review-g293928-d17819973-Reviews-Kilo_Distillery_Bar-Nha_Trang_Khanh_Hoa_Province.html,123,tripadvisor_vn
Mockba Spa & Nail,Spa,Khanh Hoa,https://www.tripadvisor.com.vn/Attraction_Review-g293928-d10844839-Reviews-Mockba_Spa_Nail-Nha_Trang_Khanh_Hoa_Province.html,124,tripadvisor_vn
Happy Beach,Bãi biển & câu lạc bộ bể bơi,Khanh Hoa,https://www.tripadvisor.com.vn/Attraction_Review-g293928-d15850651-Reviews-Happy_Beach-Nha_Trang_Khanh_Hoa_Province.html,125,tripadvisor_vn
Chùa Thiên Ân - Đầm Môn,Địa điểm tôn giáo,Khanh Hoa,https://www.tripadvisor.com.vn/Attraction_Review-g293928-d18378756-Reviews-Thien_An_Pagoda_Dam_Mon-Nha_Trang_Khanh_Hoa_Province.html,126,tripadvisor_vn
Trung Tâm Điện Máy Dũng Tuyên,Trung tâm mua sắm,Khanh Hoa,https://www.tripadvisor.com.vn/Attraction_Review-g293928-d33972247-Reviews-Trung_Tam_Di_n_May_Dung_Tuyen-Nha_Trang_Khanh_Hoa_Province.html,127,tripadvisor_vn
Paradise Beach,Bãi biển,Khanh Hoa,https://www.tripadvisor.com.vn/Attraction_Review-g293928-d32906902-Reviews-Paradise_Beach-Nha_Trang_Khanh_Hoa_Province.html,128,tripadvisor_vn
Festival Market,Trung tâm mua sắm,Khanh Hoa,https://www.tripadvisor.com.vn/Attraction_Review-g293928-d25566723-Reviews-Festival_Market-Nha_Trang_Khanh_Hoa_Province.html,129,tripadvisor_vn
Splash Water Park,Công viên nước,Khanh Hoa,https://www.tripadvisor.com.vn/Attraction_Review-g18928520-d25064348-Reviews-Splash_Water_Park-Cam_Hai_Dong_Cam_Lam_District_Khanh_Hoa_Province.html,130,tripadvisor_vn
Venaja Foot Spa,Spa,Khanh Hoa,https://www.tripadvisor.com.vn/Attraction_Review-g293928-d34372348-Reviews-Venaja_Foot_Spa-Nha_Trang_Khanh_Hoa_Province.html,131,tripadvisor_vn
King's palace,Điểm thu hút khách tham quan & thắng cảnh,Khanh Hoa,https://www.tripadvisor.com.vn/Attraction_Review-g293928-d4888401-Reviews-King_s_palace-Nha_Trang_Khanh_Hoa_Province.html,132,tripadvisor_vn
Luxury Anna Spa - Massage Nha Trang,Spa,Khanh Hoa,https://www.tripadvisor.com.vn/Attraction_Review-g293928-d26431916-Reviews-Luxury_Anna_Spa_Massage_Nha_Trang-Nha_Trang_Khanh_Hoa_Province.html,133,tripadvisor_vn
XQ Hand Embroidery,Cửa hàng đặc sản & cửa hàng quà tặng,Khanh Hoa,https://www.tripadvisor.com.vn/Attraction_Review-g293928-d4101130-Reviews-XQ_Hand_Embroidery-Nha_Trang_Khanh_Hoa_Province.html,134,tripadvisor_vn
Pure Vietnam Beauty & Spa,Spa,Khanh Hoa,https://www.tripadvisor.com.vn/Attraction_Review-g293928-d6697043-Reviews-Pure_Vietnam_Beauty_Spa-Nha_Trang_Khanh_Hoa_Province.html,135,tripadvisor_vn
Ngã Sáu Nha Trang,Điểm thu hút khách tham quan & thắng cảnh,Khanh Hoa,https://www.tripadvisor.com.vn/Attraction_Review-g293928-d17673918-Reviews-Nga_Sau_Nha_Trang-Nha_Trang_Khanh_Hoa_Province.html,136,tripadvisor_vn
La Spa Massage Cam Ranh,Spa,Khanh Hoa,https://www.tripadvisor.com.vn/Attraction_Review-g14125084-d25457047-Reviews-La_Spa_Skincare-Cam_Duc_Cam_Lam_District_Khanh_Hoa_Province.html,137,tripadvisor_vn
Laundry Nha Trang- Blue Laundry,Bãi biển,Khanh Hoa,https://www.tripadvisor.com.vn/Attraction_Review-g293928-d33301616-Reviews-Laundry_Nha_Trang_Blue_Laundry-Nha_Trang_Khanh_Hoa_Province.html,138,tripadvisor_vn
Núi Cô Tiên,Núi,Khanh Hoa,https://www.tripadvisor.com.vn/Attraction_Review-g293928-d19125779-Reviews-Co_Tien_Mountain-Nha_Trang_Khanh_Hoa_Province.html,139,tripadvisor_vn
Galina Lake View Hồ Kênh Hạ,Điểm thu hút khách tham quan & thắng cảnh • Công viên,Khanh Hoa,https://www.tripadvisor.com.vn/Attraction_Review-g293928-d25321681-Reviews-Galina_Lake_View_H_Kenh_H-Nha_Trang_Khanh_Hoa_Province.html,140,tripadvisor_vn
Nha Trang Cathedral,Tòa nhà kiến trúc,Khanh Hoa,https://www.tripadvisor.com.vn/Attraction_Review-g293928-d25234311-Reviews-Nha_Trang_Cathedral-Nha_Trang_Khanh_Hoa_Province.html,141,tripadvisor_vn
Karma Nha Trang,Quán bar & câu lạc bộ,Khanh Hoa,https://www.tripadvisor.com.vn/Attraction_Review-g293928-d25239452-Reviews-Karma_Nha_Trang-Nha_Trang_Khanh_Hoa_Province.html,142,tripadvisor_vn
Lounge Spa & Massage,Spa,Khanh Hoa,https://www.tripadvisor.com.vn/Attraction_Review-g293928-d27504926-Reviews-Lounge_Spa_Massage-Nha_Trang_Khanh_Hoa_Province.html,143,tripadvisor_vn
Đảo Khỉ Nha Trang - Monkey Island,Điểm thu hút khách tham quan & thắng cảnh • Khu vực tự nhiên & động vật hoang dã,Khanh Hoa,https://www.tripadvisor.com.vn/Attraction_Review-g293928-d27995474-Reviews-D_o_Kh_Nha_Trang_Monkey_Island-Nha_Trang_Khanh_Hoa_Province.html,144,tripadvisor_vn
Rox Tattoo Studio - Nha Trang,Phòng trưng bày nghệ thuật,Khanh Hoa,https://www.tripadvisor.com.vn/Attraction_Review-g293928-d27977869-Reviews-Rox_Tattoo_Studio_Nha_Trang-Nha_Trang_Khanh_Hoa_Province.html,145,tripadvisor_vn
Nha Trang Best Spa & Nail,Spa,Khanh Hoa,https://www.tripadvisor.com.vn/Attraction_Review-g293928-d34421359-Reviews-Nha_Trang_Best_Spa_Nail-Nha_Trang_Khanh_Hoa_Province.html,146,tripadvisor_vn
Noble Spa & Nail,Spa nước nóng,Khanh Hoa,https://www.tripadvisor.com.vn/Attraction_Review-g293928-d19737088-Reviews-Noble_Spa_Nail-Nha_Trang_Khanh_Hoa_Province.html,147,tripadvisor_vn
Chợ Đầm,Cửa hàng đặc sản & cửa hàng quà tặng,Khanh Hoa,https://www.tripadvisor.com.vn/Attraction_Review-g293928-d6983683-Reviews-Dam_Market-Nha_Trang_Khanh_Hoa_Province.html,148,tripadvisor_vn
Audrey Nail Cam Ranh,Cửa hàng bách hóa • Spa,Khanh Hoa,https://www.tripadvisor.com.vn/Attraction_Review-g18928520-d34063977-Reviews-Audrey_Nail_Cam_Ranh-Cam_Hai_Dong_Cam_Lam_District_Khanh_Hoa_Province.html,149,tripadvisor_vn
Alco House,Cửa hàng đặc sản & cửa hàng quà tặng,Khanh Hoa,https://www.tripadvisor.com.vn/Attraction_Review-g293928-d11978428-Reviews-Alco_House-Nha_Trang_Khanh_Hoa_Province.html,150,tripadvisor_vn
Đảo Tình Yêu,Quần đảo,Khanh Hoa,https://www.tripadvisor.com.vn/Attraction_Review-g293928-d17623650-Reviews-Love_Island-Nha_Trang_Khanh_Hoa_Province.html,151,tripadvisor_vn
Mũi Đôi,Điểm thu hút khách tham quan & thắng cảnh,Khanh Hoa,https://www.tripadvisor.com.vn/Attraction_Review-g8300097-d8294117-Reviews-Mui_Doi-Van_Ninh_Khanh_Hoa_Province.html,152,tripadvisor_vn
Campoutvn Outdoor & Camping Store,Cửa hàng bách hóa,Khanh Hoa,https://www.tripadvisor.com.vn/Attraction_Review-g293928-d34015167-Reviews-Campoutvn_Outdoor_Camping_Store-Nha_Trang_Khanh_Hoa_Province.html,153,tripadvisor_vn
KN Golf Links Cam Ranh,Sân gôn,Khanh Hoa,https://www.tripadvisor.com.vn/Attraction_Review-g1025208-d14985644-Reviews-KN_Golf_Links_Cam_Ranh-Cam_Ranh_Khanh_Hoa_Province.html,154,tripadvisor_vn
Grand Spa,Spa,Khanh Hoa,https://www.tripadvisor.com.vn/Attraction_Review-g293928-d34372340-Reviews-Grand_Spa-Nha_Trang_Khanh_Hoa_Province.html,155,tripadvisor_vn
Cam Spa Nha Trang,Spa,Khanh Hoa,https://www.tripadvisor.com.vn/Attraction_Review-g293928-d25322775-Reviews-Cam_Spa_Nha_Trang-Nha_Trang_Khanh_Hoa_Province.html,156,tripadvisor_vn
Angel Mountain,Núi,Khanh Hoa,https://www.tripadvisor.com.vn/Attraction_Review-g293928-d19175172-Reviews-Angel_Mountain-Nha_Trang_Khanh_Hoa_Province.html,157,tripadvisor_vn
VnExpress Marathon Marvelous Nha Trang,Sự kiện thể thao,Khanh Hoa,https://www.tripadvisor.com.vn/Attraction_Review-g293928-d25234257-Reviews-VnExpress_Marathon_Marvelous_Nha_Trang-Nha_Trang_Khanh_Hoa_Province.html,158,tripadvisor_vn
Chùa Kỳ Viên Trung Nghĩa,Địa điểm tôn giáo,Khanh Hoa,https://www.tripadvisor.com.vn/Attraction_Review-g293928-d15641598-Reviews-Ky_Vien_Trung_Nghia_Buddhist_Temple-Nha_Trang_Khanh_Hoa_Province.html,159,tripadvisor_vn
Múa Rối Nước Nha Trang,Nhà hát & biểu diễn,Khanh Hoa,https://www.tripadvisor.com.vn/Attraction_Review-g293928-d8046397-Reviews-Nha_Trang_Water_Puppet_Theater-Nha_Trang_Khanh_Hoa_Province.html,160,tripadvisor_vn
Maya Medical Centre,Spa,Khanh Hoa,https://www.tripadvisor.com.vn/Attraction_Review-g293928-d24874550-Reviews-MAYA_Medical_Centre-Nha_Trang_Khanh_Hoa_Province.html,161,tripadvisor_vn
Z Beach Nha Trang,Bãi biển • Khu vực đi dạo ngắm cảnh,Khanh Hoa,https://www.tripadvisor.com.vn/Attraction_Review-g293928-d33110670-Reviews-Z_Beach_Nha_Trang-Nha_Trang_Khanh_Hoa_Province.html,162,tripadvisor_vn
Killed Kenny Bar,Quán bar & câu lạc bộ,Khanh Hoa,https://www.tripadvisor.com.vn/Attraction_Review-g293928-d14108980-Reviews-Killed_Kenny_Bar-Nha_Trang_Khanh_Hoa_Province.html,163,tripadvisor_vn
Cham Khanh Hoa,Nông trại,Khanh Hoa,https://www.tripadvisor.com.vn/Attraction_Review-g14125084-d20063813-Reviews-Cham_Khanh_Hoa-Cam_Duc_Cam_Lam_District_Khanh_Hoa_Province.html,164,tripadvisor_vn
Su Spa,Spa,Khanh Hoa,https://www.tripadvisor.com.vn/Attraction_Review-g293928-d2229470-Reviews-Su_Spa-Nha_Trang_Khanh_Hoa_Province.html,165,tripadvisor_vn
Amiana Resort Spa,Spa,Khanh Hoa,https://www.tripadvisor.com.vn/Attraction_Review-g293928-d8468535-Reviews-Amiana_Resort_Spa-Nha_Trang_Khanh_Hoa_Province.html,166,tripadvisor_vn
4F Mart Nha Trang,Cửa hàng bách hóa,Khanh Hoa,https://www.tripadvisor.com.vn/Attraction_Review-g293928-d34318504-Reviews-4F_Mart_Nha_Trang-Nha_Trang_Khanh_Hoa_Province.html,167,tripadvisor_vn
Hồ Cá Trí Nguyên,Viện hải dương học,Khanh Hoa,https://www.tripadvisor.com.vn/Attraction_Review-g293928-d32906927-Reviews-H_Ca_Tri_Nguyen-Nha_Trang_Khanh_Hoa_Province.html,168,tripadvisor_vn
Chua Long Tho,Điểm thu hút khách tham quan & thắng cảnh,Khanh Hoa,https://www.tripadvisor.com.vn/Attraction_Review-g12920594-d32864290-Reviews-Chua_Long_Tho-Ninh_Hoa_Khanh_Hoa_Province.html,169,tripadvisor_vn
Orchid Spa,Spa,Khanh Hoa,https://www.tripadvisor.com.vn/Attraction_Review-g293928-d7945901-Reviews-Orchid_Spa-Nha_Trang_Khanh_Hoa_Province.html,170,tripadvisor_vn
The Vibe,Quán ăn biểu diễn tạp kỹ • Sự kiện văn hóa,Khanh Hoa,https://www.tripadvisor.com.vn/Attraction_Review-g293928-d33595216-Reviews-The_Vibe-Nha_Trang_Khanh_Hoa_Province.html,171,tripadvisor_vn
Coastal Spa Cam Lâm,Spa,Khanh Hoa,https://www.tripadvisor.com.vn/Attraction_Review-g27468434-d33215953-Reviews-Coastal_Spa_Cam_Lam-Cam_Lam_District_Khanh_Hoa_Province.html,172,tripadvisor_vn
Surfbase Vietnam,Trung tâm du lịch • Bãi biển,Khanh Hoa,https://www.tripadvisor.com.vn/Attraction_Review-g1025208-d34061468-Reviews-Surfbase_Vietnam-Cam_Ranh_Khanh_Hoa_Province.html,173,tripadvisor_vn
Havana Club Nha Trang,Quán bar & câu lạc bộ • Câu lạc bộ khiêu vũ & vũ trường,Khanh Hoa,https://www.tripadvisor.com.vn/Attraction_Review-g293928-d9748275-Reviews-Havana_Club-Nha_Trang_Khanh_Hoa_Province.html,174,tripadvisor_vn
Xom Moi Market,Cửa hàng đặc sản & cửa hàng quà tặng,Khanh Hoa,https://www.tripadvisor.com.vn/Attraction_Review-g293928-d8010761-Reviews-Xom_Moi_Market-Nha_Trang_Khanh_Hoa_Province.html,175,tripadvisor_vn
Tyres Park,Điểm thu hút khách tham quan & thắng cảnh,Khanh Hoa,https://www.tripadvisor.com.vn/Attraction_Review-g293928-d21045374-Reviews-Tyres_Park-Nha_Trang_Khanh_Hoa_Province.html,176,tripadvisor_vn
Hutu Spa - Best Spa & Massage Nha Trang,Spa,Khanh Hoa,https://www.tripadvisor.com.vn/Attraction_Review-g293928-d32747165-Reviews-Hutu_Spa_Best_Spa_Massage_Nha_Trang-Nha_Trang_Khanh_Hoa_Province.html,177,tripadvisor_vn
Ganh Nhay Beach,Bãi biển,Khanh Hoa,https://www.tripadvisor.com.vn/Attraction_Review-g12920594-d23188138-Reviews-Ganh_Nhay_Beach-Ninh_Hoa_Khanh_Hoa_Province.html,178,tripadvisor_vn
Alexandre Yersin Park,Công viên,Khanh Hoa,https://www.tripadvisor.com.vn/Attraction_Review-g293928-d26397996-Reviews-Alexandre_Yersin_Park-Nha_Trang_Khanh_Hoa_Province.html,179,tripadvisor_vn
keonteulolssi nateulang,Cửa hàng đặc sản & cửa hàng quà tặng • Trung tâm mua sắm,Khanh Hoa,https://www.tripadvisor.com.vn/Attraction_Review-g293928-d34448948-Reviews-Keonteulolssi_nateulang-Nha_Trang_Khanh_Hoa_Province.html,180,tripadvisor_vn
Chùa Am Chúa,Địa điểm tôn giáo,Khanh Hoa,https://www.tripadvisor.com.vn/Attraction_Review-g293928-d11486308-Reviews-Am_Chua_Pagoda-Nha_Trang_Khanh_Hoa_Province.html,181,tripadvisor_vn
Lanterns Cooking Class,Lớp nấu ăn,Khanh Hoa,https://www.tripadvisor.com.vn/Attraction_Review-g293928-d1539377-Reviews-Lanterns_Cooking_Class-Nha_Trang_Khanh_Hoa_Province.html,182,tripadvisor_vn
Gold Coast in Nha Trang,Spa nước nóng,Khanh Hoa,https://www.tripadvisor.com.vn/Attraction_Review-g293928-d27149416-Reviews-Gold_Coast_in_Nha_Trang-Nha_Trang_Khanh_Hoa_Province.html,183,tripadvisor_vn
Babysitting/Nanny in Nha Trang,Cửa hàng đồ cổ,Khanh Hoa,https://www.tripadvisor.com.vn/Attraction_Review-g293928-d34096578-Reviews-Babysitting_Nanny_in_Nha_Trang-Nha_Trang_Khanh_Hoa_Province.html,184,tripadvisor_vn
Story Beach & Pool,Bãi biển & câu lạc bộ bể bơi,Khanh Hoa,https://www.tripadvisor.com.vn/Attraction_Review-g293928-d12968851-Reviews-Story_Beach_Pool-Nha_Trang_Khanh_Hoa_Province.html,185,tripadvisor_vn
Rum House,Cửa hàng đặc sản & cửa hàng quà tặng,Khanh Hoa,https://www.tripadvisor.com.vn/Attraction_Review-g293928-d26841012-Reviews-Rum_House-Nha_Trang_Khanh_Hoa_Province.html,186,tripadvisor_vn
Diamond Bay Golf & Villas,Sân gôn,Khanh Hoa,https://www.tripadvisor.com.vn/Attraction_Review-g293928-d6897560-Reviews-Diamond_Bay_Golf_Villas-Nha_Trang_Khanh_Hoa_Province.html,187,tripadvisor_vn
Gamezone Nha Trang,Trung tâm trò chơi & giải trí,Khanh Hoa,https://www.tripadvisor.com.vn/Attraction_Review-g293928-d33762080-Reviews-Gamezone_Nha_Trang-Nha_Trang_Khanh_Hoa_Province.html,188,tripadvisor_vn
NT Fitness Gym,Câu lạc bộ sức khỏe • Yoga & pilate,Khanh Hoa,https://www.tripadvisor.com.vn/Attraction_Review-g293928-d5943804-Reviews-NT_Fitness_Gym-Nha_Trang_Khanh_Hoa_Province.html,189,tripadvisor_vn
Dong Ho Mart,Trung tâm mua sắm,Khanh Hoa,https://www.tripadvisor.com.vn/Attraction_Review-g27468434-d34400030-Reviews-Dong_Ho_Mart-Cam_Lam_District_Khanh_Hoa_Province.html,190,tripadvisor_vn
Blue Light Transport,Taxi & xe đưa đón,Khanh Hoa,https://www.tripadvisor.com.vn/Attraction_Review-g293928-d34116160-Reviews-Blue_Light_Transport-Nha_Trang_Khanh_Hoa_Province.html,191,tripadvisor_vn
Cô Tiên Lữ Quán Nha Trang Cho Thuê Chòi,Vườn,Khanh Hoa,https://www.tripadvisor.com.vn/Attraction_Review-g293928-d27659139-Reviews-Co_Tien_L_Quan_Nha_Trang_Cho_Thue_Choi-Nha_Trang_Khanh_Hoa_Province.html,192,tripadvisor_vn
Dom Nha Trang,Quán bar & câu lạc bộ,Khanh Hoa,https://www.tripadvisor.com.vn/Attraction_Review-g293928-d27982078-Reviews-Dom_Nha_Trang-Nha_Trang_Khanh_Hoa_Province.html,193,tripadvisor_vn
Đầm Thủy Triều,Điểm thu hút khách tham quan & thắng cảnh • Bãi biển,Khanh Hoa,https://www.tripadvisor.com.vn/Attraction_Review-g1025208-d33018486-Reviews-D_m_Th_y_Tri_u-Cam_Ranh_Khanh_Hoa_Province.html,194,tripadvisor_vn
Hoang Yen Tailor,Cửa hàng đặc sản & cửa hàng quà tặng,Khanh Hoa,https://www.tripadvisor.com.vn/Attraction_Review-g293928-d6807119-Reviews-Hoang_Yen_Tailor-Nha_Trang_Khanh_Hoa_Province.html,195,tripadvisor_vn
Emperor Cruises Nha Trang Bay,Quần đảo • Chuyến tham quan bằng thuyền,Khanh Hoa,https://www.tripadvisor.com.vn/Attraction_Review-g293928-d7929240-Reviews-Emperor_Cruises_Nha_Trang_Bay-Nha_Trang_Khanh_Hoa_Province.html,196,tripadvisor_vn
Русский театр в Нячанге,Rạp hát,Khanh Hoa,https://www.tripadvisor.com.vn/Attraction_Review-g293928-d34265624-Reviews-Nha_Trang_Khanh_Hoa_Province.html,197,tripadvisor_vn
Dinh Khải Huyền,Điểm thu hút khách tham quan & thắng cảnh,Khanh Hoa,https://www.tripadvisor.com.vn/Attraction_Review-g293928-d27284477-Reviews-Palace_Of_Revelation-Nha_Trang_Khanh_Hoa_Province.html,198,tripadvisor_vn
Eye Photo,Phòng trưng bày nghệ thuật,Khanh Hoa,https://www.tripadvisor.com.vn/Attraction_Review-g293928-d33025757-Reviews-Eye_Photo-Nha_Trang_Khanh_Hoa_Province.html,199,tripadvisor_vn
Lemongrass House Vietnam,Cửa hàng đặc sản & cửa hàng quà tặng,Khanh Hoa,https://www.tripadvisor.com.vn/Attraction_Review-g293928-d11727298-Reviews-Lemongrass_House_Vietnam-Nha_Trang_Khanh_Hoa_Province.html,200,tripadvisor_vn
Hello Igloo Nha Trang,Trung tâm trò chơi & giải trí,Khanh Hoa,https://www.tripadvisor.com.vn/Attraction_Review-g293928-d18816055-Reviews-Hello_Igloo_Nha_Trang-Nha_Trang_Khanh_Hoa_Province.html,201,tripadvisor_vn
Axi Beach Lounge,Quán cà phê • Bãi biển & câu lạc bộ bể bơi,Khanh Hoa,https://www.tripadvisor.com.vn/Attraction_Review-g1025208-d32871644-Reviews-Axi_Beach_Lounge-Cam_Ranh_Khanh_Hoa_Province.html,202,tripadvisor_vn
Hon Mot,Quần đảo,Khanh Hoa,https://www.tripadvisor.com.vn/Attraction_Review-g293928-d21276367-Reviews-Hon_Mot-Nha_Trang_Khanh_Hoa_Province.html,203,tripadvisor_vn
nateulang geulin ibalso,Spa,Khanh Hoa,https://www.tripadvisor.com.vn/Attraction_Review-g293928-d34503313-Reviews-Nateulang_geulin_ibalso-Nha_Trang_Khanh_Hoa_Province.html,204,tripadvisor_vn
Oceanspa Camranh,Spa • Spa nước nóng,Khanh Hoa,https://www.tripadvisor.com.vn/Attraction_Review-g1025208-d34329250-Reviews-Oceanspa_Camranh-Cam_Ranh_Khanh_Hoa_Province.html,205,tripadvisor_vn
Tyni kid&family spa,Spa,Khanh Hoa,https://www.tripadvisor.com.vn/Attraction_Review-g293928-d26226166-Reviews-Tyni_kid_family_spa-Nha_Trang_Khanh_Hoa_Province.html,206,tripadvisor_vn
Miya Jewellery,Cửa hàng đặc sản & cửa hàng quà tặng • Buổi học & hội thảo,Khanh Hoa,https://www.tripadvisor.com.vn/Attraction_Review-g293928-d25126527-Reviews-Miya_Jewellery-Nha_Trang_Khanh_Hoa_Province.html,207,tripadvisor_vn
Wolpertinger Cocktail Vault,Quán bar rượu vang,Khanh Hoa,https://www.tripadvisor.com.vn/Attraction_Review-g293928-d26524905-Reviews-Wolpertinger_Cocktail_Vault-Nha_Trang_Khanh_Hoa_Province.html,208,tripadvisor_vn
Quán Bar Above,Quán bar & câu lạc bộ,Khanh Hoa,https://www.tripadvisor.com.vn/Attraction_Review-g293928-d10000831-Reviews-Above_Skybar-Nha_Trang_Khanh_Hoa_Province.html,209,tripadvisor_vn
Thuê Xe Máy Nha Trang Anh Cường,Cho thuê tiện ích,Khanh Hoa,https://www.tripadvisor.com.vn/Attraction_Review-g293928-d33949894-Reviews-Motorbike_Rental_Nha_Trang_Anh_Cuong-Nha_Trang_Khanh_Hoa_Province.html,210,tripadvisor_vn
The Rabbit Hole Night Club,Quán bar & câu lạc bộ • Câu lạc bộ khiêu vũ & vũ trường,Khanh Hoa,https://www.tripadvisor.com.vn/Attraction_Review-g293928-d12212055-Reviews-The_Rabbit_Hole_Night_Club-Nha_Trang_Khanh_Hoa_Province.html,211,tripadvisor_vn
Du Thuyền Nha Trang,Bến du thuyền • Điểm thu hút khách tham quan & thắng cảnh,Khanh Hoa,https://www.tripadvisor.com.vn/Attraction_Review-g293928-d33399054-Reviews-Du_Thuy_n_Nha_Trang-Nha_Trang_Khanh_Hoa_Province.html,212,tripadvisor_vn
Bảo tàng ngọc trai Hoàng Gia Nha Trang,Cửa hàng đặc sản & cửa hàng quà tặng,Khanh Hoa,https://www.tripadvisor.com.vn/Attraction_Review-g293928-d33883109-Reviews-B_o_tang_Ng_c_Trai_Hoang_Gia-Nha_Trang_Khanh_Hoa_Province.html,213,tripadvisor_vn
Bida Nhật Kiều 2,Trung tâm trò chơi & giải trí,Khanh Hoa,https://www.tripadvisor.com.vn/Attraction_Review-g293928-d19849871-Reviews-Bida_Nhat_Kieu_2-Nha_Trang_Khanh_Hoa_Province.html,214,tripadvisor_vn
Nha Trang Bay,Vùng nước,Khanh Hoa,https://www.tripadvisor.com.vn/Attraction_Review-g293928-d17713635-Reviews-Nha_Trang_Bay-Nha_Trang_Khanh_Hoa_Province.html,215,tripadvisor_vn
Edu Waterfall - Thác Edu,Thác nước,Khanh Hoa,https://www.tripadvisor.com.vn/Attraction_Review-g17674832-d27505969-Reviews-Edu_Waterfall_Thac_Edu-Khanh_Vinh_Khanh_Hoa_Province.html,216,tripadvisor_vn
Coconut Massage,Spa,Khanh Hoa,https://www.tripadvisor.com.vn/Attraction_Review-g293928-d6983687-Reviews-Coconut_Massage-Nha_Trang_Khanh_Hoa_Province.html,218,tripadvisor_vn
Kim Beauty & Spa,Spa,Khanh Hoa,https://www.tripadvisor.com.vn/Attraction_Review-g293928-d16835204-Reviews-Kim_Beauty_Spa-Nha_Trang_Khanh_Hoa_Province.html,219,tripadvisor_vn
Nha Trang Sport Unite,Câu lạc bộ sức khỏe • Khu liên hợp thể thao,Khanh Hoa,https://www.tripadvisor.com.vn/Attraction_Review-g293928-d23040231-Reviews-Nha_Trang_Sport_Unite-Nha_Trang_Khanh_Hoa_Province.html,220,tripadvisor_vn
Quynh Phu Assembly Hall Ninh Hoa,Viện bảo tàng nghệ thuật,Khanh Hoa,https://www.tripadvisor.com.vn/Attraction_Review-g21504526-d32865948-Reviews-Quynh_Phu_Assembly_Hall_Ninh_Hoa-Ninh_Hiep_Ninh_Hoa_Khanh_Hoa_Province.html,221,tripadvisor_vn
Cơ Sở Ánh Sáng Người Mù,Spa,Khanh Hoa,https://www.tripadvisor.com.vn/Attraction_Review-g293928-d8098776-Reviews-Blind_Massage_Hoa_Lu-Nha_Trang_Khanh_Hoa_Province.html,222,tripadvisor_vn
Samadhi Spa Nha Trang,Spa,Khanh Hoa,https://www.tripadvisor.com.vn/Attraction_Review-g293928-d28667067-Reviews-Samadhi_Spa_Nha_Trang-Nha_Trang_Khanh_Hoa_Province.html,223,tripadvisor_vn
Galina Mud Bath and Spa,Spa,Khanh Hoa,https://www.tripadvisor.com.vn/Attraction_Review-g293928-d7050521-Reviews-Galina_Mud_Bath_and_Spa-Nha_Trang_Khanh_Hoa_Province.html,224,tripadvisor_vn
Vincharm Spa,Spa • Spa nước nóng,Khanh Hoa,https://www.tripadvisor.com.vn/Attraction_Review-g293928-d15708977-Reviews-Vincharm_Spa-Nha_Trang_Khanh_Hoa_Province.html,225,tripadvisor_vn
Tattoo Nha Trang Club,Cửa hàng đặc sản & cửa hàng quà tặng,Khanh Hoa,https://www.tripadvisor.com.vn/Attraction_Review-g293928-d26771889-Reviews-Hi_u_Tattoo_Nha_Trang-Nha_Trang_Khanh_Hoa_Province.html,226,tripadvisor_vn
Kathedraal Van Nha Trang,Nhà thờ & nhà thờ lớn,Khanh Hoa,https://www.tripadvisor.com.vn/Attraction_Review-g293928-d33037996-Reviews-Kathedraal_Van_Nha_Trang-Nha_Trang_Khanh_Hoa_Province.html,227,tripadvisor_vn
Nha Trang The Hill Spa,Spa,Khanh Hoa,https://www.tripadvisor.com.vn/Attraction_Review-g293928-d34389726-Reviews-Nha_Trang_The_Hill_Spa-Nha_Trang_Khanh_Hoa_Province.html,228,tripadvisor_vn
Chua Duc Hoa Temple,Điểm thu hút khách tham quan & thắng cảnh,Khanh Hoa,https://www.tripadvisor.com.vn/Attraction_Review-g12920594-d32864259-Reviews-Chua_Duc_Hoa_Temple-Ninh_Hoa_Khanh_Hoa_Province.html,229,tripadvisor_vn
Diamond Bay Golf,Sân gôn,Khanh Hoa,https://www.tripadvisor.com.vn/Attraction_Review-g293928-d8299996-Reviews-Diamond_Bay_Golf-Nha_Trang_Khanh_Hoa_Province.html,230,tripadvisor_vn
GỐC Studio,Cửa hàng đặc sản & cửa hàng quà tặng • Phòng trưng bày nghệ thuật,Khanh Hoa,https://www.tripadvisor.com.vn/Attraction_Review-g293928-d32883886-Reviews-G_C_Studio-Nha_Trang_Khanh_Hoa_Province.html,231,tripadvisor_vn
"Excursions In Nha Trang, Vietnam - Uncle Vanya",Tour thăm quan thành phố • Chuyến tham quan cà phê & trà,Khanh Hoa,https://www.tripadvisor.com.vn/Attraction_Review-g293928-d8611004-Reviews-Excursions_In_Nha_Trang_Vietnam_Uncle_Vanya-Nha_Trang_Khanh_Hoa_Province.html,232,tripadvisor_vn
Ga Nha Trang,Dịch vụ đường sắt • Hệ thống giao thông công cộng,Khanh Hoa,https://www.tripadvisor.com.vn/Attraction_Review-g293928-d12151081-Reviews-Nha_Trang_Train_Station-Nha_Trang_Khanh_Hoa_Province.html,233,tripadvisor_vn
Bai Tranh Island,Bãi biển & câu lạc bộ bể bơi,Khanh Hoa,https://www.tripadvisor.com.vn/Attraction_Review-g293928-d19726703-Reviews-Bai_Tranh_Island-Nha_Trang_Khanh_Hoa_Province.html,234,tripadvisor_vn
T Spa - Spa Massage,Spa,Khanh Hoa,https://www.tripadvisor.com.vn/Attraction_Review-g293928-d27138132-Reviews-T_Spa_Spa_Massage-Nha_Trang_Khanh_Hoa_Province.html,235,tripadvisor_vn
Zen Spa,Spa,Khanh Hoa,https://www.tripadvisor.com.vn/Attraction_Review-g293928-d15058913-Reviews-Zen_Spa-Nha_Trang_Khanh_Hoa_Province.html,236,tripadvisor_vn
Galina Show,Nhà hát & biểu diễn,Khanh Hoa,https://www.tripadvisor.com.vn/Attraction_Review-g293928-d12499191-Reviews-Galina_Show-Nha_Trang_Khanh_Hoa_Province.html,237,tripadvisor_vn
Anth's Spa,Spa,Khanh Hoa,https://www.tripadvisor.com.vn/Attraction_Review-g293928-d28220529-Reviews-Anth_s_Spa-Nha_Trang_Khanh_Hoa_Province.html,238,tripadvisor_vn
Olympic Nha Trang Gym & Fitness,Câu lạc bộ sức khỏe,Khanh Hoa,https://www.tripadvisor.com.vn/Attraction_Review-g293928-d10818242-Reviews-Olympic_Nha_Trang_Gym_Fitness-Nha_Trang_Khanh_Hoa_Province.html,239,tripadvisor_vn
T.A.P Hair Salon - Hair Stylist & Academy,Đang mở cửa,Khanh Hoa,https://www.tripadvisor.com.vn/Attraction_Review-g293928-d26353748-Reviews-T_A_P_Hair_Salon_Hair_Stylist_Academy-Nha_Trang_Khanh_Hoa_Province.html,240,tripadvisor_vn
04 Tattoo Studio,Cửa hàng đặc sản & cửa hàng quà tặng,Khanh Hoa,https://www.tripadvisor.com.vn/Attraction_Review-g293928-d32731002-Reviews-04_Tattoo_Studio-Nha_Trang_Khanh_Hoa_Province.html,241,tripadvisor_vn
Calla Spa Nha Trang,Spa,Khanh Hoa,https://www.tripadvisor.com.vn/Attraction_Review-g293928-d25188718-Reviews-Calla_Spa_Nha_Trang-Nha_Trang_Khanh_Hoa_Province.html,242,tripadvisor_vn
Last Call,Quán bar & câu lạc bộ,Khanh Hoa,https://www.tripadvisor.com.vn/Attraction_Review-g293928-d26823921-Reviews-Last_Call-Nha_Trang_Khanh_Hoa_Province.html,243,tripadvisor_vn
Lucky Spa Foot & Body Massage,Spa,Khanh Hoa,https://www.tripadvisor.com.vn/Attraction_Review-g293928-d11746383-Reviews-Lucky_Spa_Foot_Body_Massage-Nha_Trang_Khanh_Hoa_Province.html,244,tripadvisor_vn
Mắt Kính Mia,Cửa hàng đặc sản & cửa hàng quà tặng,Khanh Hoa,https://www.tripadvisor.com.vn/Attraction_Review-g293928-d33996553-Reviews-M_t_Kinh_Mia-Nha_Trang_Khanh_Hoa_Province.html,245,tripadvisor_vn
Luxe Nails & Spa Nha Trang,Spa,Khanh Hoa,https://www.tripadvisor.com.vn/Attraction_Review-g293928-d33238962-Reviews-Luxe_Nails_Spa_Nha_Trang-Nha_Trang_Khanh_Hoa_Province.html,246,tripadvisor_vn
The Cooking School at Sheraton Nha Trang,Lớp nấu ăn,Khanh Hoa,https://www.tripadvisor.com.vn/Attraction_Review-g293928-d17734085-Reviews-The_Cooking_School_at_Sheraton_Nha_Trang-Nha_Trang_Khanh_Hoa_Province.html,247,tripadvisor_vn
Spa Maryana Queen,Spa,Khanh Hoa,https://www.tripadvisor.com.vn/Attraction_Review-g293928-d10794935-Reviews-Spa_Maryana_Queen-Nha_Trang_Khanh_Hoa_Province.html,248,tripadvisor_vn
Gang Spa Nha Trang,Spa • Spa nước nóng,Khanh Hoa,https://www.tripadvisor.com.vn/Attraction_Review-g293928-d33966389-Reviews-Gang_Spa_Nha_Trang-Nha_Trang_Khanh_Hoa_Province.html,249,tripadvisor_vn
Sunrise Spa,Yoga & pilate • Spa,Khanh Hoa,https://www.tripadvisor.com.vn/Attraction_Review-g293928-d11698423-Reviews-Sunrise_Spa-Nha_Trang_Khanh_Hoa_Province.html,250,tripadvisor_vn
Cala Spa,Spa,Khanh Hoa,https://www.tripadvisor.com.vn/Attraction_Review-g18928520-d26785306-Reviews-Cala_Spa-Cam_Hai_Dong_Cam_Lam_District_Khanh_Hoa_Province.html,251,tripadvisor_vn
Bông Villa,Quán bar & câu lạc bộ • Vườn,Khanh Hoa,https://www.tripadvisor.com.vn/Attraction_Review-g293928-d27250633-Reviews-Bong_Villa-Nha_Trang_Khanh_Hoa_Province.html,252,tripadvisor_vn
Công Ty Cổ phần thương mại dịch vụ mua sắm Nha Trang,Cửa hàng đặc sản & cửa hàng quà tặng,Khanh Hoa,https://www.tripadvisor.com.vn/Attraction_Review-g293928-d7037905-Reviews-Nha_Trang_Shopping-Nha_Trang_Khanh_Hoa_Province.html,253,tripadvisor_vn
Vietnam Active - PADI Dive Center & Snorkeling,Lặn bằng bình khí & lặn bằng ống thở,Khanh Hoa,https://www.tripadvisor.com.vn/Attraction_Review-g293928-d4064537-Reviews-Vietnam_Active_PADI_Dive_Center_Snorkeling-Nha_Trang_Khanh_Hoa_Province.html,254,tripadvisor_vn
Laila Spa&nails,Spa,Khanh Hoa,https://www.tripadvisor.com.vn/Attraction_Review-g293928-d27727620-Reviews-Laila_Spa_nails-Nha_Trang_Khanh_Hoa_Province.html,255,tripadvisor_vn
Catamaran VN,Chuyến tham quan bằng thuyền • Thuê thuyền câu cá & tham quan,Khanh Hoa,https://www.tripadvisor.com.vn/Attraction_Review-g293928-d11635832-Reviews-Catamaran_VN-Nha_Trang_Khanh_Hoa_Province.html,256,tripadvisor_vn
CHAN SPA Foot & Body Massage,Spa,Khanh Hoa,https://www.tripadvisor.com.vn/Attraction_Review-g293928-d28027616-Reviews-Chan_Spa_Foot_Body_Massage-Nha_Trang_Khanh_Hoa_Province.html,257,tripadvisor_vn
White Lotus - Traditional Medicine Center,Spa,Khanh Hoa,https://www.tripadvisor.com.vn/Attraction_Review-g293928-d17558140-Reviews-White_Lotus_Traditional_Medicine_Center-Nha_Trang_Khanh_Hoa_Province.html,259,tripadvisor_vn
Туоператор МИР ТУР,Tour thăm quan thành phố • Chuyến tham quan nhiều ngày,Khanh Hoa,https://www.tripadvisor.com.vn/Attraction_Review-g293928-d19095465-Reviews-Nha_Trang_Khanh_Hoa_Province.html,260,tripadvisor_vn
Chum Show - Đó Theatre,Nhà hát & biểu diễn,Khanh Hoa,https://www.tripadvisor.com.vn/Attraction_Review-g293928-d33960239-Reviews-Chum_Show_Do_Theatre-Nha_Trang_Khanh_Hoa_Province.html,261,tripadvisor_vn
Thien Therapy2,Spa,Khanh Hoa,https://www.tripadvisor.com.vn/Attraction_Review-g293928-d27727645-Reviews-Thien_Therapy2-Nha_Trang_Khanh_Hoa_Province.html,262,tripadvisor_vn
Why Not Bar Nha Trang,Quán bar & câu lạc bộ,Khanh Hoa,https://www.tripadvisor.com.vn/Attraction_Review-g293928-d32973106-Reviews-Why_Not_Bar_Nha_Trang-Nha_Trang_Khanh_Hoa_Province.html,264,tripadvisor_vn
Everyday Spa,Spa,Khanh Hoa,https://www.tripadvisor.com.vn/Attraction_Review-g293928-d7771179-Reviews-Everyday_Spa-Nha_Trang_Khanh_Hoa_Province.html,265,tripadvisor_vn
Yoga Victoria,Yoga & pilate,Khanh Hoa,https://www.tripadvisor.com.vn/Attraction_Review-g293928-d4133620-Reviews-Yoga_Victoria-Nha_Trang_Khanh_Hoa_Province.html,266,tripadvisor_vn
Feel Good Spa Nha Trang,Spa,Khanh Hoa,https://www.tripadvisor.com.vn/Attraction_Review-g293928-d28093169-Reviews-Feel_Good_Spa_Nha_Trang-Nha_Trang_Khanh_Hoa_Province.html,267,tripadvisor_vn
Mys Spa Nha Trang,Spa,Khanh Hoa,https://www.tripadvisor.com.vn/Attraction_Review-g293928-d29004461-Reviews-Mys_Spa_Nha_Trang-Nha_Trang_Khanh_Hoa_Province.html,268,tripadvisor_vn
Nha Trang Maulspa Cam Ranh,Spa • Spa nước nóng,Khanh Hoa,https://www.tripadvisor.com.vn/Attraction_Review-g1025208-d34329237-Reviews-Nha_Trang_Maulspa_Cam_Ranh-Cam_Ranh_Khanh_Hoa_Province.html,269,tripadvisor_vn
Mr. Viet Coffee Concept Store Nha Trang,Cửa hàng đặc sản & cửa hàng quà tặng,Khanh Hoa,https://www.tripadvisor.com.vn/Attraction_Review-g293928-d33413285-Reviews-Mr_Viet_Coffee_Concept_Store_Nha_Trang-Nha_Trang_Khanh_Hoa_Province.html,270,tripadvisor_vn
W Spa&nails,Spa,Khanh Hoa,https://www.tripadvisor.com.vn/Attraction_Review-g293928-d27727626-Reviews-W_Spa_nails-Nha_Trang_Khanh_Hoa_Province.html,271,tripadvisor_vn
LOTUS Beauty & Spa,Spa,Khanh Hoa,https://www.tripadvisor.com.vn/Attraction_Review-g293928-d6931234-Reviews-LOTUS_Beauty_Spa-Nha_Trang_Khanh_Hoa_Province.html,272,tripadvisor_vn
Magical Mystery Tour Nha Trang - Viet Garden Cooking,Lớp nấu ăn,Khanh Hoa,https://www.tripadvisor.com.vn/Attraction_Review-g293928-d6696310-Reviews-Magical_Mystery_Tour_Nha_Trang_Viet_Garden_Cooking-Nha_Trang_Khanh_Hoa_Province.html,273,tripadvisor_vn
GARDEN SPA,Spa • Spa nước nóng,Khanh Hoa,https://www.tripadvisor.com.vn/Attraction_Review-g1025208-d34329246-Reviews-GARDEN_SPA-Cam_Ranh_Khanh_Hoa_Province.html,274,tripadvisor_vn
Well Spa,Chuyến tham quan & nếm rượu vang,Khanh Hoa,https://www.tripadvisor.com.vn/Attraction_Review-g293928-d21369154-Reviews-Well_Spa-Nha_Trang_Khanh_Hoa_Province.html,275,tripadvisor_vn
Master Karaoke & Restaurant,Quầy bar karaoke,Khanh Hoa,https://www.tripadvisor.com.vn/Attraction_Review-g293928-d27738788-Reviews-Master_Karaoke_Restaurant-Nha_Trang_Khanh_Hoa_Province.html,276,tripadvisor_vn
Kissa Souvenirs Nha Trang,Cửa hàng đặc sản & cửa hàng quà tặng,Khanh Hoa,https://www.tripadvisor.com.vn/Attraction_Review-g293928-d15410285-Reviews-Kissa_Souvenirs_Nha_Trang-Nha_Trang_Khanh_Hoa_Province.html,277,tripadvisor_vn
Phuong Nam Bookstore,Cửa hàng đặc sản & cửa hàng quà tặng,Khanh Hoa,https://www.tripadvisor.com.vn/Attraction_Review-g293928-d21075764-Reviews-Phuong_Nam_Bookstore-Nha_Trang_Khanh_Hoa_Province.html,278,tripadvisor_vn
Amora Spa - Massage And Nail Nha Trang,Spa,Khanh Hoa,https://www.tripadvisor.com.vn/Attraction_Review-g293928-d33334629-Reviews-Amora_Spa_Massage_And_Nail_Nha_Trang-Nha_Trang_Khanh_Hoa_Province.html,279,tripadvisor_vn
Only Spa Nha Trang - Massage Body & Foot,Spa • Spa nước nóng,Khanh Hoa,https://www.tripadvisor.com.vn/Attraction_Review-g293928-d33280333-Reviews-Only_Spa_Nha_Trang_Massage_Body_Foot-Nha_Trang_Khanh_Hoa_Province.html,280,tripadvisor_vn
Beerpong,Quán bar & câu lạc bộ,Khanh Hoa,https://www.tripadvisor.com.vn/Attraction_Review-g293928-d5492662-Reviews-Beerpong-Nha_Trang_Khanh_Hoa_Province.html,281,tripadvisor_vn
Vinbath Check In,Trung tâm trò chơi & giải trí,Khanh Hoa,https://www.tripadvisor.com.vn/Attraction_Review-g293928-d27338876-Reviews-Vinbath_Check_In-Nha_Trang_Khanh_Hoa_Province.html,282,tripadvisor_vn
Gunwolf Hairsalon,Spa,Khanh Hoa,https://www.tripadvisor.com.vn/Attraction_Review-g293928-d27685424-Reviews-Gunwolf_Hairsalon-Nha_Trang_Khanh_Hoa_Province.html,284,tripadvisor_vn
Massage Người Mù - Ngọc Tiến,Spa,Khanh Hoa,https://www.tripadvisor.com.vn/Attraction_Review-g293928-d6931520-Reviews-Blind_Massage_Ngoc_Tien-Nha_Trang_Khanh_Hoa_Province.html,285,tripadvisor_vn
Spa Lux,Spa,Khanh Hoa,https://www.tripadvisor.com.vn/Attraction_Review-g293928-d33055276-Reviews-Spa_Lux-Nha_Trang_Khanh_Hoa_Province.html,286,tripadvisor_vn
Le Spa At Alma Resort,Spa,Khanh Hoa,https://www.tripadvisor.com.vn/Attraction_Review-g18928520-d25064343-Reviews-Le_Spa_At_Alma_Resort-Cam_Hai_Dong_Cam_Lam_District_Khanh_Hoa_Province.html,287,tripadvisor_vn
BlNLD MASSAGE KING,Spa,Khanh Hoa,https://www.tripadvisor.com.vn/Attraction_Review-g293928-d27106313-Reviews-King_Blind_Massage-Nha_Trang_Khanh_Hoa_Province.html,288,tripadvisor_vn
Yolo Ocean Camp,Dù kéo & dù lượn • Lặn bằng bình khí & lặn bằng ống thở,Khanh Hoa,https://www.tripadvisor.com.vn/Attraction_Review-g293928-d25559926-Reviews-Yolo_Ocean_Camp-Nha_Trang_Khanh_Hoa_Province.html,289,tripadvisor_vn
Luxe Hair Salon,Spa,Khanh Hoa,https://www.tripadvisor.com.vn/Attraction_Review-g293928-d33993846-Reviews-Luxe_Hair_Salon-Nha_Trang_Khanh_Hoa_Province.html,290,tripadvisor_vn
Healing Spa,Spa,Khanh Hoa,https://www.tripadvisor.com.vn/Attraction_Review-g293928-d34471729-Reviews-Healing_spa-Nha_Trang_Khanh_Hoa_Province.html,291,tripadvisor_vn
VŨ THÀNH TAILOR,Cửa hàng đặc sản & cửa hàng quà tặng,Khanh Hoa,https://www.tripadvisor.com.vn/Attraction_Review-g293928-d27118377-Reviews-VU_THANH_TAILOR-Nha_Trang_Khanh_Hoa_Province.html,292,tripadvisor_vn
Venus Yoga & Fitness Center,Câu lạc bộ sức khỏe • Yoga & pilate,Khanh Hoa,https://www.tripadvisor.com.vn/Attraction_Review-g293928-d24071774-Reviews-Venus_Yoga_Fitness_Center-Nha_Trang_Khanh_Hoa_Province.html,293,tripadvisor_vn
Nha Trang Sea Star,Lặn bằng bình khí & lặn bằng ống thở,Khanh Hoa,https://www.tripadvisor.com.vn/Attraction_Review-g293928-d8638628-Reviews-Nha_Trang_Sea_Star-Nha_Trang_Khanh_Hoa_Province.html,294,tripadvisor_vn
Trầm Hương Spa,Spa,Khanh Hoa,https://www.tripadvisor.com.vn/Attraction_Review-g14125084-d25573517-Reviews-Tr_m_Huong_Spa-Cam_Duc_Cam_Lam_District_Khanh_Hoa_Province.html,295,tripadvisor_vn
Vivian Spa,Spa,Khanh Hoa,https://www.tripadvisor.com.vn/Attraction_Review-g293928-d10024584-Reviews-Vivian_Spa-Nha_Trang_Khanh_Hoa_Province.html,296,tripadvisor_vn
Paradise Club Nha Trang,Quán bar & câu lạc bộ • Câu lạc bộ khiêu vũ & vũ trường,Khanh Hoa,https://www.tripadvisor.com.vn/Attraction_Review-g293928-d23860401-Reviews-Paradise_Club_Nha_Trang-Nha_Trang_Khanh_Hoa_Province.html,297,tripadvisor_vn
Miu Miu Spa & Beauty,Spa,Khanh Hoa,https://www.tripadvisor.com.vn/Attraction_Review-g293928-d17527586-Reviews-Miu_Miu_Spa_Beauty-Nha_Trang_Khanh_Hoa_Province.html,298,tripadvisor_vn
Legendary Chocolatier,Cửa hàng đặc sản & cửa hàng quà tặng,Khanh Hoa,https://www.tripadvisor.com.vn/Attraction_Review-g293928-d18313868-Reviews-Legendary_Chocolatier-Nha_Trang_Khanh_Hoa_Province.html,299,tripadvisor_vn
Nha Trang Xua Cooking Class,Lớp nấu ăn,Khanh Hoa,https://www.tripadvisor.com.vn/Attraction_Review-g293928-d30695561-Reviews-Nha_Trang_Xua_Cooking_Class-Nha_Trang_Khanh_Hoa_Province.html,300,tripadvisor_vn
Inner Coffee- Cây & Workshop,Quán cà phê,Khanh Hoa,https://www.tripadvisor.com.vn/Attraction_Review-g293928-d25223028-Reviews-Inner_Coffee_Cay_Workshop-Nha_Trang_Khanh_Hoa_Province.html,301,tripadvisor_vn
Jeju Spa Cam Ranh,Spa,Khanh Hoa,https://www.tripadvisor.com.vn/Attraction_Review-g14125084-d32859278-Reviews-Jeju_Spa_Cam_Ranh-Cam_Duc_Cam_Lam_District_Khanh_Hoa_Province.html,302,tripadvisor_vn
Spa Hồng Nhung Luxury - Cam Ranh,Spa,Khanh Hoa,https://www.tripadvisor.com.vn/Attraction_Review-g1025208-d27781929-Reviews-Spa_H_ng_Nhung_Luxury_Cam_Ranh-Cam_Ranh_Khanh_Hoa_Province.html,303,tripadvisor_vn
White Spa & Nail,Đang mở cửa,Khanh Hoa,https://www.tripadvisor.com.vn/Attraction_Review-g293928-d14821288-Reviews-White_Spa_Nail-Nha_Trang_Khanh_Hoa_Province.html,304,tripadvisor_vn
Henry Spa,Spa,Khanh Hoa,https://www.tripadvisor.com.vn/Attraction_Review-g293928-d20093047-Reviews-Henry_Spa-Nha_Trang_Khanh_Hoa_Province.html,305,tripadvisor_vn
Lounge Spa,Spa,Khanh Hoa,https://www.tripadvisor.com.vn/Attraction_Review-g293928-d19270245-Reviews-Lounge_Spa-Nha_Trang_Khanh_Hoa_Province.html,306,tripadvisor_vn
Du thuyền Vega,Bến du thuyền • Lặn bằng bình khí & lặn bằng ống thở,Khanh Hoa,https://www.tripadvisor.com.vn/Attraction_Review-g293928-d20943588-Reviews-Vega_Yacht_Viet_Nam-Nha_Trang_Khanh_Hoa_Province.html,307,tripadvisor_vn
Nha Trang Transfer Services,Taxi & xe đưa đón,Khanh Hoa,https://www.tripadvisor.com.vn/Attraction_Review-g293928-d15608874-Reviews-Nha_Trang_Transfer_Services-Nha_Trang_Khanh_Hoa_Province.html,308,tripadvisor_vn
Tê Bê Chilling Cocktail House,Quán bar & câu lạc bộ,Khanh Hoa,https://www.tripadvisor.com.vn/Attraction_Review-g293928-d25223021-Reviews-Te_Be_Chilling_Cocktail_House-Nha_Trang_Khanh_Hoa_Province.html,309,tripadvisor_vn
Why Not Bar,Quán bar & câu lạc bộ,Khanh Hoa,https://www.tripadvisor.com.vn/Attraction_Review-g293928-d782081-Reviews-Why_Not_Bar-Nha_Trang_Khanh_Hoa_Province.html,310,tripadvisor_vn
Oasis,Spa,Khanh Hoa,https://www.tripadvisor.com.vn/Attraction_Review-g293928-d4340408-Reviews-Oasis-Nha_Trang_Khanh_Hoa_Province.html,311,tripadvisor_vn
Ngọc Xuân Beauty & More,Spa,Khanh Hoa,https://www.tripadvisor.com.vn/Attraction_Review-g293928-d26375780-Reviews-Ng_c_Xuan_Beauty_More-Nha_Trang_Khanh_Hoa_Province.html,312,tripadvisor_vn
Massage Người Mù,Spa,Khanh Hoa,https://www.tripadvisor.com.vn/Attraction_Review-g293928-d8295671-Reviews-The_Blind_Massage-Nha_Trang_Khanh_Hoa_Province.html,313,tripadvisor_vn
Leva Spa - Massage & Sauna Nha Trang,Spa,Khanh Hoa,https://www.tripadvisor.com.vn/Attraction_Review-g293928-d26266580-Reviews-Leva_Spa_Massage_Sauna_Nha_Trang-Nha_Trang_Khanh_Hoa_Province.html,314,tripadvisor_vn
Én Beauty,Spa,Khanh Hoa,https://www.tripadvisor.com.vn/Attraction_Review-g293928-d26579021-Reviews-En_Beauty-Nha_Trang_Khanh_Hoa_Province.html,315,tripadvisor_vn
Y - Nam Spa Massage,Spa,Khanh Hoa,https://www.tripadvisor.com.vn/Attraction_Review-g27468434-d34114844-Reviews-Y_Nam_Spa_Massage-Cam_Lam_District_Khanh_Hoa_Province.html,316,tripadvisor_vn
Min An - Gội Đầu Dưỡng Sinh Nha Trang,Spa,Khanh Hoa,https://www.tripadvisor.com.vn/Attraction_Review-g293928-d26730677-Reviews-Min_An_G_i_D_u_Du_ng_Sinh_Nha_Trang-Nha_Trang_Khanh_Hoa_Province.html,317,tripadvisor_vn
HP Beauty & Facial Nha Trang,Spa,Khanh Hoa,https://www.tripadvisor.com.vn/Attraction_Review-g293928-d26613747-Reviews-HP_Beauty_Facial_Nha_Trang-Nha_Trang_Khanh_Hoa_Province.html,318,tripadvisor_vn
Easy Rider Nha Trang,Tour thăm quan thành phố • Chuyến tham quan nhiều ngày,Khanh Hoa,https://www.tripadvisor.com.vn/Attraction_Review-g293928-d4995660-Reviews-Easy_Rider_Nha_Trang-Nha_Trang_Khanh_Hoa_Province.html,320,tripadvisor_vn
Mây Spa,Spa,Khanh Hoa,https://www.tripadvisor.com.vn/Attraction_Review-g293928-d19596224-Reviews-May_Spa-Nha_Trang_Khanh_Hoa_Province.html,321,tripadvisor_vn
Gold Leaf Luxury Spa & Beauty,Spa,Khanh Hoa,https://www.tripadvisor.com.vn/Attraction_Review-g293928-d18978644-Reviews-Gold_Leaf_Luxury_Spa_Beauty-Nha_Trang_Khanh_Hoa_Province.html,322,tripadvisor_vn
DTX Spa & Massage,Spa,Khanh Hoa,https://www.tripadvisor.com.vn/Attraction_Review-g293928-d23452695-Reviews-DTX_Spa_Massage-Nha_Trang_Khanh_Hoa_Province.html,323,tripadvisor_vn
July Spa,Spa,Khanh Hoa,https://www.tripadvisor.com.vn/Attraction_Review-g18928520-d32866919-Reviews-July_Spa-Cam_Hai_Dong_Cam_Lam_District_Khanh_Hoa_Province.html,324,tripadvisor_vn
Karaoke Avatar Best Music,Quầy bar karaoke,Khanh Hoa,https://www.tripadvisor.com.vn/Attraction_Review-g293928-d21041156-Reviews-Karaoke_Avatar_Best_Music-Nha_Trang_Khanh_Hoa_Province.html,325,tripadvisor_vn
Coco Spa,Spa,Khanh Hoa,https://www.tripadvisor.com.vn/Attraction_Review-g293928-d19321706-Reviews-Coco_Spa-Nha_Trang_Khanh_Hoa_Province.html,326,tripadvisor_vn
Adelia Spa,Spa,Khanh Hoa,https://www.tripadvisor.com.vn/Attraction_Review-g293928-d26094733-Reviews-Adelia_Spa-Nha_Trang_Khanh_Hoa_Province.html,327,tripadvisor_vn
Chanh Spa & Nail,Spa • Spa nước nóng,Khanh Hoa,https://www.tripadvisor.com.vn/Attraction_Review-g1025208-d34426445-Reviews-Chanh_Spa_Nail-Cam_Ranh_Khanh_Hoa_Province.html,328,tripadvisor_vn
Vietphong,Cửa hàng đặc sản & cửa hàng quà tặng,Khanh Hoa,https://www.tripadvisor.com.vn/Attraction_Review-g293928-d25265326-Reviews-Vietphong-Nha_Trang_Khanh_Hoa_Province.html,329,tripadvisor_vn
Mina Spa,Spa,Khanh Hoa,https://www.tripadvisor.com.vn/Attraction_Review-g293928-d28149697-Reviews-Mina_Spa-Nha_Trang_Khanh_Hoa_Province.html,330,tripadvisor_vn
Himalaya Luxury Beauty Center,Spa,Khanh Hoa,https://www.tripadvisor.com.vn/Attraction_Review-g14125084-d26859272-Reviews-Himalaya_Luxury_Beauty_Center-Cam_Duc_Cam_Lam_District_Khanh_Hoa_Province.html,331,tripadvisor_vn
Thuê Xe Máy Nha Trang,Cho thuê tiện ích,Khanh Hoa,https://www.tripadvisor.com.vn/Attraction_Review-g293928-d33001846-Reviews-Thue_Xe_May_Nha_Trang-Nha_Trang_Khanh_Hoa_Province.html,332,tripadvisor_vn
Vietnam Motorcycle Tour,Tour thăm quan thành phố • Chuyến tham quan bằng mô tô,Khanh Hoa,https://www.tripadvisor.com.vn/Attraction_Review-g293928-d5501636-Reviews-Vietnam_Motorcycle_Tour-Nha_Trang_Khanh_Hoa_Province.html,333,tripadvisor_vn
Ten Long Tan,Spa,Khanh Hoa,https://www.tripadvisor.com.vn/Attraction_Review-g293928-d27461439-Reviews-Ten_Long_Tan-Nha_Trang_Khanh_Hoa_Province.html,334,tripadvisor_vn
Health Spa,Spa,Khanh Hoa,https://www.tripadvisor.com.vn/Attraction_Review-g293928-d34471727-Reviews-Health_Spa-Nha_Trang_Khanh_Hoa_Province.html,335,tripadvisor_vn
Dream Beach Spa,Spa,Khanh Hoa,https://www.tripadvisor.com.vn/Attraction_Review-g293928-d8803765-Reviews-Dream_Beach_Spa-Nha_Trang_Khanh_Hoa_Province.html,336,tripadvisor_vn
Imperial Club,Sân chơi bowling • Quầy bar karaoke,Khanh Hoa,https://www.tripadvisor.com.vn/Attraction_Review-g293928-d32842318-Reviews-Imperial_Club-Nha_Trang_Khanh_Hoa_Province.html,337,tripadvisor_vn
Tropicana Nails & Spa,,Khanh Hoa,https://www.tripadvisor.com.vn/Attraction_Review-g293928-d26502451-Reviews-Tropicana_Nails_Spa-Nha_Trang_Khanh_Hoa_Province.html,338,tripadvisor_vn
RIVERIA Riverside Mixology & Sushi Lounge Nha Trang,Quán bar & câu lạc bộ • Quán cà phê,Khanh Hoa,https://www.tripadvisor.com.vn/Attraction_Review-g293928-d16820857-Reviews-RIVERIA_Riverside_Mixology_Sushi_Lounge_Nha_Trang-Nha_Trang_Khanh_Hoa_Province.html,339,tripadvisor_vn
PNX Fire / Boracay Phoenix Fire Dancers,Bãi biển • Nhà hát & biểu diễn,Khanh Hoa,https://www.tripadvisor.com.vn/Attraction_Review-g293928-d8517576-Reviews-PNX_Fire_Boracay_Phoenix_Fire_Dancers-Nha_Trang_Khanh_Hoa_Province.html,340,tripadvisor_vn
Spartan Fitness & Yoga,Câu lạc bộ sức khỏe • Yoga & pilate,Khanh Hoa,https://www.tripadvisor.com.vn/Attraction_Review-g293928-d22872419-Reviews-Spartan_Fitness_Yoga-Nha_Trang_Khanh_Hoa_Province.html,341,tripadvisor_vn
Lavender Spa,Spa,Khanh Hoa,https://www.tripadvisor.com.vn/Attraction_Review-g293928-d16714964-Reviews-Lavender_Spa-Nha_Trang_Khanh_Hoa_Province.html,342,tripadvisor_vn
Phai Phai Drinks & Foods,Quán bar & câu lạc bộ,Khanh Hoa,https://www.tripadvisor.com.vn/Attraction_Review-g293928-d25191834-Reviews-Phai_Phai_Drinks_Foods-Nha_Trang_Khanh_Hoa_Province.html,343,tripadvisor_vn
Bikini Vivian Nha Trang,Cửa hàng đặc sản & cửa hàng quà tặng,Khanh Hoa,https://www.tripadvisor.com.vn/Attraction_Review-g293928-d25430538-Reviews-Bikini_Vivian_Nha_Trang-Nha_Trang_Khanh_Hoa_Province.html,344,tripadvisor_vn
Merli Nails,Spa,Khanh Hoa,https://www.tripadvisor.com.vn/Attraction_Review-g293928-d26532777-Reviews-Merli_Nails-Nha_Trang_Khanh_Hoa_Province.html,345,tripadvisor_vn
Sơn Phú,Taxi & xe đưa đón,Khanh Hoa,https://www.tripadvisor.com.vn/Attraction_Review-g293928-d29272259-Reviews-Son_Phu-Nha_Trang_Khanh_Hoa_Province.html,346,tripadvisor_vn
Odesa Nail&spa,Spa,Khanh Hoa,https://www.tripadvisor.com.vn/Attraction_Review-g293928-d34419066-Reviews-Odesa_Nail_spa-Nha_Trang_Khanh_Hoa_Province.html,347,tripadvisor_vn
Tắm Bùn Hòn Tằm - Nha Trang,Spa,Khanh Hoa,https://www.tripadvisor.com.vn/Attraction_Review-g293928-d34091520-Reviews-Hon_Tam_Mud_Bath_Nha_Trang-Nha_Trang_Khanh_Hoa_Province.html,348,tripadvisor_vn
Oi Nha Trang Spa,Spa,Khanh Hoa,https://www.tripadvisor.com.vn/Attraction_Review-g293928-d29858954-Reviews-Oi_Nha_Trang_Spa-Nha_Trang_Khanh_Hoa_Province.html,349,tripadvisor_vn
Bơ Spa,Spa,Khanh Hoa,https://www.tripadvisor.com.vn/Attraction_Review-g18928520-d33371309-Reviews-Bo_Spa-Cam_Hai_Dong_Cam_Lam_District_Khanh_Hoa_Province.html,350,tripadvisor_vn
Spa InterContinental Nha Trang,Spa,Khanh Hoa,https://www.tripadvisor.com.vn/Attraction_Review-g293928-d15142863-Reviews-Spa_InterContinental_Nha_Trang-Nha_Trang_Khanh_Hoa_Province.html,351,tripadvisor_vn
Kiterabbit Kitesurf & Surf School,Lướt sóng & lướt ván buồm • Cho thuê tiện ích,Khanh Hoa,https://www.tripadvisor.com.vn/Attraction_Review-g293928-d11847253-Reviews-Kiterabbit_Kitesurf_Surf_School-Nha_Trang_Khanh_Hoa_Province.html,352,tripadvisor_vn
Golden Lotus Original Spa&Nail,Spa,Khanh Hoa,https://www.tripadvisor.com.vn/Attraction_Review-g293928-d34432672-Reviews-Golden_Lotus_Original_Spa_Nail-Nha_Trang_Khanh_Hoa_Province.html,353,tripadvisor_vn
Seals Show,Nhà hát & biểu diễn,Khanh Hoa,https://www.tripadvisor.com.vn/Attraction_Review-g293928-d14058125-Reviews-Seals_Show-Nha_Trang_Khanh_Hoa_Province.html,354,tripadvisor_vn
Cinnamon Spa & Massage,Spa,Khanh Hoa,https://www.tripadvisor.com.vn/Attraction_Review-g293928-d25555770-Reviews-Cinnamon_Spa_Massage-Nha_Trang_Khanh_Hoa_Province.html,355,tripadvisor_vn
Hye Yoga Studio Nha Trang,Yoga & pilate,Khanh Hoa,https://www.tripadvisor.com.vn/Attraction_Review-g293928-d26867070-Reviews-Hye_Yoga_Studio_Nha_Trang-Nha_Trang_Khanh_Hoa_Province.html,356,tripadvisor_vn
VITAMIN SEA TRAVEL VIETNAM,Chuyến tham quan tự nhiên & động vật hoang dã • Chèo ván đứng,Khanh Hoa,https://www.tripadvisor.com.vn/Attraction_Review-g293928-d17740510-Reviews-VITAMIN_SEA_TRAVEL_VIETNAM-Nha_Trang_Khanh_Hoa_Province.html,357,tripadvisor_vn
Teng Long Tang Center of Traditional Chinese Medicine,Spa,Khanh Hoa,https://www.tripadvisor.com.vn/Attraction_Review-g293928-d30062206-Reviews-Teng_Long_Tang_Center_of_Traditional_Chinese_Medicine-Nha_Trang_Khanh_Hoa_Provin.html,358,tripadvisor_vn
Xanh Spa at Mia Resort Nha Trang,Spa,Khanh Hoa,https://www.tripadvisor.com.vn/Attraction_Review-g293928-d10080118-Reviews-Xanh_Spa_at_Mia_Resort_Nha_Trang-Nha_Trang_Khanh_Hoa_Province.html,359,tripadvisor_vn
Golden Spa,Đang mở cửa,Khanh Hoa,https://www.tripadvisor.com.vn/Attraction_Review-g293928-d26811589-Reviews-Golden_Spa-Nha_Trang_Khanh_Hoa_Province.html,360,tripadvisor_vn
Crypt-Tic Escape Room Nha Trang,Trò chơi giải thoát,Khanh Hoa,https://www.tripadvisor.com.vn/Attraction_Review-g293928-d34458673-Reviews-Crypt_Tic_Escape_Room_Nha_Trang-Nha_Trang_Khanh_Hoa_Province.html,361,tripadvisor_vn
Dall Spa,Spa,Khanh Hoa,https://www.tripadvisor.com.vn/Attraction_Review-g293928-d33100699-Reviews-Dall_Spa-Nha_Trang_Khanh_Hoa_Province.html,362,tripadvisor_vn
Jungle Book Bar Nha Trang,Quán bar đồng quê & quán bar phương Tây,Khanh Hoa,https://www.tripadvisor.com.vn/Attraction_Review-g293928-d24094777-Reviews-Jungle_Book_Bar_Nha_Trang-Nha_Trang_Khanh_Hoa_Province.html,363,tripadvisor_vn
Habanos Specialist Vietnam - Nha Trang,Cửa hàng đặc sản & cửa hàng quà tặng • Quầy bar xì gà,Khanh Hoa,https://www.tripadvisor.com.vn/Attraction_Review-g293928-d33418348-Reviews-Habanos_Specialist_Vietnam-Nha_Trang_Khanh_Hoa_Province.html,364,tripadvisor_vn
Long Beach Pearl,Cửa hàng đặc sản & cửa hàng quà tặng,Khanh Hoa,https://www.tripadvisor.com.vn/Attraction_Review-g1025208-d26451965-Reviews-Long_Beach_Pearl-Cam_Ranh_Khanh_Hoa_Province.html,365,tripadvisor_vn
The Rainbow Academy,Trung tâm & trại thể thao,Khanh Hoa,https://www.tripadvisor.com.vn/Attraction_Review-g293928-d1818393-Reviews-The_Rainbow_Academy-Nha_Trang_Khanh_Hoa_Province.html,366,tripadvisor_vn
Spa Chuối,Spa,Khanh Hoa,https://www.tripadvisor.com.vn/Attraction_Review-g293928-d33668591-Reviews-Banana_Spa-Nha_Trang_Khanh_Hoa_Province.html,367,tripadvisor_vn
Sky 32 Bar,Quán bar & câu lạc bộ,Khanh Hoa,https://www.tripadvisor.com.vn/Attraction_Review-g293928-d26725969-Reviews-Sky_32_Bar-Nha_Trang_Khanh_Hoa_Province.html,368,tripadvisor_vn
TripleB Anime Figure Shop,Cửa hàng đặc sản & cửa hàng quà tặng,Khanh Hoa,https://www.tripadvisor.com.vn/Attraction_Review-g293928-d34286563-Reviews-TripleB_Anime_Figure_Shop-Nha_Trang_Khanh_Hoa_Province.html,369,tripadvisor_vn
Blue Sea Beach & Bar,Quán bar & câu lạc bộ,Khanh Hoa,https://www.tripadvisor.com.vn/Attraction_Review-g293928-d13934096-Reviews-Blue_Sea_Beach_Bar-Nha_Trang_Khanh_Hoa_Province.html,370,tripadvisor_vn
Alfa Tours,Chuyến tham quan nhiều ngày • Chuyến tham quan tự nhiên & động vật hoang dã,Khanh Hoa,https://www.tripadvisor.com.vn/Attraction_Review-g293928-d8046592-Reviews-Alfa_Tours-Nha_Trang_Khanh_Hoa_Province.html,371,tripadvisor_vn
Rubyana Gem & Jewelry,Cửa hàng đặc sản & cửa hàng quà tặng,Khanh Hoa,https://www.tripadvisor.com.vn/Attraction_Review-g293928-d33712128-Reviews-Rubyana_Gem_Jewelry-Nha_Trang_Khanh_Hoa_Province.html,372,tripadvisor_vn
89 Japan Shop,Cửa hàng đặc sản & cửa hàng quà tặng,Khanh Hoa,https://www.tripadvisor.com.vn/Attraction_Review-g293928-d25134095-Reviews-89_Japan_Shop-Nha_Trang_Khanh_Hoa_Province.html,373,tripadvisor_vn
United Bar,Quán bar & câu lạc bộ,Khanh Hoa,https://www.tripadvisor.com.vn/Attraction_Review-g293928-d7984289-Reviews-United_Bar-Nha_Trang_Khanh_Hoa_Province.html,374,tripadvisor_vn
SWAN SPA - Massage Body & Foot,Spa,Khanh Hoa,https://www.tripadvisor.com.vn/Attraction_Review-g293928-d25439984-Reviews-SWAN_SPA_Massage_Body_Foot-Nha_Trang_Khanh_Hoa_Province.html,375,tripadvisor_vn
SOL SPA - Liberty Nha Trang,Spa,Khanh Hoa,https://www.tripadvisor.com.vn/Attraction_Review-g293928-d25229873-Reviews-SOL_SPA_Liberty_Nha_Trang-Nha_Trang_Khanh_Hoa_Province.html,376,tripadvisor_vn
Kong Forest,Công viên phiêu lưu đu dây & công viên phiêu lưu trên không,Khanh Hoa,https://www.tripadvisor.com.vn/Attraction_Review-g26593186-d26588292-Reviews-Kong_Forest-Suoi_Cat_Cam_Lam_District_Khanh_Hoa_Province.html,377,tripadvisor_vn
Rainbow Divers,Lặn bằng bình khí & lặn bằng ống thở • Chuyến tham quan tư nhân,Khanh Hoa,https://www.tripadvisor.com.vn/Attraction_Review-g293928-d1818387-Reviews-Rainbow_Divers-Nha_Trang_Khanh_Hoa_Province.html,378,tripadvisor_vn
Lê Kha Spa,Spa,Khanh Hoa,https://www.tripadvisor.com.vn/Attraction_Review-g293928-d8855043-Reviews-Le_Kha_Spa-Nha_Trang_Khanh_Hoa_Province.html,379,tripadvisor_vn
Lá Spa Skincare 2,Spa,Khanh Hoa,https://www.tripadvisor.com.vn/Attraction_Review-g14125084-d33312299-Reviews-La_Spa_Skincare-Cam_Duc_Cam_Lam_District_Khanh_Hoa_Province.html,380,tripadvisor_vn
Seoul Spa Cam Ranh,Spa,Khanh Hoa,https://www.tripadvisor.com.vn/Attraction_Review-g293928-d33077663-Reviews-Seoul_Spa_Cam_Ranh-Nha_Trang_Khanh_Hoa_Province.html,381,tripadvisor_vn
Cala Spa 2,Spa,Khanh Hoa,https://www.tripadvisor.com.vn/Attraction_Review-g18928520-d29012303-Reviews-Cala_Spa_2-Cam_Hai_Dong_Cam_Lam_District_Khanh_Hoa_Province.html,382,tripadvisor_vn
The Alma Show,Nhà hát & biểu diễn,Khanh Hoa,https://www.tripadvisor.com.vn/Attraction_Review-g1025208-d33416555-Reviews-The_Alma_Show-Cam_Ranh_Khanh_Hoa_Province.html,383,tripadvisor_vn
Sailing Club Divers,Lặn bằng bình khí & lặn bằng ống thở,Khanh Hoa,https://www.tripadvisor.com.vn/Attraction_Review-g293928-d451114-Reviews-Sailing_Club_Divers-Nha_Trang_Khanh_Hoa_Province.html,384,tripadvisor_vn
Bloom Spa Nha Trang,Spa,Khanh Hoa,https://www.tripadvisor.com.vn/Attraction_Review-g293928-d33027191-Reviews-Bloom_Spa_Nha_Trang-Nha_Trang_Khanh_Hoa_Province.html,385,tripadvisor_vn
Phuong Spa,Spa,Khanh Hoa,https://www.tripadvisor.com.vn/Attraction_Review-g27468434-d33114726-Reviews-Phuong_Spa-Cam_Lam_District_Khanh_Hoa_Province.html,386,tripadvisor_vn
Vietnam Motorbike Tours,"Chuyến tham quan bằng mô tô • Chuyến tham quan bằng Vespa, xe tay ga & xe máy",Khanh Hoa,https://www.tripadvisor.com.vn/Attraction_Review-g293928-d6759632-Reviews-Vietnam_Motorbike_Tours-Nha_Trang_Khanh_Hoa_Province.html,387,tripadvisor_vn
Nika Spa Blind Massage,Spa,Khanh Hoa,https://www.tripadvisor.com.vn/Attraction_Review-g293928-d34458445-Reviews-Nika_Spa_Blind_Massage_Wellness-Nha_Trang_Khanh_Hoa_Province.html,388,tripadvisor_vn
Friendly Travel Nha Trang,Chuyến tham quan nhiều ngày • Chuyến tham quan bằng xe đạp,Khanh Hoa,https://www.tripadvisor.com.vn/Attraction_Review-g293928-d6651219-Reviews-Friendly_Travel_Nha_Trang-Nha_Trang_Khanh_Hoa_Province.html,389,tripadvisor_vn
The Wave,Quán bar & câu lạc bộ,Khanh Hoa,https://www.tripadvisor.com.vn/Attraction_Review-g293928-d3588793-Reviews-The_Wave-Nha_Trang_Khanh_Hoa_Province.html,390,tripadvisor_vn
Shynh Beauty Spa Nha Trang,Spa,Khanh Hoa,https://www.tripadvisor.com.vn/Attraction_Review-g293928-d26313068-Reviews-Shynh_Beauty_Spa_Nha_Trang-Nha_Trang_Khanh_Hoa_Province.html,391,tripadvisor_vn
Cửa Hàng Da H&C,Cửa hàng đặc sản & cửa hàng quà tặng,Khanh Hoa,https://www.tripadvisor.com.vn/Attraction_Review-g293928-d19617331-Reviews-H_C_Leather-Nha_Trang_Khanh_Hoa_Province.html,392,tripadvisor_vn
iHome Cooking Class,Lớp nấu ăn,Khanh Hoa,https://www.tripadvisor.com.vn/Attraction_Review-g293928-d6601297-Reviews-IHome_Cooking_Class-Nha_Trang_Khanh_Hoa_Province.html,393,tripadvisor_vn
Jimmy Motorbikes,Tour thăm quan thành phố • Chuyến tham quan nhiều ngày,Khanh Hoa,https://www.tripadvisor.com.vn/Attraction_Review-g293928-d7928436-Reviews-Jimmy_Motorbikes-Nha_Trang_Khanh_Hoa_Province.html,394,tripadvisor_vn
GOFRI Kraft T-Shirts,Cửa hàng đặc sản & cửa hàng quà tặng,Khanh Hoa,https://www.tripadvisor.com.vn/Attraction_Review-g293928-d12962915-Reviews-GOFRI_Kraft_T_Shirts-Nha_Trang_Khanh_Hoa_Province.html,395,tripadvisor_vn
Yêu Du Lịch Nha Trang,Tour thăm quan thành phố • Lặn bằng bình khí & lặn bằng ống thở,Khanh Hoa,https://www.tripadvisor.com.vn/Attraction_Review-g293928-d12343359-Reviews-Nha_Trang_Love_Travel-Nha_Trang_Khanh_Hoa_Province.html,396,tripadvisor_vn
Phoenix Studio Tattoo,Spa,Khanh Hoa,https://www.tripadvisor.com.vn/Attraction_Review-g293928-d33120412-Reviews-Phoenix_Studio_Tattoo-Nha_Trang_Khanh_Hoa_Province.html,397,tripadvisor_vn
V-Spa Nha Trang,Spa,Khanh Hoa,https://www.tripadvisor.com.vn/Attraction_Review-g293928-d17642722-Reviews-V_Spa-Nha_Trang_Khanh_Hoa_Province.html,399,tripadvisor_vn
D' Spa,Spa,Khanh Hoa,https://www.tripadvisor.com.vn/Attraction_Review-g293928-d25343371-Reviews-D_Spa-Nha_Trang_Khanh_Hoa_Province.html,400,tripadvisor_vn
Sen Spa,Spa,Khanh Hoa,https://www.tripadvisor.com.vn/Attraction_Review-g1025208-d33040083-Reviews-Sen_Spa-Cam_Ranh_Khanh_Hoa_Province.html,402,tripadvisor_vn
Pham Tours,Tour thăm quan thành phố • Lặn bằng bình khí & lặn bằng ống thở,Khanh Hoa,https://www.tripadvisor.com.vn/Attraction_Review-g293928-d2182753-Reviews-Pham_Tours-Nha_Trang_Khanh_Hoa_Province.html,403,tripadvisor_vn
Viet Han Dental Clinic,Xưởng vẽ & làm đồ gốm • Chuyến tham quan cảm giác mạnh & mạo hiểm,Khanh Hoa,https://www.tripadvisor.com.vn/Attraction_Review-g293928-d19354576-Reviews-Viet_Han_Dental_Clinic-Nha_Trang_Khanh_Hoa_Province.html,404,tripadvisor_vn
Lucky Spa Center,Spa,Khanh Hoa,https://www.tripadvisor.com.vn/Attraction_Review-g293928-d32895209-Reviews-Lucky_Spa_Center-Nha_Trang_Khanh_Hoa_Province.html,405,tripadvisor_vn
Làng Sen Spa,Spa,Khanh Hoa,https://www.tripadvisor.com.vn/Attraction_Review-g293928-d25020519-Reviews-Lang_Sen_Spa-Nha_Trang_Khanh_Hoa_Province.html,406,tripadvisor_vn
An Pham Motorcycle Service,Cho thuê tiện ích,Khanh Hoa,https://www.tripadvisor.com.vn/Attraction_Review-g293928-d14145116-Reviews-An_Pham_Motorcycle_Service-Nha_Trang_Khanh_Hoa_Province.html,407,tripadvisor_vn
JeepVN,"Chuyến tham quan bằng xe 4WD, ATV & xe địa hình • Chuyến tham quan cảm giác mạnh & mạo hiểm",Khanh Hoa,https://www.tripadvisor.com.vn/Attraction_Review-g293928-d14802120-Reviews-JeepVN-Nha_Trang_Khanh_Hoa_Province.html,408,tripadvisor_vn
Flyboard Nha Trang,Lặn bằng bình khí & lặn bằng ống thở • Lướt ván & lái mô tô nước,Khanh Hoa,https://www.tripadvisor.com.vn/Attraction_Review-g293928-d8039424-Reviews-Flyboard_Nha_Trang-Nha_Trang_Khanh_Hoa_Province.html,409,tripadvisor_vn
Yolo Ocean Camp - Cắm Trại Trên Biển,Dù kéo & dù lượn • Lặn bằng bình khí & lặn bằng ống thở,Khanh Hoa,https://www.tripadvisor.com.vn/Attraction_Review-g293928-d25063019-Reviews-Yolo_Ocean_Camp_C_m_Tr_i_Tren_Bi_n-Nha_Trang_Khanh_Hoa_Province.html,410,tripadvisor_vn
Nha Trang Beach Massage,Cửa hàng đặc sản & cửa hàng quà tặng,Khanh Hoa,https://www.tripadvisor.com.vn/Attraction_Review-g293928-d1600328-Reviews-Nha_Trang_Beach_Massage-Nha_Trang_Khanh_Hoa_Province.html,411,tripadvisor_vn
Vietnam Fantastic,Chuyến tham quan nhiều ngày • Chuyến tham quan văn hóa,Khanh Hoa,https://www.tripadvisor.com.vn/Attraction_Review-g293928-d24058386-Reviews-Vietnam_Fantastic-Nha_Trang_Khanh_Hoa_Province.html,412,tripadvisor_vn
The Hue Spa,Spa,Khanh Hoa,https://www.tripadvisor.com.vn/Attraction_Review-g293928-d16120939-Reviews-The_Hue_Spa-Nha_Trang_Khanh_Hoa_Province.html,413,tripadvisor_vn
Nha Trang Fun Divers,Lặn bằng bình khí & lặn bằng ống thở • Chuyến tham quan bằng thuyền,Khanh Hoa,https://www.tripadvisor.com.vn/Attraction_Review-g293928-d1588467-Reviews-Nha_Trang_Fun_Divers-Nha_Trang_Khanh_Hoa_Province.html,414,tripadvisor_vn
Nhatrang Adventures,"Chuyến tham quan bằng xe 4WD, ATV & xe địa hình • Chuyến tham quan cảm giác mạnh & mạo hiểm",Khanh Hoa,https://www.tripadvisor.com.vn/Attraction_Review-g293928-d13117980-Reviews-Nhatrang_Adventures-Nha_Trang_Khanh_Hoa_Province.html,415,tripadvisor_vn
Tiệm Gội Đầu Nhà Quê,Spa,Khanh Hoa,https://www.tripadvisor.com.vn/Attraction_Review-g293928-d25090307-Reviews-Ti_m_G_i_D_u_Nha_Que-Nha_Trang_Khanh_Hoa_Province.html,416,tripadvisor_vn
Cam Ranh Private Car Service,Taxi & xe đưa đón,Khanh Hoa,https://www.tripadvisor.com.vn/Attraction_Review-g1025208-d28251079-Reviews-Cam_Ranh_Private_Car_Service-Cam_Ranh_Khanh_Hoa_Province.html,417,tripadvisor_vn
Đỗ Tattoo Nha Trang,Cho thuê tiện ích,Khanh Hoa,https://www.tripadvisor.com.vn/Attraction_Review-g293928-d27520562-Reviews-D_Tattoo_Nha_Trang-Nha_Trang_Khanh_Hoa_Province.html,418,tripadvisor_vn
Vietnam Backpackers Travel,Tour thăm quan thành phố • Chuyến tham quan nhiều ngày,Khanh Hoa,https://www.tripadvisor.com.vn/Attraction_Review-g293928-d18114676-Reviews-Vietnam_Backpackers_Travel-Nha_Trang_Khanh_Hoa_Province.html,419,tripadvisor_vn
Single Fin Surf School,Lướt sóng & lướt ván buồm,Khanh Hoa,https://www.tripadvisor.com.vn/Attraction_Review-g293928-d12855688-Reviews-Single_Fin_Surf_School-Nha_Trang_Khanh_Hoa_Province.html,420,tripadvisor_vn
Goodmorning Travel,Dù kéo & dù lượn • Chuyến tham quan nhiều ngày,Khanh Hoa,https://www.tripadvisor.com.vn/Attraction_Review-g293928-d26875910-Reviews-Goodmorning_Travel-Nha_Trang_Khanh_Hoa_Province.html,421,tripadvisor_vn
Vietnam Smiling Easyrider - Motorbike Tours,"Chuyến tham quan nhiều ngày • Chuyến tham quan bằng xe 4WD, ATV & xe địa hình",Khanh Hoa,https://www.tripadvisor.com.vn/Attraction_Review-g293928-d5501850-Reviews-Vietnam_Smiling_Easyrider_Motorbike_Tours-Nha_Trang_Khanh_Hoa_Province.html,422,tripadvisor_vn
Nha Trang Local Surf School,Lướt sóng & lướt ván buồm,Khanh Hoa,https://www.tripadvisor.com.vn/Attraction_Review-g293928-d14956609-Reviews-Nha_Trang_Local_Surf_School-Nha_Trang_Khanh_Hoa_Province.html,423,tripadvisor_vn
Tiana Tours,Chuyến tham quan lịch sử & di sản • Chuyến tham quan bằng thuyền,Khanh Hoa,https://www.tripadvisor.com.vn/Attraction_Review-g293928-d33503538-Reviews-Tiana_Tours-Nha_Trang_Khanh_Hoa_Province.html,424,tripadvisor_vn
Vietnam Real Travel,Chuyến tham quan văn hóa • Chuyến tham quan bằng thuyền,Khanh Hoa,https://www.tripadvisor.com.vn/Attraction_Review-g293928-d4888987-Reviews-Vietnam_Real_Travel-Nha_Trang_Khanh_Hoa_Province.html,425,tripadvisor_vn
Turoperator Mir Tur,Chuyến tham quan văn hóa • Chuyến tham quan lịch sử & di sản,Khanh Hoa,https://www.tripadvisor.com.vn/Attraction_Review-g293928-d8677446-Reviews-Turoperator_Mir_Tur-Nha_Trang_Khanh_Hoa_Province.html,426,tripadvisor_vn
Nha Trang Private Car,Lặn bằng bình khí & lặn bằng ống thở • Taxi & xe đưa đón,Khanh Hoa,https://www.tripadvisor.com.vn/Attraction_Review-g293928-d11488939-Reviews-Nha_Trang_Private_Car-Nha_Trang_Khanh_Hoa_Province.html,427,tripadvisor_vn
Vuongland Travel,Chuyến tham quan văn hóa • Lặn bằng bình khí & lặn bằng ống thở,Khanh Hoa,https://www.tripadvisor.com.vn/Attraction_Review-g293928-d8262179-Reviews-Vuongland_Travel-Nha_Trang_Khanh_Hoa_Province.html,428,tripadvisor_vn
ATV Safari (Туры на квадроциклах),"Chuyến tham quan bằng xe 4WD, ATV & xe địa hình",Khanh Hoa,https://www.tripadvisor.com.vn/Attraction_Review-g293928-d17624767-Reviews-ATV_Safari-Nha_Trang_Khanh_Hoa_Province.html,429,tripadvisor_vn
Na.sa. Lounge Vn,Quần đảo • Quầy bar xì gà,Khanh Hoa,https://www.tripadvisor.com.vn/Attraction_Review-g293928-d27514717-Reviews-Na_sa_Lounge_Vn-Nha_Trang_Khanh_Hoa_Province.html,430,tripadvisor_vn
Go365 Viet Nam,Taxi & xe đưa đón • Chuyến tham quan tư nhân,Khanh Hoa,https://www.tripadvisor.com.vn/Attraction_Review-g293928-d25262464-Reviews-Go365_Viet_Nam-Nha_Trang_Khanh_Hoa_Province.html,432,tripadvisor_vn
TyMy Spa & Beauty Salon,Tour thăm quan thành phố,Khanh Hoa,https://www.tripadvisor.com.vn/Attraction_Review-g293928-d21308350-Reviews-TyMy_Spa_Beauty_Salon-Nha_Trang_Khanh_Hoa_Province.html,433,tripadvisor_vn
Vietnam Motor Tours,Tour thăm quan thành phố • Chuyến tham quan nhiều ngày,Khanh Hoa,https://www.tripadvisor.com.vn/Attraction_Review-g293928-d8630989-Reviews-Vietnam_Motor_Tours-Nha_Trang_Khanh_Hoa_Province.html,434,tripadvisor_vn
Marmoris Yacht Nha Trang,Chuyến tham quan cảm giác mạnh & mạo hiểm • Taxi & xe đưa đón,Khanh Hoa,https://www.tripadvisor.com.vn/Attraction_Review-g293928-d32823699-Reviews-Marmoris_Yacht_Nha_Trang-Nha_Trang_Khanh_Hoa_Province.html,435,tripadvisor_vn
Nha Trang Easy Rider,Chuyến tham quan bằng thuyền • Chuyến tham quan bằng mô tô,Khanh Hoa,https://www.tripadvisor.com.vn/Attraction_Review-g293928-d10840481-Reviews-Nha_Trang_Easy_Rider-Nha_Trang_Khanh_Hoa_Province.html,436,tripadvisor_vn
Mark Scott's Diving Vietnam,Lặn bằng bình khí & lặn bằng ống thở • Chuyến tham quan bằng thuyền,Khanh Hoa,https://www.tripadvisor.com.vn/Attraction_Review-g293928-d2455881-Reviews-Mark_Scott_s_Diving_Vietnam-Nha_Trang_Khanh_Hoa_Province.html,437,tripadvisor_vn
MOTO4FREE - motorbike / scooter / electric scooter / bicycle rental,Thuyền cho thuê • Chuyến tham quan tự hướng dẫn & cho thuê,Khanh Hoa,https://www.tripadvisor.com.vn/Attraction_Review-g293928-d17607996-Reviews-MOTO4FREE_motorbike_scooter_electric_scooter_bicycle_rental-Nha_Trang_Khanh_Hoa_.html,438,tripadvisor_vn
Nha Trang Street Food Tour,Chuyến tham quan ẩm thực,Khanh Hoa,https://www.tripadvisor.com.vn/Attraction_Review-g293928-d12128630-Reviews-Nha_Trang_Street_Food_Tour-Nha_Trang_Khanh_Hoa_Province.html,439,tripadvisor_vn
Ana Marina,Lặn bằng bình khí & lặn bằng ống thở • Lướt sóng & lướt ván buồm,Khanh Hoa,https://www.tripadvisor.com.vn/Attraction_Review-g293928-d15239714-Reviews-Ana_Marina-Nha_Trang_Khanh_Hoa_Province.html,440,tripadvisor_vn
Lstore Nha Trang,Chuyến tham quan mua sắm,Khanh Hoa,https://www.tripadvisor.com.vn/Attraction_Review-g293928-d34412752-Reviews-Lstore_Nha_Trang-Nha_Trang_Khanh_Hoa_Province.html,441,tripadvisor_vn
Alpha Dive Vietnam,Lặn bằng bình khí & lặn bằng ống thở,Khanh Hoa,https://www.tripadvisor.com.vn/Attraction_Review-g293928-d12511889-Reviews-Alpha_Dive_Vietnam-Nha_Trang_Khanh_Hoa_Province.html,442,tripadvisor_vn
Nha Trang Private Laundry and Luggage Storage,Chuyến tham quan nhiều ngày • Chuyến tham quan tư nhân,Khanh Hoa,https://www.tripadvisor.com.vn/Attraction_Review-g293928-d20278348-Reviews-Nha_Trang_Private_Laundry_and_Luggage_Storage-Nha_Trang_Khanh_Hoa_Province.html,443,tripadvisor_vn
Shamrock Adventures,Chèo xuồng & ngồi phao trên sông • Chuyến tham quan bằng xe đạp,Khanh Hoa,https://www.tripadvisor.com.vn/Attraction_Review-g293928-d4224216-Reviews-Shamrock_Adventures-Nha_Trang_Khanh_Hoa_Province.html,444,tripadvisor_vn
Jeep it up!,"Chuyến tham quan bằng xe 4WD, ATV & xe địa hình • Chuyến tham quan lịch sử & di sản",Khanh Hoa,https://www.tripadvisor.com.vn/Attraction_Review-g293928-d9861666-Reviews-Jeep_it_up-Nha_Trang_Khanh_Hoa_Province.html,445,tripadvisor_vn
Deep People Freediving School,Lặn bằng bình khí & lặn bằng ống thở,Khanh Hoa,https://www.tripadvisor.com.vn/Attraction_Review-g293928-d8298543-Reviews-Deep_People_Freediving_School-Nha_Trang_Khanh_Hoa_Province.html,446,tripadvisor_vn
Fly Vietnam Paragliding,"Dù kéo & dù lượn • Chuyến tham quan bằng xe 4WD, ATV & xe địa hình",Khanh Hoa,https://www.tripadvisor.com.vn/Attraction_Review-g293928-d27997852-Reviews-Fly_Vietnam_Paragliding-Nha_Trang_Khanh_Hoa_Province.html,447,tripadvisor_vn
Nha Trang Daily Tours,Dù kéo & dù lượn • Lặn bằng bình khí & lặn bằng ống thở,Khanh Hoa,https://www.tripadvisor.com.vn/Attraction_Review-g293928-d15246013-Reviews-Nha_Trang_Daily_Tours-Nha_Trang_Khanh_Hoa_Province.html,448,tripadvisor_vn
Amigos Divers Nha Trang,Lặn bằng bình khí & lặn bằng ống thở • Chuyến tham quan bằng thuyền,Khanh Hoa,https://www.tripadvisor.com.vn/Attraction_Review-g293928-d7899909-Reviews-Amigos_Divers_Nha_Trang-Nha_Trang_Khanh_Hoa_Province.html,449,tripadvisor_vn
Rainbow Divers-whale Island,Lặn bằng bình khí & lặn bằng ống thở • Chuyến tham quan sinh thái,Khanh Hoa,https://www.tripadvisor.com.vn/Attraction_Review-g293928-d1818388-Reviews-Rainbow_Divers_whale_Island-Nha_Trang_Khanh_Hoa_Province.html,450,tripadvisor_vn
Nha Trang Apanda Travel,Tour thăm quan thành phố • Chuyến tham quan bằng xe đạp,Khanh Hoa,https://www.tripadvisor.com.vn/Attraction_Review-g293928-d14058172-Reviews-Nha_Trang_Apanda_Travel-Nha_Trang_Khanh_Hoa_Province.html,451,tripadvisor_vn
Zazen Travel,Chuyến tham quan nhiều ngày • Chuyến tham quan ban đêm,Khanh Hoa,https://www.tripadvisor.com.vn/Attraction_Review-g293928-d27978024-Reviews-Zazen_Travel-Nha_Trang_Khanh_Hoa_Province.html,452,tripadvisor_vn
Funky Monkey,Lặn bằng bình khí & lặn bằng ống thở • Chuyến tham quan bằng thuyền,Khanh Hoa,https://www.tripadvisor.com.vn/Attraction_Review-g293928-d2097939-Reviews-Funky_Monkey-Nha_Trang_Khanh_Hoa_Province.html,453,tripadvisor_vn
Angel Dive,Lặn bằng bình khí & lặn bằng ống thở,Khanh Hoa,https://www.tripadvisor.com.vn/Attraction_Review-g293928-d1892530-Reviews-Angel_Dive-Nha_Trang_Khanh_Hoa_Province.html,454,tripadvisor_vn
Nha Trang Local Food Tasting & Sightseeing Tour By Scooter,Taxi & xe đưa đón • Lớp nấu ăn,Khanh Hoa,https://www.tripadvisor.com.vn/Attraction_Review-g293928-d33396300-Reviews-Nha_Trang_Local_Food_Tasting_Sightseeing_Tour_By_Scooter-Nha_Trang_Khanh_Hoa_Pro.html,455,tripadvisor_vn
Nha Trang - Viet Coral Tourist,Chuyến tham quan lịch sử & di sản • Chuyến tham quan bằng thuyền,Khanh Hoa,https://www.tripadvisor.com.vn/Attraction_Review-g293928-d6537480-Reviews-Nha_Trang_Viet_Coral_Tourist-Nha_Trang_Khanh_Hoa_Province.html,456,tripadvisor_vn
Marko Tour,Chuyến tham quan lịch sử & di sản • Chuyến tham quan tư nhân,Khanh Hoa,https://www.tripadvisor.com.vn/Attraction_Review-g293928-d8099089-Reviews-Marko_Tour-Nha_Trang_Khanh_Hoa_Province.html,457,tripadvisor_vn
Vietnamrider Travel Company - Private Day Tours,Chuyến tham quan văn hóa • Chuyến tham quan bằng mô tô,Khanh Hoa,https://www.tripadvisor.com.vn/Attraction_Review-g293928-d2357839-Reviews-Vietnamrider_Travel_Company_Private_Day_Tours-Nha_Trang_Khanh_Hoa_Province.html,458,tripadvisor_vn
Surfing LIVE Surf School,Lướt sóng & lướt ván buồm • Thể thao dưới nước,Khanh Hoa,https://www.tripadvisor.com.vn/Attraction_Review-g293928-d19845044-Reviews-Surfing_LIVE_Surf_School-Nha_Trang_Khanh_Hoa_Province.html,459,tripadvisor_vn
Nha Trang New Gen Travel,Dù kéo & dù lượn • Lặn bằng bình khí & lặn bằng ống thở,Khanh Hoa,https://www.tripadvisor.com.vn/Attraction_Review-g293928-d33103540-Reviews-Nha_Trang_New_Gen_Travel-Nha_Trang_Khanh_Hoa_Province.html,460,tripadvisor_vn
Magical Mystery Tour Nha Trang,Chuyến tham quan bằng thuyền • Chuyến tham quan ngắm cảnh,Khanh Hoa,https://www.tripadvisor.com.vn/Attraction_Review-g293928-d4501542-Reviews-Magical_Mystery_Tour_Nha_Trang-Nha_Trang_Khanh_Hoa_Province.html,461,tripadvisor_vn
Tâm Thanh Quang Travel,Tour thăm quan thành phố • Lặn bằng bình khí & lặn bằng ống thở,Khanh Hoa,https://www.tripadvisor.com.vn/Attraction_Review-g293928-d11695330-Reviews-Tam_Thanh_Quang_Travel-Nha_Trang_Khanh_Hoa_Province.html,462,tripadvisor_vn
Nha Trang Day Tours,Lặn bằng bình khí & lặn bằng ống thở • Taxi & xe đưa đón,Khanh Hoa,https://www.tripadvisor.com.vn/Attraction_Review-g293928-d16850468-Reviews-Nha_Trang_Day_Tours-Nha_Trang_Khanh_Hoa_Province.html,463,tripadvisor_vn
The Shack Surf School,Lướt sóng & lướt ván buồm,Khanh Hoa,https://www.tripadvisor.com.vn/Attraction_Review-g293928-d2091156-Reviews-The_Shack_Surf_School-Nha_Trang_Khanh_Hoa_Province.html,464,tripadvisor_vn
Vietnam Bike Tours,Chuyến tham quan bằng xe đạp • Cho thuê tiện ích,Khanh Hoa,https://www.tripadvisor.com.vn/Attraction_Review-g293928-d1931789-Reviews-Vietnam_Bike_Tours-Nha_Trang_Khanh_Hoa_Province.html,465,tripadvisor_vn
FlyVietNam,"Dù kéo & dù lượn • Chuyến tham quan bằng xe 4WD, ATV & xe địa hình",Khanh Hoa,https://www.tripadvisor.com.vn/Attraction_Review-g293928-d34515561-Reviews-FlyVietNam-Nha_Trang_Khanh_Hoa_Province.html,466,tripadvisor_vn
Trung tâm lặn biển Oceans 5 Nha Trang,Lặn bằng bình khí & lặn bằng ống thở,Khanh Hoa,https://www.tripadvisor.com.vn/Attraction_Review-g293928-d2470980-Reviews-Oceans_5_Nha_Trang_Dive_Center-Nha_Trang_Khanh_Hoa_Province.html,467,tripadvisor_vn
Sup Surf in Nha Trang,Chèo xuồng & ngồi phao trên sông • Chèo ván đứng,Khanh Hoa,https://www.tripadvisor.com.vn/Attraction_Review-g293928-d12635185-Reviews-Sup_Surf_in_Nha_Trang-Nha_Trang_Khanh_Hoa_Province.html,468,tripadvisor_vn
Lucky Bastard Motorcycle Tours,Chuyến tham quan nhiều ngày • Chuyến tham quan bằng mô tô,Khanh Hoa,https://www.tripadvisor.com.vn/Attraction_Review-g293928-d12931053-Reviews-Lucky_Bastard_Motorcycle_Tours-Nha_Trang_Khanh_Hoa_Province.html,469,tripadvisor_vn
Nha Trang Easy Riders - Mr Thach - Day Tours,Chuyến tham quan bằng mô tô,Khanh Hoa,https://www.tripadvisor.com.vn/Attraction_Review-g293928-d7826869-Reviews-Nha_Trang_Easy_Riders_Mr_Thach_Day_Tours-Nha_Trang_Khanh_Hoa_Province.html,470,tripadvisor_vn
Nha Trang Harry Travel,Tour thăm quan thành phố • Lặn bằng bình khí & lặn bằng ống thở,Khanh Hoa,https://www.tripadvisor.com.vn/Attraction_Review-g293928-d18898133-Reviews-Harry_Travel-Nha_Trang_Khanh_Hoa_Province.html,471,tripadvisor_vn
Nha Trang Bus City Tour,Tour thăm quan thành phố • Chuyến tham quan bằng xe buýt du lịch,Khanh Hoa,https://www.tripadvisor.com.vn/Attraction_Review-g293928-d32855442-Reviews-Nha_Trang_Bus_City_Tour-Nha_Trang_Khanh_Hoa_Province.html,472,tripadvisor_vn
Nha Trang Under Water,Lặn bằng bình khí & lặn bằng ống thở • Thể thao dưới nước,Khanh Hoa,https://www.tripadvisor.com.vn/Attraction_Review-g293928-d9974872-Reviews-Nha_Trang_Under_Water-Nha_Trang_Khanh_Hoa_Province.html,473,tripadvisor_vn
Nha Trang Surf School,Lướt sóng & lướt ván buồm,Khanh Hoa,https://www.tripadvisor.com.vn/Attraction_Review-g293928-d15577511-Reviews-Nha_Trang_Surf_School-Nha_Trang_Khanh_Hoa_Province.html,474,tripadvisor_vn
True Vietnam,Chuyến tham quan nhiều ngày • Chuyến tham quan lịch sử & di sản,Khanh Hoa,https://www.tripadvisor.com.vn/Attraction_Review-g293928-d19611030-Reviews-True_Vietnam-Nha_Trang_Khanh_Hoa_Province.html,475,tripadvisor_vn
Max Tour Vietnam,Chuyến tham quan ngắm cảnh,Khanh Hoa,https://www.tripadvisor.com.vn/Attraction_Review-g293928-d33445158-Reviews-Max_Tour_Vietnam-Nha_Trang_Khanh_Hoa_Province.html,476,tripadvisor_vn
Nha Trang Travel,Dịch vụ xe buýt • Chuyến tham quan bằng thuyền,Khanh Hoa,https://www.tripadvisor.com.vn/Attraction_Review-g293928-d1651110-Reviews-Nha_Trang_Travel-Nha_Trang_Khanh_Hoa_Province.html,477,tripadvisor_vn
CANO TOURS NHA TRANG,Dù kéo & dù lượn • Chuyến tham quan bằng thuyền,Khanh Hoa,https://www.tripadvisor.com.vn/Attraction_Review-g293928-d27466228-Reviews-CANO_TOURS_NHA_TRANG-Nha_Trang_Khanh_Hoa_Province.html,478,tripadvisor_vn
Private Car Mentor,Taxi & xe đưa đón • Chuyến tham quan bằng mô tô,Khanh Hoa,https://www.tripadvisor.com.vn/Attraction_Review-g293928-d24179306-Reviews-Private_Car_Mentor-Nha_Trang_Khanh_Hoa_Province.html,479,tripadvisor_vn
Let's Fly Travel,Tour thăm quan thành phố • Lặn bằng bình khí & lặn bằng ống thở,Khanh Hoa,https://www.tripadvisor.com.vn/Attraction_Review-g293928-d15589098-Reviews-Let_s_Fly_Travel-Nha_Trang_Khanh_Hoa_Province.html,480,tripadvisor_vn
Sky Blu Infinity Pool Nha Trang,Bãi biển & câu lạc bộ bể bơi,Khanh Hoa,https://www.tripadvisor.com.vn/Attraction_Review-g293928-d34669933-Reviews-Sky_Blu_Infinity_Pool_Nha_Trang-Nha_Trang_Khanh_Hoa_Province.html,481,tripadvisor_vn
Áo Dài Mộc - Vietnamese Souvenirs,Cửa hàng đặc sản & cửa hàng quà tặng,Khanh Hoa,https://www.tripadvisor.com.vn/Attraction_Review-g293928-d34671792-Reviews-Ao_Dai_M_c_Vietnamese_Souvenirs-Nha_Trang_Khanh_Hoa_Province.html,482,tripadvisor_vn
MerPerle Sparkling Waves,Lặn bằng bình khí & lặn bằng ống thở • Lướt ván & lái mô tô nước,Khanh Hoa,https://www.tripadvisor.com.vn/Attraction_Review-g293928-d8141293-Reviews-MerPerle_Sparkling_Waves-Nha_Trang_Khanh_Hoa_Province.html,483,tripadvisor_vn
Nha Trang Travel – Cam Ranh Airport Transfer,Taxi & xe đưa đón,Khanh Hoa,https://www.tripadvisor.com.vn/Attraction_Review-g293928-d34585531-Reviews-Nha_Trang_Travel_Cam_Ranh_Airport_Transfer-Nha_Trang_Khanh_Hoa_Province.html,484,tripadvisor_vn
Nha Trang Travel Airport Transfer,Taxi & xe đưa đón,Khanh Hoa,https://www.tripadvisor.com.vn/Attraction_Review-g17674832-d34585541-Reviews-Nha_Trang_Travel_Airport_Transfer-Khanh_Vinh_Khanh_Hoa_Province.html,485,tripadvisor_vn
Nha Trang Scooter Rental,Cho thuê tiện ích,Khanh Hoa,https://www.tripadvisor.com.vn/Attraction_Review-g293928-d34586013-Reviews-Nha_Trang_Scooter_Rental-Nha_Trang_Khanh_Hoa_Province.html,486,tripadvisor_vn
MoCa Spa - Massage,Spa,Khanh Hoa,https://www.tripadvisor.com.vn/Attraction_Review-g18928520-d34374310-Reviews-MoCa_Spa_Massage-Cam_Hai_Dong_Cam_Lam_District_Khanh_Hoa_Province.html,487,tripadvisor_vn
Air Bar Nha Trang,Quán bar & câu lạc bộ,Khanh Hoa,https://www.tripadvisor.com.vn/Attraction_Review-g293928-d24052268-Reviews-Air_Bar_Nha_Trang-Nha_Trang_Khanh_Hoa_Province.html,488,tripadvisor_vn
Tara Premium Spa Nha Trang,Spa,Khanh Hoa,https://www.tripadvisor.com.vn/Attraction_Review-g293928-d32709262-Reviews-Tara_Premium_Spa_Nha_Trang-Nha_Trang_Khanh_Hoa_Province.html,493,tripadvisor_vn
Authentic Travel Nha Trang,Lặn bằng bình khí & lặn bằng ống thở • Chuyến tham quan bằng thuyền,Khanh Hoa,https://www.tripadvisor.com.vn/Attraction_Review-g293928-d32901291-Reviews-Authentic_Travel_Nha_Trang-Nha_Trang_Khanh_Hoa_Province.html,494,tripadvisor_vn
Chopsticks Cooking Class,Taxi & xe đưa đón • Lớp nấu ăn,Khanh Hoa,https://www.tripadvisor.com.vn/Attraction_Review-g293928-d27421823-Reviews-Chopsticks_Cooking_Class-Nha_Trang_Khanh_Hoa_Province.html,496,tripadvisor_vn
Центр туризма Нячанг,"Chuyến tham quan nhiều ngày • Chuyến tham quan bằng xe 4WD, ATV & xe địa hình",Khanh Hoa,https://www.tripadvisor.com.vn/Attraction_Review-g293928-d34312647-Reviews-Nha_Trang_Khanh_Hoa_Province.html,499,tripadvisor_vn
The Lux Premium Fashion Luxury Handbags,Cửa hàng đặc sản & cửa hàng quà tặng,Khanh Hoa,https://www.tripadvisor.com.vn/Attraction_Review-g27468434-d34400285-Reviews-The_Lux_Premium_Fashion_Luxury_Handbags-Cam_Lam_District_Khanh_Hoa_Province.html,500,tripadvisor_vn
Coco Nail & Spa 2,Spa,Khanh Hoa,https://www.tripadvisor.com.vn/Attraction_Review-g293928-d34415353-Reviews-Coco_Nail_Spa_2-Nha_Trang_Khanh_Hoa_Province.html,502,tripadvisor_vn
Vera Nail,Spa,Khanh Hoa,https://www.tripadvisor.com.vn/Attraction_Review-g293928-d34414790-Reviews-Vera_Nail-Nha_Trang_Khanh_Hoa_Province.html,503,tripadvisor_vn
Vera Nail 2,Spa,Khanh Hoa,https://www.tripadvisor.com.vn/Attraction_Review-g293928-d34415349-Reviews-Vera_Nail_2-Nha_Trang_Khanh_Hoa_Province.html,504,tripadvisor_vn
Coco Nail&spa 1,Spa,Khanh Hoa,https://www.tripadvisor.com.vn/Attraction_Review-g293928-d34415381-Reviews-Coco_Nail_spa_1-Nha_Trang_Khanh_Hoa_Province.html,505,tripadvisor_vn
Findtour Travel,Tour thăm quan thành phố • Chuyến tham quan nhiều ngày,Khanh Hoa,https://www.tripadvisor.com.vn/Attraction_Review-g293928-d25129961-Reviews-Findtour_Travel-Nha_Trang_Khanh_Hoa_Province.html,506,tripadvisor_vn
Doris Spa & Nail,Spa,Khanh Hoa,https://www.tripadvisor.com.vn/Attraction_Review-g293928-d34384090-Reviews-Doris_Spa_Nail-Nha_Trang_Khanh_Hoa_Province.html,507,tripadvisor_vn
Angel Lounge,Spa,Khanh Hoa,https://www.tripadvisor.com.vn/Attraction_Review-g293928-d34369960-Reviews-Angel_Lounge-Nha_Trang_Khanh_Hoa_Province.html,508,tripadvisor_vn
Nha Trang V-Spa,Spa,Khanh Hoa,https://www.tripadvisor.com.vn/Attraction_Review-g293928-d34329227-Reviews-Nha_Trang_V_Spa-Nha_Trang_Khanh_Hoa_Province.html,509,tripadvisor_vn
Tohe Art & Craft Nha Trang,Chuyến tham quan văn hóa • Chuyến tham quan lịch sử & di sản,Khanh Hoa,https://www.tripadvisor.com.vn/Attraction_Review-g293928-d33225567-Reviews-Tohe_Art_Craft_Nha_Trang-Nha_Trang_Khanh_Hoa_Province.html,510,tripadvisor_vn
Emma Nails & Spa Nha Trang,Spa,Khanh Hoa,https://www.tripadvisor.com.vn/Attraction_Review-g293928-d34258418-Reviews-Emma_Nails_Spa_Nha_Trang-Nha_Trang_Khanh_Hoa_Province.html,511,tripadvisor_vn
Scuba Zone Diving,Lặn bằng bình khí & lặn bằng ống thở,Khanh Hoa,https://www.tripadvisor.com.vn/Attraction_Review-g293928-d1451781-Reviews-Scuba_Zone_Diving-Nha_Trang_Khanh_Hoa_Province.html,512,tripadvisor_vn
Goldensteps,Chuyến tham quan nhiều ngày • Lặn bằng bình khí & lặn bằng ống thở,Khanh Hoa,https://www.tripadvisor.com.vn/Attraction_Review-g293928-d34265152-Reviews-Goldensteps-Nha_Trang_Khanh_Hoa_Province.html,514,tripadvisor_vn
Ơi Craft,Cửa hàng đặc sản & cửa hàng quà tặng,Khanh Hoa,https://www.tripadvisor.com.vn/Attraction_Review-g293928-d34075183-Reviews-Oi_Craft-Nha_Trang_Khanh_Hoa_Province.html,515,tripadvisor_vn
Trung tâm chăm sóc sắc đẹp Ngọc Xuân,Spa,Khanh Hoa,https://www.tripadvisor.com.vn/Attraction_Review-g293928-d26395243-Reviews-Trung_tam_cham_soc_s_c_d_p_Ng_c_Xuan-Nha_Trang_Khanh_Hoa_Province.html,516,tripadvisor_vn
Bien Dao Tour Nha Trang,Dù kéo & dù lượn • Lặn bằng bình khí & lặn bằng ống thở,Khanh Hoa,https://www.tripadvisor.com.vn/Attraction_Review-g293928-d14051088-Reviews-Bien_Dao_Tour_Nha_Trang-Nha_Trang_Khanh_Hoa_Province.html,522,tripadvisor_vn
Galaxy Shop,Cửa hàng đặc sản & cửa hàng quà tặng,Khanh Hoa,https://www.tripadvisor.com.vn/Attraction_Review-g293928-d34023687-Reviews-Galaxy_Shop-Nha_Trang_Khanh_Hoa_Province.html,524,tripadvisor_vn
Sara nail spa,Spa,Khanh Hoa,https://www.tripadvisor.com.vn/Attraction_Review-g293928-d34143239-Reviews-Sara_nail_spa-Nha_Trang_Khanh_Hoa_Province.html,526,tripadvisor_vn
Vietnam Green Tours – Nha Trang,Chuyến tham quan nhiều ngày • Chuyến tham quan tư nhân,Khanh Hoa,https://www.tripadvisor.com.vn/Attraction_Review-g293928-d33001387-Reviews-Vietnam_Green_Tours_Nha_Trang-Nha_Trang_Khanh_Hoa_Province.html,527,tripadvisor_vn
Amy 2001 Spa,Spa,Khanh Hoa,https://www.tripadvisor.com.vn/Attraction_Review-g293928-d33280331-Reviews-Amy_2001_Spa-Nha_Trang_Khanh_Hoa_Province.html,528,tripadvisor_vn
Phòng Khám đa khoa Olympia,Spa,Khanh Hoa,https://www.tripadvisor.com.vn/Attraction_Review-g293928-d33991366-Reviews-Phong_Kham_da_khoa_Olympia-Nha_Trang_Khanh_Hoa_Province.html,530,tripadvisor_vn
True Surf,Lướt sóng & lướt ván buồm,Khanh Hoa,https://www.tripadvisor.com.vn/Attraction_Review-g293928-d33988624-Reviews-True_Surf-Nha_Trang_Khanh_Hoa_Province.html,531,tripadvisor_vn
Sundream Luxury,Chuyến tham quan tư nhân,Khanh Hoa,https://www.tripadvisor.com.vn/Attraction_Review-g293928-d33988626-Reviews-Sundream_Luxury-Nha_Trang_Khanh_Hoa_Province.html,532,tripadvisor_vn
Ecochoco (vietnamese Chocolate & Gift),Cửa hàng đặc sản & cửa hàng quà tặng,Khanh Hoa,https://www.tripadvisor.com.vn/Attraction_Review-g293928-d33404943-Reviews-Ecochoco_vietnamese_Chocolate_Gift-Nha_Trang_Khanh_Hoa_Province.html,533,tripadvisor_vn
20knot - Nhatrang Kiteboarding,Lướt sóng & lướt ván buồm • Thể thao dưới nước,Khanh Hoa,https://www.tripadvisor.com.vn/Attraction_Review-g293928-d33393875-Reviews-20knot_Nhatrang_Kiteboarding-Nha_Trang_Khanh_Hoa_Province.html,535,tripadvisor_vn
Dream Spa Nha Trang,Spa,Khanh Hoa,https://www.tripadvisor.com.vn/Attraction_Review-g293928-d28241365-Reviews-Dream_Spa_Nha_Trang-Nha_Trang_Khanh_Hoa_Province.html,536,tripadvisor_vn
Thuê Xe Máy Cam Ranh Lâm Duẩn,Cho thuê tiện ích,Khanh Hoa,https://www.tripadvisor.com.vn/Attraction_Review-g18928520-d33387222-Reviews-Thue_Xe_May_Cam_Ranh_Lam_Du_n-Cam_Hai_Dong_Cam_Lam_District_Khanh_Hoa_Province.html,538,tripadvisor_vn
Thien Therapy&nails,Spa,Khanh Hoa,https://www.tripadvisor.com.vn/Attraction_Review-g293928-d27727668-Reviews-Thien_Therapy_nails-Nha_Trang_Khanh_Hoa_Province.html,540,tripadvisor_vn
Vietnam Discovery,Chuyến tham quan nhiều ngày • Chuyến tham quan leo núi,Khanh Hoa,https://www.tripadvisor.com.vn/Attraction_Review-g293928-d33318813-Reviews-Vietnam_Discovery-Nha_Trang_Khanh_Hoa_Province.html,541,tripadvisor_vn
Du Lịch Biển Đảo Nha Trang - Day Tours,Chuyến tham quan nhiều ngày • Chèo xuồng & ngồi phao trên sông,Khanh Hoa,https://www.tripadvisor.com.vn/Attraction_Review-g293928-d20978992-Reviews-Du_L_ch_Bi_n_D_o_Nha_Trang_Day_Tours-Nha_Trang_Khanh_Hoa_Province.html,542,tripadvisor_vn
TroBee Trip,Chuyến tham quan nhiều ngày • Taxi & xe đưa đón,Khanh Hoa,https://www.tripadvisor.com.vn/Attraction_Review-g293928-d21009854-Reviews-TroBee_Trip-Nha_Trang_Khanh_Hoa_Province.html,543,tripadvisor_vn
MyProGuide Vietnam - Nha Trang,Chuyến tham quan tư nhân • Chuyến đi trong ngày,Khanh Hoa,https://www.tripadvisor.com.vn/Attraction_Review-g293928-d30526616-Reviews-MyProGuide_Vietnam_Nha_Trang-Nha_Trang_Khanh_Hoa_Province.html,545,tripadvisor_vn
Helen Spa,Spa,Khanh Hoa,https://www.tripadvisor.com.vn/Attraction_Review-g293928-d33064492-Reviews-Helen_Spa-Nha_Trang_Khanh_Hoa_Province.html,547,tripadvisor_vn
Soo-ahn Spa,Spa,Khanh Hoa,https://www.tripadvisor.com.vn/Attraction_Review-g293928-d33091360-Reviews-Soo_ahn_Spa-Nha_Trang_Khanh_Hoa_Province.html,548,tripadvisor_vn
Chiang Mai - Academy & Spa,Spa,Khanh Hoa,https://www.tripadvisor.com.vn/Attraction_Review-g293928-d33065987-Reviews-Chiang_Mai_Academy_Spa-Nha_Trang_Khanh_Hoa_Province.html,550,tripadvisor_vn
Pickleball Nha Trang 15 Hoàng Diệu,Câu lạc bộ sức khỏe,Khanh Hoa,https://www.tripadvisor.com.vn/Attraction_Review-g293928-d33056150-Reviews-Pickleball_Nha_Trang_15_Hoang_Di_u-Nha_Trang_Khanh_Hoa_Province.html,551,tripadvisor_vn
Uyên Yoga Studio Nha Trang,Yoga & pilate,Khanh Hoa,https://www.tripadvisor.com.vn/Attraction_Review-g293928-d33029066-Reviews-Uyen_Yoga_Studio_Nha_Trang-Nha_Trang_Khanh_Hoa_Province.html,553,tripadvisor_vn
Tymy Spa Nha Trang,Spa,Khanh Hoa,https://www.tripadvisor.com.vn/Attraction_Review-g293928-d27747737-Reviews-Tymy_Spa_Nha_Trang-Nha_Trang_Khanh_Hoa_Province.html,555,tripadvisor_vn
Nhung Yoga Studio,Yoga & pilate,Khanh Hoa,https://www.tripadvisor.com.vn/Attraction_Review-g293928-d32892973-Reviews-Nhung_Yoga_Studio-Nha_Trang_Khanh_Hoa_Province.html,557,tripadvisor_vn
Memory Spa,Spa,Khanh Hoa,https://www.tripadvisor.com.vn/Attraction_Review-g293928-d17569125-Reviews-Memory_Spa-Nha_Trang_Khanh_Hoa_Province.html,558,tripadvisor_vn
Cam Lam Taxi,Taxi & xe đưa đón,Khanh Hoa,https://www.tripadvisor.com.vn/Attraction_Review-g293928-d32864156-Reviews-Cam_Lam_Taxi-Nha_Trang_Khanh_Hoa_Province.html,559,tripadvisor_vn
Queen Spa,Spa,Khanh Hoa,https://www.tripadvisor.com.vn/Attraction_Review-g293928-d32867818-Reviews-Queen_Spa-Nha_Trang_Khanh_Hoa_Province.html,560,tripadvisor_vn
Ohara Beauty Spa,Spa,Khanh Hoa,https://www.tripadvisor.com.vn/Attraction_Review-g293928-d20031517-Reviews-Ohara_Beauty_Spa-Nha_Trang_Khanh_Hoa_Province.html,564,tripadvisor_vn
Thác Tà Gụ,Chuyến tham quan sinh thái • Chuyến tham quan ngắm cảnh,Khanh Hoa,https://www.tripadvisor.com.vn/Attraction_Review-g15296249-d28255817-Reviews-Thac_Ta_G-Khanh_Phu_Khanh_Hoa_Province.html,569,tripadvisor_vn
Sam Spa,Spa,Khanh Hoa,https://www.tripadvisor.com.vn/Attraction_Review-g293928-d18970114-Reviews-Sam_Spa-Nha_Trang_Khanh_Hoa_Province.html,570,tripadvisor_vn
"Cano Tour Co.,Ltd",Lặn bằng bình khí & lặn bằng ống thở • Chuyến tham quan bằng tàu cao tốc,Khanh Hoa,https://www.tripadvisor.com.vn/Attraction_Review-g293928-d15244554-Reviews-Cano_Tour_Co_Ltd-Nha_Trang_Khanh_Hoa_Province.html,571,tripadvisor_vn
Mahami Spa & Nails Studio,Spa,Khanh Hoa,https://www.tripadvisor.com.vn/Attraction_Review-g293928-d34064208-Reviews-Mahami_Spa_Nails_Studio-Nha_Trang_Khanh_Hoa_Province.html,574,tripadvisor_vn
Gạo Spa,Spa,Khanh Hoa,https://www.tripadvisor.com.vn/Attraction_Review-g293928-d17569137-Reviews-Gao_Spa-Nha_Trang_Khanh_Hoa_Province.html,576,tripadvisor_vn
Vous Spa,Spa,Khanh Hoa,https://www.tripadvisor.com.vn/Attraction_Review-g293928-d8078337-Reviews-Vous_Spa-Nha_Trang_Khanh_Hoa_Province.html,577,tripadvisor_vn
Sỏi Island,"Chuyến tham quan quán bar, câu lạc bộ & quán rượu • Chuyến tham quan nhiều ngày",Khanh Hoa,https://www.tripadvisor.com.vn/Attraction_Review-g293928-d27706484-Reviews-S_i_Island-Nha_Trang_Khanh_Hoa_Province.html,579,tripadvisor_vn
Đỗ Tattoo,Cửa hàng đặc sản & cửa hàng quà tặng,Khanh Hoa,https://www.tripadvisor.com.vn/Attraction_Review-g293928-d27520873-Reviews-D_Tattoo-Nha_Trang_Khanh_Hoa_Province.html,580,tripadvisor_vn
Pali Spa Nha Trang,Spa,Khanh Hoa,https://www.tripadvisor.com.vn/Attraction_Review-g293928-d27521239-Reviews-Pali_Spa_Nha_Trang-Nha_Trang_Khanh_Hoa_Province.html,581,tripadvisor_vn
Budget Airliness,Chuyến đi trong ngày,Khanh Hoa,https://www.tripadvisor.com.vn/Attraction_Review-g293928-d17212840-Reviews-Budget_Airliness-Nha_Trang_Khanh_Hoa_Province.html,582,tripadvisor_vn
IIN Spa Na & Na,Spa,Khanh Hoa,https://www.tripadvisor.com.vn/Attraction_Review-g13288816-d27148808-Reviews-IIN_Spa_Na_Na-Cam_Hai_Tay_Cam_Lam_District_Khanh_Hoa_Province.html,583,tripadvisor_vn
Liana Spa,Spa,Khanh Hoa,https://www.tripadvisor.com.vn/Attraction_Review-g293928-d27175759-Reviews-Liana_Spa-Nha_Trang_Khanh_Hoa_Province.html,585,tripadvisor_vn
Amazon Spa,Spa,Khanh Hoa,https://www.tripadvisor.com.vn/Attraction_Review-g293928-d15236783-Reviews-Amazon_Spa-Nha_Trang_Khanh_Hoa_Province.html,586,tripadvisor_vn
Advaita Surf Club,Lướt sóng & lướt ván buồm,Khanh Hoa,https://www.tripadvisor.com.vn/Attraction_Review-g293928-d15000400-Reviews-Advaita_Surf_Club-Nha_Trang_Khanh_Hoa_Province.html,588,tripadvisor_vn
Nagon Beauty Spa,Spa,Khanh Hoa,https://www.tripadvisor.com.vn/Attraction_Review-g293928-d25374587-Reviews-Nagon_Beauty_Spa-Nha_Trang_Khanh_Hoa_Province.html,589,tripadvisor_vn
Full',Quán bar & câu lạc bộ,Khanh Hoa,https://www.tripadvisor.com.vn/Attraction_Review-g293928-d27098270-Reviews-Full-Nha_Trang_Khanh_Hoa_Province.html,591,tripadvisor_vn
Motorbike Rental Nha Trang,Chuyến tham quan nhiều ngày • Chuyến tham quan cảm giác mạnh & mạo hiểm,Khanh Hoa,https://www.tripadvisor.com.vn/Attraction_Review-g293928-d26846388-Reviews-Motorbike_Rental_Nha_Trang-Nha_Trang_Khanh_Hoa_Province.html,592,tripadvisor_vn
Tram Spa,Spa,Khanh Hoa,https://www.tripadvisor.com.vn/Attraction_Review-g293928-d26725881-Reviews-Tram_Spa-Nha_Trang_Khanh_Hoa_Province.html,594,tripadvisor_vn
Vietnam Navigator,"Chuyến tham quan bằng xe 4WD, ATV & xe địa hình • Chuyến tham quan ngắm cảnh",Khanh Hoa,https://www.tripadvisor.com.vn/Attraction_Review-g293928-d33338316-Reviews-Vietnam_Navigator-Nha_Trang_Khanh_Hoa_Province.html,596,tripadvisor_vn
Deli Nha Trang,Cửa hàng đặc sản & cửa hàng quà tặng,Khanh Hoa,https://www.tripadvisor.com.vn/Attraction_Review-g293928-d15086075-Reviews-Deli_Nha_Trang-Nha_Trang_Khanh_Hoa_Province.html,597,tripadvisor_vn
Ngoc Nail,Spa,Khanh Hoa,https://www.tripadvisor.com.vn/Attraction_Review-g293928-d25707318-Reviews-Ngoc_Nail-Nha_Trang_Khanh_Hoa_Province.html,598,tripadvisor_vn
Thác Tình yêu,Thác nước,Lai Chau,https://www.tripadvisor.com.vn/Attraction_Review-g811257-d5978825-Reviews-Love_Waterfall-Lai_Chau_Lai_Chau_Province.html,1,tripadvisor_vn
Chợ Tam Đường,Chợ nông sản,Lai Chau,https://www.tripadvisor.com.vn/Attraction_Review-g811257-d10840155-Reviews-Tam_Duong_Market-Lai_Chau_Lai_Chau_Province.html,2,tripadvisor_vn
Pu Sam Cap Caves,Hang lớn & động,Lai Chau,https://www.tripadvisor.com.vn/Attraction_Review-g811257-d17398941-Reviews-Pu_Sam_Cap_Caves-Lai_Chau_Lai_Chau_Province.html,3,tripadvisor_vn
Sin Suoi Ho Resort,Chuyến tham quan vượt hẻm núi & tuột núi • Taxi & xe đưa đón,Lai Chau,https://www.tripadvisor.com.vn/Attraction_Review-g811257-d19597524-Reviews-Sin_Suoi_Ho_Resort-Lai_Chau_Lai_Chau_Province.html,4,tripadvisor_vn
Kien Tour Guide,Chuyến tham quan leo núi • Chuyến tham quan bằng mô tô,Lai Chau,https://www.tripadvisor.com.vn/Attraction_Review-g811257-d21375826-Reviews-Kien_Tour_Guide-Lai_Chau_Lai_Chau_Province.html,5,tripadvisor_vn
Lai Chau Tour,Chuyến đi trong ngày,Lai Chau,https://www.tripadvisor.com.vn/Attraction_Review-g811257-d32796357-Reviews-Lai_Chau_Tour-Lai_Chau_Lai_Chau_Province.html,6,tripadvisor_vn
Theo Travel,Chuyến tham quan nhiều ngày • Chuyến tham quan cảm giác mạnh & mạo hiểm,Lai Chau,https://www.tripadvisor.com.vn/Attraction_Review-g811257-d27084111-Reviews-Theo_Travel-Lai_Chau_Lai_Chau_Province.html,7,tripadvisor_vn
Lai Châu Trails,Taxi & xe đưa đón • Chuyến tham quan leo núi,Lai Chau,https://www.tripadvisor.com.vn/Attraction_Review-g811257-d34049160-Reviews-Lai_Chau_Trails-Lai_Chau_Lai_Chau_Province.html,8,tripadvisor_vn
Sapa Beyond Adventures,Chuyến tham quan đi dạo • Chuyến tham quan bằng mô tô,Lai Chau,https://www.tripadvisor.com.vn/Attraction_Review-g811257-d34118937-Reviews-Sapa_Beyond_Adventures-Lai_Chau_Lai_Chau_Province.html,10,tripadvisor_vn
Chùa Linh Ẩn (Linh Ẩn Tự),Điểm thu hút khách tham quan & thắng cảnh,Lam Dong,https://www.tripadvisor.com.vn/Attraction_Review-g298083-d7333819-Reviews-Linh_An_Pagoda-Lam_Dong_Lam_Dong_Province.html,1,tripadvisor_vn
Dambri Waterfall,Thác nước,Lam Dong,https://www.tripadvisor.com.vn/Attraction_Review-g298083-d13567749-Reviews-Dambri_Waterfall-Lam_Dong_Lam_Dong_Province.html,2,tripadvisor_vn
Samten Hills Dalat,Điểm thu hút khách tham quan & thắng cảnh,Lam Dong,https://www.tripadvisor.com.vn/Attraction_Review-g298083-d25709235-Reviews-Samten_Hills_Dalat-Lam_Dong_Lam_Dong_Province.html,3,tripadvisor_vn
The Florest - Hoa Trong Rừng,Điểm thu hút khách tham quan & thắng cảnh,Lam Dong,https://www.tripadvisor.com.vn/Attraction_Review-g298083-d27925859-Reviews-The_Florest_Hoa_Trong_R_ng-Lam_Dong_Lam_Dong_Province.html,4,tripadvisor_vn
Trại dế Thiện An,Nông trại,Lam Dong,https://www.tripadvisor.com.vn/Attraction_Review-g298083-d10000828-Reviews-Thien_An_Cricket_Farm-Lam_Dong_Lam_Dong_Province.html,5,tripadvisor_vn
Đami Farm,Nông trại,Lam Dong,https://www.tripadvisor.com.vn/Attraction_Review-g298083-d33348955-Reviews-Dami_Farm-Lam_Dong_Lam_Dong_Province.html,6,tripadvisor_vn
Pawsome Haven,Sở thú,Lam Dong,https://www.tripadvisor.com.vn/Attraction_Review-g298083-d27153290-Reviews-Pawsome_Haven-Lam_Dong_Lam_Dong_Province.html,7,tripadvisor_vn
Elon Farmstay,Nông trại,Lam Dong,https://www.tripadvisor.com.vn/Attraction_Review-g298083-d17376128-Reviews-Elon_Farmstay-Lam_Dong_Lam_Dong_Province.html,8,tripadvisor_vn
Goats In Dalat,Núi • Đường đi bộ,Lam Dong,https://www.tripadvisor.com.vn/Attraction_Review-g298083-d33065565-Reviews-Goats_In_Dalat-Lam_Dong_Lam_Dong_Province.html,9,tripadvisor_vn
Mơ Mơ Studio - Plants & Art,Phòng trưng bày nghệ thuật • Vườn,Lam Dong,https://www.tripadvisor.com.vn/Attraction_Review-g298083-d34311174-Reviews-Mo_Mo_Studio_Plants_Art-Lam_Dong_Lam_Dong_Province.html,10,tripadvisor_vn
Pompeii Bar & Billiards,Quán bar & câu lạc bộ • Quầy bar dành cho người đồng tính,Lam Dong,https://www.tripadvisor.com.vn/Attraction_Review-g298083-d11664673-Reviews-Pompeii_Bar_Billiards-Lam_Dong_Lam_Dong_Province.html,11,tripadvisor_vn
Dalat Hana Spa,Spa,Lam Dong,https://www.tripadvisor.com.vn/Attraction_Review-g298083-d34237036-Reviews-Dalat_Hana_Spa-Lam_Dong_Lam_Dong_Province.html,12,tripadvisor_vn
ATV Tour in The Dalat Forest | Mountains,"Chuyến tham quan bằng xe 4WD, ATV & xe địa hình • Chuyến đi trong ngày",Lam Dong,https://www.tripadvisor.com.vn/Attraction_Review-g298083-d25010929-Reviews-ATV_Tour_in_The_Dalat_Forest_Mountains-Lam_Dong_Lam_Dong_Province.html,13,tripadvisor_vn
Nông Trại Fiore Farm,Nông trại • Nông trại,Lam Dong,https://www.tripadvisor.com.vn/Attraction_Review-g298083-d34516645-Reviews-Nong_Tr_i_Fiore_Farm-Lam_Dong_Lam_Dong_Province.html,14,tripadvisor_vn
Cơ sở sản xuất tơ lụa Cường Hoàn,Chuyến tham quan nhà máy,Lam Dong,https://www.tripadvisor.com.vn/Attraction_Review-g298083-d10000785-Reviews-Cuong_Hoan_Silk_Factory-Lam_Dong_Lam_Dong_Province.html,15,tripadvisor_vn
Warm Night Club Đà Lạt,Quán bar & câu lạc bộ,Lam Dong,https://www.tripadvisor.com.vn/Attraction_Review-g298083-d27974017-Reviews-Warm_Night_Club_Da_L_t-Lam_Dong_Lam_Dong_Province.html,16,tripadvisor_vn
Ana Spa Massage Da Lat,Spa,Lam Dong,https://www.tripadvisor.com.vn/Attraction_Review-g298083-d34569959-Reviews-Ana_Spa_Massage_Da_Lat-Lam_Dong_Lam_Dong_Province.html,17,tripadvisor_vn
"Private car Da lat <>Nha Trang , Da Lat <> Phan Thiet , Da Lat <> Ho Chi Minh",Taxi & xe đưa đón,Lam Dong,https://www.tripadvisor.com.vn/Attraction_Review-g298083-d26581601-Reviews-Private_car_Da_lat_Nha_Trang_Da_Lat_Phan_Thiet_Da_Lat_Ho_Chi_Minh-Lam_Dong_Lam_D.html,18,tripadvisor_vn
Viet Challenge Tours,Tour thăm quan thành phố • Chuyến tham quan bằng xe đạp,Lam Dong,https://www.tripadvisor.com.vn/Attraction_Review-g298083-d20306755-Reviews-Viet_Challenge_Tours-Lam_Dong_Lam_Dong_Province.html,19,tripadvisor_vn
Điềm Thụy Spa,Spa,Lam Dong,https://www.tripadvisor.com.vn/Attraction_Review-g298083-d34459169-Reviews-Di_m_Th_y_Spa-Lam_Dong_Lam_Dong_Province.html,20,tripadvisor_vn
Tam Coffee,Nông trại,Lam Dong,https://www.tripadvisor.com.vn/Attraction_Review-g298083-d34363171-Reviews-Tam_Coffee-Lam_Dong_Lam_Dong_Province.html,21,tripadvisor_vn
Tiệm Gội Đầu Nhà Na,Spa,Lam Dong,https://www.tripadvisor.com.vn/Attraction_Review-g298083-d34566956-Reviews-Ti_m_G_i_D_u_Nha_Na-Lam_Dong_Lam_Dong_Province.html,22,tripadvisor_vn
Ana Spa Da Lat,Spa,Lam Dong,https://www.tripadvisor.com.vn/Attraction_Review-g298083-d34572411-Reviews-Ana_Spa_Da_Lat-Lam_Dong_Lam_Dong_Province.html,23,tripadvisor_vn
Bảo Lộc - B'Lao Săn Mây,Chuyến tham quan nhiều ngày • Chuyến tham quan cảm giác mạnh & mạo hiểm,Lam Dong,https://www.tripadvisor.com.vn/Attraction_Review-g298083-d19074513-Reviews-B_o_L_c_B_Lao_San_May-Lam_Dong_Lam_Dong_Province.html,24,tripadvisor_vn
Du Hí Bốn Phương,Chuyến tham quan nhiều ngày • Chuyến tham quan tư nhân,Lam Dong,https://www.tripadvisor.com.vn/Attraction_Review-g298083-d25034069-Reviews-Du_Hi_B_n_Phuong-Lam_Dong_Lam_Dong_Province.html,25,tripadvisor_vn
Bảo Tàng Trà Long Đỉnh,Chuyến tham quan văn hóa • Taxi & xe đưa đón,Lam Dong,https://www.tripadvisor.com.vn/Attraction_Review-g298083-d27163491-Reviews-B_o_Tang_Tra_Long_D_nh-Lam_Dong_Lam_Dong_Province.html,26,tripadvisor_vn
Khu Du Lịch Rừng Thông Núi Voi,Chuyến tham quan nhiều ngày • Chuyến tham quan cảm giác mạnh & mạo hiểm,Lam Dong,https://www.tripadvisor.com.vn/Attraction_Review-g298083-d27141837-Reviews-Khu_Du_L_ch_R_ng_Thong_Nui_Voi-Lam_Dong_Lam_Dong_Province.html,27,tripadvisor_vn
HIGHLAND ADVENTURE-DALAT ADVENTURE TOURS,Chuyến tham quan vượt hẻm núi & tuột núi • Chuyến tham quan cảm giác mạnh & mạo hiểm,Lam Dong,https://www.tripadvisor.com.vn/Attraction_Review-g298083-d25552814-Reviews-HIGHLAND_ADVENTURE_DALAT_ADVENTURE_TOURS-Lam_Dong_Lam_Dong_Province.html,28,tripadvisor_vn
Thô's Artisan Coffee Dalat,"Chuyến tham quan quán bar, câu lạc bộ & quán rượu",Lam Dong,https://www.tripadvisor.com.vn/Attraction_Review-g298083-d27946694-Reviews-Tho_s_Artisan_Coffee_Dalat-Lam_Dong_Lam_Dong_Province.html,29,tripadvisor_vn
GuTrip Experience,Chuyến tham quan nhiều ngày • Chuyến tham quan đi bộ & cắm trại,Lam Dong,https://www.tripadvisor.com.vn/Attraction_Review-g298083-d20111731-Reviews-GuTrip_Experience-Lam_Dong_Lam_Dong_Province.html,31,tripadvisor_vn
Nhà Của Thời Thanh Xuân,Xưởng vẽ & làm đồ gốm • Lớp nấu ăn,Lam Dong,https://www.tripadvisor.com.vn/Attraction_Review-g298083-d20162488-Reviews-Nha_C_a_Th_i_Thanh_Xuan-Lam_Dong_Lam_Dong_Province.html,32,tripadvisor_vn
Vina Holiday - Đà Lạt,Chuyến tham quan nhiều ngày • Chuyến tham quan tư nhân,Lam Dong,https://www.tripadvisor.com.vn/Attraction_Review-g298083-d34043267-Reviews-Vina_Holiday_Da_L_t-Lam_Dong_Lam_Dong_Province.html,33,tripadvisor_vn
Tea Bobla Waterfall,Chuyến tham quan sinh thái,Lam Dong,https://www.tripadvisor.com.vn/Attraction_Review-g298083-d28657349-Reviews-Tea_Bobla_Waterfall-Lam_Dong_Lam_Dong_Province.html,34,tripadvisor_vn
Bau Trang U&ME Tourist Area,"Chuyến tham quan bằng xe 4WD, ATV & xe địa hình • Đường dành cho xe địa hình & ATV",Lam Dong,https://www.tripadvisor.com.vn/Attraction_Review-g298083-d34342790-Reviews-Bau_Trang_U_ME_Tourist_Area-Lam_Dong_Lam_Dong_Province.html,35,tripadvisor_vn
Rainbow.TRAVEL&EVENTS,Chuyến tham quan nhiều ngày • Chuyến tham quan cảm giác mạnh & mạo hiểm,Lam Dong,https://www.tripadvisor.com.vn/Attraction_Review-g298083-d33130922-Reviews-Rainbow_TRAVEL_EVENTS-Lam_Dong_Lam_Dong_Province.html,36,tripadvisor_vn
Sàn Homestay,Cho thuê tiện ích • Chuyến tham quan đi bộ & cắm trại,Lam Dong,https://www.tripadvisor.com.vn/Attraction_Review-g298083-d15270181-Reviews-San_Homestay-Lam_Dong_Lam_Dong_Province.html,37,tripadvisor_vn
S Coffee Roastery,Chuyến tham quan cà phê & trà,Lam Dong,https://www.tripadvisor.com.vn/Attraction_Review-g298083-d33122565-Reviews-S_Coffee_Roastery-Lam_Dong_Lam_Dong_Province.html,38,tripadvisor_vn
Dalat Today Travel,Chuyến tham quan bằng xe buýt du lịch,Lam Dong,https://www.tripadvisor.com.vn/Attraction_Review-g298083-d32825821-Reviews-Dalat_Today_Travel-Lam_Dong_Lam_Dong_Province.html,39,tripadvisor_vn
Temple Đại Tùng lâm hoa sen lâm Đồng,Chuyến tham quan lịch sử & di sản • Chuyến tham quan ngắm cảnh,Lam Dong,https://www.tripadvisor.com.vn/Attraction_Review-g298083-d34125332-Reviews-Temple_D_i_Tung_lam_hoa_sen_lam_D_ng-Lam_Dong_Lam_Dong_Province.html,40,tripadvisor_vn
TROPICAL TREKKING,Chuyến tham quan văn hóa • Chuyến tham quan lịch sử & di sản,Lam Dong,https://www.tripadvisor.com.vn/Attraction_Review-g298083-d34040250-Reviews-TROPICAL_TREKKING-Lam_Dong_Lam_Dong_Province.html,41,tripadvisor_vn
Coffee tham quan chụp hình,Chuyến tham quan cà phê & trà • Chuyến tham quan đi bộ & cắm trại,Lam Dong,https://www.tripadvisor.com.vn/Attraction_Review-g298083-d32975591-Reviews-Coffee_tham_quan_ch_p_hinh-Lam_Dong_Lam_Dong_Province.html,42,tripadvisor_vn
Sucampinglife,"Chuyến tham quan bằng xe 4WD, ATV & xe địa hình • Taxi & xe đưa đón",Lam Dong,https://www.tripadvisor.com.vn/Attraction_Review-g298083-d27720910-Reviews-Sucampinglife-Lam_Dong_Lam_Dong_Province.html,45,tripadvisor_vn
Thung Lũng Bắc Sơn,Vùng nước • Núi,Lang Son,https://www.tripadvisor.com.vn/Attraction_Review-g2144896-d11489001-Reviews-Bac_Son_Valley-Lang_Son_Lang_Son_Province.html,1,tripadvisor_vn
Động Tam Thanh,Hang lớn & động,Lang Son,https://www.tripadvisor.com.vn/Attraction_Review-g2144896-d2266644-Reviews-Tam_Thanh_Grotto-Lang_Son_Lang_Son_Province.html,2,tripadvisor_vn
Lang Son UNESCO Global Geopark,Công viên quốc gia,Lang Son,https://www.tripadvisor.com.vn/Attraction_Review-g2144896-d33994727-Reviews-Lang_Son_UNESCO_Global_Geopark-Lang_Son_Lang_Son_Province.html,3,tripadvisor_vn
Nhi Thanh grotto,Hang lớn & động,Lang Son,https://www.tripadvisor.com.vn/Attraction_Review-g2144896-d2266672-Reviews-Nhi_Thanh_grotto-Lang_Son_Lang_Son_Province.html,4,tripadvisor_vn
Siêu thị WinMart Lạng Sơn,Cửa hàng đặc sản & cửa hàng quà tặng,Lang Son,https://www.tripadvisor.com.vn/Attraction_Review-g2144896-d34515008-Reviews-Sieu_th_WinMart_L_ng_Son-Lang_Son_Lang_Son_Province.html,5,tripadvisor_vn
Hava Travel Lạng Sơn,Tour thăm quan thành phố • Chuyến tham quan nhiều ngày,Lang Son,https://www.tripadvisor.com.vn/Attraction_Review-g2144896-d33088385-Reviews-Hava_Travel_L_ng_Son-Lang_Son_Lang_Son_Province.html,6,tripadvisor_vn
Vietnam Expeditions,Chuyến tham quan nhiều ngày • Chuyến tham quan vượt hẻm núi & tuột núi,Lang Son,https://www.tripadvisor.com.vn/Attraction_Review-g2144896-d26828314-Reviews-Vietnam_Expeditions-Lang_Son_Lang_Son_Province.html,7,tripadvisor_vn
Thành Nhà Mạc Lạng Sơn,Chuyến tham quan lịch sử & di sản,Lang Son,https://www.tripadvisor.com.vn/Attraction_Review-g2144896-d33321127-Reviews-Thanh_Nha_M_c_L_ng_Son-Lang_Son_Lang_Son_Province.html,8,tripadvisor_vn
Trạm Dừng nghỉ Hoa Hồi Lạng Sơn,Chuyến tham quan văn hóa • Chuyến tham quan mua sắm,Lang Son,https://www.tripadvisor.com.vn/Attraction_Review-g2144896-d33970853-Reviews-Tr_m_D_ng_ngh_Hoa_H_i_L_ng_Son-Lang_Son_Lang_Son_Province.html,9,tripadvisor_vn
Lang Son Expeditions,Chèo xuồng & ngồi phao trên sông • Chuyến tham quan vượt hẻm núi & tuột núi,Lang Son,https://www.tripadvisor.com.vn/Attraction_Review-g2144896-d26828320-Reviews-Lang_Son_Expeditions-Lang_Son_Lang_Son_Province.html,10,tripadvisor_vn
Hava Travel Lang Son,Chuyến tham quan nhiều ngày • Chuyến tham quan bằng mô tô,Lang Son,https://www.tripadvisor.com.vn/Attraction_Review-g2144896-d33090483-Reviews-Hava_Travel_Lang_Son-Lang_Son_Lang_Son_Province.html,11,tripadvisor_vn
Vietnam CBT,Chuyến tham quan văn hóa • Chuyến tham quan đi bộ & cắm trại,Lang Son,https://www.tripadvisor.com.vn/Attraction_Review-g2144896-d13476682-Reviews-Vietnam_CBT-Lang_Son_Lang_Son_Province.html,12,tripadvisor_vn
Mong Village - Alpine Coaster Sapa,Trung tâm trò chơi & giải trí,Lao Cai,https://www.tripadvisor.com.vn/Attraction_Review-g737052-d27171657-Reviews-Mong_Village_Alpine_Coaster_Sapa-Lao_Cai_Lao_Cai_Province.html,1,tripadvisor_vn
Moana Sapa,Điểm thu hút khách tham quan & thắng cảnh,Lao Cai,https://www.tripadvisor.com.vn/Attraction_Review-g737052-d28983403-Reviews-Moana_Sapa-Lao_Cai_Lao_Cai_Province.html,2,tripadvisor_vn
Chợ phiên Sín Chéng,Chợ trời & chợ đường phố • Chợ nông sản,Lao Cai,https://www.tripadvisor.com.vn/Attraction_Review-g737052-d8851158-Reviews-Sin_Cheng_Market-Lao_Cai_Lao_Cai_Province.html,3,tripadvisor_vn
Cao Son Market,Điểm thu hút khách tham quan & thắng cảnh,Lao Cai,https://www.tripadvisor.com.vn/Attraction_Review-g737052-d6974704-Reviews-Cao_Son_Market-Lao_Cai_Lao_Cai_Province.html,4,tripadvisor_vn
Làng Y Tý,Khu lân cận • Điểm thu hút khách tham quan & thắng cảnh,Lao Cai,https://www.tripadvisor.com.vn/Attraction_Review-g737052-d14086596-Reviews-Y_Ty_Village-Lao_Cai_Lao_Cai_Province.html,5,tripadvisor_vn
Loa Cai Crossing (vietnam To China),Tòa nhà chính phủ,Lao Cai,https://www.tripadvisor.com.vn/Attraction_Review-g737052-d33274740-Reviews-Loa_Cai_Crossing_vietnam_To_China-Lao_Cai_Lao_Cai_Province.html,6,tripadvisor_vn
Đền Mẫu,Điểm thu hút khách tham quan & thắng cảnh • Địa điểm tôn giáo,Lao Cai,https://www.tripadvisor.com.vn/Attraction_Review-g737052-d8797433-Reviews-Den_Mau-Lao_Cai_Lao_Cai_Province.html,7,tripadvisor_vn
Bạch Mộc Lương Tử,Núi,Lao Cai,https://www.tripadvisor.com.vn/Attraction_Review-g737052-d13313014-Reviews-Bach_Moc_Luong_Tu-Lao_Cai_Lao_Cai_Province.html,8,tripadvisor_vn
Đền Mẫu Lào Cai,Địa điểm tôn giáo,Lao Cai,https://www.tripadvisor.com.vn/Attraction_Review-g737052-d6974773-Reviews-Mau_Temple_Lao_Cai-Lao_Cai_Lao_Cai_Province.html,10,tripadvisor_vn
Tibetan House,Điểm thu hút khách tham quan & thắng cảnh,Lao Cai,https://www.tripadvisor.com.vn/Attraction_Review-g737052-d23259101-Reviews-Tibetan_House-Lao_Cai_Lao_Cai_Province.html,11,tripadvisor_vn
Sapa Weather Trekking Tours,Đường đi bộ,Lao Cai,https://www.tripadvisor.com.vn/Attraction_Review-g737052-d26348648-Reviews-Sapa_Weather_Trekking_Tours-Lao_Cai_Lao_Cai_Province.html,12,tripadvisor_vn
Cáp Treo Fansipan,Xe điện,Lao Cai,https://www.tripadvisor.com.vn/Attraction_Review-g737052-d24061612-Reviews-Cap_Treo_Fansipan-Lao_Cai_Lao_Cai_Province.html,13,tripadvisor_vn
Triple S Travel,Trung tâm du lịch,Lao Cai,https://www.tripadvisor.com.vn/Attraction_Review-g737052-d34233029-Reviews-Triple_S_Travel-Lao_Cai_Lao_Cai_Province.html,14,tripadvisor_vn
Nature Dual Expeditions,Đường đi bộ,Lao Cai,https://www.tripadvisor.com.vn/Attraction_Review-g737052-d33353379-Reviews-Nature_Dual_Expeditions-Lao_Cai_Lao_Cai_Province.html,15,tripadvisor_vn
Lảo Thẩn,Núi,Lao Cai,https://www.tripadvisor.com.vn/Attraction_Review-g737052-d28635617-Reviews-L_o_Th_n-Lao_Cai_Lao_Cai_Province.html,16,tripadvisor_vn
H'Mong Lady Club & Entertainment,Quán bar & câu lạc bộ,Lao Cai,https://www.tripadvisor.com.vn/Attraction_Review-g737052-d33427771-Reviews-H_Mong_Lady_Club_Entertainment-Lao_Cai_Lao_Cai_Province.html,17,tripadvisor_vn
Đền Ken,Địa điểm tôn giáo,Lao Cai,https://www.tripadvisor.com.vn/Attraction_Review-g737052-d24145535-Reviews-D_n_Ken-Lao_Cai_Lao_Cai_Province.html,18,tripadvisor_vn
Naru Vip Massage,Spa,Lao Cai,https://www.tripadvisor.com.vn/Attraction_Review-g737052-d17750760-Reviews-Naru_Vip_Massage-Lao_Cai_Lao_Cai_Province.html,19,tripadvisor_vn
Dịch Vụ Cho Thuê Xe Máy Tại Lào Cai,Cho thuê tiện ích,Lao Cai,https://www.tripadvisor.com.vn/Attraction_Review-g737052-d11666835-Reviews-Motorcycle_Rental_Lao_Cai-Lao_Cai_Lao_Cai_Province.html,20,tripadvisor_vn
Private car with driver in Sapa,Taxi & xe đưa đón,Lao Cai,https://www.tripadvisor.com.vn/Attraction_Review-g737052-d34278629-Reviews-THUE_XE_CO_LA_Chuy_n_di_dang_nh_SAPA-Lao_Cai_Lao_Cai_Province.html,21,tripadvisor_vn
Ling Tran - Cosmetics & Spa,Spa,Lao Cai,https://www.tripadvisor.com.vn/Attraction_Review-g737052-d29924515-Reviews-Ling_Tran_Cosmetics_Spa-Lao_Cai_Lao_Cai_Province.html,22,tripadvisor_vn
Indigo Store Sapa Lao Chai,Cửa hàng đặc sản & cửa hàng quà tặng,Lao Cai,https://www.tripadvisor.com.vn/Attraction_Review-g737052-d27995744-Reviews-Indigo_Store_Sapa_Lao_Chai-Lao_Cai_Lao_Cai_Province.html,23,tripadvisor_vn
Sapa Group Bus,Dịch vụ xe buýt,Lao Cai,https://www.tripadvisor.com.vn/Attraction_Review-g737052-d24046730-Reviews-Sapa_Group_Bus-Lao_Cai_Lao_Cai_Province.html,24,tripadvisor_vn
Đỗ Quyên Spa & Massage,Spa,Lao Cai,https://www.tripadvisor.com.vn/Attraction_Review-g737052-d17347849-Reviews-Do_Quyen_Spa_Massage-Lao_Cai_Lao_Cai_Province.html,25,tripadvisor_vn
Ốc Beauty - Nail Shop - Hair Wash - Eyelash,Spa,Lao Cai,https://www.tripadvisor.com.vn/Attraction_Review-g737052-d34678203-Reviews-C_Beauty_Nail_Shop_Hair_Wash_Eyelash-Lao_Cai_Lao_Cai_Province.html,26,tripadvisor_vn
Sapaly Spa & Massage,Spa,Lao Cai,https://www.tripadvisor.com.vn/Attraction_Review-g737052-d9718474-Reviews-Sapaly_Spa_Massage-Lao_Cai_Lao_Cai_Province.html,27,tripadvisor_vn
Lao Cai Motorcycle Rental,Cho thuê tiện ích,Lao Cai,https://www.tripadvisor.com.vn/Attraction_Review-g737052-d11445446-Reviews-Lao_Cai_Motorcycle_Rental-Lao_Cai_Lao_Cai_Province.html,28,tripadvisor_vn
The Black Horse Pub,Quán bar đồng quê & quán bar phương Tây,Lao Cai,https://www.tripadvisor.com.vn/Attraction_Review-g737052-d27942709-Reviews-The_Black_Horse_Pub-Lao_Cai_Lao_Cai_Province.html,29,tripadvisor_vn
Relax Massage & Spa Sapa,Spa,Lao Cai,https://www.tripadvisor.com.vn/Attraction_Review-g737052-d26339894-Reviews-Relax_Massage_Spa_Sapa-Lao_Cai_Lao_Cai_Province.html,30,tripadvisor_vn
Red Dao Spa,Spa,Lao Cai,https://www.tripadvisor.com.vn/Attraction_Review-g737052-d24149498-Reviews-Red_Dao_Spa-Lao_Cai_Lao_Cai_Province.html,31,tripadvisor_vn
Cho Thuê Xe Máy 368 Tại Lào Cai,Cho thuê tiện ích,Lao Cai,https://www.tripadvisor.com.vn/Attraction_Review-g737052-d28117991-Reviews-Motorbike_Rental_368_In_Lao_Cai-Lao_Cai_Lao_Cai_Province.html,32,tripadvisor_vn
Minh Châu Spa,Spa,Lao Cai,https://www.tripadvisor.com.vn/Attraction_Review-g737052-d28028563-Reviews-Minh_Chau_Spa-Lao_Cai_Lao_Cai_Province.html,33,tripadvisor_vn
Sapa Green Spa,Spa,Lao Cai,https://www.tripadvisor.com.vn/Attraction_Review-g737052-d27673997-Reviews-Sapa_Green_Spa-Lao_Cai_Lao_Cai_Province.html,34,tripadvisor_vn
Mebayluon Paragliding,Dù kéo & dù lượn • Nhảy dù,Lao Cai,https://www.tripadvisor.com.vn/Attraction_Review-g737052-d27969404-Reviews-Mebayluon_Paragliding-Lao_Cai_Lao_Cai_Province.html,35,tripadvisor_vn
Thuê Xe Máy Lào Cai,Cho thuê tiện ích,Lao Cai,https://www.tripadvisor.com.vn/Attraction_Review-g737052-d33063446-Reviews-Motorbike_Rental_Lao_Cai-Lao_Cai_Lao_Cai_Province.html,36,tripadvisor_vn
The Charm Destination Spa,Spa,Lao Cai,https://www.tripadvisor.com.vn/Attraction_Review-g737052-d25376425-Reviews-Charm_Spa-Lao_Cai_Lao_Cai_Province.html,37,tripadvisor_vn
Rose Spa,Spa,Lao Cai,https://www.tripadvisor.com.vn/Attraction_Review-g737052-d33336298-Reviews-Rose_Spa-Lao_Cai_Lao_Cai_Province.html,38,tripadvisor_vn
Dịch Vụ Thuê Xe,Cho thuê tiện ích,Lao Cai,https://www.tripadvisor.com.vn/Attraction_Review-g737052-d11660553-Reviews-Motorcycle_Rental-Lao_Cai_Lao_Cai_Province.html,39,tripadvisor_vn
Ốc Beauty - Nails - Hair Wash - Eyelash,Spa,Lao Cai,https://www.tripadvisor.com.vn/Attraction_Review-g737052-d34683646-Reviews-C_Beauty_Nails_Hair_Wash_Eyelash-Lao_Cai_Lao_Cai_Province.html,40,tripadvisor_vn
"Paramotor Paragliding Experience in Mu Cang Chai, Lao Cai Province",Dù kéo & dù lượn • Nhảy dù,Lao Cai,https://www.tripadvisor.com.vn/Attraction_Review-g737052-d34377924-Reviews-Paramotor_Paragliding_Experience_in_Mu_Cang_Chai_Lao_Cai_Province-Lao_Cai_Lao_Ca.html,41,tripadvisor_vn
Batik workshop,Buổi học & hội thảo,Lao Cai,https://www.tripadvisor.com.vn/Attraction_Review-g737052-d34443137-Reviews-Batik_workshop-Lao_Cai_Lao_Cai_Province.html,42,tripadvisor_vn
Flamingo Laocai Motorbike Tours and Rentals,Tour thăm quan thành phố • Chuyến tham quan nhiều ngày,Lao Cai,https://www.tripadvisor.com.vn/Attraction_Review-g737052-d17766421-Reviews-Flamingo_Laocai_Motorbike_Tours_and_Rentals-Lao_Cai_Lao_Cai_Province.html,43,tripadvisor_vn
Lyli,Chuyến tham quan nhiều ngày • Chuyến tham quan tư nhân,Lao Cai,https://www.tripadvisor.com.vn/Attraction_Review-g737052-d33027505-Reviews-Lyli-Lao_Cai_Lao_Cai_Province.html,44,tripadvisor_vn
SAPA FANSIPAN TREKKING TOUR,Chuyến tham quan nhiều ngày • Chuyến tham quan cảm giác mạnh & mạo hiểm,Lao Cai,https://www.tripadvisor.com.vn/Attraction_Review-g737052-d25080600-Reviews-SAPA_FANSIPAN_TREKKING_TOUR-Lao_Cai_Lao_Cai_Province.html,45,tripadvisor_vn
Sa Pa,Chuyến tham quan ngắm cảnh,Lao Cai,https://www.tripadvisor.com.vn/Attraction_Review-g737052-d33278680-Reviews-Sa_Pa-Lao_Cai_Lao_Cai_Province.html,46,tripadvisor_vn
Shom Li Homestay & Trekking,Chuyến tham quan đi bộ & cắm trại,Lao Cai,https://www.tripadvisor.com.vn/Attraction_Review-g737052-d31720383-Reviews-Shom_Li_Homestay_Trekking-Lao_Cai_Lao_Cai_Province.html,47,tripadvisor_vn
Lao Cai Tours,Chuyến tham quan đi dạo • Chuyến tham quan đi bộ & cắm trại,Lao Cai,https://www.tripadvisor.com.vn/Attraction_Review-g737052-d32847075-Reviews-Lao_Cai_Tours-Lao_Cai_Lao_Cai_Province.html,48,tripadvisor_vn
Canyoning Sapa - Love Waterfall - Half day - Viettrekking,Chuyến tham quan vượt hẻm núi & tuột núi,Lao Cai,https://www.tripadvisor.com.vn/Attraction_Review-g737052-d25942699-Reviews-Canyoning_Sapa_Love_Waterfall_Half_day_Viettrekking-Lao_Cai_Lao_Cai_Province.html,49,tripadvisor_vn
Misty Pub,"Chuyến tham quan quán bar, câu lạc bộ & quán rượu • Quán bar & câu lạc bộ",Lao Cai,https://www.tripadvisor.com.vn/Attraction_Review-g737052-d34678753-Reviews-Misty_Pub-Lao_Cai_Lao_Cai_Province.html,50,tripadvisor_vn
Sa Pa And North Tour,"Chuyến tham quan bằng xe 4WD, ATV & xe địa hình • Taxi & xe đưa đón",Lao Cai,https://www.tripadvisor.com.vn/Attraction_Review-g737052-d34480678-Reviews-Sa_Pa_And_North_Tour-Lao_Cai_Lao_Cai_Province.html,51,tripadvisor_vn
Sapa Budget Travel - Day Tours,Chuyến tham quan văn hóa • Chuyến tham quan đi dạo,Lao Cai,https://www.tripadvisor.com.vn/Attraction_Review-g737052-d8616781-Reviews-Sapa_Budget_Travel_Day_Tours-Lao_Cai_Lao_Cai_Province.html,52,tripadvisor_vn
Limousine AB,Taxi & xe đưa đón • Chuyến tham quan tự hướng dẫn & cho thuê,Lao Cai,https://www.tripadvisor.com.vn/Attraction_Review-g737052-d19512662-Reviews-Limousine_AB-Lao_Cai_Lao_Cai_Province.html,53,tripadvisor_vn
SapaTour Hmoob,Tour thăm quan thành phố • Chuyến tham quan bằng mô tô,Lao Cai,https://www.tripadvisor.com.vn/Attraction_Review-g737052-d33280407-Reviews-SapaTour_Hmoob-Lao_Cai_Lao_Cai_Province.html,54,tripadvisor_vn
Bau Sa Pa Trekking,Chuyến tham quan ngắm cảnh,Lao Cai,https://www.tripadvisor.com.vn/Attraction_Review-g737052-d32793776-Reviews-Bau_Sa_Pa_Trekking-Lao_Cai_Lao_Cai_Province.html,55,tripadvisor_vn
Sa pa Terraces rice view homestay & Bar,"Chuyến tham quan quán bar, câu lạc bộ & quán rượu • Chuyến tham quan văn hóa",Lao Cai,https://www.tripadvisor.com.vn/Attraction_Review-g737052-d28043045-Reviews-Sa_pa_Terraces_rice_view_homestay_Bar-Lao_Cai_Lao_Cai_Province.html,56,tripadvisor_vn
Sapa Budget Tours - Private Day Tours,Chuyến tham quan tư nhân,Lao Cai,https://www.tripadvisor.com.vn/Attraction_Review-g737052-d6363740-Reviews-Sapa_Budget_Tours_Private_Day_Tours-Lao_Cai_Lao_Cai_Province.html,57,tripadvisor_vn
Green Sapa Trekking,Chuyến tham quan văn hóa • Chuyến tham quan cảm giác mạnh & mạo hiểm,Lao Cai,https://www.tripadvisor.com.vn/Attraction_Review-g737052-d33256372-Reviews-Green_Sapa_Trekking-Lao_Cai_Lao_Cai_Province.html,59,tripadvisor_vn
Bac Ha Discovery,Chuyến tham quan nhiều ngày • Chuyến tham quan đi bộ & cắm trại,Lao Cai,https://www.tripadvisor.com.vn/Attraction_Review-g737052-d26302539-Reviews-Bac_Ha_Discovery-Lao_Cai_Lao_Cai_Province.html,60,tripadvisor_vn
Trà Sen Mặn,Chuyến tham quan cà phê & trà,Lao Cai,https://www.tripadvisor.com.vn/Attraction_Review-g737052-d32508960-Reviews-Tra_Sen_M_n-Lao_Cai_Lao_Cai_Province.html,61,tripadvisor_vn
VIỆT,Taxi & xe đưa đón • Chuyến tham quan đi bộ & cắm trại,Lao Cai,https://www.tripadvisor.com.vn/Attraction_Review-g737052-d25026898-Reviews-VI_T-Lao_Cai_Lao_Cai_Province.html,62,tripadvisor_vn
LCa resto tours,Chuyến tham quan cà phê & trà • Chuyến tham quan ẩm thực,Lao Cai,https://www.tripadvisor.com.vn/Attraction_Review-g737052-d26613914-Reviews-LCa_resto_tours-Lao_Cai_Lao_Cai_Province.html,63,tripadvisor_vn
Trekking Tour Sapa,Chuyến tham quan đi dạo • Chuyến tham quan đi bộ & cắm trại,Lao Cai,https://www.tripadvisor.com.vn/Attraction_Review-g737052-d28034197-Reviews-Trekking_Tour_Sapa-Lao_Cai_Lao_Cai_Province.html,64,tripadvisor_vn
Tiệm Ảnh Cát Cát,Chuyến tham quan ngắm cảnh,Lao Cai,https://www.tripadvisor.com.vn/Attraction_Review-g737052-d27764177-Reviews-Ti_m_nh_Cat_Cat-Lao_Cai_Lao_Cai_Province.html,65,tripadvisor_vn
Lala Hmong Guide,Chuyến tham quan ngắm cảnh,Lao Cai,https://www.tripadvisor.com.vn/Attraction_Review-g737052-d32483431-Reviews-Lala_Hmong_Guide-Lao_Cai_Lao_Cai_Province.html,66,tripadvisor_vn
Phung Trekking Sapa,"Chuyến tham quan văn học, nghệ thuật & âm nhạc • Chuyến tham quan leo núi",Lao Cai,https://www.tripadvisor.com.vn/Attraction_Review-g737052-d28005488-Reviews-Phung_Trekking_Sapa-Lao_Cai_Lao_Cai_Province.html,67,tripadvisor_vn
LE Minh Travel,Chuyến tham quan nhiều ngày • Taxi & xe đưa đón,Lao Cai,https://www.tripadvisor.com.vn/Attraction_Review-g737052-d34598246-Reviews-LE_Minh_Travel-Lao_Cai_Lao_Cai_Province.html,68,tripadvisor_vn
Trekking With Su & Homestay,Chuyến tham quan ngắm cảnh,Lao Cai,https://www.tripadvisor.com.vn/Attraction_Review-g737052-d27182475-Reviews-Trekking_With_Su_Homestay-Lao_Cai_Lao_Cai_Province.html,69,tripadvisor_vn
Fansipan Hiking Peak,Chuyến tham quan đi bộ & cắm trại,Lao Cai,https://www.tripadvisor.com.vn/Attraction_Review-g737052-d33056297-Reviews-Fansipan_Hiking_Peak-Lao_Cai_Lao_Cai_Province.html,70,tripadvisor_vn
Trang An Grottoes,Hang lớn & động,Ninh Binh,https://www.tripadvisor.com.vn/Attraction_Review-g303945-d2484803-Reviews-Trang_An_Grottoes-Ninh_Binh_Ninh_Binh_Province.html,1,tripadvisor_vn
Mua Caves (Hang Múa),Hang lớn & động,Ninh Binh,https://www.tripadvisor.com.vn/Attraction_Review-g303945-d5321519-Reviews-Mua_Caves-Ninh_Binh_Ninh_Binh_Province.html,2,tripadvisor_vn
Cơ Sở Bảo Tồn Gấu Ninh Bình,Khu vực tự nhiên & động vật hoang dã,Ninh Binh,https://www.tripadvisor.com.vn/Attraction_Review-g303945-d18670578-Reviews-Bear_Sanctuary_Ninh_Binh-Ninh_Binh_Ninh_Binh_Province.html,3,tripadvisor_vn
Van Long Nature Reserve,Khu vực tự nhiên & động vật hoang dã,Ninh Binh,https://www.tripadvisor.com.vn/Attraction_Review-g303945-d2044218-Reviews-Van_Long_Nature_Reserve-Ninh_Binh_Ninh_Binh_Province.html,4,tripadvisor_vn
Vườn quốc gia Cúc Phương,Công viên quốc gia • Hang lớn & động,Ninh Binh,https://www.tripadvisor.com.vn/Attraction_Review-g303945-d8779716-Reviews-Cuc_Phuong_National_Park-Ninh_Binh_Ninh_Binh_Province.html,5,tripadvisor_vn
Phat Diem Cathedral,Nhà thờ & nhà thờ lớn,Ninh Binh,https://www.tripadvisor.com.vn/Attraction_Review-g303945-d3597971-Reviews-Phat_Diem_Cathedral-Ninh_Binh_Ninh_Binh_Province.html,6,tripadvisor_vn
Phố Cổ Hoa Lư,Điểm thu hút khách tham quan & thắng cảnh,Ninh Binh,https://www.tripadvisor.com.vn/Attraction_Review-g303945-d28126339-Reviews-Ph_C_Hoa_Lu-Ninh_Binh_Ninh_Binh_Province.html,7,tripadvisor_vn
Tam Coc Museum,Trung tâm du lịch • Phòng trưng bày nghệ thuật,Ninh Binh,https://www.tripadvisor.com.vn/Attraction_Review-g303945-d32455624-Reviews-Tam_Coc_Museum-Ninh_Binh_Ninh_Binh_Province.html,8,tripadvisor_vn
Tuyệt Tình Cốc,Điểm thu hút khách tham quan & thắng cảnh,Ninh Binh,https://www.tripadvisor.com.vn/Attraction_Review-g303945-d13646473-Reviews-Tuy_t_Tinh_C_c-Ninh_Binh_Ninh_Binh_Province.html,9,tripadvisor_vn
Dundj Valley,Khu vực tự nhiên & động vật hoang dã • Hang lớn & động,Ninh Binh,https://www.tripadvisor.com.vn/Attraction_Review-g303945-d33333631-Reviews-Dundj_Valley-Ninh_Binh_Ninh_Binh_Province.html,10,tripadvisor_vn
Hoa Lu Temple,Địa điểm lịch sử • Địa điểm tôn giáo,Ninh Binh,https://www.tripadvisor.com.vn/Attraction_Review-g303945-d11094481-Reviews-Hoa_Lu_Temple-Ninh_Binh_Ninh_Binh_Province.html,11,tripadvisor_vn
Hoa Lu Temples of the Dinh & le Dynasties,Điểm thu hút khách tham quan & thắng cảnh,Ninh Binh,https://www.tripadvisor.com.vn/Attraction_Review-g303945-d5858097-Reviews-Hoa_Lu_Temples_of_the_Dinh_le_Dynasties-Ninh_Binh_Ninh_Binh_Province.html,12,tripadvisor_vn
Đền Thái Vi,Địa điểm tôn giáo,Ninh Binh,https://www.tripadvisor.com.vn/Attraction_Review-g303945-d8071591-Reviews-Thai_Vi_Temple-Ninh_Binh_Ninh_Binh_Province.html,13,tripadvisor_vn
Chợ Rồng Ninh Bình,Chợ trời & chợ đường phố,Ninh Binh,https://www.tripadvisor.com.vn/Attraction_Review-g303945-d8290208-Reviews-Rong_Market_Ninh_Binh-Ninh_Binh_Ninh_Binh_Province.html,14,tripadvisor_vn
Hoa Lư Ancient Capital,Địa điểm lịch sử • Di tích cổ,Ninh Binh,https://www.tripadvisor.com.vn/Attraction_Review-g303945-d12965796-Reviews-Hoa_Lu_Ancient_Capital-Ninh_Binh_Ninh_Binh_Province.html,15,tripadvisor_vn
Khu Du Lich Sinh Thai Trang An Co,Khu vực tự nhiên & động vật hoang dã,Ninh Binh,https://www.tripadvisor.com.vn/Attraction_Review-g303945-d13550190-Reviews-Khu_Du_Lich_Sinh_Thai_Trang_An_Co-Ninh_Binh_Ninh_Binh_Province.html,16,tripadvisor_vn
Snail & Hen Farm,Cửa hàng đồ cổ,Ninh Binh,https://www.tripadvisor.com.vn/Attraction_Review-g303945-d27106668-Reviews-Snail_Hen_Farm-Ninh_Binh_Ninh_Binh_Province.html,17,tripadvisor_vn
Kenh Ga,Suối nước nóng & mạch nước phun,Ninh Binh,https://www.tripadvisor.com.vn/Attraction_Review-g303945-d639613-Reviews-Kenh_Ga-Ninh_Binh_Ninh_Binh_Province.html,18,tripadvisor_vn
Kong Skull Island,Điểm thu hút khách tham quan & thắng cảnh,Ninh Binh,https://www.tripadvisor.com.vn/Attraction_Review-g303945-d17414803-Reviews-Kong_Skull_Island-Ninh_Binh_Ninh_Binh_Province.html,19,tripadvisor_vn
Hồ Đồng Thái,Vùng nước,Ninh Binh,https://www.tripadvisor.com.vn/Attraction_Review-g303945-d12813476-Reviews-Dong_Thai_Lake-Ninh_Binh_Ninh_Binh_Province.html,20,tripadvisor_vn
Núi Kỳ Lân,Điểm thu hút khách tham quan & thắng cảnh,Ninh Binh,https://www.tripadvisor.com.vn/Attraction_Review-g303945-d12231699-Reviews-Unicorn_Mountain-Ninh_Binh_Ninh_Binh_Province.html,21,tripadvisor_vn
Di sản Tràng An,Khu vực đi dạo ngắm cảnh,Ninh Binh,https://www.tripadvisor.com.vn/Attraction_Review-g303945-d21071032-Reviews-Di_san_Trang_An-Ninh_Binh_Ninh_Binh_Province.html,22,tripadvisor_vn
Động Mã Tiên,Hang lớn & động,Ninh Binh,https://www.tripadvisor.com.vn/Attraction_Review-g303945-d12921239-Reviews-Ma_Tien_Cave-Ninh_Binh_Ninh_Binh_Province.html,23,tripadvisor_vn
Silk Farm Bến Giá,Nông trại,Ninh Binh,https://www.tripadvisor.com.vn/Attraction_Review-g303945-d34353205-Reviews-Silk_Farm_B_n_Gia-Ninh_Binh_Ninh_Binh_Province.html,24,tripadvisor_vn
Tâm Spa Tam Coc (Massage - Sauna - Nail - Eyelash) (Best Spa in Tam Coc),Spa,Ninh Binh,https://www.tripadvisor.com.vn/Attraction_Review-g303945-d27410035-Reviews-Tam_Spa_Tam_Coc_Massage_Nail_Eyelash-Ninh_Binh_Ninh_Binh_Province.html,25,tripadvisor_vn
Ba Ngàn Art,Phòng trưng bày nghệ thuật,Ninh Binh,https://www.tripadvisor.com.vn/Attraction_Review-g303945-d23924142-Reviews-Ba_Ngan_Art-Ninh_Binh_Ninh_Binh_Province.html,26,tripadvisor_vn
The Gate Tam Coc,Cửa hàng đặc sản & cửa hàng quà tặng • Cửa hàng của nhà máy,Ninh Binh,https://www.tripadvisor.com.vn/Attraction_Review-g303945-d34192349-Reviews-The_Gate_Tam_Coc-Ninh_Binh_Ninh_Binh_Province.html,27,tripadvisor_vn
tiNiWorld,Sân chơi • Trung tâm trò chơi & giải trí,Ninh Binh,https://www.tripadvisor.com.vn/Attraction_Review-g303945-d9996403-Reviews-TiNiWorld-Ninh_Binh_Ninh_Binh_Province.html,28,tripadvisor_vn
Chùa Nhất Trụ,Địa điểm tôn giáo,Ninh Binh,https://www.tripadvisor.com.vn/Attraction_Review-g303945-d11894049-Reviews-Nhat_Tru_Pagoda-Ninh_Binh_Ninh_Binh_Province.html,29,tripadvisor_vn
Ngoa Long,Khu vực tự nhiên & động vật hoang dã,Ninh Binh,https://www.tripadvisor.com.vn/Attraction_Review-g303945-d28295279-Reviews-Ngoa_Long-Ninh_Binh_Ninh_Binh_Province.html,30,tripadvisor_vn
Tâm Spa Tam Coc Massage - Nail,Bãi biển,Ninh Binh,https://www.tripadvisor.com.vn/Attraction_Review-g303945-d33410209-Reviews-Tam_Spa_Tam_Coc_Massage_Nail-Ninh_Binh_Ninh_Binh_Province.html,31,tripadvisor_vn
Phoenix Studio Tattoo,Cửa hàng đặc sản & cửa hàng quà tặng,Ninh Binh,https://www.tripadvisor.com.vn/Attraction_Review-g303945-d28826179-Reviews-Phoenix_Studio_Tattoo-Ninh_Binh_Ninh_Binh_Province.html,32,tripadvisor_vn
Levu Silk & Craft,Cửa hàng của nhà máy,Ninh Binh,https://www.tripadvisor.com.vn/Attraction_Review-g303945-d34364203-Reviews-Levu_Silk_Craft-Ninh_Binh_Ninh_Binh_Province.html,33,tripadvisor_vn
Mộc Miên Spa,Spa,Ninh Binh,https://www.tripadvisor.com.vn/Attraction_Review-g303945-d23780977-Reviews-M_c_Mien_Spa-Ninh_Binh_Ninh_Binh_Province.html,34,tripadvisor_vn
Moto Renga Ninh Binh(huong Duong),Đường đi xe máy,Ninh Binh,https://www.tripadvisor.com.vn/Attraction_Review-g303945-d33347032-Reviews-Moto_Renga_Ninh_Binh_huong_Duong-Ninh_Binh_Ninh_Binh_Province.html,35,tripadvisor_vn
Cho Thuê Xe Máy Giá Rẻ Ninh Bình,Đường đi xe máy • Cho thuê tiện ích,Ninh Binh,https://www.tripadvisor.com.vn/Attraction_Review-g303945-d17181234-Reviews-Cheap_Motorbike_Rental_in_Ninh_Binh-Ninh_Binh_Ninh_Binh_Province.html,36,tripadvisor_vn
Cao Minh Wine - Rượu Vang Cao Minh,Cửa hàng đặc sản & cửa hàng quà tặng • Cửa hàng bách hóa,Ninh Binh,https://www.tripadvisor.com.vn/Attraction_Review-g303945-d34674553-Reviews-Cao_Minh_Wine_Ru_u_Vang_Cao_Minh-Ninh_Binh_Ninh_Binh_Province.html,37,tripadvisor_vn
Hương Sen Ninh Binh Massage,Spa,Ninh Binh,https://www.tripadvisor.com.vn/Attraction_Review-g303945-d13530367-Reviews-Huong_Sen_Ninh_Binh_Massage-Ninh_Binh_Ninh_Binh_Province.html,38,tripadvisor_vn
Tam Cốc Daisy Massage,Spa,Ninh Binh,https://www.tripadvisor.com.vn/Attraction_Review-g303945-d25388143-Reviews-Tam_C_c_Daisy_Massage-Ninh_Binh_Ninh_Binh_Province.html,39,tripadvisor_vn
Hope Cavern,Khu vực tự nhiên & động vật hoang dã • Hang lớn & động,Ninh Binh,https://www.tripadvisor.com.vn/Attraction_Review-g303945-d34437374-Reviews-Hope_Cavern-Ninh_Binh_Ninh_Binh_Province.html,40,tripadvisor_vn
Trang An Golf and Country Club,Sân gôn,Ninh Binh,https://www.tripadvisor.com.vn/Attraction_Review-g303945-d17762414-Reviews-Trang_An_Golf_and_Country_Club-Ninh_Binh_Ninh_Binh_Province.html,41,tripadvisor_vn
Wowbar,Quán bar & câu lạc bộ,Ninh Binh,https://www.tripadvisor.com.vn/Attraction_Review-g303945-d34081928-Reviews-Wow_bar_Restaurant-Ninh_Binh_Ninh_Binh_Province.html,42,tripadvisor_vn
Phoenix Valley | Outdoor Cultural Adventure,Đường đi xe đạp • Khu vực tự nhiên & động vật hoang dã,Ninh Binh,https://www.tripadvisor.com.vn/Attraction_Review-g303945-d34493540-Reviews-Phoenix_Valley_Outdoor_Cultural_Adventure-Ninh_Binh_Ninh_Binh_Province.html,43,tripadvisor_vn
Tam Coc Greenland Spa - Massage - Nail,Spa,Ninh Binh,https://www.tripadvisor.com.vn/Attraction_Review-g303945-d26999973-Reviews-Tam_Coc_Greenland_Spa_Massage_Nail-Ninh_Binh_Ninh_Binh_Province.html,44,tripadvisor_vn
Snus Ninh Bình,Cửa hàng bách hóa,Ninh Binh,https://www.tripadvisor.com.vn/Attraction_Review-g303945-d34678661-Reviews-Snus_Ninh_Binh-Ninh_Binh_Ninh_Binh_Province.html,45,tripadvisor_vn
Minh Trang Handmade,Cửa hàng đặc sản & cửa hàng quà tặng,Ninh Binh,https://www.tripadvisor.com.vn/Attraction_Review-g303945-d19139093-Reviews-Minh_Trang_Handmade-Ninh_Binh_Ninh_Binh_Province.html,46,tripadvisor_vn
Sakura Handmade Shop,Cửa hàng đặc sản & cửa hàng quà tặng • Phòng trưng bày nghệ thuật,Ninh Binh,https://www.tripadvisor.com.vn/Attraction_Review-g303945-d11629340-Reviews-Sakura_Handmade_Shop-Ninh_Binh_Ninh_Binh_Province.html,47,tripadvisor_vn
Ninh Binh Transfers,Taxi & xe đưa đón,Ninh Binh,https://www.tripadvisor.com.vn/Attraction_Review-g303945-d14776394-Reviews-Ninh_Binh_Transfers-Ninh_Binh_Ninh_Binh_Province.html,48,tripadvisor_vn
Nin Bin - Đặc Sản Ninh Bình,Cửa hàng đặc sản & cửa hàng quà tặng • Trung tâm mua sắm,Ninh Binh,https://www.tripadvisor.com.vn/Attraction_Review-g303945-d30235367-Reviews-Nin_Bin_D_c_S_n_Ninh_Binh-Ninh_Binh_Ninh_Binh_Province.html,49,tripadvisor_vn
Long Lanh Local Art & Souvenirs,Cửa hàng đặc sản & cửa hàng quà tặng,Ninh Binh,https://www.tripadvisor.com.vn/Attraction_Review-g303945-d33308612-Reviews-Long_Lanh_Local_Art_Souvenirs-Ninh_Binh_Ninh_Binh_Province.html,50,tripadvisor_vn
Tam coc Cooking Class with local Chef,Lớp nấu ăn,Ninh Binh,https://www.tripadvisor.com.vn/Attraction_Review-g303945-d25282088-Reviews-Tam_coc_Cooking_Class_with_local_Chef-Ninh_Binh_Ninh_Binh_Province.html,51,tripadvisor_vn
Ninh Binh Private Car,Cho thuê tiện ích,Ninh Binh,https://www.tripadvisor.com.vn/Attraction_Review-g303945-d34086601-Reviews-Ninh_Binh_Private_Cars-Ninh_Binh_Ninh_Binh_Province.html,52,tripadvisor_vn
Tam Coc Moc Huong Spa,Spa,Ninh Binh,https://www.tripadvisor.com.vn/Attraction_Review-g303945-d26726689-Reviews-Tam_Coc_Moc_Huong_Spa-Ninh_Binh_Ninh_Binh_Province.html,53,tripadvisor_vn
The O.N.E Lounge & Bar,Quán bar & câu lạc bộ,Ninh Binh,https://www.tripadvisor.com.vn/Attraction_Review-g303945-d18207029-Reviews-The_O_N_E_Lounge_Bar-Ninh_Binh_Ninh_Binh_Province.html,54,tripadvisor_vn
Lisa Spa Massage Chân - Body - Móng,Spa,Ninh Binh,https://www.tripadvisor.com.vn/Attraction_Review-g303945-d33678278-Reviews-Lisa_Spa_Massage_Foot_Body_Nail-Ninh_Binh_Ninh_Binh_Province.html,55,tripadvisor_vn
FOY Cocktail,Quán bar đồng quê & quán bar phương Tây,Ninh Binh,https://www.tripadvisor.com.vn/Attraction_Review-g303945-d27001725-Reviews-FOY_Cocktail-Ninh_Binh_Ninh_Binh_Province.html,57,tripadvisor_vn
Lan Tam Coc Handmade Shop,Cửa hàng đặc sản & cửa hàng quà tặng,Ninh Binh,https://www.tripadvisor.com.vn/Attraction_Review-g303945-d25021439-Reviews-Lan_Tam_Coc_Handmade_Shop-Ninh_Binh_Ninh_Binh_Province.html,58,tripadvisor_vn
Là Nhà spa,Spa,Ninh Binh,https://www.tripadvisor.com.vn/Attraction_Review-g303945-d25442837-Reviews-La_Nha_spa-Ninh_Binh_Ninh_Binh_Province.html,59,tripadvisor_vn
Store 86,Cửa hàng đặc sản & cửa hàng quà tặng,Ninh Binh,https://www.tripadvisor.com.vn/Attraction_Review-g303945-d17395897-Reviews-Store_86-Ninh_Binh_Ninh_Binh_Province.html,60,tripadvisor_vn
Ninh Binh Transportation,Taxi & xe đưa đón,Ninh Binh,https://www.tripadvisor.com.vn/Attraction_Review-g303945-d28101759-Reviews-Ninh_Binh_Transportation-Ninh_Binh_Ninh_Binh_Province.html,61,tripadvisor_vn
Ninh Binh Getaway,Chuyến tham quan văn hóa • Chuyến tham quan bằng xe đạp,Ninh Binh,https://www.tripadvisor.com.vn/Attraction_Review-g303945-d13563276-Reviews-Ninh_Binh_Getaway-Ninh_Binh_Ninh_Binh_Province.html,62,tripadvisor_vn
Ninh Binh Heritage Premium Tour,Chuyến tham quan lịch sử & di sản,Ninh Binh,https://www.tripadvisor.com.vn/Attraction_Review-g303945-d28055746-Reviews-Ninh_Binh_Heritage_Premium_Tour-Ninh_Binh_Ninh_Binh_Province.html,63,tripadvisor_vn
Win Win Travel,Taxi & xe đưa đón,Ninh Binh,https://www.tripadvisor.com.vn/Attraction_Review-g303945-d16675765-Reviews-Win_Win_Travel-Ninh_Binh_Ninh_Binh_Province.html,64,tripadvisor_vn
Adam Skincare & Spa,Spa,Ninh Binh,https://www.tripadvisor.com.vn/Attraction_Review-g303945-d33062531-Reviews-Adam_Skincare_Spa-Ninh_Binh_Ninh_Binh_Province.html,65,tripadvisor_vn
Banh mi Hanoi,Lớp nấu ăn,Ninh Binh,https://www.tripadvisor.com.vn/Attraction_Review-g303945-d17391222-Reviews-Banh_mi_Hanoi-Ninh_Binh_Ninh_Binh_Province.html,66,tripadvisor_vn
Vitality Spa,Spa,Ninh Binh,https://www.tripadvisor.com.vn/Attraction_Review-g303945-d25172955-Reviews-Vitality_Spa-Ninh_Binh_Ninh_Binh_Province.html,67,tripadvisor_vn
Ninh Binh Jeep Tours - Ninh Binh Vespa Tours,Tour thăm quan thành phố • Chuyến tham quan văn hóa,Ninh Binh,https://www.tripadvisor.com.vn/Attraction_Review-g303945-d26267864-Reviews-Ninh_Binh_Jeep_Tours_Ninh_Binh_Vespa_Tours-Ninh_Binh_Ninh_Binh_Province.html,68,tripadvisor_vn
Motorbike Rental Train Station,Cho thuê tiện ích,Ninh Binh,https://www.tripadvisor.com.vn/Attraction_Review-g303945-d17511795-Reviews-Motorbike_Rental_Train_Station-Ninh_Binh_Ninh_Binh_Province.html,69,tripadvisor_vn
Wellness Spa,Spa,Ninh Binh,https://www.tripadvisor.com.vn/Attraction_Review-g303945-d26008848-Reviews-Wellness_Spa-Ninh_Binh_Ninh_Binh_Province.html,70,tripadvisor_vn
Dung Beauty - Nail Eyelash Gội Đầu Massage,Đang mở cửa,Ninh Binh,https://www.tripadvisor.com.vn/Attraction_Review-g303945-d28128005-Reviews-Dung_Beauty_Nail_Eyelash_G_i_D_u_Massage-Ninh_Binh_Ninh_Binh_Province.html,71,tripadvisor_vn
Mạ art & craft,Xưởng vẽ & làm đồ gốm,Ninh Binh,https://www.tripadvisor.com.vn/Attraction_Review-g303945-d25361069-Reviews-M_art_craft-Ninh_Binh_Ninh_Binh_Province.html,72,tripadvisor_vn
Sneakers Supermarket,Cửa hàng đặc sản & cửa hàng quà tặng,Ninh Binh,https://www.tripadvisor.com.vn/Attraction_Review-g303945-d33415723-Reviews-Sneakers_Supermarket-Ninh_Binh_Ninh_Binh_Province.html,73,tripadvisor_vn
Heart Private Training,Câu lạc bộ sức khỏe,Ninh Binh,https://www.tripadvisor.com.vn/Attraction_Review-g303945-d26432270-Reviews-Heart_Private_Training-Ninh_Binh_Ninh_Binh_Province.html,74,tripadvisor_vn
Authentic Ninh Binh,Chuyến tham quan nhiều ngày • Chuyến tham quan bằng xe đạp,Ninh Binh,https://www.tripadvisor.com.vn/Attraction_Review-g303945-d17483942-Reviews-Authentic_Ninh_Binh-Ninh_Binh_Ninh_Binh_Province.html,75,tripadvisor_vn
Ninh Binh Transport Service,Taxi & xe đưa đón,Ninh Binh,https://www.tripadvisor.com.vn/Attraction_Review-g303945-d19341128-Reviews-Ninh_Binh_Transport_Service-Ninh_Binh_Ninh_Binh_Province.html,76,tripadvisor_vn
Sense Spa Tam Coc,Spa,Ninh Binh,https://www.tripadvisor.com.vn/Attraction_Review-g303945-d25395904-Reviews-Sense_Spa_Tam_Coc-Ninh_Binh_Ninh_Binh_Province.html,77,tripadvisor_vn
Amazing Ninh Binh,Chuyến tham quan nhiều ngày • Chuyến tham quan văn hóa,Ninh Binh,https://www.tripadvisor.com.vn/Attraction_Review-g303945-d12827154-Reviews-Amazing_Ninh_Binh-Ninh_Binh_Ninh_Binh_Province.html,78,tripadvisor_vn
5 Sao Gym Ninh Binh,Câu lạc bộ sức khỏe,Ninh Binh,https://www.tripadvisor.com.vn/Attraction_Review-g303945-d34278004-Reviews-5_Sao_Gym_Ninh_Binh-Ninh_Binh_Ninh_Binh_Province.html,79,tripadvisor_vn
Viet Nam Easy Go Travel,Chuyến tham quan nhiều ngày • Chèo xuồng & ngồi phao trên sông,Ninh Binh,https://www.tripadvisor.com.vn/Attraction_Review-g303945-d27786320-Reviews-Viet_Nam_Easy_Go_Travel-Ninh_Binh_Ninh_Binh_Province.html,81,tripadvisor_vn
Cho Thuê Xe Máy Tại Ninh Bình,Cho thuê tiện ích,Ninh Binh,https://www.tripadvisor.com.vn/Attraction_Review-g303945-d12376122-Reviews-Cho_Thue_Xe_May_tai_Ninh_Binh-Ninh_Binh_Ninh_Binh_Province.html,82,tripadvisor_vn
Sen's house,Spa,Ninh Binh,https://www.tripadvisor.com.vn/Attraction_Review-g303945-d19413578-Reviews-Sen_s_house-Ninh_Binh_Ninh_Binh_Province.html,83,tripadvisor_vn
Fasinating Ninh Binh tour,Chuyến tham quan nhiều ngày • Chuyến tham quan tư nhân,Ninh Binh,https://www.tripadvisor.com.vn/Attraction_Review-g303945-d26319593-Reviews-Fasinating_Ninh_Binh_tour-Ninh_Binh_Ninh_Binh_Province.html,84,tripadvisor_vn
Coco Spa Foot & Body Massage,Spa,Ninh Binh,https://www.tripadvisor.com.vn/Attraction_Review-g303945-d27748157-Reviews-Coco_Spa_Foot_Body_Massage-Ninh_Binh_Ninh_Binh_Province.html,85,tripadvisor_vn
Hình xăm Tam Cốc,Spa,Ninh Binh,https://www.tripadvisor.com.vn/Attraction_Review-g303945-d30527232-Reviews-TAM_COC_TATTOO-Ninh_Binh_Ninh_Binh_Province.html,86,tripadvisor_vn
Motorbike Ninh Binh Cuong Hue,Cho thuê tiện ích,Ninh Binh,https://www.tripadvisor.com.vn/Attraction_Review-g303945-d28648045-Reviews-Motorbike_Ninh_Binh_Cuong_Hue-Ninh_Binh_Ninh_Binh_Province.html,87,tripadvisor_vn
Massage Spa Tamcoc Pure Vietnam,Spa,Ninh Binh,https://www.tripadvisor.com.vn/Attraction_Review-g303945-d25243374-Reviews-Massage_Spa_Tamcoc_Pure_Vietnam-Ninh_Binh_Ninh_Binh_Province.html,88,tripadvisor_vn
ECO CHAN Nail & Spa,Spa,Ninh Binh,https://www.tripadvisor.com.vn/Attraction_Review-g303945-d34427279-Reviews-ECO_CHAN_Nail_Spa-Ninh_Binh_Ninh_Binh_Province.html,89,tripadvisor_vn
Trang An Farmhouse - Cooking Class,Lớp nấu ăn,Ninh Binh,https://www.tripadvisor.com.vn/Attraction_Review-g303945-d33877465-Reviews-Trang_An_Farmhouse_Cooking_Class-Ninh_Binh_Ninh_Binh_Province.html,90,tripadvisor_vn
Bar Maybach Ninh Bình,Quán bar & câu lạc bộ • Quầy bar xì gà,Ninh Binh,https://www.tripadvisor.com.vn/Attraction_Review-g303945-d32601417-Reviews-Bar_Maybach_Ninh_Binh-Ninh_Binh_Ninh_Binh_Province.html,91,tripadvisor_vn
House Spa Tam Coc,Spa,Ninh Binh,https://www.tripadvisor.com.vn/Attraction_Review-g303945-d27734524-Reviews-House_Spa_Tam_Coc-Ninh_Binh_Ninh_Binh_Province.html,92,tripadvisor_vn
Hoang Car Service & Tourism ( Ninh Binh ),Taxi & xe đưa đón,Ninh Binh,https://www.tripadvisor.com.vn/Attraction_Review-g303945-d25142391-Reviews-Hoang_Car_Service_Tourism_Ninh_Binh-Ninh_Binh_Ninh_Binh_Province.html,93,tripadvisor_vn
Tam Coc Julimi Spa And Nail Salon,Spa,Ninh Binh,https://www.tripadvisor.com.vn/Attraction_Review-g303945-d33043410-Reviews-Tam_Coc_Julimi_Spa_And_Nail_Salon-Ninh_Binh_Ninh_Binh_Province.html,94,tripadvisor_vn
Goatalic Cocktail Bar,Quán bar & câu lạc bộ,Ninh Binh,https://www.tripadvisor.com.vn/Attraction_Review-g303945-d25169372-Reviews-Goatalic_Cocktail_Bar-Ninh_Binh_Ninh_Binh_Province.html,95,tripadvisor_vn
Trang An Tours,Chuyến tham quan sinh thái • Chuyến tham quan ngắm cảnh,Ninh Binh,https://www.tripadvisor.com.vn/Attraction_Review-g303945-d11556188-Reviews-Trang_An_Tours-Ninh_Binh_Ninh_Binh_Province.html,96,tripadvisor_vn
Ninh Binh FootPrint Travel,Taxi & xe đưa đón • Chuyến tham quan bằng xe đạp,Ninh Binh,https://www.tripadvisor.com.vn/Attraction_Review-g303945-d25372253-Reviews-Ninh_Binh_FootPrint_Travel-Ninh_Binh_Ninh_Binh_Province.html,97,tripadvisor_vn
Inner Peace Spa,Spa,Ninh Binh,https://www.tripadvisor.com.vn/Attraction_Review-g303945-d34377905-Reviews-Inner_Peace_Spa-Ninh_Binh_Ninh_Binh_Province.html,98,tripadvisor_vn
Sen 1993 Massage Body & Goi Dau Duong Sinh,Spa,Ninh Binh,https://www.tripadvisor.com.vn/Attraction_Review-g303945-d33040631-Reviews-Sen_1993_Massage_Body_Goi_Dau_Duong_Sinh-Ninh_Binh_Ninh_Binh_Province.html,99,tripadvisor_vn
Thu Ha Skincare Lab,Spa,Ninh Binh,https://www.tripadvisor.com.vn/Attraction_Review-g303945-d34480762-Reviews-Thu_Ha_Skincare_Lab-Ninh_Binh_Ninh_Binh_Province.html,100,tripadvisor_vn
Tommy's Travel Service in Ninh Binh,Chuyến tham quan bằng thuyền • Chuyến tham quan bằng mô tô,Ninh Binh,https://www.tripadvisor.com.vn/Attraction_Review-g303945-d12962515-Reviews-Tommy_s_Travel_Service_in_Ninh_Binh-Ninh_Binh_Ninh_Binh_Province.html,101,tripadvisor_vn
Kim Tuyến Spa,Spa,Ninh Binh,https://www.tripadvisor.com.vn/Attraction_Review-g303945-d34013099-Reviews-Kim_Tuy_n_Spa-Ninh_Binh_Ninh_Binh_Province.html,102,tripadvisor_vn
Cho Thuê Xe Máy Ninh Bình - Ngọc Linh,Cho thuê tiện ích,Ninh Binh,https://www.tripadvisor.com.vn/Attraction_Review-g303945-d29014518-Reviews-Cho_Thue_Xe_May_Ninh_Binh_Ng_c_Linh-Ninh_Binh_Ninh_Binh_Province.html,103,tripadvisor_vn
Tattoo Ninh Bình - Hiep Max,Spa,Ninh Binh,https://www.tripadvisor.com.vn/Attraction_Review-g303945-d28651271-Reviews-Tattoo_Ninh_Binh_Hiep_Max-Ninh_Binh_Ninh_Binh_Province.html,104,tripadvisor_vn
Cho Thuê Xe Máy Ninh Bình,Cho thuê tiện ích,Ninh Binh,https://www.tripadvisor.com.vn/Attraction_Review-g303945-d15637829-Reviews-Cho_Thue_Xe_May_Ninh_Binh-Ninh_Binh_Ninh_Binh_Province.html,105,tripadvisor_vn
Ninh Binh Tourist Center,Taxi & xe đưa đón • Chuyến tham quan bằng xe đạp,Ninh Binh,https://www.tripadvisor.com.vn/Attraction_Review-g303945-d18546599-Reviews-Ninh_Binh_Tourist_Center-Ninh_Binh_Ninh_Binh_Province.html,106,tripadvisor_vn
Tam Coc Friendly Spa,Spa,Ninh Binh,https://www.tripadvisor.com.vn/Attraction_Review-g303945-d34412996-Reviews-Tam_Coc_Friendly_Spa-Ninh_Binh_Ninh_Binh_Province.html,107,tripadvisor_vn
Ninh Binh Private Car Service,Taxi & xe đưa đón,Ninh Binh,https://www.tripadvisor.com.vn/Attraction_Review-g303945-d32994788-Reviews-Ninh_Binh_Private_Car_Service-Ninh_Binh_Ninh_Binh_Province.html,108,tripadvisor_vn
Tattoo Ninh Binh Tam Coc,Spa,Ninh Binh,https://www.tripadvisor.com.vn/Attraction_Review-g303945-d28050720-Reviews-Tattoo_Ninh_Binh-Ninh_Binh_Ninh_Binh_Province.html,109,tripadvisor_vn
Xiao Long Ink,Cửa hàng đặc sản & cửa hàng quà tặng,Ninh Binh,https://www.tripadvisor.com.vn/Attraction_Review-g303945-d30727390-Reviews-Xiao_Long_Ink-Ninh_Binh_Ninh_Binh_Province.html,110,tripadvisor_vn
Ninh Bình Pù Luông Tours,Chuyến tham quan văn hóa • Chuyến tham quan tự nhiên & động vật hoang dã,Ninh Binh,https://www.tripadvisor.com.vn/Attraction_Review-g303945-d12131462-Reviews-Ninh_Binh_Pu_Luong_Tours-Ninh_Binh_Ninh_Binh_Province.html,111,tripadvisor_vn
Công Ty Cổ Phần Wingolf,Trung tâm & trại thể thao,Ninh Binh,https://www.tripadvisor.com.vn/Attraction_Review-g303945-d27931905-Reviews-Cong_Ty_C_Ph_n_Wingolf-Ninh_Binh_Ninh_Binh_Province.html,112,tripadvisor_vn
Dưỡng Sinh Đông Y Ngân Đặng,Spa,Ninh Binh,https://www.tripadvisor.com.vn/Attraction_Review-g303945-d34386784-Reviews-Du_ng_Sinh_Dong_Y_Ngan_D_ng-Ninh_Binh_Ninh_Binh_Province.html,113,tripadvisor_vn
Ninh Binh Reliable Car,Taxi & xe đưa đón,Ninh Binh,https://www.tripadvisor.com.vn/Attraction_Review-g303945-d34324319-Reviews-Ninh_Binh_Reliable_Car-Ninh_Binh_Ninh_Binh_Province.html,114,tripadvisor_vn
"Nature's Spa - Relaxing Massage, Nail & Body, Foot",Spa,Ninh Binh,https://www.tripadvisor.com.vn/Attraction_Review-g303945-d34590151-Reviews-Nature_s_Spa_Relaxing_Massage_Nail_Body_Foot-Ninh_Binh_Ninh_Binh_Province.html,115,tripadvisor_vn
Relax and Beutify Spa,Spa,Ninh Binh,https://www.tripadvisor.com.vn/Attraction_Review-g303945-d34546527-Reviews-Tam_Coc_Relax_Beautify_Spa-Ninh_Binh_Ninh_Binh_Province.html,117,tripadvisor_vn
Ninh Binh Discovery,Taxi & xe đưa đón • Chuyến tham quan bằng xe đạp,Ninh Binh,https://www.tripadvisor.com.vn/Attraction_Review-g303945-d25446602-Reviews-Ninh_Binh_Discovery-Ninh_Binh_Ninh_Binh_Province.html,118,tripadvisor_vn
Tam Coc Bus Station,Dịch vụ xe buýt,Ninh Binh,https://www.tripadvisor.com.vn/Attraction_Review-g303945-d34411326-Reviews-Tam_Coc_Bus_Station-Ninh_Binh_Ninh_Binh_Province.html,120,tripadvisor_vn
Lau Wellness Sanctuary,Spa,Ninh Binh,https://www.tripadvisor.com.vn/Attraction_Review-g303945-d34590731-Reviews-Lau_Wellness_Sanctuary-Ninh_Binh_Ninh_Binh_Province.html,121,tripadvisor_vn
Ninh Bình Discovery Bus,Taxi & xe đưa đón,Ninh Binh,https://www.tripadvisor.com.vn/Attraction_Review-g303945-d34289934-Reviews-Ninh_Binh_Discovery_Bus-Ninh_Binh_Ninh_Binh_Province.html,122,tripadvisor_vn
Motobike for Rent Ninh Binh,Cho thuê tiện ích,Ninh Binh,https://www.tripadvisor.com.vn/Attraction_Review-g303945-d33350286-Reviews-Motobike_for_Rent_Ninh_Binh-Ninh_Binh_Ninh_Binh_Province.html,123,tripadvisor_vn
Dcar Ninh Binh,Taxi & xe đưa đón,Ninh Binh,https://www.tripadvisor.com.vn/Attraction_Review-g303945-d14776391-Reviews-Dcar_Ninh_Binh-Ninh_Binh_Ninh_Binh_Province.html,124,tripadvisor_vn
Tam cốc Winnie spa,Spa,Ninh Binh,https://www.tripadvisor.com.vn/Attraction_Review-g303945-d34495791-Reviews-Tam_c_c_Winnie_spa-Ninh_Binh_Ninh_Binh_Province.html,125,tripadvisor_vn
Tam Coc Travel,Chuyến tham quan lịch sử & di sản • Chuyến tham quan bằng xe đạp,Ninh Binh,https://www.tripadvisor.com.vn/Attraction_Review-g303945-d13809448-Reviews-Tam_Coc_Travel-Ninh_Binh_Ninh_Binh_Province.html,127,tripadvisor_vn
Sector 9 Cocktail Bar,Quán bar & câu lạc bộ • Quầy bar Blues,Ninh Binh,https://www.tripadvisor.com.vn/Attraction_Review-g303945-d34673969-Reviews-Sector_9_Cocktail_Bar-Ninh_Binh_Ninh_Binh_Province.html,128,tripadvisor_vn
Ninh Binh Heritage Full Day Tour,Chuyến đi trong ngày,Ninh Binh,https://www.tripadvisor.com.vn/Attraction_Review-g303945-d25129183-Reviews-Ninh_Binh_Heritage_Full_Day_Tour-Ninh_Binh_Ninh_Binh_Province.html,129,tripadvisor_vn
The Emperor of Reeds - Real Scenery Show (Ninh Binh),"Trung tâm du lịch • Chuyến tham quan văn học, nghệ thuật & âm nhạc",Ninh Binh,https://www.tripadvisor.com.vn/Attraction_Review-g303945-d34325526-Reviews-The_Emperor_of_Reeds_Real_Scenery_Show_Ninh_Binh-Ninh_Binh_Ninh_Binh_Province.html,130,tripadvisor_vn
I am a farmer - Tam Coc,Chuyến tham quan văn hóa • Chuyến tham quan sinh thái,Ninh Binh,https://www.tripadvisor.com.vn/Attraction_Review-g303945-d34253035-Reviews-I_am_a_farmer_Tam_Coc-Ninh_Binh_Ninh_Binh_Province.html,131,tripadvisor_vn
Vi Ticket,Dịch vụ xe buýt,Ninh Binh,https://www.tripadvisor.com.vn/Attraction_Review-g303945-d33404584-Reviews-Vi_Ticket-Ninh_Binh_Ninh_Binh_Province.html,132,tripadvisor_vn
Tam Coc Motorbikes,Cho thuê tiện ích,Ninh Binh,https://www.tripadvisor.com.vn/Attraction_Review-g303945-d34098475-Reviews-Tam_Coc_Motorbikes-Ninh_Binh_Ninh_Binh_Province.html,133,tripadvisor_vn
Ninh Binh Local tour,Chuyến tham quan vượt hẻm núi & tuột núi • Chuyến tham quan lịch sử & di sản,Ninh Binh,https://www.tripadvisor.com.vn/Attraction_Review-g303945-d26579916-Reviews-Ninh_Binh_Local_tour-Ninh_Binh_Ninh_Binh_Province.html,134,tripadvisor_vn
Dat Transport,Taxi & xe đưa đón,Ninh Binh,https://www.tripadvisor.com.vn/Attraction_Review-g303945-d33312246-Reviews-Dat_Transport-Ninh_Binh_Ninh_Binh_Province.html,135,tripadvisor_vn
Vietnam Happy Travel,Chuyến tham quan bằng xe buýt du lịch,Ninh Binh,https://www.tripadvisor.com.vn/Attraction_Review-g303945-d25549991-Reviews-Vietnam_Happy_Travel-Ninh_Binh_Ninh_Binh_Province.html,136,tripadvisor_vn
Silk Hoa Lu Loom Workshop,Cửa hàng đặc sản & cửa hàng quà tặng • Chuyến tham quan mua sắm,Ninh Binh,https://www.tripadvisor.com.vn/Attraction_Review-g303945-d34364177-Reviews-Silk_Hoa_Lu_Loom_Workshop-Ninh_Binh_Ninh_Binh_Province.html,137,tripadvisor_vn
Cuc Phuong National Park Tour - Private Day Tours,Chuyến tham quan nhiều ngày • Chuyến tham quan ban đêm,Ninh Binh,https://www.tripadvisor.com.vn/Attraction_Review-g303945-d4555568-Reviews-Cuc_Phuong_National_Park_Tour_Private_Day_Tours-Ninh_Binh_Ninh_Binh_Province.html,138,tripadvisor_vn
Good Morning Ninh Binh Tours,Chuyến tham quan nhiều ngày • Chuyến tham quan văn hóa,Ninh Binh,https://www.tripadvisor.com.vn/Attraction_Review-g303945-d14067698-Reviews-Good_Morning_Ninh_Binh_Tours-Ninh_Binh_Ninh_Binh_Province.html,140,tripadvisor_vn
Motorbike Tours Hanoi,"Chuyến tham quan bằng xe 4WD, ATV & xe địa hình • Chuyến tham quan bằng thuyền",Ninh Binh,https://www.tripadvisor.com.vn/Attraction_Review-g303945-d14080660-Reviews-Motorbike_Tours_Hanoi-Ninh_Binh_Ninh_Binh_Province.html,141,tripadvisor_vn
Spa,Spa,Ninh Binh,https://www.tripadvisor.com.vn/Attraction_Review-g303945-d34378325-Reviews-Spa-Ninh_Binh_Ninh_Binh_Province.html,143,tripadvisor_vn
Vic Travel,Chuyến tham quan nhiều ngày • Chuyến tham quan bằng thuyền,Ninh Binh,https://www.tripadvisor.com.vn/Attraction_Review-g303945-d6363052-Reviews-Vic_Travel-Ninh_Binh_Ninh_Binh_Province.html,144,tripadvisor_vn
Tour Và Thuê Xe Đạp Ninh Bình,Chuyến tham quan nhiều ngày • Chuyến tham quan bằng xe đạp,Ninh Binh,https://www.tripadvisor.com.vn/Attraction_Review-g303945-d25370208-Reviews-Ninh_Binh_Bike_Tour-Ninh_Binh_Ninh_Binh_Province.html,145,tripadvisor_vn
Star Travel - Thien Ha Cave Tour,Chuyến tham quan tự nhiên & động vật hoang dã,Ninh Binh,https://www.tripadvisor.com.vn/Attraction_Review-g303945-d5828577-Reviews-Star_Travel_Thien_Ha_Cave_Tour-Ninh_Binh_Ninh_Binh_Province.html,146,tripadvisor_vn
Ninh Binh Experiences,Chuyến tham quan lịch sử & di sản • Chuyến tham quan bằng xe đạp,Ninh Binh,https://www.tripadvisor.com.vn/Attraction_Review-g303945-d19085323-Reviews-Ninh_Binh_Experiences-Ninh_Binh_Ninh_Binh_Province.html,147,tripadvisor_vn
Ninh Binh Travel Booking Office,"Chuyến tham quan quán bar, câu lạc bộ & quán rượu • Chuyến tham quan nhiều ngày",Ninh Binh,https://www.tripadvisor.com.vn/Attraction_Review-g303945-d19243560-Reviews-Ninh_Binh_Travel_Booking_Office-Ninh_Binh_Ninh_Binh_Province.html,148,tripadvisor_vn
Vietnam Exploration Booking,Tour thăm quan thành phố • Chuyến tham quan nhiều ngày,Ninh Binh,https://www.tripadvisor.com.vn/Attraction_Review-g303945-d24171643-Reviews-Vietnam_Exploration_Booking-Ninh_Binh_Ninh_Binh_Province.html,149,tripadvisor_vn
Ninh Binh 2 Days 1 Night Tours,Chuyến tham quan lịch sử & di sản • Chuyến tham quan bằng xe đạp,Ninh Binh,https://www.tripadvisor.com.vn/Attraction_Review-g303945-d18964797-Reviews-Ninh_Binh_2_Days_1_Night_Tours-Ninh_Binh_Ninh_Binh_Province.html,150,tripadvisor_vn
"Mindfulness meditation retreat in Tam Chuc, Ninh Binh",Chuyến tham quan nhiều ngày,Ninh Binh,https://www.tripadvisor.com.vn/Attraction_Review-g303945-d33733846-Reviews-Mindfulness_meditation_retreat_in_Tam_Chuc_Ninh_Binh-Ninh_Binh_Ninh_Binh_Provinc.html,151,tripadvisor_vn
Viet Nam Easy Go Tour,Chuyến tham quan nhiều ngày • Chuyến tham quan bằng xe đạp,Ninh Binh,https://www.tripadvisor.com.vn/Attraction_Review-g303945-d34246114-Reviews-Viet_Nam_Easy_Go_Tour-Ninh_Binh_Ninh_Binh_Province.html,152,tripadvisor_vn
Le Pont Adventure,Chuyến tham quan nhiều ngày • Chuyến tham quan bằng thuyền,Ninh Binh,https://www.tripadvisor.com.vn/Attraction_Review-g303945-d18378871-Reviews-Le_Pont_Adventure-Ninh_Binh_Ninh_Binh_Province.html,153,tripadvisor_vn
Khanh An Limousine,Taxi & xe đưa đón,Ninh Binh,https://www.tripadvisor.com.vn/Attraction_Review-g303945-d17395538-Reviews-Khanh_An_Limousine-Ninh_Binh_Ninh_Binh_Province.html,154,tripadvisor_vn
Mua Caves,Chuyến tham quan tự nhiên & động vật hoang dã,Ninh Binh,https://www.tripadvisor.com.vn/Attraction_Review-g303945-d26550573-Reviews-Mua_Caves-Ninh_Binh_Ninh_Binh_Province.html,155,tripadvisor_vn
Tam Coc Tours - Ninh Binh Private Tour,Chuyến tham quan ngắm cảnh,Ninh Binh,https://www.tripadvisor.com.vn/Attraction_Review-g303945-d4573942-Reviews-Tam_Coc_Tours_Ninh_Binh_Private_Tour-Ninh_Binh_Ninh_Binh_Province.html,156,tripadvisor_vn
Dang Friendly Tour Guide In Ninh Binh,Chuyến tham quan ngắm cảnh,Ninh Binh,https://www.tripadvisor.com.vn/Attraction_Review-g303945-d34069687-Reviews-Dang_Friendly_Tour_Guide_In_Ninh_Binh-Ninh_Binh_Ninh_Binh_Province.html,157,tripadvisor_vn
Tam Coc trunztour moto taxi,Taxi & xe đưa đón • Chuyến tham quan bằng xe đạp,Ninh Binh,https://www.tripadvisor.com.vn/Attraction_Review-g303945-d26932394-Reviews-Tam_Coc_trunztour_moto_taxi-Ninh_Binh_Ninh_Binh_Province.html,158,tripadvisor_vn
Top Ninh Binh Tour | 2025-2026 | Authentic Adventures Vietnam,Chuyến tham quan nhiều ngày • Chuyến tham quan văn hóa,Ninh Binh,https://www.tripadvisor.com.vn/Attraction_Review-g303945-d26803839-Reviews-Top_Ninh_Binh_Tour_2025_2026_Authentic_Adventures_Vietnam-Ninh_Binh_Ninh_Binh_Pr.html,159,tripadvisor_vn
Hoa Lu Tam Coc Day Tours,Tour thăm quan thành phố • Chuyến tham quan văn hóa,Ninh Binh,https://www.tripadvisor.com.vn/Attraction_Review-g303945-d26529998-Reviews-Hoa_Lu_Tam_Coc_Day_Tours-Ninh_Binh_Ninh_Binh_Province.html,160,tripadvisor_vn
Ninh Binh Local Tours,Tour thăm quan thành phố • Chuyến tham quan văn hóa,Ninh Binh,https://www.tripadvisor.com.vn/Attraction_Review-g303945-d19467605-Reviews-Ninh_Binh_Local_Tours-Ninh_Binh_Ninh_Binh_Province.html,161,tripadvisor_vn
Mike's Travel Agency,Taxi & xe đưa đón • Chuyến tham quan bằng xe đạp,Ninh Binh,https://www.tripadvisor.com.vn/Attraction_Review-g303945-d25194035-Reviews-Mike_s_Travel_Agency-Ninh_Binh_Ninh_Binh_Province.html,162,tripadvisor_vn
Ninh Bình Eco Travel,Chuyến tham quan bằng thuyền • Thể thao dưới nước,Ninh Binh,https://www.tripadvisor.com.vn/Attraction_Review-g303945-d12139996-Reviews-Ninh_Binh_Explore_Travel-Ninh_Binh_Ninh_Binh_Province.html,163,tripadvisor_vn
Nhà hàng Heo Say Xỉn,Chuyến tham quan đi dạo,Ninh Binh,https://www.tripadvisor.com.vn/Attraction_Review-g303945-d33220876-Reviews-Nha_hang_Heo_Say_X_n-Ninh_Binh_Ninh_Binh_Province.html,164,tripadvisor_vn
Easyrider And Private Car Ninh Binh,Tour thăm quan thành phố • Taxi & xe đưa đón,Ninh Binh,https://www.tripadvisor.com.vn/Attraction_Review-g303945-d33059366-Reviews-Easyrider_And_Private_Car_Ninh_Binh-Ninh_Binh_Ninh_Binh_Province.html,165,tripadvisor_vn
Tailored Vietnam By Christine,Chuyến tham quan nhiều ngày • Địa điểm lịch sử,Ninh Binh,https://www.tripadvisor.com.vn/Attraction_Review-g303945-d32702094-Reviews-Tailored_Vietnam_By_Christine-Ninh_Binh_Ninh_Binh_Province.html,166,tripadvisor_vn
Hoa Lu Tam Coc Original,Chuyến tham quan bằng xe đạp • Chuyến tham quan bằng thuyền,Ninh Binh,https://www.tripadvisor.com.vn/Attraction_Review-g303945-d17463459-Reviews-Hoa_Lu_Tam_Coc_Original-Ninh_Binh_Ninh_Binh_Province.html,167,tripadvisor_vn
Authentic Ninh Binh Travel,Chuyến tham quan nhiều ngày • Chuyến tham quan bằng xe đạp,Ninh Binh,https://www.tripadvisor.com.vn/Attraction_Review-g303945-d20029325-Reviews-Authentic_Ninh_Binh_Travel-Ninh_Binh_Ninh_Binh_Province.html,168,tripadvisor_vn
Da Viet Art And Gemstone Center,"Chuyến tham quan quán bar, câu lạc bộ & quán rượu • Chuyến tham quan văn hóa",Ninh Binh,https://www.tripadvisor.com.vn/Attraction_Review-g303945-d20988233-Reviews-Da_Viet_Art_And_Gemstone_Center-Ninh_Binh_Ninh_Binh_Province.html,169,tripadvisor_vn
Tam Coc Son Hanoi Tour,Chuyến tham quan văn hóa • Chuyến tham quan bằng thuyền,Ninh Binh,https://www.tripadvisor.com.vn/Attraction_Review-g303945-d12149934-Reviews-Tam_Coc_Son_Hanoi_Tour-Ninh_Binh_Ninh_Binh_Province.html,170,tripadvisor_vn
Ninh Binh tours,Chuyến đi trong ngày,Ninh Binh,https://www.tripadvisor.com.vn/Attraction_Review-g303945-d34166384-Reviews-Ninh_Binh_tours-Ninh_Binh_Ninh_Binh_Province.html,171,tripadvisor_vn
Limousine Ninh Binh Travel,Chuyến tham quan bằng xe buýt du lịch • Taxi & xe đưa đón,Ninh Binh,https://www.tripadvisor.com.vn/Attraction_Review-g303945-d27495638-Reviews-Limousine_Ninh_Binh_Travel-Ninh_Binh_Ninh_Binh_Province.html,172,tripadvisor_vn
Full Moon Travel Asia,Chuyến tham quan bằng thuyền • Chuyến tham quan đi dạo,Ninh Binh,https://www.tripadvisor.com.vn/Attraction_Review-g303945-d27686983-Reviews-Full_Moon_Travel_Asia-Ninh_Binh_Ninh_Binh_Province.html,173,tripadvisor_vn
Chookie's Travel,Chuyến tham quan ngắm cảnh • Chuyến tham quan tự nhiên & động vật hoang dã,Ninh Binh,https://www.tripadvisor.com.vn/Attraction_Review-g303945-d13086260-Reviews-Chookie_s_Travel-Ninh_Binh_Ninh_Binh_Province.html,174,tripadvisor_vn
Ninh Bình Private Tours,Chuyến tham quan ngắm vịt • Nếm bia & tham quan,Ninh Binh,https://www.tripadvisor.com.vn/Attraction_Review-g303945-d25023162-Reviews-Ninh_Binh_Private_Tours-Ninh_Binh_Ninh_Binh_Province.html,175,tripadvisor_vn
Tuan Nguyen,Chuyến tham quan bằng xe đạp • Chuyến tham quan đi dạo,Ninh Binh,https://www.tripadvisor.com.vn/Attraction_Review-g303945-d33092971-Reviews-Tuan_Nguyen-Ninh_Binh_Ninh_Binh_Province.html,176,tripadvisor_vn
Ninh Binh Jeep Tours,"Chuyến tham quan bằng xe 4WD, ATV & xe địa hình",Ninh Binh,https://www.tripadvisor.com.vn/Attraction_Review-g303945-d26877436-Reviews-Ninh_Binh_Jeep_Tours-Ninh_Binh_Ninh_Binh_Province.html,177,tripadvisor_vn
Hoalutamcoc Tours,Chuyến tham quan bằng xe đạp • Chuyến tham quan bằng thuyền,Ninh Binh,https://www.tripadvisor.com.vn/Attraction_Review-g303945-d11966389-Reviews-Hoalutamcoc_Tours-Ninh_Binh_Ninh_Binh_Province.html,178,tripadvisor_vn
Tours and Tourguide in Ninhbinh,"Chuyến tham quan nhiều ngày • Chuyến tham quan bằng xe 4WD, ATV & xe địa hình",Ninh Binh,https://www.tripadvisor.com.vn/Attraction_Review-g303945-d24950419-Reviews-Tours_and_Tourguide_in_Ninhbinh-Ninh_Binh_Ninh_Binh_Province.html,179,tripadvisor_vn
Tam Coc Holiday Travel,Chuyến tham quan bằng thuyền,Ninh Binh,https://www.tripadvisor.com.vn/Attraction_Review-g303945-d31912285-Reviews-Tam_Coc_Holiday_Travel-Ninh_Binh_Ninh_Binh_Province.html,180,tripadvisor_vn
Pigo E-bike Ninh Binh Adventure,Chuyến tham quan bằng xe điện hai bánh (segway),Ninh Binh,https://www.tripadvisor.com.vn/Attraction_Review-g303945-d33374559-Reviews-Pigo_E_bike_Ninh_Binh_Adventure-Ninh_Binh_Ninh_Binh_Province.html,181,tripadvisor_vn
Chuong Nguyen,Chuyến tham quan nhiều ngày • Chèo xuồng & ngồi phao trên sông,Ninh Binh,https://www.tripadvisor.com.vn/Attraction_Review-g303945-d17526300-Reviews-Chuong_Nguyen-Ninh_Binh_Ninh_Binh_Province.html,182,tripadvisor_vn
Tam Cốc Homestay,Nếm bia & tham quan • Chuyến tham quan cà phê & trà,Ninh Binh,https://www.tripadvisor.com.vn/Attraction_Review-g303945-d25178592-Reviews-Tam_C_c_Homestay-Ninh_Binh_Ninh_Binh_Province.html,183,tripadvisor_vn
Ninh Binh Daily Tours,Chuyến tham quan bằng thuyền • Chuyến tham quan ngắm cảnh,Ninh Binh,https://www.tripadvisor.com.vn/Attraction_Review-g303945-d12001773-Reviews-Ninh_Binh_Daily_Tours-Ninh_Binh_Ninh_Binh_Province.html,184,tripadvisor_vn
Ninh Binh Luan Ha Photo Tour,Chuyến tham quan chụp ảnh,Ninh Binh,https://www.tripadvisor.com.vn/Attraction_Review-g303945-d33411113-Reviews-Ninh_Binh_Luan_Ha_Photo_Tour-Ninh_Binh_Ninh_Binh_Province.html,185,tripadvisor_vn
NinhBinh Tours Booking,Chuyến tham quan nhiều ngày • Chuyến tham quan bằng xe đạp,Ninh Binh,https://www.tripadvisor.com.vn/Attraction_Review-g303945-d16879609-Reviews-NinhBinh_Tours_Booking-Ninh_Binh_Ninh_Binh_Province.html,186,tripadvisor_vn
Yoga Phong Nha,Chuyến tham quan bằng xe đạp • Lớp nấu ăn,Ninh Binh,https://www.tripadvisor.com.vn/Attraction_Review-g303945-d19605759-Reviews-Yoga_Phong_Nha-Ninh_Binh_Ninh_Binh_Province.html,188,tripadvisor_vn
Tam Coc Workshop,Xưởng vẽ & làm đồ gốm • Lớp nấu ăn,Ninh Binh,https://www.tripadvisor.com.vn/Attraction_Review-g303945-d33752140-Reviews-Tam_Coc_Workshop-Ninh_Binh_Ninh_Binh_Province.html,189,tripadvisor_vn
Hoa Lu - Trang An - Mua Cave - Bich Dong Full Day,Chuyến tham quan trượt tuyết & trượt tuyết bằng ván • Taxi & xe đưa đón,Ninh Binh,https://www.tripadvisor.com.vn/Attraction_Review-g303945-d33043769-Reviews-Hoa_Lu_Trang_An_Mua_Cave_Bich_Dong_Full_Day-Ninh_Binh_Ninh_Binh_Province.html,190,tripadvisor_vn
Book VNTour,Taxi & xe đưa đón • Thuyền cho thuê,Ninh Binh,https://www.tripadvisor.com.vn/Attraction_Review-g303945-d29553222-Reviews-Book_VNTour-Ninh_Binh_Ninh_Binh_Province.html,191,tripadvisor_vn
Ha Trang Booking Office,Taxi & xe đưa đón • Chuyến tham quan tư nhân,Ninh Binh,https://www.tripadvisor.com.vn/Attraction_Review-g303945-d25049439-Reviews-Ha_Trang_Booking_Office-Ninh_Binh_Ninh_Binh_Province.html,192,tripadvisor_vn
mr.khanh travel agency,Taxi & xe đưa đón • Chuyến tham quan bằng xe đạp,Ninh Binh,https://www.tripadvisor.com.vn/Attraction_Review-g303945-d25931799-Reviews-Mr_khanh_travel_agency-Ninh_Binh_Ninh_Binh_Province.html,193,tripadvisor_vn
Vihihi,Chuyến tham quan bằng thuyền,Ninh Binh,https://www.tripadvisor.com.vn/Attraction_Review-g303945-d33379134-Reviews-Vihihi-Ninh_Binh_Ninh_Binh_Province.html,194,tripadvisor_vn
Ninh Bình Daily Tours,Chuyến tham quan cà phê & trà • Chuyến tham quan ngắm cảnh,Ninh Binh,https://www.tripadvisor.com.vn/Attraction_Review-g303945-d25007152-Reviews-Ninh_Binh_Daily_Tours-Ninh_Binh_Ninh_Binh_Province.html,195,tripadvisor_vn
Tam Coc Eco Tour,Tour thăm quan thành phố • Chuyến tham quan văn hóa,Ninh Binh,https://www.tripadvisor.com.vn/Attraction_Review-g303945-d26630851-Reviews-Tam_Coc_Eco_Tour-Ninh_Binh_Ninh_Binh_Province.html,196,tripadvisor_vn
Authentic Travel Ninh Binh,"Chuyến tham quan nhiều ngày • Chuyến tham quan bằng xe 4WD, ATV & xe địa hình",Ninh Binh,https://www.tripadvisor.com.vn/Attraction_Review-g303945-d27937126-Reviews-Authentic_Travel_Ninh_Binh-Ninh_Binh_Ninh_Binh_Province.html,197,tripadvisor_vn
Amazing Travel Corp,Chuyến tham quan nhiều ngày • Taxi & xe đưa đón,Ninh Binh,https://www.tripadvisor.com.vn/Attraction_Review-g303945-d25398663-Reviews-Amazing_Travel_Corp-Ninh_Binh_Ninh_Binh_Province.html,198,tripadvisor_vn
Vn Bike Tour,"Chuyến tham quan nhiều ngày • Chuyến tham quan bằng xe 4WD, ATV & xe địa hình",Ninh Binh,https://www.tripadvisor.com.vn/Attraction_Review-g303945-d33267943-Reviews-Vn_Bike_Tour-Ninh_Binh_Ninh_Binh_Province.html,199,tripadvisor_vn
Limousine Tràng An,Taxi & xe đưa đón,Ninh Binh,https://www.tripadvisor.com.vn/Attraction_Review-g303945-d16850417-Reviews-Limousine_Trang_An-Ninh_Binh_Ninh_Binh_Province.html,200,tripadvisor_vn
Ninh Binh Homies Tour,Chuyến tham quan nhiều ngày • Chuyến tham quan tư nhân,Ninh Binh,https://www.tripadvisor.com.vn/Attraction_Review-g303945-d33354902-Reviews-Ninh_Binh_Homies_Tour-Ninh_Binh_Ninh_Binh_Province.html,201,tripadvisor_vn
Ninh Binh tour off the beaten track,Taxi & xe đưa đón • Chuyến tham quan bằng xe đạp,Ninh Binh,https://www.tripadvisor.com.vn/Attraction_Review-g303945-d26366535-Reviews-Ninh_Binh_tour_off_the_beaten_track-Ninh_Binh_Ninh_Binh_Province.html,202,tripadvisor_vn
Ninh Binh Open Air Jeep Tours,Chuyến tham quan bằng xe buýt du lịch • Chuyến tham quan bằng mô tô,Ninh Binh,https://www.tripadvisor.com.vn/Attraction_Review-g303945-d26447145-Reviews-Ninh_Binh_Open_Air_Jeep_Tours-Ninh_Binh_Ninh_Binh_Province.html,203,tripadvisor_vn
Donald Bar & Restaurant Riverine,"Chuyến tham quan quán bar, câu lạc bộ & quán rượu",Ninh Binh,https://www.tripadvisor.com.vn/Attraction_Review-g303945-d27992013-Reviews-Donald_Bar_Restaurant_Riverine-Ninh_Binh_Ninh_Binh_Province.html,204,tripadvisor_vn
DUY KHÁNH LIMOUSINE,Chuyến tham quan bằng xe buýt,Ninh Binh,https://www.tripadvisor.com.vn/Attraction_Review-g303945-d34175020-Reviews-DUY_KHANH_LIMOUSINE-Ninh_Binh_Ninh_Binh_Province.html,205,tripadvisor_vn
TripBestie Ninh Binh,Chuyến tham quan nhiều ngày • Taxi & xe đưa đón,Ninh Binh,https://www.tripadvisor.com.vn/Attraction_Review-g303945-d27995911-Reviews-TripBestie_Ninh_Binh-Ninh_Binh_Ninh_Binh_Province.html,206,tripadvisor_vn
Ninh Binh Tours Original,Chuyến tham quan nhiều ngày • Chuyến tham quan đi dạo,Ninh Binh,https://www.tripadvisor.com.vn/Attraction_Review-g303945-d18856372-Reviews-Ninh_Binh_Tours_Original-Ninh_Binh_Ninh_Binh_Province.html,207,tripadvisor_vn
AUTHENTIC HAGIANG-NINH BINH TRAVEl,Tour thăm quan thành phố • Chuyến tham quan nhiều ngày,Ninh Binh,https://www.tripadvisor.com.vn/Attraction_Review-g303945-d26856662-Reviews-AUTHENTIC_HAGIANG_NINH_BINH_TRAVEl-Ninh_Binh_Ninh_Binh_Province.html,208,tripadvisor_vn
Limousine Ha Noi - Ninh Binh,Chuyến tham quan nhiều ngày • Taxi & xe đưa đón,Ninh Binh,https://www.tripadvisor.com.vn/Attraction_Review-g303945-d23452698-Reviews-Limousine_Ha_Noi_Ninh_Binh-Ninh_Binh_Ninh_Binh_Province.html,209,tripadvisor_vn
Ninh Binh Insight Travel,Chuyến tham quan nhiều ngày • Chuyến tham quan tư nhân,Ninh Binh,https://www.tripadvisor.com.vn/Attraction_Review-g303945-d33558804-Reviews-Ninh_Binh_Insight_Travel-Ninh_Binh_Ninh_Binh_Province.html,210,tripadvisor_vn
Alluvia Chocolatier,Chuyến tham quan nhà máy,Ninh Binh,https://www.tripadvisor.com.vn/Attraction_Review-g303945-d33321529-Reviews-Alluvia_Chocolatier-Ninh_Binh_Ninh_Binh_Province.html,211,tripadvisor_vn
Best Price Tour Co.ltd,Chuyến tham quan lịch sử & di sản • Taxi & xe đưa đón,Ninh Binh,https://www.tripadvisor.com.vn/Attraction_Review-g303945-d25177996-Reviews-Best_Price_Tour_Co_ltd-Ninh_Binh_Ninh_Binh_Province.html,212,tripadvisor_vn
Vihihi Tour And Discover,Chuyến tham quan nhiều ngày • Địa điểm lịch sử,Ninh Binh,https://www.tripadvisor.com.vn/Attraction_Review-g303945-d33405044-Reviews-Vihihi_Tour_And_Discover-Ninh_Binh_Ninh_Binh_Province.html,214,tripadvisor_vn
Hanoi Exposed Tours - Day Tours,Tour thăm quan thành phố • Chuyến tham quan bằng xe đạp,Ninh Binh,https://www.tripadvisor.com.vn/Attraction_Review-g303945-d8099378-Reviews-Hanoi_Exposed_Tours_Day_Tours-Ninh_Binh_Ninh_Binh_Province.html,215,tripadvisor_vn
Ninh Binh Family Homestay,Chuyến tham quan vượt hẻm núi & tuột núi • Taxi & xe đưa đón,Ninh Binh,https://www.tripadvisor.com.vn/Attraction_Review-g303945-d26954189-Reviews-Ninh_Binh_Family_Homestay-Ninh_Binh_Ninh_Binh_Province.html,216,tripadvisor_vn
Ninh Binh Tour,Chuyến tham quan bằng xe đạp • Chuyến tham quan bằng thuyền,Ninh Binh,https://www.tripadvisor.com.vn/Attraction_Review-g303945-d27697784-Reviews-Ninh_Binh_Tour-Ninh_Binh_Ninh_Binh_Province.html,217,tripadvisor_vn
Mây Café & Bakery,Chuyến tham quan cà phê & trà,Ninh Binh,https://www.tripadvisor.com.vn/Attraction_Review-g303945-d27760925-Reviews-May_Cafe_Bakery-Ninh_Binh_Ninh_Binh_Province.html,218,tripadvisor_vn
Best Ninh Binh Day Trip from Hanoi – Mua Cave - Hoa Lu - Trang An/Tam Coc,Taxi & xe đưa đón • Chuyến tham quan bằng thuyền,Ninh Binh,https://www.tripadvisor.com.vn/Attraction_Review-g303945-d33305401-Reviews-Best_Ninh_Binh_Day_Trip_from_Hanoi_Mua_Cave_Hoa_Lu_Trang_An_Tam_Coc-Ninh_Binh_Ni.html,222,tripadvisor_vn
Ninh Binh Excursion,Taxi & xe đưa đón • Chuyến tham quan đi bộ & cắm trại,Ninh Binh,https://www.tripadvisor.com.vn/Attraction_Review-g303945-d23972985-Reviews-Ninh_Binh_Excursion-Ninh_Binh_Ninh_Binh_Province.html,223,tripadvisor_vn
Ninh Binh Day Tours,Chuyến tham quan nhiều ngày • Chuyến đi trong ngày,Ninh Binh,https://www.tripadvisor.com.vn/Attraction_Review-g303945-d27731565-Reviews-Ninh_Binh_Day_Tours-Ninh_Binh_Ninh_Binh_Province.html,224,tripadvisor_vn
Vietnam Corner Tour,Chuyến tham quan nhiều ngày • Chuyến tham quan vượt hẻm núi & tuột núi,Ninh Binh,https://www.tripadvisor.com.vn/Attraction_Review-g303945-d33473052-Reviews-Vietnam_Corner_Tour-Ninh_Binh_Ninh_Binh_Province.html,225,tripadvisor_vn
"Trang An - Tam Coc Boat tour, Bai Dinh Pagoda, Hoa Lu ancient capital, Hang Mua Cave","Chuyến tham quan quán bar, câu lạc bộ & quán rượu • Chuyến tham quan nhiều ngày",Ninh Binh,https://www.tripadvisor.com.vn/Attraction_Review-g303945-d34046781-Reviews-Trang_An_Tam_Coc_Boat_tour_Bai_Dinh_Pagoda_Hoa_Lu_ancient_capital_Hang_Mua_Cave-.html,226,tripadvisor_vn
Ninh Binh Adventure,Chuyến tham quan nhiều ngày • Chuyến tham quan tư nhân,Ninh Binh,https://www.tripadvisor.com.vn/Attraction_Review-g303945-d19652078-Reviews-Ninh_Binh_Adventure-Ninh_Binh_Ninh_Binh_Province.html,227,tripadvisor_vn
Ninh Binh Adventure Tour,Chuyến tham quan nhiều ngày • Chuyến tham quan vượt hẻm núi & tuột núi,Ninh Binh,https://www.tripadvisor.com.vn/Attraction_Review-g303945-d32695763-Reviews-Ninh_Binh_Adventure_Tour-Ninh_Binh_Ninh_Binh_Province.html,228,tripadvisor_vn
Ninh Binh Paragliding - Dù Lượn Ninh Bình,Dù kéo & dù lượn,Ninh Binh,https://www.tripadvisor.com.vn/Attraction_Review-g303945-d34597311-Reviews-Ninh_Binh_Paragliding_Du_Lu_n_Ninh_Binh-Ninh_Binh_Ninh_Binh_Province.html,229,tripadvisor_vn
Magnolia Responsible Travel,Chuyến tham quan văn hóa • Chuyến tham quan sinh thái,Ninh Binh,https://www.tripadvisor.com.vn/Attraction_Review-g303945-d26588827-Reviews-Magnolia_Responsible_Travel-Ninh_Binh_Ninh_Binh_Province.html,230,tripadvisor_vn
Tam Coc Queen's Travel In Ninh Binh,Chuyến tham quan văn hóa,Ninh Binh,https://www.tripadvisor.com.vn/Attraction_Review-g303945-d28651288-Reviews-Tam_Coc_Queen_s_Travel_In_Ninh_Binh-Ninh_Binh_Ninh_Binh_Province.html,231,tripadvisor_vn
Best Ninh Binh Tours,Chuyến đi trong ngày,Ninh Binh,https://www.tripadvisor.com.vn/Attraction_Review-g303945-d27939252-Reviews-Best_Ninh_Binh_Tours-Ninh_Binh_Ninh_Binh_Province.html,232,tripadvisor_vn
Ninh Bình Group Tours,Chuyến tham quan nhiều ngày • Chuyến tham quan lịch sử & di sản,Ninh Binh,https://www.tripadvisor.com.vn/Attraction_Review-g303945-d25024141-Reviews-Ninh_Binh_Group_Tours-Ninh_Binh_Ninh_Binh_Province.html,234,tripadvisor_vn
Truly Ninh Binh,Chuyến tham quan bằng xe đạp • Chuyến tham quan đi dạo,Ninh Binh,https://www.tripadvisor.com.vn/Attraction_Review-g303945-d28144095-Reviews-Truly_Ninh_Binh-Ninh_Binh_Ninh_Binh_Province.html,235,tripadvisor_vn
Hoa Lu City Hotel,Chuyến tham quan bằng xe đạp • Chuyến tham quan đi dạo,Ninh Binh,https://www.tripadvisor.com.vn/Attraction_Review-g303945-d32941607-Reviews-Hoa_Lu_City_Hotel-Ninh_Binh_Ninh_Binh_Province.html,236,tripadvisor_vn
Du lịch Ninh Bình,Chuyến tham quan ngắm cảnh,Ninh Binh,https://www.tripadvisor.com.vn/Attraction_Review-g303945-d25165238-Reviews-Ninh_Binh_Tour-Ninh_Binh_Ninh_Binh_Province.html,237,tripadvisor_vn
Min Adventure,Taxi & xe đưa đón • Chuyến tham quan bằng xe đạp,Ninh Binh,https://www.tripadvisor.com.vn/Attraction_Review-g303945-d34148223-Reviews-Min_Adventure-Ninh_Binh_Ninh_Binh_Province.html,238,tripadvisor_vn
Pi-Go,Taxi & xe đưa đón • Chuyến tham quan bằng xe đạp,Ninh Binh,https://www.tripadvisor.com.vn/Attraction_Review-g303945-d33203612-Reviews-Pi_Go-Ninh_Binh_Ninh_Binh_Province.html,239,tripadvisor_vn
Ninh Binh Private And Luxury Small Group Tours,Chuyến tham quan nhiều ngày • Chuyến tham quan tư nhân,Ninh Binh,https://www.tripadvisor.com.vn/Attraction_Review-g303945-d26827959-Reviews-Ninh_Binh_Private_And_Luxury_Small_Group_Tours-Ninh_Binh_Ninh_Binh_Province.html,240,tripadvisor_vn
Cuc Phuong Hiking Daily Tour,Taxi & xe đưa đón • Chuyến tham quan leo núi,Ninh Binh,https://www.tripadvisor.com.vn/Attraction_Review-g303945-d25302268-Reviews-Cuc_Phuong_Hiking_Daily_Tour-Ninh_Binh_Ninh_Binh_Province.html,241,tripadvisor_vn
Tam Sinh Travel,Chuyến tham quan nhiều ngày • Chuyến tham quan ngắm cảnh,Ninh Binh,https://www.tripadvisor.com.vn/Attraction_Review-g303945-d15674685-Reviews-Tam_Sinh_Travel-Ninh_Binh_Ninh_Binh_Province.html,242,tripadvisor_vn
Tam Coc Bamboo Spa,Chuyến đi trong ngày,Ninh Binh,https://www.tripadvisor.com.vn/Attraction_Review-g303945-d21298791-Reviews-Tam_Coc_Bamboo_Spa-Ninh_Binh_Ninh_Binh_Province.html,243,tripadvisor_vn
Local Tours Ninh Binh,Tour thăm quan thành phố • Chuyến tham quan nhiều ngày,Ninh Binh,https://www.tripadvisor.com.vn/Attraction_Review-g303945-d27134871-Reviews-Local_Tours_Ninh_Binh-Ninh_Binh_Ninh_Binh_Province.html,244,tripadvisor_vn
AZ Local Trip,Chuyến tham quan đi dạo • Chuyến tham quan tư nhân,Ninh Binh,https://www.tripadvisor.com.vn/Attraction_Review-g303945-d19620480-Reviews-AZ_Local_Trip-Ninh_Binh_Ninh_Binh_Province.html,245,tripadvisor_vn
Du lich xanh việt,"Chuyến tham quan quán bar, câu lạc bộ & quán rượu • Nếm bia & tham quan",Ninh Binh,https://www.tripadvisor.com.vn/Attraction_Review-g303945-d24993700-Reviews-Du_lich_xanh_vi_t-Ninh_Binh_Ninh_Binh_Province.html,247,tripadvisor_vn
Asia Pearl Travel Ninh Binh Day Tours,Chuyến tham quan bằng xe đạp • Chuyến tham quan đi dạo,Ninh Binh,https://www.tripadvisor.com.vn/Attraction_Review-g303945-d28104665-Reviews-Asia_Pearl_Travel_Ninh_Binh_Day_Tours-Ninh_Binh_Ninh_Binh_Province.html,248,tripadvisor_vn
Tiger Trail Travel - Ninh Binh,Chuyến tham quan nhiều ngày • Chuyến đi trong ngày,Ninh Binh,https://www.tripadvisor.com.vn/Attraction_Review-g303945-d27728732-Reviews-Tiger_Trail_Travel_Ninh_Binh-Ninh_Binh_Ninh_Binh_Province.html,249,tripadvisor_vn
Phong Nha Locals Service,Taxi & xe đưa đón • Chuyến tham quan đi dạo,Ninh Binh,https://www.tripadvisor.com.vn/Attraction_Review-g303945-d28114891-Reviews-Phong_Nha_Locals_Service-Ninh_Binh_Ninh_Binh_Province.html,250,tripadvisor_vn
Sunseekers Motobike Rental,Taxi & xe đưa đón • Chuyến tham quan bằng xe đạp,Ninh Binh,https://www.tripadvisor.com.vn/Attraction_Review-g303945-d34055698-Reviews-Sunseekers_Motobike_Rental-Ninh_Binh_Ninh_Binh_Province.html,251,tripadvisor_vn
Embroidery Garden - Art & Drinks,Cửa hàng đặc sản & cửa hàng quà tặng • Phòng trưng bày nghệ thuật,Ninh Binh,https://www.tripadvisor.com.vn/Attraction_Review-g303945-d34447764-Reviews-Embroidery_Garden_Local_Artisan-Ninh_Binh_Ninh_Binh_Province.html,252,tripadvisor_vn
Ninh Binh Local Experience,Xưởng vẽ & làm đồ gốm • Taxi & xe đưa đón,Ninh Binh,https://www.tripadvisor.com.vn/Attraction_Review-g303945-d34384063-Reviews-Ninh_Binh_Local_Experience-Ninh_Binh_Ninh_Binh_Province.html,253,tripadvisor_vn
Local Tours Sapa-Ninh Binh,Tour thăm quan thành phố • Chuyến tham quan nhiều ngày,Ninh Binh,https://www.tripadvisor.com.vn/Attraction_Review-g303945-d27123597-Reviews-Local_Tours_Sapa_Ninh_Binh-Ninh_Binh_Ninh_Binh_Province.html,254,tripadvisor_vn
Ninh Bình Việt Nam,Chuyến tham quan ngắm cảnh,Ninh Binh,https://www.tripadvisor.com.vn/Attraction_Review-g303945-d33278683-Reviews-Ninh_Binh_Vi_t_Nam-Ninh_Binh_Ninh_Binh_Province.html,256,tripadvisor_vn
Ninh Binh Trails Tours - Bike Tours Hanoi,"Chuyến tham quan bằng xe 4WD, ATV & xe địa hình • Taxi & xe đưa đón",Ninh Binh,https://www.tripadvisor.com.vn/Attraction_Review-g303945-d26947240-Reviews-Ninh_Binh_Trails_Tours_Bike_Tours_Hanoi-Ninh_Binh_Ninh_Binh_Province.html,257,tripadvisor_vn
Thung Nham - national park,Chuyến đi trong ngày,Ninh Binh,https://www.tripadvisor.com.vn/Attraction_Review-g303945-d33396629-Reviews-Thung_Nham_national_park-Ninh_Binh_Ninh_Binh_Province.html,258,tripadvisor_vn
Authentic Hanoi Travel-In NINH BINH,Chuyến tham quan nhiều ngày • Chuyến tham quan văn hóa,Ninh Binh,https://www.tripadvisor.com.vn/Attraction_Review-g303945-d26857323-Reviews-Authentic_Hanoi_Travel_In_NINH_BINH-Ninh_Binh_Ninh_Binh_Province.html,261,tripadvisor_vn
Ninh Binh Day Tour,Chuyến tham quan văn hóa • Chuyến tham quan bằng thuyền,Ninh Binh,https://www.tripadvisor.com.vn/Attraction_Review-g303945-d32701545-Reviews-Ninh_Binh_Day_Tour-Ninh_Binh_Ninh_Binh_Province.html,262,tripadvisor_vn
Stunning Local Tour,Chuyến tham quan nhiều ngày • Chuyến tham quan bằng xe buýt du lịch,Ninh Binh,https://www.tripadvisor.com.vn/Attraction_Review-g303945-d27466767-Reviews-Stunning_Local_Tour-Ninh_Binh_Ninh_Binh_Province.html,263,tripadvisor_vn
Ninh Bình Tour,Chuyến tham quan nhiều ngày • Chuyến đi trong ngày,Ninh Binh,https://www.tripadvisor.com.vn/Attraction_Review-g303945-d34238629-Reviews-Ninh_Binh_Tour-Ninh_Binh_Ninh_Binh_Province.html,264,tripadvisor_vn
Joy Tourist - Ninh Binh,Chuyến tham quan nhiều ngày • Chuyến đi trong ngày,Ninh Binh,https://www.tripadvisor.com.vn/Attraction_Review-g303945-d28153120-Reviews-Joy_Tourist_Ninh_Binh-Ninh_Binh_Ninh_Binh_Province.html,265,tripadvisor_vn
Vietnam Cycling,Tour thăm quan thành phố • Chuyến tham quan nhiều ngày,Ninh Binh,https://www.tripadvisor.com.vn/Attraction_Review-g303945-d25418681-Reviews-Vietnam_Cycling-Ninh_Binh_Ninh_Binh_Province.html,266,tripadvisor_vn
Discover travel ninhbinh,Chuyến tham quan nhiều ngày • Chuyến tham quan bằng xe đạp,Ninh Binh,https://www.tripadvisor.com.vn/Attraction_Review-g303945-d25129289-Reviews-Discover_travel_ninhbinh-Ninh_Binh_Ninh_Binh_Province.html,267,tripadvisor_vn
Kim House Holiday,Chuyến đi trong ngày,Ninh Binh,https://www.tripadvisor.com.vn/Attraction_Review-g303945-d13990279-Reviews-Kim_House_Holiday-Ninh_Binh_Ninh_Binh_Province.html,268,tripadvisor_vn
Charm Tourist - Ninh Binh,Chuyến tham quan nhiều ngày • Chuyến đi trong ngày,Ninh Binh,https://www.tripadvisor.com.vn/Attraction_Review-g303945-d27951994-Reviews-Charm_Tourist_Ninh_Binh-Ninh_Binh_Ninh_Binh_Province.html,269,tripadvisor_vn
Guest House Kim Lien Bicycle Tours,Chuyến tham quan bằng xe đạp,Ninh Binh,https://www.tripadvisor.com.vn/Attraction_Review-g303945-d6224876-Reviews-Guest_House_Kim_Lien_Bicycle_Tours-Ninh_Binh_Ninh_Binh_Province.html,270,tripadvisor_vn
Mr Bie,"Chuyến tham quan quán bar, câu lạc bộ & quán rượu • Taxi & xe đưa đón",Ninh Binh,https://www.tripadvisor.com.vn/Attraction_Review-g303945-d26831323-Reviews-Mr_Bie-Ninh_Binh_Ninh_Binh_Province.html,271,tripadvisor_vn
Mr. Dat Transport,Tour thăm quan thành phố • Chuyến tham quan văn hóa,Ninh Binh,https://www.tripadvisor.com.vn/Attraction_Review-g303945-d33000229-Reviews-Mr_Dat_Transport-Ninh_Binh_Ninh_Binh_Province.html,272,tripadvisor_vn
Good Morning Ninh Binh,Taxi & xe đưa đón • Chuyến tham quan ban đêm,Ninh Binh,https://www.tripadvisor.com.vn/Attraction_Review-g303945-d32848965-Reviews-Good_Morning_Ninh_Binh-Ninh_Binh_Ninh_Binh_Province.html,273,tripadvisor_vn
Classic Tourist - Ninh Binh,Chuyến tham quan nhiều ngày • Chuyến tham quan tư nhân,Ninh Binh,https://www.tripadvisor.com.vn/Attraction_Review-g303945-d31458762-Reviews-Classic_Tourist_Ninh_Binh-Ninh_Binh_Ninh_Binh_Province.html,274,tripadvisor_vn
Ninh Binh Excurson Luxury Tour,Chuyến tham quan bằng thuyền • Chuyến tham quan ngắm cảnh,Ninh Binh,https://www.tripadvisor.com.vn/Attraction_Review-g303945-d27659076-Reviews-Ninh_Binh_Excurson_Luxury_Tour-Ninh_Binh_Ninh_Binh_Province.html,275,tripadvisor_vn
TADY NINH BINH,Taxi & xe đưa đón • Chuyến tham quan bằng xe đạp,Ninh Binh,https://www.tripadvisor.com.vn/Attraction_Review-g303945-d19296706-Reviews-TADY_NINH_BINH-Ninh_Binh_Ninh_Binh_Province.html,277,tripadvisor_vn
Nam,Taxi & xe đưa đón • Chuyến tham quan bằng xe đạp,Ninh Binh,https://www.tripadvisor.com.vn/Attraction_Review-g303945-d27926646-Reviews-Nam-Ninh_Binh_Ninh_Binh_Province.html,278,tripadvisor_vn
"Ninh Binh Full-Day Tour from Hanoi to Thung Nham, Hoa Lu, Tam Coc Via Boat & Bike",Taxi & xe đưa đón • Chuyến tham quan bằng xe đạp,Ninh Binh,https://www.tripadvisor.com.vn/Attraction_Review-g303945-d28204831-Reviews-Ninh_Binh_Full_Day_Tour_from_Hanoi_to_Thung_Nham_Hoa_Lu_Tam_Coc_Via_Boat_Bike-Ni.html,279,tripadvisor_vn
Signature Ninh Binh,Tour thăm quan thành phố,Ninh Binh,https://www.tripadvisor.com.vn/Attraction_Review-g303945-d34435394-Reviews-Signature_Ninh_Binh-Ninh_Binh_Ninh_Binh_Province.html,281,tripadvisor_vn
TOURSHOPPING,Chuyến tham quan văn hóa • Chuyến tham quan lịch sử & di sản,Ninh Binh,https://www.tripadvisor.com.vn/Attraction_Review-g303945-d34145032-Reviews-TOURSHOPPING-Ninh_Binh_Ninh_Binh_Province.html,282,tripadvisor_vn
Du Thuyền Lamia - Tour Suối Nước Nóng Trên Dòng Sông Di Sản,Chuyến tham quan bằng thuyền • Chuyến tham quan & nếm rượu vang,Ninh Binh,https://www.tripadvisor.com.vn/Attraction_Review-g303945-d27706760-Reviews-Du_Thuy_n_Lamia_Tour_Su_i_Nu_c_Nong_Tren_Dong_Song_Di_S_n-Ninh_Binh_Ninh_Binh_Pr.html,283,tripadvisor_vn
Rose Tourist - Ninh Binh,Chuyến tham quan nhiều ngày • Chuyến tham quan tư nhân,Ninh Binh,https://www.tripadvisor.com.vn/Attraction_Review-g303945-d32719432-Reviews-Rose_Tourist_Ninh_Binh-Ninh_Binh_Ninh_Binh_Province.html,284,tripadvisor_vn
Vinadu - Ninh Binh,Chuyến tham quan nhiều ngày • Chuyến đi trong ngày,Ninh Binh,https://www.tripadvisor.com.vn/Attraction_Review-g303945-d27957043-Reviews-Vinadu_Ninh_Binh-Ninh_Binh_Ninh_Binh_Province.html,285,tripadvisor_vn
Trần Thị Nhung,Chuyến đi trong ngày,Ninh Binh,https://www.tripadvisor.com.vn/Attraction_Review-g303945-d17721367-Reviews-Tr_n_Th_Nhung-Ninh_Binh_Ninh_Binh_Province.html,286,tripadvisor_vn
Authentic Travel in NINHBINH,Chuyến tham quan nhiều ngày • Chuyến tham quan vượt hẻm núi & tuột núi,Ninh Binh,https://www.tripadvisor.com.vn/Attraction_Review-g303945-d28055740-Reviews-Authentic_Travel_in_NINHBINH-Ninh_Binh_Ninh_Binh_Province.html,287,tripadvisor_vn
Elegance Ninh Binh,Chuyến tham quan nhiều ngày • Chuyến tham quan tư nhân,Ninh Binh,https://www.tripadvisor.com.vn/Attraction_Review-g303945-d33066231-Reviews-Elegance_Ninh_Binh-Ninh_Binh_Ninh_Binh_Province.html,288,tripadvisor_vn
The Most Amazing Trang An - Mua Caves Day Tour,Taxi & xe đưa đón • Chuyến tham quan bằng thuyền,Ninh Binh,https://www.tripadvisor.com.vn/Attraction_Review-g303945-d24884585-Reviews-The_Most_Amazing_Trang_An_Mua_Caves_Day_Tour-Ninh_Binh_Ninh_Binh_Province.html,290,tripadvisor_vn
Kim Luu,Chuyến tham quan tư nhân,Ninh Binh,https://www.tripadvisor.com.vn/Attraction_Review-g303945-d17583744-Reviews-Kim_Luu-Ninh_Binh_Ninh_Binh_Province.html,291,tripadvisor_vn
PhuThoTravel - Ninh Binh,Chuyến tham quan nhiều ngày • Chuyến tham quan tư nhân,Ninh Binh,https://www.tripadvisor.com.vn/Attraction_Review-g303945-d33949183-Reviews-PhuThoTravel_Ninh_Binh-Ninh_Binh_Ninh_Binh_Province.html,292,tripadvisor_vn
Hoa Lau Homestay Trang An,Chuyến tham quan tự hướng dẫn & cho thuê,Ninh Binh,https://www.tripadvisor.com.vn/Attraction_Review-g303945-d34375528-Reviews-Hoa_Lau_Homestay_Trang_An-Ninh_Binh_Ninh_Binh_Province.html,293,tripadvisor_vn
Northside Of Travel Vietnam,Tour thăm quan thành phố,Ninh Binh,https://www.tripadvisor.com.vn/Attraction_Review-g303945-d33114727-Reviews-Northside_Of_Travel_Vietnam-Ninh_Binh_Ninh_Binh_Province.html,294,tripadvisor_vn
Vietnam Impresssive Tours,Chuyến tham quan nhiều ngày • Chuyến tham quan bằng xe buýt du lịch,Ninh Binh,https://www.tripadvisor.com.vn/Attraction_Review-g303945-d28233780-Reviews-Vietnam_Impresssive_Tours-Ninh_Binh_Ninh_Binh_Province.html,295,tripadvisor_vn
Bookvietnamtour,Chuyến đi trong ngày,Ninh Binh,https://www.tripadvisor.com.vn/Attraction_Review-g303945-d27497350-Reviews-Bookvietnamtour-Ninh_Binh_Ninh_Binh_Province.html,297,tripadvisor_vn
Red Gecko Travel - Ninh Binh,Chuyến tham quan nhiều ngày • Chuyến đi trong ngày,Ninh Binh,https://www.tripadvisor.com.vn/Attraction_Review-g303945-d27724730-Reviews-Red_Gecko_Travel_Ninh_Binh-Ninh_Binh_Ninh_Binh_Province.html,298,tripadvisor_vn
LAH Travel,Chuyến tham quan nhiều ngày • Taxi & xe đưa đón,Ninh Binh,https://www.tripadvisor.com.vn/Attraction_Review-g303945-d33226149-Reviews-LAH_Travel-Ninh_Binh_Ninh_Binh_Province.html,299,tripadvisor_vn
HOA LU TAM COC/TRANG AN HANG MUA PHAT DIEM STONE CATHEDRAL,Chuyến tham quan nhiều ngày,Ninh Binh,https://www.tripadvisor.com.vn/Attraction_Review-g303945-d33349472-Reviews-HOA_LU_TAM_COC_TRANG_AN_HANG_MUA_PHAT_DIEM_STONE_CATHEDRAL-Ninh_Binh_Ninh_Binh_P.html,300,tripadvisor_vn
Tam coc happy homestay,Chuyến tham quan tự hướng dẫn & cho thuê • Chuyến đi trong ngày,Ninh Binh,https://www.tripadvisor.com.vn/Attraction_Review-g303945-d26220677-Reviews-Tam_coc_happy_homestay-Ninh_Binh_Ninh_Binh_Province.html,301,tripadvisor_vn
Andy Traveling - Private Tours,Chuyến tham quan nhiều ngày • Chuyến tham quan lịch sử & di sản,Ninh Binh,https://www.tripadvisor.com.vn/Attraction_Review-g303945-d33110556-Reviews-Andy_Traveling_Private_Tours-Ninh_Binh_Ninh_Binh_Province.html,303,tripadvisor_vn
Vina Cruise - Ninh Bình,Chuyến tham quan nhiều ngày • Chuyến tham quan tư nhân,Ninh Binh,https://www.tripadvisor.com.vn/Attraction_Review-g303945-d34043221-Reviews-Vina_Cruise_Ninh_Binh-Ninh_Binh_Ninh_Binh_Province.html,304,tripadvisor_vn
Ninh Binh ValleyHomestay,Chuyến tham quan nhiều ngày,Ninh Binh,https://www.tripadvisor.com.vn/Attraction_Review-g303945-d25130419-Reviews-Ninh_Binh_ValleyHomestay-Ninh_Binh_Ninh_Binh_Province.html,305,tripadvisor_vn
Aclass Tours - Ninh Binh,Chuyến tham quan nhiều ngày • Chuyến tham quan tư nhân,Ninh Binh,https://www.tripadvisor.com.vn/Attraction_Review-g303945-d33003391-Reviews-Aclass_Tours_Ninh_Binh-Ninh_Binh_Ninh_Binh_Province.html,306,tripadvisor_vn
Vietnam Tour 365,Chuyến tham quan nhiều ngày • Chuyến tham quan tư nhân,Ninh Binh,https://www.tripadvisor.com.vn/Attraction_Review-g303945-d23959338-Reviews-Vietnam_Tour_365-Ninh_Binh_Ninh_Binh_Province.html,309,tripadvisor_vn
For You Ninh Bình Boutique,Taxi & xe đưa đón • Chuyến tham quan đi bộ & cắm trại,Ninh Binh,https://www.tripadvisor.com.vn/Attraction_Review-g303945-d33323870-Reviews-For_You_Ninh_Binh_Boutique-Ninh_Binh_Ninh_Binh_Province.html,310,tripadvisor_vn
Local Tours Around Vietnam - Ninh Binh,Chuyến tham quan nhiều ngày • Chuyến tham quan bằng thuyền,Ninh Binh,https://www.tripadvisor.com.vn/Attraction_Review-g303945-d28235349-Reviews-Local_Tours_Around_Vietnam_Ninh_Binh-Ninh_Binh_Ninh_Binh_Province.html,311,tripadvisor_vn
Trip Express,Chuyến tham quan nhiều ngày • Taxi & xe đưa đón,Ninh Binh,https://www.tripadvisor.com.vn/Attraction_Review-g303945-d26874444-Reviews-Trip_Express-Ninh_Binh_Ninh_Binh_Province.html,312,tripadvisor_vn
Travel With Ebikepigo,Chuyến tham quan ngắm cảnh,Ninh Binh,https://www.tripadvisor.com.vn/Attraction_Review-g303945-d33230115-Reviews-Travel_With_Ebikepigo-Ninh_Binh_Ninh_Binh_Province.html,313,tripadvisor_vn
Local tour,"Chuyến tham quan tư nhân • Chuyến tham quan bằng Vespa, xe tay ga & xe máy",Ninh Binh,https://www.tripadvisor.com.vn/Attraction_Review-g303945-d29017806-Reviews-Local_tour-Ninh_Binh_Ninh_Binh_Province.html,315,tripadvisor_vn
Asia Package Travel - Ninh Binh,Chuyến tham quan nhiều ngày • Chuyến đi trong ngày,Ninh Binh,https://www.tripadvisor.com.vn/Attraction_Review-g303945-d27726516-Reviews-Asia_Package_Travel_Ninh_Binh-Ninh_Binh_Ninh_Binh_Province.html,316,tripadvisor_vn
ABC Tour,Chuyến tham quan nhiều ngày • Taxi & xe đưa đón,Ninh Binh,https://www.tripadvisor.com.vn/Attraction_Review-g303945-d28654464-Reviews-ABC_Tour-Ninh_Binh_Ninh_Binh_Province.html,317,tripadvisor_vn
Vietnam Explorer - Ninh Binh,Chuyến tham quan nhiều ngày • Chuyến đi trong ngày,Ninh Binh,https://www.tripadvisor.com.vn/Attraction_Review-g303945-d28214279-Reviews-Vietnam_Explorer_Ninh_Binh-Ninh_Binh_Ninh_Binh_Province.html,318,tripadvisor_vn
Jake's Walks,Chuyến tham quan bằng xe buýt du lịch • Taxi & xe đưa đón,Ninh Binh,https://www.tripadvisor.com.vn/Attraction_Review-g303945-d33021886-Reviews-Jake_s_Walks-Ninh_Binh_Ninh_Binh_Province.html,320,tripadvisor_vn
Asia Tour Booking - Ninh Binh,Chuyến tham quan nhiều ngày • Chuyến đi trong ngày,Ninh Binh,https://www.tripadvisor.com.vn/Attraction_Review-g303945-d27971907-Reviews-Asia_Tour_Booking_Ninh_Binh-Ninh_Binh_Ninh_Binh_Province.html,321,tripadvisor_vn
Asia Green Travel - Ninh Binh,Chuyến tham quan nhiều ngày • Chuyến tham quan tư nhân,Ninh Binh,https://www.tripadvisor.com.vn/Attraction_Review-g303945-d32707540-Reviews-Asia_Green_Travel_Ninh_Binh-Ninh_Binh_Ninh_Binh_Province.html,323,tripadvisor_vn
Mr Tong's NinhbinhTours,Chuyến tham quan lịch sử & di sản • Chuyến tham quan bằng xe đạp,Ninh Binh,https://www.tripadvisor.com.vn/Attraction_Review-g303945-d34578134-Reviews-Mr_Tong_s_NinhbinhTours-Ninh_Binh_Ninh_Binh_Province.html,324,tripadvisor_vn
Asia Group Tour - Ninh Binh,Chuyến tham quan nhiều ngày • Chuyến đi trong ngày,Ninh Binh,https://www.tripadvisor.com.vn/Attraction_Review-g303945-d27861295-Reviews-Asia_Group_Tour_Ninh_Binh-Ninh_Binh_Ninh_Binh_Province.html,327,tripadvisor_vn
Opatrip.com Bai Dinh,Chuyến đi trong ngày,Ninh Binh,https://www.tripadvisor.com.vn/Attraction_Review-g303945-d25391074-Reviews-Opatrip_com_Bai_Dinh-Ninh_Binh_Ninh_Binh_Province.html,328,tripadvisor_vn
Nova Travel Ninh Binh,Taxi & xe đưa đón • Chuyến tham quan bằng xe đạp,Ninh Binh,https://www.tripadvisor.com.vn/Attraction_Review-g303945-d34258345-Reviews-Nova_Travel_Ninh_Binh-Ninh_Binh_Ninh_Binh_Province.html,329,tripadvisor_vn
Explore Ninh Binh,Chuyến tham quan bằng thuyền • Chuyến đi trong ngày,Ninh Binh,https://www.tripadvisor.com.vn/Attraction_Review-g303945-d33738242-Reviews-Explore_Ninh_Binh-Ninh_Binh_Ninh_Binh_Province.html,330,tripadvisor_vn
Cosy Travel Inn,Chuyến tham quan nhiều ngày • Chuyến tham quan bằng xe buýt du lịch,Ninh Binh,https://www.tripadvisor.com.vn/Attraction_Review-g303945-d34080850-Reviews-Cosy_Travel_Inn-Ninh_Binh_Ninh_Binh_Province.html,331,tripadvisor_vn
VNOrange Tour - Ninh Binh,Chuyến tham quan bằng mô tô • Chuyến tham quan đi bộ & cắm trại,Ninh Binh,https://www.tripadvisor.com.vn/Attraction_Review-g303945-d32907916-Reviews-VNOrange_Tour_Ninh_Binh-Ninh_Binh_Ninh_Binh_Province.html,332,tripadvisor_vn
Daisy Tourist – Ninh Binh,Chuyến tham quan nhiều ngày • Chuyến tham quan tư nhân,Ninh Binh,https://www.tripadvisor.com.vn/Attraction_Review-g303945-d32999848-Reviews-Daisy_Tourist_Ninh_Binh-Ninh_Binh_Ninh_Binh_Province.html,333,tripadvisor_vn
Tam Coc Wonders,Chuyến tham quan bằng xe đạp • Chuyến tham quan bằng mô tô,Ninh Binh,https://www.tripadvisor.com.vn/Attraction_Review-g303945-d34453083-Reviews-Tam_Coc_Wonders-Ninh_Binh_Ninh_Binh_Province.html,334,tripadvisor_vn
Hupman,Chuyến tham quan bằng xe đạp • Chuyến tham quan bằng thuyền,Ninh Binh,https://www.tripadvisor.com.vn/Attraction_Review-g303945-d34494014-Reviews-Hupman-Ninh_Binh_Ninh_Binh_Province.html,335,tripadvisor_vn
"Discover history, culture and natural landscape",Chuyến tham quan tư nhân,Ninh Binh,https://www.tripadvisor.com.vn/Attraction_Review-g303945-d34405734-Reviews-Discover_history_culture_and_natural_landscape-Ninh_Binh_Ninh_Binh_Province.html,336,tripadvisor_vn
Ninh Binh Bamboo Travel,Chuyến tham quan bằng thuyền • Chuyến tham quan chụp ảnh,Ninh Binh,https://www.tripadvisor.com.vn/Attraction_Review-g303945-d34683551-Reviews-Ninh_Binh_Bamboo_Travel-Ninh_Binh_Ninh_Binh_Province.html,337,tripadvisor_vn
Ninh Binh Local Travel with Happy,Chuyến tham quan bằng xe đạp • Chuyến đi trong ngày,Ninh Binh,https://www.tripadvisor.com.vn/Attraction_Review-g303945-d34530338-Reviews-Ninh_Binh_Local_Travel_with_Happy-Ninh_Binh_Ninh_Binh_Province.html,338,tripadvisor_vn
HANA TRVAEL,"Chuyến tham quan quán bar, câu lạc bộ & quán rượu • Chuyến tham quan nhiều ngày",Ninh Binh,https://www.tripadvisor.com.vn/Attraction_Review-g303945-d34687888-Reviews-HANA_TRVAEL-Ninh_Binh_Ninh_Binh_Province.html,339,tripadvisor_vn
Culture Adventure Travel,Chuyến tham quan nhiều ngày • Chuyến tham quan văn hóa,Ninh Binh,https://www.tripadvisor.com.vn/Attraction_Review-g303945-d34656216-Reviews-Culture_Adventure_Travel-Ninh_Binh_Ninh_Binh_Province.html,340,tripadvisor_vn
Ninh Binh with TrevoTour Travels,Chuyến tham quan cảm giác mạnh & mạo hiểm • Taxi & xe đưa đón,Ninh Binh,https://www.tripadvisor.com.vn/Attraction_Review-g303945-d34519692-Reviews-Ninh_Binh_with_TrevoTour_Travels-Ninh_Binh_Ninh_Binh_Province.html,341,tripadvisor_vn
Vietnam Grouptour,Chuyến tham quan lịch sử & di sản,Ninh Binh,https://www.tripadvisor.com.vn/Attraction_Review-g303945-d27116531-Reviews-Vietnam_Grouptour-Ninh_Binh_Ninh_Binh_Province.html,342,tripadvisor_vn
My Lai Massacre Museum,Viện bảo tàng lịch sử,Quang Ngai,https://www.tripadvisor.com.vn/Attraction_Review-g651661-d2095404-Reviews-My_Lai_Massacre_Museum-Quang_Ngai_Quang_Ngai_Province.html,1,tripadvisor_vn
Di Tích Sơn Mỹ - Thảm Sát Mỹ Lai,Địa điểm lịch sử • Điểm thu hút khách tham quan & thắng cảnh,Quang Ngai,https://www.tripadvisor.com.vn/Attraction_Review-g651661-d12151603-Reviews-My_Lai_Massacre_Son_My_Memorial-Quang_Ngai_Quang_Ngai_Province.html,2,tripadvisor_vn
Sa Huynh Beach,Bãi biển,Quang Ngai,https://www.tripadvisor.com.vn/Attraction_Review-g651661-d11435841-Reviews-Sa_Huynh_Beach-Quang_Ngai_Quang_Ngai_Province.html,3,tripadvisor_vn
Chùa Thiên Ấn,Địa điểm tôn giáo,Quang Ngai,https://www.tripadvisor.com.vn/Attraction_Review-g651661-d19354594-Reviews-Thien_An_Pagoda-Quang_Ngai_Quang_Ngai_Province.html,4,tripadvisor_vn
Kathedrale,Địa điểm tôn giáo,Quang Ngai,https://www.tripadvisor.com.vn/Attraction_Review-g651661-d33214396-Reviews-Kathedrale-Quang_Ngai_Quang_Ngai_Province.html,5,tripadvisor_vn
Markt,Cửa hàng bách hóa,Quang Ngai,https://www.tripadvisor.com.vn/Attraction_Review-g651661-d33161402-Reviews-Markt-Quang_Ngai_Quang_Ngai_Province.html,6,tripadvisor_vn
Nhà Thờ Quang Ngai,Tòa nhà kiến trúc • Địa điểm tôn giáo,Quang Ngai,https://www.tripadvisor.com.vn/Attraction_Review-g651661-d33190582-Reviews-Nha_Th_Quang_Ngai-Quang_Ngai_Quang_Ngai_Province.html,7,tripadvisor_vn
Thuê Xe Máy Quảng Ngãi,Cho thuê tiện ích,Quang Ngai,https://www.tripadvisor.com.vn/Attraction_Review-g651661-d15141959-Reviews-Thue_Xe_May_Quangngai-Quang_Ngai_Quang_Ngai_Province.html,8,tripadvisor_vn
cửa hàng cho thuê xe máy quảng ngãi . xuân hậu,Cho thuê tiện ích • Chuyến tham quan tự hướng dẫn & cho thuê,Quang Ngai,https://www.tripadvisor.com.vn/Attraction_Review-g651661-d25549955-Reviews-C_a_hang_cho_thue_xe_may_qu_ng_ngai_xuan_h_u-Quang_Ngai_Quang_Ngai_Province.html,9,tripadvisor_vn
Thác Mờ Nanh - Quảng Ngãi,Điểm thu hút khách tham quan & thắng cảnh • Chuyến tham quan leo núi,Quang Ngai,https://www.tripadvisor.com.vn/Attraction_Review-g651661-d33311925-Reviews-Thac_M_Nanh_Qu_ng_Ngai-Quang_Ngai_Quang_Ngai_Province.html,10,tripadvisor_vn
My Lai Massacre Tours,Chuyến tham quan nhiều ngày • Chuyến tham quan lịch sử & di sản,Quang Ngai,https://www.tripadvisor.com.vn/Attraction_Review-g651661-d26768175-Reviews-My_Lai_Massacre_Tours-Quang_Ngai_Quang_Ngai_Province.html,11,tripadvisor_vn
Thành cổ Quảng Ngãi,Trò chơi giải thoát • Xưởng vẽ & làm đồ gốm,Quang Ngai,https://www.tripadvisor.com.vn/Attraction_Review-g651661-d21404057-Reviews-Thanh_c_Qu_ng_Ngai-Quang_Ngai_Quang_Ngai_Province.html,12,tripadvisor_vn
Ly Son Travel Guide,Chuyến tham quan bằng thuyền • Chuyến tham quan ban đêm,Quang Ngai,https://www.tripadvisor.com.vn/Attraction_Review-g651661-d16881016-Reviews-Ly_Son_Travel_Guide-Quang_Ngai_Quang_Ngai_Province.html,13,tripadvisor_vn
Da Nang & Hoi An Photography & Videography,Chuyến tham quan chụp ảnh,Quang Ngai,https://www.tripadvisor.com.vn/Attraction_Review-g651661-d23924409-Reviews-Da_Nang_Hoi_An_Photography_Videography-Quang_Ngai_Quang_Ngai_Province.html,14,tripadvisor_vn
Quang Ngai Private Transfers,Nếm bia & tham quan • Lớp nấu ăn,Quang Ngai,https://www.tripadvisor.com.vn/Attraction_Review-g651661-d26823035-Reviews-Quang_Ngai_Private_Transfers-Quang_Ngai_Quang_Ngai_Province.html,15,tripadvisor_vn
"DWU- Your transfer, Your tours in Langco, Danang, Hue, Nha Trang, Hanoi vs Ha Long",Chuyến tham quan tư nhân • Chuyến tham quan ẩm thực,Quang Ngai,https://www.tripadvisor.com.vn/Attraction_Review-g651661-d17171757-Reviews-DWU_Your_transfer_Your_tours_in_Langco_Danang_Hue_Nha_Trang_Hanoi_vs_Ha_Long-Qua.html,16,tripadvisor_vn
QuangNgai Motorbike Tours,Chuyến tham quan nhiều ngày • Taxi & xe đưa đón,Quang Ngai,https://www.tripadvisor.com.vn/Attraction_Review-g651661-d20156906-Reviews-QuangNgai_Motorbike_Tours-Quang_Ngai_Quang_Ngai_Province.html,17,tripadvisor_vn
Scenicaholic Travel,Lớp nấu ăn • Chuyến tham quan tư nhân,Quang Ngai,https://www.tripadvisor.com.vn/Attraction_Review-g651661-d34587239-Reviews-Scenicaholic_Travel-Quang_Ngai_Quang_Ngai_Province.html,18,tripadvisor_vn
Thành cổ Quảng Trị,Chiến trường,Quang Tri,https://www.tripadvisor.com.vn/Attraction_Review-g15333410-d8540396-Reviews-Quang_Tri_Citadel-Quang_Tri_Quang_Tri_Province.html,1,tripadvisor_vn
Phong Nha Caves Exploration Museum,Viện bảo tàng lịch sử tự nhiên • Viện bảo tàng khoa học,Quang Tri,https://www.tripadvisor.com.vn/Attraction_Review-g15333410-d34512776-Reviews-Phong_Nha_Caves_Exploration_Museum-Quang_Tri_Quang_Tri_Province.html,2,tripadvisor_vn
Trường Bồ Đề,Địa điểm lịch sử,Quang Tri,https://www.tripadvisor.com.vn/Attraction_Review-g15333410-d13293692-Reviews-Bodhi_School-Quang_Tri_Quang_Tri_Province.html,3,tripadvisor_vn
Regal Beach Club,Bãi biển • Bữa tiệc,Quang Tri,https://www.tripadvisor.com.vn/Attraction_Review-g15333410-d34599084-Reviews-Regal_Beach_Club-Quang_Tri_Quang_Tri_Province.html,4,tripadvisor_vn
Mia's Private Gym Phong Nha,Câu lạc bộ sức khỏe,Quang Tri,https://www.tripadvisor.com.vn/Attraction_Review-g15333410-d34286440-Reviews-Mia_s_Private_Gym_Phong_Nha-Quang_Tri_Quang_Tri_Province.html,5,tripadvisor_vn
Commander Cave - Hang Chỉ Huy,Chuyến tham quan lịch sử & di sản,Quang Tri,https://www.tripadvisor.com.vn/Attraction_Review-g15333410-d33316516-Reviews-Commander_Cave_Hang_Ch_Huy-Quang_Tri_Quang_Tri_Province.html,6,tripadvisor_vn
Arem adventure,Chuyến tham quan nhiều ngày • Chuyến tham quan cảm giác mạnh & mạo hiểm,Quang Tri,https://www.tripadvisor.com.vn/Attraction_Review-g15333410-d34480886-Reviews-Arem_adventure-Quang_Tri_Quang_Tri_Province.html,7,tripadvisor_vn
Mỏm Tà Xùa,Núi • Điểm thu hút khách tham quan & thắng cảnh,Son La,https://www.tripadvisor.com.vn/Attraction_Review-g1490567-d11893991-Reviews-Ta_Xua_Peak-Son_La_Son_La_Province.html,1,tripadvisor_vn
Nhà Tù Sơn La,Địa điểm lịch sử,Son La,https://www.tripadvisor.com.vn/Attraction_Review-g1490567-d17288297-Reviews-Son_La_Prison-Son_La_Son_La_Province.html,2,tripadvisor_vn
Moc Chau Island,Công viên,Son La,https://www.tripadvisor.com.vn/Attraction_Review-g1490567-d25203917-Reviews-Moc_Chau_Island-Son_La_Son_La_Province.html,3,tripadvisor_vn
Hung Quoc Pagoda,Địa điểm tôn giáo,Son La,https://www.tripadvisor.com.vn/Attraction_Review-g1490567-d24145532-Reviews-Hung_Quoc_Pagoda-Son_La_Son_La_Province.html,4,tripadvisor_vn
Miền Ban Trắng,Cửa hàng đặc sản & cửa hàng quà tặng,Son La,https://www.tripadvisor.com.vn/Attraction_Review-g1490567-d11799326-Reviews-Mien_Ban_Trang-Son_La_Son_La_Province.html,5,tripadvisor_vn
Cao Dai Temple,Địa điểm tôn giáo,Tay Ninh,https://www.tripadvisor.com.vn/Attraction_Review-g298084-d550717-Reviews-Cao_Dai_Temple-Tay_Ninh_Tay_Ninh_Province.html,1,tripadvisor_vn
Black Virgin Mountain,Núi,Tay Ninh,https://www.tripadvisor.com.vn/Attraction_Review-g298084-d2494718-Reviews-Black_Virgin_Mountain-Tay_Ninh_Tay_Ninh_Province.html,2,tripadvisor_vn
Lady Buddha Statue,Địa điểm tôn giáo,Tay Ninh,https://www.tripadvisor.com.vn/Attraction_Review-g298084-d32715877-Reviews-Lady_Buddha_Statue-Tay_Ninh_Tay_Ninh_Province.html,3,tripadvisor_vn
Long Điền Sơn,Công viên giải trí & công viên chủ đề • Công viên nước,Tay Ninh,https://www.tripadvisor.com.vn/Attraction_Review-g298084-d8290107-Reviews-Long_Dien_Son-Tay_Ninh_Tay_Ninh_Province.html,4,tripadvisor_vn
Hang Pagoda,Địa điểm tôn giáo,Tay Ninh,https://www.tripadvisor.com.vn/Attraction_Review-g298084-d32714767-Reviews-Hang_Pagoda-Tay_Ninh_Tay_Ninh_Province.html,5,tripadvisor_vn
Power Pole Trail,Đường đi bộ,Tay Ninh,https://www.tripadvisor.com.vn/Attraction_Review-g298084-d32730488-Reviews-Power_Pole_Trail-Tay_Ninh_Tay_Ninh_Province.html,6,tripadvisor_vn
Sun World Black Virgin Mountain,Núi • Địa điểm tôn giáo,Tay Ninh,https://www.tripadvisor.com.vn/Attraction_Review-g298084-d32714832-Reviews-Sun_World_Black_Virgin_Mountain-Tay_Ninh_Tay_Ninh_Province.html,7,tripadvisor_vn
Boi Loi Trail,Đường đi bộ,Tay Ninh,https://www.tripadvisor.com.vn/Attraction_Review-g298084-d32715931-Reviews-Boi_Loi_Trail-Tay_Ninh_Tay_Ninh_Province.html,8,tripadvisor_vn
Vườn Quốc Gia Lò Gò-Xa Mát,Công viên quốc gia,Tay Ninh,https://www.tripadvisor.com.vn/Attraction_Review-g298084-d12268836-Reviews-Lo_Go_Xa_Mat_National_Park-Tay_Ninh_Tay_Ninh_Province.html,9,tripadvisor_vn
Buddha Nirvana Black Virgin Mountain,Địa điểm tôn giáo,Tay Ninh,https://www.tripadvisor.com.vn/Attraction_Review-g298084-d32715915-Reviews-Buddha_Nirvana_Black_Virgin_Mountain-Tay_Ninh_Tay_Ninh_Province.html,10,tripadvisor_vn
Tha La Xom Dao,Điểm thu hút khách tham quan & thắng cảnh,Tay Ninh,https://www.tripadvisor.com.vn/Attraction_Review-g298084-d4945616-Reviews-Tha_La_Xom_Dao-Tay_Ninh_Tay_Ninh_Province.html,11,tripadvisor_vn
Caodaism's Holy Land,Địa điểm tôn giáo,Tay Ninh,https://www.tripadvisor.com.vn/Attraction_Review-g298084-d26169191-Reviews-Caodaism_s_Holy_Land-Tay_Ninh_Tay_Ninh_Province.html,12,tripadvisor_vn
Taxi Mộc Bài,Taxi & xe đưa đón,Tay Ninh,https://www.tripadvisor.com.vn/Attraction_Review-g298084-d32882014-Reviews-Taxi_Moc_Bai-Tay_Ninh_Tay_Ninh_Province.html,13,tripadvisor_vn
Spa massage Miền Nhiệt Đới,Spa,Tay Ninh,https://www.tripadvisor.com.vn/Attraction_Review-g298084-d6433895-Reviews-Spa_massage_Mi_n_Nhi_t_D_i-Tay_Ninh_Tay_Ninh_Province.html,14,tripadvisor_vn
Taxi Trảng Bàng Tây Ninh,Taxi & xe đưa đón,Tay Ninh,https://www.tripadvisor.com.vn/Attraction_Review-g298084-d27194531-Reviews-Taxi_Tr_ng_Bang_Tay_Ninh-Tay_Ninh_Tay_Ninh_Province.html,15,tripadvisor_vn
Khách sạn Sunrise Spa,Spa,Tay Ninh,https://www.tripadvisor.com.vn/Attraction_Review-g298084-d13397205-Reviews-Khach_s_n_Sunrise_Spa-Tay_Ninh_Tay_Ninh_Province.html,16,tripadvisor_vn
Núi Bà Đen Tây Ninh,Chuyến tham quan leo núi,Tay Ninh,https://www.tripadvisor.com.vn/Attraction_Review-g298084-d25434521-Reviews-Nui_Ba_Den_Tay_Ninh-Tay_Ninh_Tay_Ninh_Province.html,17,tripadvisor_vn
GlobalTix Pte Ltd,Tour thăm quan thành phố,Tay Ninh,https://www.tripadvisor.com.vn/Attraction_Review-g298084-d33311417-Reviews-GlobalTix_Pte_Ltd-Tay_Ninh_Tay_Ninh_Province.html,19,tripadvisor_vn
Cu Chi Tunnels,Chuyến tham quan cảm giác mạnh & mạo hiểm • Chuyến tham quan lịch sử & di sản,Tay Ninh,https://www.tripadvisor.com.vn/Attraction_Review-g298084-d20139060-Reviews-Cu_Chi_Tunnels-Tay_Ninh_Tay_Ninh_Province.html,20,tripadvisor_vn
Tây Ninh Discovery,Chuyến tham quan nhiều ngày • Chuyến tham quan vượt hẻm núi & tuột núi,Tay Ninh,https://www.tripadvisor.com.vn/Attraction_Review-g298084-d25053368-Reviews-Tay_Ninh_Discovery-Tay_Ninh_Tay_Ninh_Province.html,21,tripadvisor_vn
Tay Ninh with Trevotour Travels,Chuyến tham quan cảm giác mạnh & mạo hiểm • Taxi & xe đưa đón,Tay Ninh,https://www.tripadvisor.com.vn/Attraction_Review-g298084-d33349198-Reviews-Tay_Ninh_with_Trevotour_Travels-Tay_Ninh_Tay_Ninh_Province.html,22,tripadvisor_vn
FawSha Vietnam,Taxi & xe đưa đón • Chuyến đi trong ngày,Tay Ninh,https://www.tripadvisor.com.vn/Attraction_Review-g298084-d32992493-Reviews-FawSha_Vietnam-Tay_Ninh_Tay_Ninh_Province.html,23,tripadvisor_vn
Opatrip.com Tay Ninh,Chuyến đi trong ngày,Tay Ninh,https://www.tripadvisor.com.vn/Attraction_Review-g298084-d25392286-Reviews-Opatrip_com_Tay_Ninh-Tay_Ninh_Tay_Ninh_Province.html,24,tripadvisor_vn
Bảo tàng Văn hóa các Dân tộc Việt Nam,Viện bảo tàng chuyên ngành • Viện bảo tàng lịch sử tự nhiên,Thai Nguyen,https://www.tripadvisor.com.vn/Attraction_Review-g1753936-d8445597-Reviews-Museum_of_Cultures_of_Vietnam_s_Ethnic_Groups-Thai_Nguyen_Thai_Nguyen_Province.html,1,tripadvisor_vn
Nui Coc Lake,Vùng nước,Thai Nguyen,https://www.tripadvisor.com.vn/Attraction_Review-g1753936-d1751998-Reviews-Nui_Coc_Lake-Thai_Nguyen_Thai_Nguyen_Province.html,2,tripadvisor_vn
Quảng Trường Võ Nguyên Giáp,Điểm thu hút khách tham quan & thắng cảnh,Thai Nguyen,https://www.tripadvisor.com.vn/Attraction_Review-g1753936-d12496219-Reviews-Vo_Nguyen_Giap_Square-Thai_Nguyen_Thai_Nguyen_Province.html,3,tripadvisor_vn
Thác Cửa Tử,Hình thái địa chất,Thai Nguyen,https://www.tripadvisor.com.vn/Attraction_Review-g1753936-d12409668-Reviews-Cua_Tu_Waterfall-Thai_Nguyen_Thai_Nguyen_Province.html,4,tripadvisor_vn
"Hang Phượng Hoàng, Suối Mỏ Gà",Hình thái địa chất,Thai Nguyen,https://www.tripadvisor.com.vn/Attraction_Review-g1753936-d12409692-Reviews-Phuong_Hoang_Cave_and_Mo_Ga_Stream-Thai_Nguyen_Thai_Nguyen_Province.html,5,tripadvisor_vn
Suối Đá Cổng,Công viên quốc gia • Đường đi bộ,Thai Nguyen,https://www.tripadvisor.com.vn/Attraction_Review-g1753936-d28002527-Reviews-Su_i_Da_C_ng-Thai_Nguyen_Thai_Nguyen_Province.html,6,tripadvisor_vn
Không Gian Văn Hóa Trà Tân Cương,Điểm thu hút khách tham quan & thắng cảnh,Thai Nguyen,https://www.tripadvisor.com.vn/Attraction_Review-g1753936-d12530048-Reviews-Tan_Cuong_Tea_Cultural_Center-Thai_Nguyen_Thai_Nguyen_Province.html,7,tripadvisor_vn
Thác Ngao,Thác nước,Thai Nguyen,https://www.tripadvisor.com.vn/Attraction_Review-g1753936-d28002555-Reviews-Thac_Ngao-Thai_Nguyen_Thai_Nguyen_Province.html,8,tripadvisor_vn
Thác Chiểm,Công viên quốc gia • Đường đi bộ,Thai Nguyen,https://www.tripadvisor.com.vn/Attraction_Review-g1753936-d28002524-Reviews-Thac_Chi_m-Thai_Nguyen_Thai_Nguyen_Province.html,9,tripadvisor_vn
Khu Di Tích Lịch Sử - Sinh Thái ATK Định Hóa Thái Nguyên,Điểm thu hút khách tham quan & thắng cảnh • Khu vực đi dạo tham quan di tích lịch sử,Thai Nguyen,https://www.tripadvisor.com.vn/Attraction_Review-g1753936-d12496284-Reviews-Special_National_Site_Safety_Zone_ATK_Dinh_Hoa_Thai_Nguyen-Thai_Nguyen_Thai_Ngu.html,10,tripadvisor_vn
Chùa Phù Liễn,Địa điểm tôn giáo,Thai Nguyen,https://www.tripadvisor.com.vn/Attraction_Review-g1753936-d19255177-Reviews-Chua_Phu_Lien-Thai_Nguyen_Thai_Nguyen_Province.html,11,tripadvisor_vn
Hồ Gò Miếu,Vùng nước,Thai Nguyen,https://www.tripadvisor.com.vn/Attraction_Review-g1753936-d28002521-Reviews-H_Go_Mi_u-Thai_Nguyen_Thai_Nguyen_Province.html,12,tripadvisor_vn
TeaTour Travel,Chuyến tham quan cà phê & trà • Chuyến tham quan ngắm cảnh,Thai Nguyen,https://www.tripadvisor.com.vn/Attraction_Review-g1753936-d15527439-Reviews-TeaTour_Travel-Thai_Nguyen_Thai_Nguyen_Province.html,13,tripadvisor_vn
Bản Làng Thái Hải,Chuyến tham quan văn hóa • Chuyến tham quan sinh thái,Thai Nguyen,https://www.tripadvisor.com.vn/Attraction_Review-g1753936-d8591272-Reviews-Thai_Hai_Village-Thai_Nguyen_Thai_Nguyen_Province.html,14,tripadvisor_vn
Chè Hảo Đạt - Tân Cương,Cửa hàng đặc sản & cửa hàng quà tặng,Thai Nguyen,https://www.tripadvisor.com.vn/Attraction_Review-g1753936-d12574919-Reviews-Che_Hao_Dat_Tan_Cuong-Thai_Nguyen_Thai_Nguyen_Province.html,15,tripadvisor_vn
Thai Nguyen Adventure,Chuyến tham quan vượt hẻm núi & tuột núi • Chuyến tham quan cảm giác mạnh & mạo hiểm,Thai Nguyen,https://www.tripadvisor.com.vn/Attraction_Review-g1753936-d27999326-Reviews-Thai_Nguyen_Adventure-Thai_Nguyen_Thai_Nguyen_Province.html,16,tripadvisor_vn
Thác Động Tiên,Chuyến tham quan vượt hẻm núi & tuột núi,Thai Nguyen,https://www.tripadvisor.com.vn/Attraction_Review-g1753936-d28002517-Reviews-Thac_D_ng_Tien-Thai_Nguyen_Thai_Nguyen_Province.html,17,tripadvisor_vn
Imusnano Shop,"Chuyến tham quan quán bar, câu lạc bộ & quán rượu",Thai Nguyen,https://www.tripadvisor.com.vn/Attraction_Review-g1753936-d20949864-Reviews-Imusnano_Shop-Thai_Nguyen_Thai_Nguyen_Province.html,18,tripadvisor_vn
Motorbike Tour with Nam My Van Homestay,Chuyến tham quan nhiều ngày • Chuyến tham quan cà phê & trà,Thai Nguyen,https://www.tripadvisor.com.vn/Attraction_Review-g1753936-d27107313-Reviews-Motorbike_Tour_with_Nam_My_Van_Homestay-Thai_Nguyen_Thai_Nguyen_Province.html,20,tripadvisor_vn
Tien Yen Tour,Xưởng vẽ & làm đồ gốm • Chuyến tham quan văn hóa,Thai Nguyen,https://www.tripadvisor.com.vn/Attraction_Review-g1753936-d34047293-Reviews-Tien_Yen_Tour-Thai_Nguyen_Thai_Nguyen_Province.html,21,tripadvisor_vn
Na Hang,Bến du thuyền,Tuyen Quang,https://www.tripadvisor.com.vn/Attraction_Review-g1147552-d27866304-Reviews-Na_Hang-Tuyen_Quang_Tuyen_Quang_Province.html,1,tripadvisor_vn
Hồ Thủy Điện Na Hang,Vùng nước,Tuyen Quang,https://www.tripadvisor.com.vn/Attraction_Review-g1147552-d27880298-Reviews-H_Th_y_Di_n_Na_Hang-Tuyen_Quang_Tuyen_Quang_Province.html,2,tripadvisor_vn
Stone Hell Tattoo - Local Art & Beer,Cửa hàng đặc sản & cửa hàng quà tặng,Tuyen Quang,https://www.tripadvisor.com.vn/Attraction_Review-g1147552-d34604354-Reviews-Stone_Hell_Tattoo_Local_Art_Beer-Tuyen_Quang_Tuyen_Quang_Province.html,3,tripadvisor_vn
Hagiangtoptravel ( hagiangloop),Taxi & xe đưa đón • Chuyến tham quan bằng mô tô,Tuyen Quang,https://www.tripadvisor.com.vn/Attraction_Review-g1147552-d34306155-Reviews-Ha_Giang_Top_Travel-Tuyen_Quang_Tuyen_Quang_Province.html,4,tripadvisor_vn
Loopways.vn,Chuyến tham quan bằng xe đạp,Tuyen Quang,https://www.tripadvisor.com.vn/Attraction_Review-g1147552-d34650620-Reviews-Loopways_vn-Tuyen_Quang_Tuyen_Quang_Province.html,5,tripadvisor_vn
Ha Giang By Jeep,"Chuyến tham quan nhiều ngày • Chuyến tham quan bằng xe 4WD, ATV & xe địa hình",Tuyen Quang,https://www.tripadvisor.com.vn/Attraction_Review-g1147552-d34170048-Reviews-Ha_Giang_By_Jeep-Tuyen_Quang_Tuyen_Quang_Province.html,6,tripadvisor_vn
HaGiangOiTour,Chuyến tham quan nhiều ngày • Chuyến tham quan vượt hẻm núi & tuột núi,Tuyen Quang,https://www.tripadvisor.com.vn/Attraction_Review-g1147552-d34094480-Reviews-HaGiangOiTour-Tuyen_Quang_Tuyen_Quang_Province.html,7,tripadvisor_vn
Ha Giang Loop Untamed,Chuyến tham quan bằng mô tô,Tuyen Quang,https://www.tripadvisor.com.vn/Attraction_Review-g1147552-d33881093-Reviews-Ha_Giang_Loop_Untamed-Tuyen_Quang_Tuyen_Quang_Province.html,8,tripadvisor_vn
HagiangTrips,Tour thăm quan thành phố • Chuyến tham quan tư nhân,Tuyen Quang,https://www.tripadvisor.com.vn/Attraction_Review-g1147552-d34119377-Reviews-HagiangTrips-Tuyen_Quang_Tuyen_Quang_Province.html,9,tripadvisor_vn
Ha Giang Highlanders Adventures,Chuyến tham quan nhiều ngày • Chuyến tham quan đi bộ & cắm trại,Tuyen Quang,https://www.tripadvisor.com.vn/Attraction_Review-g1147552-d34055642-Reviews-Ha_Giang_Highlanders_Adventures-Tuyen_Quang_Tuyen_Quang_Province.html,10,tripadvisor_vn
Ha Giang Loop Hostel & Tour,Chuyến tham quan nhiều ngày • Chuyến tham quan bằng mô tô,Tuyen Quang,https://www.tripadvisor.com.vn/Attraction_Review-g1147552-d34601628-Reviews-Ha_Giang_Loop_Hostel_Tour-Tuyen_Quang_Tuyen_Quang_Province.html,11,tripadvisor_vn
Melody Ha Giang Loop,Chuyến tham quan nhiều ngày • Chuyến tham quan vượt hẻm núi & tuột núi,Tuyen Quang,https://www.tripadvisor.com.vn/Attraction_Review-g1147552-d34650248-Reviews-Melody_Ha_Giang_Loop-Tuyen_Quang_Tuyen_Quang_Province.html,12,tripadvisor_vn
Tuna Ha Giang Loop Tour with Local Guide,Chuyến tham quan nhiều ngày • Chuyến tham quan cảm giác mạnh & mạo hiểm,Tuyen Quang,https://www.tripadvisor.com.vn/Attraction_Review-g1147552-d34480688-Reviews-Tuna_Ha_Giang_Loop_Tour_with_Local_Guide-Tuyen_Quang_Tuyen_Quang_Province.html,13,tripadvisor_vn
Ast Ha Giang Loop Tour,Chuyến tham quan bằng thuyền • Chuyến tham quan bằng mô tô,Tuyen Quang,https://www.tripadvisor.com.vn/Attraction_Review-g1147552-d34666798-Reviews-Ast_Ha_Giang_Loop_Tour-Tuyen_Quang_Tuyen_Quang_Province.html,14,tripadvisor_vn
Viet Artisans,Điểm thu hút khách tham quan & thắng cảnh,Vinh Long,https://www.tripadvisor.com.vn/Attraction_Review-g469421-d4795489-Reviews-Viet_Artisans-Vinh_Long_Vinh_Long_Province_Mekong_Delta.html,1,tripadvisor_vn
Chợ Vĩnh Long,Chợ trời & chợ đường phố,Vinh Long,https://www.tripadvisor.com.vn/Attraction_Review-g469421-d17595567-Reviews-Vinh_Long_Market-Vinh_Long_Vinh_Long_Province_Mekong_Delta.html,2,tripadvisor_vn
Giáo xứ Long Mỹ,Nhà thờ & nhà thờ lớn,Vinh Long,https://www.tripadvisor.com.vn/Attraction_Review-g469421-d33875409-Reviews-Giao_x_Long_M-Vinh_Long_Vinh_Long_Province_Mekong_Delta.html,3,tripadvisor_vn
Vinh Long Provincial Museum,Viện bảo tàng quân đội • Viện bảo tàng lịch sử,Vinh Long,https://www.tripadvisor.com.vn/Attraction_Review-g469421-d19546700-Reviews-Vinh_Long_Provincial_Museum-Vinh_Long_Vinh_Long_Province_Mekong_Delta.html,4,tripadvisor_vn
Chợ Đêm Vĩnh Long,Chợ trời & chợ đường phố,Vinh Long,https://www.tripadvisor.com.vn/Attraction_Review-g469421-d15354761-Reviews-Vinh_Long_Night_Market-Vinh_Long_Vinh_Long_Province_Mekong_Delta.html,5,tripadvisor_vn
Phà An Bình,Phà,Vinh Long,https://www.tripadvisor.com.vn/Attraction_Review-g469421-d19546705-Reviews-An_Binh_Ferry-Vinh_Long_Vinh_Long_Province_Mekong_Delta.html,6,tripadvisor_vn
Đền Nàng Bình Khương,Địa điểm lịch sử • Di tích cổ,Vinh Long,https://www.tripadvisor.com.vn/Attraction_Review-g469421-d20943986-Reviews-Binh_Khuong_Temple-Vinh_Long_Vinh_Long_Province_Mekong_Delta.html,7,tripadvisor_vn
Taxi Mai Linh Vĩnh Long,Bến du thuyền,Vinh Long,https://www.tripadvisor.com.vn/Attraction_Review-g469421-d33254820-Reviews-Taxi_Mai_Linh_Vinh_Long-Vinh_Long_Vinh_Long_Province_Mekong_Delta.html,8,tripadvisor_vn
Taxi Giá Rẻ @387-50-40-30,Công viên,Vinh Long,https://www.tripadvisor.com.vn/Attraction_Review-g469421-d33253670-Reviews-Taxi_Gia_R_387_50_40_30-Vinh_Long_Vinh_Long_Province_Mekong_Delta.html,9,tripadvisor_vn
Tombeau de M. Ham Huynh Ki,Địa điểm lịch sử • Điểm thu hút khách tham quan & thắng cảnh,Vinh Long,https://www.tripadvisor.com.vn/Attraction_Review-g469421-d34123791-Reviews-Tombeau_de_M_Ham_Huynh_Ki-Vinh_Long_Vinh_Long_Province_Mekong_Delta.html,10,tripadvisor_vn
Zen Spa & Traditional Herbal Massage,Cửa hàng đặc sản & cửa hàng quà tặng • Spa,Vinh Long,https://www.tripadvisor.com.vn/Attraction_Review-g469421-d19385943-Reviews-Zen_Spa_Traditional_Herbal_Massage-Vinh_Long_Vinh_Long_Province_Mekong_Delta.html,11,tripadvisor_vn
Taxi Vĩnh Long,Taxi & xe đưa đón,Vinh Long,https://www.tripadvisor.com.vn/Attraction_Review-g469421-d28117239-Reviews-Taxi_Vinh_Long-Vinh_Long_Vinh_Long_Province_Mekong_Delta.html,12,tripadvisor_vn
Massage Nhà,Spa,Vinh Long,https://www.tripadvisor.com.vn/Attraction_Review-g469421-d33084191-Reviews-Massage_Nha-Vinh_Long_Vinh_Long_Province_Mekong_Delta.html,13,tripadvisor_vn
Coop Mart Vinh Long,Phòng chờ sân bay,Vinh Long,https://www.tripadvisor.com.vn/Attraction_Review-g469421-d25188324-Reviews-Coop_Mart_Vinh_Long-Vinh_Long_Vinh_Long_Province_Mekong_Delta.html,14,tripadvisor_vn
VINH LONG TOURIST,Chuyến tham quan nhiều ngày • Chuyến tham quan bằng thuyền,Vinh Long,https://www.tripadvisor.com.vn/Attraction_Review-g469421-d17610756-Reviews-VINH_LONG_TOURIST-Vinh_Long_Vinh_Long_Province_Mekong_Delta.html,15,tripadvisor_vn
Nha Dua Cocohome,Chuyến tham quan ẩm thực,Vinh Long,https://www.tripadvisor.com.vn/Attraction_Review-g469421-d34098089-Reviews-Nha_Dua_Cocohome-Vinh_Long_Vinh_Long_Province_Mekong_Delta.html,16,tripadvisor_vn
Huynh Kim Uyen,Chuyến tham quan bằng xe đạp • Chuyến tham quan bằng thuyền,Vinh Long,https://www.tripadvisor.com.vn/Attraction_Review-g469421-d17542534-Reviews-Huynh_Kim_Uyen-Vinh_Long_Vinh_Long_Province_Mekong_Delta.html,17,tripadvisor_vn
Nguyen Thi Hong Lam,Chuyến tham quan bằng xe đạp • Chuyến tham quan ẩm thực,Vinh Long,https://www.tripadvisor.com.vn/Attraction_Review-g469421-d17583013-Reviews-Nguyen_Thi_Hong_Lam-Vinh_Long_Vinh_Long_Province_Mekong_Delta.html,18,tripadvisor_vn
CoCo5 Traditional Distillery & Rice Paper Workshop,Chuyến tham quan sinh thái • Chuyến tham quan ẩm thực,Vinh Long,https://www.tripadvisor.com.vn/Attraction_Review-g469421-d34549504-Reviews-CoCo5_Traditional_Distillery_Rice_Paper_Workshop-Vinh_Long_Vinh_Long_Province_Me.html,19,tripadvisor_vn
Giro Asia Travel,Tour thăm quan thành phố • Chuyến tham quan nhiều ngày,Vinh Long,https://www.tripadvisor.com.vn/Attraction_Review-g469421-d34395375-Reviews-Giro_Asia_Travel-Vinh_Long_Vinh_Long_Province_Mekong_Delta.html,20,tripadvisor_vn
