name,entity_type,province,source_url,rank
The Marble Mountains,Mountains • Points of Interest & Landmarks,Da Nang,https://www.tripadvisor.com/Attraction_Review-g298085-d454980-Reviews-The_Marble_Mountains-Da_Nang.html,1
Ba Na Hills SunWorld,Amusement & Theme Parks,Da Nang,https://www.tripadvisor.com/Attraction_Review-g298085-d2255351-Reviews-Ba_Na_Hills_SunWorld-Da_Nang.html,2
Lady Buddha,Points of Interest & Landmarks,Da Nang,https://www.tripadvisor.com/Attraction_Review-g298085-d5531576-Reviews-Lady_Buddha-Da_Nang.html,3
Dragon Bridge,Points of Interest & Landmarks • Bridges,Da Nang,https://www.tripadvisor.com/Attraction_Review-g298085-d6612108-Reviews-Dragon_Bridge-Da_Nang.html,4
My Khe Beach,Beaches,Da Nang,https://www.tripadvisor.com/Attraction_Review-g298085-d7687457-Reviews-My_Khe_Beach-Da_Nang.html,5
Golden Bridge,Points of Interest & Landmarks • Bridges,Da Nang,https://www.tripadvisor.com/Attraction_Review-g298085-d14991251-Reviews-Golden_Bridge-Da_Nang.html,6
Son Tra Mountain,Mountains,Da Nang,https://www.tripadvisor.com/Attraction_Review-g17786366-d7061760-Reviews-Son_Tra_Mountain-Son_Tra_Peninsula_Da_Nang.html,7
Linh Ung Pagoda,Points of Interest & Landmarks,Da Nang,https://www.tripadvisor.com/Attraction_Review-g17786366-d7118743-Reviews-Linh_Ung_Pagoda-Son_Tra_Peninsula_Da_Nang.html,8
Panda Spa & Massage In Danang City,SpSpas • Thermal as,Da Nang,https://www.tripadvisor.com/Attraction_Review-g298085-d17546936-Reviews-Panda_Spa_Massage_In_Danang_City-Da_Nang.html,9
Da Nang Museum of Cham Sculpture,Speciality Museums,Da Nang,https://www.tripadvisor.com/Attraction_Review-g298085-d454979-Reviews-Da_Nang_Museum_of_Cham_Sculpture-Da_Nang.html,10
Non Nuoc Beach,Beaches,Da Nang,https://www.tripadvisor.com/Attraction_Review-g298085-d456220-Reviews-Non_Nuoc_Beach-Da_Nang.html,11
Herbal Spa,Spas • Thermal Spas,Da Nang,https://www.tripadvisor.com/Attraction_Review-g298085-d11674427-Reviews-Herbal_Spa-Da_Nang.html,12
Sun World Ba Na Hills Cable Car,Trams,Da Nang,https://www.tripadvisor.com/Attraction_Review-g298085-d12912951-Reviews-Sun_World_Ba_Na_Hills_Cable_Car-Da_Nang.html,13
3D Museum Art in Paradise Danang,Art Museums,Da Nang,https://www.tripadvisor.com/Attraction_Review-g298085-d12639177-Reviews-3D_Museum_Art_in_Paradise_Danang-Da_Nang.html,14
RORA Spa Da Nang,Spas • Thermal Spas,Da Nang,https://www.tripadvisor.com/Attraction_Review-g298085-d26839299-Reviews-RORA_Spa_Da_Nang-Da_Nang.html,15
Asia Park,Amusement & Theme Parks,Da Nang,https://www.tripadvisor.com/Attraction_Review-g298085-d8291301-Reviews-Asia_Park-Da_Nang.html,16
Vincom Plaza,Shopping Malls,Da Nang,https://www.tripadvisor.com/Attraction_Review-g298085-d13358684-Reviews-Vincom_Plaza-Da_Nang.html,17
Lotte Mart,Shopping Malls,Da Nang,https://www.tripadvisor.com/Attraction_Review-g298085-d14086808-Reviews-Lotte_Mart-Da_Nang.html,18
Con Market,Flea & Street Markets,Da Nang,https://www.tripadvisor.com/Attraction_Review-g298085-d7396121-Reviews-Con_Market-Da_Nang.html,19
Vigift - Gift & Specialty Shop in Da Nang,Speciality & Gift Shops • Department Stores,Da Nang,https://www.tripadvisor.com/Attraction_Review-g17786366-d25074014-Reviews-Vigift_Gift_Specialty_Shop_in_Da_Nang-Son_Tra_Peninsula_Da_Nang.html,20
Khu Phố Du Lịch An Thượng,Flea & Street Markets,Da Nang,https://www.tripadvisor.com/Attraction_Review-g298085-d14086698-Reviews-Khu_Ph_Du_L_ch_An_Thu_ng-Da_Nang.html,21
Hot spring Park,Hot Springs & Geysers,Da Nang,https://www.tripadvisor.com/Attraction_Review-g298085-d13384709-Reviews-Hot_spring_Park-Da_Nang.html,22
Son Tra Night Market,Flea & Street Markets,Da Nang,https://www.tripadvisor.com/Attraction_Review-g17786366-d15852704-Reviews-Son_Tra_Night_Market-Son_Tra_Peninsula_Da_Nang.html,23
Silk Spa Da Nang,Spas • Thermal Spas,Da Nang,https://www.tripadvisor.com/Attraction_Review-g298085-d13084698-Reviews-Silk_Spa_Da_Nang-Da_Nang.html,24
Han River Bridge,Bridges,Da Nang,https://www.tripadvisor.com/Attraction_Review-g298085-d8090733-Reviews-Han_River_Bridge-Da_Nang.html,25
Bao Tang Da Nang - Da Nang Museum,Military Museums • History Museums,Da Nang,https://www.tripadvisor.com/Attraction_Review-g298085-d8400852-Reviews-Bao_Tang_Da_Nang_Da_Nang_Museum-Da_Nang.html,26
Luxury Herbal Spa,Spas • Thermal Spas,Da Nang,https://www.tripadvisor.com/Attraction_Review-g17786366-d16850751-Reviews-Luxury_Herbal_Spa-Son_Tra_Peninsula_Da_Nang.html,27
Da Nang Catheral,Churches & Cathedrals,Da Nang,https://www.tripadvisor.com/Attraction_Review-g298085-d12273530-Reviews-Da_Nang_Catheral-Da_Nang.html,28
Paws For Compassion,Nature & Wildlife Areas,Da Nang,https://www.tripadvisor.com/Attraction_Review-g298085-d24890779-Reviews-Paws_For_Compassion-Da_Nang.html,29
Bee Honey Spa,Spas • Thermal Spas,Da Nang,https://www.tripadvisor.com/Attraction_Review-g298085-d33275173-Reviews-Bee_Honey_Spa-Da_Nang.html,30
Hoa Nghiem Cave,Caverns & Caves,Da Nang,https://www.tripadvisor.com/Attraction_Review-g298085-d6963730-Reviews-Hoa_Nghiem_Cave-Da_Nang.html,31
Son Tra Beach,Beaches,Da Nang,https://www.tripadvisor.com/Attraction_Review-g298085-d28666215-Reviews-Son_Tra_Beach-Da_Nang.html,32
51 Spa - Massage,Thermal Spas,Da Nang,https://www.tripadvisor.com/Attraction_Review-g298085-d8630035-Reviews-51_Spa_Massage-Da_Nang.html,33
Ho Chi Minh and the Fifth Military Zone Museum,Military Museums,Da Nang,https://www.tripadvisor.com/Attraction_Review-g298085-d8647358-Reviews-Ho_Chi_Minh_and_the_Fifth_Military_Zone_Museum-Da_Nang.html,34
Babylon Spa,Spas • Thermal Spas,Da Nang,https://www.tripadvisor.com/Attraction_Review-g298085-d15746188-Reviews-Babylon_Spa-Da_Nang.html,35
Da Nang Fine Arts Museum,Art Museums,Da Nang,https://www.tripadvisor.com/Attraction_Review-g298085-d12179215-Reviews-Da_Nang_Fine_Arts_Museum-Da_Nang.html,36
Lstore,Shopping Malls,Da Nang,https://www.tripadvisor.com/Attraction_Review-g298085-d34400170-Reviews-Lstore-Da_Nang.html,37
Chợ Bắc Mỹ An,Flea & Street Markets • Farmers Markets,Da Nang,https://www.tripadvisor.com/Attraction_Review-g298085-d10187206-Reviews-Ch_B_c_M_An-Da_Nang.html,38
The Hangart Da Nang,Paint & Pottery Studios • Art Galleries,Da Nang,https://www.tripadvisor.com/Attraction_Review-g298085-d34297450-Reviews-The_Hangart_Da_Nang-Da_Nang.html,39
Sun Wheel,Observation Decks & Towers,Da Nang,https://www.tripadvisor.com/Attraction_Review-g298085-d7043562-Reviews-Sun_Wheel-Da_Nang.html,40
Trang Tailor,Shopping Malls,Da Nang,https://www.tripadvisor.com/Attraction_Review-g298085-d34084777-Reviews-Trang_Tailor-Da_Nang.html,41
Love Bridge Da Nang,Points of Interest & Landmarks • Piers & Boardwalks,Da Nang,https://www.tripadvisor.com/Attraction_Review-g17786366-d17807020-Reviews-Love_Bridge_Da_Nang-Son_Tra_Peninsula_Da_Nang.html,42
Dragon Market,Speciality & Gift Shops • Shopping Malls,Da Nang,https://www.tripadvisor.com/Attraction_Review-g25197573-d34100014-Reviews-Dragon_Market-An_Hai_Son_Tra_Peninsula_Da_Nang.html,43
Ban Co Peak,Lookouts,Da Nang,https://www.tripadvisor.com/Attraction_Review-g298085-d7022776-Reviews-Ban_Co_Peak-Da_Nang.html,44
Phuoc My Beach,Beaches,Da Nang,https://www.tripadvisor.com/Attraction_Review-g298085-d10798602-Reviews-Phuoc_My_Beach-Da_Nang.html,45
Queen Spa,Spas • Thermal Spas,Da Nang,https://www.tripadvisor.com/Attraction_Review-g298085-d8262778-Reviews-Queen_Spa-Da_Nang.html,46
Cong Vien Suoi Khoang Nong Nui Than Tai,Amusement & Theme Parks,Da Nang,https://www.tripadvisor.com/Attraction_Review-g298085-d12569677-Reviews-Cong_Vien_Suoi_Khoang_Nong_Nui_Than_Tai-Da_Nang.html,47
Phap Lam Pagoda,Religious Sites,Da Nang,https://www.tripadvisor.com/Attraction_Review-g298085-d2348904-Reviews-Phap_Lam_Pagoda-Da_Nang.html,48
Han River Spa,Spas • Thermal Spas,Da Nang,https://www.tripadvisor.com/Attraction_Review-g298085-d33029918-Reviews-Han_River_Spa-Da_Nang.html,49
Han Shopping Complex,Shopping Malls,Da Nang,https://www.tripadvisor.com/Attraction_Review-g298085-d12997079-Reviews-Han_Shopping_Complex-Da_Nang.html,50
Panda Relax Spa,Spas • Thermal Spas,Da Nang,https://www.tripadvisor.com/Attraction_Review-g298085-d34234963-Reviews-Panda_Relax_Spa-Da_Nang.html,51
Man Thai Beach,Beaches,Da Nang,https://www.tripadvisor.com/Attraction_Review-g298085-d25237482-Reviews-Man_Thai_Beach-Da_Nang.html,52
APEC Park,Parks,Da Nang,https://www.tripadvisor.com/Attraction_Review-g298085-d17653598-Reviews-APEC_Park-Da_Nang.html,53
Tu Hung Stone Arts,Art Galleries,Da Nang,https://www.tripadvisor.com/Attraction_Review-g298085-d2403127-Reviews-Tu_Hung_Stone_Arts-Da_Nang.html,54
Charm Spa Grand Da Nang,Spas,Da Nang,https://www.tripadvisor.com/Attraction_Review-g298085-d17739218-Reviews-Charm_Spa_Grand_Da_Nang-Da_Nang.html,55
DHC Marina,Marinas,Da Nang,https://www.tripadvisor.com/Attraction_Review-g298085-d8115500-Reviews-DHC_Marina-Da_Nang.html,56
Bà Nà Hills,Amusement & Theme Parks,Da Nang,https://www.tripadvisor.com/Attraction_Review-g21104812-d28160695-Reviews-Ba_Na_Hills-Hoa_Phu_Da_Nang.html,57
H&B Tailor Shop,Speciality & Gift Shops • Beaches,Da Nang,https://www.tripadvisor.com/Attraction_Review-g298085-d34504858-Reviews-H_B_Tailor_Shop-Da_Nang.html,58
Red Beach,Beaches,Da Nang,https://www.tripadvisor.com/Attraction_Review-g298085-d2294378-Reviews-Red_Beach-Da_Nang.html,59
Hoang Minh (Lee) - Xin Chao Trips,Visitor Centers,Da Nang,https://www.tripadvisor.com/Attraction_Review-g298085-d33358711-Reviews-Hoang_Minh_Lee_Xin_Chao_Trips-Da_Nang.html,60
Cao Dai Temple,Religious Sites,Da Nang,https://www.tripadvisor.com/Attraction_Review-g298085-d2528070-Reviews-Cao_Dai_Temple-Da_Nang.html,61
Oani Spa,Spas,Da Nang,https://www.tripadvisor.com/Attraction_Review-g298085-d18114312-Reviews-Oani_Spa-Da_Nang.html,62
Ba Na Hills Golf Club,Golf Courses,Da Nang,https://www.tripadvisor.com/Attraction_Review-g298085-d10196429-Reviews-Ba_Na_Hills_Golf_Club-Da_Nang.html,63
Nguyen HIen Dinh Tuong theatre,Theaters,Da Nang,https://www.tripadvisor.com/Attraction_Review-g298085-d6439062-Reviews-Nguyen_HIen_Dinh_Tuong_theatre-Da_Nang.html,64
The Gioi Tranh Dep,Art Galleries,Da Nang,https://www.tripadvisor.com/Attraction_Review-g298085-d15527751-Reviews-The_Gioi_Tranh_Dep-Da_Nang.html,65
Tien Sa Beach,Beaches,Da Nang,https://www.tripadvisor.com/Attraction_Review-g298085-d10824646-Reviews-Tien_Sa_Beach-Da_Nang.html,66
Son Tra Peninsula’s Banyan Tree,Points of Interest & Landmarks,Da Nang,https://www.tripadvisor.com/Attraction_Review-g298085-d13912048-Reviews-Son_Tra_Peninsula_s_Banyan_Tree-Da_Nang.html,67
Long An Temple,Religious Sites,Da Nang,https://www.tripadvisor.com/Attraction_Review-g298085-d17653608-Reviews-Long_An_Temple-Da_Nang.html,69
Las Vegas E-gaming Club,Casinos • Game & Entertainment Centers,Da Nang,https://www.tripadvisor.com/Attraction_Review-g298085-d26358130-Reviews-Las_Vegas_E_gaming_Club-Da_Nang.html,70
Tabalo Outdoor,Speciality & Gift Shops,Da Nang,https://www.tripadvisor.com/Attraction_Review-g298085-d12364144-Reviews-Tabalo_Outdoor-Da_Nang.html,71
Charm Spa,Spas,Da Nang,https://www.tripadvisor.com/Attraction_Review-g298085-d6372004-Reviews-Charm_Spa-Da_Nang.html,72
Vape Shop Disposable,Shopping Malls,Da Nang,https://www.tripadvisor.com/Attraction_Review-g298085-d33107924-Reviews-Vape_Shop_Disposable-Da_Nang.html,73
Dong Dinh Museum,Art Museums,Da Nang,https://www.tripadvisor.com/Attraction_Review-g17786366-d12593527-Reviews-Dong_Dinh_Museum-Son_Tra_Peninsula_Da_Nang.html,74
Shop Bao Cao Su Adultshop Đà Nẵng,Department Stores,Da Nang,https://www.tripadvisor.com/Attraction_Review-g298085-d33000463-Reviews-Shop_Bao_Cao_Su_Adultshop_Da_N_ng-Da_Nang.html,75
Picklehead My Khe Beach - Pickleball Club,Sports Complexes,Da Nang,https://www.tripadvisor.com/Attraction_Review-g298085-d32806684-Reviews-Picklehead_My_Khe_Beach_Pickleball_Club-Da_Nang.html,76
Hoa Khanh Market,Flea & Street Markets,Da Nang,https://www.tripadvisor.com/Attraction_Review-g298085-d10001229-Reviews-Hoa_Khanh_Market-Da_Nang.html,77
Parkson,Department Stores • Shopping Malls,Da Nang,https://www.tripadvisor.com/Attraction_Review-g298085-d8729937-Reviews-Parkson-Da_Nang.html,78
Alpine Coaster,Amusement & Theme Parks,Da Nang,https://www.tripadvisor.com/Attraction_Review-g298085-d33405674-Reviews-Alpine_Coaster-Da_Nang.html,79
Danang Golf Resort,Golf Courses,Da Nang,https://www.tripadvisor.com/Attraction_Review-g298085-d2023270-Reviews-Danang_Golf_Resort-Da_Nang.html,80
Silk Spa,Spas,Da Nang,https://www.tripadvisor.com/Attraction_Review-g298085-d26851226-Reviews-Silk_Spa-Da_Nang.html,81
Bãi Tắm Phạm Văn Đồng,Beaches,Da Nang,https://www.tripadvisor.com/Attraction_Review-g17786366-d17807015-Reviews-Bai_T_m_Ph_m_Van_D_ng-Son_Tra_Peninsula_Da_Nang.html,82
Maha Spa 26 Nguyễn Văn Thoại,Spas • Thermal Spas,Da Nang,https://www.tripadvisor.com/Attraction_Review-g298085-d28559334-Reviews-Maha_Spa_26_Nguy_n_Van_Tho_i-Da_Nang.html,83
Black Torii • Dark Art Tattoo,Art Galleries • Exhibitions,Da Nang,https://www.tripadvisor.com/Attraction_Review-g298085-d34507374-Reviews-Black_Torii_Dark_Art_Tattoo-Da_Nang.html,84
Maison Spa Da Nang,Spas,Da Nang,https://www.tripadvisor.com/Attraction_Review-g298085-d12976292-Reviews-Maison_Spa_Da_Nang-Da_Nang.html,85
Roha Spa,Spas • Thermal Spas,Da Nang,https://www.tripadvisor.com/Attraction_Review-g298085-d32768146-Reviews-Roha_Spa-Da_Nang.html,86
Da Nang Visitor Center,Visitor Centers,Da Nang,https://www.tripadvisor.com/Attraction_Review-g298085-d12231831-Reviews-Da_Nang_Visitor_Center-Da_Nang.html,87
Chua Buu Dai Son,Religious Sites,Da Nang,https://www.tripadvisor.com/Attraction_Review-g298085-d14860674-Reviews-Chua_Buu_Dai_Son-Da_Nang.html,88
Danang Villa De Spa,Spas,Da Nang,https://www.tripadvisor.com/Attraction_Review-g298085-d27098170-Reviews-Danang_Villa_De_Spa-Da_Nang.html,89
Spafield and Nail,Open now,Da Nang,https://www.tripadvisor.com/Attraction_Review-g298085-d28116653-Reviews-Spafield_and_Nail-Da_Nang.html,90
Marian Shrine of the Lady of Tra Kieu,Points of Interest & Landmarks,Da Nang,https://www.tripadvisor.com/Attraction_Review-g298085-d6439637-Reviews-Marian_Shrine_of_the_Lady_of_Tra_Kieu-Da_Nang.html,91
Bãi Đá Đen,Beaches,Da Nang,https://www.tripadvisor.com/Attraction_Review-g298085-d8599661-Reviews-Bai_Da_Den-Da_Nang.html,92
Jang Mi Spa & Massage Da Nang,Spas,Da Nang,https://www.tripadvisor.com/Attraction_Review-g25197573-d17726699-Reviews-Jang_Mi_Spa_Massage_Da_Nang-An_Hai_Son_Tra_Peninsula_Da_Nang.html,93
ADM Club,Bars & Clubs,Da Nang,https://www.tripadvisor.com/Attraction_Review-g298085-d25430827-Reviews-ADM_Club-Da_Nang.html,94
SKY36,Bars & Clubs • Dance Clubs & Discos,Da Nang,https://www.tripadvisor.com/Attraction_Review-g298085-d7021088-Reviews-SKY36-Da_Nang.html,95
Koi Spa & Wellness Da Nang,Spas,Da Nang,https://www.tripadvisor.com/Attraction_Review-g298085-d32989184-Reviews-Koi_Spa_Wellness_Da_Nang-Da_Nang.html,97
Phong Nam Ancient Village,Historic Walking Areas,Da Nang,https://www.tripadvisor.com/Attraction_Review-g298085-d11964991-Reviews-Phong_Nam_Ancient_Village-Da_Nang.html,98
Danang Art Studio & Class,Art Galleries,Da Nang,https://www.tripadvisor.com/Attraction_Review-g298085-d25569217-Reviews-Danang_Art_Studio_Class-Da_Nang.html,99
SEN Boutique Spa,Spas,Da Nang,https://www.tripadvisor.com/Attraction_Review-g298085-d14111536-Reviews-SEN_Boutique_Spa-Da_Nang.html,100
Museum of Sa Huynh & Champa Culture,Speciality Museums,Da Nang,https://www.tripadvisor.com/Attraction_Review-g298085-d6429186-Reviews-Museum_of_Sa_Huynh_Champa_Culture-Da_Nang.html,101
Da Nang Fresco Village,Points of Interest & Landmarks,Da Nang,https://www.tripadvisor.com/Attraction_Review-g298085-d15592651-Reviews-Da_Nang_Fresco_Village-Da_Nang.html,102
Mikazuki Water Park 365,Water Parks,Da Nang,https://www.tripadvisor.com/Attraction_Review-g298085-d33304009-Reviews-Mikazuki_Water_Park_365-Da_Nang.html,103
Montgomerie Links,Golf Courses,Da Nang,https://www.tripadvisor.com/Attraction_Review-g298085-d1954172-Reviews-Montgomerie_Links-Da_Nang.html,104
Pam Spa,Spas,Da Nang,https://www.tripadvisor.com/Attraction_Review-g298085-d32988758-Reviews-Pam_Spa-Da_Nang.html,105
Xiaomi Đà Nẵng,Shopping Malls,Da Nang,https://www.tripadvisor.com/Attraction_Review-g298085-d26504716-Reviews-Xiaomi_Da_N_ng-Da_Nang.html,106
Dahan Spa Danang Luxury,Spas,Da Nang,https://www.tripadvisor.com/Attraction_Review-g298085-d21359483-Reviews-Dahan_Spa_Danang_Luxury-Da_Nang.html,107
Vietnam Cultural Exchange,Art Galleries,Da Nang,https://www.tripadvisor.com/Attraction_Review-g17786366-d19419685-Reviews-Vietnam_Cultural_Exchange-Son_Tra_Peninsula_Da_Nang.html,108
Suoi Hoa Ecotourism Area,Nature & Wildlife Areas,Da Nang,https://www.tripadvisor.com/Attraction_Review-g298085-d8146023-Reviews-Suoi_Hoa_Ecotourism_Area-Da_Nang.html,109
Riverside Park,Parks,Da Nang,https://www.tripadvisor.com/Attraction_Review-g298085-d12110597-Reviews-Riverside_Park-Da_Nang.html,110
Jang Mi Spa Massage Da Nang Riverside,Spas,Da Nang,https://www.tripadvisor.com/Attraction_Review-g298085-d10818194-Reviews-Jang_Mi_Spa_Massage_Da_Nang_Riverside-Da_Nang.html,111
Helio Center,Game & Entertainment Centers,Da Nang,https://www.tripadvisor.com/Attraction_Review-g298085-d10530887-Reviews-Helio_Center-Da_Nang.html,112
Danang Penguin Liferia Coffee & Massage,Thermal Spas,Da Nang,https://www.tripadvisor.com/Attraction_Review-g298085-d15059777-Reviews-Danang_Penguin_Liferia_Coffee_Massage-Da_Nang.html,113
Sky 21 Bar,Bars & Clubs,Da Nang,https://www.tripadvisor.com/Attraction_Review-g17786366-d12878841-Reviews-Sky_21_Bar-Son_Tra_Peninsula_Da_Nang.html,114
Golden Lotus Spa DaNang,Spas,Da Nang,https://www.tripadvisor.com/Attraction_Review-g298085-d15300780-Reviews-Golden_Lotus_Spa_DaNang-Da_Nang.html,115
Tourane Spa & Nails,Spas,Da Nang,https://www.tripadvisor.com/Attraction_Review-g298085-d19881340-Reviews-Tourane_Spa_Nails-Da_Nang.html,116
YHI Spa,Spas,Da Nang,https://www.tripadvisor.com/Attraction_Review-g298085-d10634574-Reviews-YHI_Spa-Da_Nang.html,117
Club99,Casinos,Da Nang,https://www.tripadvisor.com/Attraction_Review-g298085-d9806394-Reviews-Club99-Da_Nang.html,118
Cham Spa & Massage,Spas • Thermal Spas,Da Nang,https://www.tripadvisor.com/Attraction_Review-g298085-d7927889-Reviews-Cham_Spa_Massage-Da_Nang.html,119
Hoa Phu Thanh Play Ground,Game & Entertainment Centers,Da Nang,https://www.tripadvisor.com/Attraction_Review-g298085-d12292790-Reviews-Hoa_Phu_Thanh_Play_Ground-Da_Nang.html,120
Sontra mini Mart 24h,Speciality & Gift Shops,Da Nang,https://www.tripadvisor.com/Attraction_Review-g15339118-d28050884-Reviews-Sontra_mini_Mart_24h-Tho_Quang_Son_Tra_Peninsula_Da_Nang.html,121
Jolie Cooking Class,Cooking Classes,Da Nang,https://www.tripadvisor.com/Attraction_Review-g298085-d15224275-Reviews-Jolie_Cooking_Class-Da_Nang.html,122
Nha Tho Giao Xu An Hai,Churches & Cathedrals,Da Nang,https://www.tripadvisor.com/Attraction_Review-g298085-d17663078-Reviews-Nha_Tho_Giao_Xu_An_Hai-Da_Nang.html,123
DaNang Apron Up Cooking Class,Cooking Classes,Da Nang,https://www.tripadvisor.com/Attraction_Review-g298085-d27515632-Reviews-DaNang_Apron_Up_Cooking_Class-Da_Nang.html,124
Sơn Trà Marina,Marinas,Da Nang,https://www.tripadvisor.com/Attraction_Review-g298085-d26155855-Reviews-Son_Tra_Marina-Da_Nang.html,125
Vietnamese Inker,Art Galleries,Da Nang,https://www.tripadvisor.com/Attraction_Review-g298085-d33006702-Reviews-Vietnamese_Inker-Da_Nang.html,126
Rintage X Lamer Vintage Store Đà Nẵng,Shopping Malls,Da Nang,https://www.tripadvisor.com/Attraction_Review-g298085-d27734354-Reviews-Rintage_X_Lamer_Vintage_Store_Da_N_ng-Da_Nang.html,127
Forest Spa_Da Nang,Spas,Da Nang,https://www.tripadvisor.com/Attraction_Review-g298085-d27098173-Reviews-Forest_Spa_Da_Nang-Da_Nang.html,128
XuXi Fruit - Fresh Everyday,Speciality & Gift Shops • Department Stores,Da Nang,https://www.tripadvisor.com/Attraction_Review-g298085-d33733462-Reviews-XuXi_Fruit_Fresh_Everyday-Da_Nang.html,129
Taseco Travel,Visitor Centers,Da Nang,https://www.tripadvisor.com/Attraction_Review-g298085-d8324034-Reviews-Taseco_Travel-Da_Nang.html,130
Dragon Spa DaNang,Spas • Thermal Spas,Da Nang,https://www.tripadvisor.com/Attraction_Review-g298085-d24191320-Reviews-Dragon_Spa_DaNang-Da_Nang.html,131
The Be Leather Hoi An,Shopping Malls,Da Nang,https://www.tripadvisor.com/Attraction_Review-g298085-d34471652-Reviews-The_Be_Leather_Hoi_An-Da_Nang.html,132
Khu Vui Choi Đo Re Mi,Amusement & Theme Parks,Da Nang,https://www.tripadvisor.com/Attraction_Review-g10487549-d15589387-Reviews-Khu_Vui_Choi_Do_Re_Mi-Dien_Ban_Da_Nang.html,133
Cay Da Dai Thu (800 Year Ficus),Points of Interest & Landmarks,Da Nang,https://www.tripadvisor.com/Attraction_Review-g298085-d12841991-Reviews-Cay_Da_Dai_Thu_800_Year_Ficus-Da_Nang.html,134
Paul Bespoke Tailor,Speciality & Gift Shops,Da Nang,https://www.tripadvisor.com/Attraction_Review-g298085-d9553001-Reviews-Paul_Bespoke_Tailor-Da_Nang.html,135
BDC basketball centre,Sports Complexes,Da Nang,https://www.tripadvisor.com/Attraction_Review-g298085-d12952637-Reviews-BDC_basketball_centre-Da_Nang.html,136
Tran Thi Ly Bridge,Bridges,Da Nang,https://www.tripadvisor.com/Attraction_Review-g298085-d14928541-Reviews-Tran_Thi_Ly_Bridge-Da_Nang.html,137
Binny Duck Lake And Farm,Farms • Cultural Events,Da Nang,https://www.tripadvisor.com/Attraction_Review-g298085-d34466216-Reviews-Binny_Duck_Lake_And_Farm-Da_Nang.html,138
Brocanvas,Art Galleries,Da Nang,https://www.tripadvisor.com/Attraction_Review-g298085-d15693064-Reviews-Brocanvas-Da_Nang.html,139
Da Nang Car Rental,Taxis & Shuttles,Da Nang,https://www.tripadvisor.com/Attraction_Review-g298085-d12292804-Reviews-Da_Nang_Car_Rental-Da_Nang.html,140
Liti Nail & Hair 5,Spas • Thermal Spas,Da Nang,https://www.tripadvisor.com/Attraction_Review-g298085-d28151851-Reviews-Liti_Nail_Hair_5-Da_Nang.html,141
Ariyana Convention Centre,Convention Centers,Da Nang,https://www.tripadvisor.com/Attraction_Review-g298085-d19849875-Reviews-Ariyana_Convention_Centre-Da_Nang.html,142
Let's Win Poker Club,Casinos,Da Nang,https://www.tripadvisor.com/Attraction_Review-g298085-d33018984-Reviews-Let_s_Win_Poker_Club-Da_Nang.html,143
Holie Water Park,Water Parks,Da Nang,https://www.tripadvisor.com/Attraction_Review-g298085-d27900965-Reviews-Holie_Water_Park-Da_Nang.html,144
Green Spa and Wellness,Spas • Thermal Spas,Da Nang,https://www.tripadvisor.com/Attraction_Review-g298085-d11835858-Reviews-Green_Spa_and_Wellness-Da_Nang.html,145
Nguồn Spa - Gội Đầu Dưỡng Sinh Đà Nẵng,Spas,Da Nang,https://www.tripadvisor.com/Attraction_Review-g298085-d26876449-Reviews-Ngu_n_Spa_G_i_D_u_Du_ng_Sinh_Da_N_ng-Da_Nang.html,146
Danang Land Paradise,Amusement & Theme Parks • Scenic Walking Areas,Da Nang,https://www.tripadvisor.com/Attraction_Review-g298085-d34497120-Reviews-Danang_Land_Paradise-Da_Nang.html,147
Tang Chon Grotto,Caverns & Caves,Da Nang,https://www.tripadvisor.com/Attraction_Review-g298085-d13384420-Reviews-Tang_Chon_Grotto-Da_Nang.html,148
"Han River,",Bodies of Water,Da Nang,https://www.tripadvisor.com/Attraction_Review-g298085-d25236833-Reviews-Han_River-Da_Nang.html,149
Hana 34 Vintage Jewelry,Speciality & Gift Shops • Antique Shops,Da Nang,https://www.tripadvisor.com/Attraction_Review-g298085-d32859514-Reviews-Hana_34_Vintage_Jewelry-Da_Nang.html,150
The Motorbike Station,Gear Rentals,Da Nang,https://www.tripadvisor.com/Attraction_Review-g298085-d12598185-Reviews-The_Motorbike_Station-Da_Nang.html,151
Namaka Jewelry,Speciality & Gift Shops,Da Nang,https://www.tripadvisor.com/Attraction_Review-g298085-d10063911-Reviews-Namaka_Jewelry-Da_Nang.html,152
Karma Spa,Spas,Da Nang,https://www.tripadvisor.com/Attraction_Review-g298085-d15828798-Reviews-Karma_Spa-Da_Nang.html,153
OASIS ART GALLERY,Art Galleries,Da Nang,https://www.tripadvisor.com/Attraction_Review-g298085-d6684700-Reviews-OASIS_ART_GALLERY-Da_Nang.html,154
SOUL Spa,Spas • Thermal Spas,Da Nang,https://www.tripadvisor.com/Attraction_Review-g298085-d26307523-Reviews-SOUL_Spa-Da_Nang.html,155
Cho Ha Than,Flea & Street Markets,Da Nang,https://www.tripadvisor.com/Attraction_Review-g17786366-d25237434-Reviews-Cho_Ha_Than-Son_Tra_Peninsula_Da_Nang.html,156
Platinum Poker Đà Nẵng,Casinos,Da Nang,https://www.tripadvisor.com/Attraction_Review-g298085-d33318346-Reviews-Platinum_Poker_Da_N_ng-Da_Nang.html,157
Zade Tourist Zone,Visitor Centers,Da Nang,https://www.tripadvisor.com/Attraction_Review-g298085-d32971666-Reviews-Zade_Tourist_Zone-Da_Nang.html,158
Healthy Spa,Spas,Da Nang,https://www.tripadvisor.com/Attraction_Review-g298085-d25211508-Reviews-Healthy_Spa-Da_Nang.html,159
TravelThru,Taxis & Shuttles,Da Nang,https://www.tripadvisor.com/Attraction_Review-g298085-d21381288-Reviews-TravelThru-Da_Nang.html,160
Tien Sa Lighthouse,Lighthouses,Da Nang,https://www.tripadvisor.com/Attraction_Review-g17786366-d12199350-Reviews-Tien_Sa_Lighthouse-Son_Tra_Peninsula_Da_Nang.html,161
Cho Dem Son Tra,Flea & Street Markets,Da Nang,https://www.tripadvisor.com/Attraction_Review-g17786366-d34098469-Reviews-Cho_Dem_Son_Tra-Son_Tra_Peninsula_Da_Nang.html,162
Sum Spa Danang,Spas,Da Nang,https://www.tripadvisor.com/Attraction_Review-g298085-d26300265-Reviews-Sum_Spa_Danang-Da_Nang.html,163
Lucky 7 Club,Casinos,Da Nang,https://www.tripadvisor.com/Attraction_Review-g298085-d34040434-Reviews-Lucky_7_Club-Da_Nang.html,164
Han Market,Speciality & Gift Shops,Da Nang,https://www.tripadvisor.com/Attraction_Review-g298085-d5599000-Reviews-Han_Market-Da_Nang.html,166
Cong Spa & Nail,Spas,Da Nang,https://www.tripadvisor.com/Attraction_Review-g298085-d14927921-Reviews-Cong_Spa_Nail-Da_Nang.html,168
Brilliant Spa,Spas,Da Nang,https://www.tripadvisor.com/Attraction_Review-g298085-d15051096-Reviews-Brilliant_Spa-Da_Nang.html,169
Liti Nail & Hair,Spas • Thermal Spas,Da Nang,https://www.tripadvisor.com/Attraction_Review-g298085-d25091495-Reviews-Liti_Nail_Hair-Da_Nang.html,170
Casa Leafy Spa & Beauty,Spas • Thermal Spas,Da Nang,https://www.tripadvisor.com/Attraction_Review-g298085-d26877949-Reviews-Casa_Leafy_Spa_Beauty-Da_Nang.html,171
Padel Xtra Da Nang,Sports Complexes • Sporting Events,Da Nang,https://www.tripadvisor.com/Attraction_Review-g298085-d33265702-Reviews-Padel_Xtra_Da_Nang-Da_Nang.html,172
Louis Spa & Massage,Spas,Da Nang,https://www.tripadvisor.com/Attraction_Review-g298085-d33409864-Reviews-Louis_Spa_Massage-Da_Nang.html,173
Bang An Tower,Historic Sites,Da Nang,https://www.tripadvisor.com/Attraction_Review-g10487549-d13422070-Reviews-Bang_An_Tower-Dien_Ban_Da_Nang.html,174
Da Nang Private Car,Taxis & Shuttles,Da Nang,https://www.tripadvisor.com/Attraction_Review-g298085-d12245461-Reviews-Da_Nang_Private_Car-Da_Nang.html,175
VietPrivet Tours & Experiences,Visitor Centers,Da Nang,https://www.tripadvisor.com/Attraction_Review-g298085-d34299017-Reviews-VietPrivet_Tours_Experiences-Da_Nang.html,176
The Nang Spa,Spas • Thermal Spas,Da Nang,https://www.tripadvisor.com/Attraction_Review-g298085-d12254730-Reviews-The_Nang_Spa-Da_Nang.html,177
Khanh Hung Optical,Speciality & Gift Shops,Da Nang,https://www.tripadvisor.com/Attraction_Review-g298085-d25309254-Reviews-Khanh_Hung_Optical-Da_Nang.html,178
Azit Multiplex,Open now,Da Nang,https://www.tripadvisor.com/Attraction_Review-g298085-d14942027-Reviews-Azit_Multiplex-Da_Nang.html,179
Chill Out Spa,Spas,Da Nang,https://www.tripadvisor.com/Attraction_Review-g15296807-d25940735-Reviews-Chill_Out_Spa-My_An_Da_Nang.html,180
Q-Mart,Shopping Malls,Da Nang,https://www.tripadvisor.com/Attraction_Review-g298085-d25429896-Reviews-Q_Mart-Da_Nang.html,181
Tuan Motorbike Rental Da Nang,Gear Rentals,Da Nang,https://www.tripadvisor.com/Attraction_Review-g298085-d16706374-Reviews-Tuan_Motorbike_Rental_Da_Nang-Da_Nang.html,182
Duc leather workshop,Speciality & Gift Shops • Visitor Centers,Da Nang,https://www.tripadvisor.com/Attraction_Review-g298085-d33713073-Reviews-Duc_leather_workshop-Da_Nang.html,183
Golden Lotus Oriental Organic Spa,Spas,Da Nang,https://www.tripadvisor.com/Attraction_Review-g298085-d17838511-Reviews-Golden_Lotus_Oriental_Organic_Spa-Da_Nang.html,184
Mo Ran Spa & Massage Da Nang,Spas,Da Nang,https://www.tripadvisor.com/Attraction_Review-g298085-d34294561-Reviews-Mo_Ran_Spa_Massage_Da_Nang-Da_Nang.html,185
Gao Spa,Spas • Thermal Spas,Da Nang,https://www.tripadvisor.com/Attraction_Review-g298085-d15850143-Reviews-Gao_Spa-Da_Nang.html,186
Michi Spa,Spas • Thermal Spas,Da Nang,https://www.tripadvisor.com/Attraction_Review-g298085-d12703741-Reviews-Michi_Spa-Da_Nang.html,187
Herbal Spa - Hoi An Branch 1,Spas • Thermal Spas,Da Nang,https://www.tripadvisor.com/Attraction_Review-g298085-d34599091-Reviews-Herbal_Spa_Hoi_An_Branch_1-Da_Nang.html,188
Nyx Sky Lounge & Mixology,Wine Bars,Da Nang,https://www.tripadvisor.com/Attraction_Review-g298085-d26389309-Reviews-Nyx_Sky_Lounge_Mixology-Da_Nang.html,189
Blue Beauty Spa & Massage,Spas,Da Nang,https://www.tripadvisor.com/Attraction_Review-g298085-d34108594-Reviews-Blue_Beauty_Spa_Massage-Da_Nang.html,190
Regal Healthy Spa & Massage Da Nang,Spas,Da Nang,https://www.tripadvisor.com/Attraction_Review-g27704560-d19274076-Reviews-Regal_Healthy_Spa_Massage_Da_Nang-Ngu_Hanh_Son_Da_Nang.html,191
Maya Spa & Nail,Spas • Thermal Spas,Da Nang,https://www.tripadvisor.com/Attraction_Review-g19935676-d28175594-Reviews-Maya_Spa_Nail-An_Hai_Bac_Son_Tra_Peninsula_Da_Nang.html,192
Onda Spa Massage Da Nang,Spas,Da Nang,https://www.tripadvisor.com/Attraction_Review-g298085-d34399131-Reviews-Onda_Spa_Massage_Da_Nang-Da_Nang.html,193
Tiệm Nội Y Navy Secret,Speciality & Gift Shops • Shopping Malls,Da Nang,https://www.tripadvisor.com/Attraction_Review-g298085-d27479286-Reviews-Ti_m_N_i_Y_Navy_Secret-Da_Nang.html,194
Locked Danang - Escape Room Game,Escape Games,Da Nang,https://www.tripadvisor.com/Attraction_Review-g298085-d8553112-Reviews-Locked_Danang_Escape_Room_Game-Da_Nang.html,195
Goyo Spa Da Nang,Spas,Da Nang,https://www.tripadvisor.com/Attraction_Review-g298085-d34367614-Reviews-Goyo_Spa_Da_Nang-Da_Nang.html,196
Tien Hieu Marble Handicraft Sculptures,Factory Outlets,Da Nang,https://www.tripadvisor.com/Attraction_Review-g298085-d9858980-Reviews-Tien_Hieu_Marble_Handicraft_Sculptures-Da_Nang.html,197
OQ Lounge Pub DnD,Bars & Clubs,Da Nang,https://www.tripadvisor.com/Attraction_Review-g298085-d10107611-Reviews-OQ_Lounge_Pub_DnD-Da_Nang.html,198
Golf in Danang,Golf Courses,Da Nang,https://www.tripadvisor.com/Attraction_Review-g298085-d7362360-Reviews-Golf_in_Danang-Da_Nang.html,199
V-Senses Wellness & Spa,Spas,Da Nang,https://www.tripadvisor.com/Attraction_Review-g298085-d26249840-Reviews-V_Senses_Wellness_Spa-Da_Nang.html,200
IKIGAI SPA CENTER,Spas,Da Nang,https://www.tripadvisor.com/Attraction_Review-g298085-d25314796-Reviews-IKIGAI_SPA_CENTER-Da_Nang.html,201
Columbo Beach Club,Beach & Pool Clubs,Da Nang,https://www.tripadvisor.com/Attraction_Review-g298085-d34442753-Reviews-Columbo_Beach_Club-Da_Nang.html,202
Golden Pine Pub,Bars & Clubs,Da Nang,https://www.tripadvisor.com/Attraction_Review-g298085-d4102516-Reviews-Golden_Pine_Pub-Da_Nang.html,203
Phuong Nam Optical,Speciality & Gift Shops,Da Nang,https://www.tripadvisor.com/Attraction_Review-g25231262-d28931839-Reviews-Phuong_Nam_Optical-Hai_Chau_Da_Nang.html,204
Ket High Cocktail Bar,Bars & Clubs,Da Nang,https://www.tripadvisor.com/Attraction_Review-g298085-d27699650-Reviews-Ket_High_Cocktail_Bar-Da_Nang.html,205
Herbal Boutique Spa Da Nang,Spas,Da Nang,https://www.tripadvisor.com/Attraction_Review-g17786366-d18114329-Reviews-Herbal_Boutique_Spa_Da_Nang-Son_Tra_Peninsula_Da_Nang.html,206
Herbal Heritage Spa,Spas,Da Nang,https://www.tripadvisor.com/Attraction_Review-g17786366-d19453147-Reviews-Herbal_Heritage_Spa-Son_Tra_Peninsula_Da_Nang.html,207
Vietnam Private Car,Taxis & Shuttles,Da Nang,https://www.tripadvisor.com/Attraction_Review-g298085-d12590747-Reviews-Vietnam_Private_Car-Da_Nang.html,208
DIFF - Danang International Fireworks Festival,Seasonal Fireworks,Da Nang,https://www.tripadvisor.com/Attraction_Review-g17786366-d28007491-Reviews-DIFF_Danang_International_Fireworks_Festival-Son_Tra_Peninsula_Da_Nang.html,209
Lani Spa Da Nang,Spas,Da Nang,https://www.tripadvisor.com/Attraction_Review-g298085-d13187936-Reviews-Lani_Spa_Da_Nang-Da_Nang.html,210
Crowne International Club,Casinos,Da Nang,https://www.tripadvisor.com/Attraction_Review-g298085-d13429956-Reviews-Crowne_International_Club-Da_Nang.html,211
Golden Lotus Oriental Organic Spa 2,Spas,Da Nang,https://www.tripadvisor.com/Attraction_Review-g298085-d17321627-Reviews-Golden_Lotus_Oriental_Organic_Spa_2-Da_Nang.html,212
Golf Asian - Danang Private Golf Day Tour,Golf Courses,Da Nang,https://www.tripadvisor.com/Attraction_Review-g298085-d6623400-Reviews-Golf_Asian_Danang_Private_Golf_Day_Tour-Da_Nang.html,213
Nón Lá Spa 1,Spas,Da Nang,https://www.tripadvisor.com/Attraction_Review-g298085-d20940790-Reviews-Non_La_Spa_1-Da_Nang.html,214
L Spa Da Nang,Spas,Da Nang,https://www.tripadvisor.com/Attraction_Review-g298085-d7981595-Reviews-L_Spa_Da_Nang-Da_Nang.html,215
Koto Club Da Nang,Bars & Clubs,Da Nang,https://www.tripadvisor.com/Attraction_Review-g298085-d25554545-Reviews-Koto_Club_Da_Nang-Da_Nang.html,216
Pink Spa,Spas,Da Nang,https://www.tripadvisor.com/Attraction_Review-g298085-d17713616-Reviews-Pink_Spa-Da_Nang.html,217
Vietnam Car Rental,Taxis & Shuttles,Da Nang,https://www.tripadvisor.com/Attraction_Review-g298085-d33071476-Reviews-Vietnam_Car_Rental-Da_Nang.html,218
Yuri Spa & Massage Da Nang,Spas • Thermal Spas,Da Nang,https://www.tripadvisor.com/Attraction_Review-g298085-d33361951-Reviews-Yuri_Spa_Massage_Da_Nang-Da_Nang.html,219
M Legrand Jewelry,Speciality & Gift Shops,Da Nang,https://www.tripadvisor.com/Attraction_Review-g298085-d8652248-Reviews-M_Legrand_Jewelry-Da_Nang.html,220
Danang Karaoke BMW,Karaoke Bars,Da Nang,https://www.tripadvisor.com/Attraction_Review-g298085-d28035126-Reviews-Danang_Karaoke_BMW-Da_Nang.html,221
Hanatural Therapy & Spa,Spas,Da Nang,https://www.tripadvisor.com/Attraction_Review-g298085-d34084634-Reviews-Hanatural_Therapy_Spa-Da_Nang.html,222
Maha Spa Signature,Spas,Da Nang,https://www.tripadvisor.com/Attraction_Review-g298085-d33405256-Reviews-Maha_Spa_Signature-Da_Nang.html,223
Saga Bar Danang,Bars & Clubs,Da Nang,https://www.tripadvisor.com/Attraction_Review-g298085-d28125309-Reviews-Saga_Bar_Danang-Da_Nang.html,224
Waxing Đà Nẵng,Spas,Da Nang,https://www.tripadvisor.com/Attraction_Review-g298085-d32741453-Reviews-Waxing_Da_N_ng-Da_Nang.html,225
Beauty Salon Lộc,Game & Entertainment Centers,Da Nang,https://www.tripadvisor.com/Attraction_Review-g298085-d25383624-Reviews-Beauty_Salon_L_c-Da_Nang.html,226
Escape In Time - Escape Rooms Danang,Escape Games • Game & Entertainment Centers,Da Nang,https://www.tripadvisor.com/Attraction_Review-g298085-d32414303-Reviews-Escape_In_Time_Escape_Rooms_Danang-Da_Nang.html,227
Lotus Spa,Spas,Da Nang,https://www.tripadvisor.com/Attraction_Review-g298085-d34053781-Reviews-Lotus_Spa-Da_Nang.html,228
Zen Life Spa,Spas,Da Nang,https://www.tripadvisor.com/Attraction_Review-g298085-d33305784-Reviews-Zen_Life_Spa-Da_Nang.html,230
An Nhiên's Home,Speciality & Gift Shops • Art Galleries,Da Nang,https://www.tripadvisor.com/Attraction_Review-g298085-d27515850-Reviews-An_Nhien_s_Home-Da_Nang.html,231
Onda Spa,Spas,Da Nang,https://www.tripadvisor.com/Attraction_Review-g298085-d34399977-Reviews-Onda_Spa-Da_Nang.html,232
Pop Mart Bana Hill Vietnam,Amusement & Theme Parks,Da Nang,https://www.tripadvisor.com/Attraction_Review-g298085-d32811052-Reviews-Pop_Mart_Bana_Hill_Vietnam-Da_Nang.html,233
Healing Hands Spa,Spas,Da Nang,https://www.tripadvisor.com/Attraction_Review-g298085-d24829446-Reviews-Healing_Hands_Spa-Da_Nang.html,234
Organic Plus Spa,Spas,Da Nang,https://www.tripadvisor.com/Attraction_Review-g15296807-d11710194-Reviews-Organic_Plus_Spa-My_An_Da_Nang.html,235
Spa De Nancy,Spas • Thermal Spas,Da Nang,https://www.tripadvisor.com/Attraction_Review-g298085-d15692919-Reviews-Spa_De_Nancy-Da_Nang.html,236
Sapphire Billiard Club,Game & Entertainment Centers,Da Nang,https://www.tripadvisor.com/Attraction_Review-g298085-d12084475-Reviews-Sapphire_Billiard_Club-Da_Nang.html,237
Hair Of The Dog Bar Da Nang,Bars & Clubs,Da Nang,https://www.tripadvisor.com/Attraction_Review-g298085-d15193242-Reviews-Hair_Of_The_Dog_Bar_Da_Nang-Da_Nang.html,238
The Sports Lounge,Sports Complexes • Golf Courses,Da Nang,https://www.tripadvisor.com/Attraction_Review-g26818864-d28035056-Reviews-The_Sports_Lounge-Hoa_Hai_Da_Nang.html,239
Viễn Đông Massage & Spa,Spas,Da Nang,https://www.tripadvisor.com/Attraction_Review-g298085-d13077074-Reviews-Vi_n_Dong_Massage_Spa-Da_Nang.html,240
Vietbeautyhub,Health Clubs • Spas,Da Nang,https://www.tripadvisor.com/Attraction_Review-g298085-d33319225-Reviews-Vietbeautyhub-Da_Nang.html,241
Honey Spa,Spas,Da Nang,https://www.tripadvisor.com/Attraction_Review-g298085-d12254836-Reviews-Honey_Spa-Da_Nang.html,242
Danang Shooting Club,Shooting Ranges • Sporting Events,Da Nang,https://www.tripadvisor.com/Attraction_Review-g298085-d34265056-Reviews-Danang_Shooting_Club-Da_Nang.html,243
Hoi An Duck Stop Experience: Feed and Lead Ducks,Escape Games • Points of Interest & Landmarks,Da Nang,https://www.tripadvisor.com/Attraction_Review-g298085-d34402599-Reviews-Hoi_An_Duck_Stop_Experience_Feed_and_Lead_Ducks-Da_Nang.html,244
Vm Cars - The Car You Trust,Taxis & Shuttles,Da Nang,https://www.tripadvisor.com/Attraction_Review-g298085-d13336196-Reviews-Vm_Cars_The_Car_You_Trust-Da_Nang.html,245
Sevva Sky Lounge,Bars & Clubs,Da Nang,https://www.tripadvisor.com/Attraction_Review-g298085-d13990190-Reviews-Sevva_Sky_Lounge-Da_Nang.html,246
Mystery Bar & Lounge,Bars & Clubs • Karaoke Bars,Da Nang,https://www.tripadvisor.com/Attraction_Review-g17786366-d19408787-Reviews-Mystery_Bar_Lounge-Son_Tra_Peninsula_Da_Nang.html,247
Pamspa Sora,Spas,Da Nang,https://www.tripadvisor.com/Attraction_Review-g298085-d34444967-Reviews-Pamspa_Sora-Da_Nang.html,248
Apocalypse Beach Club,Bars & Clubs,Da Nang,https://www.tripadvisor.com/Attraction_Review-g298085-d15129817-Reviews-Apocalypse_Beach_Club-Da_Nang.html,249
Dacotours,Multi-day Tours • Cultural Tours,Da Nang,https://www.tripadvisor.com/Attraction_Review-g298085-d6974493-Reviews-Dacotours-Da_Nang.html,250
Julius Spa & Massage,Spas,Da Nang,https://www.tripadvisor.com/Attraction_Review-g298085-d26517917-Reviews-Julius_Spa_Massage-Da_Nang.html,251
May Chang - Spa & Retreat Da Nang,Spas,Da Nang,https://www.tripadvisor.com/Attraction_Review-g298085-d33027676-Reviews-May_Chang_Spa_Retreat_Da_Nang-Da_Nang.html,252
tigon massa Massage & Spa Da Nang,Spas,Da Nang,https://www.tripadvisor.com/Attraction_Review-g298085-d33736931-Reviews-Tigon_massa_Massage_Spa_Da_Nang-Da_Nang.html,253
Lee Spa & Massage,Spas • Thermal Spas,Da Nang,https://www.tripadvisor.com/Attraction_Review-g298085-d25444784-Reviews-Lee_Spa_Massage-Da_Nang.html,254
Lá Xanh Vintage Jewelry Da Nang,Speciality & Gift Shops,Da Nang,https://www.tripadvisor.com/Attraction_Review-g298085-d33444666-Reviews-La_Xanh_Vintage_Jewelry_Da_Nang-Da_Nang.html,255
Ola Spa,Spas,Da Nang,https://www.tripadvisor.com/Attraction_Review-g27704560-d33863324-Reviews-Ola_Spa-Ngu_Hanh_Son_Da_Nang.html,256
Malibu Club,Bars & Clubs,Da Nang,https://www.tripadvisor.com/Attraction_Review-g298085-d25383493-Reviews-Malibu_Club-Da_Nang.html,257
Lavender Spa,Spas,Da Nang,https://www.tripadvisor.com/Attraction_Review-g298085-d9882437-Reviews-Lavender_Spa-Da_Nang.html,258
Beach Paradise Sauna & Massage,Spas,Da Nang,https://www.tripadvisor.com/Attraction_Review-g298085-d8693059-Reviews-Beach_Paradise_Sauna_Massage-Da_Nang.html,259
Kop Spa & Massage,Spas,Da Nang,https://www.tripadvisor.com/Attraction_Review-g298085-d17713594-Reviews-Kop_Spa_Massage-Da_Nang.html,260
Motorbikes Rental Da Nang -Quang Nga,Gear Rentals,Da Nang,https://www.tripadvisor.com/Attraction_Review-g298085-d14120290-Reviews-Motorbikes_Rental_Da_Nang_Quang_Nga-Da_Nang.html,261
BUNNY Bar & Lounge 2,Bars & Clubs,Da Nang,https://www.tripadvisor.com/Attraction_Review-g298085-d20999958-Reviews-BUNNY_Bar_Lounge_2-Da_Nang.html,262
Danang Mykhe Spa,Spas,Da Nang,https://www.tripadvisor.com/Attraction_Review-g298085-d34549583-Reviews-Danang_Mykhe_Spa-Da_Nang.html,263
Heart Spa Đà Nẵng,Spas,Da Nang,https://www.tripadvisor.com/Attraction_Review-g19779171-d26633505-Reviews-Heart_Spa_Da_N_ng-Phuoc_My_Son_Tra_Peninsula_Da_Nang.html,264
Nón Lá Spa 2,Spas,Da Nang,https://www.tripadvisor.com/Attraction_Review-g298085-d33016634-Reviews-Non_La_Spa_2-Da_Nang.html,265
Huong Tram Spa,Spas,Da Nang,https://www.tripadvisor.com/Attraction_Review-g298085-d15244164-Reviews-Huong_Tram_Spa-Da_Nang.html,266
Saga Music Bar,Bars & Clubs,Da Nang,https://www.tripadvisor.com/Attraction_Review-g298085-d25034942-Reviews-Saga_Music_Bar-Da_Nang.html,267
Mercy Boat Bar,Bars & Clubs • Wine Bars,Da Nang,https://www.tripadvisor.com/Attraction_Review-g298085-d26868319-Reviews-Mercy_Boat_Bar-Da_Nang.html,268
Lalla Nail,Open now,Da Nang,https://www.tripadvisor.com/Attraction_Review-g15296807-d29271656-Reviews-Lalla_Nail-My_An_Da_Nang.html,269
Sunny Spa & Massage,Spas,Da Nang,https://www.tripadvisor.com/Attraction_Review-g298085-d11746378-Reviews-Sunny_Spa_Massage-Da_Nang.html,270
Danang Private Driver,Taxis & Shuttles,Da Nang,https://www.tripadvisor.com/Attraction_Review-g298085-d13412597-Reviews-Danang_Private_Driver-Da_Nang.html,271
Hoang's Kitchen Da Nang Cooking Class,Cooking Classes,Da Nang,https://www.tripadvisor.com/Attraction_Review-g298085-d34223887-Reviews-Hoang_s_Kitchen_Da_Nang_Cooking_Class-Da_Nang.html,272
Omelee Wellness and Spa,Spas,Da Nang,https://www.tripadvisor.com/Attraction_Review-g298085-d24915634-Reviews-Omelee_Wellness_and_Spa-Da_Nang.html,273
Phu Luxury Wine & Cigar Da Nang,Cigar Bars,Da Nang,https://www.tripadvisor.com/Attraction_Review-g25231262-d27155957-Reviews-Phu_Luxury_Wine_Cigar_Da_Nang-Hai_Chau_Da_Nang.html,274
Lan Huong Silk Shop,Speciality & Gift Shops,Da Nang,https://www.tripadvisor.com/Attraction_Review-g298085-d8488229-Reviews-Lan_Huong_Silk_Shop-Da_Nang.html,275
Danang The Hill Spa,Spas,Da Nang,https://www.tripadvisor.com/Attraction_Review-g298085-d28651730-Reviews-Danang_The_Hill_Spa-Da_Nang.html,276
Santa Spa,Spas,Da Nang,https://www.tripadvisor.com/Attraction_Review-g15296807-d24111506-Reviews-Santa_Spa-My_An_Da_Nang.html,277
Ocean Spa Nail,Spas • Thermal Spas,Da Nang,https://www.tripadvisor.com/Attraction_Review-g27704560-d17750718-Reviews-Ocean_Spa_Nail-Ngu_Hanh_Son_Da_Nang.html,278
Vinh Trung Plaza,Speciality & Gift Shops,Da Nang,https://www.tripadvisor.com/Attraction_Review-g298085-d7246284-Reviews-Vinh_Trung_Plaza-Da_Nang.html,279
Shine Spa For Sheraton Danang,Spas,Da Nang,https://www.tripadvisor.com/Attraction_Review-g298085-d28501609-Reviews-Shine_Spa_For_Sheraton_Danang-Da_Nang.html,280
Bliss Spa,Spas,Da Nang,https://www.tripadvisor.com/Attraction_Review-g25231262-d15871958-Reviews-Bliss_Spa-Hai_Chau_Da_Nang.html,281
Pheva Chocolate,Speciality & Gift Shops,Da Nang,https://www.tripadvisor.com/Attraction_Review-g298085-d7272080-Reviews-Pheva_Chocolate-Da_Nang.html,282
GALINA MUD BATH & SPA DA NANG,Spas,Da Nang,https://www.tripadvisor.com/Attraction_Review-g298085-d8317695-Reviews-GALINA_MUD_BATH_SPA_DA_NANG-Da_Nang.html,283
Serenity Spa,Spas,Da Nang,https://www.tripadvisor.com/Attraction_Review-g298085-d14986108-Reviews-Serenity_Spa-Da_Nang.html,284
Kiasu Spa,Spas,Da Nang,https://www.tripadvisor.com/Attraction_Review-g25197573-d28673339-Reviews-Kiasu_Spa-An_Hai_Son_Tra_Peninsula_Da_Nang.html,285
Hantou Souvenirs Shop,Speciality & Gift Shops,Da Nang,https://www.tripadvisor.com/Attraction_Review-g298085-d11620651-Reviews-Hantou_Souvenirs_Shop-Da_Nang.html,286
Marine Sky Bar,Bars & Clubs,Da Nang,https://www.tripadvisor.com/Attraction_Review-g298085-d19259798-Reviews-Marine_Sky_Bar-Da_Nang.html,287
Mélangé Spa,Spas,Da Nang,https://www.tripadvisor.com/Attraction_Review-g298085-d27118345-Reviews-Melange_Spa-Da_Nang.html,288
Carol Lounge,Bars & Clubs,Da Nang,https://www.tripadvisor.com/Attraction_Review-g298085-d25274942-Reviews-Carol_Lounge-Da_Nang.html,289
TinTin Spa & Massage,Spas,Da Nang,https://www.tripadvisor.com/Attraction_Review-g298085-d14111759-Reviews-TinTin_Spa_Massage-Da_Nang.html,290
Heart Spa 2,Spas,Da Nang,https://www.tripadvisor.com/Attraction_Review-g298085-d27944007-Reviews-Heart_Spa_2-Da_Nang.html,291
CIP Orchid Lounge Da Nang Airport,Airport Lounges,Da Nang,https://www.tripadvisor.com/Attraction_Review-g298085-d25250487-Reviews-CIP_Orchid_Lounge_Da_Nang_Airport-Da_Nang.html,292
Hero massage spa,Spas,Da Nang,https://www.tripadvisor.com/Attraction_Review-g19779171-d33070851-Reviews-Hero_massage_spa-Phuoc_My_Son_Tra_Peninsula_Da_Nang.html,293
Go To The Mat By Avi,Yoga & Pilates,Da Nang,https://www.tripadvisor.com/Attraction_Review-g16740551-d12971882-Reviews-Go_To_The_Mat_By_Avi-Lien_Chieu_Da_Nang.html,294
M' Healthy Spa,Spas,Da Nang,https://www.tripadvisor.com/Attraction_Review-g298085-d15333773-Reviews-M_Healthy_Spa-Da_Nang.html,295
Guscent - Niche Perfume & Scent Gifts,Speciality & Gift Shops,Da Nang,https://www.tripadvisor.com/Attraction_Review-g298085-d34309584-Reviews-Guscent_Niche_Perfume_Scent_Gifts-Da_Nang.html,296
Kalà Kalà Beach Club,Bars & Clubs • Beach & Pool Clubs,Da Nang,https://www.tripadvisor.com/Attraction_Review-g298085-d33871924-Reviews-Kala_Kala_Beach_Club-Da_Nang.html,297
C Bar Da Nang,Bars & Clubs • Jazz Bars,Da Nang,https://www.tripadvisor.com/Attraction_Review-g298085-d25409114-Reviews-C_Bar_Da_Nang-Da_Nang.html,298
LHC Wooden Handcrafted Jewelry and Gifts,Speciality & Gift Shops • Paint & Pottery Studios,Da Nang,https://www.tripadvisor.com/Attraction_Review-g298085-d12199240-Reviews-LHC_Wooden_Handcrafted_Jewelry_and_Gifts-Da_Nang.html,299
Sen Spa Da Nang,Spas,Da Nang,https://www.tripadvisor.com/Attraction_Review-g298085-d28147710-Reviews-Sen_Spa_Da_Nang-Da_Nang.html,300
Clover Spa Massage Da Nang,Spas,Da Nang,https://www.tripadvisor.com/Attraction_Review-g298085-d27120753-Reviews-Clover_Spa_Massage_Da_Nang-Da_Nang.html,301
185 Foot Massage Salon,Spas,Da Nang,https://www.tripadvisor.com/Attraction_Review-g298085-d8300183-Reviews-185_Foot_Massage_Salon-Da_Nang.html,302
Vela Spa,Spas,Da Nang,https://www.tripadvisor.com/Attraction_Review-g15296807-d12639064-Reviews-Vela_Spa-My_An_Da_Nang.html,303
Tiên Sa Show,Theater & Performances,Da Nang,https://www.tripadvisor.com/Attraction_Review-g298085-d33018988-Reviews-Tien_Sa_Show-Da_Nang.html,304
Crossfit Lotus,Health Clubs,Da Nang,https://www.tripadvisor.com/Attraction_Review-g298085-d33421797-Reviews-Crossfit_Lotus-Da_Nang.html,305
Zero Hair Salon,Spas,Da Nang,https://www.tripadvisor.com/Attraction_Review-g298085-d33023337-Reviews-Zero_Hair_Salon-Da_Nang.html,306
Cty Tnhh Dragon Golf,Gear Rentals • Golf Courses,Da Nang,https://www.tripadvisor.com/Attraction_Review-g298085-d4513308-Reviews-Cty_Tnhh_Dragon_Golf-Da_Nang.html,308
NIRVA SPA,Spas,Da Nang,https://www.tripadvisor.com/Attraction_Review-g298085-d11680840-Reviews-NIRVA_SPA-Da_Nang.html,309
Massage & Spa Daisy,Spas,Da Nang,https://www.tripadvisor.com/Attraction_Review-g298085-d12614044-Reviews-Massage_Spa_Daisy-Da_Nang.html,310
Hana Healthy Spa,Spas,Da Nang,https://www.tripadvisor.com/Attraction_Review-g298085-d34402488-Reviews-Hana_Healthy_Spa-Da_Nang.html,311
Royal Senses Spa,Spas,Da Nang,https://www.tripadvisor.com/Attraction_Review-g10487549-d33678132-Reviews-Royal_Senses_Spa-Dien_Ban_Da_Nang.html,312
For You Club Da Nang,Bars & Clubs • Dance Clubs & Discos,Da Nang,https://www.tripadvisor.com/Attraction_Review-g298085-d28200070-Reviews-For_You_Club_Da_Nang-Da_Nang.html,313
New Phuong Dong Club,Bars & Clubs,Da Nang,https://www.tripadvisor.com/Attraction_Review-g298085-d14206416-Reviews-New_Phuong_Dong_Club-Da_Nang.html,314
Phuong Dong Nightclub,Bars & Clubs,Da Nang,https://www.tripadvisor.com/Attraction_Review-g298085-d4061341-Reviews-Phuong_Dong_Nightclub-Da_Nang.html,315
LaMer Premium Spa Đà Nẵng,Spas,Da Nang,https://www.tripadvisor.com/Attraction_Review-g298085-d24071780-Reviews-LaMer_Premium_Spa_Da_N_ng-Da_Nang.html,316
Ans Spa,Spas,Da Nang,https://www.tripadvisor.com/Attraction_Review-g298085-d13367071-Reviews-Ans_Spa-Da_Nang.html,317
"AVANA Outlet, Workshop and Designlab",Speciality & Gift Shops • Lessons & Workshops,Da Nang,https://www.tripadvisor.com/Attraction_Review-g298085-d13188494-Reviews-AVANA_Outlet_Workshop_and_Designlab-Da_Nang.html,318
Rora Spa & Massage,Spas,Da Nang,https://www.tripadvisor.com/Attraction_Review-g298085-d27504914-Reviews-Rora_Spa_Massage-Da_Nang.html,319
Coleni Beauty,Spas,Da Nang,https://www.tripadvisor.com/Attraction_Review-g298085-d34044747-Reviews-Coleni_Beauty-Da_Nang.html,320
D'art Chocolate,Speciality & Gift Shops,Da Nang,https://www.tripadvisor.com/Attraction_Review-g298085-d12948612-Reviews-D_art_Chocolate-Da_Nang.html,321
Ngoc Linh Spa,Health Clubs • Hammams & Turkish Baths,Da Nang,https://www.tripadvisor.com/Attraction_Review-g298085-d8851159-Reviews-Ngoc_Linh_Spa-Da_Nang.html,322
Snus Da Nang,Cigar Bars,Da Nang,https://www.tripadvisor.com/Attraction_Review-g298085-d33991386-Reviews-Snus_Da_Nang-Da_Nang.html,323
MyVietTrip,Multi-day Tours • Taxis & Shuttles,Da Nang,https://www.tripadvisor.com/Attraction_Review-g298085-d26628278-Reviews-MyVietTrip-Da_Nang.html,324
Da Nang Wellness,Yoga & Pilates • Sporting Events,Da Nang,https://www.tripadvisor.com/Attraction_Review-g298085-d33232347-Reviews-Da_Nang_Wellness-Da_Nang.html,325
Nón Spa,Spas,Da Nang,https://www.tripadvisor.com/Attraction_Review-g298085-d26626841-Reviews-Non_Spa-Da_Nang.html,326
Cool SPA,Spas,Da Nang,https://www.tripadvisor.com/Attraction_Review-g17786366-d28659166-Reviews-Cool_SPA-Son_Tra_Peninsula_Da_Nang.html,327
Q&b Luxury Spa,Hammams & Turkish Baths • Spas,Da Nang,https://www.tripadvisor.com/Attraction_Review-g298085-d34293080-Reviews-Q_b_Luxury_Spa-Da_Nang.html,328
Noah Spa Danang,Spas,Da Nang,https://www.tripadvisor.com/Attraction_Review-g298085-d9986732-Reviews-Noah_Spa_Danang-Da_Nang.html,329
Chua Spa,Spas,Da Nang,https://www.tripadvisor.com/Attraction_Review-g298085-d32791001-Reviews-Chua_Spa-Da_Nang.html,330
Now Spa,Educational sites • Spas,Da Nang,https://www.tripadvisor.com/Attraction_Review-g298085-d15000706-Reviews-Now_Spa-Da_Nang.html,331
Dreamer Store,Speciality & Gift Shops,Da Nang,https://www.tripadvisor.com/Attraction_Review-g298085-d14949083-Reviews-Dreamer_Store-Da_Nang.html,332
Royal Spa & Nail,Spas,Da Nang,https://www.tripadvisor.com/Attraction_Review-g298085-d19430521-Reviews-Royal_Spa_Nail-Da_Nang.html,333
Elys Beauty & Spa,Spas,Da Nang,https://www.tripadvisor.com/Attraction_Review-g298085-d14169950-Reviews-Elys_Beauty_Spa-Da_Nang.html,334
Min Luxury Spa,Spas,Da Nang,https://www.tripadvisor.com/Attraction_Review-g17786366-d18314084-Reviews-Min_Luxury_Spa-Son_Tra_Peninsula_Da_Nang.html,335
Lagen Massage,Spas,Da Nang,https://www.tripadvisor.com/Attraction_Review-g298085-d11835896-Reviews-Lagen_Massage-Da_Nang.html,336
Taran,Speciality & Gift Shops,Da Nang,https://www.tripadvisor.com/Attraction_Review-g298085-d14548241-Reviews-Taran-Da_Nang.html,337
Anpaz Spa & Massage,Spas,Da Nang,https://www.tripadvisor.com/Attraction_Review-g298085-d8773685-Reviews-Anpaz_Spa_Massage-Da_Nang.html,338
Ket Bar,Bars & Clubs,Da Nang,https://www.tripadvisor.com/Attraction_Review-g298085-d27147348-Reviews-Ket_Bar-Da_Nang.html,339
Hannah Brows and Nails,Spas,Da Nang,https://www.tripadvisor.com/Attraction_Review-g298085-d15296058-Reviews-Hannah_Brows_and_Nails-Da_Nang.html,340
Gac Coffee & Massage,Spas,Da Nang,https://www.tripadvisor.com/Attraction_Review-g298085-d14440826-Reviews-Gac_Coffee_Massage-Da_Nang.html,341
Han Travel Agency,Taxis & Shuttles,Da Nang,https://www.tripadvisor.com/Attraction_Review-g298085-d14058100-Reviews-Han_Travel_Agency-Da_Nang.html,342
Suwon Spa,Spas,Da Nang,https://www.tripadvisor.com/Attraction_Review-g298085-d33131502-Reviews-Suwon_Spa-Da_Nang.html,343
Las Vegas Karaoke,Karaoke Bars,Da Nang,https://www.tripadvisor.com/Attraction_Review-g298085-d27698736-Reviews-Las_Vegas_Karaoke-Da_Nang.html,344
Nuna Club Lounge,Bars & Clubs,Da Nang,https://www.tripadvisor.com/Attraction_Review-g298085-d25226059-Reviews-Nuna_Club_Lounge-Da_Nang.html,345
Thanh Spa,Spas,Da Nang,https://www.tripadvisor.com/Attraction_Review-g298085-d15681094-Reviews-Thanh_Spa-Da_Nang.html,346
Rent-Motor Da Nang,Gear Rentals,Da Nang,https://www.tripadvisor.com/Attraction_Review-g298085-d32864037-Reviews-Rent_Motor_Da_Nang-Da_Nang.html,347
Danang Queens Nail & Barber Shop,Open now,Da Nang,https://www.tripadvisor.com/Attraction_Review-g25231262-d33417134-Reviews-Danang_Queens_Nail_Barber_Shop-Hai_Chau_Da_Nang.html,348
Hieu Dep Da Nang,Spas,Da Nang,https://www.tripadvisor.com/Attraction_Review-g298085-d28143361-Reviews-Hieu_Dep_Da_Nang-Da_Nang.html,349
Suzy Nails & Foot Massage,Open now,Da Nang,https://www.tripadvisor.com/Attraction_Review-g298085-d25088613-Reviews-Suzy_Nails_Foot_Massage-Da_Nang.html,350
New Golden Pine Club,Bars & Clubs,Da Nang,https://www.tripadvisor.com/Attraction_Review-g298085-d34340102-Reviews-New_Golden_Pine_Club-Da_Nang.html,351
An Spa Sauna & Massage,Spas,Da Nang,https://www.tripadvisor.com/Attraction_Review-g298085-d15735854-Reviews-An_Spa_Sauna_Massage-Da_Nang.html,352
Danawatch,Speciality & Gift Shops,Da Nang,https://www.tripadvisor.com/Attraction_Review-g298085-d15588447-Reviews-Danawatch-Da_Nang.html,353
Champa Spa,Spas,Da Nang,https://www.tripadvisor.com/Attraction_Review-g298085-d11925493-Reviews-Champa_Spa-Da_Nang.html,354
Song Khoe Spa & Massage,Spas,Da Nang,https://www.tripadvisor.com/Attraction_Review-g298085-d9739039-Reviews-Song_Khoe_Spa_Massage-Da_Nang.html,355
Da Nang Optical,Speciality & Gift Shops,Da Nang,https://www.tripadvisor.com/Attraction_Review-g298085-d33370975-Reviews-Da_Nang_Optical-Da_Nang.html,357
Charming Danang,Theater & Performances,Da Nang,https://www.tripadvisor.com/Attraction_Review-g298085-d12339617-Reviews-Charming_Danang-Da_Nang.html,358
The Sand Spa Da Nang,Spas,Da Nang,https://www.tripadvisor.com/Attraction_Review-g298085-d33227787-Reviews-The_Sand_Spa_Da_Nang-Da_Nang.html,359
Da Nang Airport to Hoi An By Private Car,Taxis & Shuttles,Da Nang,https://www.tripadvisor.com/Attraction_Review-g298085-d34247808-Reviews-Da_Nang_Airport_to_Hoi_An_By_Private_Car-Da_Nang.html,360
Ann Retreat,Spas,Da Nang,https://www.tripadvisor.com/Attraction_Review-g298085-d34518373-Reviews-Ann_Retreat-Da_Nang.html,361
Havi Beauty And Spa Da Nang,Spas,Da Nang,https://www.tripadvisor.com/Attraction_Review-g298085-d25175684-Reviews-Havi_Beauty_And_Spa_Da_Nang-Da_Nang.html,362
Karma Lounge Đà Nẵng,Bars & Clubs,Da Nang,https://www.tripadvisor.com/Attraction_Review-g298085-d25305230-Reviews-Karma_Lounge_Da_N_ng-Da_Nang.html,363
Izigo -E-motorbike Rental Service In Da Nang,Gear Rentals,Da Nang,https://www.tripadvisor.com/Attraction_Review-g19935676-d27674691-Reviews-Izigo_E_motorbike_Rental_Service_In_Da_Nang-An_Hai_Bac_Son_Tra_Peninsula_Da_Na.html,364
Veston Tran,Speciality & Gift Shops,Da Nang,https://www.tripadvisor.com/Attraction_Review-g298085-d8263380-Reviews-Veston_Tran-Da_Nang.html,365
Legendary Chocolatier At Da Nang,Speciality & Gift Shops,Da Nang,https://www.tripadvisor.com/Attraction_Review-g298085-d13990227-Reviews-Legendary_Chocolatier_At_Da_Nang-Da_Nang.html,366
VN CARS SERVICES,Taxis & Shuttles,Da Nang,https://www.tripadvisor.com/Attraction_Review-g298085-d19643764-Reviews-VN_CARS_SERVICES-Da_Nang.html,367
Lena Nails & Beauty,Open now,Da Nang,https://www.tripadvisor.com/Attraction_Review-g298085-d34336670-Reviews-Lena_Nails_Beauty-Da_Nang.html,368
World Spa,Spas,Da Nang,https://www.tripadvisor.com/Attraction_Review-g298085-d15521706-Reviews-World_Spa-Da_Nang.html,369
Danang Private Tours,Historical & Heritage Tours • Sightseeing Tours,Da Nang,https://www.tripadvisor.com/Attraction_Review-g298085-d8532504-Reviews-Danang_Private_Tours-Da_Nang.html,370
Mi Sol Spa,Spas,Da Nang,https://www.tripadvisor.com/Attraction_Review-g298085-d4600443-Reviews-Mi_Sol_Spa-Da_Nang.html,371
Snow Spa & Nail,Spas,Da Nang,https://www.tripadvisor.com/Attraction_Review-g10487549-d25395117-Reviews-Snow_Spa_Nail-Dien_Ban_Da_Nang.html,372
Herbal Boutique Spa,Spas,Da Nang,https://www.tripadvisor.com/Attraction_Review-g17786366-d19609051-Reviews-Herbal_Boutique_Spa-Son_Tra_Peninsula_Da_Nang.html,373
Chula Spa,Spas,Da Nang,https://www.tripadvisor.com/Attraction_Review-g298085-d17853351-Reviews-Chula_Spa-Da_Nang.html,374
Spa Thuy Tien,Spas,Da Nang,https://www.tripadvisor.com/Attraction_Review-g298085-d15263718-Reviews-Spa_Thuy_Tien-Da_Nang.html,375
Bliss Spa Đà Nẵng,Spas,Da Nang,https://www.tripadvisor.com/Attraction_Review-g298085-d27885039-Reviews-Bliss_Spa_Da_N_ng-Da_Nang.html,376
Sai Gon Spa Massage,Spas,Da Nang,https://www.tripadvisor.com/Attraction_Review-g298085-d15363395-Reviews-Sai_Gon_Spa_Massage-Da_Nang.html,377
The Workshop,Lessons & Workshops,Da Nang,https://www.tripadvisor.com/Attraction_Review-g298085-d14887791-Reviews-The_Workshop-Da_Nang.html,378
Mắt Kính Phương Nam,Speciality & Gift Shops,Da Nang,https://www.tripadvisor.com/Attraction_Review-g25231262-d28650086-Reviews-M_t_Kinh_Phuong_Nam-Hai_Chau_Da_Nang.html,379
Perdu - Cocktail Bar,Bars & Clubs,Da Nang,https://www.tripadvisor.com/Attraction_Review-g298085-d7237522-Reviews-Perdu_Cocktail_Bar-Da_Nang.html,380
Vie Spa,Spas,Da Nang,https://www.tripadvisor.com/Attraction_Review-g298085-d19065408-Reviews-Vie_Spa-Da_Nang.html,381
Julius Signature Spa & Massage,Spas,Da Nang,https://www.tripadvisor.com/Attraction_Review-g298085-d33320269-Reviews-Julius_Signature_Spa_Massage-Da_Nang.html,382
Rosie Wellness Spa,Spas,Da Nang,https://www.tripadvisor.com/Attraction_Review-g298085-d28241340-Reviews-Rosie_Wellness_Spa-Da_Nang.html,383
By The Sea Spa Da Nang,Spas,Da Nang,https://www.tripadvisor.com/Attraction_Review-g17786366-d15632361-Reviews-By_The_Sea_Spa_Da_Nang-Son_Tra_Peninsula_Da_Nang.html,384
Izumi Spa,Spas,Da Nang,https://www.tripadvisor.com/Attraction_Review-g298085-d16917140-Reviews-Izumi_Spa-Da_Nang.html,385
Emotion Spa Danang,Spas,Da Nang,https://www.tripadvisor.com/Attraction_Review-g298085-d19389889-Reviews-Emotion_Spa_Danang-Da_Nang.html,386
Easy Golf Da Nang,Miniature Golf,Da Nang,https://www.tripadvisor.com/Attraction_Review-g298085-d27466126-Reviews-Easy_Golf_Da_Nang-Da_Nang.html,387
Thương Ta Spa,Spas,Da Nang,https://www.tripadvisor.com/Attraction_Review-g298085-d34056775-Reviews-Thuong_Ta_Spa-Da_Nang.html,388
Relaxanh Wellness Spa Hoi An Garden,Spas,Da Nang,https://www.tripadvisor.com/Attraction_Review-g298085-d27139892-Reviews-Relaxanh_Wellness_Spa_Hoi_An_Garden-Da_Nang.html,389
Gold Spa,Spas,Da Nang,https://www.tripadvisor.com/Attraction_Review-g17786366-d19430557-Reviews-Gold_Spa-Son_Tra_Peninsula_Da_Nang.html,390
Hoan kim 2 Spa,Spas,Da Nang,https://www.tripadvisor.com/Attraction_Review-g298085-d33932152-Reviews-Hoan_kim_2_Spa-Da_Nang.html,391
Trang Mi Lashes & Brow,Spas,Da Nang,https://www.tripadvisor.com/Attraction_Review-g298085-d33267880-Reviews-Trang_Mi_Lashes_Brow-Da_Nang.html,392
Naomi Spa,Spas,Da Nang,https://www.tripadvisor.com/Attraction_Review-g298085-d12913207-Reviews-Naomi_Spa-Da_Nang.html,393
Spa & Cosmetic Miss Gia Han,Spas,Da Nang,https://www.tripadvisor.com/Attraction_Review-g298085-d12940334-Reviews-Spa_Cosmetic_Miss_Gia_Han-Da_Nang.html,394
Danang Cheap Taxi,Taxis & Shuttles,Da Nang,https://www.tripadvisor.com/Attraction_Review-g298085-d11725538-Reviews-Danang_Cheap_Taxi-Da_Nang.html,395
Indochina Riverside Mall,Speciality & Gift Shops,Da Nang,https://www.tripadvisor.com/Attraction_Review-g298085-d7246277-Reviews-Indochina_Riverside_Mall-Da_Nang.html,396
Vanda Spa,Spas,Da Nang,https://www.tripadvisor.com/Attraction_Review-g298085-d12574936-Reviews-Vanda_Spa-Da_Nang.html,397
Flower Spa Da Nang,Spas,Da Nang,https://www.tripadvisor.com/Attraction_Review-g298085-d15527956-Reviews-Flower_Spa_Da_Nang-Da_Nang.html,398
Heaven Spa,Spas,Da Nang,https://www.tripadvisor.com/Attraction_Review-g298085-d26857971-Reviews-Heaven_Spa-Da_Nang.html,399
Pink Nail,Open now,Da Nang,https://www.tripadvisor.com/Attraction_Review-g298085-d25019593-Reviews-Pink_Nail-Da_Nang.html,400
Win Dread Barbershop,Open now,Da Nang,https://www.tripadvisor.com/Attraction_Review-g298085-d27681845-Reviews-Win_Dread_Barbershop-Da_Nang.html,401
Sense Spa,Spas,Da Nang,https://www.tripadvisor.com/Attraction_Review-g298085-d6467601-Reviews-Sense_Spa-Da_Nang.html,402
Cool Spa - Da Nang,Spas,Da Nang,https://www.tripadvisor.com/Attraction_Review-g298085-d10844652-Reviews-Cool_Spa_Da_Nang-Da_Nang.html,403
VH Travel - Local Tours & Transportation,Parasailing & Paragliding • City Tours,Da Nang,https://www.tripadvisor.com/Attraction_Review-g298085-d25142480-Reviews-VH_Travel_Local_Tours_Transportation-Da_Nang.html,404
Trees Spa Da Nang,Spas,Da Nang,https://www.tripadvisor.com/Attraction_Review-g19935676-d33318424-Reviews-Trees_Spa_Da_Nang-An_Hai_Bac_Son_Tra_Peninsula_Da_Nang.html,405
Lantern And Moth Tattoo Shop Da Nang,Speciality & Gift Shops,Da Nang,https://www.tripadvisor.com/Attraction_Review-g298085-d32728296-Reviews-Lantern_And_Moth_Tattoo_Shop_Da_Nang-Da_Nang.html,406
Quan Spa,Spas,Da Nang,https://www.tripadvisor.com/Attraction_Review-g298085-d25551538-Reviews-Quan_Spa-Da_Nang.html,407
One Spa Da Nang,Spas,Da Nang,https://www.tripadvisor.com/Attraction_Review-g298085-d14758464-Reviews-One_Spa_Da_Nang-Da_Nang.html,408
Liti Nail & Hair 8,Spas,Da Nang,https://www.tripadvisor.com/Attraction_Review-g298085-d33217352-Reviews-Liti_Nail_Hair_8-Da_Nang.html,409
Ms Ao Dai Studio,Shooting Ranges,Da Nang,https://www.tripadvisor.com/Attraction_Review-g298085-d25467188-Reviews-Ms_Ao_Dai_Studio-Da_Nang.html,410
Sarangbangspa,Spas,Da Nang,https://www.tripadvisor.com/Attraction_Review-g298085-d28048597-Reviews-Sarangbangspa-Da_Nang.html,411
La Vila Spa,Spas,Da Nang,https://www.tripadvisor.com/Attraction_Review-g298085-d12145857-Reviews-La_Vila_Spa-Da_Nang.html,412
Da Nang Aodai Ridertour,City Tours • Adrenaline & Extreme Tours,Da Nang,https://www.tripadvisor.com/Attraction_Review-g298085-d12711652-Reviews-Da_Nang_Aodai_Ridertour-Da_Nang.html,413
Da Nang Scooter Adventures,Private Tours • Nature & Wildlife Tours,Da Nang,https://www.tripadvisor.com/Attraction_Review-g298085-d15279417-Reviews-Da_Nang_Scooter_Adventures-Da_Nang.html,414
Golden Bridge Bana Hills Tours,Multi-day Tours • Private Tours,Da Nang,https://www.tripadvisor.com/Attraction_Review-g298085-d17487683-Reviews-Golden_Bridge_Bana_Hills_Tours-Da_Nang.html,415
Quang Easyrider - Day Tours,City Tours • Bike Tours,Da Nang,https://www.tripadvisor.com/Attraction_Review-g298085-d8532493-Reviews-Quang_Easyrider_Day_Tours-Da_Nang.html,416
Man Nguyen Private Vietnam Tours,City Tours • Multi-day Tours,Da Nang,https://www.tripadvisor.com/Attraction_Review-g298085-d7905767-Reviews-Man_Nguyen_Private_Vietnam_Tours-Da_Nang.html,417
Vietnam Eco-Tours,Eco Tours • Hiking & Camping Tours,Da Nang,https://www.tripadvisor.com/Attraction_Review-g298085-d8856670-Reviews-Vietnam_Eco_Tours-Da_Nang.html,418
Hoi An - Da Nang - Hue Private Day Tour,Cultural Tours • Bike Tours,Da Nang,https://www.tripadvisor.com/Attraction_Review-g298085-d11729061-Reviews-Hoi_An_Da_Nang_Hue_Private_Day_Tour-Da_Nang.html,420
Pacific Boat Viet Nam,Scuba & Snorkelling • Waterskiing & Jetskiing,Da Nang,https://www.tripadvisor.com/Attraction_Review-g298085-d25004433-Reviews-Pacific_Boat_Viet_Nam-Da_Nang.html,421
Da Nang Food Tour,City Tours • Cultural Tours,Da Nang,https://www.tripadvisor.com/Attraction_Review-g298085-d4584802-Reviews-Da_Nang_Food_Tour-Da_Nang.html,422
Xuan Tu Tours,City Tours • Multi-day Tours,Da Nang,https://www.tripadvisor.com/Attraction_Review-g298085-d6583086-Reviews-Xuan_Tu_Tours-Da_Nang.html,423
Real Easyrider - Day Tours,Sightseeing Tours,Da Nang,https://www.tripadvisor.com/Attraction_Review-g298085-d5926737-Reviews-Real_Easyrider_Day_Tours-Da_Nang.html,424
Golden Rice Tours,Multi-day Tours • Cultural Tours,Da Nang,https://www.tripadvisor.com/Attraction_Review-g298085-d8855039-Reviews-Golden_Rice_Tours-Da_Nang.html,425
Da Nang Easy Riders,Cultural Tours • Historical & Heritage Tours,Da Nang,https://www.tripadvisor.com/Attraction_Review-g298085-d10077795-Reviews-Da_Nang_Easy_Riders-Da_Nang.html,426
Dong Giang Heaven's Gate,Multi-day Tours • Cultural Tours,Da Nang,https://www.tripadvisor.com/Attraction_Review-g298085-d33326836-Reviews-Dong_Giang_Heaven_s_Gate-Da_Nang.html,427
Tientourist Danang,City Tours • Taxis & Shuttles,Da Nang,https://www.tripadvisor.com/Attraction_Review-g298085-d16803264-Reviews-Tientourist_Danang-Da_Nang.html,428
Andy Da Nang Tours and Transfers,Multi-day Tours • Historical & Heritage Tours,Da Nang,https://www.tripadvisor.com/Attraction_Review-g298085-d11876159-Reviews-Andy_Da_Nang_Tours_and_Transfers-Da_Nang.html,429
Local Buddy Tours - Danang City,Multi-day Tours • Bike Tours,Da Nang,https://www.tripadvisor.com/Attraction_Review-g298085-d19906617-Reviews-Local_Buddy_Tours_Danang_City-Da_Nang.html,430
Easyrider Private Day Trips,City Tours • Motorcycle Tours,Da Nang,https://www.tripadvisor.com/Attraction_Review-g298085-d5556199-Reviews-Easyrider_Private_Day_Trips-Da_Nang.html,431
Easyrider Da Nang Motorbike Tour,Motorcycle Tours,Da Nang,https://www.tripadvisor.com/Attraction_Review-g298085-d4890007-Reviews-Easyrider_Da_Nang_Motorbike_Tour-Da_Nang.html,432
Da Nang-Hoi An Local Tours Signature by Hung Le Travel,City Tours • Cultural Tours,Da Nang,https://www.tripadvisor.com/Attraction_Review-g17786366-d19619467-Reviews-Da_Nang_Hoi_An_Local_Tours_Signature_by_Hung_Le_Travel-Son_Tra_Peninsula_Da_Na.html,433
Da Nang Private Car Rental,City Tours • Taxis & Shuttles,Da Nang,https://www.tripadvisor.com/Attraction_Review-g298085-d25380805-Reviews-Da_Nang_Private_Car_Rental-Da_Nang.html,434
Danang Motorbike Adventure,Taxis & Shuttles • Motorcycle Tours,Da Nang,https://www.tripadvisor.com/Attraction_Review-g298085-d17604628-Reviews-Danang_Motorbike_Adventure-Da_Nang.html,435
Da Nang Home Cooking Class,Cultural Tours • Eco Tours,Da Nang,https://www.tripadvisor.com/Attraction_Review-g298085-d10623407-Reviews-Da_Nang_Home_Cooking_Class-Da_Nang.html,436
Truong Sa Tourist Vietnam DMC,"City Tours • Bar, Club & Pub Tours",Da Nang,https://www.tripadvisor.com/Attraction_Review-g298085-d18189861-Reviews-Truong_Sa_Tourist_Vietnam_DMC-Da_Nang.html,437
Motorbike Rental Da Nang,City Tours • Cultural Tours,Da Nang,https://www.tripadvisor.com/Attraction_Review-g298085-d24941142-Reviews-Motorbike_Rental_Da_Nang-Da_Nang.html,438
Da Nang Hoi An Waterfalls,Eco Tours • Hiking & Camping Tours,Da Nang,https://www.tripadvisor.com/Attraction_Review-g298085-d14086646-Reviews-Da_Nang_Hoi_An_Waterfalls-Da_Nang.html,439
Danang Amazing Trip Travel,Multi-day Tours • Taxis & Shuttles,Da Nang,https://www.tripadvisor.com/Attraction_Review-g298085-d24973339-Reviews-Danang_Amazing_Trip_Travel-Da_Nang.html,440
Danang Summer Cooking Class,Lessons & Workshops • Coffee & Tea Tours,Da Nang,https://www.tripadvisor.com/Attraction_Review-g298085-d33055546-Reviews-Danang_Summer_Cooking_Class-Da_Nang.html,441
Danang Transfer,Taxis & Shuttles • Sightseeing Tours,Da Nang,https://www.tripadvisor.com/Attraction_Review-g298085-d13921265-Reviews-Danang_Transfer-Da_Nang.html,442
Jeep Tours Da Nang Looking Glass Jeep Tours,"4WD, ATV & Off-Road Tours • Sightseeing Tours",Da Nang,https://www.tripadvisor.com/Attraction_Review-g298085-d2214750-Reviews-Jeep_Tours_Da_Nang_Looking_Glass_Jeep_Tours-Da_Nang.html,443
Buddy Private Tour,City Tours • Taxis & Shuttles,Da Nang,https://www.tripadvisor.com/Attraction_Review-g298085-d17546791-Reviews-Buddy_Private_Tour-Da_Nang.html,444
Phu Minh Quang Travel,Multi-day Tours • Private Tours,Da Nang,https://www.tripadvisor.com/Attraction_Review-g298085-d25393415-Reviews-Phu_Minh_Quang_Travel-Da_Nang.html,445
Vietnam Shore Excursions,City Tours • Cultural Tours,Da Nang,https://www.tripadvisor.com/Attraction_Review-g298085-d8630974-Reviews-Vietnam_Shore_Excursions-Da_Nang.html,446
Premium Travel Vietnam,City Tours • Cultural Tours,Da Nang,https://www.tripadvisor.com/Attraction_Review-g298085-d12997047-Reviews-Premium_Travel_Vietnam-Da_Nang.html,447
다낭오드리네일앤스파,Fashion Shows & Tours • Taxis & Shuttles,Da Nang,https://www.tripadvisor.com/Attraction_Review-g298085-d26589310-Reviews-Da_Nang.html,448
My Easy Rider,Multi-day Tours • Motorcycle Tours,Da Nang,https://www.tripadvisor.com/Attraction_Review-g298085-d25237569-Reviews-My_Easy_Rider-Da_Nang.html,449
La Ban Tour,City Tours • Multi-day Tours,Da Nang,https://www.tripadvisor.com/Attraction_Review-g298085-d17577280-Reviews-La_Ban_Tour-Da_Nang.html,450
Bui Travel,Multi-day Tours • Taxis & Shuttles,Da Nang,https://www.tripadvisor.com/Attraction_Review-g298085-d27173949-Reviews-Bui_Travel-Da_Nang.html,451
WOWTRIP TRAVEL,Multi-day Tours • Taxis & Shuttles,Da Nang,https://www.tripadvisor.com/Attraction_Review-g298085-d24050263-Reviews-WOWTRIP_TRAVEL-Da_Nang.html,452
The Best Easyrider,Motorcycle Tours • Private Tours,Da Nang,https://www.tripadvisor.com/Attraction_Review-g298085-d5534261-Reviews-The_Best_Easyrider-Da_Nang.html,453
Da Nang Outdoor Adventures,Multi-day Tours • Surfing & Windsurfing,Da Nang,https://www.tripadvisor.com/Attraction_Review-g298085-d13279543-Reviews-Da_Nang_Outdoor_Adventures-Da_Nang.html,454
Danang Private Taxi,City Tours • Cultural Tours,Da Nang,https://www.tripadvisor.com/Attraction_Review-g298085-d8404074-Reviews-Danang_Private_Taxi-Da_Nang.html,455
"Next Continent: Wildlife, Photography, and Natural History Tours",Multi-day Tours • Walking Tours,Da Nang,https://www.tripadvisor.com/Attraction_Review-g298085-d28913321-Reviews-Next_Continent_Wildlife_Photography_and_Natural_History_Tours-Da_Nang.html,456
FishingFeel,Boat Tours • Fishing Charters & Tours,Da Nang,https://www.tripadvisor.com/Attraction_Review-g298085-d10902473-Reviews-FishingFeel-Da_Nang.html,457
Hoi An Scooter Adventures,Multi-day Tours • Taxis & Shuttles,Da Nang,https://www.tripadvisor.com/Attraction_Review-g298085-d20233740-Reviews-Hoi_An_Scooter_Adventures-Da_Nang.html,458
Vietnam Motorbike Tours - Bao Easyrider,Multi-day Tours • Motorcycle Tours,Da Nang,https://www.tripadvisor.com/Attraction_Review-g298085-d6615602-Reviews-Vietnam_Motorbike_Tours_Bao_Easyrider-Da_Nang.html,459
May Healing Spa,Taxis & Shuttles • Night Tours,Da Nang,https://www.tripadvisor.com/Attraction_Review-g298085-d25948324-Reviews-May_Healing_Spa-Da_Nang.html,460
EmoAsia Travel,Cultural Tours • Sightseeing Tours,Da Nang,https://www.tripadvisor.com/Attraction_Review-g298085-d30112491-Reviews-EmoAsia_Travel-Da_Nang.html,461
Sanna Tour JSC,Multi-day Tours • Adrenaline & Extreme Tours,Da Nang,https://www.tripadvisor.com/Attraction_Review-g298085-d26848515-Reviews-Sanna_Tour_JSC-Da_Nang.html,462
Ba Na Hills Daily Tours,City Tours • Historical & Heritage Tours,Da Nang,https://www.tripadvisor.com/Attraction_Review-g298085-d12945591-Reviews-Ba_Na_Hills_Daily_Tours-Da_Nang.html,463
Vietnam TravelMART,City Tours • Multi-day Tours,Da Nang,https://www.tripadvisor.com/Attraction_Review-g298085-d8563989-Reviews-Vietnam_TravelMART-Da_Nang.html,464
Happy Holiday Travel - Viet Nam,Multi-day Tours • Taxis & Shuttles,Da Nang,https://www.tripadvisor.com/Attraction_Review-g298085-d26696555-Reviews-Happy_Holiday_Travel_Viet_Nam-Da_Nang.html,465
BeeBikeHub - Bike Tours and Bike Rentals,Bike Tours • Gear Rentals,Da Nang,https://www.tripadvisor.com/Attraction_Review-g298085-d28140050-Reviews-BeeBikeHub_Bike_Tours_and_Bike_Rentals-Da_Nang.html,466
Skyture paragliding,Parasailing & Paragliding,Da Nang,https://www.tripadvisor.com/Attraction_Review-g17786366-d27169823-Reviews-Skyture_paragliding-Son_Tra_Peninsula_Da_Nang.html,467
Danang Green Travel,Multi-day Tours • Cultural Tours,Da Nang,https://www.tripadvisor.com/Attraction_Review-g298085-d15588293-Reviews-Danang_Green_Travel-Da_Nang.html,468
Path Biker Cycling Adventures,City Tours • Cultural Tours,Da Nang,https://www.tripadvisor.com/Attraction_Review-g298085-d2519617-Reviews-Path_Biker_Cycling_Adventures-Da_Nang.html,469
Tommy Shore Excursions,Cultural Tours • Historical & Heritage Tours,Da Nang,https://www.tripadvisor.com/Attraction_Review-g298085-d15612726-Reviews-Tommy_Shore_Excursions-Da_Nang.html,470
Happy Holiday Private Tours,City Tours • Multi-day Tours,Da Nang,https://www.tripadvisor.com/Attraction_Review-g298085-d18936559-Reviews-Happy_Holiday_Private_Tours-Da_Nang.html,471
Son Tra Monkey Tours Private,Safaris • Hiking & Camping Tours,Da Nang,https://www.tripadvisor.com/Attraction_Review-g15339118-d25302539-Reviews-Son_Tra_Monkey_Tours_Private-Tho_Quang_Son_Tra_Peninsula_Da_Nang.html,472
Danang Cooking Tour,Sightseeing Tours • Cooking Classes,Da Nang,https://www.tripadvisor.com/Attraction_Review-g298085-d15698255-Reviews-Danang_Cooking_Tour-Da_Nang.html,473
Da Nang Free Walking Tour,City Tours • Walking Tours,Da Nang,https://www.tripadvisor.com/Attraction_Review-g298085-d11949997-Reviews-Da_Nang_Free_Walking_Tour-Da_Nang.html,474
Vietnam Easy Rider,City Tours • Multi-day Tours,Da Nang,https://www.tripadvisor.com/Attraction_Review-g298085-d2486106-Reviews-Vietnam_Easy_Rider-Da_Nang.html,476
Funtastic Danang Food Tour,Cultural Tours • Food Tours,Da Nang,https://www.tripadvisor.com/Attraction_Review-g298085-d6612086-Reviews-Funtastic_Danang_Food_Tour-Da_Nang.html,477
Viet Nam Travel Bus,Taxis & Shuttles • Self-Guided Tours & Rentals,Da Nang,https://www.tripadvisor.com/Attraction_Review-g298085-d24826354-Reviews-Viet_Nam_Travel_Bus-Da_Nang.html,478
Danang Airport Transfer,City Tours • Cultural Tours,Da Nang,https://www.tripadvisor.com/Attraction_Review-g298085-d12171155-Reviews-Danang_Airport_Transfer-Da_Nang.html,480
Vietnam in Focus,Photography Tours • Day Trips,Da Nang,https://www.tripadvisor.com/Attraction_Review-g298085-d27517027-Reviews-Vietnam_in_Focus-Da_Nang.html,481
VEI Travel,City Tours • Multi-day Tours,Da Nang,https://www.tripadvisor.com/Attraction_Review-g298085-d8366334-Reviews-VEI_Travel-Da_Nang.html,483
Lucky Buddy Travel,City Tours • Cultural Tours,Da Nang,https://www.tripadvisor.com/Attraction_Review-g298085-d15275823-Reviews-Lucky_Buddy_Travel-Da_Nang.html,484
LIX AD hair design,Spas,Da Nang,https://www.tripadvisor.com/Attraction_Review-g298085-d34438294-Reviews-LIX_AD_hair_design-Da_Nang.html,485
Whoo Spa Da Nang,Spas • Thermal Spas,Da Nang,https://www.tripadvisor.com/Attraction_Review-g298085-d23962154-Reviews-Whoo_Spa_Da_Nang-Da_Nang.html,487
Da Nang Visa Support & Fast Track Service,Taxis & Shuttles,Da Nang,https://www.tripadvisor.com/Attraction_Review-g298085-d34392735-Reviews-Da_Nang_Visa_Support_Fast_Track_Service-Da_Nang.html,489
Annie Trusted Babysitter Hoi An & Da Nang,Private Tours,Da Nang,https://www.tripadvisor.com/Attraction_Review-g298085-d34409651-Reviews-Annie_Trusted_Babysitter_Hoi_An_Da_Nang-Da_Nang.html,492
GoGolfVietnam,Private Tours • Day Trips,Da Nang,https://www.tripadvisor.com/Attraction_Review-g298085-d34306019-Reviews-GoGolfVietnam-Da_Nang.html,493
SecretEATS Da Nang,"Bar, Club & Pub Tours • Night Tours",Da Nang,https://www.tripadvisor.com/Attraction_Review-g298085-d33444366-Reviews-SecretEATS_Da_Nang-Da_Nang.html,494
Levenin Spa Danang,Spas,Da Nang,https://www.tripadvisor.com/Attraction_Review-g298085-d25133671-Reviews-Levenin_Spa_Danang-Da_Nang.html,498
Jeep Tour Viet Nam,"4WD, ATV & Off-Road Tours • Sightseeing Tours",Da Nang,https://www.tripadvisor.com/Attraction_Review-g298085-d15759620-Reviews-Jeep_Tour_Viet_Nam-Da_Nang.html,499
Cat Viet Travel,City Tours • Cultural Tours,Da Nang,https://www.tripadvisor.com/Attraction_Review-g298085-d27981503-Reviews-Cat_Viet_Travel-Da_Nang.html,501
Viet Golfie - Vietnam Golf Tours,Taxis & Shuttles • Private Tours,Da Nang,https://www.tripadvisor.com/Attraction_Review-g298085-d33871698-Reviews-Viet_Golfie_Vietnam_Golf_Tours-Da_Nang.html,503
Hoi An - Da Nang Private Tours,City Tours • Multi-day Tours,Da Nang,https://www.tripadvisor.com/Attraction_Review-g19779171-d20074581-Reviews-Hoi_An_Da_Nang_Private_Tours-Phuoc_My_Son_Tra_Peninsula_Da_Nang.html,506
ARIA SPA,Spas,Da Nang,https://www.tripadvisor.com/Attraction_Review-g298085-d34372439-Reviews-ARIA_SPA-Da_Nang.html,508
Da Nang Eco Tours,Boat Tours • Walking Tours,Da Nang,https://www.tripadvisor.com/Attraction_Review-g298085-d33060881-Reviews-Da_Nang_Eco_Tours-Da_Nang.html,510
Dahavi Tour,Taxis & Shuttles • Gear Rentals,Da Nang,https://www.tripadvisor.com/Attraction_Review-g298085-d33969050-Reviews-Dahavi_Tour-Da_Nang.html,512
MOJO Massage Da Nang,Spas,Da Nang,https://www.tripadvisor.com/Attraction_Review-g298085-d26321782-Reviews-MOJO_Massage_Da_Nang-Da_Nang.html,513
GG41 Vietnam company,Taxis & Shuttles,Da Nang,https://www.tripadvisor.com/Attraction_Review-g298085-d33877557-Reviews-GG41_Vietnam_company-Da_Nang.html,515
Zenith Spa Danang,Spas,Da Nang,https://www.tripadvisor.com/Attraction_Review-g298085-d28135803-Reviews-Zenith_Spa_Danang-Da_Nang.html,516
Missha Spa,Spas,Da Nang,https://www.tripadvisor.com/Attraction_Review-g15296807-d33322904-Reviews-Missha_Spa-My_An_Da_Nang.html,520
"Ana Spa Massage Da Nang - Hair Wash, Nail",Spas,Da Nang,https://www.tripadvisor.com/Attraction_Review-g298085-d34538749-Reviews-Ana_Spa_Massage_Da_Nang_Hair_Wash_Nail-Da_Nang.html,521
Spatime Danang,Spas,Da Nang,https://www.tripadvisor.com/Attraction_Review-g298085-d34572220-Reviews-Spatime_Danang-Da_Nang.html,522
Snus Da Nang - Fika Pouches,Speciality & Gift Shops • Blues Bars,Da Nang,https://www.tripadvisor.com/Attraction_Review-g298085-d34570181-Reviews-Snus_Da_Nang_Fika_Pouches-Da_Nang.html,526
Phuc An Beauty Spa,Spas,Da Nang,https://www.tripadvisor.com/Attraction_Review-g298085-d14140792-Reviews-Phuc_An_Beauty_Spa-Da_Nang.html,527
Maika Tours - Da Nang,City Tours • Multi-day Tours,Da Nang,https://www.tripadvisor.com/Attraction_Review-g298085-d25427717-Reviews-Maika_Tours_Da_Nang-Da_Nang.html,528
Traveling Spoon,Cooking Classes • Food Tours,Da Nang,https://www.tripadvisor.com/Attraction_Review-g298085-d12565262-Reviews-Traveling_Spoon-Da_Nang.html,530
Scooter Rental Da Nang - DanangBike,Gear Rentals • Self-Guided Tours & Rentals,Da Nang,https://www.tripadvisor.com/Attraction_Review-g298085-d34112114-Reviews-Scooter_Rental_Da_Nang_DanangBike-Da_Nang.html,532
Herbal Salon uruan,Spas,Da Nang,https://www.tripadvisor.com/Attraction_Review-g298085-d34348321-Reviews-Herbal_Salon_uruan-Da_Nang.html,534
Aphrodite,Boat Tours,Da Nang,https://www.tripadvisor.com/Attraction_Review-g15339118-d26308774-Reviews-Aphrodite-Tho_Quang_Son_Tra_Peninsula_Da_Nang.html,536
Ball & Bee's Home,Speciality & Gift Shops,Da Nang,https://www.tripadvisor.com/Attraction_Review-g298085-d17642753-Reviews-Ball_Bee_s_Home-Da_Nang.html,538
Webe Cofffee,Coffee & Tea Tours,Da Nang,https://www.tripadvisor.com/Attraction_Review-g298085-d34261473-Reviews-Webe_Cofffee-Da_Nang.html,539
Da Nang Local Tour,Cooking Classes • Food Tours,Da Nang,https://www.tripadvisor.com/Attraction_Review-g298085-d27127573-Reviews-Da_Nang_Local_Tour-Da_Nang.html,540
War Remnants Museum,History Museums,Ho Chi Minh City,https://www.tripadvisor.com/Attraction_Review-g293925-d311103-Reviews-War_Remnants_Museum-Ho_Chi_Minh_City.html,1
Cu Chi Tunnels,Points of Interest & Landmarks,Ho Chi Minh City,https://www.tripadvisor.com/Attraction_Review-g293925-d2005826-Reviews-Cu_Chi_Tunnels-Ho_Chi_Minh_City.html,2
Ben Thanh Market,Flea & Street Markets,Ho Chi Minh City,https://www.tripadvisor.com/Attraction_Review-g293925-d311087-Reviews-Ben_Thanh_Market-Ho_Chi_Minh_City.html,3
A O Show - Lune Production,Theaters,Ho Chi Minh City,https://www.tripadvisor.com/Attraction_Review-g293925-d4542125-Reviews-A_O_Show_Lune_Production-Ho_Chi_Minh_City.html,4
Saigon Central Post Office,Architectural Buildings • Government Buildings,Ho Chi Minh City,https://www.tripadvisor.com/Attraction_Review-g293925-d311089-Reviews-Saigon_Central_Post_Office-Ho_Chi_Minh_City.html,5
Bitexco Financial Tower,Points of Interest & Landmarks • Observation Decks & Towers,Ho Chi Minh City,https://www.tripadvisor.com/Attraction_Review-g293925-d2037764-Reviews-Bitexco_Financial_Tower-Ho_Chi_Minh_City.html,6
Club V E-Gaming,Casinos • Game & Entertainment Centers,Ho Chi Minh City,https://www.tripadvisor.com/Attraction_Review-g293925-d14051467-Reviews-Club_V_E_Gaming-Ho_Chi_Minh_City.html,7
The Independence Palace,Historic Sites • Architectural Buildings,Ho Chi Minh City,https://www.tripadvisor.com/Attraction_Review-g293925-d317890-Reviews-The_Independence_Palace-Ho_Chi_Minh_City.html,8
Bui Vien Street,Points of Interest & Landmarks,Ho Chi Minh City,https://www.tripadvisor.com/Attraction_Review-g293925-d5505885-Reviews-Bui_Vien_Street-Ho_Chi_Minh_City.html,9
Ben Nghe Street Food,Flea & Street Markets,Ho Chi Minh City,https://www.tripadvisor.com/Attraction_Review-g293925-d10005057-Reviews-Ben_Nghe_Street_Food-Ho_Chi_Minh_City.html,10
Sai Gon Square,Shopping Malls,Ho Chi Minh City,https://www.tripadvisor.com/Attraction_Review-g293925-d2475475-Reviews-Sai_Gon_Square-Ho_Chi_Minh_City.html,11
Vegas E-gaming Club,Casinos • Game & Entertainment Centers,Ho Chi Minh City,https://www.tripadvisor.com/Attraction_Review-g293925-d15292553-Reviews-Vegas_E_gaming_Club-Ho_Chi_Minh_City.html,12
Notre Dame Cathedral of Saigon,Churches & Cathedrals,Ho Chi Minh City,https://www.tripadvisor.com/Attraction_Review-g293925-d317896-Reviews-Notre_Dame_Cathedral_of_Saigon-Ho_Chi_Minh_City.html,13
Nguyen Hue Street,Points of Interest & Landmarks,Ho Chi Minh City,https://www.tripadvisor.com/Attraction_Review-g293925-d8290115-Reviews-Nguyen_Hue_Street-Ho_Chi_Minh_City.html,14
Saigon Opera House (Ho Chi Minh Municipal Theater),Theaters,Ho Chi Minh City,https://www.tripadvisor.com/Attraction_Review-g293925-d454974-Reviews-Saigon_Opera_House_Ho_Chi_Minh_Municipal_Theater-Ho_Chi_Minh_City.html,15
Saigon Centre,Shopping Malls,Ho Chi Minh City,https://www.tripadvisor.com/Attraction_Review-g293925-d4552853-Reviews-Saigon_Centre-Ho_Chi_Minh_City.html,16
Ho Chi Minh Square (Quảng trường Hồ Chí Minh),Points of Interest & Landmarks,Ho Chi Minh City,https://www.tripadvisor.com/Attraction_Review-g293925-d317893-Reviews-Ho_Chi_Minh_Square_Qu_ng_tru_ng_H_Chi_Minh-Ho_Chi_Minh_City.html,17
Golden Dragon Water Puppet Theater,Theaters,Ho Chi Minh City,https://www.tripadvisor.com/Attraction_Review-g293925-d1489190-Reviews-Golden_Dragon_Water_Puppet_Theater-Ho_Chi_Minh_City.html,18
FITO Museum,Speciality Museums,Ho Chi Minh City,https://www.tripadvisor.com/Attraction_Review-g293925-d1929610-Reviews-FITO_Museum-Ho_Chi_Minh_City.html,19
La Victoire E-Gaming Club,Casinos,Ho Chi Minh City,https://www.tripadvisor.com/Attraction_Review-g293925-d26805055-Reviews-La_Victoire_E_Gaming_Club-Ho_Chi_Minh_City.html,20
Ho Chi Minh City's Book Street,Neighborhoods,Ho Chi Minh City,https://www.tripadvisor.com/Attraction_Review-g293925-d10836601-Reviews-Ho_Chi_Minh_City_s_Book_Street-Ho_Chi_Minh_City.html,21
Museum of Vietnamese History,History Museums,Ho Chi Minh City,https://www.tripadvisor.com/Attraction_Review-g293925-d454975-Reviews-Museum_of_Vietnamese_History-Ho_Chi_Minh_City.html,22
Suoi Tien Theme Park,Amusement & Theme Parks • Water Parks,Ho Chi Minh City,https://www.tripadvisor.com/Attraction_Review-g293925-d2389145-Reviews-Suoi_Tien_Theme_Park-Ho_Chi_Minh_City.html,23
Vincom Center,Shopping Malls,Ho Chi Minh City,https://www.tripadvisor.com/Attraction_Review-g293925-d1830324-Reviews-Vincom_Center-Ho_Chi_Minh_City.html,24
Ba Thien Hau Temple,Religious Sites,Ho Chi Minh City,https://www.tripadvisor.com/Attraction_Review-g293925-d2273335-Reviews-Ba_Thien_Hau_Temple-Ho_Chi_Minh_City.html,25
Ho Chi Minh City Museum of Fine Arts,Art Museums,Ho Chi Minh City,https://www.tripadvisor.com/Attraction_Review-g293925-d455387-Reviews-Ho_Chi_Minh_City_Museum_of_Fine_Arts-Ho_Chi_Minh_City.html,26
Emperor Jade Pagoda,Religious Sites,Ho Chi Minh City,https://www.tripadvisor.com/Attraction_Review-g293925-d311094-Reviews-Emperor_Jade_Pagoda-Ho_Chi_Minh_City.html,27
Tao Dan Park,Parks,Ho Chi Minh City,https://www.tripadvisor.com/Attraction_Review-g293925-d2414430-Reviews-Tao_Dan_Park-Ho_Chi_Minh_City.html,28
Pham Ngu Lao Street,Points of Interest & Landmarks,Ho Chi Minh City,https://www.tripadvisor.com/Attraction_Review-g293925-d2273343-Reviews-Pham_Ngu_Lao_Street-Ho_Chi_Minh_City.html,29
Metashow Exhibition,Art Museums,Ho Chi Minh City,https://www.tripadvisor.com/Attraction_Review-g293925-d33677575-Reviews-Metashow_Exhibition-Ho_Chi_Minh_City.html,30
Takashimaya Ho Chi Minh City,Department Stores • Shopping Malls,Ho Chi Minh City,https://www.tripadvisor.com/Attraction_Review-g293925-d11622038-Reviews-Takashimaya_Ho_Chi_Minh_City-Ho_Chi_Minh_City.html,31
Réhahn Gallery,Art Galleries,Ho Chi Minh City,https://www.tripadvisor.com/Attraction_Review-g293925-d25169046-Reviews-Rehahn_Gallery-Ho_Chi_Minh_City.html,32
Landmark 81 SkyView,Observation Decks & Towers,Ho Chi Minh City,https://www.tripadvisor.com/Attraction_Review-g293925-d18314088-Reviews-Landmark_81_SkyView-Ho_Chi_Minh_City.html,33
Chua Van Phat - Temple of Ten Thousand Buddhas,Points of Interest & Landmarks • Architectural Buildings,Ho Chi Minh City,https://www.tripadvisor.com/Attraction_Review-g293925-d7907864-Reviews-Chua_Van_Phat_Temple_of_Ten_Thousand_Buddhas-Ho_Chi_Minh_City.html,34
Binh Tay Market,Flea & Street Markets,Ho Chi Minh City,https://www.tripadvisor.com/Attraction_Review-g293925-d635380-Reviews-Binh_Tay_Market-Ho_Chi_Minh_City.html,35
Cosmo Club,Casinos,Ho Chi Minh City,https://www.tripadvisor.com/Attraction_Review-g293925-d33076194-Reviews-Cosmo_Club-Ho_Chi_Minh_City.html,36
Tan Dinh Church,Religious Sites,Ho Chi Minh City,https://www.tripadvisor.com/Attraction_Review-g293925-d10085046-Reviews-Tan_Dinh_Church-Ho_Chi_Minh_City.html,37
Công Viên Nước Đầm Sen,Amusement & Theme Parks • Water Parks,Ho Chi Minh City,https://www.tripadvisor.com/Attraction_Review-g293925-d1178970-Reviews-Cong_Vien_Nu_c_D_m_Sen-Ho_Chi_Minh_City.html,38
Russian Market,Shopping Malls,Ho Chi Minh City,https://www.tripadvisor.com/Attraction_Review-g293925-d8090785-Reviews-Russian_Market-Ho_Chi_Minh_City.html,39
Phố Tàu Sài Gòn (Chợ Lớn Quận 5),Neighborhoods,Ho Chi Minh City,https://www.tripadvisor.com/Attraction_Review-g293925-d454972-Reviews-Ph_Tau_Sai_Gon_Ch_L_n_Qu_n_5-Ho_Chi_Minh_City.html,40
Đường Đồng Khởi,Points of Interest & Landmarks,Ho Chi Minh City,https://www.tripadvisor.com/Attraction_Review-g293925-d1784754-Reviews-Du_ng_D_ng_Kh_i-Ho_Chi_Minh_City.html,41
Aeon Mall Tan Phu Celadon Shopping Center,Shopping Malls,Ho Chi Minh City,https://www.tripadvisor.com/Attraction_Review-g293925-d6403614-Reviews-Aeon_Mall_Tan_Phu_Celadon_Shopping_Center-Ho_Chi_Minh_City.html,42
Taka Plaza,Shopping Malls,Ho Chi Minh City,https://www.tripadvisor.com/Attraction_Review-g293925-d8851175-Reviews-Taka_Plaza-Ho_Chi_Minh_City.html,43
The Venerable Thich Quang Duc Monument,Points of Interest & Landmarks • Monuments & Statues,Ho Chi Minh City,https://www.tripadvisor.com/Attraction_Review-g293925-d6438587-Reviews-The_Venerable_Thich_Quang_Duc_Monument-Ho_Chi_Minh_City.html,44
People's Committee Building,Historic Sites • Architectural Buildings,Ho Chi Minh City,https://www.tripadvisor.com/Attraction_Review-g293925-d1910195-Reviews-People_s_Committee_Building-Ho_Chi_Minh_City.html,45
Diamond Plaza,Shopping Malls,Ho Chi Minh City,https://www.tripadvisor.com/Attraction_Review-g293925-d550709-Reviews-Diamond_Plaza-Ho_Chi_Minh_City.html,46
Can Gio Mangrove Biosphere Reserve,Nature & Wildlife Areas,Ho Chi Minh City,https://www.tripadvisor.com/Attraction_Review-g293925-d1165087-Reviews-Can_Gio_Mangrove_Biosphere_Reserve-Ho_Chi_Minh_City.html,47
"Green Palm Gallery - District 1, HCMC",Art Galleries,Ho Chi Minh City,https://www.tripadvisor.com/Attraction_Review-g293925-d25340691-Reviews-Green_Palm_Gallery_District_1_HCMC-Ho_Chi_Minh_City.html,48
Binh Quoi Village,Points of Interest & Landmarks,Ho Chi Minh City,https://www.tripadvisor.com/Attraction_Review-g293925-d4597843-Reviews-Binh_Quoi_Village-Ho_Chi_Minh_City.html,49
Saigon Skydeck,Points of Interest & Landmarks • Observation Decks & Towers,Ho Chi Minh City,https://www.tripadvisor.com/Attraction_Review-g293925-d21230453-Reviews-Saigon_Skydeck-Ho_Chi_Minh_City.html,50
Stressmama,Shopping Malls,Ho Chi Minh City,https://www.tripadvisor.com/Attraction_Review-g293925-d33099376-Reviews-Stressmama-Ho_Chi_Minh_City.html,51
President ho Chi Minh Statue,Monuments & Statues,Ho Chi Minh City,https://www.tripadvisor.com/Attraction_Review-g293925-d9582552-Reviews-President_ho_Chi_Minh_Statue-Ho_Chi_Minh_City.html,52
Ben Dinh Tunnels,Points of Interest & Landmarks • Battlefields,Ho Chi Minh City,https://www.tripadvisor.com/Attraction_Review-g293925-d7736325-Reviews-Ben_Dinh_Tunnels-Ho_Chi_Minh_City.html,53
Hạ Spa - Massage Hochiminh City,Spas • Thermal Spas,Ho Chi Minh City,https://www.tripadvisor.com/Attraction_Review-g293925-d33235970-Reviews-H_Spa_Massage_Hochiminh_City-Ho_Chi_Minh_City.html,54
Lion Club,Casinos,Ho Chi Minh City,https://www.tripadvisor.com/Attraction_Review-g293925-d34257950-Reviews-Lion_Club-Ho_Chi_Minh_City.html,55
Mariamman Hindu Temple,Religious Sites,Ho Chi Minh City,https://www.tripadvisor.com/Attraction_Review-g293925-d2407915-Reviews-Mariamman_Hindu_Temple-Ho_Chi_Minh_City.html,56
Crescent Mall,Department Stores,Ho Chi Minh City,https://www.tripadvisor.com/Attraction_Review-g293925-d8754863-Reviews-Crescent_Mall-Ho_Chi_Minh_City.html,57
Dan Sinh Market,Flea & Street Markets,Ho Chi Minh City,https://www.tripadvisor.com/Attraction_Review-g293925-d2484797-Reviews-Dan_Sinh_Market-Ho_Chi_Minh_City.html,58
Ho Chi Minh City Museum,Speciality Museums,Ho Chi Minh City,https://www.tripadvisor.com/Attraction_Review-g293925-d2168911-Reviews-Ho_Chi_Minh_City_Museum-Ho_Chi_Minh_City.html,59
Ho Chi Minh trail,Hiking Trails,Ho Chi Minh City,https://www.tripadvisor.com/Attraction_Review-g293925-d576678-Reviews-Ho_Chi_Minh_trail-Ho_Chi_Minh_City.html,60
Ben Thanh Night Market,Flea & Street Markets,Ho Chi Minh City,https://www.tripadvisor.com/Attraction_Review-g293925-d12084531-Reviews-Ben_Thanh_Night_Market-Ho_Chi_Minh_City.html,61
Ton Duc Thang Museum,History Museums,Ho Chi Minh City,https://www.tripadvisor.com/Attraction_Review-g293925-d1368412-Reviews-Ton_Duc_Thang_Museum-Ho_Chi_Minh_City.html,62
Temple Leaf Spa Land Massage,Spas • Thermal Spas,Ho Chi Minh City,https://www.tripadvisor.com/Attraction_Review-g293925-d19255200-Reviews-Temple_Leaf_Spa_Land_Massage-Ho_Chi_Minh_City.html,63
Saigon Eco Craft,Speciality & Gift Shops • Shopping Malls,Ho Chi Minh City,https://www.tripadvisor.com/Attraction_Review-g293925-d21051684-Reviews-Saigon_Eco_Craft-Ho_Chi_Minh_City.html,64
Buu Long Temple,Religious Sites • Monuments & Statues,Ho Chi Minh City,https://www.tripadvisor.com/Attraction_Review-g293925-d9456964-Reviews-Buu_Long_Temple-Ho_Chi_Minh_City.html,65
Ho Thi Ky Flower Market,Flea & Street Markets,Ho Chi Minh City,https://www.tripadvisor.com/Attraction_Review-g293925-d14928513-Reviews-Ho_Thi_Ky_Flower_Market-Ho_Chi_Minh_City.html,66
Notre Dame Square,Points of Interest & Landmarks,Ho Chi Minh City,https://www.tripadvisor.com/Attraction_Review-g293925-d317898-Reviews-Notre_Dame_Square-Ho_Chi_Minh_City.html,67
Zoo and Botanical Gardens,Zoos,Ho Chi Minh City,https://www.tripadvisor.com/Attraction_Review-g293925-d317904-Reviews-Zoo_and_Botanical_Gardens-Ho_Chi_Minh_City.html,68
Saigon Central Mosque,Points of Interest & Landmarks • Religious Sites,Ho Chi Minh City,https://www.tripadvisor.com/Attraction_Review-g293925-d6602281-Reviews-Saigon_Central_Mosque-Ho_Chi_Minh_City.html,69
Saigon River,Bodies of Water • Points of Interest & Landmarks,Ho Chi Minh City,https://www.tripadvisor.com/Attraction_Review-g293925-d9806454-Reviews-Saigon_River-Ho_Chi_Minh_City.html,70
Hum Spa,Spas • Thermal Spas,Ho Chi Minh City,https://www.tripadvisor.com/Attraction_Review-g293925-d25090493-Reviews-Hum_Spa-Ho_Chi_Minh_City.html,71
Former U.S. Embassy,Historic Sites,Ho Chi Minh City,https://www.tripadvisor.com/Attraction_Review-g293925-d550712-Reviews-Former_U_S_Embassy-Ho_Chi_Minh_City.html,72
Antique Street,Antique Shops,Ho Chi Minh City,https://www.tripadvisor.com/Attraction_Review-g293925-d1724542-Reviews-Antique_Street-Ho_Chi_Minh_City.html,73
Tan Son Nhat Golf Course,Convention Centers • Golf Courses,Ho Chi Minh City,https://www.tripadvisor.com/Attraction_Review-g293925-d11445105-Reviews-Tan_Son_Nhat_Golf_Course-Ho_Chi_Minh_City.html,74
Vietnam Silver House,Art Galleries,Ho Chi Minh City,https://www.tripadvisor.com/Attraction_Review-g293925-d13957334-Reviews-Vietnam_Silver_House-Ho_Chi_Minh_City.html,75
Phở Museum,History Museums,Ho Chi Minh City,https://www.tripadvisor.com/Attraction_Review-g293925-d34462576-Reviews-Ph_Museum-Ho_Chi_Minh_City.html,76
Chợ Tân Định,Farmers Markets,Ho Chi Minh City,https://www.tripadvisor.com/Attraction_Review-g293925-d8017932-Reviews-Ch_Tan_D_nh-Ho_Chi_Minh_City.html,77
Saigon Exhibition and Convention Center - SECC,Convention Centers,Ho Chi Minh City,https://www.tripadvisor.com/Attraction_Review-g293925-d8295665-Reviews-Saigon_Exhibition_and_Convention_Center_SECC-Ho_Chi_Minh_City.html,78
Van Hanh Mall,Shopping Malls,Ho Chi Minh City,https://www.tripadvisor.com/Attraction_Review-g293925-d17722137-Reviews-Van_Hanh_Mall-Ho_Chi_Minh_City.html,79
Monte-Carlo Saigon,Game & Entertainment Centers,Ho Chi Minh City,https://www.tripadvisor.com/Attraction_Review-g293925-d27120263-Reviews-Monte_Carlo_Saigon-Ho_Chi_Minh_City.html,80
Museum of Ho Chi Minh City,History Museums,Ho Chi Minh City,https://www.tripadvisor.com/Attraction_Review-g293925-d311100-Reviews-Museum_of_Ho_Chi_Minh_City-Ho_Chi_Minh_City.html,81
SC Vivocity,Department Stores • Shopping Malls,Ho Chi Minh City,https://www.tripadvisor.com/Attraction_Review-g293925-d8630608-Reviews-SC_Vivocity-Ho_Chi_Minh_City.html,82
Lac Canh Dai Nam Van Hien,Amusement & Theme Parks,Ho Chi Minh City,https://www.tripadvisor.com/Attraction_Review-g293925-d1682089-Reviews-Lac_Canh_Dai_Nam_Van_Hien-Ho_Chi_Minh_City.html,83
Van Thanh Swimming Pool,Sports Complexes,Ho Chi Minh City,https://www.tripadvisor.com/Attraction_Review-g293925-d8009199-Reviews-Van_Thanh_Swimming_Pool-Ho_Chi_Minh_City.html,84
Saigon,Neighborhoods,Ho Chi Minh City,https://www.tripadvisor.com/Attraction_Review-g293925-d11426758-Reviews-Saigon-Ho_Chi_Minh_City.html,85
Minh Anh Art Gallery,Art Galleries,Ho Chi Minh City,https://www.tripadvisor.com/Attraction_Review-g293925-d12820616-Reviews-Minh_Anh_Art_Gallery-Ho_Chi_Minh_City.html,86
Bj88,Casinos • Playgrounds,Ho Chi Minh City,https://www.tripadvisor.com/Attraction_Review-g293925-d27471402-Reviews-Bj88-Ho_Chi_Minh_City.html,87
Chua Vinh Nghiem,Religious Sites,Ho Chi Minh City,https://www.tripadvisor.com/Attraction_Review-g293925-d2385857-Reviews-Chua_Vinh_Nghiem-Ho_Chi_Minh_City.html,88
Cong Vien Van Hoa Park,Parks,Ho Chi Minh City,https://www.tripadvisor.com/Attraction_Review-g293925-d311092-Reviews-Cong_Vien_Van_Hoa_Park-Ho_Chi_Minh_City.html,89
Giac Lam Pagoda,Religious Sites,Ho Chi Minh City,https://www.tripadvisor.com/Attraction_Review-g293925-d317889-Reviews-Giac_Lam_Pagoda-Ho_Chi_Minh_City.html,90
Quang San Art Museum,Art Galleries • Art Museums,Ho Chi Minh City,https://www.tripadvisor.com/Attraction_Review-g293925-d26809160-Reviews-Quang_San_Art_Museum-Ho_Chi_Minh_City.html,91
Aeon Mall Binh Tan,Shopping Malls,Ho Chi Minh City,https://www.tripadvisor.com/Attraction_Review-g293925-d11885518-Reviews-Aeon_Mall_Binh_Tan-Ho_Chi_Minh_City.html,92
Tan My Market,Flea & Street Markets,Ho Chi Minh City,https://www.tripadvisor.com/Attraction_Review-g293925-d8181417-Reviews-Tan_My_Market-Ho_Chi_Minh_City.html,93
Vincom Mega Mall Thảo Điền,Shopping Malls,Ho Chi Minh City,https://www.tripadvisor.com/Attraction_Review-g293925-d26680907-Reviews-Vincom_Mega_Mall_Th_o_Di_n-Ho_Chi_Minh_City.html,94
Bến Bạch Đằng,Marinas • Bodies of Water,Ho Chi Minh City,https://www.tripadvisor.com/Attraction_Review-g293925-d550711-Reviews-B_n_B_ch_D_ng-Ho_Chi_Minh_City.html,95
Phoenix Studio Tattoo,Shopping Malls,Ho Chi Minh City,https://www.tripadvisor.com/Attraction_Review-g293925-d33269337-Reviews-Phoenix_Studio_Tattoo-Ho_Chi_Minh_City.html,96
Anh Sao Bridge (Starlight Bridge),Bridges,Ho Chi Minh City,https://www.tripadvisor.com/Attraction_Review-g293925-d8300005-Reviews-Anh_Sao_Bridge_Starlight_Bridge-Ho_Chi_Minh_City.html,97
Ba Chieu Market,Flea & Street Markets • Farmers Markets,Ho Chi Minh City,https://www.tripadvisor.com/Attraction_Review-g293925-d8595674-Reviews-Ba_Chieu_Market-Ho_Chi_Minh_City.html,98
Kokonic Souvenir & Gift Shop,Speciality & Gift Shops • Department Stores,Ho Chi Minh City,https://www.tripadvisor.com/Attraction_Review-g293925-d27990845-Reviews-Kokonic_Souvenir_Gift_Shop-Ho_Chi_Minh_City.html,99
Southern Women's Museum,History Museums,Ho Chi Minh City,https://www.tripadvisor.com/Attraction_Review-g293925-d1370386-Reviews-Southern_Women_s_Museum-Ho_Chi_Minh_City.html,100
Catholic Church Huyen Sy,Religious Sites • Churches & Cathedrals,Ho Chi Minh City,https://www.tripadvisor.com/Attraction_Review-g293925-d8310942-Reviews-Catholic_Church_Huyen_Sy-Ho_Chi_Minh_City.html,101
Him Lam Ba Son Golf Driving Range,Sports Complexes,Ho Chi Minh City,https://www.tripadvisor.com/Attraction_Review-g293925-d8010180-Reviews-Him_Lam_Ba_Son_Golf_Driving_Range-Ho_Chi_Minh_City.html,102
Saigon Saigon Rooftop Bar,Bars & Clubs,Ho Chi Minh City,https://www.tripadvisor.com/Attraction_Review-g293925-d1752815-Reviews-Saigon_Saigon_Rooftop_Bar-Ho_Chi_Minh_City.html,103
Quoc Tu Pagoda,Points of Interest & Landmarks • Religious Sites,Ho Chi Minh City,https://www.tripadvisor.com/Attraction_Review-g293925-d1370380-Reviews-Quoc_Tu_Pagoda-Ho_Chi_Minh_City.html,104
Ao Dai Museum (Bao Tang Ao Dai),Speciality Museums,Ho Chi Minh City,https://www.tripadvisor.com/Attraction_Review-g293925-d7927054-Reviews-Ao_Dai_Museum_Bao_Tang_Ao_Dai-Ho_Chi_Minh_City.html,105
Parkson CT Plaza,Shopping Malls,Ho Chi Minh City,https://www.tripadvisor.com/Attraction_Review-g293925-d4580323-Reviews-Parkson_CT_Plaza-Ho_Chi_Minh_City.html,106
Phương's Retro Bar,Bars & Clubs • Other Food & Drink,Ho Chi Minh City,https://www.tripadvisor.com/Attraction_Review-g293925-d27415839-Reviews-Phuong_s_Retro_Bar-Ho_Chi_Minh_City.html,107
Temple Leaf Spa,Spas,Ho Chi Minh City,https://www.tripadvisor.com/Attraction_Review-g293925-d5970625-Reviews-Temple_Leaf_Spa-Ho_Chi_Minh_City.html,108
Frolic Bar,Bars & Clubs • Gay Bars,Ho Chi Minh City,https://www.tripadvisor.com/Attraction_Review-g293925-d27936796-Reviews-Frolic_Bar-Ho_Chi_Minh_City.html,109
Turtle Lake,Parks • Playgrounds,Ho Chi Minh City,https://www.tripadvisor.com/Attraction_Review-g293925-d10024158-Reviews-Turtle_Lake-Ho_Chi_Minh_City.html,110
Menas Mall Saigon Airport,Shopping Malls,Ho Chi Minh City,https://www.tripadvisor.com/Attraction_Review-g293925-d26103372-Reviews-Menas_Mall_Saigon_Airport-Ho_Chi_Minh_City.html,111
Vietnam ART Gallery,Art Galleries,Ho Chi Minh City,https://www.tripadvisor.com/Attraction_Review-g293925-d6902917-Reviews-Vietnam_ART_Gallery-Ho_Chi_Minh_City.html,112
Craig Thomas Gallery,Art Galleries,Ho Chi Minh City,https://www.tripadvisor.com/Attraction_Review-g293925-d2550321-Reviews-Craig_Thomas_Gallery-Ho_Chi_Minh_City.html,113
Thao Silk,Factory Outlets,Ho Chi Minh City,https://www.tripadvisor.com/Attraction_Review-g293925-d8396485-Reviews-Thao_Silk-Ho_Chi_Minh_City.html,114
Cong Vien 23 Thang 9,Parks,Ho Chi Minh City,https://www.tripadvisor.com/Attraction_Review-g293925-d2357145-Reviews-Cong_Vien_23_Thang_9-Ho_Chi_Minh_City.html,115
Vietnam House,Speciality & Gift Shops • Art Galleries,Ho Chi Minh City,https://www.tripadvisor.com/Attraction_Review-g293925-d10801837-Reviews-Vietnam_House-Ho_Chi_Minh_City.html,116
"Ballet, Symphony Orchestra, Opera Ho Chi Minh",Theaters,Ho Chi Minh City,https://www.tripadvisor.com/Attraction_Review-g293925-d11443657-Reviews-Ballet_Symphony_Orchestra_Opera_Ho_Chi_Minh-Ho_Chi_Minh_City.html,117
Cong Vien 30-4,Parks,Ho Chi Minh City,https://www.tripadvisor.com/Attraction_Review-g293925-d8800458-Reviews-Cong_Vien_30_4-Ho_Chi_Minh_City.html,118
Saigon Japan Town,Historic Walking Areas,Ho Chi Minh City,https://www.tripadvisor.com/Attraction_Review-g293925-d33316308-Reviews-Saigon_Japan_Town-Ho_Chi_Minh_City.html,119
Temple of the Buddha's Relic (Xa Loi pagoda),Religious Sites,Ho Chi Minh City,https://www.tripadvisor.com/Attraction_Review-g293925-d552637-Reviews-Temple_of_the_Buddha_s_Relic_Xa_Loi_pagoda-Ho_Chi_Minh_City.html,120
Cho Thai Binh,Flea & Street Markets,Ho Chi Minh City,https://www.tripadvisor.com/Attraction_Review-g293925-d8827357-Reviews-Cho_Thai_Binh-Ho_Chi_Minh_City.html,121
Sri Thenday Yuttha Panin Temple,Religious Sites,Ho Chi Minh City,https://www.tripadvisor.com/Attraction_Review-g293925-d7714795-Reviews-Sri_Thenday_Yuttha_Panin_Temple-Ho_Chi_Minh_City.html,122
Pháp Viện Minh Đăng Quang,Religious Sites,Ho Chi Minh City,https://www.tripadvisor.com/Attraction_Review-g293925-d7827635-Reviews-Phap_Vi_n_Minh_Dang_Quang-Ho_Chi_Minh_City.html,123
Tran Hung Dao Statue,Points of Interest & Landmarks • Monuments & Statues,Ho Chi Minh City,https://www.tripadvisor.com/Attraction_Review-g293925-d7158706-Reviews-Tran_Hung_Dao_Statue-Ho_Chi_Minh_City.html,124
Rubik Zoo,Amusement & Theme Parks,Ho Chi Minh City,https://www.tripadvisor.com/Attraction_Review-g293925-d12033619-Reviews-Rubik_Zoo-Ho_Chi_Minh_City.html,125
TTTM Gigamall,Shopping Malls,Ho Chi Minh City,https://www.tripadvisor.com/Attraction_Review-g293925-d17569133-Reviews-TTTM_Gigamall-Ho_Chi_Minh_City.html,126
Soai Kinh Lam fabric market,Flea & Street Markets,Ho Chi Minh City,https://www.tripadvisor.com/Attraction_Review-g293925-d11512931-Reviews-Soai_Kinh_Lam_fabric_market-Ho_Chi_Minh_City.html,127
La Spa Sai Gon,Spas,Ho Chi Minh City,https://www.tripadvisor.com/Attraction_Review-g293925-d25188298-Reviews-La_Spa_Sai_Gon-Ho_Chi_Minh_City.html,128
Rin Rin Park,Parks,Ho Chi Minh City,https://www.tripadvisor.com/Attraction_Review-g293925-d8290309-Reviews-Rin_Rin_Park-Ho_Chi_Minh_City.html,129
Pandora City Shopping Mall,Shopping Malls,Ho Chi Minh City,https://www.tripadvisor.com/Attraction_Review-g293925-d8028360-Reviews-Pandora_City_Shopping_Mall-Ho_Chi_Minh_City.html,130
1st Football Store,Speciality & Gift Shops,Ho Chi Minh City,https://www.tripadvisor.com/Attraction_Review-g293925-d25572460-Reviews-1st_Football_Store-Ho_Chi_Minh_City.html,131
Vinhomes Central Park,Parks,Ho Chi Minh City,https://www.tripadvisor.com/Attraction_Review-g293925-d23823253-Reviews-Vinhomes_Central_Park-Ho_Chi_Minh_City.html,132
The Secret Weapons Cellar,Historic Sites,Ho Chi Minh City,https://www.tripadvisor.com/Attraction_Review-g293925-d19820968-Reviews-The_Secret_Weapons_Cellar-Ho_Chi_Minh_City.html,133
On Lang Pagoda,Religious Sites,Ho Chi Minh City,https://www.tripadvisor.com/Attraction_Review-g293925-d8587831-Reviews-On_Lang_Pagoda-Ho_Chi_Minh_City.html,134
Ao Dai Exhibition,Art Galleries • Art Museums,Ho Chi Minh City,https://www.tripadvisor.com/Attraction_Review-g293925-d11680691-Reviews-Ao_Dai_Exhibition-Ho_Chi_Minh_City.html,135
Dai Nam Zoo,Zoos,Ho Chi Minh City,https://www.tripadvisor.com/Attraction_Review-g293925-d1742604-Reviews-Dai_Nam_Zoo-Ho_Chi_Minh_City.html,136
Nguyen Thien Thuat Apartment Buildings,Neighborhoods • Points of Interest & Landmarks,Ho Chi Minh City,https://www.tripadvisor.com/Attraction_Review-g293925-d20051280-Reviews-Nguyen_Thien_Thuat_Apartment_Buildings-Ho_Chi_Minh_City.html,137
Galerie Quynh,Art Galleries,Ho Chi Minh City,https://www.tripadvisor.com/Attraction_Review-g293925-d2481547-Reviews-Galerie_Quynh-Ho_Chi_Minh_City.html,138
Ong Bon Pagoda,Religious Sites,Ho Chi Minh City,https://www.tripadvisor.com/Attraction_Review-g293925-d311105-Reviews-Ong_Bon_Pagoda-Ho_Chi_Minh_City.html,139
Ccomaya Kids Cafe & Restaurant.,Playgrounds,Ho Chi Minh City,https://www.tripadvisor.com/Attraction_Review-g293925-d25336113-Reviews-Ccomaya_Kids_Cafe_Restaurant-Ho_Chi_Minh_City.html,140
Union Square,Shopping Malls,Ho Chi Minh City,https://www.tripadvisor.com/Attraction_Review-g293925-d7743972-Reviews-Union_Square-Ho_Chi_Minh_City.html,141
Galaxy Nguyen Du,Theaters,Ho Chi Minh City,https://www.tripadvisor.com/Attraction_Review-g293925-d3337501-Reviews-Galaxy_Nguyen_Du-Ho_Chi_Minh_City.html,142
Club Royale,Casinos,Ho Chi Minh City,https://www.tripadvisor.com/Attraction_Review-g293925-d11848774-Reviews-Club_Royale-Ho_Chi_Minh_City.html,143
Circle K,Shopping Malls,Ho Chi Minh City,https://www.tripadvisor.com/Attraction_Review-g293925-d12125198-Reviews-Circle_K-Ho_Chi_Minh_City.html,144
Lê Văn Tám Park,Parks,Ho Chi Minh City,https://www.tripadvisor.com/Attraction_Review-g293925-d10844542-Reviews-Le_Van_Tam_Park-Ho_Chi_Minh_City.html,145
Temple Leaf Spa & Sauna,Spas,Ho Chi Minh City,https://www.tripadvisor.com/Attraction_Review-g293925-d7339849-Reviews-Temple_Leaf_Spa_Sauna-Ho_Chi_Minh_City.html,146
Nghia An Temple,Religious Sites,Ho Chi Minh City,https://www.tripadvisor.com/Attraction_Review-g293925-d9806515-Reviews-Nghia_An_Temple-Ho_Chi_Minh_City.html,147
Sailing Foot Massage,Hot Springs & Geysers,Ho Chi Minh City,https://www.tripadvisor.com/Attraction_Review-g293925-d27346810-Reviews-Sailing_Foot_Massage-Ho_Chi_Minh_City.html,148
Công viên Grand Park,Amusement & Theme Parks,Ho Chi Minh City,https://www.tripadvisor.com/Attraction_Review-g293925-d32793701-Reviews-Cong_vien_Grand_Park-Ho_Chi_Minh_City.html,149
Vina Express Fast Ferry,Ferries,Ho Chi Minh City,https://www.tripadvisor.com/Attraction_Review-g293925-d8772716-Reviews-Vina_Express_Fast_Ferry-Ho_Chi_Minh_City.html,150
Léa Beauty Spa,Spas • Thermal Spas,Ho Chi Minh City,https://www.tripadvisor.com/Attraction_Review-g293925-d27705549-Reviews-Lea_Beauty_Spa-Ho_Chi_Minh_City.html,151
AN's spa,Spas,Ho Chi Minh City,https://www.tripadvisor.com/Attraction_Review-g293925-d15685988-Reviews-AN_s_spa-Ho_Chi_Minh_City.html,152
Vesta Bookstore,Speciality & Gift Shops • Libraries,Ho Chi Minh City,https://www.tripadvisor.com/Attraction_Review-g293925-d11121258-Reviews-Vesta_Bookstore-Ho_Chi_Minh_City.html,153
Villa Royale Antiques and Tea Room,Speciality & Gift Shops • Antique Shops,Ho Chi Minh City,https://www.tripadvisor.com/Attraction_Review-g293925-d4826315-Reviews-Villa_Royale_Antiques_and_Tea_Room-Ho_Chi_Minh_City.html,154
"The Privé Spa | International Lash, Nail Care & Spa | Ben Thanh (D1)",Spas,Ho Chi Minh City,https://www.tripadvisor.com/Attraction_Review-g293925-d14025887-Reviews-The_Prive_Spa_International_Lash_Nail_Care_Spa_Ben_Thanh_D1-Ho_Chi_Minh_City.html,155
Flamingo Spa,Spas,Ho Chi Minh City,https://www.tripadvisor.com/Attraction_Review-g293925-d3731488-Reviews-Flamingo_Spa-Ho_Chi_Minh_City.html,156
Sala Park,Parks,Ho Chi Minh City,https://www.tripadvisor.com/Attraction_Review-g293925-d24107412-Reviews-Sala_Park-Ho_Chi_Minh_City.html,157
Reunification Palace. Hcmc. Vietnam,Architectural Buildings,Ho Chi Minh City,https://www.tripadvisor.com/Attraction_Review-g293925-d27714378-Reviews-Reunification_Palace_Hcmc_Vietnam-Ho_Chi_Minh_City.html,158
Phuoc An Hoi Quan,Religious Sites,Ho Chi Minh City,https://www.tripadvisor.com/Attraction_Review-g293925-d8856733-Reviews-Phuoc_An_Hoi_Quan-Ho_Chi_Minh_City.html,159
Rung Sac Military Base,Points of Interest & Landmarks,Ho Chi Minh City,https://www.tripadvisor.com/Attraction_Review-g293925-d4559699-Reviews-Rung_Sac_Military_Base-Ho_Chi_Minh_City.html,160
Lotus Gallery,Art Galleries,Ho Chi Minh City,https://www.tripadvisor.com/Attraction_Review-g293925-d12435632-Reviews-Lotus_Gallery-Ho_Chi_Minh_City.html,161
Tomb of Le Van Duyet,Monuments & Statues,Ho Chi Minh City,https://www.tripadvisor.com/Attraction_Review-g293925-d9974461-Reviews-Tomb_of_Le_Van_Duyet-Ho_Chi_Minh_City.html,162
Club Ace 21 E-Gaming Club,Casinos • Game & Entertainment Centers,Ho Chi Minh City,https://www.tripadvisor.com/Attraction_Review-g293925-d28006662-Reviews-Club_Ace_21_E_Gaming_Club-Ho_Chi_Minh_City.html,164
Diamond E-gaming Club,Points of Interest & Landmarks • Casinos,Ho Chi Minh City,https://www.tripadvisor.com/Attraction_Review-g293925-d30525859-Reviews-Diamond_E_gaming_Club-Ho_Chi_Minh_City.html,165
Ho Chi Minh Campaign Museum,Military Museums • History Museums,Ho Chi Minh City,https://www.tripadvisor.com/Attraction_Review-g293925-d10068803-Reviews-Ho_Chi_Minh_Campaign_Museum-Ho_Chi_Minh_City.html,166
Miu Miu Spa 1,Spas,Ho Chi Minh City,https://www.tripadvisor.com/Attraction_Review-g293925-d2283872-Reviews-Miu_Miu_Spa_1-Ho_Chi_Minh_City.html,167
Ben Thanh Art & Frame,Art Galleries,Ho Chi Minh City,https://www.tripadvisor.com/Attraction_Review-g293925-d7346527-Reviews-Ben_Thanh_Art_Frame-Ho_Chi_Minh_City.html,168
Vietnam Adventure Tours,City Tours • Multi-day Tours,Ho Chi Minh City,https://www.tripadvisor.com/Attraction_Review-g293925-d7171779-Reviews-Vietnam_Adventure_Tours-Ho_Chi_Minh_City.html,169
Saigon Riverfront Park,Parks,Ho Chi Minh City,https://www.tripadvisor.com/Attraction_Review-g293925-d28126911-Reviews-Saigon_Riverfront_Park-Ho_Chi_Minh_City.html,170
Uniqlo - Dong Khoi,Department Stores,Ho Chi Minh City,https://www.tripadvisor.com/Attraction_Review-g293925-d33272100-Reviews-Uniqlo_Dong_Khoi-Ho_Chi_Minh_City.html,171
Le Thi Rieng Culture Park,Parks,Ho Chi Minh City,https://www.tripadvisor.com/Attraction_Review-g293925-d10000822-Reviews-Le_Thi_Rieng_Culture_Park-Ho_Chi_Minh_City.html,172
Phan's Custom Tailor,Speciality & Gift Shops,Ho Chi Minh City,https://www.tripadvisor.com/Attraction_Review-g293925-d4795476-Reviews-Phan_s_Custom_Tailor-Ho_Chi_Minh_City.html,173
TNK Travel,City Tours • Historical & Heritage Tours,Ho Chi Minh City,https://www.tripadvisor.com/Attraction_Review-g293925-d1557134-Reviews-TNK_Travel-Ho_Chi_Minh_City.html,174
Hoa Ca Crocodile Farm,Farms,Ho Chi Minh City,https://www.tripadvisor.com/Attraction_Review-g293925-d6975254-Reviews-Hoa_Ca_Crocodile_Farm-Ho_Chi_Minh_City.html,175
Chill Skybar,Bars & Clubs,Ho Chi Minh City,https://www.tripadvisor.com/Attraction_Review-g293925-d2336225-Reviews-Chill_Skybar-Ho_Chi_Minh_City.html,176
Phật Bảo Nghiêm Trấn,Exhibitions,Ho Chi Minh City,https://www.tripadvisor.com/Attraction_Review-g293925-d33067153-Reviews-Ph_t_B_o_Nghiem_Tr_n-Ho_Chi_Minh_City.html,177
Sann The House Of Art,Art Galleries • Speciality Museums,Ho Chi Minh City,https://www.tripadvisor.com/Attraction_Review-g293925-d27525355-Reviews-Sann_The_House_Of_Art-Ho_Chi_Minh_City.html,178
Vietnam Travel Group,Multi-day Tours • Sightseeing Tours,Ho Chi Minh City,https://www.tripadvisor.com/Attraction_Review-g293925-d7333808-Reviews-Vietnam_Travel_Group-Ho_Chi_Minh_City.html,179
NOTE - The Scent Lab Nguyen Hue,Lessons & Workshops,Ho Chi Minh City,https://www.tripadvisor.com/Attraction_Review-g293925-d33357814-Reviews-NOTE_The_Scent_Lab_Nguyen_Hue-Ho_Chi_Minh_City.html,180
Palazzo Club,Casinos • Game & Entertainment Centers,Ho Chi Minh City,https://www.tripadvisor.com/Attraction_Review-g293925-d8263887-Reviews-Palazzo_Club-Ho_Chi_Minh_City.html,181
Saigon Ink,Speciality & Gift Shops,Ho Chi Minh City,https://www.tripadvisor.com/Attraction_Review-g293925-d33350503-Reviews-Saigon_Ink-Ho_Chi_Minh_City.html,182
Corny Beauty Lab Nail And Lashes,Spas • Thermal Spas,Ho Chi Minh City,https://www.tripadvisor.com/Attraction_Review-g293925-d33334970-Reviews-Corny_Beauty_Lab_Nail_And_Lashes-Ho_Chi_Minh_City.html,183
Acuro Flight Simulator Center,Game & Entertainment Centers,Ho Chi Minh City,https://www.tripadvisor.com/Attraction_Review-g293925-d32983757-Reviews-Acuro_Flight_Simulator_Center-Ho_Chi_Minh_City.html,184
Golden Lotus Relax,Spas,Ho Chi Minh City,https://www.tripadvisor.com/Attraction_Review-g293925-d6864271-Reviews-Golden_Lotus_Relax-Ho_Chi_Minh_City.html,185
Vincom Mega Mall Grand Park,Shopping Malls,Ho Chi Minh City,https://www.tripadvisor.com/Attraction_Review-g293925-d32706121-Reviews-Vincom_Mega_Mall_Grand_Park-Ho_Chi_Minh_City.html,186
Dam Sen Park,Amusement & Theme Parks,Ho Chi Minh City,https://www.tripadvisor.com/Attraction_Review-g293925-d16657089-Reviews-Dam_Sen_Park-Ho_Chi_Minh_City.html,187
Phu Chau Floating Temple (Mieu Noi),Religious Sites,Ho Chi Minh City,https://www.tripadvisor.com/Attraction_Review-g293925-d17739279-Reviews-Phu_Chau_Floating_Temple_Mieu_Noi-Ho_Chi_Minh_City.html,188
Hạ Spa - Massage Ho Chi Minh City,Spas,Ho Chi Minh City,https://www.tripadvisor.com/Attraction_Review-g293925-d25551844-Reviews-H_Spa_Massage_Ho_Chi_Minh_City-Ho_Chi_Minh_City.html,189
Drink Vietnam,Speciality & Gift Shops • Speciality Museums,Ho Chi Minh City,https://www.tripadvisor.com/Attraction_Review-g293925-d12719595-Reviews-Drink_Vietnam-Ho_Chi_Minh_City.html,190
NOTE - The Scent Lab,Speciality & Gift Shops • Lessons & Workshops,Ho Chi Minh City,https://www.tripadvisor.com/Attraction_Review-g293925-d25303789-Reviews-NOTE_The_Scent_Lab-Ho_Chi_Minh_City.html,191
Guchi Hair Salon,Open now,Ho Chi Minh City,https://www.tripadvisor.com/Attraction_Review-g293925-d33239129-Reviews-Guchi_Hair_Salon-Ho_Chi_Minh_City.html,192
Euphorea Salon And Spa - Bason,Spas,Ho Chi Minh City,https://www.tripadvisor.com/Attraction_Review-g293925-d23300698-Reviews-Euphorea_Salon_And_Spa_Bason-Ho_Chi_Minh_City.html,193
La Maison Spa Saigon,Spas,Ho Chi Minh City,https://www.tripadvisor.com/Attraction_Review-g293925-d33972276-Reviews-La_Maison_Spa_Saigon-Ho_Chi_Minh_City.html,194
Moji Shop 92 Ho Tung Mau,Shopping Malls,Ho Chi Minh City,https://www.tripadvisor.com/Attraction_Review-g293925-d32983638-Reviews-Moji_Shop_92_Ho_Tung_Mau-Ho_Chi_Minh_City.html,195
The Spa at The Reverie Saigon,Spas,Ho Chi Minh City,https://www.tripadvisor.com/Attraction_Review-g293925-d11918966-Reviews-The_Spa_at_The_Reverie_Saigon-Ho_Chi_Minh_City.html,196
Golden Lotus Healing World,Spas,Ho Chi Minh City,https://www.tripadvisor.com/Attraction_Review-g293925-d11746398-Reviews-Golden_Lotus_Healing_World-Ho_Chi_Minh_City.html,197
amaï house,Speciality & Gift Shops,Ho Chi Minh City,https://www.tripadvisor.com/Attraction_Review-g293925-d8556994-Reviews-Amai_house-Ho_Chi_Minh_City.html,198
Nara Spa - Wellness Spa In District 3,Spas,Ho Chi Minh City,https://www.tripadvisor.com/Attraction_Review-g293925-d33222223-Reviews-Nara_Spa_Wellness_Spa_In_District_3-Ho_Chi_Minh_City.html,199
My Spa,Spas,Ho Chi Minh City,https://www.tripadvisor.com/Attraction_Review-g293925-d2154294-Reviews-My_Spa-Ho_Chi_Minh_City.html,200
Monkee Shisha Lounge Saigon,Bars & Clubs,Ho Chi Minh City,https://www.tripadvisor.com/Attraction_Review-g293925-d24162332-Reviews-Monkee_Shisha_Lounge_Saigon-Ho_Chi_Minh_City.html,201
Norah Spa,Spas,Ho Chi Minh City,https://www.tripadvisor.com/Attraction_Review-g293925-d25574736-Reviews-Norah_Spa-Ho_Chi_Minh_City.html,202
Vie Limo,Taxis & Shuttles,Ho Chi Minh City,https://www.tripadvisor.com/Attraction_Review-g293925-d20910619-Reviews-Vie_Limo-Ho_Chi_Minh_City.html,203
Saigon Heritage Spa,Spas,Ho Chi Minh City,https://www.tripadvisor.com/Attraction_Review-g293925-d3749935-Reviews-Saigon_Heritage_Spa-Ho_Chi_Minh_City.html,204
Apocalypse Now Bar,Bars & Clubs,Ho Chi Minh City,https://www.tripadvisor.com/Attraction_Review-g293925-d7109031-Reviews-Apocalypse_Now_Bar-Ho_Chi_Minh_City.html,205
Annam Spa - Therapy - Wellness & Relaxation,Spas,Ho Chi Minh City,https://www.tripadvisor.com/Attraction_Review-g293925-d32843138-Reviews-Annam_Spa_Therapy_Wellness_Relaxation-Ho_Chi_Minh_City.html,206
Tuyen Tailor,Speciality & Gift Shops,Ho Chi Minh City,https://www.tripadvisor.com/Attraction_Review-g293925-d10525874-Reviews-Tuyen_Tailor-Ho_Chi_Minh_City.html,207
Snow Town,Game & Entertainment Centers,Ho Chi Minh City,https://www.tripadvisor.com/Attraction_Review-g293925-d12231655-Reviews-Snow_Town-Ho_Chi_Minh_City.html,208
Kim Travel,Cultural Tours • Historical & Heritage Tours,Ho Chi Minh City,https://www.tripadvisor.com/Attraction_Review-g293925-d6721127-Reviews-Kim_Travel-Ho_Chi_Minh_City.html,209
Azure Pool Bar & Lounge,Gay Bars • Spas,Ho Chi Minh City,https://www.tripadvisor.com/Attraction_Review-g293925-d27939068-Reviews-Azure_Pool_Bar_Lounge-Ho_Chi_Minh_City.html,210
Lacàph Coffee Experiences Space,Lessons & Workshops • Cooking Classes,Ho Chi Minh City,https://www.tripadvisor.com/Attraction_Review-g293925-d21493307-Reviews-Lacaph_Coffee_Experiences_Space-Ho_Chi_Minh_City.html,211
Euphorea Salon and Spa,Spas,Ho Chi Minh City,https://www.tripadvisor.com/Attraction_Review-g293925-d15592702-Reviews-Euphorea_Salon_and_Spa-Ho_Chi_Minh_City.html,212
Foot Massage Salon Quynh Nhu 137,Spas,Ho Chi Minh City,https://www.tripadvisor.com/Attraction_Review-g293925-d2334935-Reviews-Foot_Massage_Salon_Quynh_Nhu_137-Ho_Chi_Minh_City.html,213
Elegant Silk,Speciality & Gift Shops,Ho Chi Minh City,https://www.tripadvisor.com/Attraction_Review-g293925-d7141990-Reviews-Elegant_Silk-Ho_Chi_Minh_City.html,214
Chef Vu Cooking Class,Cooking Classes,Ho Chi Minh City,https://www.tripadvisor.com/Attraction_Review-g293925-d8602875-Reviews-Chef_Vu_Cooking_Class-Ho_Chi_Minh_City.html,215
Amaï Dong Khoi,Speciality & Gift Shops,Ho Chi Minh City,https://www.tripadvisor.com/Attraction_Review-g293925-d27296727-Reviews-Amai_Dong_Khoi-Ho_Chi_Minh_City.html,216
Can You Keep A Secret?,Bars & Clubs • Cigar Bars,Ho Chi Minh City,https://www.tripadvisor.com/Attraction_Review-g293925-d27747708-Reviews-Can_You_Keep_A_Secret-Ho_Chi_Minh_City.html,217
Ipa-Nima,Speciality & Gift Shops • Factory Outlets,Ho Chi Minh City,https://www.tripadvisor.com/Attraction_Review-g293925-d967468-Reviews-Ipa_Nima-Ho_Chi_Minh_City.html,218
SST TRAVEL,City Tours • Multi-day Tours,Ho Chi Minh City,https://www.tripadvisor.com/Attraction_Review-g293925-d17543751-Reviews-SST_TRAVEL-Ho_Chi_Minh_City.html,219
Provincial Table Cooking Class,Cooking Classes,Ho Chi Minh City,https://www.tripadvisor.com/Attraction_Review-g293925-d14776389-Reviews-Provincial_Table_Cooking_Class-Ho_Chi_Minh_City.html,220
Thuy Design House,Speciality & Gift Shops,Ho Chi Minh City,https://www.tripadvisor.com/Attraction_Review-g293925-d6994939-Reviews-Thuy_Design_House-Ho_Chi_Minh_City.html,221
Hoang's Kitchen Cooking Class,Cooking Classes,Ho Chi Minh City,https://www.tripadvisor.com/Attraction_Review-g293925-d28120938-Reviews-Hoang_s_Kitchen_Cooking_Class-Ho_Chi_Minh_City.html,222
Saigon Jane T-Shirt Shop,Speciality & Gift Shops,Ho Chi Minh City,https://www.tripadvisor.com/Attraction_Review-g293925-d9467065-Reviews-Saigon_Jane_T_Shirt_Shop-Ho_Chi_Minh_City.html,223
Laura's Saigon Gifts,Speciality & Gift Shops • Antique Shops,Ho Chi Minh City,https://www.tripadvisor.com/Attraction_Review-g293925-d26322637-Reviews-Laura_s_Saigon_Gifts-Ho_Chi_Minh_City.html,224
Push Rock Climbing,Game & Entertainment Centers,Ho Chi Minh City,https://www.tripadvisor.com/Attraction_Review-g293925-d10068595-Reviews-Push_Rock_Climbing-Ho_Chi_Minh_City.html,225
Saigon On Motorbike,Motorcycle Tours • Beer Tastings & Tours,Ho Chi Minh City,https://www.tripadvisor.com/Attraction_Review-g293925-d8775058-Reviews-Saigon_On_Motorbike-Ho_Chi_Minh_City.html,226
Vietopia,Game & Entertainment Centers,Ho Chi Minh City,https://www.tripadvisor.com/Attraction_Review-g293925-d8071230-Reviews-Vietopia-Ho_Chi_Minh_City.html,227
Master Escape,Escape Games,Ho Chi Minh City,https://www.tripadvisor.com/Attraction_Review-g293925-d27130109-Reviews-Master_Escape-Ho_Chi_Minh_City.html,228
Glow Spa,Spas,Ho Chi Minh City,https://www.tripadvisor.com/Attraction_Review-g293925-d1546696-Reviews-Glow_Spa-Ho_Chi_Minh_City.html,229
Vietnam Golf & Country Club,Golf Courses,Ho Chi Minh City,https://www.tripadvisor.com/Attraction_Review-g293925-d4170589-Reviews-Vietnam_Golf_Country_Club-Ho_Chi_Minh_City.html,230
Oasis Spa,Spas,Ho Chi Minh City,https://www.tripadvisor.com/Attraction_Review-g293925-d12295934-Reviews-Oasis_Spa-Ho_Chi_Minh_City.html,231
VR Top of Vietnam,Game & Entertainment Centers,Ho Chi Minh City,https://www.tripadvisor.com/Attraction_Review-g293925-d17379155-Reviews-VR_Top_of_Vietnam-Ho_Chi_Minh_City.html,232
Onsen & Wellness Việt,Arab Baths • Hammams & Turkish Baths,Ho Chi Minh City,https://www.tripadvisor.com/Attraction_Review-g293925-d34002993-Reviews-Onsen_Wellness_Vi_t-Ho_Chi_Minh_City.html,233
Mộc Kim Spa & Beauty,Spas,Ho Chi Minh City,https://www.tripadvisor.com/Attraction_Review-g293925-d28285527-Reviews-M_c_Kim_Spa_Beauty-Ho_Chi_Minh_City.html,234
Shimmer Silver,Speciality & Gift Shops,Ho Chi Minh City,https://www.tripadvisor.com/Attraction_Review-g293925-d6601902-Reviews-Shimmer_Silver-Ho_Chi_Minh_City.html,235
Bong Spa ( Branch Truong Dinh),Spas • Thermal Spas,Ho Chi Minh City,https://www.tripadvisor.com/Attraction_Review-g293925-d17604603-Reviews-Bong_Spa_Branch_Truong_Dinh-Ho_Chi_Minh_City.html,236
Rex Hotel Rooftop Bar,Bars & Clubs,Ho Chi Minh City,https://www.tripadvisor.com/Attraction_Review-g293925-d455410-Reviews-Rex_Hotel_Rooftop_Bar-Ho_Chi_Minh_City.html,237
Serene Spa - Sai Gon Premium Branch,Spas • Thermal Spas,Ho Chi Minh City,https://www.tripadvisor.com/Attraction_Review-g293925-d34594730-Reviews-Serene_Spa_Sai_Gon_Premium_Branch-Ho_Chi_Minh_City.html,238
May Spa,Spas,Ho Chi Minh City,https://www.tripadvisor.com/Attraction_Review-g293925-d8602484-Reviews-May_Spa-Ho_Chi_Minh_City.html,239
Jamlos_canvas,Speciality & Gift Shops • Shopping Malls,Ho Chi Minh City,https://www.tripadvisor.com/Attraction_Review-g293925-d28879585-Reviews-Jamlos_canvas-Ho_Chi_Minh_City.html,240
Minh Nguyen Tailor,Speciality & Gift Shops,Ho Chi Minh City,https://www.tripadvisor.com/Attraction_Review-g293925-d6961416-Reviews-Minh_Nguyen_Tailor-Ho_Chi_Minh_City.html,241
Saigon Adventure,Cultural Tours • Shopping Tours,Ho Chi Minh City,https://www.tripadvisor.com/Attraction_Review-g293925-d8599407-Reviews-Saigon_Adventure-Ho_Chi_Minh_City.html,242
Saigon Sports Club,Health Clubs,Ho Chi Minh City,https://www.tripadvisor.com/Attraction_Review-g293925-d8517570-Reviews-Saigon_Sports_Club-Ho_Chi_Minh_City.html,243
Nadam Spa,Spas,Ho Chi Minh City,https://www.tripadvisor.com/Attraction_Review-g293925-d7057020-Reviews-Nadam_Spa-Ho_Chi_Minh_City.html,244
Pham Minh Tailor,Speciality & Gift Shops,Ho Chi Minh City,https://www.tripadvisor.com/Attraction_Review-g293925-d4881460-Reviews-Pham_Minh_Tailor-Ho_Chi_Minh_City.html,245
Pub Crawl Saigon,Bars & Clubs,Ho Chi Minh City,https://www.tripadvisor.com/Attraction_Review-g293925-d7273452-Reviews-Pub_Crawl_Saigon-Ho_Chi_Minh_City.html,246
Viet Thanh Silk - Tailor,Speciality & Gift Shops,Ho Chi Minh City,https://www.tripadvisor.com/Attraction_Review-g293925-d4771094-Reviews-Viet_Thanh_Silk_Tailor-Ho_Chi_Minh_City.html,247
Saigon Kitsch,Speciality & Gift Shops,Ho Chi Minh City,https://www.tripadvisor.com/Attraction_Review-g293925-d7596221-Reviews-Saigon_Kitsch-Ho_Chi_Minh_City.html,248
Hội BoardGame Ánh Trăng,Game & Entertainment Centers,Ho Chi Minh City,https://www.tripadvisor.com/Attraction_Review-g293925-d27686907-Reviews-H_i_BoardGame_Anh_Trang-Ho_Chi_Minh_City.html,249
Tóc Mai - Head Spa,Spas • Thermal Spas,Ho Chi Minh City,https://www.tripadvisor.com/Attraction_Review-g293925-d20171721-Reviews-Toc_Mai_Head_Spa-Ho_Chi_Minh_City.html,250
Norah Spa 2,Spas,Ho Chi Minh City,https://www.tripadvisor.com/Attraction_Review-g293925-d27478200-Reviews-Norah_Spa_2-Ho_Chi_Minh_City.html,251
Enjoy Massage Therapy,Spas,Ho Chi Minh City,https://www.tripadvisor.com/Attraction_Review-g293925-d1371527-Reviews-Enjoy_Massage_Therapy-Ho_Chi_Minh_City.html,252
Mido Spa,Spas,Ho Chi Minh City,https://www.tripadvisor.com/Attraction_Review-g293925-d19408793-Reviews-Mido_Spa-Ho_Chi_Minh_City.html,253
22Spa,Spas,Ho Chi Minh City,https://www.tripadvisor.com/Attraction_Review-g293925-d15212886-Reviews-22Spa-Ho_Chi_Minh_City.html,254
VN Bike Tour,City Tours • Motorcycle Tours,Ho Chi Minh City,https://www.tripadvisor.com/Attraction_Review-g293925-d8610811-Reviews-VN_Bike_Tour-Ho_Chi_Minh_City.html,255
Siz Spa - Best Massage Spa and Packages - District 1,Spas,Ho Chi Minh City,https://www.tripadvisor.com/Attraction_Review-g293925-d28108702-Reviews-Siz_Spa_Best_Massage_Spa_and_Packages_District_1-Ho_Chi_Minh_City.html,256
Stevie's Garage,Gear Rentals,Ho Chi Minh City,https://www.tripadvisor.com/Attraction_Review-g293925-d10926187-Reviews-Stevie_s_Garage-Ho_Chi_Minh_City.html,257
Lua's Kitchen - Vietnamese Homestyle Cooking Class,Lessons & Workshops • Cooking Classes,Ho Chi Minh City,https://www.tripadvisor.com/Attraction_Review-g293925-d14054034-Reviews-Lua_s_Kitchen_Vietnamese_Homestyle_Cooking_Class-Ho_Chi_Minh_City.html,258
ManGii Custom - Suit and Shoes,Speciality & Gift Shops,Ho Chi Minh City,https://www.tripadvisor.com/Attraction_Review-g293925-d8317497-Reviews-ManGii_Custom_Suit_and_Shoes-Ho_Chi_Minh_City.html,259
On Spa Massage,Points of Interest & Landmarks • Spas,Ho Chi Minh City,https://www.tripadvisor.com/Attraction_Review-g293925-d28559328-Reviews-On_Spa_Massage-Ho_Chi_Minh_City.html,260
M.O.M Cooking Class,Cooking Classes,Ho Chi Minh City,https://www.tripadvisor.com/Attraction_Review-g293925-d12365770-Reviews-M_O_M_Cooking_Class-Ho_Chi_Minh_City.html,261
Duy Tan - Saigon Artisan,Speciality & Gift Shops,Ho Chi Minh City,https://www.tripadvisor.com/Attraction_Review-g293925-d3763209-Reviews-Duy_Tan_Saigon_Artisan-Ho_Chi_Minh_City.html,262
Moc Huong Spa,Spas,Ho Chi Minh City,https://www.tripadvisor.com/Attraction_Review-g293925-d3567267-Reviews-Moc_Huong_Spa-Ho_Chi_Minh_City.html,263
Byfas Designer House,Speciality & Gift Shops • Shopping Malls,Ho Chi Minh City,https://www.tripadvisor.com/Attraction_Review-g293925-d10092053-Reviews-Byfas_Designer_House-Ho_Chi_Minh_City.html,264
Carmen Bar,Bars & Clubs • Dinner Theaters,Ho Chi Minh City,https://www.tripadvisor.com/Attraction_Review-g293925-d4411306-Reviews-Carmen_Bar-Ho_Chi_Minh_City.html,265
La Sen Spa,Spas,Ho Chi Minh City,https://www.tripadvisor.com/Attraction_Review-g293925-d12374411-Reviews-La_Sen_Spa-Ho_Chi_Minh_City.html,266
Ukiyo Spa,Spas,Ho Chi Minh City,https://www.tripadvisor.com/Attraction_Review-g293925-d25073674-Reviews-Ukiyo_Spa-Ho_Chi_Minh_City.html,267
Zen Spa - Foot & Body Massage,Spas,Ho Chi Minh City,https://www.tripadvisor.com/Attraction_Review-g293925-d14116019-Reviews-Zen_Spa_Foot_Body_Massage-Ho_Chi_Minh_City.html,268
XO Tours,City Tours • Night Tours,Ho Chi Minh City,https://www.tripadvisor.com/Attraction_Review-g293925-d2044621-Reviews-XO_Tours-Ho_Chi_Minh_City.html,269
Sa Spa,Spas,Ho Chi Minh City,https://www.tripadvisor.com/Attraction_Review-g293925-d12969306-Reviews-Sa_Spa-Ho_Chi_Minh_City.html,270
NP Brows & Lashes,Paint & Pottery Studios,Ho Chi Minh City,https://www.tripadvisor.com/Attraction_Review-g293925-d20295587-Reviews-NP_Brows_Lashes-Ho_Chi_Minh_City.html,271
Mon Amie Tailor - Best Tailor in HCMC,Speciality & Gift Shops,Ho Chi Minh City,https://www.tripadvisor.com/Attraction_Review-g293925-d13934245-Reviews-Mon_Amie_Tailor_Best_Tailor_in_HCMC-Ho_Chi_Minh_City.html,272
Asiana Link Travel,Cultural Tours • Boat Tours,Ho Chi Minh City,https://www.tripadvisor.com/Attraction_Review-g293925-d6351606-Reviews-Asiana_Link_Travel-Ho_Chi_Minh_City.html,273
"Cele'B - Boutique Spa, Art Nails, Hair Deluxe",Spas,Ho Chi Minh City,https://www.tripadvisor.com/Attraction_Review-g293925-d26720262-Reviews-Cele_B_Boutique_Spa_Art_Nails_Hair_Deluxe-Ho_Chi_Minh_City.html,274
2 Lam Son Bar,Bars & Clubs,Ho Chi Minh City,https://www.tripadvisor.com/Attraction_Review-g293925-d4108043-Reviews-2_Lam_Son_Bar-Ho_Chi_Minh_City.html,275
KaT Jewelry,Speciality & Gift Shops,Ho Chi Minh City,https://www.tripadvisor.com/Attraction_Review-g293925-d11741717-Reviews-KaT_Jewelry-Ho_Chi_Minh_City.html,276
69Sauna,Spas,Ho Chi Minh City,https://www.tripadvisor.com/Attraction_Review-g293925-d27128455-Reviews-69Sauna-Ho_Chi_Minh_City.html,277
"""Mai"" Home - The Saigon Culinary Art Centre",Cooking Classes,Ho Chi Minh City,https://www.tripadvisor.com/Attraction_Review-g293925-d2559479-Reviews-Mai_Home_The_Saigon_Culinary_Art_Centre-Ho_Chi_Minh_City.html,278
Concept Coiffure,Spas,Ho Chi Minh City,https://www.tripadvisor.com/Attraction_Review-g293925-d2414201-Reviews-Concept_Coiffure-Ho_Chi_Minh_City.html,279
Charm Spa Garden -Quận 1,Spas,Ho Chi Minh City,https://www.tripadvisor.com/Attraction_Review-g293925-d34311620-Reviews-Charm_Spa_Garden_Qu_n_1-Ho_Chi_Minh_City.html,280
ACE TRAVELS,Day Trips,Ho Chi Minh City,https://www.tripadvisor.com/Attraction_Review-g293925-d27173896-Reviews-ACE_TRAVELS-Ho_Chi_Minh_City.html,281
Golden Lotus Healing Land,Spas,Ho Chi Minh City,https://www.tripadvisor.com/Attraction_Review-g293925-d5957860-Reviews-Golden_Lotus_Healing_Land-Ho_Chi_Minh_City.html,282
Arcan Saigon - Underground Night Club,Bars & Clubs • Dance Clubs & Discos,Ho Chi Minh City,https://www.tripadvisor.com/Attraction_Review-g293925-d14134897-Reviews-Arcan_Saigon_Underground_Night_Club-Ho_Chi_Minh_City.html,283
Kocochi Spa,Spas,Ho Chi Minh City,https://www.tripadvisor.com/Attraction_Review-g293925-d25065842-Reviews-Kocochi_Spa-Ho_Chi_Minh_City.html,284
Qspa - Retreat & Beauty Care Center,Spas,Ho Chi Minh City,https://www.tripadvisor.com/Attraction_Review-g293925-d11872390-Reviews-Qspa_Retreat_Beauty_Care_Center-Ho_Chi_Minh_City.html,285
Airport Bus # 152,Taxis & Shuttles,Ho Chi Minh City,https://www.tripadvisor.com/Attraction_Review-g293925-d12698370-Reviews-Airport_Bus_152-Ho_Chi_Minh_City.html,286
Cafe EON,Coffeehouses,Ho Chi Minh City,https://www.tripadvisor.com/Attraction_Review-g293925-d7700073-Reviews-Cafe_EON-Ho_Chi_Minh_City.html,287
Saigon River Tour,Historical & Heritage Tours • Boat Tours,Ho Chi Minh City,https://www.tripadvisor.com/Attraction_Review-g293925-d4097768-Reviews-Saigon_River_Tour-Ho_Chi_Minh_City.html,288
Saigon Transfers,Taxis & Shuttles,Ho Chi Minh City,https://www.tripadvisor.com/Attraction_Review-g293925-d12432519-Reviews-Saigon_Transfers-Ho_Chi_Minh_City.html,290
Vn Spa,Spas,Ho Chi Minh City,https://www.tripadvisor.com/Attraction_Review-g293925-d33338784-Reviews-Vn_Spa-Ho_Chi_Minh_City.html,291
Fanfan Outdoor Equipment Store,Speciality & Gift Shops,Ho Chi Minh City,https://www.tripadvisor.com/Attraction_Review-g293925-d33953078-Reviews-Fanfan_Outdoor_Equipment_Store-Ho_Chi_Minh_City.html,292
Wabe Sabe,Speciality & Gift Shops,Ho Chi Minh City,https://www.tripadvisor.com/Attraction_Review-g293925-d26875853-Reviews-Wabe_Sabe-Ho_Chi_Minh_City.html,293
HAEU Salon,Open now,Ho Chi Minh City,https://www.tripadvisor.com/Attraction_Review-g293925-d26145540-Reviews-HAEU_Salon-Ho_Chi_Minh_City.html,294
Indochina Heritage Travel,City Tours • Historical & Heritage Tours,Ho Chi Minh City,https://www.tripadvisor.com/Attraction_Review-g293925-d6982572-Reviews-Indochina_Heritage_Travel-Ho_Chi_Minh_City.html,295
NAP Healing & Wellness,Spas,Ho Chi Minh City,https://www.tripadvisor.com/Attraction_Review-g293925-d34495164-Reviews-NAP_Healing_Wellness-Ho_Chi_Minh_City.html,296
L'Apothiquaire Spa,Yoga & Pilates • Spas,Ho Chi Minh City,https://www.tripadvisor.com/Attraction_Review-g293925-d1170827-Reviews-L_Apothiquaire_Spa-Ho_Chi_Minh_City.html,297
Quý Phi Spa Quận Gò Vấp,Spas,Ho Chi Minh City,https://www.tripadvisor.com/Attraction_Review-g293925-d23736709-Reviews-Quy_Phi_Spa_Qu_n_Go_V_p-Ho_Chi_Minh_City.html,298
Emes Escape Room,Escape Games,Ho Chi Minh City,https://www.tripadvisor.com/Attraction_Review-g293925-d28454178-Reviews-Emes_Escape_Room-Ho_Chi_Minh_City.html,299
Cây Đầu To,Speciality & Gift Shops,Ho Chi Minh City,https://www.tripadvisor.com/Attraction_Review-g293925-d24001941-Reviews-Cay_D_u_To-Ho_Chi_Minh_City.html,300
Body Shape - Gym Thao Dien,Health Clubs • Sports Complexes,Ho Chi Minh City,https://www.tripadvisor.com/Attraction_Review-g293925-d4177826-Reviews-Body_Shape_Gym_Thao_Dien-Ho_Chi_Minh_City.html,301
SOL SPA - Saigon Liberty Riverside,Spas,Ho Chi Minh City,https://www.tripadvisor.com/Attraction_Review-g293925-d25354953-Reviews-SOL_SPA_Saigon_Liberty_Riverside-Ho_Chi_Minh_City.html,302
Vinasun Taxi,Taxis & Shuttles,Ho Chi Minh City,https://www.tripadvisor.com/Attraction_Review-g293925-d8869748-Reviews-Vinasun_Taxi-Ho_Chi_Minh_City.html,303
An Dong Market,Speciality & Gift Shops,Ho Chi Minh City,https://www.tripadvisor.com/Attraction_Review-g293925-d4552856-Reviews-An_Dong_Market-Ho_Chi_Minh_City.html,304
Spa Gallery,Spas,Ho Chi Minh City,https://www.tripadvisor.com/Attraction_Review-g293925-d10455052-Reviews-Spa_Gallery-Ho_Chi_Minh_City.html,305
Metiseko - Saigon,Speciality & Gift Shops,Ho Chi Minh City,https://www.tripadvisor.com/Attraction_Review-g293925-d12600679-Reviews-Metiseko_Saigon-Ho_Chi_Minh_City.html,306
Laboho Spa,Spas,Ho Chi Minh City,https://www.tripadvisor.com/Attraction_Review-g293925-d26791887-Reviews-Laboho_Spa-Ho_Chi_Minh_City.html,307
"Vietnam 5G SIM Card – 24/7 Pickup at Tan Son Nhat Airport, Ho Chi Minh City",Gear Rentals,Ho Chi Minh City,https://www.tripadvisor.com/Attraction_Review-g293925-d34418206-Reviews-Vietnam_5G_SIM_Card_24_7_Pickup_at_Tan_Son_Nhat_Airport_Ho_Chi_Minh_City-Ho_Chi_.html,308
Kim's Tavern Bar,Bars & Clubs,Ho Chi Minh City,https://www.tripadvisor.com/Attraction_Review-g293925-d3432676-Reviews-Kim_s_Tavern_Bar-Ho_Chi_Minh_City.html,309
Coco Care Spa,Spas,Ho Chi Minh City,https://www.tripadvisor.com/Attraction_Review-g293925-d11899009-Reviews-Coco_Care_Spa-Ho_Chi_Minh_City.html,310
Hợp 合 Skybar,Bars & Clubs,Ho Chi Minh City,https://www.tripadvisor.com/Attraction_Review-g293925-d30703267-Reviews-H_p_Skybar-Ho_Chi_Minh_City.html,311
Nola Urban Spa 2,Spas,Ho Chi Minh City,https://www.tripadvisor.com/Attraction_Review-g293925-d33948567-Reviews-Nola_Urban_Spa_2-Ho_Chi_Minh_City.html,312
Brothers - Boutique Men's Spa & Salon,Spas,Ho Chi Minh City,https://www.tripadvisor.com/Attraction_Review-g293925-d12584392-Reviews-Brothers_Boutique_Men_s_Spa_Salon-Ho_Chi_Minh_City.html,313
Beautiful Saigon Spa,Spas,Ho Chi Minh City,https://www.tripadvisor.com/Attraction_Review-g293925-d5921457-Reviews-Beautiful_Saigon_Spa-Ho_Chi_Minh_City.html,314
Tana Spa,Spas,Ho Chi Minh City,https://www.tripadvisor.com/Attraction_Review-g293925-d33333014-Reviews-Tana_Spa-Ho_Chi_Minh_City.html,315
Real Escape Sài Gòn,Escape Games,Ho Chi Minh City,https://www.tripadvisor.com/Attraction_Review-g293925-d25973054-Reviews-Real_Escape_Sai_Gon-Ho_Chi_Minh_City.html,316
Duong Jewelry - HCMC Boutique,Speciality & Gift Shops,Ho Chi Minh City,https://www.tripadvisor.com/Attraction_Review-g293925-d21142314-Reviews-Duong_Jewelry_HCMC_Boutique-Ho_Chi_Minh_City.html,317
Snuffbox,Bars & Clubs,Ho Chi Minh City,https://www.tripadvisor.com/Attraction_Review-g293925-d9754920-Reviews-Snuffbox-Ho_Chi_Minh_City.html,318
Moc Huong Spa Thao Dien,Health Clubs • Spas,Ho Chi Minh City,https://www.tripadvisor.com/Attraction_Review-g293925-d11690404-Reviews-Moc_Huong_Spa_Thao_Dien-Ho_Chi_Minh_City.html,319
Chill Spa,Spas,Ho Chi Minh City,https://www.tripadvisor.com/Attraction_Review-g293925-d27525288-Reviews-Chill_Spa-Ho_Chi_Minh_City.html,320
Phi Phi Tailor,Speciality & Gift Shops,Ho Chi Minh City,https://www.tripadvisor.com/Attraction_Review-g293925-d7241907-Reviews-Phi_Phi_Tailor-Ho_Chi_Minh_City.html,321
The Craft House Original - Souvenir & Gift Shop,Speciality & Gift Shops,Ho Chi Minh City,https://www.tripadvisor.com/Attraction_Review-g293925-d12838076-Reviews-The_Craft_House_Original_Souvenir_Gift_Shop-Ho_Chi_Minh_City.html,322
N Spa - Body Massage District 7,Spas,Ho Chi Minh City,https://www.tripadvisor.com/Attraction_Review-g293925-d26502465-Reviews-N_Spa_Body_Massage_District_7-Ho_Chi_Minh_City.html,323
Nola Urban Spa,Spas,Ho Chi Minh City,https://www.tripadvisor.com/Attraction_Review-g293925-d33320290-Reviews-Nola_Urban_Spa-Ho_Chi_Minh_City.html,324
Lam Spa,Spas,Ho Chi Minh City,https://www.tripadvisor.com/Attraction_Review-g293925-d28010412-Reviews-Lam_Spa-Ho_Chi_Minh_City.html,325
Street Food Man,Walking Tours • Night Tours,Ho Chi Minh City,https://www.tripadvisor.com/Attraction_Review-g293925-d10117391-Reviews-Street_Food_Man-Ho_Chi_Minh_City.html,326
22Nail,Open now,Ho Chi Minh City,https://www.tripadvisor.com/Attraction_Review-g293925-d25030079-Reviews-22Nail-Ho_Chi_Minh_City.html,327
Cao Anh Tailor,Speciality & Gift Shops,Ho Chi Minh City,https://www.tripadvisor.com/Attraction_Review-g293925-d16656422-Reviews-Cao_Anh_Tailor-Ho_Chi_Minh_City.html,328
Mekong Quilts - Non-Profit Organization,Speciality & Gift Shops,Ho Chi Minh City,https://www.tripadvisor.com/Attraction_Review-g293925-d1930367-Reviews-Mekong_Quilts_Non_Profit_Organization-Ho_Chi_Minh_City.html,329
Ayla Spa Central Saigon,Spas,Ho Chi Minh City,https://www.tripadvisor.com/Attraction_Review-g293925-d20141060-Reviews-Ayla_Spa_Central_Saigon-Ho_Chi_Minh_City.html,330
Mulberry Spa & Hair Studio,Spas,Ho Chi Minh City,https://www.tripadvisor.com/Attraction_Review-g293925-d11710229-Reviews-Mulberry_Spa_Hair_Studio-Ho_Chi_Minh_City.html,331
Alluvia Chocolate,Speciality & Gift Shops,Ho Chi Minh City,https://www.tripadvisor.com/Attraction_Review-g293925-d18940966-Reviews-Alluvia_Chocolate-Ho_Chi_Minh_City.html,332
Bloom Spa & Massage,Spas,Ho Chi Minh City,https://www.tripadvisor.com/Attraction_Review-g293925-d33116956-Reviews-Bloom_Spa_Massage-Ho_Chi_Minh_City.html,333
TNR Saigon,Bars & Clubs,Ho Chi Minh City,https://www.tripadvisor.com/Attraction_Review-g293925-d3394479-Reviews-TNR_Saigon-Ho_Chi_Minh_City.html,334
Kiều Trinh Foot Massage,Spas,Ho Chi Minh City,https://www.tripadvisor.com/Attraction_Review-g293925-d32786147-Reviews-Ki_u_Trinh_Foot_Massage-Ho_Chi_Minh_City.html,335
Veritas Bespoke,Speciality & Gift Shops,Ho Chi Minh City,https://www.tripadvisor.com/Attraction_Review-g293925-d9563623-Reviews-Veritas_Bespoke-Ho_Chi_Minh_City.html,336
Broma Not A Bar,Bars & Clubs,Ho Chi Minh City,https://www.tripadvisor.com/Attraction_Review-g293925-d3815598-Reviews-Broma_Not_A_Bar-Ho_Chi_Minh_City.html,337
Kennoya Professional Foot Massage,Spas,Ho Chi Minh City,https://www.tripadvisor.com/Attraction_Review-g293925-d3397942-Reviews-Kennoya_Professional_Foot_Massage-Ho_Chi_Minh_City.html,338
Tinh Thuc Spa,Spas,Ho Chi Minh City,https://www.tripadvisor.com/Attraction_Review-g293925-d29009530-Reviews-Tinh_Thuc_Spa-Ho_Chi_Minh_City.html,339
Zeni Nail Spa,Spas,Ho Chi Minh City,https://www.tripadvisor.com/Attraction_Review-g293925-d34322878-Reviews-Zeni_Nail_Spa-Ho_Chi_Minh_City.html,340
Cat Moc Spa,Spas,Ho Chi Minh City,https://www.tripadvisor.com/Attraction_Review-g293925-d2726268-Reviews-Cat_Moc_Spa-Ho_Chi_Minh_City.html,341
Sen Trang Spa,Spas,Ho Chi Minh City,https://www.tripadvisor.com/Attraction_Review-g293925-d2417715-Reviews-Sen_Trang_Spa-Ho_Chi_Minh_City.html,342
Hazgen Nail Bar,Spas,Ho Chi Minh City,https://www.tripadvisor.com/Attraction_Review-g293925-d25006681-Reviews-Hazgen_Nail_Bar-Ho_Chi_Minh_City.html,343
Nhu Y Lacquerware,Speciality & Gift Shops,Ho Chi Minh City,https://www.tripadvisor.com/Attraction_Review-g293925-d6956299-Reviews-Nhu_Y_Lacquerware-Ho_Chi_Minh_City.html,344
Thi Bar,Bars & Clubs,Ho Chi Minh City,https://www.tripadvisor.com/Attraction_Review-g293925-d8432743-Reviews-Thi_Bar-Ho_Chi_Minh_City.html,345
August Tailor,Speciality & Gift Shops,Ho Chi Minh City,https://www.tripadvisor.com/Attraction_Review-g293925-d17118070-Reviews-August_Tailor-Ho_Chi_Minh_City.html,346
The Observatory,Bars & Clubs • Dance Clubs & Discos,Ho Chi Minh City,https://www.tripadvisor.com/Attraction_Review-g293925-d6385014-Reviews-The_Observatory-Ho_Chi_Minh_City.html,347
SaigonSniper,Shooting Ranges,Ho Chi Minh City,https://www.tripadvisor.com/Attraction_Review-g293925-d25171188-Reviews-SaigonSniper-Ho_Chi_Minh_City.html,348
Hoa Tuc Cooking Class,Cooking Classes,Ho Chi Minh City,https://www.tripadvisor.com/Attraction_Review-g293925-d24051572-Reviews-Hoa_Tuc_Cooking_Class-Ho_Chi_Minh_City.html,349
Krystalini Hidden Cocktail Bar,Bars & Clubs,Ho Chi Minh City,https://www.tripadvisor.com/Attraction_Review-g293925-d18453788-Reviews-Krystalini_Hidden_Cocktail_Bar-Ho_Chi_Minh_City.html,350
Les Rives Authentic River Experience,City Tours • Historical & Heritage Tours,Ho Chi Minh City,https://www.tripadvisor.com/Attraction_Review-g293925-d1746272-Reviews-Les_Rives_Authentic_River_Experience-Ho_Chi_Minh_City.html,351
Ginkgo Concept Store,Speciality & Gift Shops,Ho Chi Minh City,https://www.tripadvisor.com/Attraction_Review-g293925-d7205645-Reviews-Ginkgo_Concept_Store-Ho_Chi_Minh_City.html,352
Style Motorbikes,Gear Rentals,Ho Chi Minh City,https://www.tripadvisor.com/Attraction_Review-g293925-d13123395-Reviews-Style_Motorbikes-Ho_Chi_Minh_City.html,353
Firkin Bar,Bars & Clubs • Cigar Bars,Ho Chi Minh City,https://www.tripadvisor.com/Attraction_Review-g293925-d13162032-Reviews-Firkin_Bar-Ho_Chi_Minh_City.html,354
La Mekong Spa,Spas,Ho Chi Minh City,https://www.tripadvisor.com/Attraction_Review-g293925-d26267736-Reviews-La_Mekong_Spa-Ho_Chi_Minh_City.html,355
Ddreamer Jewelry & Jewelry Making Workshops,Speciality & Gift Shops • Lessons & Workshops,Ho Chi Minh City,https://www.tripadvisor.com/Attraction_Review-g293925-d17596766-Reviews-Ddreamer_Jewelry_Jewelry_Making_Workshops-Ho_Chi_Minh_City.html,356
AAA Spa,Spas,Ho Chi Minh City,https://www.tripadvisor.com/Attraction_Review-g293925-d6498863-Reviews-AAA_Spa-Ho_Chi_Minh_City.html,357
Wolken Spa Hair Salon,Spas,Ho Chi Minh City,https://www.tripadvisor.com/Attraction_Review-g293925-d26773215-Reviews-Wolken_Spa_Hair_Salon-Ho_Chi_Minh_City.html,358
The Mist - Lune Production,Theater & Performances,Ho Chi Minh City,https://www.tripadvisor.com/Attraction_Review-g293925-d7310219-Reviews-The_Mist_Lune_Production-Ho_Chi_Minh_City.html,359
HANA TOURIST VIP,City Tours • Multi-day Tours,Ho Chi Minh City,https://www.tripadvisor.com/Attraction_Review-g293925-d15528737-Reviews-HANA_TOURIST_VIP-Ho_Chi_Minh_City.html,360
SOL SPA - Saigon Liberty Citypoint,Spas,Ho Chi Minh City,https://www.tripadvisor.com/Attraction_Review-g293925-d25229877-Reviews-SOL_SPA_Saigon_Liberty_Citypoint-Ho_Chi_Minh_City.html,362
"Fast Track Immigration Service at Tan Son Nhat Airport (SGN), Ho Chi Minh City",Taxis & Shuttles,Ho Chi Minh City,https://www.tripadvisor.com/Attraction_Review-g293925-d33404918-Reviews-Fast_Track_Immigration_Service_at_Tan_Son_Nhat_Airport_SGN_Ho_Chi_Minh_City-Ho_C.html,363
Ju Spa,Spas,Ho Chi Minh City,https://www.tripadvisor.com/Attraction_Review-g293925-d25053984-Reviews-Ju_Spa-Ho_Chi_Minh_City.html,364
Xuan Lan Spa - Hair - Nails,Spas,Ho Chi Minh City,https://www.tripadvisor.com/Attraction_Review-g293925-d8856586-Reviews-Xuan_Lan_Spa_Hair_Nails-Ho_Chi_Minh_City.html,365
Ho Chi Minh Massage By Yuju Spa,Spas,Ho Chi Minh City,https://www.tripadvisor.com/Attraction_Review-g293925-d20300693-Reviews-Ho_Chi_Minh_Massage_By_Yuju_Spa-Ho_Chi_Minh_City.html,366
Minh Phuong Lacquer - Ware Gallergy,Speciality & Gift Shops,Ho Chi Minh City,https://www.tripadvisor.com/Attraction_Review-g293925-d5038003-Reviews-Minh_Phuong_Lacquer_Ware_Gallergy-Ho_Chi_Minh_City.html,367
Intrepid Urban Adventures,City Tours • Walking Tours,Ho Chi Minh City,https://www.tripadvisor.com/Attraction_Review-g293925-d1837685-Reviews-Intrepid_Urban_Adventures-Ho_Chi_Minh_City.html,368
Sivananda Yoga Center,Yoga & Pilates,Ho Chi Minh City,https://www.tripadvisor.com/Attraction_Review-g293925-d2099329-Reviews-Sivananda_Yoga_Center-Ho_Chi_Minh_City.html,369
YKC SpaSalon,Spas,Ho Chi Minh City,https://www.tripadvisor.com/Attraction_Review-g293925-d2187722-Reviews-YKC_SpaSalon-Ho_Chi_Minh_City.html,370
H&D Tailor,Speciality & Gift Shops,Ho Chi Minh City,https://www.tripadvisor.com/Attraction_Review-g293925-d4873291-Reviews-H_D_Tailor-Ho_Chi_Minh_City.html,371
Noir. Spa,Spas,Ho Chi Minh City,https://www.tripadvisor.com/Attraction_Review-g293925-d23241279-Reviews-Noir_Spa-Ho_Chi_Minh_City.html,372
Saigon Vibes,Motorcycle Tours • Night Tours,Ho Chi Minh City,https://www.tripadvisor.com/Attraction_Review-g293925-d17212823-Reviews-Saigon_Vibes-Ho_Chi_Minh_City.html,373
Water puppet show at Thao Dien Village,Dinner Theaters,Ho Chi Minh City,https://www.tripadvisor.com/Attraction_Review-g293925-d1636752-Reviews-Water_puppet_show_at_Thao_Dien_Village-Ho_Chi_Minh_City.html,374
Dakao Quartier,Speciality & Gift Shops,Ho Chi Minh City,https://www.tripadvisor.com/Attraction_Review-g293925-d32908268-Reviews-Dakao_Quartier-Ho_Chi_Minh_City.html,375
Lina Beauty Room Quận 3,Open now,Ho Chi Minh City,https://www.tripadvisor.com/Attraction_Review-g293925-d26959373-Reviews-Lina_Beauty_Room_Qu_n_3-Ho_Chi_Minh_City.html,376
Moc Huong Spa 2A,Spas,Ho Chi Minh City,https://www.tripadvisor.com/Attraction_Review-g293925-d6774221-Reviews-Moc_Huong_Spa_2A-Ho_Chi_Minh_City.html,377
Hint Hair Salon,Open now,Ho Chi Minh City,https://www.tripadvisor.com/Attraction_Review-g293925-d17627334-Reviews-Hint_Hair_Salon-Ho_Chi_Minh_City.html,378
Legendary Chocolatier,Speciality & Gift Shops,Ho Chi Minh City,https://www.tripadvisor.com/Attraction_Review-g293925-d11437030-Reviews-Legendary_Chocolatier-Ho_Chi_Minh_City.html,379
Binh Tailor,Speciality & Gift Shops,Ho Chi Minh City,https://www.tripadvisor.com/Attraction_Review-g293925-d13340286-Reviews-Binh_Tailor-Ho_Chi_Minh_City.html,380
The Lime Spa 49,Spas,Ho Chi Minh City,https://www.tripadvisor.com/Attraction_Review-g293925-d26916395-Reviews-The_Lime_Spa_49-Ho_Chi_Minh_City.html,381
Ori Nail & Spa,Spas,Ho Chi Minh City,https://www.tripadvisor.com/Attraction_Review-g293925-d12788024-Reviews-Ori_Nail_Spa-Ho_Chi_Minh_City.html,382
Rocky Spa,Spas,Ho Chi Minh City,https://www.tripadvisor.com/Attraction_Review-g293925-d10767864-Reviews-Rocky_Spa-Ho_Chi_Minh_City.html,383
In The Mood - Saïgon,Speciality & Gift Shops,Ho Chi Minh City,https://www.tripadvisor.com/Attraction_Review-g293925-d17838697-Reviews-In_The_Mood_Saigon-Ho_Chi_Minh_City.html,384
Vietnam To Travel,Historical & Heritage Tours • Bike Tours,Ho Chi Minh City,https://www.tripadvisor.com/Attraction_Review-g293925-d10836066-Reviews-Vietnam_To_Travel-Ho_Chi_Minh_City.html,385
Kisstour,City Tours • Bike Tours,Ho Chi Minh City,https://www.tripadvisor.com/Attraction_Review-g293925-d10694795-Reviews-Kisstour-Ho_Chi_Minh_City.html,386
Nutrifort Fitness,Health Clubs • Spas,Ho Chi Minh City,https://www.tripadvisor.com/Attraction_Review-g293925-d2149556-Reviews-Nutrifort_Fitness-Ho_Chi_Minh_City.html,387
Temple Tree Spa,Spas,Ho Chi Minh City,https://www.tripadvisor.com/Attraction_Review-g293925-d7396352-Reviews-Temple_Tree_Spa-Ho_Chi_Minh_City.html,388
Kim Delta Travel,Boat Tours • Sightseeing Tours,Ho Chi Minh City,https://www.tripadvisor.com/Attraction_Review-g293925-d24977107-Reviews-Kim_Delta_Travel-Ho_Chi_Minh_City.html,389
The Privé Spa | International Nail Care & Spa | Thao Dien (D2),Spas,Ho Chi Minh City,https://www.tripadvisor.com/Attraction_Review-g293925-d23718217-Reviews-The_Prive_Spa_International_Nail_Care_Spa_Thao_Dien_D2-Ho_Chi_Minh_City.html,390
Zen Spa - Foot & Body Massage 2,Spas,Ho Chi Minh City,https://www.tripadvisor.com/Attraction_Review-g293925-d16882798-Reviews-Zen_Spa_Foot_Body_Massage_2-Ho_Chi_Minh_City.html,391
Hair Salon and Spa Angel Nguyen Thu,Spas,Ho Chi Minh City,https://www.tripadvisor.com/Attraction_Review-g293925-d11879452-Reviews-Hair_Salon_and_Spa_Angel_Nguyen_Thu-Ho_Chi_Minh_City.html,392
Mekong Cruises Tours,City Tours • Cultural Tours,Ho Chi Minh City,https://www.tripadvisor.com/Attraction_Review-g293925-d10063849-Reviews-Mekong_Cruises_Tours-Ho_Chi_Minh_City.html,393
Saigon Hotpot - Travel With Local Youth,City Tours • Cultural Tours,Ho Chi Minh City,https://www.tripadvisor.com/Attraction_Review-g293925-d3948543-Reviews-Saigon_Hotpot_Travel_With_Local_Youth-Ho_Chi_Minh_City.html,394
Dragon Bikes,Gear Rentals,Ho Chi Minh City,https://www.tripadvisor.com/Attraction_Review-g293925-d12848297-Reviews-Dragon_Bikes-Ho_Chi_Minh_City.html,395
Saigon Princess - Luxurious Dining Cruise,Boat Tours • Night Tours,Ho Chi Minh City,https://www.tripadvisor.com/Attraction_Review-g293925-d26223282-Reviews-Saigon_Princess_Luxurious_Dining_Cruise-Ho_Chi_Minh_City.html,396
Futa Bus Lines,Bus Services,Ho Chi Minh City,https://www.tripadvisor.com/Attraction_Review-g293925-d10044301-Reviews-Futa_Bus_Lines-Ho_Chi_Minh_City.html,397
102 Saigonese,City Tours • Multi-day Tours,Ho Chi Minh City,https://www.tripadvisor.com/Attraction_Review-g293925-d19163793-Reviews-102_Saigonese-Ho_Chi_Minh_City.html,398
Vespa Adventures,City Tours • Night Tours,Ho Chi Minh City,https://www.tripadvisor.com/Attraction_Review-g293925-d2004786-Reviews-Vespa_Adventures-Ho_Chi_Minh_City.html,399
B Design And Tattoo,"Shopping Tours • Literary, Art & Music Tours",Ho Chi Minh City,https://www.tripadvisor.com/Attraction_Review-g293925-d33301162-Reviews-B_Design_And_Tattoo-Ho_Chi_Minh_City.html,400
AN Tours Vietnam,City Tours • Walking Tours,Ho Chi Minh City,https://www.tripadvisor.com/Attraction_Review-g293925-d13073660-Reviews-AN_Tours_Vietnam-Ho_Chi_Minh_City.html,401
Trails Of Indochina,City Tours • Multi-day Tours,Ho Chi Minh City,https://www.tripadvisor.com/Attraction_Review-g293925-d17801726-Reviews-Trails_Of_Indochina-Ho_Chi_Minh_City.html,402
VietCruise Tours,Multi-day Tours • Taxis & Shuttles,Ho Chi Minh City,https://www.tripadvisor.com/Attraction_Review-g293925-d18830093-Reviews-VietCruise_Tours-Ho_Chi_Minh_City.html,403
Joy Journeys,City Tours • Multi-day Tours,Ho Chi Minh City,https://www.tripadvisor.com/Attraction_Review-g293925-d19323919-Reviews-Joy_Journeys-Ho_Chi_Minh_City.html,404
Jeep Tour Saigon By Night,City Tours • Night Tours,Ho Chi Minh City,https://www.tripadvisor.com/Attraction_Review-g293925-d8647034-Reviews-Jeep_Tour_Saigon_By_Night-Ho_Chi_Minh_City.html,405
VN Lotus Travel,Multi-day Tours • Historical & Heritage Tours,Ho Chi Minh City,https://www.tripadvisor.com/Attraction_Review-g293925-d8856664-Reviews-VN_Lotus_Travel-Ho_Chi_Minh_City.html,406
Saigon Happy Tour,City Tours • Private Tours,Ho Chi Minh City,https://www.tripadvisor.com/Attraction_Review-g293925-d25789447-Reviews-Saigon_Happy_Tour-Ho_Chi_Minh_City.html,407
Yello Vietnam Travel,Cultural Tours • Eco Tours,Ho Chi Minh City,https://www.tripadvisor.com/Attraction_Review-g293925-d28252124-Reviews-Yello_Vietnam_Travel-Ho_Chi_Minh_City.html,408
Vietnam By Bike,Bike Tours • Boat Tours,Ho Chi Minh City,https://www.tripadvisor.com/Attraction_Review-g293925-d13441867-Reviews-Vietnam_By_Bike-Ho_Chi_Minh_City.html,409
Back of the Bike Tours,Private Tours • Food Tours,Ho Chi Minh City,https://www.tripadvisor.com/Attraction_Review-g293925-d2264651-Reviews-Back_of_the_Bike_Tours-Ho_Chi_Minh_City.html,410
Asia Tours,City Tours • Walking Tours,Ho Chi Minh City,https://www.tripadvisor.com/Attraction_Review-g293925-d5539395-Reviews-Asia_Tours-Ho_Chi_Minh_City.html,411
Odynovo,City Tours • Multi-day Tours,Ho Chi Minh City,https://www.tripadvisor.com/Attraction_Review-g293925-d15019919-Reviews-Odynovo-Ho_Chi_Minh_City.html,412
Lotus Cruises,Boat Tours,Ho Chi Minh City,https://www.tripadvisor.com/Attraction_Review-g293925-d15296299-Reviews-Lotus_Cruises-Ho_Chi_Minh_City.html,413
Tour Guide In Saigon,"City Tours • Bar, Club & Pub Tours",Ho Chi Minh City,https://www.tripadvisor.com/Attraction_Review-g293925-d12226320-Reviews-Tour_Guide_In_Saigon-Ho_Chi_Minh_City.html,414
HCM Cooking Class,Historical & Heritage Tours • Eco Tours,Ho Chi Minh City,https://www.tripadvisor.com/Attraction_Review-g293925-d3677899-Reviews-HCM_Cooking_Class-Ho_Chi_Minh_City.html,415
AN TRAVEL,Multi-day Tours • Taxis & Shuttles,Ho Chi Minh City,https://www.tripadvisor.com/Attraction_Review-g293925-d24131945-Reviews-AN_TRAVEL-Ho_Chi_Minh_City.html,416
The Sun Tourist,Multi-day Tours • Private Tours,Ho Chi Minh City,https://www.tripadvisor.com/Attraction_Review-g293925-d15278678-Reviews-The_Sun_Tourist-Ho_Chi_Minh_City.html,417
Deluxe Group Tours,Cultural Tours • Historical & Heritage Tours,Ho Chi Minh City,https://www.tripadvisor.com/Attraction_Review-g293925-d8263413-Reviews-Deluxe_Group_Tours-Ho_Chi_Minh_City.html,418
Saigon Boat Company,Boat Tours • Boat Rentals,Ho Chi Minh City,https://www.tripadvisor.com/Attraction_Review-g293925-d7767149-Reviews-Saigon_Boat_Company-Ho_Chi_Minh_City.html,419
Mekong Princess,Taxis & Shuttles • Boat Tours,Ho Chi Minh City,https://www.tripadvisor.com/Attraction_Review-g293925-d16872213-Reviews-Mekong_Princess-Ho_Chi_Minh_City.html,420
"CHAO SHOW – Dau An Show Co., Ltd","Bar, Club & Pub Tours • Cultural Tours",Ho Chi Minh City,https://www.tripadvisor.com/Attraction_Review-g293925-d33678444-Reviews-CHAO_SHOW_Dau_An_Show_Co_Ltd-Ho_Chi_Minh_City.html,421
South Asia Travel,City Tours • Sightseeing Tours,Ho Chi Minh City,https://www.tripadvisor.com/Attraction_Review-g293925-d11918882-Reviews-South_Asia_Travel-Ho_Chi_Minh_City.html,422
Toward Local,Walking Tours • Private Tours,Ho Chi Minh City,https://www.tripadvisor.com/Attraction_Review-g293925-d24010769-Reviews-Toward_Local-Ho_Chi_Minh_City.html,423
Heritage Line - Refined Waterway Voyages,Multi-day Tours • Boat Tours,Ho Chi Minh City,https://www.tripadvisor.com/Attraction_Review-g293925-d17379413-Reviews-Heritage_Line_Refined_Waterway_Voyages-Ho_Chi_Minh_City.html,424
Viet Fun Travel,City Tours • Multi-day Tours,Ho Chi Minh City,https://www.tripadvisor.com/Attraction_Review-g293925-d2273094-Reviews-Viet_Fun_Travel-Ho_Chi_Minh_City.html,425
Viet Kolors Tour,City Tours • Multi-day Tours,Ho Chi Minh City,https://www.tripadvisor.com/Attraction_Review-g293925-d26730795-Reviews-Viet_Kolors_Tour-Ho_Chi_Minh_City.html,426
Fisheye Travel Speedboat Tours,Boat Tours • Speed Boats Tours,Ho Chi Minh City,https://www.tripadvisor.com/Attraction_Review-g293925-d13442216-Reviews-Fisheye_Travel_Speedboat_Tours-Ho_Chi_Minh_City.html,427
TattooTGC,Art Galleries • Fashion Shows & Tours,Ho Chi Minh City,https://www.tripadvisor.com/Attraction_Review-g293925-d34036748-Reviews-TattooTGC-Ho_Chi_Minh_City.html,428
Saigon Ebike Tours,City Tours • Motorcycle Tours,Ho Chi Minh City,https://www.tripadvisor.com/Attraction_Review-g293925-d34064312-Reviews-Saigon_Ebike_Tours-Ho_Chi_Minh_City.html,429
Saigon Street Eats,Food Tours,Ho Chi Minh City,https://www.tripadvisor.com/Attraction_Review-g293925-d3617391-Reviews-Saigon_Street_Eats-Ho_Chi_Minh_City.html,430
Saigon Waterbus,Boat Tours,Ho Chi Minh City,https://www.tripadvisor.com/Attraction_Review-g293925-d13447187-Reviews-Saigon_Waterbus-Ho_Chi_Minh_City.html,431
Saigon Back Alley Tours,Walking Tours • Night Tours,Ho Chi Minh City,https://www.tripadvisor.com/Attraction_Review-g293925-d13421912-Reviews-Saigon_Back_Alley_Tours-Ho_Chi_Minh_City.html,432
The Elite of Saigon: A Luxurious Dining Cruise Experience,Boat Tours,Ho Chi Minh City,https://www.tripadvisor.com/Attraction_Review-g293925-d33056335-Reviews-The_Elite_of_Saigon_A_Luxurious_Dining_Cruise_Experience-Ho_Chi_Minh_City.html,433
Vietnam-Immi.Org,Multi-day Tours • Taxis & Shuttles,Ho Chi Minh City,https://www.tripadvisor.com/Attraction_Review-g293925-d33212849-Reviews-Vietnam_Immi_Org-Ho_Chi_Minh_City.html,434
Saigon Tours,City Tours • Cultural Tours,Ho Chi Minh City,https://www.tripadvisor.com/Attraction_Review-g293925-d5982006-Reviews-Saigon_Tours-Ho_Chi_Minh_City.html,435
Roadstour Vietnam - Private Tours,City Tours • Multi-day Tours,Ho Chi Minh City,https://www.tripadvisor.com/Attraction_Review-g293925-d4480894-Reviews-Roadstour_Vietnam_Private_Tours-Ho_Chi_Minh_City.html,436
Maximus Travel Vietnam,City Tours • Historical & Heritage Tours,Ho Chi Minh City,https://www.tripadvisor.com/Attraction_Review-g293925-d20661122-Reviews-Maximus_Travel_Vietnam-Ho_Chi_Minh_City.html,437
Saigon Street Food Tours,Multi-day Tours • Walking Tours,Ho Chi Minh City,https://www.tripadvisor.com/Attraction_Review-g293925-d27533962-Reviews-Saigon_Street_Food_Tours-Ho_Chi_Minh_City.html,438
Maika Tours,City Tours • Multi-day Tours,Ho Chi Minh City,https://www.tripadvisor.com/Attraction_Review-g293925-d5501655-Reviews-Maika_Tours-Ho_Chi_Minh_City.html,439
Vietnam Bike Tours,Bike Tours • Gear Rentals,Ho Chi Minh City,https://www.tripadvisor.com/Attraction_Review-g293925-d1307686-Reviews-Vietnam_Bike_Tours-Ho_Chi_Minh_City.html,440
Cocco Travel,Multi-day Tours • Cultural Tours,Ho Chi Minh City,https://www.tripadvisor.com/Attraction_Review-g293925-d24902115-Reviews-Cocco_Travel-Ho_Chi_Minh_City.html,441
Mr Biker Saigon,Multi-day Tours • Bike Tours,Ho Chi Minh City,https://www.tripadvisor.com/Attraction_Review-g293925-d13006978-Reviews-Mr_Biker_Saigon-Ho_Chi_Minh_City.html,442
Vietnam Original Travel,City Tours • Cultural Tours,Ho Chi Minh City,https://www.tripadvisor.com/Attraction_Review-g293925-d5461656-Reviews-Vietnam_Original_Travel-Ho_Chi_Minh_City.html,443
Spring Saigon Tours,Walking Tours • Food Tours,Ho Chi Minh City,https://www.tripadvisor.com/Attraction_Review-g293925-d17548235-Reviews-Spring_Saigon_Tours-Ho_Chi_Minh_City.html,444
Tiger Tours Co. Ltd.,Multi-day Tours • Mountains,Ho Chi Minh City,https://www.tripadvisor.com/Attraction_Review-g293925-d2435196-Reviews-Tiger_Tours_Co_Ltd-Ho_Chi_Minh_City.html,445
Xin Chao Private Vietnam Tour Guide,Cultural Tours • Boat Tours,Ho Chi Minh City,https://www.tripadvisor.com/Attraction_Review-g293925-d6560716-Reviews-Xin_Chao_Private_Vietnam_Tour_Guide-Ho_Chi_Minh_City.html,446
Ginkgo Voyage Private Day Tours,City Tours • Multi-day Tours,Ho Chi Minh City,https://www.tripadvisor.com/Attraction_Review-g293925-d7194403-Reviews-Ginkgo_Voyage_Private_Day_Tours-Ho_Chi_Minh_City.html,447
SAIGON TASTE Tours,City Tours • Cultural Tours,Ho Chi Minh City,https://www.tripadvisor.com/Attraction_Review-g293925-d17733614-Reviews-SAIGON_TASTE_Tours-Ho_Chi_Minh_City.html,448
Saigon Food Tour,City Tours • Cultural Tours,Ho Chi Minh City,https://www.tripadvisor.com/Attraction_Review-g293925-d6387515-Reviews-Saigon_Food_Tour-Ho_Chi_Minh_City.html,449
Scooter Saigon Exclusive Tours,City Tours • Food Tours,Ho Chi Minh City,https://www.tripadvisor.com/Attraction_Review-g293925-d7339857-Reviews-Scooter_Saigon_Exclusive_Tours-Ho_Chi_Minh_City.html,450
Guided Tours Vietnam,Boat Tours • Sightseeing Tours,Ho Chi Minh City,https://www.tripadvisor.com/Attraction_Review-g293925-d15681266-Reviews-Guided_Tours_Vietnam-Ho_Chi_Minh_City.html,451
Saigon Jeep Adventures,"4WD, ATV & Off-Road Tours • Motorcycle Tours",Ho Chi Minh City,https://www.tripadvisor.com/Attraction_Review-g293925-d25293417-Reviews-Saigon_Jeep_Adventures-Ho_Chi_Minh_City.html,452
Tigit Motorbikes,Motorcycle Tours • Gear Rentals,Ho Chi Minh City,https://www.tripadvisor.com/Attraction_Review-g293925-d6429729-Reviews-Tigit_Motorbikes-Ho_Chi_Minh_City.html,453
Saigon Private Tour Guide,City Tours • Multi-day Tours,Ho Chi Minh City,https://www.tripadvisor.com/Attraction_Review-g293925-d11544014-Reviews-Saigon_Private_Tour_Guide-Ho_Chi_Minh_City.html,454
JOYOUS TRAVEL,Multi-day Tours • Taxis & Shuttles,Ho Chi Minh City,https://www.tripadvisor.com/Attraction_Review-g293925-d24840473-Reviews-JOYOUS_TRAVEL-Ho_Chi_Minh_City.html,455
Innoviet Travel,City Tours • Boat Tours,Ho Chi Minh City,https://www.tripadvisor.com/Attraction_Review-g293925-d2487716-Reviews-Innoviet_Travel-Ho_Chi_Minh_City.html,456
Mekong River Cruise,Boat Tours,Ho Chi Minh City,https://www.tripadvisor.com/Attraction_Review-g293925-d12051706-Reviews-Mekong_River_Cruise-Ho_Chi_Minh_City.html,457
Private Daily Tours,City Tours • Cultural Tours,Ho Chi Minh City,https://www.tripadvisor.com/Attraction_Review-g293925-d13391755-Reviews-Private_Daily_Tours-Ho_Chi_Minh_City.html,458
EVT Travel,Sightseeing Tours,Ho Chi Minh City,https://www.tripadvisor.com/Attraction_Review-g293925-d25234074-Reviews-EVT_Travel-Ho_Chi_Minh_City.html,459
Local Travel Vietnam,City Tours • Cultural Tours,Ho Chi Minh City,https://www.tripadvisor.com/Attraction_Review-g293925-d14790505-Reviews-Local_Travel_Vietnam-Ho_Chi_Minh_City.html,460
Backstreet Tours Saigon,"Bar, Club & Pub Tours • 4WD, ATV & Off-Road Tours",Ho Chi Minh City,https://www.tripadvisor.com/Attraction_Review-g293925-d28055218-Reviews-Backstreet_Tours_Saigon-Ho_Chi_Minh_City.html,461
Detoured Asia,Boat Tours • Walking Tours,Ho Chi Minh City,https://www.tripadvisor.com/Attraction_Review-g293925-d6362892-Reviews-Detoured_Asia-Ho_Chi_Minh_City.html,462
PAPA HOLIDAY VIETNAM,Multi-day Tours • Taxis & Shuttles,Ho Chi Minh City,https://www.tripadvisor.com/Attraction_Review-g293925-d15522949-Reviews-PAPA_HOLIDAY_VIETNAM-Ho_Chi_Minh_City.html,464
Hồ Chí Minh City Discovery,City Tours • Multi-day Tours,Ho Chi Minh City,https://www.tripadvisor.com/Attraction_Review-g293925-d27689774-Reviews-H_Chi_Minh_City_Discovery-Ho_Chi_Minh_City.html,465
Bike Tours Vietnam,Bike Tours,Ho Chi Minh City,https://www.tripadvisor.com/Attraction_Review-g293925-d17604040-Reviews-Bike_Tours_Vietnam-Ho_Chi_Minh_City.html,466
Saigon Riders,Multi-day Tours • Cultural Tours,Ho Chi Minh City,https://www.tripadvisor.com/Attraction_Review-g293925-d3959210-Reviews-Saigon_Riders-Ho_Chi_Minh_City.html,467
Saigonbiketours,City Tours • Historical & Heritage Tours,Ho Chi Minh City,https://www.tripadvisor.com/Attraction_Review-g293925-d24122789-Reviews-Saigonbiketours-Ho_Chi_Minh_City.html,468
Mango Cruises,Boat Tours,Ho Chi Minh City,https://www.tripadvisor.com/Attraction_Review-g293925-d2424536-Reviews-Mango_Cruises-Ho_Chi_Minh_City.html,469
Jason Super Star Service (SSS) - Day Tours,City Tours • Cultural Tours,Ho Chi Minh City,https://www.tripadvisor.com/Attraction_Review-g293925-d8291676-Reviews-Jason_Super_Star_Service_SSS_Day_Tours-Ho_Chi_Minh_City.html,470
Pandaw Cruises,Boat Tours,Ho Chi Minh City,https://www.tripadvisor.com/Attraction_Review-g293925-d12124708-Reviews-Pandaw_Cruises-Ho_Chi_Minh_City.html,471
Ann Tours,Cultural Tours • Sightseeing Tours,Ho Chi Minh City,https://www.tripadvisor.com/Attraction_Review-g293925-d2435402-Reviews-Ann_Tours-Ho_Chi_Minh_City.html,472
Hoi An Express,City Tours • Cultural Tours,Ho Chi Minh City,https://www.tripadvisor.com/Attraction_Review-g293925-d2435411-Reviews-Hoi_An_Express-Ho_Chi_Minh_City.html,473
DC Saigontours,Bike Tours • Walking Tours,Ho Chi Minh City,https://www.tripadvisor.com/Attraction_Review-g293925-d18207039-Reviews-DC_Saigontours-Ho_Chi_Minh_City.html,474
Onetrip Adventures,Cultural Tours • Motorcycle Tours,Ho Chi Minh City,https://www.tripadvisor.com/Attraction_Review-g293925-d8765849-Reviews-Onetrip_Adventures-Ho_Chi_Minh_City.html,475
Tour With Xuan,City Tours • Sightseeing Tours,Ho Chi Minh City,https://www.tripadvisor.com/Attraction_Review-g293925-d12204583-Reviews-Tour_With_Xuan-Ho_Chi_Minh_City.html,476
Vietnam Private Transfers,City Tours • Taxis & Shuttles,Ho Chi Minh City,https://www.tripadvisor.com/Attraction_Review-g293925-d13871488-Reviews-Vietnam_Private_Transfers-Ho_Chi_Minh_City.html,477
Countryside Adventures,Multi-day Tours • Bike Tours,Ho Chi Minh City,https://www.tripadvisor.com/Attraction_Review-g293925-d11680137-Reviews-Countryside_Adventures-Ho_Chi_Minh_City.html,478
HTC TRAVEL,"4WD, ATV & Off-Road Tours • Taxis & Shuttles",Ho Chi Minh City,https://www.tripadvisor.com/Attraction_Review-g293925-d26830472-Reviews-HTC_TRAVEL-Ho_Chi_Minh_City.html,479
Water Buffalo Tours,Sightseeing Tours • Private Tours,Ho Chi Minh City,https://www.tripadvisor.com/Attraction_Review-g293925-d2226088-Reviews-Water_Buffalo_Tours-Ho_Chi_Minh_City.html,480
Sophie's Art Tour - Private Tours,"Literary, Art & Music Tours • Private Tours",Ho Chi Minh City,https://www.tripadvisor.com/Attraction_Review-g293925-d5773564-Reviews-Sophie_s_Art_Tour_Private_Tours-Ho_Chi_Minh_City.html,481
Dragon Sea Travel,Multi-day Tours • Adrenaline & Extreme Tours,Ho Chi Minh City,https://www.tripadvisor.com/Attraction_Review-g293925-d25406507-Reviews-Dragon_Sea_Travel-Ho_Chi_Minh_City.html,482
Old Compass Travel,Cultural Tours • Walking Tours,Ho Chi Minh City,https://www.tripadvisor.com/Attraction_Review-g293925-d13646384-Reviews-Old_Compass_Travel-Ho_Chi_Minh_City.html,484
Vietnam Unique Travels,City Tours • Historic Sites,Ho Chi Minh City,https://www.tripadvisor.com/Attraction_Review-g293925-d9718386-Reviews-Vietnam_Unique_Travels-Ho_Chi_Minh_City.html,486
Platinum Club Tours,"Bar, Club & Pub Tours",Ho Chi Minh City,https://www.tripadvisor.com/Attraction_Review-g293925-d6556853-Reviews-Platinum_Club_Tours-Ho_Chi_Minh_City.html,487
HAPPY PLUS TRAVEL,Taxis & Shuttles • Bike Tours,Ho Chi Minh City,https://www.tripadvisor.com/Attraction_Review-g293925-d19604677-Reviews-HAPPY_PLUS_TRAVEL-Ho_Chi_Minh_City.html,489
Pride Drives Vietnam - Saigon Gay Tours,City Tours • Shopping Tours,Ho Chi Minh City,https://www.tripadvisor.com/Attraction_Review-g293925-d17332815-Reviews-Pride_Drives_Vietnam_Saigon_Gay_Tours-Ho_Chi_Minh_City.html,490
Discova,City Tours • Cultural Tours,Ho Chi Minh City,https://www.tripadvisor.com/Attraction_Review-g293925-d11639858-Reviews-Discova-Ho_Chi_Minh_City.html,491
Ry Spa 126,Spas,Ho Chi Minh City,https://www.tripadvisor.com/Attraction_Review-g293925-d28742375-Reviews-Ry_Spa_126-Ho_Chi_Minh_City.html,492
"Soul Care Nails, Lashes And Massage",Spas,Ho Chi Minh City,https://www.tripadvisor.com/Attraction_Review-g293925-d28985265-Reviews-Soul_Care_Nails_Lashes_And_Massage-Ho_Chi_Minh_City.html,495
Vietnam Flavour Cooking Class,Cooking Classes,Ho Chi Minh City,https://www.tripadvisor.com/Attraction_Review-g293925-d28043812-Reviews-Vietnam_Flavour_Cooking_Class-Ho_Chi_Minh_City.html,498
Mekong Delta Private Day Tour,Bike Tours • Boat Tours,Ho Chi Minh City,https://www.tripadvisor.com/Attraction_Review-g293925-d4958632-Reviews-Mekong_Delta_Private_Day_Tour-Ho_Chi_Minh_City.html,499
ForeverVacation Ho Chi Minh City,City Tours • Cultural Tours,Ho Chi Minh City,https://www.tripadvisor.com/Attraction_Review-g293925-d17762416-Reviews-ForeverVacation_Ho_Chi_Minh_City-Ho_Chi_Minh_City.html,501
Cá Kho Travel,Multi-day Tours • Private Tours,Ho Chi Minh City,https://www.tripadvisor.com/Attraction_Review-g293925-d27744514-Reviews-Ca_Kho_Travel-Ho_Chi_Minh_City.html,503
Quynh - Vietnam Coffee Journey,Cooking Classes,Ho Chi Minh City,https://www.tripadvisor.com/Attraction_Review-g293925-d27504943-Reviews-Quynh_Vietnam_Coffee_Journey-Ho_Chi_Minh_City.html,504
Vietnam Cycling Tours,Multi-day Tours • Bike Tours,Ho Chi Minh City,https://www.tripadvisor.com/Attraction_Review-g293925-d1760484-Reviews-Vietnam_Cycling_Tours-Ho_Chi_Minh_City.html,505
See You In Viet Nam (Sai Gon),Walking Tours • Day Trips,Ho Chi Minh City,https://www.tripadvisor.com/Attraction_Review-g293925-d26998060-Reviews-See_You_In_Viet_Nam_Sai_Gon-Ho_Chi_Minh_City.html,506
Yesride Tours,City Tours • Motorcycle Tours,Ho Chi Minh City,https://www.tripadvisor.com/Attraction_Review-g293925-d14025564-Reviews-Yesride_Tours-Ho_Chi_Minh_City.html,507
Boosh Rooftop Bar - Drinks And Games,"Bar, Club & Pub Tours • Bars & Clubs",Ho Chi Minh City,https://www.tripadvisor.com/Attraction_Review-g293925-d27640676-Reviews-Boosh_Rooftop_Bar_Drinks_And_Games-Ho_Chi_Minh_City.html,509
HẠC - Natural Beauty Care,Speciality & Gift Shops • Cultural Tours,Ho Chi Minh City,https://www.tripadvisor.com/Attraction_Review-g293925-d26867653-Reviews-H_C_Natural_Beauty_Care-Ho_Chi_Minh_City.html,511
Saigon Homies Tours,"Bar, Club & Pub Tours • Bike Tours",Ho Chi Minh City,https://www.tripadvisor.com/Attraction_Review-g293925-d19526685-Reviews-Saigon_Homies_Tours-Ho_Chi_Minh_City.html,513
Peace Travel Vietnam,Cultural Tours • Taxis & Shuttles,Ho Chi Minh City,https://www.tripadvisor.com/Attraction_Review-g293925-d17704099-Reviews-Peace_Travel_Vietnam-Ho_Chi_Minh_City.html,519
Adventure Xpedition Vietnam,City Tours • Bike Tours,Ho Chi Minh City,https://www.tripadvisor.com/Attraction_Review-g293925-d28001024-Reviews-Adventure_Xpedition_Vietnam-Ho_Chi_Minh_City.html,520
Bravo Indochina Tours,City Tours • Historical & Heritage Tours,Ho Chi Minh City,https://www.tripadvisor.com/Attraction_Review-g293925-d7065652-Reviews-Bravo_Indochina_Tours-Ho_Chi_Minh_City.html,521
Phu Binh Voyages,Historical & Heritage Tours • Eco Tours,Ho Chi Minh City,https://www.tripadvisor.com/Attraction_Review-g293925-d15592663-Reviews-Phu_Binh_Voyages-Ho_Chi_Minh_City.html,522
A Chef's Tour (Ho Chi Minh City),Food Tours,Ho Chi Minh City,https://www.tripadvisor.com/Attraction_Review-g293925-d34056606-Reviews-A_Chef_s_Tour_Ho_Chi_Minh_City-Ho_Chi_Minh_City.html,523
Vita Eco Craft,Speciality & Gift Shops,Ho Chi Minh City,https://www.tripadvisor.com/Attraction_Review-g293925-d34262636-Reviews-Vita_Eco_Craft-Ho_Chi_Minh_City.html,525
Street Food Adventure,City Tours • Cultural Tours,Ho Chi Minh City,https://www.tripadvisor.com/Attraction_Review-g293925-d12250546-Reviews-Street_Food_Adventure-Ho_Chi_Minh_City.html,526
LV Tours,City Tours • Private Tours,Ho Chi Minh City,https://www.tripadvisor.com/Attraction_Review-g293925-d17600319-Reviews-LV_Tours-Ho_Chi_Minh_City.html,527
Sol Spa - Renaissance Riverside Sài Gòn,Spas,Ho Chi Minh City,https://www.tripadvisor.com/Attraction_Review-g293925-d30236236-Reviews-Sol_Spa_Renaissance_Riverside_Sai_Gon-Ho_Chi_Minh_City.html,532
Indochina Charm Travel (HCMC Branch),Multi-day Tours • Taxis & Shuttles,Ho Chi Minh City,https://www.tripadvisor.com/Attraction_Review-g293925-d16159007-Reviews-Indochina_Charm_Travel_HCMC_Branch-Ho_Chi_Minh_City.html,536
Sky Travel,Sightseeing Tours • Private Tours,Ho Chi Minh City,https://www.tripadvisor.com/Attraction_Review-g293925-d8810040-Reviews-Sky_Travel-Ho_Chi_Minh_City.html,537
Cycloresto Cooking Class,City Tours • Cooking Classes,Ho Chi Minh City,https://www.tripadvisor.com/Attraction_Review-g293925-d4237570-Reviews-Cycloresto_Cooking_Class-Ho_Chi_Minh_City.html,538
Ong Cao Craft Beer,Bars & Clubs,Ho Chi Minh City,https://www.tripadvisor.com/Attraction_Review-g293925-d12150062-Reviews-Ong_Cao_Craft_Beer-Ho_Chi_Minh_City.html,540
Khamora Holidays,Bike Tours • Hiking & Camping Tours,Ho Chi Minh City,https://www.tripadvisor.com/Attraction_Review-g293925-d34594633-Reviews-Khamora_Holidays-Ho_Chi_Minh_City.html,541
Wellness Center - Mint Gội Đầu Siêu Thư Giãn Quận 1,Health Clubs • Yoga & Pilates,Ho Chi Minh City,https://www.tripadvisor.com/Attraction_Review-g293925-d27105186-Reviews-Wellness_Center_Mint_G_i_D_u_Sieu_Thu_Gian_Qu_n_1-Ho_Chi_Minh_City.html,543
Muslim Travel Vietnam,Multi-day Tours • Taxis & Shuttles,Ho Chi Minh City,https://www.tripadvisor.com/Attraction_Review-g293925-d14086619-Reviews-Muslim_Travel_Vietnam-Ho_Chi_Minh_City.html,545
Bestie Travel - Daily Tour,Multi-day Tours • Taxis & Shuttles,Ho Chi Minh City,https://www.tripadvisor.com/Attraction_Review-g293925-d24996778-Reviews-Bestie_Travel_Daily_Tour-Ho_Chi_Minh_City.html,546
Freetour Vietnam,Day Trips,Ho Chi Minh City,https://www.tripadvisor.com/Attraction_Review-g293925-d27175388-Reviews-Freetour_Vietnam-Ho_Chi_Minh_City.html,547
Open Smile Travel,Multi-day Tours • Adrenaline & Extreme Tours,Ho Chi Minh City,https://www.tripadvisor.com/Attraction_Review-g293925-d19331065-Reviews-Open_Smile_Travel-Ho_Chi_Minh_City.html,551
D.t Massage Therapy - Sport Massage,Spas,Ho Chi Minh City,https://www.tripadvisor.com/Attraction_Review-g293925-d33161085-Reviews-D_t_Massage_Therapy_Sport_Massage-Ho_Chi_Minh_City.html,554
Secret Food Tours Ho Chi Minh,Food Tours,Ho Chi Minh City,https://www.tripadvisor.com/Attraction_Review-g293925-d17282150-Reviews-Secret_Food_Tours_Ho_Chi_Minh-Ho_Chi_Minh_City.html,555
Saigon Free Day Tours,City Tours • Cultural Tours,Ho Chi Minh City,https://www.tripadvisor.com/Attraction_Review-g293925-d12829824-Reviews-Saigon_Free_Day_Tours-Ho_Chi_Minh_City.html,556
Crazy Tour,Cultural Tours • Bike Tours,Ho Chi Minh City,https://www.tripadvisor.com/Attraction_Review-g293925-d12387550-Reviews-Crazy_Tour-Ho_Chi_Minh_City.html,557
Signatures Of Asia,Cultural Tours • Historical & Heritage Tours,Ho Chi Minh City,https://www.tripadvisor.com/Attraction_Review-g293925-d8009540-Reviews-Signatures_Of_Asia-Ho_Chi_Minh_City.html,558
Saigon DMC Travel,Multi-day Tours • Taxis & Shuttles,Ho Chi Minh City,https://www.tripadvisor.com/Attraction_Review-g293925-d25129936-Reviews-Saigon_DMC_Travel-Ho_Chi_Minh_City.html,561
Vietnam Private Travel,Boat Tours • Walking Tours,Ho Chi Minh City,https://www.tripadvisor.com/Attraction_Review-g293925-d11435831-Reviews-Vietnam_Private_Travel-Ho_Chi_Minh_City.html,566
Forever Travel,Cultural Tours • Historical & Heritage Tours,Ho Chi Minh City,https://www.tripadvisor.com/Attraction_Review-g293925-d32811188-Reviews-Forever_Travel-Ho_Chi_Minh_City.html,568
22Land Sky Bar,Bars & Clubs,Ho Chi Minh City,https://www.tripadvisor.com/Attraction_Review-g293925-d28016792-Reviews-22Land_Sky_Bar-Ho_Chi_Minh_City.html,569
Rosemary Nail Art - Spa,Spas,Ho Chi Minh City,https://www.tripadvisor.com/Attraction_Review-g293925-d27926877-Reviews-Rosemary_Nail_Art_Spa-Ho_Chi_Minh_City.html,570
Trạm Relax Spa HoChiMinhCity,Spas,Ho Chi Minh City,https://www.tripadvisor.com/Attraction_Review-g293925-d34276978-Reviews-Tr_m_Relax_Spa_HoChiMinhCity-Ho_Chi_Minh_City.html,571
Bookingnow,City Tours • Hop-On Hop-Off Tours,Ho Chi Minh City,https://www.tripadvisor.com/Attraction_Review-g293925-d29788030-Reviews-Bookingnow-Ho_Chi_Minh_City.html,572
Mornington Spa,Spas,Ho Chi Minh City,https://www.tripadvisor.com/Attraction_Review-g293925-d25257326-Reviews-Mornington_Spa-Ho_Chi_Minh_City.html,573
Dak Spa,Spas,Ho Chi Minh City,https://www.tripadvisor.com/Attraction_Review-g293925-d16698454-Reviews-Dak_Spa-Ho_Chi_Minh_City.html,576
Boosh 2 - Rooftop Bar,Bars & Clubs,Ho Chi Minh City,https://www.tripadvisor.com/Attraction_Review-g293925-d34389096-Reviews-Boosh_2_Rooftop_Bar-Ho_Chi_Minh_City.html,578
Mint - Super Relaxing Massage,Spas,Ho Chi Minh City,https://www.tripadvisor.com/Attraction_Review-g293925-d26923954-Reviews-Mint_Super_Relaxing_Massage-Ho_Chi_Minh_City.html,580
Vietnam Alive - Day Tours,Private Tours,Ho Chi Minh City,https://www.tripadvisor.com/Attraction_Review-g293925-d4223482-Reviews-Vietnam_Alive_Day_Tours-Ho_Chi_Minh_City.html,581
Saigon Corners,City Tours • Night Tours,Ho Chi Minh City,https://www.tripadvisor.com/Attraction_Review-g293925-d17427697-Reviews-Saigon_Corners-Ho_Chi_Minh_City.html,582
Saigon Motorbike Tours - private day tours,"4WD, ATV & Off-Road Tours • Motorcycle Tours",Ho Chi Minh City,https://www.tripadvisor.com/Attraction_Review-g293925-d5991449-Reviews-Saigon_Motorbike_Tours_private_day_tours-Ho_Chi_Minh_City.html,585
Tung's Vietnamese Cooking Class,Cooking Classes,Ho Chi Minh City,https://www.tripadvisor.com/Attraction_Review-g293925-d28044127-Reviews-Tung_s_Vietnamese_Cooking_Class-Ho_Chi_Minh_City.html,586
TRAVEL BUDDY VIETNAM,Parasailing & Paragliding • Multi-day Tours,Ho Chi Minh City,https://www.tripadvisor.com/Attraction_Review-g293925-d27951546-Reviews-TRAVEL_BUDDY_VIETNAM-Ho_Chi_Minh_City.html,587
Emma OnTheGo,"Bar, Club & Pub Tours • Multi-day Tours",Ho Chi Minh City,https://www.tripadvisor.com/Attraction_Review-g293925-d25553159-Reviews-Emma_OnTheGo-Ho_Chi_Minh_City.html,590
V'explore Travel,City Tours • Sightseeing Tours,Ho Chi Minh City,https://www.tripadvisor.com/Attraction_Review-g293925-d9754912-Reviews-V_explore_Travel-Ho_Chi_Minh_City.html,591
Vietnam in Focus,City Tours • Walking Tours,Ho Chi Minh City,https://www.tripadvisor.com/Attraction_Review-g293925-d27463172-Reviews-Vietnam_in_Focus-Ho_Chi_Minh_City.html,594
Here Spa,Spas,Ho Chi Minh City,https://www.tripadvisor.com/Attraction_Review-g293925-d33265191-Reviews-Here_Spa-Ho_Chi_Minh_City.html,596
Vietnam eBike Tours,Bike Tours • Private Tours,Ho Chi Minh City,https://www.tripadvisor.com/Attraction_Review-g293925-d24970697-Reviews-Vietnam_eBike_Tours-Ho_Chi_Minh_City.html,598
Cào Cào Adventures,Bike Tours,Ho Chi Minh City,https://www.tripadvisor.com/Attraction_Review-g293925-d24155502-Reviews-Cao_Cao_Adventures-Ho_Chi_Minh_City.html,599
Vietnam Tours by Travelmates,Multi-day Tours • Cultural Tours,Ho Chi Minh City,https://www.tripadvisor.com/Attraction_Review-g293925-d26343200-Reviews-Vietnam_Tours_by_Travelmates-Ho_Chi_Minh_City.html,600
Old Quarter,Neighborhoods • Historic Walking Areas,Hanoi,https://www.tripadvisor.com/Attraction_Review-g293924-d317503-Reviews-Old_Quarter-Hanoi.html,1
Hoa Lo Prison,Historic Sites,Hanoi,https://www.tripadvisor.com/Attraction_Review-g293924-d311069-Reviews-Hoa_Lo_Prison-Hanoi.html,2
Temple of Literature & National University,Historic Sites • Points of Interest & Landmarks,Hanoi,https://www.tripadvisor.com/Attraction_Review-g293924-d311083-Reviews-Temple_of_Literature_National_University-Hanoi.html,3
Vietnam Museum of Ethnology,History Museums,Hanoi,https://www.tripadvisor.com/Attraction_Review-g21375824-d447352-Reviews-Vietnam_Museum_of_Ethnology-Cau_Giay_Hanoi.html,4
Vietnamese Women's Museum,Speciality Museums,Hanoi,https://www.tripadvisor.com/Attraction_Review-g293924-d447354-Reviews-Vietnamese_Women_s_Museum-Hanoi.html,5
Ho Chi Minh Mausoleum,Historic Sites,Hanoi,https://www.tripadvisor.com/Attraction_Review-g293924-d311064-Reviews-Ho_Chi_Minh_Mausoleum-Hanoi.html,6
Vega Travel,Historic Walking Areas,Hanoi,https://www.tripadvisor.com/Attraction_Review-g293924-d33275858-Reviews-Vega_Travel-Hanoi.html,7
Lake of the Restored Sword (Hoan Kiem Lake),Bodies of Water,Hanoi,https://www.tripadvisor.com/Attraction_Review-g293924-d311070-Reviews-Lake_of_the_Restored_Sword_Hoan_Kiem_Lake-Hanoi.html,8
Serene Spa Hanoi,Spas • Thermal Spas,Hanoi,https://www.tripadvisor.com/Attraction_Review-g293924-d8692931-Reviews-Serene_Spa_Hanoi-Hanoi.html,9
Vegas M E - Gaming Club,Casinos,Hanoi,https://www.tripadvisor.com/Attraction_Review-g293924-d27137783-Reviews-Vegas_M_E_Gaming_Club-Hanoi.html,10
St. Joseph's Cathedral,Points of Interest & Landmarks • Religious Sites,Hanoi,https://www.tripadvisor.com/Attraction_Review-g293924-d311082-Reviews-St_Joseph_s_Cathedral-Hanoi.html,11
Night Market,Flea & Street Markets,Hanoi,https://www.tripadvisor.com/Attraction_Review-g293924-d1177507-Reviews-Night_Market-Hanoi.html,12
Vietnam Military History Museum,Military Museums,Hanoi,https://www.tripadvisor.com/Attraction_Review-g293924-d455005-Reviews-Vietnam_Military_History_Museum-Hanoi.html,13
Hanoi Train Street,Points of Interest & Landmarks,Hanoi,https://www.tripadvisor.com/Attraction_Review-g293924-d32789681-Reviews-Hanoi_Train_Street-Hanoi.html,14
Ho Chi Minh Museum,History Museums,Hanoi,https://www.tripadvisor.com/Attraction_Review-g293924-d311066-Reviews-Ho_Chi_Minh_Museum-Hanoi.html,15
Đường Tàu,Points of Interest & Landmarks,Hanoi,https://www.tripadvisor.com/Attraction_Review-g293924-d15190048-Reviews-Du_ng_Tau-Hanoi.html,16
Green Palm Gallery - Hanoi Old Quarters,Art Galleries,Hanoi,https://www.tripadvisor.com/Attraction_Review-g293924-d10035816-Reviews-Green_Palm_Gallery_Hanoi_Old_Quarters-Hanoi.html,17
Hanoi Opera House,Theaters,Hanoi,https://www.tripadvisor.com/Attraction_Review-g293924-d311077-Reviews-Hanoi_Opera_House-Hanoi.html,18
Lotte Observation Deck,Observation Decks & Towers • Observatories & Planetariums,Hanoi,https://www.tripadvisor.com/Attraction_Review-g293924-d7987859-Reviews-Lotte_Observation_Deck-Hanoi.html,19
West Lake,Bodies of Water,Hanoi,https://www.tripadvisor.com/Attraction_Review-g293924-d455016-Reviews-West_Lake-Hanoi.html,20
Hanoi Old Quarter Vietnam,Points of Interest & Landmarks,Hanoi,https://www.tripadvisor.com/Attraction_Review-g293924-d311058-Reviews-Hanoi_Old_Quarter_Vietnam-Hanoi.html,21
Chua Tran Quoc,Religious Sites,Hanoi,https://www.tripadvisor.com/Attraction_Review-g293924-d2067946-Reviews-Chua_Tran_Quoc-Hanoi.html,22
Đền Ngọc Sơn,Religious Sites,Hanoi,https://www.tripadvisor.com/Attraction_Review-g293924-d311074-Reviews-D_n_Ng_c_Son-Hanoi.html,23
MF Spa Hanoi,Spas • Thermal Spas,Hanoi,https://www.tripadvisor.com/Attraction_Review-g293924-d10825946-Reviews-MF_Spa_Hanoi-Hanoi.html,24
Imperial Citadel of Thang Long,Historic Sites • Points of Interest & Landmarks,Hanoi,https://www.tripadvisor.com/Attraction_Review-g293924-d6417854-Reviews-Imperial_Citadel_of_Thang_Long-Hanoi.html,25
Nguyen Art Gallery in Hanoi,Art Galleries,Hanoi,https://www.tripadvisor.com/Attraction_Review-g293924-d6226404-Reviews-Nguyen_Art_Gallery_in_Hanoi-Hanoi.html,26
Ho Chi Minh’s Stilt House,Historic Sites,Hanoi,https://www.tripadvisor.com/Attraction_Review-g293924-d311067-Reviews-Ho_Chi_Minh_s_Stilt_House-Hanoi.html,27
Duong Lam Ancient Village,Historic Sites • Neighborhoods,Hanoi,https://www.tripadvisor.com/Attraction_Review-g293924-d814878-Reviews-Duong_Lam_Ancient_Village-Hanoi.html,28
Aeon Mall Long Biên,Shopping Malls,Hanoi,https://www.tripadvisor.com/Attraction_Review-g293924-d9451908-Reviews-Aeon_Mall_Long_Bien-Hanoi.html,29
Dong Xuan Market,Flea & Street Markets,Hanoi,https://www.tripadvisor.com/Attraction_Review-g293924-d311057-Reviews-Dong_Xuan_Market-Hanoi.html,30
Ta Hien Street,Points of Interest & Landmarks,Hanoi,https://www.tripadvisor.com/Attraction_Review-g293924-d9983248-Reviews-Ta_Hien_Street-Hanoi.html,31
Long Bien Bridge,Points of Interest & Landmarks • Bridges,Hanoi,https://www.tripadvisor.com/Attraction_Review-g293924-d2179632-Reviews-Long_Bien_Bridge-Hanoi.html,32
Vietnam National Museum of History,History Museums,Hanoi,https://www.tripadvisor.com/Attraction_Review-g293924-d311071-Reviews-Vietnam_National_Museum_of_History-Hanoi.html,33
Hanoi Centre Shopping Mall,Parks • Shopping Malls,Hanoi,https://www.tripadvisor.com/Attraction_Review-g293924-d34295470-Reviews-Hanoi_Centre_Shopping_Mall-Hanoi.html,34
VinKE & Vinpearl Aquarium Times City,Aquariums • Game & Entertainment Centers,Hanoi,https://www.tripadvisor.com/Attraction_Review-g293924-d6691563-Reviews-VinKE_Vinpearl_Aquarium_Times_City-Hanoi.html,35
One Pillar Pagoda,Religious Sites,Hanoi,https://www.tripadvisor.com/Attraction_Review-g293924-d311075-Reviews-One_Pillar_Pagoda-Hanoi.html,36
X Space Immersive,Exhibitions,Hanoi,https://www.tripadvisor.com/Attraction_Review-g293924-d34081790-Reviews-X_Space_Immersive-Hanoi.html,37
Piercing Remedy,Shopping Malls,Hanoi,https://www.tripadvisor.com/Attraction_Review-g293924-d33413727-Reviews-Piercing_Remedy-Hanoi.html,38
Grand Plaza E-Gaming Club,Casinos • Game & Entertainment Centers,Hanoi,https://www.tripadvisor.com/Attraction_Review-g293924-d27949761-Reviews-Grand_Plaza_E_Gaming_Club-Hanoi.html,39
Hoan Kiem Walking Street,Scenic Walking Areas,Hanoi,https://www.tripadvisor.com/Attraction_Review-g293924-d16656366-Reviews-Hoan_Kiem_Walking_Street-Hanoi.html,40
Thang Long Water Puppet Theater,Theaters,Hanoi,https://www.tripadvisor.com/Attraction_Review-g293924-d5986447-Reviews-Thang_Long_Water_Puppet_Theater-Hanoi.html,41
Ba Vi National Park,National Parks,Hanoi,https://www.tripadvisor.com/Attraction_Review-g293924-d7938258-Reviews-Ba_Vi_National_Park-Hanoi.html,42
Thanh Chuong's Viet Palace,Points of Interest & Landmarks • Religious Sites,Hanoi,https://www.tripadvisor.com/Attraction_Review-g293924-d2182334-Reviews-Thanh_Chuong_s_Viet_Palace-Hanoi.html,43
Jackpot Gaming Club,Casinos,Hanoi,https://www.tripadvisor.com/Attraction_Review-g293924-d34338864-Reviews-Jackpot_Gaming_Club-Hanoi.html,44
Ancient House,Speciality Museums • History Museums,Hanoi,https://www.tripadvisor.com/Attraction_Review-g293924-d2264809-Reviews-Ancient_House-Hanoi.html,45
Mf Boutique Spa,Spas • Thermal Spas,Hanoi,https://www.tripadvisor.com/Attraction_Review-g293924-d16120929-Reviews-Mf_Boutique_Spa-Hanoi.html,46
Lotte Mall West Lake,Shopping Malls,Hanoi,https://www.tripadvisor.com/Attraction_Review-g293924-d26634229-Reviews-Lotte_Mall_West_Lake-Hanoi.html,47
MF Celeste Spa,Thermal Spas,Hanoi,https://www.tripadvisor.com/Attraction_Review-g293924-d33990671-Reviews-MF_Celeste_Spa-Hanoi.html,48
Apron Up Cooking Class,Cooking Classes,Hanoi,https://www.tripadvisor.com/Attraction_Review-g293924-d10308834-Reviews-Apron_Up_Cooking_Class-Hanoi.html,49
Hanoi Ceramic Mosaic Mural,Points of Interest & Landmarks,Hanoi,https://www.tripadvisor.com/Attraction_Review-g293924-d4162202-Reviews-Hanoi_Ceramic_Mosaic_Mural-Hanoi.html,50
Huu Tiep Lake and the Downed B-52,Historic Sites • Battlefields,Hanoi,https://www.tripadvisor.com/Attraction_Review-g23068219-d455010-Reviews-Huu_Tiep_Lake_and_the_Downed_B_52-Ba_Dinh_Hanoi.html,51
Quang Ba Flower Market,Flea & Street Markets,Hanoi,https://www.tripadvisor.com/Attraction_Review-g293924-d2639336-Reviews-Quang_Ba_Flower_Market-Hanoi.html,52
Perfume Pagoda,Religious Sites,Hanoi,https://www.tripadvisor.com/Attraction_Review-g293924-d311078-Reviews-Perfume_Pagoda-Hanoi.html,53
Vietnam heritage daily tour,Points of Interest & Landmarks,Hanoi,https://www.tripadvisor.com/Attraction_Review-g293924-d25456339-Reviews-Vietnam_heritage_daily_tour-Hanoi.html,54
Quan Thanh Temple,Religious Sites,Hanoi,https://www.tripadvisor.com/Attraction_Review-g293924-d311081-Reviews-Quan_Thanh_Temple-Hanoi.html,55
Thap Rua Tower,Points of Interest & Landmarks,Hanoi,https://www.tripadvisor.com/Attraction_Review-g293924-d550756-Reviews-Thap_Rua_Tower-Hanoi.html,56
Thang Long Water Puppet,Theaters • Theater & Performances,Hanoi,https://www.tripadvisor.com/Attraction_Review-g293924-d455018-Reviews-Thang_Long_Water_Puppet-Hanoi.html,57
NGO GIA Tailor,Speciality & Gift Shops,Hanoi,https://www.tripadvisor.com/Attraction_Review-g293924-d15269608-Reviews-NGO_GIA_Tailor-Hanoi.html,58
B52 Victory Museum,Speciality Museums,Hanoi,https://www.tripadvisor.com/Attraction_Review-g293924-d4731869-Reviews-B52_Victory_Museum-Hanoi.html,59
Hom Market,Flea & Street Markets,Hanoi,https://www.tripadvisor.com/Attraction_Review-g293924-d8431997-Reviews-Hom_Market-Hanoi.html,60
Ly Thai To Park,Parks • Gardens,Hanoi,https://www.tripadvisor.com/Attraction_Review-g293924-d2067966-Reviews-Ly_Thai_To_Park-Hanoi.html,61
Hoang's Spa,Spas • Thermal Spas,Hanoi,https://www.tripadvisor.com/Attraction_Review-g293924-d32700099-Reviews-Hoang_s_Spa-Hanoi.html,62
Cau The Huc,Bridges,Hanoi,https://www.tripadvisor.com/Attraction_Review-g293924-d11965985-Reviews-Cau_The_Huc-Hanoi.html,63
Hang Dau Street,Points of Interest & Landmarks,Hanoi,https://www.tripadvisor.com/Attraction_Review-g293924-d8099313-Reviews-Hang_Dau_Street-Hanoi.html,64
Vietnam National Tuong Theatre,Theaters,Hanoi,https://www.tripadvisor.com/Attraction_Review-g293924-d919317-Reviews-Vietnam_National_Tuong_Theatre-Hanoi.html,65
Bat Trang Ceramics Village,Points of Interest & Landmarks,Hanoi,https://www.tripadvisor.com/Attraction_Review-g293924-d21273921-Reviews-Bat_Trang_Ceramics_Village-Hanoi.html,66
Lotus Train,Public Transportation Systems,Hanoi,https://www.tripadvisor.com/Attraction_Review-g293924-d17558598-Reviews-Lotus_Train-Hanoi.html,67
Ho Tay Water Park,Water Parks,Hanoi,https://www.tripadvisor.com/Attraction_Review-g293924-d2589683-Reviews-Ho_Tay_Water_Park-Hanoi.html,68
Hanoi Police Museum,Speciality Museums,Hanoi,https://www.tripadvisor.com/Attraction_Review-g293924-d8616599-Reviews-Hanoi_Police_Museum-Hanoi.html,69
Board Game VN Store,Speciality & Gift Shops • Department Stores,Hanoi,https://www.tripadvisor.com/Attraction_Review-g293924-d33875520-Reviews-Board_Game_VN_Store-Hanoi.html,70
Hanoi Spa,Spas,Hanoi,https://www.tripadvisor.com/Attraction_Review-g293924-d33968774-Reviews-Hanoi_Spa-Hanoi.html,71
Vietnamese Air Force Museum,Military Museums,Hanoi,https://www.tripadvisor.com/Attraction_Review-g293924-d1383220-Reviews-Vietnamese_Air_Force_Museum-Hanoi.html,72
Lotte Department Store,Shopping Malls,Hanoi,https://www.tripadvisor.com/Attraction_Review-g293924-d15654430-Reviews-Lotte_Department_Store-Hanoi.html,73
Kind Travel,Visitor Centers • Marinas,Hanoi,https://www.tripadvisor.com/Attraction_Review-g293924-d34422797-Reviews-Kind_Travel-Hanoi.html,74
L'essence Spa,Spas,Hanoi,https://www.tripadvisor.com/Attraction_Review-g293924-d7916190-Reviews-L_essence_Spa-Hanoi.html,75
French Quarter,Points of Interest & Landmarks,Hanoi,https://www.tripadvisor.com/Attraction_Review-g293924-d17558149-Reviews-French_Quarter-Hanoi.html,76
Rose Kitchen,Cooking Classes,Hanoi,https://www.tripadvisor.com/Attraction_Review-g293924-d11961561-Reviews-Rose_Kitchen-Hanoi.html,77
Phung Hung Mural Street,Points of Interest & Landmarks,Hanoi,https://www.tripadvisor.com/Attraction_Review-g293924-d16763144-Reviews-Phung_Hung_Mural_Street-Hanoi.html,78
Hang Bac Street,Points of Interest & Landmarks,Hanoi,https://www.tripadvisor.com/Attraction_Review-g293924-d8099300-Reviews-Hang_Bac_Street-Hanoi.html,79
AEON MALL,Shopping Malls,Hanoi,https://www.tripadvisor.com/Attraction_Review-g293924-d12820996-Reviews-AEON_MALL-Hanoi.html,80
North Tailor,Speciality & Gift Shops,Hanoi,https://www.tripadvisor.com/Attraction_Review-g293924-d28415090-Reviews-North_Tailor-Hanoi.html,81
Vincom Center for Contemporary Art (VCCA),Art Galleries,Hanoi,https://www.tripadvisor.com/Attraction_Review-g293924-d6922234-Reviews-Vincom_Center_for_Contemporary_Art_VCCA-Hanoi.html,82
Vietnam Magic Journey,Visitor Centers,Hanoi,https://www.tripadvisor.com/Attraction_Review-g293924-d32992619-Reviews-Vietnam_Magic_Journey-Hanoi.html,83
The Garden Shopping Center,Shopping Malls,Hanoi,https://www.tripadvisor.com/Attraction_Review-g293924-d14928329-Reviews-The_Garden_Shopping_Center-Hanoi.html,84
L'essence De La Vie Spa,Hammams & Turkish Baths • Spas,Hanoi,https://www.tripadvisor.com/Attraction_Review-g293924-d24178578-Reviews-L_essence_De_La_Vie_Spa-Hanoi.html,85
Bach Ma Temple,Points of Interest & Landmarks,Hanoi,https://www.tripadvisor.com/Attraction_Review-g293924-d4211260-Reviews-Bach_Ma_Temple-Hanoi.html,86
Hanoi Flag Tower,Military Museums • Historic Walking Areas,Hanoi,https://www.tripadvisor.com/Attraction_Review-g293924-d1486502-Reviews-Hanoi_Flag_Tower-Hanoi.html,87
Tiệm May Đỏ,Speciality & Gift Shops,Hanoi,https://www.tripadvisor.com/Attraction_Review-g293924-d26407181-Reviews-Ti_m_May_D-Hanoi.html,88
Ho Chi Minh's Stilt House,Historic Sites,Hanoi,https://www.tripadvisor.com/Attraction_Review-g293924-d12198666-Reviews-Ho_Chi_Minh_s_Stilt_House-Hanoi.html,89
La Belle Vie Spa & Massage,Spas,Hanoi,https://www.tripadvisor.com/Attraction_Review-g293924-d12051459-Reviews-La_Belle_Vie_Spa_Massage-Hanoi.html,90
Tiệm Áo Đỏ,Speciality & Gift Shops,Hanoi,https://www.tripadvisor.com/Attraction_Review-g293924-d33407670-Reviews-Ti_m_Ao_D-Hanoi.html,91
Mf Maison Spa,Spas • Thermal Spas,Hanoi,https://www.tripadvisor.com/Attraction_Review-g293924-d28000116-Reviews-Mf_Maison_Spa-Hanoi.html,93
Kang-ji Archery,Game & Entertainment Centers,Hanoi,https://www.tripadvisor.com/Attraction_Review-g293924-d33260690-Reviews-Kang_ji_Archery-Hanoi.html,94
Long Bien Market,Flea & Street Markets,Hanoi,https://www.tripadvisor.com/Attraction_Review-g293924-d7946936-Reviews-Long_Bien_Market-Hanoi.html,95
Serene Spa,Spas,Hanoi,https://www.tripadvisor.com/Attraction_Review-g293924-d15263803-Reviews-Serene_Spa-Hanoi.html,96
Phoenix Studio Tattoo Hà Nội,Department Stores • Game & Entertainment Centers,Hanoi,https://www.tripadvisor.com/Attraction_Review-g293924-d33326667-Reviews-Phoenix_Studio_Tattoo_Ha_N_i-Hanoi.html,97
VIP Massage Tokyo,Spas,Hanoi,https://www.tripadvisor.com/Attraction_Review-g293924-d26363717-Reviews-VIP_Massage_Tokyo-Hanoi.html,98
"Vietnam 5G SIM Card – eSIM Online or 24/7 Pickup at Noi Bai Airport, Hanoi (HAN)",Taxis & Shuttles • Gear Rentals,Hanoi,https://www.tripadvisor.com/Attraction_Review-g293924-d27101747-Reviews-Vietnam_5G_SIM_Card_eSIM_Online_or_24_7_Pickup_at_Noi_Bai_Airport_Hanoi_HAN-Hano.html,99
Thong Nhat Park (Lenin Park),Parks,Hanoi,https://www.tripadvisor.com/Attraction_Review-g293924-d7057006-Reviews-Thong_Nhat_Park_Lenin_Park-Hanoi.html,100
Asia Transport Vietnam,Taxis & Shuttles,Hanoi,https://www.tripadvisor.com/Attraction_Review-g293924-d13737841-Reviews-Asia_Transport_Vietnam-Hanoi.html,101
Nguyen Van Huyen Museum,Speciality Museums • History Museums,Hanoi,https://www.tripadvisor.com/Attraction_Review-g293924-d8012551-Reviews-Nguyen_Van_Huyen_Museum-Hanoi.html,102
Inkonic Tattoo Studio,Art Galleries,Hanoi,https://www.tripadvisor.com/Attraction_Review-g293924-d26702042-Reviews-Inkonic_Tattoo_Studio-Hanoi.html,103
Old City Gate,Points of Interest & Landmarks,Hanoi,https://www.tripadvisor.com/Attraction_Review-g293924-d554496-Reviews-Old_City_Gate-Hanoi.html,104
John Sidney McCain Memorial,Monuments & Statues,Hanoi,https://www.tripadvisor.com/Attraction_Review-g293924-d12971195-Reviews-John_Sidney_McCain_Memorial-Hanoi.html,105
Thang Long Art Gallery,Art Galleries,Hanoi,https://www.tripadvisor.com/Attraction_Review-g293924-d2486466-Reviews-Thang_Long_Art_Gallery-Hanoi.html,106
Tailor Bros,Speciality & Gift Shops,Hanoi,https://www.tripadvisor.com/Attraction_Review-g293924-d14795423-Reviews-Tailor_Bros-Hanoi.html,107
Ba Dinh Square,Points of Interest & Landmarks • Historic Walking Areas,Hanoi,https://www.tripadvisor.com/Attraction_Review-g293924-d9582337-Reviews-Ba_Dinh_Square-Hanoi.html,108
Bảo Tàng Gốm Bát Tràng - Trung Tâm Tinh Hoa Làng Nghề Việt,Art Museums,Hanoi,https://www.tripadvisor.com/Attraction_Review-g27956418-d33122766-Reviews-B_o_Tang_G_m_Bat_Trang_Trung_Tam_Tinh_Hoa_Lang_Ngh_Vi_t-Gia_Lam_Hanoi.html,109
Hang Ma Street,Points of Interest & Landmarks,Hanoi,https://www.tripadvisor.com/Attraction_Review-g293924-d17366751-Reviews-Hang_Ma_Street-Hanoi.html,110
Senses Massage & Wellness,Spas,Hanoi,https://www.tripadvisor.com/Attraction_Review-g293924-d26866767-Reviews-Senses_Massage_Wellness-Hanoi.html,111
Statue of King Le Thai To,Points of Interest & Landmarks • Monuments & Statues,Hanoi,https://www.tripadvisor.com/Attraction_Review-g293924-d8532696-Reviews-Statue_of_King_Le_Thai_To-Hanoi.html,112
Nowhere Spa - Earth,Spas,Hanoi,https://www.tripadvisor.com/Attraction_Review-g293924-d27925858-Reviews-Nowhere_Spa_Earth-Hanoi.html,113
Hanoi Old Citadel - Northern Gate,Points of Interest & Landmarks,Hanoi,https://www.tripadvisor.com/Attraction_Review-g293924-d3477980-Reviews-Hanoi_Old_Citadel_Northern_Gate-Hanoi.html,114
AEON MALL Ha Dong,Shopping Malls,Hanoi,https://www.tripadvisor.com/Attraction_Review-g17733187-d19893365-Reviews-AEON_MALL_Ha_Dong-Ha_Dong_Hanoi.html,115
TiredCity 08 Hàng Bạc,Shopping Malls,Hanoi,https://www.tripadvisor.com/Attraction_Review-g293924-d25054361-Reviews-TiredCity_08_Hang_B_c-Hanoi.html,116
JM Spa Hanoi,Spas,Hanoi,https://www.tripadvisor.com/Attraction_Review-g293924-d13921070-Reviews-JM_Spa_Hanoi-Hanoi.html,117
NOTE - THE SCENT LAB,Paint & Pottery Studios,Hanoi,https://www.tripadvisor.com/Attraction_Review-g21301834-d26585843-Reviews-NOTE_THE_SCENT_LAB-Tay_Ho_Hanoi.html,118
Phu Tay Ho,Religious Sites,Hanoi,https://www.tripadvisor.com/Attraction_Review-g293924-d2626564-Reviews-Phu_Tay_Ho-Hanoi.html,119
Ngo Minh Tailor,Speciality & Gift Shops,Hanoi,https://www.tripadvisor.com/Attraction_Review-g293924-d12827319-Reviews-Ngo_Minh_Tailor-Hanoi.html,120
Omamori Spa Hà Nội,Spas,Hanoi,https://www.tripadvisor.com/Attraction_Review-g293924-d5566921-Reviews-Omamori_Spa_Ha_N_i-Hanoi.html,121
Thay Temple,Points of Interest & Landmarks • Religious Sites,Hanoi,https://www.tripadvisor.com/Attraction_Review-g293924-d12293580-Reviews-Thay_Temple-Hanoi.html,122
Museum of the Revolution,History Museums,Hanoi,https://www.tripadvisor.com/Attraction_Review-g293924-d311072-Reviews-Museum_of_the_Revolution-Hanoi.html,123
Al Noor Mosque,Religious Sites,Hanoi,https://www.tripadvisor.com/Attraction_Review-g293924-d8311465-Reviews-Al_Noor_Mosque-Hanoi.html,124
YNOT,Speciality & Gift Shops • Art Galleries,Hanoi,https://www.tripadvisor.com/Attraction_Review-g293924-d7224433-Reviews-YNOT-Hanoi.html,125
Pagoda But Thap,Points of Interest & Landmarks,Hanoi,https://www.tripadvisor.com/Attraction_Review-g293924-d4945615-Reviews-Pagoda_But_Thap-Hanoi.html,126
Ho Chi Minh Trail Museum,History Museums,Hanoi,https://www.tripadvisor.com/Attraction_Review-g293924-d8141204-Reviews-Ho_Chi_Minh_Trail_Museum-Hanoi.html,127
39 Concept,Speciality & Gift Shops • Art Galleries,Hanoi,https://www.tripadvisor.com/Attraction_Review-g293924-d34300811-Reviews-39_Concept-Hanoi.html,128
DC Art Gallary 13 Hàng Gai,Art Galleries,Hanoi,https://www.tripadvisor.com/Attraction_Review-g293924-d25395396-Reviews-DC_Art_Gallary_13_Hang_Gai-Hanoi.html,129
Ngai Spa,Spas • Thermal Spas,Hanoi,https://www.tripadvisor.com/Attraction_Review-g293924-d21051839-Reviews-Ngai_Spa-Hanoi.html,130
Lenin Statue,Monuments & Statues,Hanoi,https://www.tripadvisor.com/Attraction_Review-g293924-d553968-Reviews-Lenin_Statue-Hanoi.html,131
Sol Spa,Spas • Thermal Spas,Hanoi,https://www.tripadvisor.com/Attraction_Review-g293924-d20112214-Reviews-Sol_Spa-Hanoi.html,132
Ambassador's Pagoda (Chua Quan Su),Religious Sites,Hanoi,https://www.tripadvisor.com/Attraction_Review-g293924-d311050-Reviews-Ambassador_s_Pagoda_Chua_Quan_Su-Hanoi.html,133
Dao's Care Spa - Ba Đình,Spas,Hanoi,https://www.tripadvisor.com/Attraction_Review-g293924-d11950353-Reviews-Dao_s_Care_Spa_Ba_Dinh-Hanoi.html,134
Authentic Bat Trang,Paint & Pottery Studios,Hanoi,https://www.tripadvisor.com/Attraction_Review-g293924-d12666120-Reviews-Authentic_Bat_Trang-Hanoi.html,135
Empty Wall Gallery,Art Galleries,Hanoi,https://www.tripadvisor.com/Attraction_Review-g293924-d10059506-Reviews-Empty_Wall_Gallery-Hanoi.html,136
Botanical Gardens (Vuon Bach Thao),Gardens,Hanoi,https://www.tripadvisor.com/Attraction_Review-g293924-d311051-Reviews-Botanical_Gardens_Vuon_Bach_Thao-Hanoi.html,137
VietClimb,Game & Entertainment Centers,Hanoi,https://www.tripadvisor.com/Attraction_Review-g293924-d2720375-Reviews-VietClimb-Hanoi.html,138
MasterTan,Speciality & Gift Shops,Hanoi,https://www.tripadvisor.com/Attraction_Review-g293924-d17757712-Reviews-MasterTan-Hanoi.html,139
Vinmart,Department Stores,Hanoi,https://www.tripadvisor.com/Attraction_Review-g293924-d12500645-Reviews-Vinmart-Hanoi.html,140
Serene Signature Spa,Spas,Hanoi,https://www.tripadvisor.com/Attraction_Review-g293924-d26799897-Reviews-Serene_Signature_Spa-Hanoi.html,141
Alisa Bella Spa Hanoi,Spas • Thermal Spas,Hanoi,https://www.tripadvisor.com/Attraction_Review-g293924-d15681047-Reviews-Alisa_Bella_Spa_Hanoi-Hanoi.html,142
Nhat Tan Bridge,Bridges,Hanoi,https://www.tripadvisor.com/Attraction_Review-g293924-d8290119-Reviews-Nhat_Tan_Bridge-Hanoi.html,143
Klimt Art Gallery,Art Galleries,Hanoi,https://www.tripadvisor.com/Attraction_Review-g293924-d15295960-Reviews-Klimt_Art_Gallery-Hanoi.html,144
Fuji Wellness Center,Spas,Hanoi,https://www.tripadvisor.com/Attraction_Review-g293924-d15244225-Reviews-Fuji_Wellness_Center-Hanoi.html,145
Spa1995,Spas,Hanoi,https://www.tripadvisor.com/Attraction_Review-g293924-d25295344-Reviews-Spa1995-Hanoi.html,146
1st Football Store,Speciality & Gift Shops,Hanoi,https://www.tripadvisor.com/Attraction_Review-g293924-d27711788-Reviews-1st_Football_Store-Hanoi.html,147
Quan Lan Beach,Beaches,Hanoi,https://www.tripadvisor.com/Attraction_Review-g27469011-d8602458-Reviews-Quan_Lan_Beach-B_c_T_Liem_Tu_Liem_Hanoi.html,148
An Handmade - Hemp Fabric Gift Shop,Speciality & Gift Shops,Hanoi,https://www.tripadvisor.com/Attraction_Review-g293924-d23959149-Reviews-An_Handmade_Hemp_Fabric_Gift_Shop-Hanoi.html,149
Hồ Trúc Bạch,Bodies of Water,Hanoi,https://www.tripadvisor.com/Attraction_Review-g293924-d8300188-Reviews-H_Truc_B_ch-Hanoi.html,150
Hang Bac Temple,Points of Interest & Landmarks • Religious Sites,Hanoi,https://www.tripadvisor.com/Attraction_Review-g293924-d5453119-Reviews-Hang_Bac_Temple-Hanoi.html,151
Travelogy Vietnam,Visitor Centers,Hanoi,https://www.tripadvisor.com/Attraction_Review-g293924-d8633692-Reviews-Travelogy_Vietnam-Hanoi.html,152
The Garden Nail Spa,Open now,Hanoi,https://www.tripadvisor.com/Attraction_Review-g293924-d14051370-Reviews-The_Garden_Nail_Spa-Hanoi.html,153
Grand La Maison Spa Hanoi,Spas,Hanoi,https://www.tripadvisor.com/Attraction_Review-g293924-d27422301-Reviews-Grand_La_Maison_Spa_Hanoi-Hanoi.html,154
Euphorea Salon and Spa - La Chapelle,Spas,Hanoi,https://www.tripadvisor.com/Attraction_Review-g293924-d22952573-Reviews-Euphorea_Salon_and_Spa_La_Chapelle-Hanoi.html,155
Moji Shop 81 Ba Trieu,Shopping Malls,Hanoi,https://www.tripadvisor.com/Attraction_Review-g293924-d32985395-Reviews-Moji_Shop_81_Ba_Trieu-Hanoi.html,156
Vip Massage Tokyo2,Spas,Hanoi,https://www.tripadvisor.com/Attraction_Review-g293924-d27512991-Reviews-Vip_Massage_Tokyo2-Hanoi.html,157
La Maison Spa,Spas,Hanoi,https://www.tripadvisor.com/Attraction_Review-g293924-d25165611-Reviews-La_Maison_Spa-Hanoi.html,158
Mountain Allure,Speciality & Gift Shops • Shopping Malls,Hanoi,https://www.tripadvisor.com/Attraction_Review-g293924-d27734840-Reviews-Mountain_Allure-Hanoi.html,159
Hang Da Market,Flea & Street Markets,Hanoi,https://www.tripadvisor.com/Attraction_Review-g293924-d8020319-Reviews-Hang_Da_Market-Hanoi.html,160
Dao Anh Khanh Studio,Art Galleries,Hanoi,https://www.tripadvisor.com/Attraction_Review-g293924-d8078839-Reviews-Dao_Anh_Khanh_Studio-Hanoi.html,161
La Spa Hang Be,Spas,Hanoi,https://www.tripadvisor.com/Attraction_Review-g293924-d17707099-Reviews-La_Spa_Hang_Be-Hanoi.html,162
GOm Show,Theater & Performances,Hanoi,https://www.tripadvisor.com/Attraction_Review-g293924-d33312167-Reviews-GOm_Show-Hanoi.html,163
Hoang's Cooking Class,Cooking Classes,Hanoi,https://www.tripadvisor.com/Attraction_Review-g293924-d17779626-Reviews-Hoang_s_Cooking_Class-Hanoi.html,164
Bee'znees Speakeasy Bar,Bars & Clubs,Hanoi,https://www.tripadvisor.com/Attraction_Review-g293924-d16698522-Reviews-Bee_znees_Speakeasy_Bar-Hanoi.html,165
Blue Butterfly Cooking Class,Cooking Classes,Hanoi,https://www.tripadvisor.com/Attraction_Review-g293924-d1488975-Reviews-Blue_Butterfly_Cooking_Class-Hanoi.html,166
AMES Studio,Speciality & Gift Shops • Art Galleries,Hanoi,https://www.tripadvisor.com/Attraction_Review-g293924-d33303910-Reviews-AMES_Studio-Hanoi.html,167
La énMay Spa,Spas,Hanoi,https://www.tripadvisor.com/Attraction_Review-g293924-d19216012-Reviews-La_enMay_Spa-Hanoi.html,168
The Luxe Bar,Bars & Clubs,Hanoi,https://www.tripadvisor.com/Attraction_Review-g293924-d32710837-Reviews-The_Luxe_Bar-Hanoi.html,169
Peony Garden Spa,Spas • Thermal Spas,Hanoi,https://www.tripadvisor.com/Attraction_Review-g293924-d12991619-Reviews-Peony_Garden_Spa-Hanoi.html,170
Mon Spa- Nourishing Shampoo & Massage,Spas,Hanoi,https://www.tripadvisor.com/Attraction_Review-g27501570-d33020523-Reviews-Mon_Spa_Nourishing_Shampoo_Massage-Hoan_Kiem_Hanoi.html,171
Chie Dupudupa,Speciality & Gift Shops • Antique Shops,Hanoi,https://www.tripadvisor.com/Attraction_Review-g293924-d8008814-Reviews-Chie_Dupudupa-Hanoi.html,173
1st Football Store - 31 Hang Quat,Speciality & Gift Shops,Hanoi,https://www.tripadvisor.com/Attraction_Review-g293924-d32696924-Reviews-1st_Football_Store_31_Hang_Quat-Hanoi.html,174
BRG Kings Island Golf Resort,Golf Courses,Hanoi,https://www.tripadvisor.com/Attraction_Review-g293924-d1953983-Reviews-BRG_Kings_Island_Golf_Resort-Hanoi.html,175
Amare Onsen & Jjimjilbang,Spas • Thermal Spas,Hanoi,https://www.tripadvisor.com/Attraction_Review-g293924-d27113399-Reviews-Amare_Onsen_Jjimjilbang-Hanoi.html,176
Hanoi Transport Service,Taxis & Shuttles,Hanoi,https://www.tripadvisor.com/Attraction_Review-g293924-d11898757-Reviews-Hanoi_Transport_Service-Hanoi.html,177
Hanoi Shining Spa 2,Spas,Hanoi,https://www.tripadvisor.com/Attraction_Review-g293924-d26209487-Reviews-Hanoi_Shining_Spa_2-Hanoi.html,178
O2 Space - Nightclub,Bars & Clubs • Dance Clubs & Discos,Hanoi,https://www.tripadvisor.com/Attraction_Review-g293924-d12212969-Reviews-O2_Space_Nightclub-Hanoi.html,179
Midori Spa Hanoi,Spas,Hanoi,https://www.tripadvisor.com/Attraction_Review-g293924-d8262801-Reviews-Midori_Spa_Hanoi-Hanoi.html,180
Ve'hanoi Wellness & Spa,Spas,Hanoi,https://www.tripadvisor.com/Attraction_Review-g293924-d28055375-Reviews-Ve_hanoi_Wellness_Spa-Hanoi.html,181
Mido Spa,Spas,Hanoi,https://www.tripadvisor.com/Attraction_Review-g293924-d5781022-Reviews-Mido_Spa-Hanoi.html,182
Asana Foot And Body Massage,Spas,Hanoi,https://www.tripadvisor.com/Attraction_Review-g293924-d23518390-Reviews-Asana_Foot_And_Body_Massage-Hanoi.html,183
Vietnam Motorbike Tours | VietnamBikers,"Multi-day Tours • 4WD, ATV & Off-Road Tours",Hanoi,https://www.tripadvisor.com/Attraction_Review-g293924-d6279888-Reviews-Vietnam_Motorbike_Tours_VietnamBikers-Hanoi.html,184
The Nest - Board Game Cafe,Game & Entertainment Centers,Hanoi,https://www.tripadvisor.com/Attraction_Review-g293924-d12454034-Reviews-The_Nest_Board_Game_Cafe-Hanoi.html,185
La énMay Spa Đình Ngang,Spas,Hanoi,https://www.tripadvisor.com/Attraction_Review-g293924-d15334687-Reviews-La_enMay_Spa_Dinh_Ngang-Hanoi.html,186
Chef Duyen's Home Cooking Classes & Tours,Cooking Classes,Hanoi,https://www.tripadvisor.com/Attraction_Review-g23068219-d12666110-Reviews-Chef_Duyen_s_Home_Cooking_Classes_Tours-Ba_Dinh_Hanoi.html,187
JG Golf Vietnam,Golf Courses,Hanoi,https://www.tripadvisor.com/Attraction_Review-g293924-d33320480-Reviews-JG_Golf_Vietnam-Hanoi.html,188
La Spa Ma May,Spas,Hanoi,https://www.tripadvisor.com/Attraction_Review-g293924-d8078381-Reviews-La_Spa_Ma_May-Hanoi.html,189
L’amour Spa,Spas,Hanoi,https://www.tripadvisor.com/Attraction_Review-g293924-d26342766-Reviews-L_amour_Spa-Hanoi.html,190
Chăn Con Công - Vintage Store,Speciality & Gift Shops • Antique Shops,Hanoi,https://www.tripadvisor.com/Attraction_Review-g293924-d12997158-Reviews-Chan_Con_Cong_Vintage_Store-Hanoi.html,191
Crossing Vietnam Tour,City Tours • Multi-day Tours,Hanoi,https://www.tripadvisor.com/Attraction_Review-g293924-d5584555-Reviews-Crossing_Vietnam_Tour-Hanoi.html,192
Zo Project,Art Galleries • Lessons & Workshops,Hanoi,https://www.tripadvisor.com/Attraction_Review-g293924-d10077982-Reviews-Zo_Project-Hanoi.html,193
Vietnam Railways,Rail Services • Public Transportation Systems,Hanoi,https://www.tripadvisor.com/Attraction_Review-g293924-d8564194-Reviews-Vietnam_Railways-Hanoi.html,194
Hanoi Backstreet Tours,"City Tours • 4WD, ATV & Off-Road Tours",Hanoi,https://www.tripadvisor.com/Attraction_Review-g293924-d11851500-Reviews-Hanoi_Backstreet_Tours-Hanoi.html,195
Bambou Silk,Speciality & Gift Shops,Hanoi,https://www.tripadvisor.com/Attraction_Review-g293924-d4178732-Reviews-Bambou_Silk-Hanoi.html,196
Orient Spa,Spas,Hanoi,https://www.tripadvisor.com/Attraction_Review-g293924-d12940258-Reviews-Orient_Spa-Hanoi.html,197
MK Fitness,Health Clubs,Hanoi,https://www.tripadvisor.com/Attraction_Review-g293924-d27104828-Reviews-MK_Fitness-Hanoi.html,198
Rosie's Magical Spa,Spas,Hanoi,https://www.tripadvisor.com/Attraction_Review-g293924-d32715030-Reviews-Rosie_s_Magical_Spa-Hanoi.html,199
CHAPA EXPRESS TRAIN,Taxis & Shuttles,Hanoi,https://www.tripadvisor.com/Attraction_Review-g27501570-d33259072-Reviews-CHAPA_EXPRESS_TRAIN-Hoan_Kiem_Hanoi.html,200
Vân Nguyễn Salon,Open now,Hanoi,https://www.tripadvisor.com/Attraction_Review-g293924-d11802397-Reviews-Van_Nguy_n_Salon-Hanoi.html,201
Binh Minh’s Jazz Club,Bars & Clubs,Hanoi,https://www.tripadvisor.com/Attraction_Review-g293924-d6601937-Reviews-Binh_Minh_s_Jazz_Club-Hanoi.html,202
Amora Spa,Spas,Hanoi,https://www.tripadvisor.com/Attraction_Review-g293924-d26355148-Reviews-Amora_Spa-Hanoi.html,203
Yolo Spa,Spas,Hanoi,https://www.tripadvisor.com/Attraction_Review-g293924-d18978651-Reviews-Yolo_Spa-Hanoi.html,204
DaNi Spa,Spas,Hanoi,https://www.tripadvisor.com/Attraction_Review-g293924-d26533053-Reviews-DaNi_Spa-Hanoi.html,205
Lang Toi - My Village by Lune Production,Theater & Performances,Hanoi,https://www.tripadvisor.com/Attraction_Review-g293924-d10804777-Reviews-Lang_Toi_My_Village_by_Lune_Production-Hanoi.html,206
Duong Ha Natural Gemstones & Jade,Speciality & Gift Shops,Hanoi,https://www.tripadvisor.com/Attraction_Review-g293924-d27283886-Reviews-Duong_Ha_Natural_Gemstones_Jade-Hanoi.html,207
With Love From The Mountains,Speciality & Gift Shops,Hanoi,https://www.tripadvisor.com/Attraction_Review-g293924-d15589124-Reviews-With_Love_From_The_Mountains-Hanoi.html,208
Estheva Spa,Spas,Hanoi,https://www.tripadvisor.com/Attraction_Review-g293924-d18717800-Reviews-Estheva_Spa-Hanoi.html,209
Tailor Đức Nhân,Speciality & Gift Shops,Hanoi,https://www.tripadvisor.com/Attraction_Review-g293924-d7367890-Reviews-Tailor_D_c_Nhan-Hanoi.html,211
An handmade Hang Manh - Ethnic Craft Station,Speciality & Gift Shops,Hanoi,https://www.tripadvisor.com/Attraction_Review-g293924-d26244773-Reviews-An_handmade_Hang_Manh_Ethnic_Craft_Station-Hanoi.html,212
Revive Urban Spa,Spas,Hanoi,https://www.tripadvisor.com/Attraction_Review-g27469010-d26369103-Reviews-Revive_Urban_Spa-Nam_T_Liem_Tu_Liem_Hanoi.html,213
Cerender Ceramic Shop,Speciality & Gift Shops,Hanoi,https://www.tripadvisor.com/Attraction_Review-g293924-d12279224-Reviews-Cerender_Ceramic_Shop-Hanoi.html,214
Damitrans Express,Public Transportation Systems,Hanoi,https://www.tripadvisor.com/Attraction_Review-g293924-d33045822-Reviews-Damitrans_Express-Hanoi.html,215
Spas Hanoi,Spas,Hanoi,https://www.tripadvisor.com/Attraction_Review-g293924-d11835794-Reviews-Spas_Hanoi-Hanoi.html,216
Miss Terry - Escape Rooms,Escape Games • Game & Entertainment Centers,Hanoi,https://www.tripadvisor.com/Attraction_Review-g293924-d13447077-Reviews-Miss_Terry_Escape_Rooms-Hanoi.html,217
Laman Express,Rail Services,Hanoi,https://www.tripadvisor.com/Attraction_Review-g293924-d19717358-Reviews-Laman_Express-Hanoi.html,218
Hanoi Flowers Art Tour,Speciality & Gift Shops,Hanoi,https://www.tripadvisor.com/Attraction_Review-g293924-d25070733-Reviews-Hanoi_Flowers_Art_Tour-Hanoi.html,219
Peony Cruise,Multi-day Tours • Boat Tours,Hanoi,https://www.tripadvisor.com/Attraction_Review-g293924-d15360201-Reviews-Peony_Cruise-Hanoi.html,220
Sống Spa,Spas,Hanoi,https://www.tripadvisor.com/Attraction_Review-g293924-d26697812-Reviews-S_ng_Spa-Hanoi.html,221
Thuy Design House - Ha Noi,Speciality & Gift Shops,Hanoi,https://www.tripadvisor.com/Attraction_Review-g293924-d12821459-Reviews-Thuy_Design_House_Ha_Noi-Hanoi.html,222
Sen Spa,Spas,Hanoi,https://www.tripadvisor.com/Attraction_Review-g293924-d14124182-Reviews-Sen_Spa-Hanoi.html,223
Diory NailsLab,Spas,Hanoi,https://www.tripadvisor.com/Attraction_Review-g21375824-d26722243-Reviews-Diory_NailsLab-Cau_Giay_Hanoi.html,224
The Quintessence of Tonkin,Theater & Performances,Hanoi,https://www.tripadvisor.com/Attraction_Review-g293924-d13873395-Reviews-The_Quintessence_of_Tonkin-Hanoi.html,225
Nowhere Spa - Wood,Spas,Hanoi,https://www.tripadvisor.com/Attraction_Review-g293924-d33305420-Reviews-Nowhere_Spa_Wood-Hanoi.html,226
Bia Hoi,Bars & Clubs,Hanoi,https://www.tripadvisor.com/Attraction_Review-g293924-d5453577-Reviews-Bia_Hoi-Hanoi.html,227
Bus Express 86,Bus Services • Public Transportation Systems,Hanoi,https://www.tripadvisor.com/Attraction_Review-g293924-d12569701-Reviews-Bus_Express_86-Hanoi.html,228
Danny Phan Travel,Taxis & Shuttles,Hanoi,https://www.tripadvisor.com/Attraction_Review-g293924-d25353831-Reviews-Danny_Phan_Travel-Hanoi.html,229
Nhà Spa 75 Hàng Mã,Spas,Hanoi,https://www.tripadvisor.com/Attraction_Review-g293924-d28278384-Reviews-Nha_Spa_75_Hang_Ma-Hanoi.html,230
A Plus Hanoi,Bars & Clubs • Dance Clubs & Discos,Hanoi,https://www.tripadvisor.com/Attraction_Review-g293924-d27168092-Reviews-A_Plus_Hanoi-Hanoi.html,231
May Spa Hanoi,Spas,Hanoi,https://www.tripadvisor.com/Attraction_Review-g293924-d25158661-Reviews-May_Spa_Hanoi-Hanoi.html,232
Mr. Spa Massage,Spas,Hanoi,https://www.tripadvisor.com/Attraction_Review-g293924-d33075880-Reviews-Mr_Spa_Massage-Hanoi.html,233
Be Wellness Spa,Spas,Hanoi,https://www.tripadvisor.com/Attraction_Review-g293924-d26359633-Reviews-Be_Wellness_Spa-Hanoi.html,234
La Spa Hang Thung,Spas,Hanoi,https://www.tripadvisor.com/Attraction_Review-g293924-d1799586-Reviews-La_Spa_Hang_Thung-Hanoi.html,235
Mon Cheri Cruises,Boat Tours • Kayaking & Canoeing,Hanoi,https://www.tripadvisor.com/Attraction_Review-g293924-d13368103-Reviews-Mon_Cheri_Cruises-Hanoi.html,236
James Hanoi Motorbikes,Gear Rentals,Hanoi,https://www.tripadvisor.com/Attraction_Review-g293924-d7975671-Reviews-James_Hanoi_Motorbikes-Hanoi.html,237
Thu Huong Lacquer Arts,Speciality & Gift Shops,Hanoi,https://www.tripadvisor.com/Attraction_Review-g293924-d10962136-Reviews-Thu_Huong_Lacquer_Arts-Hanoi.html,238
Tree Beauty Spa,Spas,Hanoi,https://www.tripadvisor.com/Attraction_Review-g293924-d27710482-Reviews-Tree_Beauty_Spa-Hanoi.html,239
Hanoi Fresh Cut 2nd - Barber Shop HaNoi,Spas,Hanoi,https://www.tripadvisor.com/Attraction_Review-g293924-d27517307-Reviews-Hanoi_Fresh_Cut_2nd_Barber_Shop_HaNoi-Hanoi.html,240
Peridot Spa (grand),Spas,Hanoi,https://www.tripadvisor.com/Attraction_Review-g293924-d25080393-Reviews-Peridot_Spa_grand-Hanoi.html,241
Woo Korea Beauty & Spa,Spas,Hanoi,https://www.tripadvisor.com/Attraction_Review-g26788378-d28101790-Reviews-Woo_Korea_Beauty_Spa-Dong_Da_Hanoi.html,242
Collective Memory - The House of Curios,Speciality & Gift Shops,Hanoi,https://www.tripadvisor.com/Attraction_Review-g27501570-d12286966-Reviews-Collective_Memory_The_House_of_Curios-Hoan_Kiem_Hanoi.html,243
Cazo Tailor,Speciality & Gift Shops,Hanoi,https://www.tripadvisor.com/Attraction_Review-g27501570-d25064463-Reviews-Cazo_Tailor-Hoan_Kiem_Hanoi.html,244
Royal Silk,Speciality & Gift Shops,Hanoi,https://www.tripadvisor.com/Attraction_Review-g293924-d8523129-Reviews-Royal_Silk-Hanoi.html,245
Dine With Locals,Cooking Classes,Hanoi,https://www.tripadvisor.com/Attraction_Review-g293924-d32993244-Reviews-Dine_With_Locals-Hanoi.html,246
King Pirates Pub,Bars & Clubs,Hanoi,https://www.tripadvisor.com/Attraction_Review-g293924-d6437083-Reviews-King_Pirates_Pub-Hanoi.html,247
Hoa Fashion,Speciality & Gift Shops,Hanoi,https://www.tripadvisor.com/Attraction_Review-g293924-d5027550-Reviews-Hoa_Fashion-Hanoi.html,248
La enMay Spa Cau Go,Spas,Hanoi,https://www.tripadvisor.com/Attraction_Review-g293924-d26450885-Reviews-La_enMay_Spa_Cau_Go-Hanoi.html,249
Nowhere Spa - Water,Spas,Hanoi,https://www.tripadvisor.com/Attraction_Review-g293924-d13354761-Reviews-Nowhere_Spa_Water-Hanoi.html,250
TRE Boutique Spa,Spas,Hanoi,https://www.tripadvisor.com/Attraction_Review-g293924-d12378768-Reviews-TRE_Boutique_Spa-Hanoi.html,251
Asiatica Travel,Multi-day Tours • Walking Tours,Hanoi,https://www.tripadvisor.com/Attraction_Review-g293924-d6105895-Reviews-Asiatica_Travel-Hanoi.html,252
Mountain's Color Shop,Speciality & Gift Shops,Hanoi,https://www.tripadvisor.com/Attraction_Review-g293924-d25231950-Reviews-Mountain_s_Color_Shop-Hanoi.html,253
Nhà Spa,Spas,Hanoi,https://www.tripadvisor.com/Attraction_Review-g293924-d25197699-Reviews-Nha_Spa-Hanoi.html,254
Àla Beauty Bar,Open now,Hanoi,https://www.tripadvisor.com/Attraction_Review-g23068219-d28052078-Reviews-Ala_Beauty_Bar-Ba_Dinh_Hanoi.html,255
Hanoi Street Food Tour,City Tours • Walking Tours,Hanoi,https://www.tripadvisor.com/Attraction_Review-g293924-d5583955-Reviews-Hanoi_Street_Food_Tour-Hanoi.html,256
La Pandora Cruises,Multi-day Tours • Boat Tours,Hanoi,https://www.tripadvisor.com/Attraction_Review-g293924-d17713585-Reviews-La_Pandora_Cruises-Hanoi.html,257
GolfLux,Sports Camps & Clinics,Hanoi,https://www.tripadvisor.com/Attraction_Review-g293924-d20224991-Reviews-GolfLux-Hanoi.html,258
Le Spa Du Metropole,Spas,Hanoi,https://www.tripadvisor.com/Attraction_Review-g293924-d6684667-Reviews-Le_Spa_Du_Metropole-Hanoi.html,259
Hanoi Free Private Tour Guide,City Tours • Walking Tours,Hanoi,https://www.tripadvisor.com/Attraction_Review-g293924-d11922020-Reviews-Hanoi_Free_Private_Tour_Guide-Hanoi.html,260
Ily Beauty & Spa,Spas,Hanoi,https://www.tripadvisor.com/Attraction_Review-g293924-d27949034-Reviews-Ily_Beauty_Spa-Hanoi.html,261
Urban Oasis Spa,Spas,Hanoi,https://www.tripadvisor.com/Attraction_Review-g293924-d11888558-Reviews-Urban_Oasis_Spa-Hanoi.html,262
Van Phuc Silk Village,Speciality & Gift Shops,Hanoi,https://www.tripadvisor.com/Attraction_Review-g293924-d2639342-Reviews-Van_Phuc_Silk_Village-Hanoi.html,263
Nola Cafe,Bars & Clubs,Hanoi,https://www.tripadvisor.com/Attraction_Review-g293924-d2220663-Reviews-Nola_Cafe-Hanoi.html,264
Soleil Spa Hanoi,Spas,Hanoi,https://www.tripadvisor.com/Attraction_Review-g293924-d18928515-Reviews-Soleil_Spa_Hanoi-Hanoi.html,265
Huong Mai Cafe,Speciality & Gift Shops,Hanoi,https://www.tripadvisor.com/Attraction_Review-g293924-d4582223-Reviews-Huong_Mai_Cafe-Hanoi.html,266
Indigo Store,Speciality & Gift Shops • Lessons & Workshops,Hanoi,https://www.tripadvisor.com/Attraction_Review-g293924-d5771257-Reviews-Indigo_Store-Hanoi.html,267
Cafe Mai,Coffeehouses,Hanoi,https://www.tripadvisor.com/Attraction_Review-g293924-d2104650-Reviews-Cafe_Mai-Hanoi.html,268
Camelia Lounge,Bars & Clubs,Hanoi,https://www.tripadvisor.com/Attraction_Review-g293924-d10781931-Reviews-Camelia_Lounge-Hanoi.html,269
Anh Village Silk,Speciality & Gift Shops,Hanoi,https://www.tripadvisor.com/Attraction_Review-g293924-d11426373-Reviews-Anh_Village_Silk-Hanoi.html,270
Yakushi Center,Health Clubs,Hanoi,https://www.tripadvisor.com/Attraction_Review-g293924-d1932086-Reviews-Yakushi_Center-Hanoi.html,271
Halong Hideaway Cruise,Boat Tours,Hanoi,https://www.tripadvisor.com/Attraction_Review-g293924-d10620620-Reviews-Halong_Hideaway_Cruise-Hanoi.html,272
Car For Rent Hanoi,Taxis & Shuttles,Hanoi,https://www.tripadvisor.com/Attraction_Review-g293924-d14038806-Reviews-Car_For_Rent_Hanoi-Hanoi.html,273
Style Motorbikes,Gear Rentals,Hanoi,https://www.tripadvisor.com/Attraction_Review-g293924-d10077825-Reviews-Style_Motorbikes-Hanoi.html,274
Hanoi Free Walking Tours,Walking Tours,Hanoi,https://www.tripadvisor.com/Attraction_Review-g293924-d3960980-Reviews-Hanoi_Free_Walking_Tours-Hanoi.html,275
Ca Tru Thang Long,Theaters • Theater & Performances,Hanoi,https://www.tripadvisor.com/Attraction_Review-g293924-d1635175-Reviews-Ca_Tru_Thang_Long-Hanoi.html,276
Lo's Corner,Speciality & Gift Shops,Hanoi,https://www.tripadvisor.com/Attraction_Review-g293924-d24963148-Reviews-Lo_s_Corner-Hanoi.html,277
Duong Jewelry - Hanoi Boutique,Speciality & Gift Shops,Hanoi,https://www.tripadvisor.com/Attraction_Review-g293924-d33262908-Reviews-Duong_Jewelry_Hanoi_Boutique-Hanoi.html,278
The Unicorn Pub,Bars & Clubs,Hanoi,https://www.tripadvisor.com/Attraction_Review-g293924-d8299923-Reviews-The_Unicorn_Pub-Hanoi.html,279
Mido Spa 1,Spas,Hanoi,https://www.tripadvisor.com/Attraction_Review-g293924-d11674337-Reviews-Mido_Spa_1-Hanoi.html,280
Booking Car,Taxis & Shuttles,Hanoi,https://www.tripadvisor.com/Attraction_Review-g293924-d8611006-Reviews-Booking_Car-Hanoi.html,281
Horizon Vietnam Travel,Multi-day Tours • Cultural Tours,Hanoi,https://www.tripadvisor.com/Attraction_Review-g293924-d27736791-Reviews-Horizon_Vietnam_Travel-Hanoi.html,282
The Craft House Cathedral - Souvenir & Gift Shop,Speciality & Gift Shops,Hanoi,https://www.tripadvisor.com/Attraction_Review-g293924-d15236850-Reviews-The_Craft_House_Cathedral_Souvenir_Gift_Shop-Hanoi.html,283
Hanoi Coffee & Tea Culture hands on experience by Su Quan Roastery,Beer Tastings & Tours • Coffee & Tea Tours,Hanoi,https://www.tripadvisor.com/Attraction_Review-g293924-d25178672-Reviews-Hanoi_Coffee_Tea_Culture_hands_on_experience_by_Su_Quan_Roastery-Hanoi.html,284
HERITAGE VIET NAM TRAVEL,Historical & Heritage Tours,Hanoi,https://www.tripadvisor.com/Attraction_Review-g293924-d28106860-Reviews-HERITAGE_VIET_NAM_TRAVEL-Hanoi.html,285
Craft-Link,Speciality & Gift Shops,Hanoi,https://www.tripadvisor.com/Attraction_Review-g293924-d541777-Reviews-Craft_Link-Hanoi.html,286
Heydi Fashion House,Speciality & Gift Shops,Hanoi,https://www.tripadvisor.com/Attraction_Review-g293924-d6827620-Reviews-Heydi_Fashion_House-Hanoi.html,287
Ionah Show,Operas • Theater & Performances,Hanoi,https://www.tripadvisor.com/Attraction_Review-g293924-d8599500-Reviews-Ionah_Show-Hanoi.html,288
BestPrice Travel,Multi-day Tours • Historical & Heritage Tours,Hanoi,https://www.tripadvisor.com/Attraction_Review-g293924-d4869921-Reviews-BestPrice_Travel-Hanoi.html,289
Pure Bliss Spa,Spas,Hanoi,https://www.tripadvisor.com/Attraction_Review-g293924-d15292474-Reviews-Pure_Bliss_Spa-Hanoi.html,290
Lily's Travel Agency,Historical & Heritage Tours • Boat Tours,Hanoi,https://www.tripadvisor.com/Attraction_Review-g293924-d6894263-Reviews-Lily_s_Travel_Agency-Hanoi.html,291
Essencia Spa,Spas,Hanoi,https://www.tripadvisor.com/Attraction_Review-g293924-d7055050-Reviews-Essencia_Spa-Hanoi.html,292
Unique Tours,Multi-day Tours • Sightseeing Tours,Hanoi,https://www.tripadvisor.com/Attraction_Review-g293924-d5413130-Reviews-Unique_Tours-Hanoi.html,293
Midori Spa,Spas,Hanoi,https://www.tripadvisor.com/Attraction_Review-g293924-d12496199-Reviews-Midori_Spa-Hanoi.html,294
A Top Spot Spa,Spas,Hanoi,https://www.tripadvisor.com/Attraction_Review-g293924-d10859475-Reviews-A_Top_Spot_Spa-Hanoi.html,295
Ca Tru Ha Noi,Theater & Performances,Hanoi,https://www.tripadvisor.com/Attraction_Review-g293924-d5953477-Reviews-Ca_Tru_Ha_Noi-Hanoi.html,296
Carpe Diem,Speciality & Gift Shops,Hanoi,https://www.tripadvisor.com/Attraction_Review-g293924-d25226850-Reviews-Carpe_Diem-Hanoi.html,297
Tanmy Design,Speciality & Gift Shops,Hanoi,https://www.tripadvisor.com/Attraction_Review-g293924-d6539859-Reviews-Tanmy_Design-Hanoi.html,298
Hanoi Car Rentals,Bus Services • Taxis & Shuttles,Hanoi,https://www.tripadvisor.com/Attraction_Review-g293924-d12310773-Reviews-Hanoi_Car_Rentals-Hanoi.html,299
Tinh Tan Gemstones,Speciality & Gift Shops,Hanoi,https://www.tripadvisor.com/Attraction_Review-g293924-d25068410-Reviews-Tinh_Tan_Gemstones-Hanoi.html,300
Trap Viet Nam,Escape Games,Hanoi,https://www.tripadvisor.com/Attraction_Review-g293924-d8587645-Reviews-Trap_Viet_Nam-Hanoi.html,301
Four Palaces Show,Theater & Performances,Hanoi,https://www.tripadvisor.com/Attraction_Review-g293924-d8779731-Reviews-Four_Palaces_Show-Hanoi.html,302
Cozy Bay Cruise,Boat Tours,Hanoi,https://www.tripadvisor.com/Attraction_Review-g293924-d15232523-Reviews-Cozy_Bay_Cruise-Hanoi.html,303
Hera Cruises Ha Long Bay,Multi-day Tours • Historical & Heritage Tours,Hanoi,https://www.tripadvisor.com/Attraction_Review-g293924-d26101044-Reviews-Hera_Cruises_Ha_Long_Bay-Hanoi.html,304
Seni World Travel,City Tours • Multi-day Tours,Hanoi,https://www.tripadvisor.com/Attraction_Review-g293924-d8587814-Reviews-Seni_World_Travel-Hanoi.html,305
Hanoi Cooking Centre,Cooking Classes,Hanoi,https://www.tripadvisor.com/Attraction_Review-g293924-d2435553-Reviews-Hanoi_Cooking_Centre-Hanoi.html,306
Cat Ba Express,Multi-day Tours • Boat Tours,Hanoi,https://www.tripadvisor.com/Attraction_Review-g293924-d12529983-Reviews-Cat_Ba_Express-Hanoi.html,307
Lotus Spa,Spas,Hanoi,https://www.tripadvisor.com/Attraction_Review-g293924-d11548880-Reviews-Lotus_Spa-Hanoi.html,308
Tigit Motorbikes Hanoi,Gear Rentals,Hanoi,https://www.tripadvisor.com/Attraction_Review-g293924-d13201461-Reviews-Tigit_Motorbikes_Hanoi-Hanoi.html,309
Hanoi Airport Transfer,Taxis & Shuttles,Hanoi,https://www.tripadvisor.com/Attraction_Review-g293924-d8861454-Reviews-Hanoi_Airport_Transfer-Hanoi.html,310
Green Bus,Bus Services,Hanoi,https://www.tripadvisor.com/Attraction_Review-g293924-d13426200-Reviews-Green_Bus-Hanoi.html,311
HA Food Tours,City Tours • Walking Tours,Hanoi,https://www.tripadvisor.com/Attraction_Review-g293924-d12492674-Reviews-HA_Food_Tours-Hanoi.html,312
Aloha Vietnam Travel & Guide,Multi-day Tours • Cultural Tours,Hanoi,https://www.tripadvisor.com/Attraction_Review-g293924-d15224304-Reviews-Aloha_Vietnam_Travel_Guide-Hanoi.html,313
Vacation Indochina Travel,City Tours • Multi-day Tours,Hanoi,https://www.tripadvisor.com/Attraction_Review-g293924-d6478840-Reviews-Vacation_Indochina_Travel-Hanoi.html,314
Anne's Maison,Speciality & Gift Shops • Lessons & Workshops,Hanoi,https://www.tripadvisor.com/Attraction_Review-g293924-d26269783-Reviews-Anne_s_Maison-Hanoi.html,315
Authentik Vietnam Travel,City Tours • Cultural Tours,Hanoi,https://www.tripadvisor.com/Attraction_Review-g293924-d11641267-Reviews-Authentik_Vietnam_Travel-Hanoi.html,316
Lemongrass Spa,Spas,Hanoi,https://www.tripadvisor.com/Attraction_Review-g293924-d17423690-Reviews-Lemongrass_Spa-Hanoi.html,317
Vietnam Backstreet Tours,"Cultural Tours • 4WD, ATV & Off-Road Tours",Hanoi,https://www.tripadvisor.com/Attraction_Review-g293924-d19354579-Reviews-Vietnam_Backstreet_Tours-Hanoi.html,318
SF Spa,Spas,Hanoi,https://www.tripadvisor.com/Attraction_Review-g293924-d1383033-Reviews-SF_Spa-Hanoi.html,319
Phung Motorbike,Gear Rentals,Hanoi,https://www.tripadvisor.com/Attraction_Review-g27501570-d6380192-Reviews-Phung_Motorbike-Hoan_Kiem_Hanoi.html,320
Vietnam Visa Easy,Taxis & Shuttles,Hanoi,https://www.tripadvisor.com/Attraction_Review-g293924-d20099629-Reviews-Vietnam_Visa_Easy-Hanoi.html,321
Renea Cruises,Boat Tours • Kayaking & Canoeing,Hanoi,https://www.tripadvisor.com/Attraction_Review-g293924-d15106485-Reviews-Renea_Cruises-Hanoi.html,323
Vietnam Travel Top,Multi-day Tours • Adrenaline & Extreme Tours,Hanoi,https://www.tripadvisor.com/Attraction_Review-g293924-d15318870-Reviews-Vietnam_Travel_Top-Hanoi.html,324
VivuTravel,Multi-day Tours • Cultural Tours,Hanoi,https://www.tripadvisor.com/Attraction_Review-g293924-d2178753-Reviews-VivuTravel-Hanoi.html,325
Nari Spa,Spas,Hanoi,https://www.tripadvisor.com/Attraction_Review-g293924-d24967267-Reviews-Nari_Spa-Hanoi.html,326
Beka Travel,Multi-day Tours • Boat Tours,Hanoi,https://www.tripadvisor.com/Attraction_Review-g293924-d23799509-Reviews-Beka_Travel-Hanoi.html,327
Lux Travel DMC - Inspiring Journeys,City Tours • Multi-day Tours,Hanoi,https://www.tripadvisor.com/Attraction_Review-g293924-d5984191-Reviews-Lux_Travel_DMC_Inspiring_Journeys-Hanoi.html,328
Serenity Cruises,Multi-day Tours • Boat Tours,Hanoi,https://www.tripadvisor.com/Attraction_Review-g293924-d15216902-Reviews-Serenity_Cruises-Hanoi.html,329
Swan Cruises,Multi-day Tours • Boat Tours,Hanoi,https://www.tripadvisor.com/Attraction_Review-g293924-d8608476-Reviews-Swan_Cruises-Hanoi.html,330
Hanoikids Voluntary English Tour Guiding Club,City Tours • Cultural Tours,Hanoi,https://www.tripadvisor.com/Attraction_Review-g293924-d1752779-Reviews-Hanoikids_Voluntary_English_Tour_Guiding_Club-Hanoi.html,331
Your Vietnam Travel,Cultural Tours • Bike Tours,Hanoi,https://www.tripadvisor.com/Attraction_Review-g293924-d8611127-Reviews-Your_Vietnam_Travel-Hanoi.html,332
Realistic Asia,Multi-day Tours • Cultural Tours,Hanoi,https://www.tripadvisor.com/Attraction_Review-g293924-d8540658-Reviews-Realistic_Asia-Hanoi.html,333
Vietnam Village Vibes,Multi-day Tours • Private Tours,Hanoi,https://www.tripadvisor.com/Attraction_Review-g293924-d26967221-Reviews-Vietnam_Village_Vibes-Hanoi.html,334
Viet Travel Land DMC,Multi-day Tours • Cultural Tours,Hanoi,https://www.tripadvisor.com/Attraction_Review-g293924-d15527339-Reviews-Viet_Travel_Land_DMC-Hanoi.html,335
Authentic Vietnam Tours,City Tours • Cultural Tours,Hanoi,https://www.tripadvisor.com/Attraction_Review-g293924-d10844792-Reviews-Authentic_Vietnam_Tours-Hanoi.html,336
Halong Bay Le Journey Cruise,Multi-day Tours • Historical & Heritage Tours,Hanoi,https://www.tripadvisor.com/Attraction_Review-g293924-d25306762-Reviews-Halong_Bay_Le_Journey_Cruise-Hanoi.html,337
Mundo Asia Tours,Multi-day Tours • Private Tours,Hanoi,https://www.tripadvisor.com/Attraction_Review-g293924-d15698308-Reviews-Mundo_Asia_Tours-Hanoi.html,338
Travel Sense Asia,City Tours • Multi-day Tours,Hanoi,https://www.tripadvisor.com/Attraction_Review-g293924-d1809048-Reviews-Travel_Sense_Asia-Hanoi.html,339
Ha Giang Loop Tours by Cheers Hostel,Multi-day Tours,Hanoi,https://www.tripadvisor.com/Attraction_Review-g293924-d18188635-Reviews-Ha_Giang_Loop_Tours_by_Cheers_Hostel-Hanoi.html,340
Hanoi Jeep Adventures,"City Tours • 4WD, ATV & Off-Road Tours",Hanoi,https://www.tripadvisor.com/Attraction_Review-g293924-d14137879-Reviews-Hanoi_Jeep_Adventures-Hanoi.html,341
Dragon Bay Cruises,Boat Tours • Kayaking & Canoeing,Hanoi,https://www.tripadvisor.com/Attraction_Review-g293924-d23994144-Reviews-Dragon_Bay_Cruises-Hanoi.html,342
Cozy Vietnam Travel,Multi-day Tours • Private Tours,Hanoi,https://www.tripadvisor.com/Attraction_Review-g293924-d19059498-Reviews-Cozy_Vietnam_Travel-Hanoi.html,343
Asia Pioneer Travel,City Tours • Multi-day Tours,Hanoi,https://www.tripadvisor.com/Attraction_Review-g293924-d2211874-Reviews-Asia_Pioneer_Travel-Hanoi.html,344
MK Spa,Spas,Hanoi,https://www.tripadvisor.com/Attraction_Review-g293924-d12529969-Reviews-MK_Spa-Hanoi.html,345
Hagiang Buffalo Tour,Multi-day Tours • Sightseeing Tours,Hanoi,https://www.tripadvisor.com/Attraction_Review-g293924-d26266641-Reviews-Hagiang_Buffalo_Tour-Hanoi.html,346
V'Spirit Cruises,Boat Tours,Hanoi,https://www.tripadvisor.com/Attraction_Review-g293924-d3651752-Reviews-V_Spirit_Cruises-Hanoi.html,347
Hanoi Transfer Service,City Tours • Taxis & Shuttles,Hanoi,https://www.tripadvisor.com/Attraction_Review-g293924-d5599768-Reviews-Hanoi_Transfer_Service-Hanoi.html,348
INCENSE VILLAGE HANOI TOUR,Paint & Pottery Studios • Multi-day Tours,Hanoi,https://www.tripadvisor.com/Attraction_Review-g293924-d33187493-Reviews-INCENSE_VILLAGE_HANOI_TOUR-Hanoi.html,349
Vietnam Découverte,Multi-day Tours • Cultural Tours,Hanoi,https://www.tripadvisor.com/Attraction_Review-g293924-d7365452-Reviews-Vietnam_Decouverte-Hanoi.html,350
Vietnam City Breaks,Helicopter Tours • Beer Tastings & Tours,Hanoi,https://www.tripadvisor.com/Attraction_Review-g23068219-d34039223-Reviews-Vietnam_City_Breaks-Ba_Dinh_Hanoi.html,351
Daiichi Travel,City Tours • Multi-day Tours,Hanoi,https://www.tripadvisor.com/Attraction_Review-g293924-d12496086-Reviews-Daiichi_Travel-Hanoi.html,352
Capella Travel,Multi-day Tours • Day Trips,Hanoi,https://www.tripadvisor.com/Attraction_Review-g293924-d28004857-Reviews-Capella_Travel-Hanoi.html,353
GN Reiki Gorakh Nath Integral Transformation Center,Yoga & Pilates,Hanoi,https://www.tripadvisor.com/Attraction_Review-g21301834-d8782835-Reviews-GN_Reiki_Gorakh_Nath_Integral_Transformation_Center-Tay_Ho_Hanoi.html,354
GADT Travel,City Tours • Eco Tours,Hanoi,https://www.tripadvisor.com/Attraction_Review-g293924-d8861377-Reviews-GADT_Travel-Hanoi.html,355
Hanoi Free Tour Guides,City Tours • Cultural Tours,Hanoi,https://www.tripadvisor.com/Attraction_Review-g293924-d1910923-Reviews-Hanoi_Free_Tour_Guides-Hanoi.html,356
Ella Vu,Multi-day Tours • Walking Tours,Hanoi,https://www.tripadvisor.com/Attraction_Review-g293924-d20111712-Reviews-Ella_Vu-Hanoi.html,357
Odynovo,Multi-day Tours • Cultural Tours,Hanoi,https://www.tripadvisor.com/Attraction_Review-g293924-d14996739-Reviews-Odynovo-Hanoi.html,358
Sunlight Cruise,City Tours • Historical & Heritage Tours,Hanoi,https://www.tripadvisor.com/Attraction_Review-g293924-d15232743-Reviews-Sunlight_Cruise-Hanoi.html,359
Meetup Travel,Cultural Tours • Boat Tours,Hanoi,https://www.tripadvisor.com/Attraction_Review-g293924-d28222088-Reviews-Meetup_Travel-Hanoi.html,360
Vietnam Asia Trip,City Tours • Multi-day Tours,Hanoi,https://www.tripadvisor.com/Attraction_Review-g293924-d23779343-Reviews-Vietnam_Asia_Trip-Hanoi.html,361
Vietnam Travel Service,Multi-day Tours • Boat Tours,Hanoi,https://www.tripadvisor.com/Attraction_Review-g293924-d25408848-Reviews-Vietnam_Travel_Service-Hanoi.html,362
Ninh Binh Tours,Multi-day Tours • Boat Tours,Hanoi,https://www.tripadvisor.com/Attraction_Review-g293924-d18970333-Reviews-Ninh_Binh_Tours-Hanoi.html,363
Ha Giang Open Tour- OHC Travel ( Ha Giang & Cao Bang Loop Tour),Multi-day Tours • Taxis & Shuttles,Hanoi,https://www.tripadvisor.com/Attraction_Review-g27501570-d23220107-Reviews-Ha_Giang_Open_Tour_OHC_Travel_Ha_Giang_Cao_Bang_Loop_Tour-Hoan_Kiem_Hanoi.html,364
Gay Hanoi Tours,City Tours • Gay Bars,Hanoi,https://www.tripadvisor.com/Attraction_Review-g293924-d6678457-Reviews-Gay_Hanoi_Tours-Hanoi.html,365
Asia Tour Advisor,City Tours • Cultural Tours,Hanoi,https://www.tripadvisor.com/Attraction_Review-g293924-d1854811-Reviews-Asia_Tour_Advisor-Hanoi.html,366
Asia Exotica Indochina,City Tours • Multi-day Tours,Hanoi,https://www.tripadvisor.com/Attraction_Review-g293924-d25178358-Reviews-Asia_Exotica_Indochina-Hanoi.html,367
Viet Prestige Travel,City Tours • Cultural Tours,Hanoi,https://www.tripadvisor.com/Attraction_Review-g293924-d5777659-Reviews-Viet_Prestige_Travel-Hanoi.html,368
Vietnam Stunning Travel,Multi-day Tours • Bike Tours,Hanoi,https://www.tripadvisor.com/Attraction_Review-g293924-d25129661-Reviews-Vietnam_Stunning_Travel-Hanoi.html,369
Wide Eyed Tours & Travel,Sightseeing Tours,Hanoi,https://www.tripadvisor.com/Attraction_Review-g293924-d1007365-Reviews-Wide_Eyed_Tours_Travel-Hanoi.html,370
Hanoi Capital - VN Bike Tour,Multi-day Tours • Private Tours,Hanoi,https://www.tripadvisor.com/Attraction_Review-g293924-d33131126-Reviews-Hanoi_Capital_VN_Bike_Tour-Hanoi.html,371
Custom Asia Travel,Cultural Tours • Bike Tours,Hanoi,https://www.tripadvisor.com/Attraction_Review-g293924-d2517144-Reviews-Custom_Asia_Travel-Hanoi.html,372
Hanoi Explore Travel,City Tours • Multi-day Tours,Hanoi,https://www.tripadvisor.com/Attraction_Review-g293924-d12741918-Reviews-Hanoi_Explore_Travel-Hanoi.html,373
Stellar Of The Seas,Boat Tours • Night Tours,Hanoi,https://www.tripadvisor.com/Attraction_Review-g293924-d17115355-Reviews-Stellar_Of_The_Seas-Hanoi.html,374
INTRO Travel - Vietnam Tours,Multi-day Tours,Hanoi,https://www.tripadvisor.com/Attraction_Review-g293924-d19930256-Reviews-INTRO_Travel_Vietnam_Tours-Hanoi.html,375
Local Tours Vietnam,Boat Tours • Day Trips,Hanoi,https://www.tripadvisor.com/Attraction_Review-g293924-d8851194-Reviews-Local_Tours_Vietnam-Hanoi.html,376
Motorbike City Tours,"City Tours • 4WD, ATV & Off-Road Tours",Hanoi,https://www.tripadvisor.com/Attraction_Review-g293924-d13737525-Reviews-Motorbike_City_Tours-Hanoi.html,377
Arcady Cruise,Multi-day Tours • Boat Tours,Hanoi,https://www.tripadvisor.com/Attraction_Review-g293924-d15089308-Reviews-Arcady_Cruise-Hanoi.html,378
Indochina Voyages,Multi-day Tours • Cultural Tours,Hanoi,https://www.tripadvisor.com/Attraction_Review-g293924-d3485694-Reviews-Indochina_Voyages-Hanoi.html,379
Easytours24h - Hanoi Day Tours,City Tours • Cultural Tours,Hanoi,https://www.tripadvisor.com/Attraction_Review-g293924-d8444841-Reviews-Easytours24h_Hanoi_Day_Tours-Hanoi.html,380
Travel Authentic Asia,Cultural Tours • Sightseeing Tours,Hanoi,https://www.tripadvisor.com/Attraction_Review-g293924-d5600178-Reviews-Travel_Authentic_Asia-Hanoi.html,381
Wati Travel,City Tours • Boat Tours,Hanoi,https://www.tripadvisor.com/Attraction_Review-g293924-d8290202-Reviews-Wati_Travel-Hanoi.html,382
Exotic Voyages,Multi-day Tours • Cultural Tours,Hanoi,https://www.tripadvisor.com/Attraction_Review-g293924-d2355625-Reviews-Exotic_Voyages-Hanoi.html,383
Tonkin Voyage Travel,Multi-day Tours • Helicopter Tours,Hanoi,https://www.tripadvisor.com/Attraction_Review-g293924-d12132013-Reviews-Tonkin_Voyage_Travel-Hanoi.html,384
Vietnam Escape Tours,Multi-day Tours • Cultural Tours,Hanoi,https://www.tripadvisor.com/Attraction_Review-g293924-d17450631-Reviews-Vietnam_Escape_Tours-Hanoi.html,385
Vietnam Motorbike Tour Expert,Cultural Tours • Motorcycle Tours,Hanoi,https://www.tripadvisor.com/Attraction_Review-g293924-d5566628-Reviews-Vietnam_Motorbike_Tour_Expert-Hanoi.html,386
Asia Travel & Leisure,Multi-day Tours • Cultural Tours,Hanoi,https://www.tripadvisor.com/Attraction_Review-g293924-d8727305-Reviews-Asia_Travel_Leisure-Hanoi.html,387
Vietnam Fine Arts Museum (Bao Tang My Thuat Viet Nam ),"Art Galleries • Literary, Art & Music Tours",Hanoi,https://www.tripadvisor.com/Attraction_Review-g293924-d311048-Reviews-Vietnam_Fine_Arts_Museum_Bao_Tang_My_Thuat_Viet_Nam-Hanoi.html,388
Frontier Travel Vietnam,Multi-day Tours • Boat Tours,Hanoi,https://www.tripadvisor.com/Attraction_Review-g293924-d12932501-Reviews-Frontier_Travel_Vietnam-Hanoi.html,389
Asia Links Travel,City Tours • Multi-day Tours,Hanoi,https://www.tripadvisor.com/Attraction_Review-g293924-d18978637-Reviews-Asia_Links_Travel-Hanoi.html,390
A21 Tours,Multi-day Tours • Sightseeing Tours,Hanoi,https://www.tripadvisor.com/Attraction_Review-g293924-d15745956-Reviews-A21_Tours-Hanoi.html,391
Amazing Travel Corp,City Tours • Multi-day Tours,Hanoi,https://www.tripadvisor.com/Attraction_Review-g293924-d20209070-Reviews-Amazing_Travel_Corp-Hanoi.html,392
Mr Linh's Adventures,"Multi-day Tours • 4WD, ATV & Off-Road Tours",Hanoi,https://www.tripadvisor.com/Attraction_Review-g293924-d7305751-Reviews-Mr_Linh_s_Adventures-Hanoi.html,393
Intrepid Urban Adventures - Hanoi,City Tours • Bike Tours,Hanoi,https://www.tripadvisor.com/Attraction_Review-g293924-d1837683-Reviews-Intrepid_Urban_Adventures_Hanoi-Hanoi.html,394
Asia Top Travel,Multi-day Tours • Bike Tours,Hanoi,https://www.tripadvisor.com/Attraction_Review-g293924-d4870976-Reviews-Asia_Top_Travel-Hanoi.html,395
Asia Viva Travel,Multi-day Tours • Private Tours,Hanoi,https://www.tripadvisor.com/Attraction_Review-g293924-d26888431-Reviews-Asia_Viva_Travel-Hanoi.html,396
Vietnam Amazing Tours,City Tours • Multi-day Tours,Hanoi,https://www.tripadvisor.com/Attraction_Review-g293924-d11816927-Reviews-Vietnam_Amazing_Tours-Hanoi.html,397
Bai Tho Junks - Private Tours,Multi-day Tours • Boat Tours,Hanoi,https://www.tripadvisor.com/Attraction_Review-g293924-d1840701-Reviews-Bai_Tho_Junks_Private_Tours-Hanoi.html,398
Hanoi Food Tasting Tours,Walking Tours • Sightseeing Tours,Hanoi,https://www.tripadvisor.com/Attraction_Review-g293924-d6786740-Reviews-Hanoi_Food_Tasting_Tours-Hanoi.html,399
Namaste Vietnam Tours,Cultural Tours • Historical & Heritage Tours,Hanoi,https://www.tripadvisor.com/Attraction_Review-g293924-d6463339-Reviews-Namaste_Vietnam_Tours-Hanoi.html,400
Indochina Today Travel (DGB Travel & Event),Multi-day Tours • Boat Tours,Hanoi,https://www.tripadvisor.com/Attraction_Review-g293924-d11622714-Reviews-Indochina_Today_Travel_DGB_Travel_Event-Hanoi.html,401
Photheculture,Paint & Pottery Studios • Adrenaline & Extreme Tours,Hanoi,https://www.tripadvisor.com/Attraction_Review-g293924-d32709948-Reviews-Photheculture-Hanoi.html,402
Vietnam Creative Travel,City Tours • Multi-day Tours,Hanoi,https://www.tripadvisor.com/Attraction_Review-g293924-d8098733-Reviews-Vietnam_Creative_Travel-Hanoi.html,403
Go Asia Travel,Multi-day Tours • Taxis & Shuttles,Hanoi,https://www.tripadvisor.com/Attraction_Review-g21333608-d24139205-Reviews-Go_Asia_Travel-Long_Bien_Hanoi.html,404
MR ALEX'S NINH BINH & HA LONG TOURS,Private Tours • Day Trips,Hanoi,https://www.tripadvisor.com/Attraction_Review-g293924-d30706501-Reviews-MR_ALEX_S_NINH_BINH_HA_LONG_TOURS-Hanoi.html,405
Victory Era Travel,Multi-day Tours • Boat Tours,Hanoi,https://www.tripadvisor.com/Attraction_Review-g293924-d26842546-Reviews-Victory_Era_Travel-Hanoi.html,406
Hanoi e.Buddies,City Tours • Walking Tours,Hanoi,https://www.tripadvisor.com/Attraction_Review-g23068219-d8046429-Reviews-Hanoi_e_Buddies-Ba_Dinh_Hanoi.html,407
INDOCHINA KITE TRAVEL,Cultural Tours • Historical & Heritage Tours,Hanoi,https://www.tripadvisor.com/Attraction_Review-g293924-d28015281-Reviews-INDOCHINA_KITE_TRAVEL-Hanoi.html,408
Tonkin Travel,City Tours • Multi-day Tours,Hanoi,https://www.tripadvisor.com/Attraction_Review-g293924-d7266926-Reviews-Tonkin_Travel-Hanoi.html,409
Asia King Travel,City Tours • Multi-day Tours,Hanoi,https://www.tripadvisor.com/Attraction_Review-g293924-d4745613-Reviews-Asia_King_Travel-Hanoi.html,410
Vietnam Evasion,Multi-day Tours • Walking Tours,Hanoi,https://www.tripadvisor.com/Attraction_Review-g293924-d10458978-Reviews-Vietnam_Evasion-Hanoi.html,411
Vietnam Tonkin Travel,City Tours • Multi-day Tours,Hanoi,https://www.tripadvisor.com/Attraction_Review-g293924-d8775971-Reviews-Vietnam_Tonkin_Travel-Hanoi.html,412
ATT Asia Travel,City Tours • Multi-day Tours,Hanoi,https://www.tripadvisor.com/Attraction_Review-g293924-d7915444-Reviews-ATT_Asia_Travel-Hanoi.html,413
Free Walking Tours Hanoi,City Tours • Walking Tours,Hanoi,https://www.tripadvisor.com/Attraction_Review-g293924-d12579875-Reviews-Free_Walking_Tours_Hanoi-Hanoi.html,414
Old Quarter Travel,Multi-day Tours • Historical & Heritage Tours,Hanoi,https://www.tripadvisor.com/Attraction_Review-g293924-d13312523-Reviews-Old_Quarter_Travel-Hanoi.html,415
Local Beans Roastery,Cultural Tours • Beer Tastings & Tours,Hanoi,https://www.tripadvisor.com/Attraction_Review-g293924-d26453269-Reviews-Local_Beans_Roastery-Hanoi.html,416
Au Fil Du Vietnam,Multi-day Tours • Private Tours,Hanoi,https://www.tripadvisor.com/Attraction_Review-g293924-d23971040-Reviews-Au_Fil_Du_Vietnam-Hanoi.html,417
IZITOUR.com,City Tours • Multi-day Tours,Hanoi,https://www.tripadvisor.com/Attraction_Review-g293924-d18454690-Reviews-IZITOUR_com-Hanoi.html,418
Dragonfly Cruise,Boat Tours • Sightseeing Tours,Hanoi,https://www.tripadvisor.com/Attraction_Review-g293924-d13358348-Reviews-Dragonfly_Cruise-Hanoi.html,419
Dragon King Vietnam Travel,Boat Tours • Day Trips,Hanoi,https://www.tripadvisor.com/Attraction_Review-g293924-d13516167-Reviews-Dragon_King_Vietnam_Travel-Hanoi.html,420
Up Travel Vietnam,City Tours • Multi-day Tours,Hanoi,https://www.tripadvisor.com/Attraction_Review-g293924-d6495901-Reviews-Up_Travel_Vietnam-Hanoi.html,421
Vietnam Vintage Vespa Tours,"City Tours • 4WD, ATV & Off-Road Tours",Hanoi,https://www.tripadvisor.com/Attraction_Review-g293924-d8294676-Reviews-Vietnam_Vintage_Vespa_Tours-Hanoi.html,422
Hanoi City Tours,City Tours • Sightseeing Tours,Hanoi,https://www.tripadvisor.com/Attraction_Review-g293924-d28002482-Reviews-Hanoi_City_Tours-Hanoi.html,423
Bike Tours Hanoi,"Multi-day Tours • 4WD, ATV & Off-Road Tours",Hanoi,https://www.tripadvisor.com/Attraction_Review-g293924-d14011398-Reviews-Bike_Tours_Hanoi-Hanoi.html,424
Friends Travel Vietnam - Day Tours,City Tours • Sightseeing Tours,Hanoi,https://www.tripadvisor.com/Attraction_Review-g293924-d6732725-Reviews-Friends_Travel_Vietnam_Day_Tours-Hanoi.html,425
Far East Tour,City Tours • Cultural Tours,Hanoi,https://www.tripadvisor.com/Attraction_Review-g293924-d4340032-Reviews-Far_East_Tour-Hanoi.html,426
VIVAGO TRAVEL,City Tours • Cultural Tours,Hanoi,https://www.tripadvisor.com/Attraction_Review-g293924-d26722867-Reviews-VIVAGO_TRAVEL-Hanoi.html,427
Vicsapa Train Viet Nam,City Tours • Climbing Tours,Hanoi,https://www.tripadvisor.com/Attraction_Review-g293924-d27726194-Reviews-Vicsapa_Train_Viet_Nam-Hanoi.html,428
Insight Hanoi Travel,Cultural Tours • Sightseeing Tours,Hanoi,https://www.tripadvisor.com/Attraction_Review-g293924-d14801839-Reviews-Insight_Hanoi_Travel-Hanoi.html,429
Hanoi VIP Transfer,Taxis & Shuttles • Boat Tours,Hanoi,https://www.tripadvisor.com/Attraction_Review-g293924-d14801770-Reviews-Hanoi_VIP_Transfer-Hanoi.html,430
Indochina Sun Travel,Historical & Heritage Tours • Walking Tours,Hanoi,https://www.tripadvisor.com/Attraction_Review-g293924-d24193792-Reviews-Indochina_Sun_Travel-Hanoi.html,431
Halong Bay Cruise Hunters,Multi-day Tours • Cultural Tours,Hanoi,https://www.tripadvisor.com/Attraction_Review-g293924-d12583669-Reviews-Halong_Bay_Cruise_Hunters-Hanoi.html,432
Hanoi Jeep Tours,Beer Tastings & Tours • Private Tours,Hanoi,https://www.tripadvisor.com/Attraction_Review-g293924-d23319314-Reviews-Hanoi_Jeep_Tours-Hanoi.html,433
Hanoi Voyages,Multi-day Tours • Cultural Tours,Hanoi,https://www.tripadvisor.com/Attraction_Review-g293924-d7834952-Reviews-Hanoi_Voyages-Hanoi.html,434
Autour Asia,Multi-day Tours • Private Tours,Hanoi,https://www.tripadvisor.com/Attraction_Review-g293924-d25332963-Reviews-Autour_Asia-Hanoi.html,435
Ninh Binh Excursion Luxury Tour,Multi-day Tours • Day Trips,Hanoi,https://www.tripadvisor.com/Attraction_Review-g293924-d14766913-Reviews-Ninh_Binh_Excursion_Luxury_Tour-Hanoi.html,436
VIETNAM TOP TRAVEL,City Tours • Multi-day Tours,Hanoi,https://www.tripadvisor.com/Attraction_Review-g293924-d17592104-Reviews-VIETNAM_TOP_TRAVEL-Hanoi.html,437
Vietnam Open Day Tours,Boat Tours • Sightseeing Tours,Hanoi,https://www.tripadvisor.com/Attraction_Review-g293924-d2435239-Reviews-Vietnam_Open_Day_Tours-Hanoi.html,438
Momentlives - Vietnam Photo Tours,Photography Tours,Hanoi,https://www.tripadvisor.com/Attraction_Review-g293924-d11926433-Reviews-Momentlives_Vietnam_Photo_Tours-Hanoi.html,439
Vietnam Luxury Golf Tours,City Tours • Multi-day Tours,Hanoi,https://www.tripadvisor.com/Attraction_Review-g293924-d6419376-Reviews-Vietnam_Luxury_Golf_Tours-Hanoi.html,440
Dream Travel,Walking Tours • Sightseeing Tours,Hanoi,https://www.tripadvisor.com/Attraction_Review-g293924-d2310943-Reviews-Dream_Travel-Hanoi.html,441
Indochina Travel Group,Multi-day Tours,Hanoi,https://www.tripadvisor.com/Attraction_Review-g293924-d25808369-Reviews-Indochina_Travel_Group-Hanoi.html,442
Unicharm Cruise,Islands • Beaches,Hanoi,https://www.tripadvisor.com/Attraction_Review-g293924-d14000216-Reviews-Unicharm_Cruise-Hanoi.html,443
Travel Agent Hanoi,Cultural Tours • Boat Tours,Hanoi,https://www.tripadvisor.com/Attraction_Review-g293924-d8619910-Reviews-Travel_Agent_Hanoi-Hanoi.html,444
Kampá Tour,Multi-day Tours • Day Trips,Hanoi,https://www.tripadvisor.com/Attraction_Review-g293924-d26804985-Reviews-Kampa_Tour-Hanoi.html,445
Viet Vision Travel,Cultural Tours • Sightseeing Tours,Hanoi,https://www.tripadvisor.com/Attraction_Review-g293924-d5426694-Reviews-Viet_Vision_Travel-Hanoi.html,446
Jacky Vietnam Travel,Multi-day Tours • Boat Tours,Hanoi,https://www.tripadvisor.com/Attraction_Review-g293924-d14025617-Reviews-Jacky_Vietnam_Travel-Hanoi.html,447
Caroline's Travel Agency,Multi-day Tours • Boat Tours,Hanoi,https://www.tripadvisor.com/Attraction_Review-g293924-d27506056-Reviews-Caroline_s_Travel_Agency-Hanoi.html,448
Adventure Indochina Travel,Cultural Tours • Boat Tours,Hanoi,https://www.tripadvisor.com/Attraction_Review-g293924-d3247001-Reviews-Adventure_Indochina_Travel-Hanoi.html,449
Blue Asia Tours,Boat Tours • Private Tours,Hanoi,https://www.tripadvisor.com/Attraction_Review-g293924-d19273847-Reviews-Blue_Asia_Tours-Hanoi.html,450
Amo Travel,Cultural Tours • Historical & Heritage Tours,Hanoi,https://www.tripadvisor.com/Attraction_Review-g293924-d5061686-Reviews-Amo_Travel-Hanoi.html,451
VietnamStay,Cultural Tours • Sightseeing Tours,Hanoi,https://www.tripadvisor.com/Attraction_Review-g293924-d2205405-Reviews-VietnamStay-Hanoi.html,452
Hanoi Tour,Walking Tours • Cooking Classes,Hanoi,https://www.tripadvisor.com/Attraction_Review-g293924-d1891941-Reviews-Hanoi_Tour-Hanoi.html,454
VietLong Travel,Cultural Tours • Boat Tours,Hanoi,https://www.tripadvisor.com/Attraction_Review-g293924-d2587738-Reviews-VietLong_Travel-Hanoi.html,455
Sapa Express,Cultural Tours • Bus Services,Hanoi,https://www.tripadvisor.com/Attraction_Review-g293924-d7940632-Reviews-Sapa_Express-Hanoi.html,456
Hanoi Green Travel,Multi-day Tours • Sightseeing Tours,Hanoi,https://www.tripadvisor.com/Attraction_Review-g293924-d15850155-Reviews-Hanoi_Green_Travel-Hanoi.html,457
A Taste of Hanoi,Multi-day Tours • Walking Tours,Hanoi,https://www.tripadvisor.com/Attraction_Review-g293924-d7899059-Reviews-A_Taste_of_Hanoi-Hanoi.html,458
Vietnam Viajes,Multi-day Tours • Historical & Heritage Tours,Hanoi,https://www.tripadvisor.com/Attraction_Review-g293924-d14061367-Reviews-Vietnam_Viajes-Hanoi.html,459
Halong Tours Booking,Boat Tours,Hanoi,https://www.tripadvisor.com/Attraction_Review-g293924-d2562186-Reviews-Halong_Tours_Booking-Hanoi.html,460
JoyfulVietNam Travel,City Tours • Multi-day Tours,Hanoi,https://www.tripadvisor.com/Attraction_Review-g293924-d25130233-Reviews-JoyfulVietNam_Travel-Hanoi.html,461
Hanoi and Around with Thanh,Walking Tours • Sightseeing Tours,Hanoi,https://www.tripadvisor.com/Attraction_Review-g293924-d12084453-Reviews-Hanoi_and_Around_with_Thanh-Hanoi.html,462
Asia Authentic Travel,Multi-day Tours • Sightseeing Tours,Hanoi,https://www.tripadvisor.com/Attraction_Review-g293924-d15637814-Reviews-Asia_Authentic_Travel-Hanoi.html,463
Asia Mystika Travel,Multi-day Tours • Eco Tours,Hanoi,https://www.tripadvisor.com/Attraction_Review-g293924-d25345868-Reviews-Asia_Mystika_Travel-Hanoi.html,464
A Chef's Tour (Hanoi),Food Tours,Hanoi,https://www.tripadvisor.com/Attraction_Review-g293924-d19512838-Reviews-A_Chef_s_Tour_Hanoi-Hanoi.html,465
My Viva Tour,Multi-day Tours • Boat Tours,Hanoi,https://www.tripadvisor.com/Attraction_Review-g293924-d29687552-Reviews-My_Viva_Tour-Hanoi.html,466
Asia Novo Tours (Ancien Acacia Voyage),Rail Tours • Photography Tours,Hanoi,https://www.tripadvisor.com/Attraction_Review-g293924-d8595656-Reviews-Asia_Novo_Tours_Ancien_Acacia_Voyage-Hanoi.html,467
Vietnam Panorama Travel,Multi-day Tours • Bike Tours,Hanoi,https://www.tripadvisor.com/Attraction_Review-g293924-d26207524-Reviews-Vietnam_Panorama_Travel-Hanoi.html,468
Venezia Cruises,Boat Tours,Hanoi,https://www.tripadvisor.com/Attraction_Review-g293924-d15062622-Reviews-Venezia_Cruises-Hanoi.html,469
Vietnam Marvel Travel,Multi-day Tours • Bike Tours,Hanoi,https://www.tripadvisor.com/Attraction_Review-g293924-d26345641-Reviews-Vietnam_Marvel_Travel-Hanoi.html,470
Handspan Travel,Boat Tours • Sightseeing Tours,Hanoi,https://www.tripadvisor.com/Attraction_Review-g293924-d1988960-Reviews-Handspan_Travel-Hanoi.html,471
Authentic Adventures Vietnam | Travel packages | Top Updated,Multi-day Tours • Cultural Tours,Hanoi,https://www.tripadvisor.com/Attraction_Review-g293924-d19504526-Reviews-Authentic_Adventures_Vietnam_Travel_packages_Top_Updated-Hanoi.html,472
Real Vietnam Travel,Hop-On Hop-Off Tours • Taxis & Shuttles,Hanoi,https://www.tripadvisor.com/Attraction_Review-g293924-d33129110-Reviews-Real_Vietnam_Travel-Hanoi.html,473
Female Vespa Tours,"City Tours • 4WD, ATV & Off-Road Tours",Hanoi,https://www.tripadvisor.com/Attraction_Review-g293924-d14802020-Reviews-Female_Vespa_Tours-Hanoi.html,474
We Ride Vietnam,City Tours • Multi-day Tours,Hanoi,https://www.tripadvisor.com/Attraction_Review-g293924-d8761009-Reviews-We_Ride_Vietnam-Hanoi.html,475
Good Morning Cat Ba,Bus Tours • Speed Boats Tours,Hanoi,https://www.tripadvisor.com/Attraction_Review-g293924-d11430240-Reviews-Good_Morning_Cat_Ba-Hanoi.html,476
Parfum d'Automne,Multi-day Tours • Cultural Tours,Hanoi,https://www.tripadvisor.com/Attraction_Review-g293924-d12500670-Reviews-Parfum_d_Automne-Hanoi.html,477
Southeast Asia Travel,City Tours • Boat Tours,Hanoi,https://www.tripadvisor.com/Attraction_Review-g293924-d33117275-Reviews-Southeast_Asia_Travel-Hanoi.html,478
Hanoi Best Tours,Boat Tours • Day Trips,Hanoi,https://www.tripadvisor.com/Attraction_Review-g293924-d26633389-Reviews-Hanoi_Best_Tours-Hanoi.html,479
VXA Travel,City Tours • Multi-day Tours,Hanoi,https://www.tripadvisor.com/Attraction_Review-g293924-d13957232-Reviews-VXA_Travel-Hanoi.html,480
NYNA Travel - be U full Vietnam,Multi-day Tours • Taxis & Shuttles,Hanoi,https://www.tripadvisor.com/Attraction_Review-g293924-d24987087-Reviews-NYNA_Travel_be_U_full_Vietnam-Hanoi.html,481
The Touch Hair & Spa,Spas,Hanoi,https://www.tripadvisor.com/Attraction_Review-g293924-d12006359-Reviews-The_Touch_Hair_Spa-Hanoi.html,482
Nom Nom Travel,City Tours • Cultural Tours,Hanoi,https://www.tripadvisor.com/Attraction_Review-g293924-d7227309-Reviews-Nom_Nom_Travel-Hanoi.html,483
Vactours,Multi-day Tours • Cultural Tours,Hanoi,https://www.tripadvisor.com/Attraction_Review-g293924-d14000245-Reviews-Vactours-Hanoi.html,484
Reliable Vietnam Travel,Multi-day Tours • Taxis & Shuttles,Hanoi,https://www.tripadvisor.com/Attraction_Review-g293924-d27511499-Reviews-Reliable_Vietnam_Travel-Hanoi.html,485
Smile Travel Agency,Shopping Tours • Historical & Heritage Tours,Hanoi,https://www.tripadvisor.com/Attraction_Review-g293924-d12413408-Reviews-Smile_Travel_Agency-Hanoi.html,486
IDC Travel,Multi-day Tours • Adrenaline & Extreme Tours,Hanoi,https://www.tripadvisor.com/Attraction_Review-g293924-d23999391-Reviews-IDC_Travel-Hanoi.html,487
Vietnam Hidden Charm Tours,Cultural Tours • Walking Tours,Hanoi,https://www.tripadvisor.com/Attraction_Review-g293924-d13961786-Reviews-Vietnam_Hidden_Charm_Tours-Hanoi.html,489
ADV Motorcycle Tours & Dirtbike Travel,Multi-day Tours • Motorcycle Tours,Hanoi,https://www.tripadvisor.com/Attraction_Review-g293924-d4025487-Reviews-ADV_Motorcycle_Tours_Dirtbike_Travel-Hanoi.html,490
Hanoi Sidecar Tour,Multi-day Tours • Private Tours,Hanoi,https://www.tripadvisor.com/Attraction_Review-g23068219-d27427326-Reviews-Hanoi_Sidecar_Tour-Ba_Dinh_Hanoi.html,491
Vietnam Travel Expert,Bike Tours • Walking Tours,Hanoi,https://www.tripadvisor.com/Attraction_Review-g293924-d24084009-Reviews-Vietnam_Travel_Expert-Hanoi.html,492
Vietnam Luxury Escapes,River Rafting & Tubing • Sports Camps & Clinics,Hanoi,https://www.tripadvisor.com/Attraction_Review-g293924-d20160089-Reviews-Vietnam_Luxury_Escapes-Hanoi.html,493
Red Lotus Travel - Vietnam Package Tours,City Tours • Cultural Tours,Hanoi,https://www.tripadvisor.com/Attraction_Review-g293924-d7081980-Reviews-Red_Lotus_Travel_Vietnam_Package_Tours-Hanoi.html,494
Voyagesviet Travel,Multi-day Tours • Cultural Tours,Hanoi,https://www.tripadvisor.com/Attraction_Review-g293924-d12609954-Reviews-Voyagesviet_Travel-Hanoi.html,495
Viet Cone Travel,Multi-day Tours • Private Tours,Hanoi,https://www.tripadvisor.com/Attraction_Review-g293924-d20899025-Reviews-Viet_Cone_Travel-Hanoi.html,496
La Team Rigal,Multi-day Tours • Sightseeing Tours,Hanoi,https://www.tripadvisor.com/Attraction_Review-g293924-d27417483-Reviews-La_Team_Rigal-Hanoi.html,500
Visages d'Asie,Day Trips,Hanoi,https://www.tripadvisor.com/Attraction_Review-g293924-d25413584-Reviews-Visages_d_Asie-Hanoi.html,501
Hanoi Old Quarter Travel,Multi-day Tours • Historical & Heritage Tours,Hanoi,https://www.tripadvisor.com/Attraction_Review-g293924-d15645743-Reviews-Hanoi_Old_Quarter_Travel-Hanoi.html,502
Hanoitismiss,City Tours • Cultural Tours,Hanoi,https://www.tripadvisor.com/Attraction_Review-g293924-d24939806-Reviews-Hanoitismiss-Hanoi.html,503
Conical Travel,City Tours • Multi-day Tours,Hanoi,https://www.tripadvisor.com/Attraction_Review-g293924-d15220402-Reviews-Conical_Travel-Hanoi.html,505
Red Gecko Travel,Multi-day Tours • Boat Tours,Hanoi,https://www.tripadvisor.com/Attraction_Review-g293924-d3895840-Reviews-Red_Gecko_Travel-Hanoi.html,506
Halong Bay Holiday,Multi-day Tours • Historical & Heritage Tours,Hanoi,https://www.tripadvisor.com/Attraction_Review-g293924-d10727995-Reviews-Halong_Bay_Holiday-Hanoi.html,508
Frank Tour Guide,Multi-day Tours • Historical & Heritage Tours,Hanoi,https://www.tripadvisor.com/Attraction_Review-g293924-d33064422-Reviews-Frank_Tour_Guide-Hanoi.html,510
Aventure Vietnam Travel,Multi-day Tours • Bike Tours,Hanoi,https://www.tripadvisor.com/Attraction_Review-g293924-d12452876-Reviews-Aventure_Vietnam_Travel-Hanoi.html,511
Vietnam Beauty Travel,Boat Tours • Climbing Tours,Hanoi,https://www.tripadvisor.com/Attraction_Review-g293924-d27916287-Reviews-Vietnam_Beauty_Travel-Hanoi.html,512
Vietnam Buffalo Travel,Sightseeing Tours,Hanoi,https://www.tripadvisor.com/Attraction_Review-g293924-d25171450-Reviews-Vietnam_Buffalo_Travel-Hanoi.html,513
Indochina Travel Expert,Multi-day Tours • Boat Tours,Hanoi,https://www.tripadvisor.com/Attraction_Review-g293924-d26246191-Reviews-Indochina_Travel_Expert-Hanoi.html,514
Halong Bay Cruises,Boat Tours,Hanoi,https://www.tripadvisor.com/Attraction_Review-g293924-d20235672-Reviews-Halong_Bay_Cruises-Hanoi.html,515
ViettrendTour,Multi-day Tours • Cultural Tours,Hanoi,https://www.tripadvisor.com/Attraction_Review-g293924-d27664536-Reviews-ViettrendTour-Hanoi.html,517
Ecolux Vietnam,Cultural Tours • Bike Tours,Hanoi,https://www.tripadvisor.com/Attraction_Review-g293924-d25078136-Reviews-Ecolux_Vietnam-Hanoi.html,518
Tailor Made Vietnam Tours,Multi-day Tours • Boat Tours,Hanoi,https://www.tripadvisor.com/Attraction_Review-g293924-d15693034-Reviews-Tailor_Made_Vietnam_Tours-Hanoi.html,519
Kadupul Spa,Spas,Hanoi,https://www.tripadvisor.com/Attraction_Review-g293924-d24967200-Reviews-Kadupul_Spa-Hanoi.html,521
Diory NailsLab 3,Spas,Hanoi,https://www.tripadvisor.com/Attraction_Review-g293924-d27105086-Reviews-Diory_NailsLab_3-Hanoi.html,522
Metis Spa,Spas,Hanoi,https://www.tripadvisor.com/Attraction_Review-g293924-d20056436-Reviews-Metis_Spa-Hanoi.html,525
El Vietnamita,City Tours • Multi-day Tours,Hanoi,https://www.tripadvisor.com/Attraction_Review-g293924-d15816091-Reviews-El_Vietnamita-Hanoi.html,527
Absolute Asia Travel,Multi-day Tours • Taxis & Shuttles,Hanoi,https://www.tripadvisor.com/Attraction_Review-g293924-d18270893-Reviews-Absolute_Asia_Travel-Hanoi.html,528
Vietnam Tour 247,Multi-day Tours • Private Tours,Hanoi,https://www.tripadvisor.com/Attraction_Review-g293924-d17558632-Reviews-Vietnam_Tour_247-Hanoi.html,529
Hanoi Eco Tour - Day Tour,Eco Tours,Hanoi,https://www.tripadvisor.com/Attraction_Review-g293924-d4543577-Reviews-Hanoi_Eco_Tour_Day_Tour-Hanoi.html,530
Vietnam Travel Heaven (VTH travel),Cultural Tours • Bike Tours,Hanoi,https://www.tripadvisor.com/Attraction_Review-g293924-d10619457-Reviews-Vietnam_Travel_Heaven_VTH_travel-Hanoi.html,531
"Aravinda Travel Co,.ltd",Multi-day Tours • Historical & Heritage Tours,Hanoi,https://www.tripadvisor.com/Attraction_Review-g293924-d33059842-Reviews-Aravinda_Travel_Co_ltd-Hanoi.html,536
AucoeurVietnam - IMAGE Travel,Multi-day Tours • River Rafting & Tubing,Hanoi,https://www.tripadvisor.com/Attraction_Review-g293924-d27133890-Reviews-AucoeurVietnam_IMAGE_Travel-Hanoi.html,537
Beyond Vietnam,Private Tours • Food Tours,Hanoi,https://www.tripadvisor.com/Attraction_Review-g293924-d25439689-Reviews-Beyond_Vietnam-Hanoi.html,538
Vietnam In Focus,City Tours • Walking Tours,Hanoi,https://www.tripadvisor.com/Attraction_Review-g293924-d4094176-Reviews-Vietnam_In_Focus-Hanoi.html,539
Go-Indochine,Cultural Tours • Bike Tours,Hanoi,https://www.tripadvisor.com/Attraction_Review-g293924-d6825732-Reviews-Go_Indochine-Hanoi.html,540
Asia Motorbike Adventures & Jeep Tours,"City Tours • 4WD, ATV & Off-Road Tours",Hanoi,https://www.tripadvisor.com/Attraction_Review-g293924-d14170086-Reviews-Asia_Motorbike_Adventures_Jeep_Tours-Hanoi.html,542
Vietnam Xplorer,City Tours • Multi-day Tours,Hanoi,https://www.tripadvisor.com/Attraction_Review-g293924-d25293365-Reviews-Vietnam_Xplorer-Hanoi.html,543
Asianway Travel,Multi-day Tours • Boat Tours,Hanoi,https://www.tripadvisor.com/Attraction_Review-g293924-d5973397-Reviews-Asianway_Travel-Hanoi.html,544
Vietnam trip 24h,City Tours • Boat Tours,Hanoi,https://www.tripadvisor.com/Attraction_Review-g293924-d19315767-Reviews-Vietnam_trip_24h-Hanoi.html,546
Serenity Grandeur Cruises,Taxis & Shuttles • Bike Tours,Hanoi,https://www.tripadvisor.com/Attraction_Review-g293924-d33302088-Reviews-Serenity_Grandeur_Cruises-Hanoi.html,547
iLOTUS TOURS,City Tours • Historical & Heritage Tours,Hanoi,https://www.tripadvisor.com/Attraction_Review-g293924-d19597825-Reviews-ILOTUS_TOURS-Hanoi.html,549
Get Up And Go Vietnam,Multi-day Tours • National Parks,Hanoi,https://www.tripadvisor.com/Attraction_Review-g293924-d8532531-Reviews-Get_Up_And_Go_Vietnam-Hanoi.html,550
Amica Travel,Historical & Heritage Tours • Walking Tours,Hanoi,https://www.tripadvisor.com/Attraction_Review-g293924-d8861467-Reviews-Amica_Travel-Hanoi.html,551
Withlocals,City Tours • Cultural Tours,Hanoi,https://www.tripadvisor.com/Attraction_Review-g293924-d15036298-Reviews-Withlocals-Hanoi.html,553
Asia Queen Travel,City Tours • Multi-day Tours,Hanoi,https://www.tripadvisor.com/Attraction_Review-g293924-d12404320-Reviews-Asia_Queen_Travel-Hanoi.html,554
Eviva Tour Vietnam,Multi-day Tours • Cultural Tours,Hanoi,https://www.tripadvisor.com/Attraction_Review-g293924-d7057044-Reviews-Eviva_Tour_Vietnam-Hanoi.html,555
Bellasia Travel,Multi-day Tours • Adrenaline & Extreme Tours,Hanoi,https://www.tripadvisor.com/Attraction_Review-g293924-d26529640-Reviews-Bellasia_Travel-Hanoi.html,556
Ha Noi Tours Booking (Song Hong Tourism I.C.L),Multi-day Tours • Boat Tours,Hanoi,https://www.tripadvisor.com/Attraction_Review-g293924-d24089225-Reviews-Ha_Noi_Tours_Booking_Song_Hong_Tourism_I_C_L-Hanoi.html,557
Lvptravel - Day Tours,Multi-day Tours • Cultural Tours,Hanoi,https://www.tripadvisor.com/Attraction_Review-g293924-d8444880-Reviews-Lvptravel_Day_Tours-Hanoi.html,559
54 Traditions Gallery,Art Galleries • Cultural Tours,Hanoi,https://www.tripadvisor.com/Attraction_Review-g293924-d6941945-Reviews-54_Traditions_Gallery-Hanoi.html,560
Marvellous Spa,Spas,Hanoi,https://www.tripadvisor.com/Attraction_Review-g293924-d10001226-Reviews-Marvellous_Spa-Hanoi.html,561
Classy Travel,Multi-day Tours • Historical & Heritage Tours,Hanoi,https://www.tripadvisor.com/Attraction_Review-g293924-d6372518-Reviews-Classy_Travel-Hanoi.html,562
Vespa Adventures,City Tours • Night Tours,Hanoi,https://www.tripadvisor.com/Attraction_Review-g293924-d11853153-Reviews-Vespa_Adventures-Hanoi.html,563
Vietnam Northern Travel,Multi-day Tours • Eco Tours,Hanoi,https://www.tripadvisor.com/Attraction_Review-g293924-d17749560-Reviews-Vietnam_Northern_Travel-Hanoi.html,565
Paloma Motorbike Tours,Motorcycle Tours • Night Tours,Hanoi,https://www.tripadvisor.com/Attraction_Review-g293924-d6702827-Reviews-Paloma_Motorbike_Tours-Hanoi.html,566
GP Travel,City Tours • Historical & Heritage Tours,Hanoi,https://www.tripadvisor.com/Attraction_Review-g293924-d9739384-Reviews-GP_Travel-Hanoi.html,567
Soleil Doré Travel-Agence de voyage francophone au Vietnam,Multi-day Tours • Taxis & Shuttles,Hanoi,https://www.tripadvisor.com/Attraction_Review-g293924-d24992455-Reviews-Soleil_Dore_Travel_Agence_de_voyage_francophone_au_Vietnam-Hanoi.html,568
La Belle Vie Spa 1,Spas,Hanoi,https://www.tripadvisor.com/Attraction_Review-g293924-d17688564-Reviews-La_Belle_Vie_Spa_1-Hanoi.html,570
SVietnam Travel,City Tours • Private Tours,Hanoi,https://www.tripadvisor.com/Attraction_Review-g293924-d7940355-Reviews-SVietnam_Travel-Hanoi.html,572
VietAsia Travel,Multi-day Tours • Cultural Tours,Hanoi,https://www.tripadvisor.com/Attraction_Review-g293924-d15017011-Reviews-VietAsia_Travel-Hanoi.html,573
Viet Express Travel,City Tours • Cultural Tours,Hanoi,https://www.tripadvisor.com/Attraction_Review-g293924-d8851164-Reviews-Viet_Express_Travel-Hanoi.html,576
Emoi Vietnam Travel,Sightseeing Tours,Hanoi,https://www.tripadvisor.com/Attraction_Review-g293924-d26555725-Reviews-Emoi_Vietnam_Travel-Hanoi.html,577
Hanoi Tours Expert,City Tours • Sightseeing Tours,Hanoi,https://www.tripadvisor.com/Attraction_Review-g293924-d11512801-Reviews-Hanoi_Tours_Expert-Hanoi.html,578
GOVNTRAVEL,Multi-day Tours • Bus Services,Hanoi,https://www.tripadvisor.com/Attraction_Review-g293924-d15828699-Reviews-GOVNTRAVEL-Hanoi.html,579
Win Win Travel,Multi-day Tours • Cultural Tours,Hanoi,https://www.tripadvisor.com/Attraction_Review-g293924-d13477197-Reviews-Win_Win_Travel-Hanoi.html,581
Bicycle Tours Hanoi,Bike Tours,Hanoi,https://www.tripadvisor.com/Attraction_Review-g293924-d12594434-Reviews-Bicycle_Tours_Hanoi-Hanoi.html,582
Vietnam Impresssive Tours,Boat Tours • Sightseeing Tours,Hanoi,https://www.tripadvisor.com/Attraction_Review-g293924-d28120901-Reviews-Vietnam_Impresssive_Tours-Hanoi.html,583
Midori Spa 3,Spas,Hanoi,https://www.tripadvisor.com/Attraction_Review-g293924-d12376081-Reviews-Midori_Spa_3-Hanoi.html,584
Vietnam Travelers Tour,Multi-day Tours • Motorcycle Tours,Hanoi,https://www.tripadvisor.com/Attraction_Review-g293924-d24119722-Reviews-Vietnam_Travelers_Tour-Hanoi.html,585
Rutas Vietnam - Day Tours,Sightseeing Tours,Hanoi,https://www.tripadvisor.com/Attraction_Review-g293924-d7917439-Reviews-Rutas_Vietnam_Day_Tours-Hanoi.html,586
The First Travel,Multi-day Tours • Boat Tours,Hanoi,https://www.tripadvisor.com/Attraction_Review-g293924-d13484982-Reviews-The_First_Travel-Hanoi.html,587
VN Travel Advisory,Hop-On Hop-Off Tours • Walking Tours,Hanoi,https://www.tripadvisor.com/Attraction_Review-g293924-d23990178-Reviews-VN_Travel_Advisory-Hanoi.html,588
Fola Travel,City Tours • Multi-day Tours,Hanoi,https://www.tripadvisor.com/Attraction_Review-g293924-d28100196-Reviews-Fola_Travel-Hanoi.html,589
Viajeindochina,City Tours • Multi-day Tours,Hanoi,https://www.tripadvisor.com/Attraction_Review-g293924-d6478725-Reviews-Viajeindochina-Hanoi.html,591
Authentic Travel VIETNAM,Scuba & Snorkelling • Submarine Tours,Hanoi,https://www.tripadvisor.com/Attraction_Review-g293924-d27987226-Reviews-Authentic_Travel_VIETNAM-Hanoi.html,592
Viet Aurora Travel,City Tours • Multi-day Tours,Hanoi,https://www.tripadvisor.com/Attraction_Review-g293924-d24077422-Reviews-Viet_Aurora_Travel-Hanoi.html,594
Hidden Hanoi,City Tours • Cooking Classes,Hanoi,https://www.tripadvisor.com/Attraction_Review-g293924-d654081-Reviews-Hidden_Hanoi-Hanoi.html,595
Incredible Vietnam Tours,Historical & Heritage Tours • Boat Tours,Hanoi,https://www.tripadvisor.com/Attraction_Review-g293924-d12529951-Reviews-Incredible_Vietnam_Tours-Hanoi.html,597
Asia Eyes Travel,City Tours • Cultural Tours,Hanoi,https://www.tripadvisor.com/Attraction_Review-g293924-d3957911-Reviews-Asia_Eyes_Travel-Hanoi.html,598
Asia Encounter,City Tours • Multi-day Tours,Hanoi,https://www.tripadvisor.com/Attraction_Review-g293924-d27141555-Reviews-Asia_Encounter-Hanoi.html,599
Hanoi Motorbike Street Foods - Day Tours,City Tours • Cultural Tours,Hanoi,https://www.tripadvisor.com/Attraction_Review-g293924-d6353609-Reviews-Hanoi_Motorbike_Street_Foods_Day_Tours-Hanoi.html,600
Bến Phà Tuần Châu,Marinas • Beaches,Quang Ninh,https://www.tripadvisor.com/Attraction_Review-g14776235-d34023500-Reviews-B_n_Pha_Tu_n_Chau-Quang_Ninh_Quang_Binh_Province.html,1
Tuần Châu Hạ Long,Marinas,Quang Ninh,https://www.tripadvisor.com/Attraction_Review-g14776235-d33278671-Reviews-Tu_n_Chau_H_Long-Quang_Ninh_Quang_Binh_Province.html,2
Vietpearl Farm,Factory Outlets,Quang Ninh,https://www.tripadvisor.com/Attraction_Review-g14776235-d34436740-Reviews-Vietpearl_Farm-Quang_Ninh_Quang_Binh_Province.html,3
Aime'e Cruises,Boat Tours,Quang Ninh,https://www.tripadvisor.com/Attraction_Review-g14776235-d34089447-Reviews-Aime_e_Cruises-Quang_Ninh_Quang_Binh_Province.html,4
Sea Lavie Cruise,Multi-day Tours • Boat Tours,Quang Ninh,https://www.tripadvisor.com/Attraction_Review-g14776235-d34237919-Reviews-Sea_Lavie_Cruise-Quang_Ninh_Quang_Binh_Province.html,5
Cho thuê Xe Máy Điện Hạ Long - Ku Ku Bike - Electric Motorbike For Rent Ha Long,Gear Rentals,Quang Ninh,https://www.tripadvisor.com/Attraction_Review-g14776235-d34679187-Reviews-Cho_thue_Xe_May_Di_n_H_Long_Ku_Ku_Bike_Electric_Motorbike_For_Rent_Ha_Long-Qua.html,6
GARDEN PEAK CRUISE - Bai Tu Long Bay,Multi-day Tours • Cultural Tours,Quang Ninh,https://www.tripadvisor.com/Attraction_Review-g14776235-d34289115-Reviews-GARDEN_PEAK_CRUISE_Bai_Tu_Long_Bay-Quang_Ninh_Quang_Binh_Province.html,7
Quang Ninh,Day Trips,Quang Ninh,https://www.tripadvisor.com/Attraction_Review-g14776235-d34279361-Reviews-Quang_Ninh-Quang_Ninh_Quang_Binh_Province.html,8
Halong Bay Cruises,Multi-day Tours • Boat Tours,Quang Ninh,https://www.tripadvisor.com/Attraction_Review-g14776235-d28050033-Reviews-Halong_Bay_Cruises-Quang_Ninh_Quang_Binh_Province.html,9
THAO NGUYEN XANH TRAVEL AGENT,Multi-day Tours • Private Tours,Quang Ninh,https://www.tripadvisor.com/Attraction_Review-g14776235-d25346112-Reviews-THAO_NGUYEN_XANH_TRAVEL_AGENT-Quang_Ninh_Quang_Binh_Province.html,10
Aussie Travel,Multi-day Tours • Cultural Tours,Quang Ninh,https://www.tripadvisor.com/Attraction_Review-g14776235-d34658487-Reviews-Aussie_Travel-Quang_Ninh_Quang_Binh_Province.html,11
Athena Premium Halong Bay Cruise,Boat Tours,Quang Ninh,https://www.tripadvisor.com/Attraction_Review-g14776235-d34110399-Reviews-Athena_Premium_Halong_Bay_Cruise-Quang_Ninh_Quang_Binh_Province.html,12
Feria Travel,City Tours • Multi-day Tours,Quang Ninh,https://www.tripadvisor.com/Attraction_Review-g14776235-d34280265-Reviews-Feria_Travel-Quang_Ninh_Quang_Binh_Province.html,13
ETG VIET NAM,Multi-day Tours • Submarine Tours,Quang Ninh,https://www.tripadvisor.com/Attraction_Review-g14776235-d34485903-Reviews-ETG_VIET_NAM-Quang_Ninh_Quang_Binh_Province.html,14
AN PHUOC VIET NAM TRAVEL COMPANY LIMITED,Hop-On Hop-Off Tours • Walking Tours,Quang Ninh,https://www.tripadvisor.com/Attraction_Review-g14776235-d34357299-Reviews-AN_PHUOC_VIET_NAM_TRAVEL_COMPANY_LIMITED-Quang_Ninh_Quang_Binh_Province.html,15
Sea Lavie,Boat Tours • Boat Rentals,Quang Ninh,https://www.tripadvisor.com/Attraction_Review-g14776235-d34241004-Reviews-Sea_Lavie-Quang_Ninh_Quang_Binh_Province.html,16
Trang Trang Phạm,Multi-day Tours • Boat Tours,Quang Ninh,https://www.tripadvisor.com/Attraction_Review-g14776235-d34154815-Reviews-Trang_Trang_Ph_m-Quang_Ninh_Quang_Binh_Province.html,18
Phu Lang Pottery Village,Points of Interest & Landmarks,Bac Ninh,https://www.tripadvisor.com/Attraction_Review-g2082662-d7339865-Reviews-Phu_Lang_Pottery_Village-Bac_Ninh_Bac_Ninh_Province.html,1
Dau Pagoda,Religious Sites,Bac Ninh,https://www.tripadvisor.com/Attraction_Review-g2082662-d8627375-Reviews-Dau_Pagoda-Bac_Ninh_Bac_Ninh_Province.html,2
Phat Tich Temple,Religious Sites,Bac Ninh,https://www.tripadvisor.com/Attraction_Review-g2082662-d14074259-Reviews-Phat_Tich_Temple-Bac_Ninh_Bac_Ninh_Province.html,3
Ba Chua Kho Temple,Religious Sites,Bac Ninh,https://www.tripadvisor.com/Attraction_Review-g2082662-d16695629-Reviews-Ba_Chua_Kho_Temple-Bac_Ninh_Bac_Ninh_Province.html,4
Gieng Temple,Religious Sites,Bac Ninh,https://www.tripadvisor.com/Attraction_Review-g2082662-d12368489-Reviews-Gieng_Temple-Bac_Ninh_Bac_Ninh_Province.html,5
Ly Bat De Shrine,Religious Sites,Bac Ninh,https://www.tripadvisor.com/Attraction_Review-g2082662-d15850086-Reviews-Ly_Bat_De_Shrine-Bac_Ninh_Bac_Ninh_Province.html,6
Imi Farm,Farms,Bac Ninh,https://www.tripadvisor.com/Attraction_Review-g2082662-d32696726-Reviews-Imi_Farm-Bac_Ninh_Bac_Ninh_Province.html,7
Cheon An Barbershop,Open now,Bac Ninh,https://www.tripadvisor.com/Attraction_Review-g2082662-d27981764-Reviews-Cheon_An_Barbershop-Bac_Ninh_Bac_Ninh_Province.html,8
Grow nail,Spas,Bac Ninh,https://www.tripadvisor.com/Attraction_Review-g2082662-d34343315-Reviews-Grow_nail-Bac_Ninh_Bac_Ninh_Province.html,9
"Hanoi transfer to Tam Coc , Ninh Binh ( Private car )",Taxis & Shuttles,Bac Ninh,https://www.tripadvisor.com/Attraction_Review-g2082662-d28041322-Reviews-Hanoi_transfer_to_Tam_Coc_Ninh_Binh_Private_car-Bac_Ninh_Bac_Ninh_Province.html,10
174 Lý Đạo Thành- Ninh Xá- Bắc Ninh,Spas,Bac Ninh,https://www.tripadvisor.com/Attraction_Review-g2082662-d27100945-Reviews-174_Ly_D_o_Thanh_Ninh_Xa_B_c_Ninh-Bac_Ninh_Bac_Ninh_Province.html,11
Century 14 Bar.,Bars & Clubs,Bac Ninh,https://www.tripadvisor.com/Attraction_Review-g2082662-d27520348-Reviews-Century_14_Bar-Bac_Ninh_Bac_Ninh_Province.html,12
Mộc Hương Thao Dưong Sinh Dog Y So 1 Bac Ninh,Spas,Bac Ninh,https://www.tripadvisor.com/Attraction_Review-g2082662-d28251440-Reviews-M_c_Huong_Thao_Duong_Sinh_Dog_Y_So_1_Bac_Ninh-Bac_Ninh_Bac_Ninh_Province.html,13
Yin district,Bars & Clubs,Bac Ninh,https://www.tripadvisor.com/Attraction_Review-g2082662-d33952273-Reviews-Yin_district-Bac_Ninh_Bac_Ninh_Province.html,14
Linh Trần Spa,Spas,Bac Ninh,https://www.tripadvisor.com/Attraction_Review-g2082662-d23310673-Reviews-Linh_Tr_n_Spa-Bac_Ninh_Bac_Ninh_Province.html,15
GoviHair Best Wholesale Vietnamese Hair Factory,Speciality & Gift Shops,Bac Ninh,https://www.tripadvisor.com/Attraction_Review-g2082662-d33095640-Reviews-GoviHair_Best_Wholesale_Vietnamese_Hair_Factory-Bac_Ninh_Bac_Ninh_Province.html,16
Phu Lang Pottery Workshop & Cultural Experience,Lessons & Workshops,Bac Ninh,https://www.tripadvisor.com/Attraction_Review-g2082662-d34666870-Reviews-Phu_Lang_Pottery_Workshop_Cultural_Experience-Bac_Ninh_Bac_Ninh_Province.html,18
Thẩm Mỹ Viện Thúy Hạnh,Spas,Bac Ninh,https://www.tripadvisor.com/Attraction_Review-g2082662-d25248816-Reviews-Th_m_M_Vi_n_Thuy_H_nh-Bac_Ninh_Bac_Ninh_Province.html,19
Lotus Charm Travel,Multi-day Tours • Cultural Tours,Bac Ninh,https://www.tripadvisor.com/Attraction_Review-g2082662-d34041301-Reviews-Lotus_Charm_Travel-Bac_Ninh_Bac_Ninh_Province.html,20
Viet village tours,Day Trips,Bac Ninh,https://www.tripadvisor.com/Attraction_Review-g2082662-d19449315-Reviews-Viet_village_tours-Bac_Ninh_Bac_Ninh_Province.html,21
Stillwater Spa,Day Trips,Bac Ninh,https://www.tripadvisor.com/Attraction_Review-g2082662-d19805903-Reviews-Stillwater_Spa-Bac_Ninh_Bac_Ninh_Province.html,22
Athen Legend Spa,Beer Tastings & Tours,Bac Ninh,https://www.tripadvisor.com/Attraction_Review-g2082662-d21139927-Reviews-Athen_Legend_Spa-Bac_Ninh_Bac_Ninh_Province.html,23
Vionis Travel,Multi-day Tours • Cultural Tours,Bac Ninh,https://www.tripadvisor.com/Attraction_Review-g2082662-d34692188-Reviews-Vionis_Travel-Bac_Ninh_Bac_Ninh_Province.html,24
Mui Ca Mau,Points of Interest & Landmarks,Ca Mau,https://www.tripadvisor.com/Attraction_Review-g1568668-d6739413-Reviews-Mui_Ca_Mau-Ca_Mau_Ca_Mau_Province_Mekong_Delta.html,1
Ca Mau Culture - Tourism Park,State Parks • Beaches,Ca Mau,https://www.tripadvisor.com/Attraction_Review-g1568668-d8540457-Reviews-Ca_Mau_Culture_Tourism_Park-Ca_Mau_Ca_Mau_Province_Mekong_Delta.html,2
Khu Tuong Niem Chu Tich Ho Chi Minh,Points of Interest & Landmarks • Monuments & Statues,Ca Mau,https://www.tripadvisor.com/Attraction_Review-g1568668-d21058714-Reviews-Khu_Tuong_Niem_Chu_Tich_Ho_Chi_Minh-Ca_Mau_Ca_Mau_Province_Mekong_Delta.html,3
Khu Du Lịch Khai Long,Religious Sites,Ca Mau,https://www.tripadvisor.com/Attraction_Review-g1568668-d26209322-Reviews-Khu_Du_L_ch_Khai_Long-Ca_Mau_Ca_Mau_Province_Mekong_Delta.html,4
Ca Mau Province Tourism Information And Promotion Center,Visitor Centers,Ca Mau,https://www.tripadvisor.com/Attraction_Review-g1568668-d14027945-Reviews-Ca_Mau_Province_Tourism_Information_And_Promotion_Center-Ca_Mau_Ca_Mau_Province.html,5
Uyên - Handmade Candles & Workshop,Lessons & Workshops,Ca Mau,https://www.tripadvisor.com/Attraction_Review-g1568668-d34680322-Reviews-Uyen_Handmade_Candles_Workshop-Ca_Mau_Ca_Mau_Province_Mekong_Delta.html,6
Cai Rang Floating Market,Points of Interest & Landmarks • Flea & Street Markets,Can Tho,https://www.tripadvisor.com/Attraction_Review-g303942-d455150-Reviews-Cai_Rang_Floating_Market-Can_Tho_Mekong_Delta.html,1
Binh Thuy Ancient House,Points of Interest & Landmarks,Can Tho,https://www.tripadvisor.com/Attraction_Review-g303942-d6973903-Reviews-Binh_Thuy_Ancient_House-Can_Tho_Mekong_Delta.html,2
Ong Temple,Points of Interest & Landmarks,Can Tho,https://www.tripadvisor.com/Attraction_Review-g303942-d6983486-Reviews-Ong_Temple-Can_Tho_Mekong_Delta.html,3
Can Tho Bridge,Bridges,Can Tho,https://www.tripadvisor.com/Attraction_Review-g303942-d16656387-Reviews-Can_Tho_Bridge-Can_Tho_Mekong_Delta.html,4
Meditation Centre Truc Lam Phuong Nam,Points of Interest & Landmarks • Architectural Buildings,Can Tho,https://www.tripadvisor.com/Attraction_Review-g303942-d8602396-Reviews-Meditation_Centre_Truc_Lam_Phuong_Nam-Can_Tho_Mekong_Delta.html,5
Museum of Tarot,Speciality Museums,Can Tho,https://www.tripadvisor.com/Attraction_Review-g303942-d11624355-Reviews-Museum_of_Tarot-Can_Tho_Mekong_Delta.html,6
Thien Vien Truc Lam Phuong Nam,Religious Sites,Can Tho,https://www.tripadvisor.com/Attraction_Review-g303942-d12150973-Reviews-Thien_Vien_Truc_Lam_Phuong_Nam-Can_Tho_Mekong_Delta.html,7
Muoi Cuong Cocoa Farm,Farms,Can Tho,https://www.tripadvisor.com/Attraction_Review-g303942-d15581608-Reviews-Muoi_Cuong_Cocoa_Farm-Can_Tho_Mekong_Delta.html,8
Ninh Kieu Wharf,Scenic Walking Areas,Can Tho,https://www.tripadvisor.com/Attraction_Review-g303942-d16121214-Reviews-Ninh_Kieu_Wharf-Can_Tho_Mekong_Delta.html,9
Can Tho Market,Farmers Markets,Can Tho,https://www.tripadvisor.com/Attraction_Review-g303942-d5866311-Reviews-Can_Tho_Market-Can_Tho_Mekong_Delta.html,10
Tay Do Night Market,Flea & Street Markets,Can Tho,https://www.tripadvisor.com/Attraction_Review-g303942-d8095256-Reviews-Tay_Do_Night_Market-Can_Tho_Mekong_Delta.html,11
Hai Ba Trung Street,Points of Interest & Landmarks,Can Tho,https://www.tripadvisor.com/Attraction_Review-g303942-d12231604-Reviews-Hai_Ba_Trung_Street-Can_Tho_Mekong_Delta.html,12
Munirangsyaram Pagoda,Architectural Buildings • Religious Sites,Can Tho,https://www.tripadvisor.com/Attraction_Review-g303942-d8305188-Reviews-Munirangsyaram_Pagoda-Can_Tho_Mekong_Delta.html,13
Can Tho Museum,Points of Interest & Landmarks,Can Tho,https://www.tripadvisor.com/Attraction_Review-g303942-d7305654-Reviews-Can_Tho_Museum-Can_Tho_Mekong_Delta.html,14
Quang Duc Pagoda,Points of Interest & Landmarks • Religious Sites,Can Tho,https://www.tripadvisor.com/Attraction_Review-g303942-d4831701-Reviews-Quang_Duc_Pagoda-Can_Tho_Mekong_Delta.html,15
Vincom Plaza Xuan Khanh,Shopping Malls,Can Tho,https://www.tripadvisor.com/Attraction_Review-g303942-d32759799-Reviews-Vincom_Plaza_Xuan_Khanh-Can_Tho_Mekong_Delta.html,16
Snakehead Flying Fish,Farms,Can Tho,https://www.tripadvisor.com/Attraction_Review-g303942-d18996550-Reviews-Snakehead_Flying_Fish-Can_Tho_Mekong_Delta.html,17
Bao Tang Quan Khu 9,History Museums,Can Tho,https://www.tripadvisor.com/Attraction_Review-g303942-d14796336-Reviews-Bao_Tang_Quan_Khu_9-Can_Tho_Mekong_Delta.html,18
Ho Chi Minh Monument,Monuments & Statues,Can Tho,https://www.tripadvisor.com/Attraction_Review-g303942-d15871940-Reviews-Ho_Chi_Minh_Monument-Can_Tho_Mekong_Delta.html,19
Can Tho Beach,Beaches,Can Tho,https://www.tripadvisor.com/Attraction_Review-g303942-d8598730-Reviews-Can_Tho_Beach-Can_Tho_Mekong_Delta.html,20
Nha tho Chinh Toa Can Tho,Religious Sites • Churches & Cathedrals,Can Tho,https://www.tripadvisor.com/Attraction_Review-g303942-d11435988-Reviews-Nha_tho_Chinh_Toa_Can_Tho-Can_Tho_Mekong_Delta.html,21
An Hoa Church,Points of Interest & Landmarks • Churches & Cathedrals,Can Tho,https://www.tripadvisor.com/Attraction_Review-g303942-d12415913-Reviews-An_Hoa_Church-Can_Tho_Mekong_Delta.html,23
"May Xưa Spa 2 - Body & Foot Massage, Sauna",Spas,Can Tho,https://www.tripadvisor.com/Attraction_Review-g303942-d33372413-Reviews-May_Xua_Spa_2_Body_Foot_Massage_Sauna-Can_Tho_Mekong_Delta.html,24
Cau Di Bo Ben Ninh Kieu,Bridges • Scenic Walking Areas,Can Tho,https://www.tripadvisor.com/Attraction_Review-g303942-d16122794-Reviews-Cau_Di_Bo_Ben_Ninh_Kieu-Can_Tho_Mekong_Delta.html,25
Phat Hoc Pagoda,Religious Sites,Can Tho,https://www.tripadvisor.com/Attraction_Review-g303942-d14796248-Reviews-Phat_Hoc_Pagoda-Can_Tho_Mekong_Delta.html,26
"May Xua Spa Can Tho - Nourishing Hair Wash, Body And Foot Massage",Spas,Can Tho,https://www.tripadvisor.com/Attraction_Review-g303942-d27119429-Reviews-May_Xua_Spa_Can_Tho_Nourishing_Hair_Wash_Body_And_Foot_Massage-Can_Tho_Mekong_De.html,27
Tham Tuong Church,Churches & Cathedrals,Can Tho,https://www.tripadvisor.com/Attraction_Review-g303942-d4832225-Reviews-Tham_Tuong_Church-Can_Tho_Mekong_Delta.html,28
Mekong Foot & Body Massage,Spas,Can Tho,https://www.tripadvisor.com/Attraction_Review-g303942-d11750615-Reviews-Mekong_Foot_Body_Massage-Can_Tho_Mekong_Delta.html,29
Trường Xuân Cung,Spas,Can Tho,https://www.tripadvisor.com/Attraction_Review-g303942-d27099360-Reviews-Tru_ng_Xuan_Cung-Can_Tho_Mekong_Delta.html,30
Thoi Long Co Tu Pagoda,Religious Sites,Can Tho,https://www.tripadvisor.com/Attraction_Review-g303942-d12257677-Reviews-Thoi_Long_Co_Tu_Pagoda-Can_Tho_Mekong_Delta.html,31
Kham Lon Can Tho,Historic Sites,Can Tho,https://www.tripadvisor.com/Attraction_Review-g303942-d15855141-Reviews-Kham_Lon_Can_Tho-Can_Tho_Mekong_Delta.html,32
Cho Noi Cai Rang,Points of Interest & Landmarks,Can Tho,https://www.tripadvisor.com/Attraction_Review-g303942-d25061907-Reviews-Cho_Noi_Cai_Rang-Can_Tho_Mekong_Delta.html,33
Tin Lanh Baptist Church,Churches & Cathedrals,Can Tho,https://www.tripadvisor.com/Attraction_Review-g303942-d4832223-Reviews-Tin_Lanh_Baptist_Church-Can_Tho_Mekong_Delta.html,34
Pitu Khosa Rangsay,Religious Sites,Can Tho,https://www.tripadvisor.com/Attraction_Review-g303942-d12189783-Reviews-Pitu_Khosa_Rangsay-Can_Tho_Mekong_Delta.html,35
Cho Xuan Khanh,Farmers Markets,Can Tho,https://www.tripadvisor.com/Attraction_Review-g303942-d13170138-Reviews-Cho_Xuan_Khanh-Can_Tho_Mekong_Delta.html,36
Bang Lang Stork Sanctuary,Nature & Wildlife Areas,Can Tho,https://www.tripadvisor.com/Attraction_Review-g303942-d15614805-Reviews-Bang_Lang_Stork_Sanctuary-Can_Tho_Mekong_Delta.html,37
Mekong Realism,Bike Tours • Boat Tours,Can Tho,https://www.tripadvisor.com/Attraction_Review-g303942-d16942661-Reviews-Mekong_Realism-Can_Tho_Mekong_Delta.html,38
Nụ Cười Mê Kông,Cultural Tours • Bike Tours,Can Tho,https://www.tripadvisor.com/Attraction_Review-g303942-d12314796-Reviews-N_Cu_i_Me_Kong-Can_Tho_Mekong_Delta.html,41
tiNiWorld,Playgrounds • Game & Entertainment Centers,Can Tho,https://www.tripadvisor.com/Attraction_Review-g303942-d9996428-Reviews-TiNiWorld-Can_Tho_Mekong_Delta.html,42
Fabulous Mekong Eco Tours,Cultural Tours • Bike Tours,Can Tho,https://www.tripadvisor.com/Attraction_Review-g303942-d14124363-Reviews-Fabulous_Mekong_Eco_Tours-Can_Tho_Mekong_Delta.html,43
Bao An Pagoda,Religious Sites,Can Tho,https://www.tripadvisor.com/Attraction_Review-g303942-d14796256-Reviews-Bao_An_Pagoda-Can_Tho_Mekong_Delta.html,44
Lang Chai Thom Rom,Farms,Can Tho,https://www.tripadvisor.com/Attraction_Review-g303942-d25329474-Reviews-Lang_Chai_Thom_Rom-Can_Tho_Mekong_Delta.html,45
Pattaya Thai Spa Cần Thơ,Spas,Can Tho,https://www.tripadvisor.com/Attraction_Review-g303942-d28012326-Reviews-Pattaya_Thai_Spa_C_n_Tho-Can_Tho_Mekong_Delta.html,46
Tiny Corner Cafe,Bars & Clubs • Coffeehouses,Can Tho,https://www.tripadvisor.com/Attraction_Review-g303942-d3144740-Reviews-Tiny_Corner_Cafe-Can_Tho_Mekong_Delta.html,47
Can Tho Floating Market,Flea & Street Markets,Can Tho,https://www.tripadvisor.com/Attraction_Review-g303942-d27498423-Reviews-Can_Tho_Floating_Market-Can_Tho_Mekong_Delta.html,48
Lang Du Lich Ong De,Game & Entertainment Centers,Can Tho,https://www.tripadvisor.com/Attraction_Review-g303942-d14961422-Reviews-Lang_Du_Lich_Ong_De-Can_Tho_Mekong_Delta.html,50
Vincom Ice Rink,Game & Entertainment Centers,Can Tho,https://www.tripadvisor.com/Attraction_Review-g303942-d12231627-Reviews-Vincom_Ice_Rink-Can_Tho_Mekong_Delta.html,51
Chợ Nổi Cái Răng,Marinas,Can Tho,https://www.tripadvisor.com/Attraction_Review-g303942-d28525543-Reviews-Ch_N_i_Cai_Rang-Can_Tho_Mekong_Delta.html,52
Can Tho Touring with Susan,Cultural Tours • Boat Tours,Can Tho,https://www.tripadvisor.com/Attraction_Review-g303942-d12631812-Reviews-Can_Tho_Touring_with_Susan-Can_Tho_Mekong_Delta.html,53
Sen River Spa Can Tho,Spas • Thermal Spas,Can Tho,https://www.tripadvisor.com/Attraction_Review-g303942-d14086630-Reviews-Sen_River_Spa_Can_Tho-Can_Tho_Mekong_Delta.html,54
Phong Dien Floating Market,Speciality & Gift Shops,Can Tho,https://www.tripadvisor.com/Attraction_Review-g303942-d5860275-Reviews-Phong_Dien_Floating_Market-Can_Tho_Mekong_Delta.html,55
Homey Travel,Multi-day Tours • Bike Tours,Can Tho,https://www.tripadvisor.com/Attraction_Review-g303942-d33967378-Reviews-Homey_Travel-Can_Tho_Mekong_Delta.html,56
Tombeau de M. Ham Huynh Ky,Points of Interest & Landmarks,Can Tho,https://www.tripadvisor.com/Attraction_Review-g303942-d34120283-Reviews-Tombeau_de_M_Ham_Huynh_Ky-Can_Tho_Mekong_Delta.html,57
Mekong By Local,Multi-day Tours • Cultural Tours,Can Tho,https://www.tripadvisor.com/Attraction_Review-g303942-d24985007-Reviews-Mekong_By_Local-Can_Tho_Mekong_Delta.html,58
Sau Hoai's Rice Noodle Factory,Lessons & Workshops,Can Tho,https://www.tripadvisor.com/Attraction_Review-g303942-d5011894-Reviews-Sau_Hoai_s_Rice_Noodle_Factory-Can_Tho_Mekong_Delta.html,59
Local Mint Travel,Multi-day Tours • Bike Tours,Can Tho,https://www.tripadvisor.com/Attraction_Review-g303942-d26817873-Reviews-Local_Mint_Travel-Can_Tho_Mekong_Delta.html,60
"Hieutour Vietnam Investment Co., Ltd",City Tours • Multi-day Tours,Can Tho,https://www.tripadvisor.com/Attraction_Review-g303942-d8468536-Reviews-Hieutour_Vietnam_Investment_Co_Ltd-Can_Tho_Mekong_Delta.html,61
Toby's Mekong Tours,Bike Tours • Boat Tours,Can Tho,https://www.tripadvisor.com/Attraction_Review-g303942-d19476683-Reviews-Toby_s_Mekong_Tours-Can_Tho_Mekong_Delta.html,62
Can Tho River Tour,Bike Tours • Boat Tours,Can Tho,https://www.tripadvisor.com/Attraction_Review-g303942-d12703451-Reviews-Can_Tho_River_Tour-Can_Tho_Mekong_Delta.html,63
Jump Arena,Game & Entertainment Centers,Can Tho,https://www.tripadvisor.com/Attraction_Review-g303942-d15236898-Reviews-Jump_Arena-Can_Tho_Mekong_Delta.html,64
GONY Spa Cafe Lounge,Spas,Can Tho,https://www.tripadvisor.com/Attraction_Review-g303942-d2178399-Reviews-GONY_Spa_Cafe_Lounge-Can_Tho_Mekong_Delta.html,65
KQ Massage Tây Nam,Spas,Can Tho,https://www.tripadvisor.com/Attraction_Review-g303942-d8300450-Reviews-KQ_Massage_Tay_Nam-Can_Tho_Mekong_Delta.html,66
Camellia Spa,Spas,Can Tho,https://www.tripadvisor.com/Attraction_Review-g303942-d33972382-Reviews-Camellia_Spa-Can_Tho_Mekong_Delta.html,67
Dusk Till Dawn,Bars & Clubs,Can Tho,https://www.tripadvisor.com/Attraction_Review-g303942-d26589233-Reviews-Dusk_Till_Dawn-Can_Tho_Mekong_Delta.html,68
Tiệm Xăm Biết Vẽ - V'manbun,Paint & Pottery Studios • Art Galleries,Can Tho,https://www.tripadvisor.com/Attraction_Review-g303942-d31587338-Reviews-Ti_m_Xam_Bi_t_V_V_manbun-Can_Tho_Mekong_Delta.html,69
Victoria Mekong Cruises,Multi-day Tours • Historic Walking Areas,Can Tho,https://www.tripadvisor.com/Attraction_Review-g303942-d19415145-Reviews-Victoria_Mekong_Cruises-Can_Tho_Mekong_Delta.html,70
Kathy Home Spa,Spas,Can Tho,https://www.tripadvisor.com/Attraction_Review-g303942-d17632092-Reviews-Kathy_Home_Spa-Can_Tho_Mekong_Delta.html,71
Mekong Rustic Can Tho Hideaway,Bike Tours • Boat Tours,Can Tho,https://www.tripadvisor.com/Attraction_Review-g303942-d8250479-Reviews-Mekong_Rustic_Can_Tho_Hideaway-Can_Tho_Mekong_Delta.html,72
Sunday Go,City Tours • Multi-day Tours,Can Tho,https://www.tripadvisor.com/Attraction_Review-g303942-d29614675-Reviews-Sunday_Go-Can_Tho_Mekong_Delta.html,73
Explore Mekong Tours,City Tours • Bike Tours,Can Tho,https://www.tripadvisor.com/Attraction_Review-g303942-d6434270-Reviews-Explore_Mekong_Tours-Can_Tho_Mekong_Delta.html,74
Winter Spring,City Tours • Multi-day Tours,Can Tho,https://www.tripadvisor.com/Attraction_Review-g303942-d15757764-Reviews-Winter_Spring-Can_Tho_Mekong_Delta.html,75
Bassac Mekong Cruises,Boat Tours,Can Tho,https://www.tripadvisor.com/Attraction_Review-g303942-d1699890-Reviews-Bassac_Mekong_Cruises-Can_Tho_Mekong_Delta.html,76
Mekong Eyes Cruise,Cultural Tours • Boat Tours,Can Tho,https://www.tripadvisor.com/Attraction_Review-g303942-d11121335-Reviews-Mekong_Eyes_Cruise-Can_Tho_Mekong_Delta.html,77
Mekong Authentic Tours,Cultural Tours • Eco Tours,Can Tho,https://www.tripadvisor.com/Attraction_Review-g303942-d17620887-Reviews-Mekong_Authentic_Tours-Can_Tho_Mekong_Delta.html,78
V.I.P Massage,Spas,Can Tho,https://www.tripadvisor.com/Attraction_Review-g303942-d7020472-Reviews-V_I_P_Massage-Can_Tho_Mekong_Delta.html,79
Eva Spa Cần Thơ,Spas,Can Tho,https://www.tripadvisor.com/Attraction_Review-g303942-d28669246-Reviews-Eva_Spa_C_n_Tho-Can_Tho_Mekong_Delta.html,80
Tuhy Vintage Jewelry,Scavenger Hunts • Antique Shops,Can Tho,https://www.tripadvisor.com/Attraction_Review-g303942-d33444699-Reviews-Tuhy_Vintage_Jewelry-Can_Tho_Mekong_Delta.html,81
Tay Tailor,Speciality & Gift Shops,Can Tho,https://www.tripadvisor.com/Attraction_Review-g303942-d15880103-Reviews-Tay_Tailor-Can_Tho_Mekong_Delta.html,83
Hana Spa,Spas,Can Tho,https://www.tripadvisor.com/Attraction_Review-g303942-d12179255-Reviews-Hana_Spa-Can_Tho_Mekong_Delta.html,84
KQ Massage,Spas,Can Tho,https://www.tripadvisor.com/Attraction_Review-g303942-d13306442-Reviews-KQ_Massage-Can_Tho_Mekong_Delta.html,85
MekongEcoTravel,Multi-day Tours • Cultural Tours,Can Tho,https://www.tripadvisor.com/Attraction_Review-g303942-d26314076-Reviews-MekongEcoTravel-Can_Tho_Mekong_Delta.html,86
Phòng Khám Da Liễu Lona Skin Lab,Spas,Can Tho,https://www.tripadvisor.com/Attraction_Review-g303942-d28182124-Reviews-Phong_Kham_Da_Li_u_Lona_Skin_Lab-Can_Tho_Mekong_Delta.html,87
Mekong Experience Travel,Bike Tours • Boat Tours,Can Tho,https://www.tripadvisor.com/Attraction_Review-g303942-d12529974-Reviews-Mekong_Experience_Travel-Can_Tho_Mekong_Delta.html,88
CHN Explore Mekong Delta,Bike Tours • Boat Tours,Can Tho,https://www.tripadvisor.com/Attraction_Review-g303942-d27118809-Reviews-CHN_Explore_Mekong_Delta-Can_Tho_Mekong_Delta.html,89
Healing Spa Cần Thơ,Spas,Can Tho,https://www.tripadvisor.com/Attraction_Review-g303942-d28327221-Reviews-Healing_Spa_C_n_Tho-Can_Tho_Mekong_Delta.html,90
Tra Thai Nguyen - Hai Tra Tan Cuong,Speciality & Gift Shops,Can Tho,https://www.tripadvisor.com/Attraction_Review-g303942-d21186549-Reviews-Tra_Thai_Nguyen_Hai_Tra_Tan_Cuong-Can_Tho_Mekong_Delta.html,91
Hiraeth Cocktail Bar,Bars & Clubs,Can Tho,https://www.tripadvisor.com/Attraction_Review-g303942-d21171616-Reviews-Hiraeth_Cocktail_Bar-Can_Tho_Mekong_Delta.html,92
Spa Cát Tiên,Spas,Can Tho,https://www.tripadvisor.com/Attraction_Review-g303942-d11665175-Reviews-Spa_Cat_Tien-Can_Tho_Mekong_Delta.html,93
Lac's Beauty Center Dermatology Clinic,Spas,Can Tho,https://www.tripadvisor.com/Attraction_Review-g303942-d27421319-Reviews-Lac_s_Beauty_Center_Dermatology_Clinic-Can_Tho_Mekong_Delta.html,94
Can Tho 91b Bus Station,Bus Services,Can Tho,https://www.tripadvisor.com/Attraction_Review-g303942-d13911208-Reviews-Can_Tho_91b_Bus_Station-Can_Tho_Mekong_Delta.html,95
Sheraton Spa By Sheraton Can Tho,Spas,Can Tho,https://www.tripadvisor.com/Attraction_Review-g303942-d25185733-Reviews-Sheraton_Spa_By_Sheraton_Can_Tho-Can_Tho_Mekong_Delta.html,96
La Petite France,Speciality & Gift Shops,Can Tho,https://www.tripadvisor.com/Attraction_Review-g303942-d8090840-Reviews-La_Petite_France-Can_Tho_Mekong_Delta.html,97
Moon Nail,Open now,Can Tho,https://www.tripadvisor.com/Attraction_Review-g303942-d27119614-Reviews-Moon_Nail-Can_Tho_Mekong_Delta.html,98
Thương Spa Cần Thơ,Spas,Can Tho,https://www.tripadvisor.com/Attraction_Review-g303942-d24907081-Reviews-Thuong_Spa_C_n_Tho-Can_Tho_Mekong_Delta.html,99
Ngoc Lam Fabric Store,Speciality & Gift Shops,Can Tho,https://www.tripadvisor.com/Attraction_Review-g303942-d33033160-Reviews-Ngoc_Lam_Fabric_Store-Can_Tho_Mekong_Delta.html,100
Serene Wanderlust Tour,Cultural Tours • Eco Tours,Can Tho,https://www.tripadvisor.com/Attraction_Review-g303942-d27508591-Reviews-Serene_Wanderlust_Tour-Can_Tho_Mekong_Delta.html,101
Phù Dung Các - Gội Đầu Dưỡng Sinh,Spas,Can Tho,https://www.tripadvisor.com/Attraction_Review-g303942-d27467055-Reviews-Phu_Dung_Cac_G_i_D_u_Du_ng_Sinh-Can_Tho_Mekong_Delta.html,102
CAN THO PRIVATE CAR,Taxis & Shuttles,Can Tho,https://www.tripadvisor.com/Attraction_Review-g303942-d30016715-Reviews-CAN_THO_PRIVATE_CAR-Can_Tho_Mekong_Delta.html,103
Lona Home Spa An Khánh,Spas,Can Tho,https://www.tripadvisor.com/Attraction_Review-g303942-d28192330-Reviews-Lona_Home_Spa_An_Khanh-Can_Tho_Mekong_Delta.html,104
Kami Spa,Spas,Can Tho,https://www.tripadvisor.com/Attraction_Review-g303942-d13957301-Reviews-Kami_Spa-Can_Tho_Mekong_Delta.html,105
Mekong Typicque,Cultural Tours • Historical & Heritage Tours,Can Tho,https://www.tripadvisor.com/Attraction_Review-g303942-d33334820-Reviews-Mekong_Typicque-Can_Tho_Mekong_Delta.html,106
Thompson Taproom - Craftbeer And Cocktail,Bars & Clubs,Can Tho,https://www.tripadvisor.com/Attraction_Review-g303942-d23946473-Reviews-Thompson_Taproom_Craftbeer_And_Cocktail-Can_Tho_Mekong_Delta.html,107
Gardens Lotus Spa,Spas,Can Tho,https://www.tripadvisor.com/Attraction_Review-g303942-d24116436-Reviews-Gardens_Lotus_Spa-Can_Tho_Mekong_Delta.html,108
Dai Lac Massage,Spas,Can Tho,https://www.tripadvisor.com/Attraction_Review-g303942-d10000291-Reviews-Dai_Lac_Massage-Can_Tho_Mekong_Delta.html,109
Mekong Tours - Cantho Food Tour,Food Tours,Can Tho,https://www.tripadvisor.com/Attraction_Review-g303942-d4742107-Reviews-Mekong_Tours_Cantho_Food_Tour-Can_Tho_Mekong_Delta.html,110
Mekong River Luxury Cruises,Boat Tours,Can Tho,https://www.tripadvisor.com/Attraction_Review-g303942-d11919045-Reviews-Mekong_River_Luxury_Cruises-Can_Tho_Mekong_Delta.html,111
Indie Beer & Cocktail,Bars & Clubs,Can Tho,https://www.tripadvisor.com/Attraction_Review-g303942-d21312449-Reviews-Indie_Beer_Cocktail-Can_Tho_Mekong_Delta.html,112
Nối mi - Nails - Phun xăm LÀ EM BEAUTÉ Cần Thơ,Open now,Can Tho,https://www.tripadvisor.com/Attraction_Review-g303942-d32806683-Reviews-N_i_mi_Nails_Phun_xam_LA_EM_BEAUTE_C_n_Tho-Can_Tho_Mekong_Delta.html,113
Hannah Spa,Spas,Can Tho,https://www.tripadvisor.com/Attraction_Review-g303942-d26631769-Reviews-Hannah_Spa-Can_Tho_Mekong_Delta.html,114
Khu 13 Cần Thơ,"Bar, Club & Pub Tours",Can Tho,https://www.tripadvisor.com/Attraction_Review-g303942-d34438366-Reviews-Khu_13_C_n_Tho-Can_Tho_Mekong_Delta.html,115
EcoTours,Bike Tours • Boat Tours,Can Tho,https://www.tripadvisor.com/Attraction_Review-g303942-d6780643-Reviews-EcoTours-Can_Tho_Mekong_Delta.html,116
Cần Thơ,Airport Lounges,Can Tho,https://www.tripadvisor.com/Attraction_Review-g303942-d24092685-Reviews-C_n_Tho-Can_Tho_Mekong_Delta.html,117
GO-Mekong-Evasion,Multi-day Tours • Private Tours,Can Tho,https://www.tripadvisor.com/Attraction_Review-g303942-d12848577-Reviews-GO_Mekong_Evasion-Can_Tho_Mekong_Delta.html,118
Dope Tattoo,Luaus • Comedy Clubs,Can Tho,https://www.tripadvisor.com/Attraction_Review-g303942-d27950244-Reviews-Dope_Tattoo-Can_Tho_Mekong_Delta.html,119
Nha Khoa Smile,Spas,Can Tho,https://www.tripadvisor.com/Attraction_Review-g303942-d25431506-Reviews-Nha_Khoa_Smile-Can_Tho_Mekong_Delta.html,120
Lynn Spa - Spa And Beauty Cần Thơ,Spas,Can Tho,https://www.tripadvisor.com/Attraction_Review-g303942-d28032152-Reviews-Lynn_Spa_Spa_And_Beauty_C_n_Tho-Can_Tho_Mekong_Delta.html,121
Truong Xuan Cung,Spas,Can Tho,https://www.tripadvisor.com/Attraction_Review-g303942-d27100077-Reviews-Truong_Xuan_Cung-Can_Tho_Mekong_Delta.html,122
Linh Mekong Tour Can Tho,Cultural Tours • Boat Tours,Can Tho,https://www.tripadvisor.com/Attraction_Review-g303942-d12574721-Reviews-Linh_Mekong_Tour_Can_Tho-Can_Tho_Mekong_Delta.html,123
Vàm Spa,Spas,Can Tho,https://www.tripadvisor.com/Attraction_Review-g303942-d34300817-Reviews-Vam_Spa-Can_Tho_Mekong_Delta.html,124
Mekong Delta Ecotours,Multi-day Tours • Taxis & Shuttles,Can Tho,https://www.tripadvisor.com/Attraction_Review-g303942-d26631994-Reviews-Mekong_Delta_Ecotours-Can_Tho_Mekong_Delta.html,125
TransMékong Mystic Sampans,Sightseeing Tours,Can Tho,https://www.tripadvisor.com/Attraction_Review-g303942-d1699895-Reviews-TransMekong_Mystic_Sampans-Can_Tho_Mekong_Delta.html,126
Lạc's Beauty Center,Spas,Can Tho,https://www.tripadvisor.com/Attraction_Review-g303942-d27415355-Reviews-L_c_s_Beauty_Center-Can_Tho_Mekong_Delta.html,127
Melasma Spa & Clinic,Spas,Can Tho,https://www.tripadvisor.com/Attraction_Review-g303942-d27501892-Reviews-Melasma_Spa_Clinic-Can_Tho_Mekong_Delta.html,128
Hop Pho Spa,Spas,Can Tho,https://www.tripadvisor.com/Attraction_Review-g303942-d7317315-Reviews-Hop_Pho_Spa-Can_Tho_Mekong_Delta.html,129
Cobi Spa,Spas,Can Tho,https://www.tripadvisor.com/Attraction_Review-g303942-d32700165-Reviews-Cobi_Spa-Can_Tho_Mekong_Delta.html,130
Pattaya Thai Spa Ttc Cần Thơ,Spas,Can Tho,https://www.tripadvisor.com/Attraction_Review-g303942-d32826008-Reviews-Pattaya_Thai_Spa_Ttc_C_n_Tho-Can_Tho_Mekong_Delta.html,131
Can Tho Princess,City Tours • Boat Tours,Can Tho,https://www.tripadvisor.com/Attraction_Review-g303942-d26220068-Reviews-Can_Tho_Princess-Can_Tho_Mekong_Delta.html,132
Lynn Spa - Beauty And Spa,Spas,Can Tho,https://www.tripadvisor.com/Attraction_Review-g303942-d28032131-Reviews-Lynn_Spa_Beauty_And_Spa-Can_Tho_Mekong_Delta.html,133
May Xưa Massage 2 - Body & Foot Massage,Spas,Can Tho,https://www.tripadvisor.com/Attraction_Review-g303942-d33408582-Reviews-May_Xua_Massage_2_Body_Foot_Massage-Can_Tho_Mekong_Delta.html,134
Lenoclinic,Spas,Can Tho,https://www.tripadvisor.com/Attraction_Review-g303942-d27693901-Reviews-Lenoclinic-Can_Tho_Mekong_Delta.html,135
Can Tho Bike Tours,Taxis & Shuttles • Boat Tours,Can Tho,https://www.tripadvisor.com/Attraction_Review-g303942-d32978605-Reviews-Can_Tho_Bike_Tours-Can_Tho_Mekong_Delta.html,136
Healing Spa Can Tho,Spas,Can Tho,https://www.tripadvisor.com/Attraction_Review-g303942-d28389049-Reviews-Healing_Spa_Can_Tho-Can_Tho_Mekong_Delta.html,137
Nonla Cooking Class,Lessons & Workshops • Cooking Classes,Can Tho,https://www.tripadvisor.com/Attraction_Review-g303942-d32822279-Reviews-Nonla_Cooking_Class-Can_Tho_Mekong_Delta.html,138
Indochina Treks - Luxury Private Mekong Day Cruise,Cultural Tours • Boat Tours,Can Tho,https://www.tripadvisor.com/Attraction_Review-g303942-d5783418-Reviews-Indochina_Treks_Luxury_Private_Mekong_Day_Cruise-Can_Tho_Mekong_Delta.html,139
SOHA Tourist,City Tours • Multi-day Tours,Can Tho,https://www.tripadvisor.com/Attraction_Review-g303942-d27100849-Reviews-SOHA_Tourist-Can_Tho_Mekong_Delta.html,140
CanTho Eco Resort,Multi-day Tours • Taxis & Shuttles,Can Tho,https://www.tripadvisor.com/Attraction_Review-g303942-d26368895-Reviews-CanTho_Eco_Resort-Can_Tho_Mekong_Delta.html,141
Lona Home Spa,Spas,Can Tho,https://www.tripadvisor.com/Attraction_Review-g303942-d32610496-Reviews-Lona_Home_Spa-Can_Tho_Mekong_Delta.html,142
Welkom Inn tours,Self-Guided Tours & Rentals • Day Trips,Can Tho,https://www.tripadvisor.com/Attraction_Review-g303942-d24132106-Reviews-Welkom_Inn_tours-Can_Tho_Mekong_Delta.html,143
Mekong Smile Cruise Can Tho,Taxis & Shuttles • Boat Tours,Can Tho,https://www.tripadvisor.com/Attraction_Review-g303942-d15548593-Reviews-Mekong_Smile_Cruise_Can_Tho-Can_Tho_Mekong_Delta.html,144
NewStar Travel,Multi-day Tours • Cultural Tours,Can Tho,https://www.tripadvisor.com/Attraction_Review-g303942-d15349073-Reviews-NewStar_Travel-Can_Tho_Mekong_Delta.html,145
Can Tho Tourist,Sightseeing Tours,Can Tho,https://www.tripadvisor.com/Attraction_Review-g303942-d11727359-Reviews-Can_Tho_Tourist-Can_Tho_Mekong_Delta.html,146
Spotlight Travel,City Tours • Visitor Centers,Can Tho,https://www.tripadvisor.com/Attraction_Review-g303942-d33010468-Reviews-Spotlight_Travel-Can_Tho_Mekong_Delta.html,147
New horizon international travel,Multi-day Tours • Taxis & Shuttles,Can Tho,https://www.tripadvisor.com/Attraction_Review-g303942-d34381965-Reviews-New_horizon_international_travel-Can_Tho_Mekong_Delta.html,148
Lung Ngoc Hoang Nature Reserve Tour,Nature & Wildlife Tours,Can Tho,https://www.tripadvisor.com/Attraction_Review-g303942-d27501538-Reviews-Lung_Ngoc_Hoang_Nature_Reserve_Tour-Can_Tho_Mekong_Delta.html,149
Bassac River Retreat,Boat Tours,Can Tho,https://www.tripadvisor.com/Attraction_Review-g303942-d24863076-Reviews-Bassac_River_Retreat-Can_Tho_Mekong_Delta.html,150
Mekong Delta Tours,Multi-day Tours • Private Tours,Can Tho,https://www.tripadvisor.com/Attraction_Review-g303942-d18509961-Reviews-Mekong_Delta_Tours-Can_Tho_Mekong_Delta.html,151
Quan Buu Bus,Bus Services,Can Tho,https://www.tripadvisor.com/Attraction_Review-g303942-d15837379-Reviews-Quan_Buu_Bus-Can_Tho_Mekong_Delta.html,152
Victoria Mekong Cruises & Wendy Wu Tours,Boat Tours,Can Tho,https://www.tripadvisor.com/Attraction_Review-g303942-d26831536-Reviews-Victoria_Mekong_Cruises_Wendy_Wu_Tours-Can_Tho_Mekong_Delta.html,153
Gin Mekong Tour,Historical & Heritage Tours • Boat Tours,Can Tho,https://www.tripadvisor.com/Attraction_Review-g303942-d26516529-Reviews-Gin_Mekong_Tour-Can_Tho_Mekong_Delta.html,154
Can Tho Mekong Tour,City Tours • Boat Tours,Can Tho,https://www.tripadvisor.com/Attraction_Review-g303942-d12949376-Reviews-Can_Tho_Mekong_Tour-Can_Tho_Mekong_Delta.html,155
Mai Chau Ecolodge,Bike Tours • Boat Tours,Can Tho,https://www.tripadvisor.com/Attraction_Review-g303942-d19728720-Reviews-Mai_Chau_Ecolodge-Can_Tho_Mekong_Delta.html,156
P'tite Cuisine,"Bar, Club & Pub Tours",Can Tho,https://www.tripadvisor.com/Attraction_Review-g303942-d34120443-Reviews-P_tite_Cuisine-Can_Tho_Mekong_Delta.html,157
Mekong Discovery Trip With Phong,Fashion Shows & Tours,Can Tho,https://www.tripadvisor.com/Attraction_Review-g303942-d33007729-Reviews-Mekong_Discovery_Trip_With_Phong-Can_Tho_Mekong_Delta.html,159
Soha Travel,Eco Tours,Can Tho,https://www.tripadvisor.com/Attraction_Review-g303942-d27297384-Reviews-Soha_Travel-Can_Tho_Mekong_Delta.html,160
Vietnam Tour With Ruby,Boat Tours,Can Tho,https://www.tripadvisor.com/Attraction_Review-g303942-d24836546-Reviews-Vietnam_Tour_With_Ruby-Can_Tho_Mekong_Delta.html,161
Mekong Land Tours Can Tho,Boat Tours,Can Tho,https://www.tripadvisor.com/Attraction_Review-g303942-d16744546-Reviews-Mekong_Land_Tours_Can_Tho-Can_Tho_Mekong_Delta.html,162
Trip To The Mekong Delta,Multi-day Tours • Visitor Centers,Can Tho,https://www.tripadvisor.com/Attraction_Review-g303942-d31419006-Reviews-Trip_To_The_Mekong_Delta-Can_Tho_Mekong_Delta.html,163
Mekong River,Multi-day Tours • Boat Tours,Can Tho,https://www.tripadvisor.com/Attraction_Review-g303942-d20140720-Reviews-Mekong_River-Can_Tho_Mekong_Delta.html,164
HT Travel,Boat Tours,Can Tho,https://www.tripadvisor.com/Attraction_Review-g303942-d12339190-Reviews-HT_Travel-Can_Tho_Mekong_Delta.html,165
"Vietnam Daily & Private Tours, Daily Departures & Custom Trips, Explore Vietnam Your Way , Tailored Vietnam Journeys ,Everyday Vietnam Tours",City Tours • Multi-day Tours,Can Tho,https://www.tripadvisor.com/Attraction_Review-g303942-d33317524-Reviews-Vietnam_Daily_Private_Tours_Daily_Departures_Custom_Trips_Explore_Vietnam_Your_W.html,166
TransMékong,Multi-day Tours • Taxis & Shuttles,Can Tho,https://www.tripadvisor.com/Attraction_Review-g303942-d27931105-Reviews-TransMekong-Can_Tho_Mekong_Delta.html,167
Ana,"Bar, Club & Pub Tours",Can Tho,https://www.tripadvisor.com/Attraction_Review-g303942-d33072690-Reviews-Ana-Can_Tho_Mekong_Delta.html,168
Easy Travel,Taxis & Shuttles • Bike Tours,Can Tho,https://www.tripadvisor.com/Attraction_Review-g303942-d20051897-Reviews-Easy_Travel-Can_Tho_Mekong_Delta.html,169
Con Son,Cultural Tours • Historical & Heritage Tours,Can Tho,https://www.tripadvisor.com/Attraction_Review-g303942-d28659261-Reviews-Con_Son-Can_Tho_Mekong_Delta.html,170
Cồn Sơn,Boat Tours • Fishing Charters & Tours,Can Tho,https://www.tripadvisor.com/Attraction_Review-g303942-d28816245-Reviews-C_n_Son-Can_Tho_Mekong_Delta.html,171
Mekong Tours,City Tours • Multi-day Tours,Can Tho,https://www.tripadvisor.com/Attraction_Review-g303942-d12906711-Reviews-Mekong_Tours-Can_Tho_Mekong_Delta.html,172
Nguyen Eco Tours,Taxis & Shuttles • Boat Tours,Can Tho,https://www.tripadvisor.com/Attraction_Review-g303942-d19865552-Reviews-Nguyen_Eco_Tours-Can_Tho_Mekong_Delta.html,173
pham khoa,Multi-day Tours • Boat Tours,Can Tho,https://www.tripadvisor.com/Attraction_Review-g303942-d17654166-Reviews-Pham_khoa-Can_Tho_Mekong_Delta.html,174
Du Lich Con Son,City Tours,Can Tho,https://www.tripadvisor.com/Attraction_Review-g303942-d25231302-Reviews-Du_Lich_Con_Son-Can_Tho_Mekong_Delta.html,175
Thiên Thanh,Multi-day Tours • Taxis & Shuttles,Can Tho,https://www.tripadvisor.com/Attraction_Review-g303942-d27410150-Reviews-Thien_Thanh-Can_Tho_Mekong_Delta.html,176
Exceptional Mekong Eco Tour,Cultural Tours • Eco Tours,Can Tho,https://www.tripadvisor.com/Attraction_Review-g303942-d19865539-Reviews-Exceptional_Mekong_Eco_Tour-Can_Tho_Mekong_Delta.html,177
KenMeKong,Taxis & Shuttles • Bike Tours,Can Tho,https://www.tripadvisor.com/Attraction_Review-g303942-d34112536-Reviews-KenMeKong-Can_Tho_Mekong_Delta.html,178
Stand Up Paddleboarding Adventure in Can Tho,River Rafting & Tubing • Boat Tours,Can Tho,https://www.tripadvisor.com/Attraction_Review-g303942-d27174661-Reviews-Stand_Up_Paddleboarding_Adventure_in_Can_Tho-Can_Tho_Mekong_Delta.html,180
Mekong Princess,Boat Tours • Day Trips,Can Tho,https://www.tripadvisor.com/Attraction_Review-g303942-d32841031-Reviews-Mekong_Princess-Can_Tho_Mekong_Delta.html,181
Yoga Phong Nha,Bike Tours • Boat Tours,Can Tho,https://www.tripadvisor.com/Attraction_Review-g303942-d19605592-Reviews-Yoga_Phong_Nha-Can_Tho_Mekong_Delta.html,182
Mekong Delta Tour,Boat Tours • Private Tours,Can Tho,https://www.tripadvisor.com/Attraction_Review-g303942-d27182282-Reviews-Mekong_Delta_Tour-Can_Tho_Mekong_Delta.html,183
Truong Tuyen Travel,Taxis & Shuttles • Bike Tours,Can Tho,https://www.tripadvisor.com/Attraction_Review-g303942-d33227722-Reviews-Truong_Tuyen_Travel-Can_Tho_Mekong_Delta.html,184
Du Lịch Gia Đình,Multi-day Tours • Safaris,Can Tho,https://www.tripadvisor.com/Attraction_Review-g303942-d19283278-Reviews-Du_L_ch_Gia_Dinh-Can_Tho_Mekong_Delta.html,185
Virgo Tour - Can Tho,Multi-day Tours • Private Tours,Can Tho,https://www.tripadvisor.com/Attraction_Review-g303942-d32765140-Reviews-Virgo_Tour_Can_Tho-Can_Tho_Mekong_Delta.html,186
what things to do in Mekong Delta,Taxis & Shuttles • Bike Tours,Can Tho,https://www.tripadvisor.com/Attraction_Review-g303942-d26554050-Reviews-What_things_to_do_in_Mekong_Delta-Can_Tho_Mekong_Delta.html,187
Hải Trà Tân Cương - Tea Gift Shop,Coffee & Tea Tours • Day Trips,Can Tho,https://www.tripadvisor.com/Attraction_Review-g303942-d21192998-Reviews-H_i_Tra_Tan_Cuong_Tea_Gift_Shop-Can_Tho_Mekong_Delta.html,188
Tuhy - Vintage Jewelry,Shopping Tours,Can Tho,https://www.tripadvisor.com/Attraction_Review-g303942-d33444736-Reviews-Tuhy_Vintage_Jewelry-Can_Tho_Mekong_Delta.html,189
Cai Rang Floating Market Can Tho,Boat Tours • Food Tours,Can Tho,https://www.tripadvisor.com/Attraction_Review-g303942-d27500301-Reviews-Cai_Rang_Floating_Market_Can_Tho-Can_Tho_Mekong_Delta.html,190
K2 homestay & coffee tours,Cultural Tours • Taxis & Shuttles,Can Tho,https://www.tripadvisor.com/Attraction_Review-g303942-d25178192-Reviews-K2_homestay_coffee_tours-Can_Tho_Mekong_Delta.html,191
adoracentralpark,Taxis & Shuttles • Bike Tours,Can Tho,https://www.tripadvisor.com/Attraction_Review-g303942-d27699555-Reviews-Adoracentralpark-Can_Tho_Mekong_Delta.html,192
Insight Vietnam - Can Tho,Multi-day Tours • Day Trips,Can Tho,https://www.tripadvisor.com/Attraction_Review-g303942-d28825770-Reviews-Insight_Vietnam_Can_Tho-Can_Tho_Mekong_Delta.html,193
Louis Hai Duong,Multi-day Tours • Taxis & Shuttles,Can Tho,https://www.tripadvisor.com/Attraction_Review-g303942-d24042971-Reviews-Louis_Hai_Duong-Can_Tho_Mekong_Delta.html,194
Bao Nguyen Travel,City Tours • Multi-day Tours,Can Tho,https://www.tripadvisor.com/Attraction_Review-g303942-d18922383-Reviews-Bao_Nguyen_Travel-Can_Tho_Mekong_Delta.html,195
Rose Tourist - Can Tho,Multi-day Tours • Day Trips,Can Tho,https://www.tripadvisor.com/Attraction_Review-g303942-d27945627-Reviews-Rose_Tourist_Can_Tho-Can_Tho_Mekong_Delta.html,196
authentic Can Tho,Multi-day Tours • Private Tours,Can Tho,https://www.tripadvisor.com/Attraction_Review-g303942-d34083419-Reviews-Authentic_Can_Tho-Can_Tho_Mekong_Delta.html,197
Can Tho Mekong Discovery,Cultural Tours • Bike Tours,Can Tho,https://www.tripadvisor.com/Attraction_Review-g303942-d32812816-Reviews-Can_Tho_Mekong_Discovery-Can_Tho_Mekong_Delta.html,199
Sato Spa,Self-Guided Tours & Rentals,Can Tho,https://www.tripadvisor.com/Attraction_Review-g303942-d19356868-Reviews-Sato_Spa-Can_Tho_Mekong_Delta.html,200
Elegance Mekong,Multi-day Tours • Private Tours,Can Tho,https://www.tripadvisor.com/Attraction_Review-g303942-d33066280-Reviews-Elegance_Mekong-Can_Tho_Mekong_Delta.html,201
Red Gecko Travel - Can Tho,City Tours • Private Tours,Can Tho,https://www.tripadvisor.com/Attraction_Review-g303942-d29927070-Reviews-Red_Gecko_Travel_Can_Tho-Can_Tho_Mekong_Delta.html,202
P.A Travel,Cultural Tours • Boat Tours,Can Tho,https://www.tripadvisor.com/Attraction_Review-g303942-d32988389-Reviews-P_A_Travel-Can_Tho_Mekong_Delta.html,203
Mekong Trips,Multi-day Tours • Day Trips,Can Tho,https://www.tripadvisor.com/Attraction_Review-g303942-d28825726-Reviews-Mekong_Trips-Can_Tho_Mekong_Delta.html,204
Tran Nguyen Thao,City Tours • Cultural Tours,Can Tho,https://www.tripadvisor.com/Attraction_Review-g303942-d17740608-Reviews-Tran_Nguyen_Thao-Can_Tho_Mekong_Delta.html,205
Chat Tourist - Can Tho,Multi-day Tours • Day Trips,Can Tho,https://www.tripadvisor.com/Attraction_Review-g303942-d27743029-Reviews-Chat_Tourist_Can_Tho-Can_Tho_Mekong_Delta.html,206
Mekong Lifes Travel,City Tours • Boat Tours,Can Tho,https://www.tripadvisor.com/Attraction_Review-g303942-d25427864-Reviews-Mekong_Lifes_Travel-Can_Tho_Mekong_Delta.html,207
Discover Cai Rang floating market and the nature of Mekong Delta,Taxis & Shuttles • Private Tours,Can Tho,https://www.tripadvisor.com/Attraction_Review-g303942-d25184663-Reviews-Discover_Cai_Rang_floating_market_and_the_nature_of_Mekong_Delta-Can_Tho_Mekong_.html,208
"HIEUTOUR VN INVESTMENT CO., LTD",Multi-day Tours • Taxis & Shuttles,Can Tho,https://www.tripadvisor.com/Attraction_Review-g303942-d33130984-Reviews-HIEUTOUR_VN_INVESTMENT_CO_LTD-Can_Tho_Mekong_Delta.html,209
Homey Travel Mekong,Multi-day Tours • Taxis & Shuttles,Can Tho,https://www.tripadvisor.com/Attraction_Review-g303942-d34116269-Reviews-Homey_Travel_Mekong-Can_Tho_Mekong_Delta.html,210
M I N I C Travel,Cultural Tours • Adrenaline & Extreme Tours,Can Tho,https://www.tripadvisor.com/Attraction_Review-g303942-d24165802-Reviews-M_I_N_I_C_Travel-Can_Tho_Mekong_Delta.html,211
Vina Cruise - Can Tho,Multi-day Tours • Private Tours,Can Tho,https://www.tripadvisor.com/Attraction_Review-g303942-d33875785-Reviews-Vina_Cruise_Can_Tho-Can_Tho_Mekong_Delta.html,212
Local Tour Can Tho,Multi-day Tours • Private Tours,Can Tho,https://www.tripadvisor.com/Attraction_Review-g303942-d34088983-Reviews-Local_Tour_Can_Tho-Can_Tho_Mekong_Delta.html,213
LUMINA RETREATS,Multi-day Tours • Eco Tours,Can Tho,https://www.tripadvisor.com/Attraction_Review-g303942-d24179814-Reviews-LUMINA_RETREATS-Can_Tho_Mekong_Delta.html,214
Can Tho Cyling Tours,Bike Tours,Can Tho,https://www.tripadvisor.com/Attraction_Review-g303942-d27493768-Reviews-Can_Tho_Cyling_Tours-Can_Tho_Mekong_Delta.html,215
Jean Johnson,Private Tours,Can Tho,https://www.tripadvisor.com/Attraction_Review-g303942-d19392158-Reviews-Jean_Johnson-Can_Tho_Mekong_Delta.html,216
HN Can Tho,Day Trips,Can Tho,https://www.tripadvisor.com/Attraction_Review-g303942-d25037853-Reviews-HN_Can_Tho-Can_Tho_Mekong_Delta.html,218
Kim Lan Homestay,Boat Tours • Sightseeing Tours,Can Tho,https://www.tripadvisor.com/Attraction_Review-g303942-d15654416-Reviews-Kim_Lan_Homestay-Can_Tho_Mekong_Delta.html,219
Asia Tour Booking - Can Tho,Multi-day Tours • Day Trips,Can Tho,https://www.tripadvisor.com/Attraction_Review-g303942-d27980578-Reviews-Asia_Tour_Booking_Can_Tho-Can_Tho_Mekong_Delta.html,220
Opatrip.com Can Tho,Day Trips,Can Tho,https://www.tripadvisor.com/Attraction_Review-g303942-d25391084-Reviews-Opatrip_com_Can_Tho-Can_Tho_Mekong_Delta.html,221
Asia Travel legend,Multi-day Tours • Day Trips,Can Tho,https://www.tripadvisor.com/Attraction_Review-g303942-d26532184-Reviews-Asia_Travel_legend-Can_Tho_Mekong_Delta.html,222
Authentic Can Tho Travel,Multi-day Tours • Private Tours,Can Tho,https://www.tripadvisor.com/Attraction_Review-g303942-d33971120-Reviews-Authentic_Can_Tho_Travel-Can_Tho_Mekong_Delta.html,223
Asia Package Travel - Can Tho,Multi-day Tours • Day Trips,Can Tho,https://www.tripadvisor.com/Attraction_Review-g303942-d27937673-Reviews-Asia_Package_Travel_Can_Tho-Can_Tho_Mekong_Delta.html,224
Asia Group Tour - Can Tho,Multi-day Tours • Day Trips,Can Tho,https://www.tripadvisor.com/Attraction_Review-g303942-d27929852-Reviews-Asia_Group_Tour_Can_Tho-Can_Tho_Mekong_Delta.html,225
Can Tho Night Tour,Boat Tours • Food Tours,Can Tho,https://www.tripadvisor.com/Attraction_Review-g303942-d27726586-Reviews-Can_Tho_Night_Tour-Can_Tho_Mekong_Delta.html,226
CanThoMekongTour,Multi-day Tours • Boat Tours,Can Tho,https://www.tripadvisor.com/Attraction_Review-g303942-d25269366-Reviews-CanThoMekongTour-Can_Tho_Mekong_Delta.html,227
Be Yourself at Home,Multi-day Tours • Private Tours,Can Tho,https://www.tripadvisor.com/Attraction_Review-g303942-d25378287-Reviews-Be_Yourself_at_Home-Can_Tho_Mekong_Delta.html,228
authentic - Can Tho,Multi-day Tours • Private Tours,Can Tho,https://www.tripadvisor.com/Attraction_Review-g303942-d34188105-Reviews-Authentic_Can_Tho-Can_Tho_Mekong_Delta.html,229
Vạn Phát Travel,Multi-day Tours • Taxis & Shuttles,Can Tho,https://www.tripadvisor.com/Attraction_Review-g303942-d32990133-Reviews-V_n_Phat_Travel-Can_Tho_Mekong_Delta.html,230
local tour - Can Tho,Multi-day Tours • Private Tours,Can Tho,https://www.tripadvisor.com/Attraction_Review-g303942-d33970788-Reviews-Local_tour_Can_Tho-Can_Tho_Mekong_Delta.html,231
Can Tho City Private Half-day Tour,City Tours • Boat Tours,Can Tho,https://www.tripadvisor.com/Attraction_Review-g303942-d32985123-Reviews-Can_Tho_City_Private_Half_day_Tour-Can_Tho_Mekong_Delta.html,233
localtours-Cantho,Multi-day Tours • Private Tours,Can Tho,https://www.tripadvisor.com/Attraction_Review-g303942-d34199136-Reviews-Localtours_Cantho-Can_Tho_Mekong_Delta.html,235
homies tour,Multi-day Tours • Private Tours,Can Tho,https://www.tripadvisor.com/Attraction_Review-g303942-d34273502-Reviews-Homies_tour-Can_Tho_Mekong_Delta.html,236
Sunshine Mekong Tour,City Tours • Bike Tours,Can Tho,https://www.tripadvisor.com/Attraction_Review-g303942-d28047963-Reviews-Sunshine_Mekong_Tour-Can_Tho_Mekong_Delta.html,237
HAT,Multi-day Tours • Private Tours,Can Tho,https://www.tripadvisor.com/Attraction_Review-g303942-d34443090-Reviews-HAT-Can_Tho_Mekong_Delta.html,238
Nguom Ngao Cave,Caverns & Caves,Cao Bang,https://www.tripadvisor.com/Attraction_Review-g1519989-d5043013-Reviews-Nguom_Ngao_Cave-Cao_Bang_Cao_Bang_Province.html,1
Mountain God's Eye,Mountains,Cao Bang,https://www.tripadvisor.com/Attraction_Review-g1519989-d28006312-Reviews-Mountain_God_s_Eye-Cao_Bang_Cao_Bang_Province.html,2
Kim Dong Walking Street,Scenic Walking Areas,Cao Bang,https://www.tripadvisor.com/Attraction_Review-g1519989-d24142413-Reviews-Kim_Dong_Walking_Street-Cao_Bang_Cao_Bang_Province.html,3
Ho Thang Hen,Bodies of Water,Cao Bang,https://www.tripadvisor.com/Attraction_Review-g1519989-d14080639-Reviews-Ho_Thang_Hen-Cao_Bang_Cao_Bang_Province.html,4
Cho Xanh market,Flea & Street Markets,Cao Bang,https://www.tripadvisor.com/Attraction_Review-g1519989-d25432202-Reviews-Cho_Xanh_market-Cao_Bang_Cao_Bang_Province.html,5
Cao Bang UNESCO Global Geopark,Nature & Wildlife Areas,Cao Bang,https://www.tripadvisor.com/Attraction_Review-g1519989-d33228466-Reviews-Cao_Bang_UNESCO_Global_Geopark-Cao_Bang_Cao_Bang_Province.html,6
Thác Cò Là,Waterfalls,Cao Bang,https://www.tripadvisor.com/Attraction_Review-g1519989-d27951798-Reviews-Thac_Co_La-Cao_Bang_Cao_Bang_Province.html,7
Cao Bang Motorbike Rentals & Tours,Gear Rentals,Cao Bang,https://www.tripadvisor.com/Attraction_Review-g1519989-d18660178-Reviews-Cao_Bang_Motorbike_Rentals_Tours-Cao_Bang_Cao_Bang_Province.html,8
Khuoi Han Valley,Points of Interest & Landmarks,Cao Bang,https://www.tripadvisor.com/Attraction_Review-g1519989-d34258027-Reviews-Khuoi_Han_Valley-Cao_Bang_Cao_Bang_Province.html,9
Cao Bang Eco Travel,Multi-day Tours • Taxis & Shuttles,Cao Bang,https://www.tripadvisor.com/Attraction_Review-g1519989-d25304600-Reviews-Cao_Bang_Eco_Travel-Cao_Bang_Cao_Bang_Province.html,10
Cao Bang Loop Tour,City Tours • Multi-day Tours,Cao Bang,https://www.tripadvisor.com/Attraction_Review-g1519989-d25772070-Reviews-Cao_Bang_Loop_Tour-Cao_Bang_Cao_Bang_Province.html,11
MoonKlub420,Bars & Clubs,Cao Bang,https://www.tripadvisor.com/Attraction_Review-g1519989-d16891315-Reviews-MoonKlub420-Cao_Bang_Cao_Bang_Province.html,12
The 8th Rooftop Bar Cafe,Wine Bars,Cao Bang,https://www.tripadvisor.com/Attraction_Review-g1519989-d25174482-Reviews-The_8th_Rooftop_Bar_Cafe-Cao_Bang_Cao_Bang_Province.html,13
Cao Bang Green Riders Adventures,Multi-day Tours • Taxis & Shuttles,Cao Bang,https://www.tripadvisor.com/Attraction_Review-g1519989-d26778233-Reviews-Cao_Bang_Green_Riders_Adventures-Cao_Bang_Cao_Bang_Province.html,14
Cao Bang Travel Loop Tour,Multi-day Tours • Taxis & Shuttles,Cao Bang,https://www.tripadvisor.com/Attraction_Review-g1519989-d33733809-Reviews-Cao_Bang_Travel_Loop_Tour-Cao_Bang_Cao_Bang_Province.html,15
Cao Bằng Easy Deeping Tours,Nature & Wildlife Tours,Cao Bang,https://www.tripadvisor.com/Attraction_Review-g1519989-d25179943-Reviews-Cao_B_ng_Easy_Deeping_Tours-Cao_Bang_Cao_Bang_Province.html,16
LV Travel,Multi-day Tours • Historical & Heritage Tours,Cao Bang,https://www.tripadvisor.com/Attraction_Review-g1519989-d27138095-Reviews-LV_Travel-Cao_Bang_Cao_Bang_Province.html,17
Cao Bang Private Car,Taxis & Shuttles,Cao Bang,https://www.tripadvisor.com/Attraction_Review-g1519989-d34109116-Reviews-Cao_Bang_Private_Car-Cao_Bang_Cao_Bang_Province.html,18
Cao Bang Adventure,Multi-day Tours • Taxis & Shuttles,Cao Bang,https://www.tripadvisor.com/Attraction_Review-g1519989-d28114890-Reviews-Cao_Bang_Adventure-Cao_Bang_Cao_Bang_Province.html,19
Minh Quý CB,Gear Rentals,Cao Bang,https://www.tripadvisor.com/Attraction_Review-g1519989-d34337356-Reviews-Minh_Quy_CB-Cao_Bang_Cao_Bang_Province.html,20
Cao Bang Loop Travel,"Multi-day Tours • 4WD, ATV & Off-Road Tours",Cao Bang,https://www.tripadvisor.com/Attraction_Review-g1519989-d27457752-Reviews-Cao_Bang_Loop_Travel-Cao_Bang_Cao_Bang_Province.html,21
Cao Bang Authentic Journeys,"Bar, Club & Pub Tours • Multi-day Tours",Cao Bang,https://www.tripadvisor.com/Attraction_Review-g1519989-d26955873-Reviews-Cao_Bang_Authentic_Journeys-Cao_Bang_Cao_Bang_Province.html,22
Cao Bang Travel Motorbike tours,Multi-day Tours • Taxis & Shuttles,Cao Bang,https://www.tripadvisor.com/Attraction_Review-g1519989-d28046341-Reviews-Cao_Bang_Travel_Motorbike_tours-Cao_Bang_Cao_Bang_Province.html,23
Authentic Adventures Vietnam | Travel company | Ban Gioc Waterfall Tours and Ba Be Lake,Multi-day Tours • Eco Tours,Cao Bang,https://www.tripadvisor.com/Attraction_Review-g1519989-d25034919-Reviews-Authentic_Adventures_Vietnam_Travel_company_Ban_Gioc_Waterfall_Tours_and_Ba_Be_.html,24
Authentic Cao Bang Tour Start Daily From Hanoi by Luxury Limousine,"Multi-day Tours • 4WD, ATV & Off-Road Tours",Cao Bang,https://www.tripadvisor.com/Attraction_Review-g1519989-d28262890-Reviews-Authentic_Cao_Bang_Tour_Start_Daily_From_Hanoi_by_Luxury_Limousine-Cao_Bang_Cao.html,25
PIA Homestay & Travel Cao Bang,Multi-day Tours • Cultural Tours,Cao Bang,https://www.tripadvisor.com/Attraction_Review-g1519989-d32884983-Reviews-PIA_Homestay_Travel_Cao_Bang-Cao_Bang_Cao_Bang_Province.html,26
"LOOP CAO BANG | Tours Motorbike, trekking & kayaking",Bike Tours • Hiking & Camping Tours,Cao Bang,https://www.tripadvisor.com/Attraction_Review-g1519989-d34491853-Reviews-LOOP_CAO_BANG_Tours_Motorbike_trekking_kayaking-Cao_Bang_Cao_Bang_Province.html,27
Haimcaobang Loop,Multi-day Tours • Points of Interest & Landmarks,Cao Bang,https://www.tripadvisor.com/Attraction_Review-g1519989-d33442453-Reviews-Haimcaobang_Loop-Cao_Bang_Cao_Bang_Province.html,28
Cao Bang Travel,Multi-day Tours • Cultural Tours,Cao Bang,https://www.tripadvisor.com/Attraction_Review-g1519989-d32699961-Reviews-Cao_Bang_Travel-Cao_Bang_Cao_Bang_Province.html,29
Cao Bang Green Tour,Multi-day Tours • Motorcycle Tours,Cao Bang,https://www.tripadvisor.com/Attraction_Review-g1519989-d33358387-Reviews-Cao_Bang_Green_Tour-Cao_Bang_Cao_Bang_Province.html,30
CAO BANG ARMY JEEP TOURS,"Multi-day Tours • 4WD, ATV & Off-Road Tours",Cao Bang,https://www.tripadvisor.com/Attraction_Review-g1519989-d28026767-Reviews-CAO_BANG_ARMY_JEEP_TOURS-Cao_Bang_Cao_Bang_Province.html,31
CAO BANG CAMPING,Multi-day Tours • Taxis & Shuttles,Cao Bang,https://www.tripadvisor.com/Attraction_Review-g1519989-d24176172-Reviews-CAO_BANG_CAMPING-Cao_Bang_Cao_Bang_Province.html,32
Ban Gioc Adventure,Multi-day Tours • Walking Tours,Cao Bang,https://www.tripadvisor.com/Attraction_Review-g1519989-d20868876-Reviews-Ban_Gioc_Adventure-Cao_Bang_Cao_Bang_Province.html,33
Cao Bang Motorbike Tours,Multi-day Tours • Motorcycle Tours,Cao Bang,https://www.tripadvisor.com/Attraction_Review-g1519989-d28120143-Reviews-Cao_Bang_Motorbike_Tours-Cao_Bang_Cao_Bang_Province.html,34
Authentic Cao Bang - Easy Riders - Jeep - Car - Dirt Bike Tours,"Multi-day Tours • 4WD, ATV & Off-Road Tours",Cao Bang,https://www.tripadvisor.com/Attraction_Review-g1519989-d27786458-Reviews-Authentic_Cao_Bang_Easy_Riders_Jeep_Car_Dirt_Bike_Tours-Cao_Bang_Cao_Bang_Provi.html,35
Cao Bằng Tourist,Multi-day Tours,Cao Bang,https://www.tripadvisor.com/Attraction_Review-g1519989-d26790365-Reviews-Cao_B_ng_Tourist-Cao_Bang_Cao_Bang_Province.html,36
Cho Thuê Xe Máy Tại Cao Bằng - Motobike Tour & Rental,Gear Rentals • Self-Guided Tours & Rentals,Cao Bang,https://www.tripadvisor.com/Attraction_Review-g1519989-d26936258-Reviews-Cho_Thue_Xe_May_T_i_Cao_B_ng_Motobike_Tour_Rental-Cao_Bang_Cao_Bang_Province.html,37
Thuê Xe Máy Cao Bằng,Motorcycle Tours,Cao Bang,https://www.tripadvisor.com/Attraction_Review-g1519989-d27648101-Reviews-Thue_Xe_May_Cao_B_ng-Cao_Bang_Cao_Bang_Province.html,38
Explore Cao Bang with Cao Bang Travel,Cultural Tours • Hop-On Hop-Off Tours,Cao Bang,https://www.tripadvisor.com/Attraction_Review-g1519989-d32700031-Reviews-Explore_Cao_Bang_with_Cao_Bang_Travel-Cao_Bang_Cao_Bang_Province.html,39
Cao Bang Expeditions,Adrenaline & Extreme Tours,Cao Bang,https://www.tripadvisor.com/Attraction_Review-g1519989-d26874638-Reviews-Cao_Bang_Expeditions-Cao_Bang_Cao_Bang_Province.html,40
Cao Bang Serenity: 3D2N Route to Ban Gioc and Ngoc Con Trek,Multi-day Tours,Cao Bang,https://www.tripadvisor.com/Attraction_Review-g1519989-d34095246-Reviews-Cao_Bang_Serenity_3D2N_Route_to_Ban_Gioc_and_Ngoc_Con_Trek-Cao_Bang_Cao_Bang_Pr.html,41
Cao Bang By Jeep,"Multi-day Tours • 4WD, ATV & Off-Road Tours",Cao Bang,https://www.tripadvisor.com/Attraction_Review-g1519989-d34191736-Reviews-Cao_Bang_By_Jeep-Cao_Bang_Cao_Bang_Province.html,42
Cao Bang Travel - Travel with Tay and Nung people,Multi-day Tours • Taxis & Shuttles,Cao Bang,https://www.tripadvisor.com/Attraction_Review-g1519989-d28662031-Reviews-Cao_Bang_Travel_Travel_with_Tay_and_Nung_people-Cao_Bang_Cao_Bang_Province.html,43
Cao Bang Tours,Multi-day Tours • Day Trips,Cao Bang,https://www.tripadvisor.com/Attraction_Review-g1519989-d30368120-Reviews-Cao_Bang_Tours-Cao_Bang_Cao_Bang_Province.html,44
Insight Vietnam - Cao Bang,Multi-day Tours • Day Trips,Cao Bang,https://www.tripadvisor.com/Attraction_Review-g1519989-d32705364-Reviews-Insight_Vietnam_Cao_Bang-Cao_Bang_Cao_Bang_Province.html,45
Opatrip.com Cao Bang,Day Trips,Cao Bang,https://www.tripadvisor.com/Attraction_Review-g1519989-d25392289-Reviews-Opatrip_com_Cao_Bang-Cao_Bang_Cao_Bang_Province.html,46
Rose Tourist – Cao Bằng,Multi-day Tours • Private Tours,Cao Bang,https://www.tripadvisor.com/Attraction_Review-g1519989-d33067686-Reviews-Rose_Tourist_Cao_B_ng-Cao_Bang_Cao_Bang_Province.html,47
TripBestie Cao Bang,Multi-day Tours • Taxis & Shuttles,Cao Bang,https://www.tripadvisor.com/Attraction_Review-g1519989-d27995912-Reviews-TripBestie_Cao_Bang-Cao_Bang_Cao_Bang_Province.html,48
Red Gecko Travel - Cao Bang,Multi-day Tours • Day Trips,Cao Bang,https://www.tripadvisor.com/Attraction_Review-g1519989-d28825881-Reviews-Red_Gecko_Travel_Cao_Bang-Cao_Bang_Cao_Bang_Province.html,49
Asia Group Tour - Cao Bang,Multi-day Tours • Day Trips,Cao Bang,https://www.tripadvisor.com/Attraction_Review-g1519989-d32847096-Reviews-Asia_Group_Tour_Cao_Bang-Cao_Bang_Cao_Bang_Province.html,50
Cao Bang Explorer,Day Trips,Cao Bang,https://www.tripadvisor.com/Attraction_Review-g1519989-d32810431-Reviews-Cao_Bang_Explorer-Cao_Bang_Cao_Bang_Province.html,51
BOSS Travel,Multi-day Tours • Hop-On Hop-Off Tours,Cao Bang,https://www.tripadvisor.com/Attraction_Review-g1519989-d34616043-Reviews-BOSS_Travel-Cao_Bang_Cao_Bang_Province.html,52
Vietnam Cultural Tours - Cao Bang,Multi-day Tours • Private Tours,Cao Bang,https://www.tripadvisor.com/Attraction_Review-g1519989-d33011586-Reviews-Vietnam_Cultural_Tours_Cao_Bang-Cao_Bang_Cao_Bang_Province.html,53
Ban Gioc Waterfall – A Journey to Northern Vietnam’s Hidden Beauty,Bike Tours • Walking Tours,Cao Bang,https://www.tripadvisor.com/Attraction_Review-g1519989-d33631429-Reviews-Ban_Gioc_Waterfall_A_Journey_to_Northern_Vietnam_s_Hidden_Beauty-Cao_Bang_Cao_B.html,54
Aclass Tours - Cao Bang,Multi-day Tours • Private Tours,Cao Bang,https://www.tripadvisor.com/Attraction_Review-g1519989-d33003516-Reviews-Aclass_Tours_Cao_Bang-Cao_Bang_Cao_Bang_Province.html,55
Lotus Tourist - Cao Bang,Multi-day Tours • Private Tours,Cao Bang,https://www.tripadvisor.com/Attraction_Review-g1519989-d33984106-Reviews-Lotus_Tourist_Cao_Bang-Cao_Bang_Cao_Bang_Province.html,56
Dragon Tourist - Cao Bang,Multi-day Tours • Day Trips,Cao Bang,https://www.tripadvisor.com/Attraction_Review-g1519989-d33093950-Reviews-Dragon_Tourist_Cao_Bang-Cao_Bang_Cao_Bang_Province.html,57
Viet Holidays - Cao Bang,Multi-day Tours • Private Tours,Cao Bang,https://www.tripadvisor.com/Attraction_Review-g1519989-d33972324-Reviews-Viet_Holidays_Cao_Bang-Cao_Bang_Cao_Bang_Province.html,58
Alotour - Cao Bang,Multi-day Tours • Day Trips,Cao Bang,https://www.tripadvisor.com/Attraction_Review-g1519989-d33444370-Reviews-Alotour_Cao_Bang-Cao_Bang_Cao_Bang_Province.html,59
May Homestay & Tours In Cao Bang,City Tours • Cultural Tours,Cao Bang,https://www.tripadvisor.com/Attraction_Review-g1519989-d34113399-Reviews-May_Homestay_Tours_In_Cao_Bang-Cao_Bang_Cao_Bang_Province.html,60
Cao Bang Moments Travel and Tours,Sightseeing Tours,Cao Bang,https://www.tripadvisor.com/Attraction_Review-g1519989-d34485503-Reviews-Cao_Bang_Moments_Travel_and_Tours-Cao_Bang_Cao_Bang_Province.html,61
Cao Bang Jeep Tour,"Multi-day Tours • 4WD, ATV & Off-Road Tours",Cao Bang,https://www.tripadvisor.com/Attraction_Review-g1519989-d34662279-Reviews-Cao_Bang_Jeep_Tour-Cao_Bang_Cao_Bang_Province.html,62
Cao Bang Slow Travel Tours,Sightseeing Tours,Cao Bang,https://www.tripadvisor.com/Attraction_Review-g1519989-d27945267-Reviews-Cao_Bang_Slow_Travel_Tours-Cao_Bang_Cao_Bang_Province.html,63
Cao Bang Full Day Tour - Serenity,Motorcycle Tours,Cao Bang,https://www.tripadvisor.com/Attraction_Review-g1519989-d34558519-Reviews-Cao_Bang_Full_Day_Tour_Serenity-Cao_Bang_Cao_Bang_Province.html,64
Elegance Cao Bang,Multi-day Tours • Private Tours,Cao Bang,https://www.tripadvisor.com/Attraction_Review-g1519989-d33066276-Reviews-Elegance_Cao_Bang-Cao_Bang_Cao_Bang_Province.html,65
Vietnam's Ethnics Community,Paint & Pottery Studios • Multi-day Tours,Cao Bang,https://www.tripadvisor.com/Attraction_Review-g1519989-d34512677-Reviews-Vietnam_s_Ethnics_Community-Cao_Bang_Cao_Bang_Province.html,66
Nùng Indigo,Cultural Tours,Cao Bang,https://www.tripadvisor.com/Attraction_Review-g1519989-d34398138-Reviews-Nung_Indigo-Cao_Bang_Cao_Bang_Province.html,67
Lan Bế Travel,"Multi-day Tours • 4WD, ATV & Off-Road Tours",Cao Bang,https://www.tripadvisor.com/Attraction_Review-g1519989-d34564564-Reviews-Lan_B_Travel-Cao_Bang_Cao_Bang_Province.html,68
Vietnam Destination Travel,Multi-day Tours • Taxis & Shuttles,Cao Bang,https://www.tripadvisor.com/Attraction_Review-g1519989-d34678850-Reviews-Vietnam_Destination_Travel-Cao_Bang_Cao_Bang_Province.html,69
Dray Nur Waterfall,Waterfalls,Dak Lak,https://www.tripadvisor.com/Attraction_Review-g670918-d4766576-Reviews-Dray_Nur_Waterfall-Buon_Ma_Thuot_Dak_Lak_Province.html,1
Da Dia Reef,Geologic Formations,Dak Lak,https://www.tripadvisor.com/Attraction_Review-g1582771-d6025395-Reviews-Da_Dia_Reef-Tuy_Hoa_Dak_Lak_Province.html,2
Trung Nguyen Village Coffee,Speciality Museums,Dak Lak,https://www.tripadvisor.com/Attraction_Review-g670918-d8010365-Reviews-Trung_Nguyen_Village_Coffee-Buon_Ma_Thuot_Dak_Lak_Province.html,3
Yok Don National Park,Points of Interest & Landmarks • National Parks,Dak Lak,https://www.tripadvisor.com/Attraction_Review-g23904077-d23902586-Reviews-Yok_Don_National_Park-Ea_Huar_Dak_Lak_Province.html,4
Ethnographic Museum,Speciality Museums,Dak Lak,https://www.tripadvisor.com/Attraction_Review-g670918-d3506904-Reviews-Ethnographic_Museum-Buon_Ma_Thuot_Dak_Lak_Province.html,5
Lak Lake,Bodies of Water,Dak Lak,https://www.tripadvisor.com/Attraction_Review-g1633422-d1633432-Reviews-Lak_Lake-Dak_Lak_Province.html,6
Dai Lanh Cape,Points of Interest & Landmarks • Lighthouses,Dak Lak,https://www.tripadvisor.com/Attraction_Review-g12616068-d10840612-Reviews-Dai_Lanh_Cape-Hoa_Tam_Dak_Lak_Province.html,7
Mui Dien Lighthouse,Points of Interest & Landmarks • Lighthouses,Dak Lak,https://www.tripadvisor.com/Attraction_Review-g12616068-d11641766-Reviews-Mui_Dien_Lighthouse-Hoa_Tam_Dak_Lak_Province.html,8
The World Coffee Museum,Speciality Museums,Dak Lak,https://www.tripadvisor.com/Attraction_Review-g670918-d15353695-Reviews-The_World_Coffee_Museum-Buon_Ma_Thuot_Dak_Lak_Province.html,9
Mang Lang Church,Churches & Cathedrals,Dak Lak,https://www.tripadvisor.com/Attraction_Review-g13163530-d13006824-Reviews-Mang_Lang_Church-Phu_My_Dak_Lak_Province.html,10
Kotam Ecotourism Destination,Nature & Wildlife Areas,Dak Lak,https://www.tripadvisor.com/Attraction_Review-g670918-d8408673-Reviews-Kotam_Ecotourism_Destination-Buon_Ma_Thuot_Dak_Lak_Province.html,11
Quang Đuc Xua,Points of Interest & Landmarks • Scenic Walking Areas,Dak Lak,https://www.tripadvisor.com/Attraction_Review-g1582771-d12945687-Reviews-Quang_Duc_Xua-Tuy_Hoa_Dak_Lak_Province.html,12
Mai Nha Island,Islands,Dak Lak,https://www.tripadvisor.com/Attraction_Review-g1582771-d6454070-Reviews-Mai_Nha_Island-Tuy_Hoa_Dak_Lak_Province.html,13
Victory Monument Buon Ma Thuot,Points of Interest & Landmarks • Monuments & Statues,Dak Lak,https://www.tripadvisor.com/Attraction_Review-g670918-d6931588-Reviews-Victory_Monument_Buon_Ma_Thuot-Buon_Ma_Thuot_Dak_Lak_Province.html,14
Xuan Dai Bay,Marinas • Bodies of Water,Dak Lak,https://www.tripadvisor.com/Attraction_Review-g2098681-d9748267-Reviews-Xuan_Dai_Bay-Song_Cau_Town_Dak_Lak_Province.html,15
Nghinh Phong Tower,Architectural Buildings,Dak Lak,https://www.tripadvisor.com/Attraction_Review-g1582771-d32834788-Reviews-Nghinh_Phong_Tower-Tuy_Hoa_Dak_Lak_Province.html,16
Dray Sap Falls,Waterfalls,Dak Lak,https://www.tripadvisor.com/Attraction_Review-g670918-d4869953-Reviews-Dray_Sap_Falls-Buon_Ma_Thuot_Dak_Lak_Province.html,17
Ganh Ong - Bai Xep,Scenic Walking Areas,Dak Lak,https://www.tripadvisor.com/Attraction_Review-g15293083-d13837515-Reviews-Ganh_Ong_Bai_Xep-An_Chan_Dak_Lak_Province.html,18
Hoa Nghiem Temple,Religious Sites,Dak Lak,https://www.tripadvisor.com/Attraction_Review-g670918-d9747185-Reviews-Hoa_Nghiem_Temple-Buon_Ma_Thuot_Dak_Lak_Province.html,19
Hon Yen,Islands,Dak Lak,https://www.tripadvisor.com/Attraction_Review-g1582771-d17750647-Reviews-Hon_Yen-Tuy_Hoa_Dak_Lak_Province.html,20
Dau Nguon Eco Resort,Nature & Wildlife Areas,Dak Lak,https://www.tripadvisor.com/Attraction_Review-g670918-d8631008-Reviews-Dau_Nguon_Eco_Resort-Buon_Ma_Thuot_Dak_Lak_Province.html,21
Troh Bu Botanic Garden,Gardens,Dak Lak,https://www.tripadvisor.com/Attraction_Review-g670918-d12149981-Reviews-Troh_Bu_Botanic_Garden-Buon_Ma_Thuot_Dak_Lak_Province.html,22
Tuy Hoa Market,Flea & Street Markets,Dak Lak,https://www.tripadvisor.com/Attraction_Review-g1582771-d15688877-Reviews-Tuy_Hoa_Market-Tuy_Hoa_Dak_Lak_Province.html,23
Duong Sach Ca Phe Buon Ma Thuot,Points of Interest & Landmarks,Dak Lak,https://www.tripadvisor.com/Attraction_Review-g670918-d18717830-Reviews-Duong_Sach_Ca_Phe_Buon_Ma_Thuot-Buon_Ma_Thuot_Dak_Lak_Province.html,24
Chu Yang Sin National Park,National Parks,Dak Lak,https://www.tripadvisor.com/Attraction_Review-g8310121-d8305184-Reviews-Chu_Yang_Sin_National_Park-Krong_Bong_Dak_Lak_Province.html,25
Làng Pámé - Sinh Thái & Trải Nghiệm,Scenic Walking Areas • Beach & Pool Clubs,Dak Lak,https://www.tripadvisor.com/Attraction_Review-g670918-d27486239-Reviews-Lang_Pame_Sinh_Thai_Tr_i_Nghi_m-Buon_Ma_Thuot_Dak_Lak_Province.html,26
"Thap Nhan, Tuy Hoa (nhan Temple)",Historic Sites • Ancient Ruins,Dak Lak,https://www.tripadvisor.com/Attraction_Review-g1582771-d33250134-Reviews-Thap_Nhan_Tuy_Hoa_nhan_Temple-Tuy_Hoa_Dak_Lak_Province.html,27
Phuong Hoang Pass,Scenic Drives,Dak Lak,https://www.tripadvisor.com/Attraction_Review-g1633422-d16835263-Reviews-Phuong_Hoang_Pass-Dak_Lak_Province.html,28
tiNiWorld,Playgrounds • Game & Entertainment Centers,Dak Lak,https://www.tripadvisor.com/Attraction_Review-g670918-d9996427-Reviews-TiNiWorld-Buon_Ma_Thuot_Dak_Lak_Province.html,29
Dakbla River,Bodies of Water,Dak Lak,https://www.tripadvisor.com/Attraction_Review-g1633422-d1672375-Reviews-Dakbla_River-Dak_Lak_Province.html,30
Vuc Phun,Waterfalls,Dak Lak,https://www.tripadvisor.com/Attraction_Review-g26578300-d26566261-Reviews-Vuc_Phun-Hoa_My_Tay_Dak_Lak_Province.html,31
Kontum Montagnard Statue,Monuments & Statues,Dak Lak,https://www.tripadvisor.com/Attraction_Review-g1633422-d1657475-Reviews-Kontum_Montagnard_Statue-Dak_Lak_Province.html,32
Mõm Cá Mập,Beaches • Beach & Pool Clubs,Dak Lak,https://www.tripadvisor.com/Attraction_Review-g25204280-d34372065-Reviews-Mom_Ca_M_p-An_Ninh_Dong_Dak_Lak_Province.html,33
Bãi Biển Vịnh Hoà,Beach & Pool Clubs,Dak Lak,https://www.tripadvisor.com/Attraction_Review-g26580352-d26576509-Reviews-Bai_Bi_n_V_nh_Hoa-Xuan_Thinh_Song_Cau_Town_Dak_Lak_Province.html,34
Qt Spa,Spas,Dak Lak,https://www.tripadvisor.com/Attraction_Review-g23088126-d28200971-Reviews-Qt_Spa-An_M_Dak_Lak_Province.html,35
Dong Phuc Gia Minh,Speciality & Gift Shops,Dak Lak,https://www.tripadvisor.com/Attraction_Review-g670918-d24116413-Reviews-Dong_Phuc_Gia_Minh-Buon_Ma_Thuot_Dak_Lak_Province.html,36
Moon Bar & Grill,Bars & Clubs,Dak Lak,https://www.tripadvisor.com/Attraction_Review-g670918-d24051005-Reviews-Moon_Bar_Grill-Buon_Ma_Thuot_Dak_Lak_Province.html,37
Aura Spa - Stelia Resort,Spas,Dak Lak,https://www.tripadvisor.com/Attraction_Review-g1582771-d25171275-Reviews-Aura_Spa_Stelia_Resort-Tuy_Hoa_Dak_Lak_Province.html,38
Massage Người Mù An Nhiên Tuy Hòa,Spas,Dak Lak,https://www.tripadvisor.com/Attraction_Review-g1582771-d26337894-Reviews-Massage_Ngu_i_Mu_An_Nhien_Tuy_Hoa-Tuy_Hoa_Dak_Lak_Province.html,39
An Spa,Spas,Dak Lak,https://www.tripadvisor.com/Attraction_Review-g1582771-d21502116-Reviews-An_Spa-Tuy_Hoa_Dak_Lak_Province.html,40
EDE Farm,Speciality & Gift Shops,Dak Lak,https://www.tripadvisor.com/Attraction_Review-g670918-d15353820-Reviews-EDE_Farm-Buon_Ma_Thuot_Dak_Lak_Province.html,41
Hến Store,Speciality & Gift Shops,Dak Lak,https://www.tripadvisor.com/Attraction_Review-g1633422-d21337911-Reviews-H_n_Store-Dak_Lak_Province.html,42
Truc Lam Anh,Taxis & Shuttles,Dak Lak,https://www.tripadvisor.com/Attraction_Review-g670918-d17519309-Reviews-Truc_Lam_Anh-Buon_Ma_Thuot_Dak_Lak_Province.html,43
CHD Travel,Multi-day Tours • Cultural Tours,Dak Lak,https://www.tripadvisor.com/Attraction_Review-g670918-d12708025-Reviews-CHD_Travel-Buon_Ma_Thuot_Dak_Lak_Province.html,44
Zeno Yoga Club,Yoga & Pilates,Dak Lak,https://www.tripadvisor.com/Attraction_Review-g1582771-d28049805-Reviews-Zeno_Yoga_Club-Tuy_Hoa_Dak_Lak_Province.html,45
V'Ori Coffee,Speciality & Gift Shops,Dak Lak,https://www.tripadvisor.com/Attraction_Review-g670918-d16710597-Reviews-V_Ori_Coffee-Buon_Ma_Thuot_Dak_Lak_Province.html,46
Massage Khiếm Thị An Nhiên Tuy Hòa Phú Yên,Spas,Dak Lak,https://www.tripadvisor.com/Attraction_Review-g1582771-d27502438-Reviews-Massage_Khi_m_Th_An_Nhien_Tuy_Hoa_Phu_Yen-Tuy_Hoa_Dak_Lak_Province.html,47
Xe Lam Quán,Bars & Clubs,Dak Lak,https://www.tripadvisor.com/Attraction_Review-g670918-d24964417-Reviews-Xe_Lam_Quan-Buon_Ma_Thuot_Dak_Lak_Province.html,48
Vang Danh — Cua Hang Dac San & Luu Niem Tay Nguyen,Speciality & Gift Shops,Dak Lak,https://www.tripadvisor.com/Attraction_Review-g670918-d27975894-Reviews-Vang_Danh_Cua_Hang_Dac_San_Luu_Niem_Tay_Nguyen-Buon_Ma_Thuot_Dak_Lak_Province.html,49
Crossroad Bar,Bars & Clubs • Karaoke Bars,Dak Lak,https://www.tripadvisor.com/Attraction_Review-g23088126-d27655853-Reviews-Crossroad_Bar-An_M_Dak_Lak_Province.html,50
Spa Tulip,Spas,Dak Lak,https://www.tripadvisor.com/Attraction_Review-g1582771-d17414722-Reviews-Spa_Tulip-Tuy_Hoa_Dak_Lak_Province.html,51
Soul Yoga Academy,Yoga & Pilates,Dak Lak,https://www.tripadvisor.com/Attraction_Review-g1582771-d25345807-Reviews-Soul_Yoga_Academy-Tuy_Hoa_Dak_Lak_Province.html,52
APEC Spa Tuy Hoà - Dưỡng Sinh Trị Liệu,Spas,Dak Lak,https://www.tripadvisor.com/Attraction_Review-g1582771-d25226885-Reviews-APEC_Spa_Tuy_Hoa_Du_ng_Sinh_Tr_Li_u-Tuy_Hoa_Dak_Lak_Province.html,53
THỊ Cafe & Pub,Bars & Clubs,Dak Lak,https://www.tripadvisor.com/Attraction_Review-g670918-d26301509-Reviews-TH_Cafe_Pub-Buon_Ma_Thuot_Dak_Lak_Province.html,54
Spa Rice Milk - Oriental Medicine Health Care - Himalayan Salt Stone Sauna Bmt (Oriental Medicine Health Care),Spas,Dak Lak,https://www.tripadvisor.com/Attraction_Review-g670918-d33077624-Reviews-Spa_Rice_Milk_Oriental_Medicine_Health_Care_Himalayan_Salt_Stone_Sauna_Bmt_Orien.html,55
An Spa - Phu Yen,Spas,Dak Lak,https://www.tripadvisor.com/Attraction_Review-g1582771-d21503629-Reviews-An_Spa_Phu_Yen-Tuy_Hoa_Dak_Lak_Province.html,56
Motorbike Trip Vietnam,Multi-day Tours • Cultural Tours,Dak Lak,https://www.tripadvisor.com/Attraction_Review-g670918-d8532462-Reviews-Motorbike_Trip_Vietnam-Buon_Ma_Thuot_Dak_Lak_Province.html,57
DakLak Tour,Multi-day Tours • Sightseeing Tours,Dak Lak,https://www.tripadvisor.com/Attraction_Review-g670918-d4437590-Reviews-DakLak_Tour-Buon_Ma_Thuot_Dak_Lak_Province.html,58
Trung Nguyên Coffee Spa,Spas,Dak Lak,https://www.tripadvisor.com/Attraction_Review-g670918-d25015831-Reviews-Trung_Nguyen_Coffee_Spa-Buon_Ma_Thuot_Dak_Lak_Province.html,59
Tenderly Bar,Jazz Bars,Dak Lak,https://www.tripadvisor.com/Attraction_Review-g670918-d32841049-Reviews-Tenderly_Bar-Buon_Ma_Thuot_Dak_Lak_Province.html,60
22 Beauty Room,Spas,Dak Lak,https://www.tripadvisor.com/Attraction_Review-g670918-d27730580-Reviews-22_Beauty_Room-Buon_Ma_Thuot_Dak_Lak_Province.html,61
An Viên,Spas,Dak Lak,https://www.tripadvisor.com/Attraction_Review-g1582771-d28023992-Reviews-An_Vien-Tuy_Hoa_Dak_Lak_Province.html,62
Cà phê Kiên Cường,Speciality & Gift Shops,Dak Lak,https://www.tripadvisor.com/Attraction_Review-g670918-d23061147-Reviews-Ca_phe_Kien_Cu_ng-Buon_Ma_Thuot_Dak_Lak_Province.html,64
DakViet Travel - Day Tours,Multi-day Tours • Sightseeing Tours,Dak Lak,https://www.tripadvisor.com/Attraction_Review-g670918-d7938564-Reviews-DakViet_Travel_Day_Tours-Buon_Ma_Thuot_Dak_Lak_Province.html,65
Easy Riders Buon Ma Thuot,Multi-day Tours • Cultural Tours,Dak Lak,https://www.tripadvisor.com/Attraction_Review-g670918-d7786167-Reviews-Easy_Riders_Buon_Ma_Thuot-Buon_Ma_Thuot_Dak_Lak_Province.html,66
Winny Spa,Spas,Dak Lak,https://www.tripadvisor.com/Attraction_Review-g23088126-d27717384-Reviews-Winny_Spa-An_M_Dak_Lak_Province.html,67
Happy Yoga,Yoga & Pilates,Dak Lak,https://www.tripadvisor.com/Attraction_Review-g23088126-d28018562-Reviews-Happy_Yoga-An_M_Dak_Lak_Province.html,68
Siêu thị WinMart Buôn Mê Thuột,Speciality & Gift Shops,Dak Lak,https://www.tripadvisor.com/Attraction_Review-g670918-d34514871-Reviews-Sieu_th_WinMart_Buon_Me_Thu_t-Buon_Ma_Thuot_Dak_Lak_Province.html,69
Sữa Gạo Spa - Xông Hơi Dá Muối Hymalaya,Spas,Dak Lak,https://www.tripadvisor.com/Attraction_Review-g670918-d33074324-Reviews-S_a_G_o_Spa_Xong_Hoi_Da_Mu_i_Hymalaya-Buon_Ma_Thuot_Dak_Lak_Province.html,70
Siêu thị WinMart Tuy Hòa,Speciality & Gift Shops,Dak Lak,https://www.tripadvisor.com/Attraction_Review-g1582771-d34514933-Reviews-Sieu_th_WinMart_Tuy_Hoa-Tuy_Hoa_Dak_Lak_Province.html,74
Greentraveller Dak Lak,Multi-day Tours • River Rafting & Tubing,Dak Lak,https://www.tripadvisor.com/Attraction_Review-g670918-d28121337-Reviews-Greentraveller_Dak_Lak-Buon_Ma_Thuot_Dak_Lak_Province.html,75
Phu Yen Tour,Multi-day Tours • Sightseeing Tours,Dak Lak,https://www.tripadvisor.com/Attraction_Review-g1582771-d14948890-Reviews-Phu_Yen_Tour-Tuy_Hoa_Dak_Lak_Province.html,76
DAO'S HERBS CENTER,Day Trips,Dak Lak,https://www.tripadvisor.com/Attraction_Review-g1582771-d19882409-Reviews-DAO_S_HERBS_CENTER-Tuy_Hoa_Dak_Lak_Province.html,77
nông trại sinh thái hồ Ea Kao,"Bar, Club & Pub Tours • Multi-day Tours",Dak Lak,https://www.tripadvisor.com/Attraction_Review-g670918-d23387552-Reviews-Nong_tr_i_sinh_thai_h_Ea_Kao-Buon_Ma_Thuot_Dak_Lak_Province.html,78
Coffee Tour - Day Tours,Cultural Tours • Coffee & Tea Tours,Dak Lak,https://www.tripadvisor.com/Attraction_Review-g670918-d8012479-Reviews-Coffee_Tour_Day_Tours-Buon_Ma_Thuot_Dak_Lak_Province.html,79
Daklak Tours & Transfers,Sightseeing Tours • Horse-Drawn Carriage Tours,Dak Lak,https://www.tripadvisor.com/Attraction_Review-g670918-d24996783-Reviews-Daklak_Tours_Transfers-Buon_Ma_Thuot_Dak_Lak_Province.html,80
Trung Nguyên Coffee Tour,"Bar, Club & Pub Tours • Canyoning & Rappelling Tours",Dak Lak,https://www.tripadvisor.com/Attraction_Review-g670918-d24040014-Reviews-Trung_Nguyen_Coffee_Tour-Buon_Ma_Thuot_Dak_Lak_Province.html,81
Núi Đá Voi Mẹ,Sightseeing Tours,Dak Lak,https://www.tripadvisor.com/Attraction_Review-g8310121-d33365458-Reviews-Nui_Da_Voi_M-Krong_Bong_Dak_Lak_Province.html,82
Phu Yen Village Tours,Multi-day Tours • Cultural Tours,Dak Lak,https://www.tripadvisor.com/Attraction_Review-g1582771-d33403995-Reviews-Phu_Yen_Village_Tours-Tuy_Hoa_Dak_Lak_Province.html,83
Núi Đá Bia,Climbing Tours,Dak Lak,https://www.tripadvisor.com/Attraction_Review-g25204280-d26693912-Reviews-Nui_Da_Bia-An_Ninh_Dong_Dak_Lak_Province.html,84
Aeroco Coffee Farm,Wine Tours & Tastings,Dak Lak,https://www.tripadvisor.com/Attraction_Review-g670918-d34166840-Reviews-Aeroco_Coffee_Farm-Buon_Ma_Thuot_Dak_Lak_Province.html,85
Chu Yang Sin Travel,Multi-day Tours • Taxis & Shuttles,Dak Lak,https://www.tripadvisor.com/Attraction_Review-g670918-d25182517-Reviews-Chu_Yang_Sin_Travel-Buon_Ma_Thuot_Dak_Lak_Province.html,86
Phu Yen Tourist,City Tours • Cultural Tours,Dak Lak,https://www.tripadvisor.com/Attraction_Review-g1582771-d21335904-Reviews-Phu_Yen_Tourist-Tuy_Hoa_Dak_Lak_Province.html,87
Kŏtam Community Cultural Ecotourism Area,Other Nature & Parks • Sightseeing Tours,Dak Lak,https://www.tripadvisor.com/Attraction_Review-g670918-d27741645-Reviews-Kotam_Community_Cultural_Ecotourism_Area-Buon_Ma_Thuot_Dak_Lak_Province.html,88
Ghềnh Đá Đĩa,Sightseeing Tours,Dak Lak,https://www.tripadvisor.com/Attraction_Review-g1582771-d33026892-Reviews-Gh_nh_Da_Dia-Tuy_Hoa_Dak_Lak_Province.html,89
Blackbuck Travels,Private Tours,Dak Lak,https://www.tripadvisor.com/Attraction_Review-g670918-d33008095-Reviews-Blackbuck_Travels-Buon_Ma_Thuot_Dak_Lak_Province.html,90
Vietnam Centralhighlands tours,Taxis & Shuttles • Bike Tours,Dak Lak,https://www.tripadvisor.com/Attraction_Review-g670918-d24833618-Reviews-Vietnam_Centralhighlands_tours-Buon_Ma_Thuot_Dak_Lak_Province.html,91
ở tạm vài hôm,Bike Tours,Dak Lak,https://www.tripadvisor.com/Attraction_Review-g670918-d33932455-Reviews-T_m_vai_hom-Buon_Ma_Thuot_Dak_Lak_Province.html,92
Brian Vu,Taxis & Shuttles • Day Trips,Dak Lak,https://www.tripadvisor.com/Attraction_Review-g670918-d18928491-Reviews-Brian_Vu-Buon_Ma_Thuot_Dak_Lak_Province.html,93
Karl,Multi-day Tours • Taxis & Shuttles,Dak Lak,https://www.tripadvisor.com/Attraction_Review-g670918-d33179640-Reviews-Karl-Buon_Ma_Thuot_Dak_Lak_Province.html,94
Authentic Buon Ma Thuot,Multi-day Tours • Adrenaline & Extreme Tours,Dak Lak,https://www.tripadvisor.com/Attraction_Review-g670918-d34529151-Reviews-Authentic_Buon_Ma_Thuot-Buon_Ma_Thuot_Dak_Lak_Province.html,95
Local Tours Buon Ma Thuot,Paint & Pottery Studios • Multi-day Tours,Dak Lak,https://www.tripadvisor.com/Attraction_Review-g670918-d34516573-Reviews-Local_Tours_Buon_Ma_Thuot-Buon_Ma_Thuot_Dak_Lak_Province.html,96
Asia Tour Booking - Buon Ma Thuot,Multi-day Tours • Private Tours,Dak Lak,https://www.tripadvisor.com/Attraction_Review-g670918-d34492713-Reviews-Asia_Tour_Booking_Buon_Ma_Thuot-Buon_Ma_Thuot_Dak_Lak_Province.html,97
Đồi cổ thạch,Historical & Heritage Tours • Beer Tastings & Tours,Dak Lak,https://www.tripadvisor.com/Attraction_Review-g25204280-d34372059-Reviews-D_i_c_th_ch-An_Ninh_Dong_Dak_Lak_Province.html,98
Biệt Điện Travel,Cultural Tours,Dak Lak,https://www.tripadvisor.com/Attraction_Review-g670918-d32784194-Reviews-Bi_t_Di_n_Travel-Buon_Ma_Thuot_Dak_Lak_Province.html,99
Scenicaholic Travel,Cooking Classes • Private Tours,Dak Lak,https://www.tripadvisor.com/Attraction_Review-g670918-d34599337-Reviews-Scenicaholic_Travel-Buon_Ma_Thuot_Dak_Lak_Province.html,101
Localtours - Buon Ma Thuat,Multi-day Tours • Private Tours,Dak Lak,https://www.tripadvisor.com/Attraction_Review-g670918-d34668827-Reviews-Localtours_Buon_Ma_Thuat-Buon_Ma_Thuot_Dak_Lak_Province.html,102
Vietnam Cultural Tours - Buon Ma Thuat,Multi-day Tours • Private Tours,Dak Lak,https://www.tripadvisor.com/Attraction_Review-g670918-d34653403-Reviews-Vietnam_Cultural_Tours_Buon_Ma_Thuat-Buon_Ma_Thuot_Dak_Lak_Province.html,103
asiagrouptour- Buon Ma Thuat,Multi-day Tours • Private Tours,Dak Lak,https://www.tripadvisor.com/Attraction_Review-g670918-d34678601-Reviews-Asiagrouptour_Buon_Ma_Thuat-Buon_Ma_Thuot_Dak_Lak_Province.html,104
localtours-Buon Ma Thuat,Multi-day Tours • Private Tours,Dak Lak,https://www.tripadvisor.com/Attraction_Review-g670918-d34691777-Reviews-Localtours_Buon_Ma_Thuat-Buon_Ma_Thuot_Dak_Lak_Province.html,105
A1 Hill,Historic Sites • Historic Walking Areas,Dien Bien,https://www.tripadvisor.com/Attraction_Review-g662329-d8855040-Reviews-A1_Hill-Dien_Bien_Phu_Dien_Bien_Province.html,1
Dien Bien Phu Museum,Military Museums • History Museums,Dien Bien,https://www.tripadvisor.com/Attraction_Review-g662329-d11918847-Reviews-Dien_Bien_Phu_Museum-Dien_Bien_Phu_Dien_Bien_Province.html,2
Thành Bản Phủ,Historic Sites,Dien Bien,https://www.tripadvisor.com/Attraction_Review-g662329-d379363-Reviews-Thanh_B_n_Ph-Dien_Bien_Phu_Dien_Bien_Province.html,3
Dien Bien Phu Military Cemetery,Cemeteries,Dien Bien,https://www.tripadvisor.com/Attraction_Review-g662329-d8861348-Reviews-Dien_Bien_Phu_Military_Cemetery-Dien_Bien_Phu_Dien_Bien_Province.html,4
Hot Spring Uva,Hot Springs & Geysers,Dien Bien,https://www.tripadvisor.com/Attraction_Review-g662329-d11635855-Reviews-Hot_Spring_Uva-Dien_Bien_Phu_Dien_Bien_Province.html,5
Border Post 0,Points of Interest & Landmarks,Dien Bien,https://www.tripadvisor.com/Attraction_Review-g662329-d12883863-Reviews-Border_Post_0-Dien_Bien_Phu_Dien_Bien_Province.html,6
Bunker of Colonel de Castries,Historic Sites,Dien Bien,https://www.tripadvisor.com/Attraction_Review-g662329-d8861351-Reviews-Bunker_of_Colonel_de_Castries-Dien_Bien_Phu_Dien_Bien_Province.html,7
Du Lich Cong Dong Muong Phang,Points of Interest & Landmarks,Dien Bien,https://www.tripadvisor.com/Attraction_Review-g662329-d17667276-Reviews-Du_Lich_Cong_Dong_Muong_Phang-Dien_Bien_Phu_Dien_Bien_Province.html,8
Victory Monument,Monuments & Statues,Dien Bien,https://www.tripadvisor.com/Attraction_Review-g662329-d27065693-Reviews-Victory_Monument-Dien_Bien_Phu_Dien_Bien_Province.html,9
Muong Thanh Market,Flea & Street Markets,Dien Bien,https://www.tripadvisor.com/Attraction_Review-g662329-d19507246-Reviews-Muong_Thanh_Market-Dien_Bien_Phu_Dien_Bien_Province.html,10
Noong Chun Village,Points of Interest & Landmarks,Dien Bien,https://www.tripadvisor.com/Attraction_Review-g662329-d19595644-Reviews-Noong_Chun_Village-Dien_Bien_Phu_Dien_Bien_Province.html,11
Hoang Nam International Travel Company Limited,Multi-day Tours • Gear Rentals,Dien Bien,https://www.tripadvisor.com/Attraction_Review-g662329-d32805926-Reviews-Hoang_Nam_International_Travel_Company_Limited-Dien_Bien_Phu_Dien_Bien_Province.html,12
K Closet Clothing,Speciality & Gift Shops,Dien Bien,https://www.tripadvisor.com/Attraction_Review-g662329-d27112077-Reviews-K_Closet_Clothing-Dien_Bien_Phu_Dien_Bien_Province.html,13
"Tam Tam Travel Co., Ltd",City Tours • Cultural Tours,Dien Bien,https://www.tripadvisor.com/Attraction_Review-g662329-d28143379-Reviews-Tam_Tam_Travel_Co_Ltd-Dien_Bien_Phu_Dien_Bien_Province.html,14
authentic Dien Bien Phu,Multi-day Tours • Private Tours,Dien Bien,https://www.tripadvisor.com/Attraction_Review-g662329-d28640618-Reviews-Authentic_Dien_Bien_Phu-Dien_Bien_Phu_Dien_Bien_Province.html,15
Frontier Hostel & Tours Dien Bien Phu,Multi-day Tours • Taxis & Shuttles,Dien Bien,https://www.tripadvisor.com/Attraction_Review-g662329-d27430955-Reviews-Frontier_Hostel_Tours_Dien_Bien_Phu-Dien_Bien_Phu_Dien_Bien_Province.html,16
Dien Bien Friendly Trip,City Tours • Motorcycle Tours,Dien Bien,https://www.tripadvisor.com/Attraction_Review-g662329-d11636337-Reviews-Dien_Bien_Friendly_Trip-Dien_Bien_Phu_Dien_Bien_Province.html,17
Ant Travel Dien Bien,"Multi-day Tours • 4WD, ATV & Off-Road Tours",Dien Bien,https://www.tripadvisor.com/Attraction_Review-g662329-d23963001-Reviews-Ant_Travel_Dien_Bien-Dien_Bien_Phu_Dien_Bien_Province.html,18
Homestay Mường Then,City Tours • Cultural Tours,Dien Bien,https://www.tripadvisor.com/Attraction_Review-g662329-d20113060-Reviews-Homestay_Mu_ng_Then-Dien_Bien_Phu_Dien_Bien_Province.html,20
Du Lịch Điện Biên Cùng Thổ Địa,Multi-day Tours,Dien Bien,https://www.tripadvisor.com/Attraction_Review-g662329-d27132172-Reviews-Du_L_ch_Di_n_Bien_Cung_Th_D_a-Dien_Bien_Phu_Dien_Bien_Province.html,21
Dien Bien Travel With The Local Guide,Multi-day Tours • Canyoning & Rappelling Tours,Dien Bien,https://www.tripadvisor.com/Attraction_Review-g662329-d27132861-Reviews-Dien_Bien_Travel_With_The_Local_Guide-Dien_Bien_Phu_Dien_Bien_Province.html,22
In the wild tours,Sightseeing Tours,Dien Bien,https://www.tripadvisor.com/Attraction_Review-g662329-d27164225-Reviews-In_the_wild_tours-Dien_Bien_Phu_Dien_Bien_Province.html,24
Hoang Nam International Travel,Multi-day Tours • Cultural Tours,Dien Bien,https://www.tripadvisor.com/Attraction_Review-g662329-d33312130-Reviews-Hoang_Nam_International_Travel-Dien_Bien_Phu_Dien_Bien_Province.html,25
Vietnam Cultural Tours - Dien Bien Phu,Multi-day Tours • Private Tours,Dien Bien,https://www.tripadvisor.com/Attraction_Review-g662329-d33335750-Reviews-Vietnam_Cultural_Tours_Dien_Bien_Phu-Dien_Bien_Phu_Dien_Bien_Province.html,26
Trace battlefield sites with a local guide,City Tours • Cultural Tours,Dien Bien,https://www.tripadvisor.com/Attraction_Review-g662329-d34450189-Reviews-Trace_battlefield_sites_with_a_local_guide-Dien_Bien_Phu_Dien_Bien_Province.html,28
Daisy Tourist - Dien Bien,Multi-day Tours • Private Tours,Dien Bien,https://www.tripadvisor.com/Attraction_Review-g662329-d34123455-Reviews-Daisy_Tourist_Dien_Bien-Dien_Bien_Phu_Dien_Bien_Province.html,29
Authentic Dien Bien Phu Travel,Multi-day Tours • Private Tours,Dien Bien,https://www.tripadvisor.com/Attraction_Review-g662329-d33329689-Reviews-Authentic_Dien_Bien_Phu_Travel-Dien_Bien_Phu_Dien_Bien_Province.html,30
Asia Green Travel - Dien Bien Phu,Multi-day Tours • Private Tours,Dien Bien,https://www.tripadvisor.com/Attraction_Review-g662329-d34053400-Reviews-Asia_Green_Travel_Dien_Bien_Phu-Dien_Bien_Phu_Dien_Bien_Province.html,32
localtours dien bien phu,Multi-day Tours • Private Tours,Dien Bien,https://www.tripadvisor.com/Attraction_Review-g662329-d29067874-Reviews-Localtours_dien_bien_phu-Dien_Bien_Phu_Dien_Bien_Province.html,33
Minh Ngoc Homestay Dien Bien Phu,Taxis & Shuttles • Beer Tastings & Tours,Dien Bien,https://www.tripadvisor.com/Attraction_Review-g662329-d34319334-Reviews-Minh_Ngoc_Homestay_Dien_Bien_Phu-Dien_Bien_Phu_Dien_Bien_Province.html,34
localtours - Điện Biên,Multi-day Tours • Private Tours,Dien Bien,https://www.tripadvisor.com/Attraction_Review-g662329-d33324800-Reviews-Localtours_Di_n_Bien-Dien_Bien_Phu_Dien_Bien_Province.html,41
Insight Vietnam - Dien Bien,Multi-day Tours • Private Tours,Dien Bien,https://www.tripadvisor.com/Attraction_Review-g662329-d34070463-Reviews-Insight_Vietnam_Dien_Bien-Dien_Bien_Phu_Dien_Bien_Province.html,42
Aclass - Dien Bien Phu,Multi-day Tours • Private Tours,Dien Bien,https://www.tripadvisor.com/Attraction_Review-g662329-d34048352-Reviews-Aclass_Dien_Bien_Phu-Dien_Bien_Phu_Dien_Bien_Province.html,43
LocaltoursDienBienPhu,Multi-day Tours • Private Tours,Dien Bien,https://www.tripadvisor.com/Attraction_Review-g662329-d32851372-Reviews-LocaltoursDienBienPhu-Dien_Bien_Phu_Dien_Bien_Province.html,45
Elegance Dien Bien,Multi-day Tours • Bike Tours,Dien Bien,https://www.tripadvisor.com/Attraction_Review-g662329-d34265040-Reviews-Elegance_Dien_Bien-Dien_Bien_Phu_Dien_Bien_Province.html,48
Dragon Tourist - Dien Bien,Multi-day Tours • Taxis & Shuttles,Dien Bien,https://www.tripadvisor.com/Attraction_Review-g662329-d34255746-Reviews-Dragon_Tourist_Dien_Bien-Dien_Bien_Phu_Dien_Bien_Province.html,51
Red Gecko Travel - Điện Biên,Multi-day Tours • Private Tours,Dien Bien,https://www.tripadvisor.com/Attraction_Review-g662329-d34486624-Reviews-Red_Gecko_Travel_Di_n_Bien-Dien_Bien_Phu_Dien_Bien_Province.html,52
Charming Tourist,Multi-day Tours • Private Tours,Dien Bien,https://www.tripadvisor.com/Attraction_Review-g662329-d34306073-Reviews-Charming_Tourist-Dien_Bien_Phu_Dien_Bien_Province.html,54
Mekong Tourist - Dien Bien,Multi-day Tours • Private Tours,Dien Bien,https://www.tripadvisor.com/Attraction_Review-g662329-d34306068-Reviews-Mekong_Tourist_Dien_Bien-Dien_Bien_Phu_Dien_Bien_Province.html,55
localtour - Dien Bien Phu,Multi-day Tours • Private Tours,Dien Bien,https://www.tripadvisor.com/Attraction_Review-g662329-d34556450-Reviews-Localtour_Dien_Bien_Phu-Dien_Bien_Phu_Dien_Bien_Province.html,56
Alotour - Dien Bien,Multi-day Tours • Private Tours,Dien Bien,https://www.tripadvisor.com/Attraction_Review-g662329-d34306072-Reviews-Alotour_Dien_Bien-Dien_Bien_Phu_Dien_Bien_Province.html,57
Phu Tho Travel - Dien Bien,Multi-day Tours • Private Tours,Dien Bien,https://www.tripadvisor.com/Attraction_Review-g662329-d34306021-Reviews-Phu_Tho_Travel_Dien_Bien-Dien_Bien_Phu_Dien_Bien_Province.html,58
Cat Tien Park,National Parks,Dong Nai,https://www.tripadvisor.com/Attraction_Review-g8841040-d12162656-Reviews-Cat_Tien_Park-Nam_Cat_Tien_Tan_Phu_District_Dong_Nai_Province.html,1
The Amazing Bay,Water Parks,Dong Nai,https://www.tripadvisor.com/Attraction_Review-g1749176-d23382593-Reviews-The_Amazing_Bay-Bien_Hoa_Dong_Nai_Province.html,2
Buu Long Mountain,Mountains,Dong Nai,https://www.tripadvisor.com/Attraction_Review-g1749176-d7305746-Reviews-Buu_Long_Mountain-Bien_Hoa_Dong_Nai_Province.html,3
Dong Nai Culture And Nature Reserve,Nature & Wildlife Areas,Dong Nai,https://www.tripadvisor.com/Attraction_Review-g2146205-d8289994-Reviews-Dong_Nai_Culture_And_Nature_Reserve-Dong_Nai_Province.html,4
Khu Du Lich Sinh Thai Bo Cap Vang,Water Parks • Game & Entertainment Centers,Dong Nai,https://www.tripadvisor.com/Attraction_Review-g17668121-d17637339-Reviews-Khu_Du_Lich_Sinh_Thai_Bo_Cap_Vang-Xa_Phuoc_Khanh_Dong_Nai_Province.html,5
Giang Dien Waterfall Tourist Site,Water Parks,Dong Nai,https://www.tripadvisor.com/Attraction_Review-g8068797-d8067787-Reviews-Giang_Dien_Waterfall_Tourist_Site-Trang_Bom_Dong_Nai_Province.html,6
Long Thanh Golf Club,Golf Courses,Dong Nai,https://www.tripadvisor.com/Attraction_Review-g1749176-d4564614-Reviews-Long_Thanh_Golf_Club-Bien_Hoa_Dong_Nai_Province.html,7
Mango Garden Resort,Zoos,Dong Nai,https://www.tripadvisor.com/Attraction_Review-g1749176-d8012514-Reviews-Mango_Garden_Resort-Bien_Hoa_Dong_Nai_Province.html,8
tiNiWorld,Playgrounds,Dong Nai,https://www.tripadvisor.com/Attraction_Review-g1749176-d9996369-Reviews-TiNiWorld-Bien_Hoa_Dong_Nai_Province.html,9
Our Lady Of Nui Cui,Religious Sites,Dong Nai,https://www.tripadvisor.com/Attraction_Review-g25335597-d27965345-Reviews-Our_Lady_Of_Nui_Cui-Gia_Tan_1_Dong_Nai_Province.html,10
Khu Du Lich Sinh Thai Cao Minh,Nature & Wildlife Areas,Dong Nai,https://www.tripadvisor.com/Attraction_Review-g2146205-d10813520-Reviews-Khu_Du_Lich_Sinh_Thai_Cao_Minh-Dong_Nai_Province.html,11
Trung Tâm Hành Hương Đức Mẹ Núi Cúi,Religious Sites,Dong Nai,https://www.tripadvisor.com/Attraction_Review-g25335597-d27964202-Reviews-Trung_Tam_Hanh_Huong_D_c_M_Nui_Cui-Gia_Tan_1_Dong_Nai_Province.html,12
Thien Tam Mineral Mud Bath,Water Parks,Dong Nai,https://www.tripadvisor.com/Attraction_Review-g1749176-d21117090-Reviews-Thien_Tam_Mineral_Mud_Bath-Bien_Hoa_Dong_Nai_Province.html,13
Sơn Tiên Amazing World,Amusement & Theme Parks,Dong Nai,https://www.tripadvisor.com/Attraction_Review-g1749176-d34424979-Reviews-Son_Tien_Amazing_World-Bien_Hoa_Dong_Nai_Province.html,14
The Bamboo Villages,Water Parks • Game & Entertainment Centers,Dong Nai,https://www.tripadvisor.com/Attraction_Review-g15639995-d11624402-Reviews-The_Bamboo_Villages-Phu_Huu_Dong_Nai_Province.html,15
Vien Giac Thien Tu Pagoda,Religious Sites,Dong Nai,https://www.tripadvisor.com/Attraction_Review-g8068797-d12368382-Reviews-Vien_Giac_Thien_Tu_Pagoda-Trang_Bom_Dong_Nai_Province.html,16
Suoi Mo Park,Amusement & Theme Parks • Water Parks,Dong Nai,https://www.tripadvisor.com/Attraction_Review-g12787208-d19796661-Reviews-Suoi_Mo_Park-Tan_Phu_Dong_Nai_Province.html,17
Buu Phong Temple,Points of Interest & Landmarks • Religious Sites,Dong Nai,https://www.tripadvisor.com/Attraction_Review-g1749176-d10956053-Reviews-Buu_Phong_Temple-Bien_Hoa_Dong_Nai_Province.html,18
Khu Du Lich Sinh Thai Thac Giang Dien,Farms,Dong Nai,https://www.tripadvisor.com/Attraction_Review-g8068797-d12455885-Reviews-Khu_Du_Lich_Sinh_Thai_Thac_Giang_Dien-Trang_Bom_Dong_Nai_Province.html,19
Vietnature Tour (cattien Wild Tour),Nature & Wildlife Areas,Dong Nai,https://www.tripadvisor.com/Attraction_Review-g17209678-d33100560-Reviews-Vietnature_Tour_cattien_Wild_Tour-Tan_Phu_District_Dong_Nai_Province.html,20
Nàng Én Spa - Health & Relax,Spas • Thermal Spas,Dong Nai,https://www.tripadvisor.com/Attraction_Review-g6748923-d26669130-Reviews-Nang_En_Spa_Health_Relax-Long_Thanh_Dong_Nai_Province.html,22
Tan Trieu Grapefruit Village,Speciality & Gift Shops • Neighborhoods,Dong Nai,https://www.tripadvisor.com/Attraction_Review-g15334635-d8773712-Reviews-Tan_Trieu_Grapefruit_Village-Tan_Binh_Dong_Nai_Province.html,23
Cửa Hàng Rong Nho Khô,Antique Shops,Dong Nai,https://www.tripadvisor.com/Attraction_Review-g21380691-d23958223-Reviews-C_a_Hang_Rong_Nho_Kho-Nhon_Trach_Dong_Nai_Province.html,24
Hang,Visitor Centers,Dong Nai,https://www.tripadvisor.com/Attraction_Review-g11978920-d32963012-Reviews-Hang-Thai_Thien_Dong_Nai_Province.html,25
Green Life Farm,Game & Entertainment Centers,Dong Nai,https://www.tripadvisor.com/Attraction_Review-g6748923-d14155414-Reviews-Green_Life_Farm-Long_Thanh_Dong_Nai_Province.html,26
Vuon Sinh Thai Diep Long Hong,Game & Entertainment Centers,Dong Nai,https://www.tripadvisor.com/Attraction_Review-g15292799-d12549435-Reviews-Vuon_Sinh_Thai_Diep_Long_Hong-Ma_Da_Dong_Nai_Province.html,27
Lan Kwai Fong Bien Hoa,Bars & Clubs,Dong Nai,https://www.tripadvisor.com/Attraction_Review-g1749176-d5993845-Reviews-Lan_Kwai_Fong_Bien_Hoa-Bien_Hoa_Dong_Nai_Province.html,28
Rượu Tốt,Wine Bars,Dong Nai,https://www.tripadvisor.com/Attraction_Review-g1749176-d27148702-Reviews-Ru_u_T_t-Bien_Hoa_Dong_Nai_Province.html,29
CAT TIEN PRIVATE CAR,Taxis & Shuttles,Dong Nai,https://www.tripadvisor.com/Attraction_Review-g8841040-d30017304-Reviews-CAT_TIEN_PRIVATE_CAR-Nam_Cat_Tien_Tan_Phu_District_Dong_Nai_Province.html,31
An Yen - Peace of Mind Bien Hoa,Spas,Dong Nai,https://www.tripadvisor.com/Attraction_Review-g1749176-d25292592-Reviews-An_Yen_Peace_of_Mind_Bien_Hoa-Bien_Hoa_Dong_Nai_Province.html,32
Adm Đồng Nai,Bars & Clubs • Wine Bars,Dong Nai,https://www.tripadvisor.com/Attraction_Review-g1749176-d27789336-Reviews-Adm_D_ng_Nai-Bien_Hoa_Dong_Nai_Province.html,33
Ogila Cosmetics,Scavenger Hunts,Dong Nai,https://www.tripadvisor.com/Attraction_Review-g1749176-d22952199-Reviews-Ogila_Cosmetics-Bien_Hoa_Dong_Nai_Province.html,34
Cloudlab,Gear Rentals,Dong Nai,https://www.tripadvisor.com/Attraction_Review-g6748923-d28000633-Reviews-Cloudlab-Long_Thanh_Dong_Nai_Province.html,35
AYA Dance Space - Tran Bien,Lessons & Workshops • Theater & Performances,Dong Nai,https://www.tripadvisor.com/Attraction_Review-g1749176-d34556609-Reviews-AYA_Dance_Space_Tran_Bien-Bien_Hoa_Dong_Nai_Province.html,36
Noi Bai airport transfer,Taxis & Shuttles,Dong Nai,https://www.tripadvisor.com/Attraction_Review-g28116425-d33734028-Reviews-Noi_Bai_airport_transfer-Phu_Cuong_Dong_Nai_Province.html,37
DSP Pickleball Sport Center & Coffee,Health Clubs,Dong Nai,https://www.tripadvisor.com/Attraction_Review-g2062761-d34020407-Reviews-DSP_Pickleball_Sport_Center_Coffee-Long_Khanh_Dong_Nai_Province.html,38
Coconut Spa,Spas,Dong Nai,https://www.tripadvisor.com/Attraction_Review-g23266280-d31700922-Reviews-Coconut_Spa-Gia_Tan_2_Dong_Nai_Province.html,39
Bien Hoa Airport Transfer,Taxis & Shuttles,Dong Nai,https://www.tripadvisor.com/Attraction_Review-g1749176-d34689670-Reviews-Bien_Hoa_Airport_Transfer-Bien_Hoa_Dong_Nai_Province.html,40
Tri An Adventure,Sightseeing Tours,Dong Nai,https://www.tripadvisor.com/Attraction_Review-g1749176-d26368189-Reviews-Tri_An_Adventure-Bien_Hoa_Dong_Nai_Province.html,41
Tuyệt Tình Cốc (mỏ Đá Hóa An),Sightseeing Tours,Dong Nai,https://www.tripadvisor.com/Attraction_Review-g1749176-d33026642-Reviews-Tuy_t_Tinh_C_c_m_Da_Hoa_An-Bien_Hoa_Dong_Nai_Province.html,42
Hippo Farm,Self-Guided Tours & Rentals • Horseback Riding Tours,Dong Nai,https://www.tripadvisor.com/Attraction_Review-g1749176-d20907033-Reviews-Hippo_Farm-Bien_Hoa_Dong_Nai_Province.html,43
Peter Tran,Cultural Tours • Private Tours,Dong Nai,https://www.tripadvisor.com/Attraction_Review-g8841040-d27132553-Reviews-Peter_Tran-Nam_Cat_Tien_Tan_Phu_District_Dong_Nai_Province.html,44
Sân Ga Cafe & Dining,"Bar, Club & Pub Tours",Dong Nai,https://www.tripadvisor.com/Attraction_Review-g1749176-d32997301-Reviews-San_Ga_Cafe_Dining-Bien_Hoa_Dong_Nai_Province.html,45
VietHoliday Tourist,Walking Tours • Bus Tours,Dong Nai,https://www.tripadvisor.com/Attraction_Review-g1749176-d19096037-Reviews-VietHoliday_Tourist-Bien_Hoa_Dong_Nai_Province.html,46
Cat Tien Eco Lodge Homestay,Bike Tours • Boat Tours,Dong Nai,https://www.tripadvisor.com/Attraction_Review-g8841040-d33351387-Reviews-Cat_Tien_Eco_Lodge_Homestay-Nam_Cat_Tien_Tan_Phu_District_Dong_Nai_Province.html,47
Hồ Sông Ray,Fishing Charters & Tours • Sightseeing Tours,Dong Nai,https://www.tripadvisor.com/Attraction_Review-g2062761-d33396946-Reviews-H_Song_Ray-Long_Khanh_Dong_Nai_Province.html,48
Vườn Quốc Gia Cát Tiên,Sightseeing Tours,Dong Nai,https://www.tripadvisor.com/Attraction_Review-g1749176-d33019722-Reviews-Vu_n_Qu_c_Gia_Cat_Tien-Bien_Hoa_Dong_Nai_Province.html,49
Du lịch Trị An,Multi-day Tours • Canyoning & Rappelling Tours,Dong Nai,https://www.tripadvisor.com/Attraction_Review-g1749176-d26723967-Reviews-Du_l_ch_Tr_An-Bien_Hoa_Dong_Nai_Province.html,50
Katien Safari,Multi-day Tours • National Parks,Dong Nai,https://www.tripadvisor.com/Attraction_Review-g8841040-d34590830-Reviews-Katien_Safari-Nam_Cat_Tien_Tan_Phu_District_Dong_Nai_Province.html,51
Trần Hoàng Long,Historical & Heritage Tours • Taxis & Shuttles,Dong Nai,https://www.tripadvisor.com/Attraction_Review-g1749176-d20206678-Reviews-Tr_n_Hoang_Long-Bien_Hoa_Dong_Nai_Province.html,52
Cat Tien National Park Herping Tour,Adrenaline & Extreme Tours • Nature & Wildlife Areas,Dong Nai,https://www.tripadvisor.com/Attraction_Review-g8841040-d34439273-Reviews-Cat_Tien_National_Park_Herping_Tour-Nam_Cat_Tien_Tan_Phu_District_Dong_Nai_Prov.html,53
Alotour,Multi-day Tours • Walking Tours,Dong Nai,https://www.tripadvisor.com/Attraction_Review-g15334635-d33083216-Reviews-Alotour-Tan_Binh_Dong_Nai_Province.html,56
Huy Tran,Private Tours,Dong Nai,https://www.tripadvisor.com/Attraction_Review-g23266280-d32707857-Reviews-Huy_Tran-Gia_Tan_2_Dong_Nai_Province.html,57
Củi Coffe,Sightseeing Tours,Dong Nai,https://www.tripadvisor.com/Attraction_Review-g23550758-d32978694-Reviews-C_i_Coffe-Xuan_Phu_Dong_Nai_Province.html,58
GlobalTix Pte Ltd,Day Trips,Dong Nai,https://www.tripadvisor.com/Attraction_Review-g1749176-d34655009-Reviews-GlobalTix_Pte_Ltd-Bien_Hoa_Dong_Nai_Province.html,59
Sa Dec Market,Flea & Street Markets,Dong Thap,https://www.tripadvisor.com/Attraction_Review-g2093913-d5971077-Reviews-Sa_Dec_Market-Sa_Dec_Dong_Thap_Province_Mekong_Delta.html,1
Tram Chim National Park,National Parks,Dong Thap,https://www.tripadvisor.com/Attraction_Review-g737086-d12250596-Reviews-Tram_Chim_National_Park-Cao_Lanh_Dong_Thap_Province_Mekong_Delta.html,2
Huynh Thuy Le Ancient House,Points of Interest & Landmarks,Dong Thap,https://www.tripadvisor.com/Attraction_Review-g2093913-d5029723-Reviews-Huynh_Thuy_Le_Ancient_House-Sa_Dec_Dong_Thap_Province_Mekong_Delta.html,3
Sadec Flower Village,Gardens,Dong Thap,https://www.tripadvisor.com/Attraction_Review-g2093913-d10000843-Reviews-Sadec_Flower_Village-Sa_Dec_Dong_Thap_Province_Mekong_Delta.html,4
Xeo Quyt Relic Area,Historic Sites • Nature & Wildlife Areas,Dong Thap,https://www.tripadvisor.com/Attraction_Review-g737086-d19377917-Reviews-Xeo_Quyt_Relic_Area-Cao_Lanh_Dong_Thap_Province_Mekong_Delta.html,5
KDL Vườn Hồng Tư Tôn,Historic Sites • Points of Interest & Landmarks,Dong Thap,https://www.tripadvisor.com/Attraction_Review-g2093913-d23044668-Reviews-KDL_Vu_n_H_ng_Tu_Ton-Sa_Dec_Dong_Thap_Province_Mekong_Delta.html,6
công viên Văn Miếu cao lãnh,Parks,Dong Thap,https://www.tripadvisor.com/Attraction_Review-g737086-d24993499-Reviews-Cong_vien_Van_Mi_u_cao_lanh-Cao_Lanh_Dong_Thap_Province_Mekong_Delta.html,7
Sa Nhien Garden,Farms,Dong Thap,https://www.tripadvisor.com/Attraction_Review-g2093913-d20546879-Reviews-Sa_Nhien_Garden-Sa_Dec_Dong_Thap_Province_Mekong_Delta.html,8
Tú Martell Tattoo Studio,Art Galleries,Dong Thap,https://www.tripadvisor.com/Attraction_Review-g737086-d28137588-Reviews-Tu_Martell_Tattoo_Studio-Cao_Lanh_Dong_Thap_Province_Mekong_Delta.html,9
Transfeero,Taxis & Shuttles,Dong Thap,https://www.tripadvisor.com/Attraction_Review-g9786785-d33989031-Reviews-Transfeero-Hong_Ngu_Dong_Thap_Province_Mekong_Delta.html,10
Việt Mekong farmstay,Hiking & Camping Tours,Dong Thap,https://www.tripadvisor.com/Attraction_Review-g15122828-d23347861-Reviews-Vi_t_Mekong_farmstay-Tram_Chim_Dong_Thap_Province_Mekong_Delta.html,11
Dragon Mekong Travel,Multi-day Tours • Bike Tours,Dong Thap,https://www.tripadvisor.com/Attraction_Review-g2093913-d27108931-Reviews-Dragon_Mekong_Travel-Sa_Dec_Dong_Thap_Province_Mekong_Delta.html,12
Minh Thanh Temple,Points of Interest & Landmarks,Gia Lai,https://www.tripadvisor.com/Attraction_Review-g1224292-d4939043-Reviews-Minh_Thanh_Temple-Pleiku_Gia_Lai_Province.html,1
Phu Cuong Waterfall,Waterfalls,Gia Lai,https://www.tripadvisor.com/Attraction_Review-g1224292-d11640633-Reviews-Phu_Cuong_Waterfall-Pleiku_Gia_Lai_Province.html,2
T'Nung Lake ( Ia Nueng),Bodies of Water,Gia Lai,https://www.tripadvisor.com/Attraction_Review-g1224292-d1674539-Reviews-T_Nung_Lake_Ia_Nueng-Pleiku_Gia_Lai_Province.html,3
Chu Dang Ya Volcano,Volcanos,Gia Lai,https://www.tripadvisor.com/Attraction_Review-g1224292-d13358048-Reviews-Chu_Dang_Ya_Volcano-Pleiku_Gia_Lai_Province.html,4
Kon Ka Kinh National Park,National Parks,Gia Lai,https://www.tripadvisor.com/Attraction_Review-g1224292-d13366412-Reviews-Kon_Ka_Kinh_National_Park-Pleiku_Gia_Lai_Province.html,5
Thien Duong Giac Son,Religious Sites,Gia Lai,https://www.tripadvisor.com/Attraction_Review-g1224292-d15212968-Reviews-Thien_Duong_Giac_Son-Pleiku_Gia_Lai_Province.html,6
Sea Lake,Bodies of Water,Gia Lai,https://www.tripadvisor.com/Attraction_Review-g1224292-d18669547-Reviews-Sea_Lake-Pleiku_Gia_Lai_Province.html,7
Doi Co Hong Dak Doa,Points of Interest & Landmarks,Gia Lai,https://www.tripadvisor.com/Attraction_Review-g1224292-d13358070-Reviews-Doi_Co_Hong_Dak_Doa-Pleiku_Gia_Lai_Province.html,8
Plei Chuet Montagnard Church,Religious Sites,Gia Lai,https://www.tripadvisor.com/Attraction_Review-g1224292-d1675266-Reviews-Plei_Chuet_Montagnard_Church-Pleiku_Gia_Lai_Province.html,9
Dong Nhi Cemetery,Cemeteries,Gia Lai,https://www.tripadvisor.com/Attraction_Review-g1224292-d1725605-Reviews-Dong_Nhi_Cemetery-Pleiku_Gia_Lai_Province.html,10
Biển Hồ Chè Gia Lai,Points of Interest & Landmarks,Gia Lai,https://www.tripadvisor.com/Attraction_Review-g1224292-d25273827-Reviews-Bi_n_H_Che_Gia_Lai-Pleiku_Gia_Lai_Province.html,11
Camp Holloway,Battlefields,Gia Lai,https://www.tripadvisor.com/Attraction_Review-g1224292-d1672376-Reviews-Camp_Holloway-Pleiku_Gia_Lai_Province.html,12
Upes Garden,Farms,Gia Lai,https://www.tripadvisor.com/Attraction_Review-g1224292-d33017141-Reviews-Upes_Garden-Pleiku_Gia_Lai_Province.html,13
Thac 50,Waterfalls,Gia Lai,https://www.tripadvisor.com/Attraction_Review-g1156336-d18178439-Reviews-Thac_50-Gia_Lai_Province.html,14
An An Jjim-Jil-Bang Spa,Spas,Gia Lai,https://www.tripadvisor.com/Attraction_Review-g1224292-d14058254-Reviews-An_An_Jjim_Jil_Bang_Spa-Pleiku_Gia_Lai_Province.html,15
Phòng Khám Đa Khoa Tây Nguyên,Health Clubs,Gia Lai,https://www.tripadvisor.com/Attraction_Review-g1224292-d33213415-Reviews-Phong_Kham_Da_Khoa_Tay_Nguyen-Pleiku_Gia_Lai_Province.html,16
Day And Night Pleiku,Bars & Clubs,Gia Lai,https://www.tripadvisor.com/Attraction_Review-g1224292-d25157412-Reviews-Day_And_Night_Pleiku-Pleiku_Gia_Lai_Province.html,17
Van Anh Garden Spa,Spas,Gia Lai,https://www.tripadvisor.com/Attraction_Review-g1224292-d20056043-Reviews-Van_Anh_Garden_Spa-Pleiku_Gia_Lai_Province.html,18
Đồng Phục Gia Minh,Speciality & Gift Shops,Gia Lai,https://www.tripadvisor.com/Attraction_Review-g1224292-d25965331-Reviews-D_ng_Ph_c_Gia_Minh-Pleiku_Gia_Lai_Province.html,19
La Nha - Hair Salon and Body Care,Open now,Gia Lai,https://www.tripadvisor.com/Attraction_Review-g1224292-d28013921-Reviews-La_Nha_Hair_Salon_and_Body_Care-Pleiku_Gia_Lai_Province.html,20
"GIALAI ECOTOURIST Co.,Ltd",Multi-day Tours • Sports Camps & Clinics,Gia Lai,https://www.tripadvisor.com/Attraction_Review-g1224292-d23453416-Reviews-GIALAI_ECOTOURIST_Co_Ltd-Pleiku_Gia_Lai_Province.html,21
Essential Vietnam Tours,Historical & Heritage Tours • Bike Tours,Gia Lai,https://www.tripadvisor.com/Attraction_Review-g1224292-d12171352-Reviews-Essential_Vietnam_Tours-Pleiku_Gia_Lai_Province.html,22
Bãi Bồi Tiên Sơn,Day Trips,Gia Lai,https://www.tripadvisor.com/Attraction_Review-g1224292-d26316004-Reviews-Bai_B_i_Tien_Son-Pleiku_Gia_Lai_Province.html,23
Candid photoshoot in Vietnam,Photography Tours,Gia Lai,https://www.tripadvisor.com/Attraction_Review-g1224292-d19798527-Reviews-Candid_photoshoot_in_Vietnam-Pleiku_Gia_Lai_Province.html,24
Joy Diamond Tour,Sightseeing Tours • Nature & Wildlife Tours,Gia Lai,https://www.tripadvisor.com/Attraction_Review-g1224292-d23293270-Reviews-Joy_Diamond_Tour-Pleiku_Gia_Lai_Province.html,25
Asia Tour Booking - Pleiku,Multi-day Tours • Private Tours,Gia Lai,https://www.tripadvisor.com/Attraction_Review-g1224292-d34484189-Reviews-Asia_Tour_Booking_Pleiku-Pleiku_Gia_Lai_Province.html,26
Red Gecko Travel - Pleiku,Multi-day Tours • Private Tours,Gia Lai,https://www.tripadvisor.com/Attraction_Review-g1224292-d34486629-Reviews-Red_Gecko_Travel_Pleiku-Pleiku_Gia_Lai_Province.html,27
Chùa Hương Tích,Religious Sites,Ha Tinh,https://www.tripadvisor.com/Attraction_Review-g3312573-d21001217-Reviews-Chua_Huong_Tich-Ha_Tinh_Ha_Tinh_Province.html,1
Vinpearl Water Park Ha Tinh,Water Parks,Ha Tinh,https://www.tripadvisor.com/Attraction_Review-g3312573-d17667261-Reviews-Vinpearl_Water_Park_Ha_Tinh-Ha_Tinh_Ha_Tinh_Province.html,2
Vu Quang National Park,National Parks,Ha Tinh,https://www.tripadvisor.com/Attraction_Review-g3312573-d12268848-Reviews-Vu_Quang_National_Park-Ha_Tinh_Ha_Tinh_Province.html,3
Ke Go Lake,Bodies of Water,Ha Tinh,https://www.tripadvisor.com/Attraction_Review-g3312573-d21001215-Reviews-Ke_Go_Lake-Ha_Tinh_Ha_Tinh_Province.html,4
Nhà lưu niệm Trần Phú,Speciality Museums,Ha Tinh,https://www.tripadvisor.com/Attraction_Review-g3312573-d12729909-Reviews-Nha_luu_ni_m_Tr_n_Phu-Ha_Tinh_Ha_Tinh_Province.html,5
Den tho Co Tong bi thu Le Duan,Religious Sites,Ha Tinh,https://www.tripadvisor.com/Attraction_Review-g3312573-d20998880-Reviews-Den_tho_Co_Tong_bi_thu_Le_Duan-Ha_Tinh_Ha_Tinh_Province.html,6
Shire Of Le Duan,Points of Interest & Landmarks,Ha Tinh,https://www.tripadvisor.com/Attraction_Review-g3312573-d25312124-Reviews-Shire_Of_Le_Duan-Ha_Tinh_Ha_Tinh_Province.html,7
Hà Tĩnh Stadium,Arenas & Stadiums,Ha Tinh,https://www.tripadvisor.com/Attraction_Review-g3312573-d26703940-Reviews-Ha_Tinh_Stadium-Ha_Tinh_Ha_Tinh_Province.html,8
Lan Ha Bay,Bodies of Water,Hai Phong,https://www.tripadvisor.com/Attraction_Review-g737051-d6974768-Reviews-Lan_Ha_Bay-Cat_Ba_Hai_Phong.html,1
Cat Ba National Park,National Parks,Hai Phong,https://www.tripadvisor.com/Attraction_Review-g737051-d6677777-Reviews-Cat_Ba_National_Park-Cat_Ba_Hai_Phong.html,2
Cat Ba Island,National Parks • Islands,Hai Phong,https://www.tripadvisor.com/Attraction_Review-g737051-d386683-Reviews-Cat_Ba_Island-Cat_Ba_Hai_Phong.html,3
Thien Long Cave,National Parks,Hai Phong,https://www.tripadvisor.com/Attraction_Review-g737051-d23825754-Reviews-Thien_Long_Cave-Cat_Ba_Hai_Phong.html,4
Hospital Cave,Caverns & Caves,Hai Phong,https://www.tripadvisor.com/Attraction_Review-g737051-d2041902-Reviews-Hospital_Cave-Cat_Ba_Hai_Phong.html,5
Monkey Island,Islands • Nature & Wildlife Areas,Hai Phong,https://www.tripadvisor.com/Attraction_Review-g737051-d5979069-Reviews-Monkey_Island-Cat_Ba_Hai_Phong.html,6
Viet Hai Village,Points of Interest & Landmarks • Islands,Hai Phong,https://www.tripadvisor.com/Attraction_Review-g737051-d7309377-Reviews-Viet_Hai_Village-Cat_Ba_Hai_Phong.html,7
Hoa Cuong Cave,Caverns & Caves,Hai Phong,https://www.tripadvisor.com/Attraction_Review-g27499063-d27491135-Reviews-Hoa_Cuong_Cave-Gia_Luan_Cat_Ba_Hai_Phong.html,8
Động Trung Trang,Caverns & Caves,Hai Phong,https://www.tripadvisor.com/Attraction_Review-g737051-d14109039-Reviews-D_ng_Trung_Trang-Cat_Ba_Hai_Phong.html,9
Pelican Cave (Hang Bo Nau),Caverns & Caves,Hai Phong,https://www.tripadvisor.com/Attraction_Review-g303944-d555732-Reviews-Pelican_Cave_Hang_Bo_Nau-Hai_Phong.html,10
Du Hang Pagoda,Points of Interest & Landmarks,Hai Phong,https://www.tripadvisor.com/Attraction_Review-g303944-d7351791-Reviews-Du_Hang_Pagoda-Hai_Phong.html,11
Otter Valley Cat Ba,Nature & Wildlife Areas,Hai Phong,https://www.tripadvisor.com/Attraction_Review-g737051-d23840529-Reviews-Otter_Valley_Cat_Ba-Cat_Ba_Hai_Phong.html,12
Cabalina Beach,Beaches,Hai Phong,https://www.tripadvisor.com/Attraction_Review-g737051-d8071306-Reviews-Cabalina_Beach-Cat_Ba_Hai_Phong.html,13
Do Son Beach,Beaches,Hai Phong,https://www.tripadvisor.com/Attraction_Review-g303944-d7356997-Reviews-Do_Son_Beach-Hai_Phong.html,14
Butterfly Valley Cat Ba,Valleys,Hai Phong,https://www.tripadvisor.com/Attraction_Review-g737051-d15852695-Reviews-Butterfly_Valley_Cat_Ba-Cat_Ba_Hai_Phong.html,15
Cai Beo Floating Village,Bodies of Water • Ancient Ruins,Hai Phong,https://www.tripadvisor.com/Attraction_Review-g26785533-d34123405-Reviews-Cai_Beo_Floating_Village-Cat_Ba_Town_Cat_Ba_Hai_Phong.html,16
Hai Phong City Opera House,Operas,Hai Phong,https://www.tripadvisor.com/Attraction_Review-g303944-d7351790-Reviews-Hai_Phong_City_Opera_House-Hai_Phong.html,17
Elephant Beach,National Parks • Beaches,Hai Phong,https://www.tripadvisor.com/Attraction_Review-g737051-d34097648-Reviews-Elephant_Beach-Cat_Ba_Hai_Phong.html,18
Hai Phong City Museum,History Museums,Hai Phong,https://www.tripadvisor.com/Attraction_Review-g303944-d8445374-Reviews-Hai_Phong_City_Museum-Hai_Phong.html,19
Tam Bac Lake,Bodies of Water,Hai Phong,https://www.tripadvisor.com/Attraction_Review-g303944-d8544483-Reviews-Tam_Bac_Lake-Hai_Phong.html,20
Trekking Cat Ba,Visitor Centers • Points of Interest & Landmarks,Hai Phong,https://www.tripadvisor.com/Attraction_Review-g303944-d25091329-Reviews-Trekking_Cat_Ba-Hai_Phong.html,21
Hang Kenh Communal House,Historic Sites • Ancient Ruins,Hai Phong,https://www.tripadvisor.com/Attraction_Review-g303944-d8564198-Reviews-Hang_Kenh_Communal_House-Hai_Phong.html,22
Ga Market,Flea & Street Markets,Hai Phong,https://www.tripadvisor.com/Attraction_Review-g303944-d14166372-Reviews-Ga_Market-Hai_Phong.html,23
Cat Co Beach,Beaches,Hai Phong,https://www.tripadvisor.com/Attraction_Review-g737051-d27537543-Reviews-Cat_Co_Beach-Cat_Ba_Hai_Phong.html,24
The Duck Stop Cat Ba,Bodies of Water • Biking Trails,Hai Phong,https://www.tripadvisor.com/Attraction_Review-g737051-d34344418-Reviews-The_Duck_Stop_Cat_Ba-Cat_Ba_Hai_Phong.html,26
Thien Van mountain,Mountains,Hai Phong,https://www.tripadvisor.com/Attraction_Review-g303944-d12001737-Reviews-Thien_Van_mountain-Hai_Phong.html,28
Porcupine Sunset Spot,Mountains • Bars & Clubs,Hai Phong,https://www.tripadvisor.com/Attraction_Review-g737051-d34113053-Reviews-Porcupine_Sunset_Spot-Cat_Ba_Hai_Phong.html,29
Elephant Mountain,Mountains,Hai Phong,https://www.tripadvisor.com/Attraction_Review-g303944-d19699513-Reviews-Elephant_Mountain-Hai_Phong.html,30
Pho Chieu Pagoda,Religious Sites,Hai Phong,https://www.tripadvisor.com/Attraction_Review-g303944-d10001228-Reviews-Pho_Chieu_Pagoda-Hai_Phong.html,31
Cabalina Bay,Bodies of Water • Mountains,Hai Phong,https://www.tripadvisor.com/Attraction_Review-g737051-d34254928-Reviews-Cabalina_Bay-Cat_Ba_Hai_Phong.html,33
Ba Trai Dao,Islands,Hai Phong,https://www.tripadvisor.com/Attraction_Review-g737051-d33217884-Reviews-Ba_Trai_Dao-Cat_Ba_Hai_Phong.html,34
Cabalina Peak,Mountains • National Parks,Hai Phong,https://www.tripadvisor.com/Attraction_Review-g737051-d34121925-Reviews-Cabalina_Peak-Cat_Ba_Hai_Phong.html,35
Phu Long Village,Bodies of Water • Biking Trails,Hai Phong,https://www.tripadvisor.com/Attraction_Review-g737051-d34097645-Reviews-Phu_Long_Village-Cat_Ba_Hai_Phong.html,36
Khu Du Lịch Quốc Tế Đồi Rồng,Neighborhoods,Hai Phong,https://www.tripadvisor.com/Attraction_Review-g13473001-d26145471-Reviews-Khu_Du_L_ch_Qu_c_T_D_i_R_ng-Do_Son_Hai_Phong.html,37
Catba Mangroves Forest,Islands • Beaches,Hai Phong,https://www.tripadvisor.com/Attraction_Review-g737051-d34118395-Reviews-Catba_Mangroves_Forest-Cat_Ba_Hai_Phong.html,39
Ao Coi Mangroves,National Parks • Beaches,Hai Phong,https://www.tripadvisor.com/Attraction_Review-g737051-d34113048-Reviews-Ao_Coi_Mangroves-Cat_Ba_Hai_Phong.html,40
The Bach Dang River,Historic Sites • Bodies of Water,Hai Phong,https://www.tripadvisor.com/Attraction_Review-g303944-d16724718-Reviews-The_Bach_Dang_River-Hai_Phong.html,41
Dragon Cave,Bodies of Water • Biking Trails,Hai Phong,https://www.tripadvisor.com/Attraction_Review-g26785533-d34332942-Reviews-Dragon_Cave-Cat_Ba_Town_Cat_Ba_Hai_Phong.html,42
Grotte de Thien Long,Bodies of Water • Biking Trails,Hai Phong,https://www.tripadvisor.com/Attraction_Review-g737051-d34282935-Reviews-Grotte_de_Thien_Long-Cat_Ba_Hai_Phong.html,43
Tuyệt Tình Cốc,Nature & Wildlife Areas,Hai Phong,https://www.tripadvisor.com/Attraction_Review-g303944-d23095052-Reviews-Tuy_t_Tinh_C_c-Hai_Phong.html,45
Phu Long Market,Mountains • Islands,Hai Phong,https://www.tripadvisor.com/Attraction_Review-g737051-d34108277-Reviews-Phu_Long_Market-Cat_Ba_Hai_Phong.html,46
Dark and Bright Cave,Bodies of Water • Beaches,Hai Phong,https://www.tripadvisor.com/Attraction_Review-g737051-d34234357-Reviews-Dark_and_Bright_Cave-Cat_Ba_Hai_Phong.html,47
Cat Ba Ventures,Boat Tours,Hai Phong,https://www.tripadvisor.com/Attraction_Review-g737051-d1368569-Reviews-Cat_Ba_Ventures-Cat_Ba_Hai_Phong.html,48
Sun World Cat Ba,Trams,Hai Phong,https://www.tripadvisor.com/Attraction_Review-g17518099-d33395188-Reviews-Sun_World_Cat_Ba-Cat_Hai_Hai_Phong.html,49
Hidden Bat Cave,Biking Trails • Beaches,Hai Phong,https://www.tripadvisor.com/Attraction_Review-g737051-d34234362-Reviews-Hidden_Bat_Cave-Cat_Ba_Hai_Phong.html,50
Village Flottant de Cai Beo,Biking Trails • Beaches,Hai Phong,https://www.tripadvisor.com/Attraction_Review-g737051-d34268865-Reviews-Village_Flottant_de_Cai_Beo-Cat_Ba_Hai_Phong.html,51
Cabalina Lagoon,Biking Trails • Bars & Clubs,Hai Phong,https://www.tripadvisor.com/Attraction_Review-g737051-d34391277-Reviews-Cabalina_Lagoon-Cat_Ba_Hai_Phong.html,52
Cabalina Valley,Bodies of Water • Blues Bars,Hai Phong,https://www.tripadvisor.com/Attraction_Review-g737051-d34386912-Reviews-Cabalina_Valley-Cat_Ba_Hai_Phong.html,53
Cabalina Village,Biking Trails • Bars & Clubs,Hai Phong,https://www.tripadvisor.com/Attraction_Review-g737051-d34393083-Reviews-Cabalina_Village-Cat_Ba_Hai_Phong.html,54
Ang Dai Valley,Biking Trails • Hiking Trails,Hai Phong,https://www.tripadvisor.com/Attraction_Review-g737051-d34119127-Reviews-Ang_Dai_Valley-Cat_Ba_Hai_Phong.html,55
Red Lady Cave,Bodies of Water • Beaches,Hai Phong,https://www.tripadvisor.com/Attraction_Review-g737051-d34234358-Reviews-Red_Lady_Cave-Cat_Ba_Hai_Phong.html,56
Ile aux Singes,Beaches • Caverns & Caves,Hai Phong,https://www.tripadvisor.com/Attraction_Review-g737051-d34254937-Reviews-Ile_aux_Singes-Cat_Ba_Hai_Phong.html,57
Hang Vem Lake,National Parks • Islands,Hai Phong,https://www.tripadvisor.com/Attraction_Review-g26785533-d34254929-Reviews-Hang_Vem_Lake-Cat_Ba_Town_Cat_Ba_Hai_Phong.html,58
Baie de Bai Tu Long,Mountains • Biking Trails,Hai Phong,https://www.tripadvisor.com/Attraction_Review-g26785533-d34283027-Reviews-Baie_de_Bai_Tu_Long-Cat_Ba_Town_Cat_Ba_Hai_Phong.html,60
Baie de Lan Ha,Bodies of Water • Biking Trails,Hai Phong,https://www.tripadvisor.com/Attraction_Review-g737051-d34278304-Reviews-Baie_de_Lan_Ha-Cat_Ba_Hai_Phong.html,62
Tay Keo Cave,Biking Trails • Beaches,Hai Phong,https://www.tripadvisor.com/Attraction_Review-g737051-d34234379-Reviews-Tay_Keo_Cave-Cat_Ba_Hai_Phong.html,63
Village de Ao Coi,National Parks • Beaches,Hai Phong,https://www.tripadvisor.com/Attraction_Review-g26785533-d34322716-Reviews-Village_de_Ao_Coi-Cat_Ba_Town_Cat_Ba_Hai_Phong.html,64
KingCong Travel,Taxis & Shuttles,Hai Phong,https://www.tripadvisor.com/Attraction_Review-g26785533-d33145053-Reviews-KingCong_Travel-Cat_Ba_Town_Cat_Ba_Hai_Phong.html,65
Tien Duc Cave,Biking Trails • Beaches,Hai Phong,https://www.tripadvisor.com/Attraction_Review-g737051-d34307514-Reviews-Tien_Duc_Cave-Cat_Ba_Hai_Phong.html,66
Trung Trang Cave,Bodies of Water • Beaches,Hai Phong,https://www.tripadvisor.com/Attraction_Review-g26785533-d34292900-Reviews-Trung_Trang_Cave-Cat_Ba_Town_Cat_Ba_Hai_Phong.html,67
Kathedrale In Hai Phong,Churches & Cathedrals,Hai Phong,https://www.tripadvisor.com/Attraction_Review-g303944-d33230898-Reviews-Kathedrale_In_Hai_Phong-Hai_Phong.html,68
Làng chài Trà Báu,Geologic Formations,Hai Phong,https://www.tripadvisor.com/Attraction_Review-g17518099-d33217997-Reviews-Lang_chai_Tra_Bau-Cat_Hai_Hai_Phong.html,69
Ruby Tree Golf Resort,Golf Courses,Hai Phong,https://www.tripadvisor.com/Attraction_Review-g303944-d33019088-Reviews-Ruby_Tree_Golf_Resort-Hai_Phong.html,70
Phu Long Temple,Bodies of Water • Biking Trails,Hai Phong,https://www.tripadvisor.com/Attraction_Review-g26785533-d34278309-Reviews-Phu_Long_Temple-Cat_Ba_Town_Cat_Ba_Hai_Phong.html,71
Baie d'Along,Beaches • Hiking Trails,Hai Phong,https://www.tripadvisor.com/Attraction_Review-g26785533-d34269221-Reviews-Baie_d_Along-Cat_Ba_Town_Cat_Ba_Hai_Phong.html,72
Lac de Hang Vem,Islands • Beaches,Hai Phong,https://www.tripadvisor.com/Attraction_Review-g737051-d34290192-Reviews-Lac_de_Hang_Vem-Cat_Ba_Hai_Phong.html,73
Moc Trang Beach,Biking Trails • Beaches,Hai Phong,https://www.tripadvisor.com/Attraction_Review-g737051-d34464313-Reviews-Moc_Trang_Beach-Cat_Ba_Hai_Phong.html,74
Phu Long Cave,Caverns & Caves,Hai Phong,https://www.tripadvisor.com/Attraction_Review-g737051-d34292908-Reviews-Phu_Long_Cave-Cat_Ba_Hai_Phong.html,75
Cát Bà,Marinas,Hai Phong,https://www.tripadvisor.com/Attraction_Review-g303944-d33278684-Reviews-Cat_Ba-Hai_Phong.html,76
Navy Peak,Bodies of Water • Beaches,Hai Phong,https://www.tripadvisor.com/Attraction_Review-g737051-d34327506-Reviews-Navy_Peak-Cat_Ba_Hai_Phong.html,77
Hang Kenh Pagoda,Religious Sites,Hai Phong,https://www.tripadvisor.com/Attraction_Review-g303944-d20139566-Reviews-Hang_Kenh_Pagoda-Hai_Phong.html,78
Ngu Lam Peak,Bodies of Water • Biking Trails,Hai Phong,https://www.tripadvisor.com/Attraction_Review-g737051-d34305988-Reviews-Ngu_Lam_Peak-Cat_Ba_Hai_Phong.html,79
Co Do Cave,Bodies of Water • Beaches,Hai Phong,https://www.tripadvisor.com/Attraction_Review-g26785533-d34285291-Reviews-Co_Do_Cave-Cat_Ba_Town_Cat_Ba_Hai_Phong.html,80
Archipel de Cat Ba,Biking Trails • Beaches,Hai Phong,https://www.tripadvisor.com/Attraction_Review-g737051-d34282932-Reviews-Archipel_de_Cat_Ba-Cat_Ba_Hai_Phong.html,81
tiNiWorld,Playgrounds • Game & Entertainment Centers,Hai Phong,https://www.tripadvisor.com/Attraction_Review-g303944-d9996410-Reviews-TiNiWorld-Hai_Phong.html,83
Dragon Peak,Biking Trails • Beaches,Hai Phong,https://www.tripadvisor.com/Attraction_Review-g737051-d34307545-Reviews-Dragon_Peak-Cat_Ba_Hai_Phong.html,84
Village flottant des Pêcheurs de Cai Beo,Mountains • Caverns & Caves,Hai Phong,https://www.tripadvisor.com/Attraction_Review-g737051-d34269218-Reviews-Village_flottant_des_Pecheurs_de_Cai_Beo-Cat_Ba_Hai_Phong.html,85
Motorbike Rental Haiphong LV,Gear Rentals,Hai Phong,https://www.tripadvisor.com/Attraction_Review-g303944-d28147726-Reviews-Motorbike_Rental_Haiphong_LV-Hai_Phong.html,86
Grotte de l'hopital,Beaches • Hiking Trails,Hai Phong,https://www.tripadvisor.com/Attraction_Review-g737051-d34322719-Reviews-Grotte_de_l_hopital-Cat_Ba_Hai_Phong.html,87
Cat Ba Natural Park,Bodies of Water • Beaches,Hai Phong,https://www.tripadvisor.com/Attraction_Review-g737051-d34342196-Reviews-Cat_Ba_Natural_Park-Cat_Ba_Hai_Phong.html,88
Bến Bèo Cát Bà,Marinas,Hai Phong,https://www.tripadvisor.com/Attraction_Review-g303944-d28000982-Reviews-B_n_Beo_Cat_Ba-Hai_Phong.html,89
Dragon Beach,Beaches,Hai Phong,https://www.tripadvisor.com/Attraction_Review-g303944-d24988396-Reviews-Dragon_Beach-Hai_Phong.html,90
Cabalina Sunset Spot,Bodies of Water • Biking Trails,Hai Phong,https://www.tripadvisor.com/Attraction_Review-g737051-d34397846-Reviews-Cabalina_Sunset_Spot-Cat_Ba_Hai_Phong.html,91
Dragon Bay,Bodies of Water • Biking Trails,Hai Phong,https://www.tripadvisor.com/Attraction_Review-g737051-d34348264-Reviews-Dragon_Bay-Cat_Ba_Hai_Phong.html,92
Ile de Cat Ba,Bodies of Water • Biking Trails,Hai Phong,https://www.tripadvisor.com/Attraction_Review-g737051-d34282931-Reviews-Ile_de_Cat_Ba-Cat_Ba_Hai_Phong.html,93
Dũng Yến Motorbike Shop Cát Bà,Gear Rentals,Hai Phong,https://www.tripadvisor.com/Attraction_Review-g17518099-d32826245-Reviews-Dung_Y_n_Motorbike_Shop_Cat_Ba-Cat_Hai_Hai_Phong.html,94
Cao Quy Stake Yard,Speciality Museums,Hai Phong,https://www.tripadvisor.com/Attraction_Review-g303944-d23102209-Reviews-Cao_Quy_Stake_Yard-Hai_Phong.html,95
Truong Tho Spa and Massage,Spas,Hai Phong,https://www.tripadvisor.com/Attraction_Review-g303944-d10024705-Reviews-Truong_Tho_Spa_and_Massage-Hai_Phong.html,96
Rose Club,Bars & Clubs,Hai Phong,https://www.tripadvisor.com/Attraction_Review-g737051-d14910492-Reviews-Rose_Club-Cat_Ba_Hai_Phong.html,97
Vu Nguyen Family Massage,Sports Camps & Clinics,Hai Phong,https://www.tripadvisor.com/Attraction_Review-g737051-d16875225-Reviews-Vu_Nguyen_Family_Massage-Cat_Ba_Hai_Phong.html,98
Relax Spa Cat Ba Center,Spas,Hai Phong,https://www.tripadvisor.com/Attraction_Review-g26785533-d33440304-Reviews-Relax_Spa_Cat_Ba_Center-Cat_Ba_Town_Cat_Ba_Hai_Phong.html,99
Sirocco Restaurant & Sky Bar - Cat Ba Paradise,Bars & Clubs,Hai Phong,https://www.tripadvisor.com/Attraction_Review-g737051-d26840970-Reviews-Sirocco_Restaurant_Sky_Bar_Cat_Ba_Paradise-Cat_Ba_Hai_Phong.html,100
Daily Nails,Spas,Hai Phong,https://www.tripadvisor.com/Attraction_Review-g17518099-d27737904-Reviews-Daily_Nails-Cat_Hai_Hai_Phong.html,101
Cat Ba Smile Tours,Multi-day Tours • River Rafting & Tubing,Hai Phong,https://www.tripadvisor.com/Attraction_Review-g737051-d19065972-Reviews-Cat_Ba_Smile_Tours-Cat_Ba_Hai_Phong.html,103
Calypso Cruises,Boat Tours • Fishing Charters & Tours,Hai Phong,https://www.tripadvisor.com/Attraction_Review-g303944-d15590966-Reviews-Calypso_Cruises-Hai_Phong.html,104
Cat Ba Green Trail Travel,Multi-day Tours,Hai Phong,https://www.tripadvisor.com/Attraction_Review-g737051-d12987639-Reviews-Cat_Ba_Green_Trail_Travel-Cat_Ba_Hai_Phong.html,105
Serenity Premium Cruise,Historical & Heritage Tours • Boat Tours,Hai Phong,https://www.tripadvisor.com/Attraction_Review-g737051-d17431200-Reviews-Serenity_Premium_Cruise-Cat_Ba_Hai_Phong.html,106
Vinpearl Golf Hai Phong,Golf Courses,Hai Phong,https://www.tripadvisor.com/Attraction_Review-g303944-d15272657-Reviews-Vinpearl_Golf_Hai_Phong-Hai_Phong.html,107
The Black Pirates,Bars & Clubs,Hai Phong,https://www.tripadvisor.com/Attraction_Review-g737051-d18996009-Reviews-The_Black_Pirates-Cat_Ba_Hai_Phong.html,108
Tropical Cruise,Boat Tours • Private Tours,Hai Phong,https://www.tripadvisor.com/Attraction_Review-g303944-d33367418-Reviews-Tropical_Cruise-Hai_Phong.html,109
Foot Masage Phúc Tấn Khang,Spas,Hai Phong,https://www.tripadvisor.com/Attraction_Review-g303944-d26364471-Reviews-Foot_Masage_Phuc_T_n_Khang-Hai_Phong.html,110
Halong Capella Cruise,Multi-day Tours • Boat Tours,Hai Phong,https://www.tripadvisor.com/Attraction_Review-g303944-d19254163-Reviews-Halong_Capella_Cruise-Hai_Phong.html,111
Cat Ba Paradise Hotel - Spa,Spas,Hai Phong,https://www.tripadvisor.com/Attraction_Review-g737051-d26843807-Reviews-Cat_Ba_Paradise_Hotel_Spa-Cat_Ba_Hai_Phong.html,112
Blue Swimmer Adventures,Multi-day Tours • Bike Tours,Hai Phong,https://www.tripadvisor.com/Attraction_Review-g737051-d2037977-Reviews-Blue_Swimmer_Adventures-Cat_Ba_Hai_Phong.html,113
AVANI Haiphong Habour view Spa,Spas,Hai Phong,https://www.tripadvisor.com/Attraction_Review-g303944-d8774780-Reviews-AVANI_Haiphong_Habour_view_Spa-Hai_Phong.html,114
The Good Bar,Bars & Clubs,Hai Phong,https://www.tripadvisor.com/Attraction_Review-g737051-d4412576-Reviews-The_Good_Bar-Cat_Ba_Hai_Phong.html,115
Cat Ba Transfer,Taxis & Shuttles,Hai Phong,https://www.tripadvisor.com/Attraction_Review-g737051-d11899983-Reviews-Cat_Ba_Transfer-Cat_Ba_Hai_Phong.html,116
Orchid Premium Cruises,Multi-day Tours • Boat Tours,Hai Phong,https://www.tripadvisor.com/Attraction_Review-g303944-d19458640-Reviews-Orchid_Premium_Cruises-Hai_Phong.html,117
Satan Sky Bar,Bars & Clubs,Hai Phong,https://www.tripadvisor.com/Attraction_Review-g303944-d20139571-Reviews-Satan_Sky_Bar-Hai_Phong.html,118
Hai Phong Tours,City Tours • Cultural Tours,Hai Phong,https://www.tripadvisor.com/Attraction_Review-g303944-d6024348-Reviews-Hai_Phong_Tours-Hai_Phong.html,119
CAT BA PANORAMA TRAVEL,Multi-day Tours • River Rafting & Tubing,Hai Phong,https://www.tripadvisor.com/Attraction_Review-g737051-d19387451-Reviews-CAT_BA_PANORAMA_TRAVEL-Cat_Ba_Hai_Phong.html,120
Massage Goi Dau,Spas,Hai Phong,https://www.tripadvisor.com/Attraction_Review-g737051-d15074462-Reviews-Massage_Goi_Dau-Cat_Ba_Hai_Phong.html,121
Massage & Spa Tam Viet,Spas,Hai Phong,https://www.tripadvisor.com/Attraction_Review-g737051-d15353845-Reviews-Massage_Spa_Tam_Viet-Cat_Ba_Hai_Phong.html,122
Cozy Boutique Cruise,Bike Tours • Boat Tours,Hai Phong,https://www.tripadvisor.com/Attraction_Review-g737051-d19923809-Reviews-Cozy_Boutique_Cruise-Cat_Ba_Hai_Phong.html,123
Cat Ba Eco Tourist,Boat Tours • Kayaking & Canoeing,Hai Phong,https://www.tripadvisor.com/Attraction_Review-g26785533-d15654496-Reviews-Cat_Ba_Eco_Tourist-Cat_Ba_Town_Cat_Ba_Hai_Phong.html,124
Aroma Viet Nam Travel,Boat Tours • Walking Tours,Hai Phong,https://www.tripadvisor.com/Attraction_Review-g26785533-d25321717-Reviews-Aroma_Viet_Nam_Travel-Cat_Ba_Town_Cat_Ba_Hai_Phong.html,125
Cat Ba Cooking Class with Quiri Kitchen,Cooking Classes,Hai Phong,https://www.tripadvisor.com/Attraction_Review-g737051-d24982855-Reviews-Cat_Ba_Cooking_Class_with_Quiri_Kitchen-Cat_Ba_Hai_Phong.html,127
Kirara Bar & Lounge,Karaoke Bars,Hai Phong,https://www.tripadvisor.com/Attraction_Review-g303944-d25174216-Reviews-Kirara_Bar_Lounge-Hai_Phong.html,128
Marigold Pub,Bars & Clubs,Hai Phong,https://www.tripadvisor.com/Attraction_Review-g737051-d8341503-Reviews-Marigold_Pub-Cat_Ba_Hai_Phong.html,129
Cat Ba freedom,Multi-day Tours • Boat Tours,Hai Phong,https://www.tripadvisor.com/Attraction_Review-g737051-d19757890-Reviews-Cat_Ba_freedom-Cat_Ba_Hai_Phong.html,130
Catba Wander Tour,Boat Tours,Hai Phong,https://www.tripadvisor.com/Attraction_Review-g737051-d25157264-Reviews-Catba_Wander_Tour-Cat_Ba_Hai_Phong.html,131
Cat Ba Gem Cruise,Multi-day Tours • Boat Tours,Hai Phong,https://www.tripadvisor.com/Attraction_Review-g737051-d27820079-Reviews-Cat_Ba_Gem_Cruise-Cat_Ba_Hai_Phong.html,132
Central View Coffee Lounge,Bars & Clubs,Hai Phong,https://www.tripadvisor.com/Attraction_Review-g303944-d4351982-Reviews-Central_View_Coffee_Lounge-Hai_Phong.html,133
Hadeco,Bus Services,Hai Phong,https://www.tripadvisor.com/Attraction_Review-g303944-d13162588-Reviews-Hadeco-Hai_Phong.html,134
Langur's Adventures,Multi-day Tours • Boat Tours,Hai Phong,https://www.tripadvisor.com/Attraction_Review-g737051-d17268293-Reviews-Langur_s_Adventures-Cat_Ba_Hai_Phong.html,136
Tran Nguyen Travel,Boat Tours • Bus Tours,Hai Phong,https://www.tripadvisor.com/Attraction_Review-g303944-d11670927-Reviews-Tran_Nguyen_Travel-Hai_Phong.html,137
Bui Coffee And Bistro,Wine Bars,Hai Phong,https://www.tripadvisor.com/Attraction_Review-g737051-d25562615-Reviews-Bui_Coffee_And_Bistro-Cat_Ba_Hai_Phong.html,138
Mon Men Beer Bar,Cabarets,Hai Phong,https://www.tripadvisor.com/Attraction_Review-g303944-d24828145-Reviews-Mon_Men_Beer_Bar-Hai_Phong.html,139
Rosy Cruise,Boat Tours • Kayaking & Canoeing,Hai Phong,https://www.tripadvisor.com/Attraction_Review-g303944-d12253984-Reviews-Rosy_Cruise-Hai_Phong.html,140
Foreigners Bar,Bars & Clubs,Hai Phong,https://www.tripadvisor.com/Attraction_Review-g303944-d21298420-Reviews-Foreigners_Bar-Hai_Phong.html,141
Massage Facial IVY Spa,Spas,Hai Phong,https://www.tripadvisor.com/Attraction_Review-g303944-d26610581-Reviews-Massage_Facial_IVY_Spa-Hai_Phong.html,142
Blue Swimmer Sailing,Multi-day Tours • Taxis & Shuttles,Hai Phong,https://www.tripadvisor.com/Attraction_Review-g737051-d19597530-Reviews-Blue_Swimmer_Sailing-Cat_Ba_Hai_Phong.html,143
Alina Spa,Spas,Hai Phong,https://www.tripadvisor.com/Attraction_Review-g737051-d28663937-Reviews-Alina_Spa-Cat_Ba_Hai_Phong.html,144
Relax Spa Center,Spas,Hai Phong,https://www.tripadvisor.com/Attraction_Review-g737051-d33440283-Reviews-Relax_Spa_Center-Cat_Ba_Hai_Phong.html,145
Fiona Bistro,Bars & Clubs,Hai Phong,https://www.tripadvisor.com/Attraction_Review-g17518099-d26493404-Reviews-Fiona_Bistro-Cat_Hai_Hai_Phong.html,146
The Catba Catamaran,Historical & Heritage Tours • Boat Tours,Hai Phong,https://www.tripadvisor.com/Attraction_Review-g737051-d27631106-Reviews-The_Catba_Catamaran-Cat_Ba_Hai_Phong.html,147
Massage Hải Phòng - Phúc An Khang,Spas,Hai Phong,https://www.tripadvisor.com/Attraction_Review-g303944-d34395526-Reviews-Massage_H_i_Phong_Phuc_An_Khang-Hai_Phong.html,148
The Fox,Bars & Clubs,Hai Phong,https://www.tripadvisor.com/Attraction_Review-g303944-d12913753-Reviews-The_Fox-Hai_Phong.html,149
Lost & Found Rooftop Bar,Bars & Clubs,Hai Phong,https://www.tripadvisor.com/Attraction_Review-g737051-d27981075-Reviews-Lost_Found_Rooftop_Bar-Cat_Ba_Hai_Phong.html,150
Julie's Bar,Bars & Clubs,Hai Phong,https://www.tripadvisor.com/Attraction_Review-g303944-d3588497-Reviews-Julie_s_Bar-Hai_Phong.html,151
Son Tung Express Cat Ba,Taxis & Shuttles,Hai Phong,https://www.tripadvisor.com/Attraction_Review-g303944-d28651670-Reviews-Son_Tung_Express_Cat_Ba-Hai_Phong.html,152
Little Leaf Rooftop - Cocktail Bar,"Bar, Club & Pub Tours • Bars & Clubs",Hai Phong,https://www.tripadvisor.com/Attraction_Review-g26785533-d19334987-Reviews-Little_Leaf_Rooftop_Cocktail_Bar-Cat_Ba_Town_Cat_Ba_Hai_Phong.html,153
Cat Ba Discovery,Hop-On Hop-Off Tours • Boat Tours,Hai Phong,https://www.tripadvisor.com/Attraction_Review-g303944-d5538793-Reviews-Cat_Ba_Discovery-Hai_Phong.html,155
Cat Ba Du Ky Travel,Taxis & Shuttles • Boat Tours,Hai Phong,https://www.tripadvisor.com/Attraction_Review-g737051-d25011323-Reviews-Cat_Ba_Du_Ky_Travel-Cat_Ba_Hai_Phong.html,156
"Luxury Travel Co., LTD",City Tours • Cultural Tours,Hai Phong,https://www.tripadvisor.com/Attraction_Review-g26785533-d8647374-Reviews-Luxury_Travel_Co_LTD-Cat_Ba_Town_Cat_Ba_Hai_Phong.html,157
Full Moon Travel Asia,Boat Tours,Hai Phong,https://www.tripadvisor.com/Attraction_Review-g26785533-d12909788-Reviews-Full_Moon_Travel_Asia-Cat_Ba_Town_Cat_Ba_Hai_Phong.html,158
Cat Ba Outdoors,Taxis & Shuttles • Bike Tours,Hai Phong,https://www.tripadvisor.com/Attraction_Review-g26785533-d15687862-Reviews-Cat_Ba_Outdoors-Cat_Ba_Town_Cat_Ba_Hai_Phong.html,159
Ninh Binh Travel,Taxis & Shuttles,Hai Phong,https://www.tripadvisor.com/Attraction_Review-g26785533-d28457387-Reviews-Ninh_Binh_Travel-Cat_Ba_Town_Cat_Ba_Hai_Phong.html,160
Cat Ba Sea Star,Boat Tours • Sightseeing Tours,Hai Phong,https://www.tripadvisor.com/Attraction_Review-g737051-d32768443-Reviews-Cat_Ba_Sea_Star-Cat_Ba_Hai_Phong.html,161
Lucky Pub,Bars & Clubs,Hai Phong,https://www.tripadvisor.com/Attraction_Review-g17181720-d20056406-Reviews-Lucky_Pub-Hong_Bang_Hai_Phong.html,162
Noah - The Cocktail Bar,Bars & Clubs,Hai Phong,https://www.tripadvisor.com/Attraction_Review-g303944-d24912326-Reviews-Noah_The_Cocktail_Bar-Hai_Phong.html,163
Cat Ba Adventures,Multi-day Tours • Canyoning & Rappelling Tours,Hai Phong,https://www.tripadvisor.com/Attraction_Review-g737051-d20380116-Reviews-Cat_Ba_Adventures-Cat_Ba_Hai_Phong.html,164
Cat Ba Pathfinders,Canyoning & Rappelling Tours • Adrenaline & Extreme Tours,Hai Phong,https://www.tripadvisor.com/Attraction_Review-g26785533-d27141820-Reviews-Cat_Ba_Pathfinders-Cat_Ba_Town_Cat_Ba_Hai_Phong.html,165
Captain jacks tour,Multi-day Tours • Historical & Heritage Tours,Hai Phong,https://www.tripadvisor.com/Attraction_Review-g737051-d19117261-Reviews-Captain_jacks_tour-Cat_Ba_Hai_Phong.html,166
Hai Phong Private Car Service,Taxis & Shuttles,Hai Phong,https://www.tripadvisor.com/Attraction_Review-g303944-d32994747-Reviews-Hai_Phong_Private_Car_Service-Hai_Phong.html,167
CatBa Amazing,Cultural Tours • Boat Tours,Hai Phong,https://www.tripadvisor.com/Attraction_Review-g737051-d25383577-Reviews-CatBa_Amazing-Cat_Ba_Hai_Phong.html,168
Cat Ba Go - Transfers & Tours,Taxis & Shuttles,Hai Phong,https://www.tripadvisor.com/Attraction_Review-g737051-d34048508-Reviews-Cat_Ba_Go_Transfers_Tours-Cat_Ba_Hai_Phong.html,169
The One Hostel Cat Ba,"Bar, Club & Pub Tours • Multi-day Tours",Hai Phong,https://www.tripadvisor.com/Attraction_Review-g26785533-d27900919-Reviews-The_One_Hostel_Cat_Ba-Cat_Ba_Town_Cat_Ba_Hai_Phong.html,170
The One Island Escape,Multi-day Tours • Scavenger Hunts,Hai Phong,https://www.tripadvisor.com/Attraction_Review-g17518099-d26770084-Reviews-The_One_Island_Escape-Cat_Hai_Hai_Phong.html,171
Paradise Grand Cruise,Boat Tours,Hai Phong,https://www.tripadvisor.com/Attraction_Review-g737051-d25782579-Reviews-Paradise_Grand_Cruise-Cat_Ba_Hai_Phong.html,172
VinWonders Vũ Yên,Amusement & Theme Parks • Water Parks,Hai Phong,https://www.tripadvisor.com/Attraction_Review-g303944-d33279181-Reviews-VinWonders_Vu_Yen-Hai_Phong.html,173
Aduta Cruise,Multi-day Tours • Boat Tours,Hai Phong,https://www.tripadvisor.com/Attraction_Review-g26785533-d28663078-Reviews-Aduta_Cruise-Cat_Ba_Town_Cat_Ba_Hai_Phong.html,174
Haiphong Adventure Tour,City Tours • Cultural Tours,Hai Phong,https://www.tripadvisor.com/Attraction_Review-g303944-d28150781-Reviews-Haiphong_Adventure_Tour-Hai_Phong.html,176
Cat Ba Wellness DMC,Multi-day Tours • Bike Tours,Hai Phong,https://www.tripadvisor.com/Attraction_Review-g26785533-d33110176-Reviews-Cat_Ba_Wellness_DMC-Cat_Ba_Town_Cat_Ba_Hai_Phong.html,177
Aroma-Roza Cruise,Boat Tours • Sightseeing Tours,Hai Phong,https://www.tripadvisor.com/Attraction_Review-g737051-d33339423-Reviews-Aroma_Roza_Cruise-Cat_Ba_Hai_Phong.html,178
Son Tung Adsus,Taxis & Shuttles,Hai Phong,https://www.tripadvisor.com/Attraction_Review-g737051-d28664756-Reviews-Son_Tung_Adsus-Cat_Ba_Hai_Phong.html,179
Halong Bay Cruises by Local Experts,Multi-day Tours • Boat Tours,Hai Phong,https://www.tripadvisor.com/Attraction_Review-g303944-d13368211-Reviews-Halong_Bay_Cruises_by_Local_Experts-Hai_Phong.html,180
Hong Van Cruise,Boat Tours • Boat Rentals,Hai Phong,https://www.tripadvisor.com/Attraction_Review-g737051-d24923230-Reviews-Hong_Van_Cruise-Cat_Ba_Hai_Phong.html,182
Black Pearl & Pool Bar,Bars & Clubs,Hai Phong,https://www.tripadvisor.com/Attraction_Review-g737051-d34680505-Reviews-Black_Pearl_Pool_Bar-Cat_Ba_Hai_Phong.html,183
Cat Ba Sonder,Boat Tours • Private Tours,Hai Phong,https://www.tripadvisor.com/Attraction_Review-g737051-d19844955-Reviews-Cat_Ba_Sonder-Cat_Ba_Hai_Phong.html,184
Vietnam Tonkin Cruise,Bike Tours • Boat Tours,Hai Phong,https://www.tripadvisor.com/Attraction_Review-g303944-d12389106-Reviews-Vietnam_Tonkin_Cruise-Hai_Phong.html,185
Cat Ba View,Boat Tours • Climbing Tours,Hai Phong,https://www.tripadvisor.com/Attraction_Review-g737051-d12455764-Reviews-Cat_Ba_View-Cat_Ba_Hai_Phong.html,186
Quang Thang Cat Ba Travel,Boat Tours • Bus Tours,Hai Phong,https://www.tripadvisor.com/Attraction_Review-g303944-d32908982-Reviews-Quang_Thang_Cat_Ba_Travel-Hai_Phong.html,187
Tam private cooking class Vietnamese cuisine,Bike Tours • Cooking Classes,Hai Phong,https://www.tripadvisor.com/Attraction_Review-g737051-d25364921-Reviews-Tam_private_cooking_class_Vietnamese_cuisine-Cat_Ba_Hai_Phong.html,188
Cat Ba Express Cruises,Multi-day Tours • Private Tours,Hai Phong,https://www.tripadvisor.com/Attraction_Review-g737051-d19112001-Reviews-Cat_Ba_Express_Cruises-Cat_Ba_Hai_Phong.html,189
L Travel,Boat Tours • Private Tours,Hai Phong,https://www.tripadvisor.com/Attraction_Review-g303944-d25088356-Reviews-L_Travel-Hai_Phong.html,190
Cat Ba Mango Cruise Travel,Historical & Heritage Tours • Taxis & Shuttles,Hai Phong,https://www.tripadvisor.com/Attraction_Review-g737051-d25129693-Reviews-Cat_Ba_Mango_Cruise_Travel-Cat_Ba_Hai_Phong.html,191
Tuan Chau Pearl Isle,Boat Tours • Eco Tours,Hai Phong,https://www.tripadvisor.com/Attraction_Review-g303944-d11648389-Reviews-Tuan_Chau_Pearl_Isle-Hai_Phong.html,192
Hai Phong Transfer Service,Taxis & Shuttles • Boat Tours,Hai Phong,https://www.tripadvisor.com/Attraction_Review-g303944-d33043482-Reviews-Hai_Phong_Transfer_Service-Hai_Phong.html,193
Daiichi Cruise,Multi-day Tours • Boat Tours,Hai Phong,https://www.tripadvisor.com/Attraction_Review-g737051-d27106078-Reviews-Daiichi_Cruise-Cat_Ba_Hai_Phong.html,194
Cat Ba Expedition Tour,Taxis & Shuttles • Boat Tours,Hai Phong,https://www.tripadvisor.com/Attraction_Review-g737051-d26878200-Reviews-Cat_Ba_Expedition_Tour-Cat_Ba_Hai_Phong.html,195
Vietnam Venture,Bike Tours • Boat Tours,Hai Phong,https://www.tripadvisor.com/Attraction_Review-g26785533-d30481978-Reviews-Vietnam_Venture-Cat_Ba_Town_Cat_Ba_Hai_Phong.html,196
Eyeconic Cocktail Club,"Bar, Club & Pub Tours • Bars & Clubs",Hai Phong,https://www.tripadvisor.com/Attraction_Review-g303944-d27687845-Reviews-Eyeconic_Cocktail_Club-Hai_Phong.html,197
Cat Ba Plankton kayak,Multi-day Tours • Boat Tours,Hai Phong,https://www.tripadvisor.com/Attraction_Review-g26785533-d18930436-Reviews-Cat_Ba_Plankton_kayak-Cat_Ba_Town_Cat_Ba_Hai_Phong.html,199
Cat Ba Victor Tours,Boat Tours • Kayaking & Canoeing,Hai Phong,https://www.tripadvisor.com/Attraction_Review-g737051-d13436878-Reviews-Cat_Ba_Victor_Tours-Cat_Ba_Hai_Phong.html,201
Cai Beo Fishing Village,Boat Tours • Kayaking & Canoeing,Hai Phong,https://www.tripadvisor.com/Attraction_Review-g737051-d26790369-Reviews-Cai_Beo_Fishing_Village-Cat_Ba_Hai_Phong.html,202
Royal Lotus Cruises,Boat Tours • Cooking Classes,Hai Phong,https://www.tripadvisor.com/Attraction_Review-g737051-d26242453-Reviews-Royal_Lotus_Cruises-Cat_Ba_Hai_Phong.html,203
Cat Ba Explore Travel,Boat Tours • Kayaking & Canoeing,Hai Phong,https://www.tripadvisor.com/Attraction_Review-g26785533-d26857853-Reviews-Cat_Ba_Explore_Travel-Cat_Ba_Town_Cat_Ba_Hai_Phong.html,204
3S Boating Catba,Boat Rentals • Speed Boats Tours,Hai Phong,https://www.tripadvisor.com/Attraction_Review-g737051-d15220403-Reviews-3S_Boating_Catba-Cat_Ba_Hai_Phong.html,205
Viet Prestige Travel - Private Day Tours,Private Tours,Hai Phong,https://www.tripadvisor.com/Attraction_Review-g303944-d5549071-Reviews-Viet_Prestige_Travel_Private_Day_Tours-Hai_Phong.html,206
Catba Amazing Travel,Boat Tours,Hai Phong,https://www.tripadvisor.com/Attraction_Review-g737051-d26724095-Reviews-Catba_Amazing_Travel-Cat_Ba_Hai_Phong.html,207
Trung tâm Văn hóa- Thông tin -Thể Thao huyện Cát Hải,Eco Tours • Nature & Wildlife Tours,Hai Phong,https://www.tripadvisor.com/Attraction_Review-g737051-d23935835-Reviews-Trung_tam_Van_hoa_Thong_tin_Th_Thao_huy_n_Cat_H_i-Cat_Ba_Hai_Phong.html,208
Cat Ba Island Adventures,Multi-day Tours • Boat Tours,Hai Phong,https://www.tripadvisor.com/Attraction_Review-g737051-d12635376-Reviews-Cat_Ba_Island_Adventures-Cat_Ba_Hai_Phong.html,209
Catba Sunset Cruise,Boat Tours • Kayaking & Canoeing,Hai Phong,https://www.tripadvisor.com/Attraction_Review-g737051-d25129638-Reviews-Catba_Sunset_Cruise-Cat_Ba_Hai_Phong.html,210
Hai Phong Street Food Tours,Private Tours • Food Tours,Hai Phong,https://www.tripadvisor.com/Attraction_Review-g303944-d17792001-Reviews-Hai_Phong_Street_Food_Tours-Hai_Phong.html,211
The Cat Ba Tour,Boat Tours,Hai Phong,https://www.tripadvisor.com/Attraction_Review-g737051-d28098581-Reviews-The_Cat_Ba_Tour-Cat_Ba_Hai_Phong.html,212
Heritage Cruises Binh Chuan Cat Ba Archipelago,Multi-day Tours,Hai Phong,https://www.tripadvisor.com/Attraction_Review-g737051-d20397810-Reviews-Heritage_Cruises_Binh_Chuan_Cat_Ba_Archipelago-Cat_Ba_Hai_Phong.html,213
Love Planet Cruise,Multi-day Tours • Scuba & Snorkelling,Hai Phong,https://www.tripadvisor.com/Attraction_Review-g737051-d15608832-Reviews-Love_Planet_Cruise-Cat_Ba_Hai_Phong.html,214
Nguyen Hoang Ninh,Multi-day Tours • Taxis & Shuttles,Hai Phong,https://www.tripadvisor.com/Attraction_Review-g737051-d19415287-Reviews-Nguyen_Hoang_Ninh-Cat_Ba_Hai_Phong.html,215
Blue Swimmer Cruises,Boat Tours,Hai Phong,https://www.tripadvisor.com/Attraction_Review-g26785533-d26897747-Reviews-Blue_Swimmer_Cruises-Cat_Ba_Town_Cat_Ba_Hai_Phong.html,216
Limousine Ninh Binh Travel,Cultural Tours • Historical & Heritage Tours,Hai Phong,https://www.tripadvisor.com/Attraction_Review-g737051-d28119117-Reviews-Limousine_Ninh_Binh_Travel-Cat_Ba_Hai_Phong.html,217
"DISCOVERYVIETNAM CO.,TLD",River Rafting & Tubing • Scuba & Snorkelling,Hai Phong,https://www.tripadvisor.com/Attraction_Review-g737051-d25446603-Reviews-DISCOVERYVIETNAM_CO_TLD-Cat_Ba_Hai_Phong.html,218
Cat Ba Fishing Tour,Fishing Charters & Tours,Hai Phong,https://www.tripadvisor.com/Attraction_Review-g737051-d16835244-Reviews-Cat_Ba_Fishing_Tour-Cat_Ba_Hai_Phong.html,220
Tung Quang Travel,Multi-day Tours • Taxis & Shuttles,Hai Phong,https://www.tripadvisor.com/Attraction_Review-g737051-d33227190-Reviews-Tung_Quang_Travel-Cat_Ba_Hai_Phong.html,221
Freedom Island Retreat,"Bar, Club & Pub Tours • Multi-day Tours",Hai Phong,https://www.tripadvisor.com/Attraction_Review-g17518099-d25395493-Reviews-Freedom_Island_Retreat-Cat_Hai_Hai_Phong.html,222
Booking Boat Trip Cat Ba,Boat Tours,Hai Phong,https://www.tripadvisor.com/Attraction_Review-g26785533-d29009160-Reviews-Booking_Boat_Trip_Cat_Ba-Cat_Ba_Town_Cat_Ba_Hai_Phong.html,223
Sunshine Golden Cruise,Multi-day Tours • Boat Tours,Hai Phong,https://www.tripadvisor.com/Attraction_Review-g26785533-d34680635-Reviews-Sunshine_Golden_Cruise-Cat_Ba_Town_Cat_Ba_Hai_Phong.html,225
Dung Yen Motorcycle rental,Self-Guided Tours & Rentals,Hai Phong,https://www.tripadvisor.com/Attraction_Review-g17674168-d32696609-Reviews-Dung_Yen_Motorcycle_rental-Tran_Chau_Cat_Ba_Hai_Phong.html,226
Bai Tu Long Bay,Boat Tours • Climbing Tours,Hai Phong,https://www.tripadvisor.com/Attraction_Review-g737051-d34144124-Reviews-Bai_Tu_Long_Bay-Cat_Ba_Hai_Phong.html,227
Sunlight Travel & Cruise,Multi-day Tours • Boat Tours,Hai Phong,https://www.tripadvisor.com/Attraction_Review-g737051-d25129818-Reviews-Sunlight_Travel_Cruise-Cat_Ba_Hai_Phong.html,228
Cat Ba Bay,Boat Tours,Hai Phong,https://www.tripadvisor.com/Attraction_Review-g737051-d28621578-Reviews-Cat_Ba_Bay-Cat_Ba_Hai_Phong.html,229
Binhs Motorcycles,"Vespa, Scooter & Moped Tours",Hai Phong,https://www.tripadvisor.com/Attraction_Review-g17697953-d25555883-Reviews-Binhs_Motorcycles-Xuan_Dam_Cat_Ba_Hai_Phong.html,231
Authentic Viet Nam Explore,Boat Tours,Hai Phong,https://www.tripadvisor.com/Attraction_Review-g26785533-d33023971-Reviews-Authentic_Viet_Nam_Explore-Cat_Ba_Town_Cat_Ba_Hai_Phong.html,232
Cat Ba Golden,Taxis & Shuttles • Kayaking & Canoeing,Hai Phong,https://www.tripadvisor.com/Attraction_Review-g737051-d33070697-Reviews-Cat_Ba_Golden-Cat_Ba_Hai_Phong.html,233
CatBa Sunrise Tours,Multi-day Tours • Taxis & Shuttles,Hai Phong,https://www.tripadvisor.com/Attraction_Review-g737051-d19677727-Reviews-CatBa_Sunrise_Tours-Cat_Ba_Hai_Phong.html,234
Ket Doan Bus,Taxis & Shuttles,Hai Phong,https://www.tripadvisor.com/Attraction_Review-g737051-d21009628-Reviews-Ket_Doan_Bus-Cat_Ba_Hai_Phong.html,235
Du Thuyền Sea Star Cruise - Cát Bà,Boat Tours,Hai Phong,https://www.tripadvisor.com/Attraction_Review-g303944-d28112032-Reviews-Du_Thuy_n_Sea_Star_Cruise_Cat_Ba-Hai_Phong.html,236
Phu Long Mangroves,Cultural Tours • Boat Tours,Hai Phong,https://www.tripadvisor.com/Attraction_Review-g737051-d34113049-Reviews-Phu_Long_Mangroves-Cat_Ba_Hai_Phong.html,237
Cat Ba Archipelago,Bike Tours • Climbing Tours,Hai Phong,https://www.tripadvisor.com/Attraction_Review-g26785533-d34144097-Reviews-Cat_Ba_Archipelago-Cat_Ba_Town_Cat_Ba_Hai_Phong.html,239
Ao Coi Village,Bike Tours • Boat Tours,Hai Phong,https://www.tripadvisor.com/Attraction_Review-g737051-d34108251-Reviews-Ao_Coi_Village-Cat_Ba_Hai_Phong.html,240
Mimosa Cruise Lan Ha Bay,Multi-day Tours • Taxis & Shuttles,Hai Phong,https://www.tripadvisor.com/Attraction_Review-g303944-d19256847-Reviews-Mimosa_Cruise_Lan_Ha_Bay-Hai_Phong.html,241
2 Days/1 Night Cruise With All-Inclusive in Halong,Multi-day Tours • Boat Tours,Hai Phong,https://www.tripadvisor.com/Attraction_Review-g737051-d26104243-Reviews-2_Days_1_Night_Cruise_With_All_Inclusive_in_Halong-Cat_Ba_Hai_Phong.html,242
Cat Ba Vision,Multi-day Tours • Adrenaline & Extreme Tours,Hai Phong,https://www.tripadvisor.com/Attraction_Review-g26785533-d27491654-Reviews-Cat_Ba_Vision-Cat_Ba_Town_Cat_Ba_Hai_Phong.html,243
Venezia Boutique Cruises - Catba Island,Boat Tours,Hai Phong,https://www.tripadvisor.com/Attraction_Review-g303944-d28122548-Reviews-Venezia_Boutique_Cruises_Catba_Island-Hai_Phong.html,244
Cat Ba Travel Life,Taxis & Shuttles • Bike Tours,Hai Phong,https://www.tripadvisor.com/Attraction_Review-g737051-d16667830-Reviews-Cat_Ba_Travel_Life-Cat_Ba_Hai_Phong.html,245
Authentic Travel Cat Ba,Multi-day Tours • Adrenaline & Extreme Tours,Hai Phong,https://www.tripadvisor.com/Attraction_Review-g737051-d28149123-Reviews-Authentic_Travel_Cat_Ba-Cat_Ba_Hai_Phong.html,246
Mile High Club & Rooftop Bar,"Bar, Club & Pub Tours",Hai Phong,https://www.tripadvisor.com/Attraction_Review-g17674168-d28654462-Reviews-Mile_High_Club_Rooftop_Bar-Tran_Chau_Cat_Ba_Hai_Phong.html,247
Cat Ba Motorbike Rental,"Vespa, Scooter & Moped Tours",Hai Phong,https://www.tripadvisor.com/Attraction_Review-g26785533-d34297318-Reviews-Cat_Ba_Motorbike_Rental-Cat_Ba_Town_Cat_Ba_Hai_Phong.html,248
Authentic Travel CAT BA ISLAND,Multi-day Tours • Boat Tours,Hai Phong,https://www.tripadvisor.com/Attraction_Review-g737051-d27523486-Reviews-Authentic_Travel_CAT_BA_ISLAND-Cat_Ba_Hai_Phong.html,250
Honey Boutique Cruise,Multi-day Tours • Boat Tours,Hai Phong,https://www.tripadvisor.com/Attraction_Review-g737051-d26865838-Reviews-Honey_Boutique_Cruise-Cat_Ba_Hai_Phong.html,251
Công Ty Tnhh Dịch Vụ Du Lịch Tàu Hoàng Bảo,Boat Tours,Hai Phong,https://www.tripadvisor.com/Attraction_Review-g303944-d28121958-Reviews-Cong_Ty_Tnhh_D_ch_V_Du_L_ch_Tau_Hoang_B_o-Hai_Phong.html,252
CatBa Smile Tours,Boat Tours,Hai Phong,https://www.tripadvisor.com/Attraction_Review-g737051-d27737257-Reviews-CatBa_Smile_Tours-Cat_Ba_Hai_Phong.html,253
Blue Swimmer Outdoors,Biking Trails • Bike Tours,Hai Phong,https://www.tripadvisor.com/Attraction_Review-g737051-d34330297-Reviews-Blue_Swimmer_Outdoors-Cat_Ba_Hai_Phong.html,254
ECO TOURIST CAT BA ISLAND,Boat Tours • Kayaking & Canoeing,Hai Phong,https://www.tripadvisor.com/Attraction_Review-g26785533-d32834355-Reviews-ECO_TOURIST_CAT_BA_ISLAND-Cat_Ba_Town_Cat_Ba_Hai_Phong.html,255
Beautiful Vietnam Tours,Multi-day Tours,Hai Phong,https://www.tripadvisor.com/Attraction_Review-g737051-d33090476-Reviews-Beautiful_Vietnam_Tours-Cat_Ba_Hai_Phong.html,256
Quyen Private Guided Kayak Expedition,Kayaking & Canoeing,Hai Phong,https://www.tripadvisor.com/Attraction_Review-g303944-d27920826-Reviews-Quyen_Private_Guided_Kayak_Expedition-Hai_Phong.html,257
CatBaSunSeekersTour,Day Trips,Hai Phong,https://www.tripadvisor.com/Attraction_Review-g737051-d26889151-Reviews-CatBaSunSeekersTour-Cat_Ba_Hai_Phong.html,258
Cat Ba Trip,Scuba & Snorkelling • Taxis & Shuttles,Hai Phong,https://www.tripadvisor.com/Attraction_Review-g737051-d17583867-Reviews-Cat_Ba_Trip-Cat_Ba_Hai_Phong.html,259
Alps Travel,Boat Tours • Private Tours,Hai Phong,https://www.tripadvisor.com/Attraction_Review-g737051-d20087289-Reviews-Alps_Travel-Cat_Ba_Hai_Phong.html,260
The Ann's ancIent House Cat Ba,Paint & Pottery Studios • Cultural Tours,Hai Phong,https://www.tripadvisor.com/Attraction_Review-g737051-d34074798-Reviews-The_Ann_s_ancIent_House_Cat_Ba-Cat_Ba_Hai_Phong.html,261
Lan Ha Bay a half day tour,Taxis & Shuttles • Bike Tours,Hai Phong,https://www.tripadvisor.com/Attraction_Review-g737051-d26835375-Reviews-Lan_Ha_Bay_a_half_day_tour-Cat_Ba_Hai_Phong.html,262
Catba Island Tours,"Bar, Club & Pub Tours • Taxis & Shuttles",Hai Phong,https://www.tripadvisor.com/Attraction_Review-g26785533-d27155514-Reviews-Catba_Island_Tours-Cat_Ba_Town_Cat_Ba_Hai_Phong.html,263
SKY TOUR - ENTERTAINMENT,Multi-day Tours • Taxis & Shuttles,Hai Phong,https://www.tripadvisor.com/Attraction_Review-g737051-d18937452-Reviews-SKY_TOUR_ENTERTAINMENT-Cat_Ba_Hai_Phong.html,264
Halong Hermes Cruises,Boat Tours,Hai Phong,https://www.tripadvisor.com/Attraction_Review-g737051-d19112018-Reviews-Halong_Hermes_Cruises-Cat_Ba_Hai_Phong.html,265
Cat ba daily trips,Adrenaline & Extreme Tours • Taxis & Shuttles,Hai Phong,https://www.tripadvisor.com/Attraction_Review-g737051-d25035339-Reviews-Cat_ba_daily_trips-Cat_Ba_Hai_Phong.html,266
Cat Ba Holiday Tours,Boat Tours • Gear Rentals,Hai Phong,https://www.tripadvisor.com/Attraction_Review-g737051-d15661892-Reviews-Cat_Ba_Holiday_Tours-Cat_Ba_Hai_Phong.html,267
Ma Cave,Cultural Tours • Boat Tours,Hai Phong,https://www.tripadvisor.com/Attraction_Review-g737051-d34278302-Reviews-Ma_Cave-Cat_Ba_Hai_Phong.html,271
Travel agency àn Tour operator in Cat Ba island,Canyoning & Rappelling Tours • Taxis & Shuttles,Hai Phong,https://www.tripadvisor.com/Attraction_Review-g737051-d25552009-Reviews-Travel_agency_an_Tour_operator_in_Cat_Ba_island-Cat_Ba_Hai_Phong.html,272
Hai Phong street food tour,"Bar, Club & Pub Tours • Beer Tastings & Tours",Hai Phong,https://www.tripadvisor.com/Attraction_Review-g303944-d33273135-Reviews-Hai_Phong_street_food_tour-Hai_Phong.html,273
Review Cat Ba - Cat Ba Island,Boat Tours,Hai Phong,https://www.tripadvisor.com/Attraction_Review-g737051-d26851215-Reviews-Review_Cat_Ba_Cat_Ba_Island-Cat_Ba_Hai_Phong.html,274
RiverCity Bike Rentals,City Tours • Motorcycle Tours,Hai Phong,https://www.tripadvisor.com/Attraction_Review-g303944-d34000500-Reviews-RiverCity_Bike_Rentals-Hai_Phong.html,275
Cát Bà Express,Hop-On Hop-Off Tours,Hai Phong,https://www.tripadvisor.com/Attraction_Review-g303944-d28651324-Reviews-Cat_Ba_Express-Hai_Phong.html,276
Local Tours Cat Ba,"Multi-day Tours • 4WD, ATV & Off-Road Tours",Hai Phong,https://www.tripadvisor.com/Attraction_Review-g737051-d27742984-Reviews-Local_Tours_Cat_Ba-Cat_Ba_Hai_Phong.html,277
Pirate Crews,Multi-day Tours • Scuba & Snorkelling,Hai Phong,https://www.tripadvisor.com/Attraction_Review-g737051-d16811152-Reviews-Pirate_Crews-Cat_Ba_Hai_Phong.html,278
Opatrip.com Haiphong,Day Trips,Hai Phong,https://www.tripadvisor.com/Attraction_Review-g303944-d25391089-Reviews-Opatrip_com_Haiphong-Hai_Phong.html,280
Ethnic Voyage Vietnam,Cultural Tours • Boat Tours,Hai Phong,https://www.tripadvisor.com/Attraction_Review-g737051-d34349335-Reviews-Ethnic_Voyage_Vietnam-Cat_Ba_Hai_Phong.html,281
Cat Ba Daily Tours,Taxis & Shuttles • Bike Tours,Hai Phong,https://www.tripadvisor.com/Attraction_Review-g737051-d25236497-Reviews-Cat_Ba_Daily_Tours-Cat_Ba_Hai_Phong.html,282
Best Price Tour Co.ltd,Multi-day Tours • Historical & Heritage Tours,Hai Phong,https://www.tripadvisor.com/Attraction_Review-g737051-d25214658-Reviews-Best_Price_Tour_Co_ltd-Cat_Ba_Hai_Phong.html,284
Arina Cruises,Multi-day Tours • Boat Tours,Hai Phong,https://www.tripadvisor.com/Attraction_Review-g737051-d16955003-Reviews-Arina_Cruises-Cat_Ba_Hai_Phong.html,286
CatBa taxi service,Canyoning & Rappelling Tours • Hop-On Hop-Off Tours,Hai Phong,https://www.tripadvisor.com/Attraction_Review-g737051-d34144880-Reviews-CatBa_taxi_service-Cat_Ba_Hai_Phong.html,288
Meta Home Apt and Homestay,Self-Guided Tours & Rentals,Hai Phong,https://www.tripadvisor.com/Attraction_Review-g13473001-d26704110-Reviews-Meta_Home_Apt_and_Homestay-Do_Son_Hai_Phong.html,289
Luxury 2-day cruise on the majestic Lan Ha Bay,Multi-day Tours • Boat Tours,Hai Phong,https://www.tripadvisor.com/Attraction_Review-g303944-d26561863-Reviews-Luxury_2_day_cruise_on_the_majestic_Lan_Ha_Bay-Hai_Phong.html,290
Blue Cat Ba | Cat Ba daily tour,Multi-day Tours • Canyoning & Rappelling Tours,Hai Phong,https://www.tripadvisor.com/Attraction_Review-g737051-d34145766-Reviews-Blue_Cat_Ba_Cat_Ba_daily_tour-Cat_Ba_Hai_Phong.html,291
Cat Ba Friendly Travel,Boat Tours • Night Tours,Hai Phong,https://www.tripadvisor.com/Attraction_Review-g737051-d31061909-Reviews-Cat_Ba_Friendly_Travel-Cat_Ba_Hai_Phong.html,292
Cat Ba tour,Multi-day Tours • Adrenaline & Extreme Tours,Hai Phong,https://www.tripadvisor.com/Attraction_Review-g737051-d33359730-Reviews-Cat_Ba_tour-Cat_Ba_Hai_Phong.html,295
Hoàng Minh Thái,Multi-day Tours • Boat Tours,Hai Phong,https://www.tripadvisor.com/Attraction_Review-g737051-d19455076-Reviews-Hoang_Minh_Thai-Cat_Ba_Hai_Phong.html,296
Paradise Resort,"Bar, Club & Pub Tours • Taxis & Shuttles",Hai Phong,https://www.tripadvisor.com/Attraction_Review-g737051-d19609675-Reviews-Paradise_Resort-Cat_Ba_Hai_Phong.html,297
Connek Trip,Multi-day Tours • Taxis & Shuttles,Hai Phong,https://www.tripadvisor.com/Attraction_Review-g737051-d33364306-Reviews-Connek_Trip-Cat_Ba_Hai_Phong.html,298
Cat Ba Vivu,Taxis & Shuttles • Boat Tours,Hai Phong,https://www.tripadvisor.com/Attraction_Review-g26785533-d33053519-Reviews-Cat_Ba_Vivu-Cat_Ba_Town_Cat_Ba_Hai_Phong.html,300
Hai Phong Floating House,Multi-day Tours • Fishing Charters & Tours,Hai Phong,https://www.tripadvisor.com/Attraction_Review-g303944-d34144310-Reviews-Hai_Phong_Floating_House-Hai_Phong.html,301
Authentic Cat Ba Travel,Multi-day Tours • Adrenaline & Extreme Tours,Hai Phong,https://www.tripadvisor.com/Attraction_Review-g737051-d28128566-Reviews-Authentic_Cat_Ba_Travel-Cat_Ba_Hai_Phong.html,302
b'showstore.com,Multi-day Tours • Taxis & Shuttles,Hai Phong,https://www.tripadvisor.com/Attraction_Review-g737051-d19851761-Reviews-B_showstore_com-Cat_Ba_Hai_Phong.html,303
Aclass Tours - Cat Ba Island,Multi-day Tours • Adrenaline & Extreme Tours,Hai Phong,https://www.tripadvisor.com/Attraction_Review-g737051-d33376224-Reviews-Aclass_Tours_Cat_Ba_Island-Cat_Ba_Hai_Phong.html,304
ViVu Cat Ba,Multi-day Tours • Hop-On Hop-Off Tours,Hai Phong,https://www.tripadvisor.com/Attraction_Review-g26785533-d33025513-Reviews-ViVu_Cat_Ba-Cat_Ba_Town_Cat_Ba_Hai_Phong.html,305
Quinn's Getaways,Taxis & Shuttles • Boat Tours,Hai Phong,https://www.tripadvisor.com/Attraction_Review-g737051-d34019388-Reviews-Quinn_s_Getaways-Cat_Ba_Hai_Phong.html,306
Tony,Taxis & Shuttles • Boat Tours,Hai Phong,https://www.tripadvisor.com/Attraction_Review-g737051-d26579905-Reviews-Tony-Cat_Ba_Hai_Phong.html,310
Vilandtravel,Gondola Cruises • Kayaking & Canoeing,Hai Phong,https://www.tripadvisor.com/Attraction_Review-g737051-d25062154-Reviews-Vilandtravel-Cat_Ba_Hai_Phong.html,311
Gen Z Tours - Cat Ba,Multi-day Tours • Day Trips,Hai Phong,https://www.tripadvisor.com/Attraction_Review-g737051-d33034240-Reviews-Gen_Z_Tours_Cat_Ba-Cat_Ba_Hai_Phong.html,312
"Hai Phong Private Transfers & Limo Services: Airport, Cruise Port, Hotel Pickups",Taxis & Shuttles • Private Tours,Hai Phong,https://www.tripadvisor.com/Attraction_Review-g303944-d32706016-Reviews-Hai_Phong_Private_Transfers_Limo_Services_Airport_Cruise_Port_Hotel_Pickups-Hai_.html,313
Cat Ba Expedition,Boat Tours,Hai Phong,https://www.tripadvisor.com/Attraction_Review-g303944-d28155227-Reviews-Cat_Ba_Expedition-Hai_Phong.html,314
Home Egg,"Bar, Club & Pub Tours",Hai Phong,https://www.tripadvisor.com/Attraction_Review-g303944-d20133884-Reviews-Home_Egg-Hai_Phong.html,317
Domik homestay,Multi-day Tours • Boat Tours,Hai Phong,https://www.tripadvisor.com/Attraction_Review-g737051-d31611641-Reviews-Domik_homestay-Cat_Ba_Hai_Phong.html,318
Vinadu - Cat Ba,Multi-day Tours • Adrenaline & Extreme Tours,Hai Phong,https://www.tripadvisor.com/Attraction_Review-g737051-d33203619-Reviews-Vinadu_Cat_Ba-Cat_Ba_Hai_Phong.html,319
Vina Cruise - Cat Ba,Multi-day Tours • Day Trips,Hai Phong,https://www.tripadvisor.com/Attraction_Review-g737051-d33038360-Reviews-Vina_Cruise_Cat_Ba-Cat_Ba_Hai_Phong.html,322
Private Cat Ba Island with a Local,Private Tours,Hai Phong,https://www.tripadvisor.com/Attraction_Review-g26785533-d32243872-Reviews-Private_Cat_Ba_Island_with_a_Local-Cat_Ba_Town_Cat_Ba_Hai_Phong.html,323
Lega,"Bar, Club & Pub Tours",Hai Phong,https://www.tripadvisor.com/Attraction_Review-g303944-d32997783-Reviews-Lega-Hai_Phong.html,324
Cat Ba Island Tours,Taxis & Shuttles • Bike Tours,Hai Phong,https://www.tripadvisor.com/Attraction_Review-g17518099-d33369473-Reviews-Cat_Ba_Island_Tours-Cat_Hai_Hai_Phong.html,326
Elite Cruises,Boat Tours,Hai Phong,https://www.tripadvisor.com/Attraction_Review-g737051-d19102307-Reviews-Elite_Cruises-Cat_Ba_Hai_Phong.html,327
Cat Ba Travel,Taxis & Shuttles • Boat Tours,Hai Phong,https://www.tripadvisor.com/Attraction_Review-g26785533-d27698157-Reviews-Cat_Ba_Travel-Cat_Ba_Town_Cat_Ba_Hai_Phong.html,328
Cat Ba Dragonfly,Boat Tours,Hai Phong,https://www.tripadvisor.com/Attraction_Review-g737051-d28012045-Reviews-Cat_Ba_Dragonfly-Cat_Ba_Hai_Phong.html,329
Daisy Tourist – Cat Ba,Multi-day Tours • Private Tours,Hai Phong,https://www.tripadvisor.com/Attraction_Review-g737051-d32999846-Reviews-Daisy_Tourist_Cat_Ba-Cat_Ba_Hai_Phong.html,330
Flower Diamond,Canyoning & Rappelling Tours • Taxis & Shuttles,Hai Phong,https://www.tripadvisor.com/Attraction_Review-g27499063-d34102564-Reviews-Flower_Diamond-Gia_Luan_Cat_Ba_Hai_Phong.html,331
Vietnam Discovery Travel,Multi-day Tours • Private Tours,Hai Phong,https://www.tripadvisor.com/Attraction_Review-g737051-d33672801-Reviews-Vietnam_Discovery_Travel-Cat_Ba_Hai_Phong.html,333
Aquarena Tours - Lan Ha Bay,Multi-day Tours • Private Tours,Hai Phong,https://www.tripadvisor.com/Attraction_Review-g737051-d32978182-Reviews-Aquarena_Tours_Lan_Ha_Bay-Cat_Ba_Hai_Phong.html,334
The Leaf CatBa Travel,Boat Tours • Eco Tours,Hai Phong,https://www.tripadvisor.com/Attraction_Review-g737051-d25396037-Reviews-The_Leaf_CatBa_Travel-Cat_Ba_Hai_Phong.html,336
Cat Ba Beyond,Boat Tours • Kayaking & Canoeing,Hai Phong,https://www.tripadvisor.com/Attraction_Review-g737051-d34679458-Reviews-Cat_Ba_Beyond-Cat_Ba_Hai_Phong.html,337
Cat Ba Travel Service,Sightseeing Tours,Hai Phong,https://www.tripadvisor.com/Attraction_Review-g737051-d27533863-Reviews-Cat_Ba_Travel_Service-Cat_Ba_Hai_Phong.html,338
Catbajourney,Boat Tours • Private Tours,Hai Phong,https://www.tripadvisor.com/Attraction_Review-g17518099-d25321355-Reviews-Catbajourney-Cat_Hai_Hai_Phong.html,339
Viet Nam Travel Simpe,Multi-day Tours • Taxis & Shuttles,Hai Phong,https://www.tripadvisor.com/Attraction_Review-g737051-d25302540-Reviews-Viet_Nam_Travel_Simpe-Cat_Ba_Hai_Phong.html,340
BAE Travel,Multi-day Tours • Canyoning & Rappelling Tours,Hai Phong,https://www.tripadvisor.com/Attraction_Review-g303944-d34147988-Reviews-BAE_Travel-Hai_Phong.html,342
Asia Open Tour Cat Ba,Multi-day Tours • Adrenaline & Extreme Tours,Hai Phong,https://www.tripadvisor.com/Attraction_Review-g737051-d33415299-Reviews-Asia_Open_Tour_Cat_Ba-Cat_Ba_Hai_Phong.html,344
Rose Tourist - Cat Ba,Multi-day Tours • Private Tours,Hai Phong,https://www.tripadvisor.com/Attraction_Review-g737051-d33020758-Reviews-Rose_Tourist_Cat_Ba-Cat_Ba_Hai_Phong.html,345
Charming Tourist – Cat Ba,Multi-day Tours • Private Tours,Hai Phong,https://www.tripadvisor.com/Attraction_Review-g737051-d32991861-Reviews-Charming_Tourist_Cat_Ba-Cat_Ba_Hai_Phong.html,346
HPTRAVEL,Multi-day Tours • Adrenaline & Extreme Tours,Hai Phong,https://www.tripadvisor.com/Attraction_Review-g737051-d26636889-Reviews-HPTRAVEL-Cat_Ba_Hai_Phong.html,347
Personalized tour of 4 prominent tourist attractions on Cat Ba Island with local guide,Historical & Heritage Tours • Eco Tours,Hai Phong,https://www.tripadvisor.com/Attraction_Review-g26785533-d32988625-Reviews-Personalized_tour_of_4_prominent_tourist_attractions_on_Cat_Ba_Island_with_loc.html,348
Cat Ba Lotus Tours & Travels,Taxis & Shuttles • Boat Tours,Hai Phong,https://www.tripadvisor.com/Attraction_Review-g737051-d25408989-Reviews-Cat_Ba_Lotus_Tours_Travels-Cat_Ba_Hai_Phong.html,349
Nhà Bè Hải Phong,Boat Tours • Sightseeing Tours,Hai Phong,https://www.tripadvisor.com/Attraction_Review-g303944-d34064203-Reviews-Nha_Be_H_i_Phong-Hai_Phong.html,352
Khai Tam Travel,Day Trips,Hai Phong,https://www.tripadvisor.com/Attraction_Review-g26785533-d26838246-Reviews-Khai_Tam_Travel-Cat_Ba_Town_Cat_Ba_Hai_Phong.html,353
Vietnam Explorer - Cat Ba,Multi-day Tours • Private Tours,Hai Phong,https://www.tripadvisor.com/Attraction_Review-g737051-d34274770-Reviews-Vietnam_Explorer_Cat_Ba-Cat_Ba_Hai_Phong.html,354
Asia Tour Booking - Cat Ba,Multi-day Tours • Private Tours,Hai Phong,https://www.tripadvisor.com/Attraction_Review-g737051-d34038827-Reviews-Asia_Tour_Booking_Cat_Ba-Cat_Ba_Hai_Phong.html,357
Asia Local Tour Cat Ba,Multi-day Tours • Adrenaline & Extreme Tours,Hai Phong,https://www.tripadvisor.com/Attraction_Review-g737051-d33116947-Reviews-Asia_Local_Tour_Cat_Ba-Cat_Ba_Hai_Phong.html,358
Chat Tourist - Cát Bà,Day Trips,Hai Phong,https://www.tripadvisor.com/Attraction_Review-g737051-d34306038-Reviews-Chat_Tourist_Cat_Ba-Cat_Ba_Hai_Phong.html,359
Lotus Tourist - Cat Ba,Day Trips,Hai Phong,https://www.tripadvisor.com/Attraction_Review-g737051-d34575615-Reviews-Lotus_Tourist_Cat_Ba-Cat_Ba_Hai_Phong.html,360
The private journey,Hiking & Camping Tours • Nature & Wildlife Tours,Hai Phong,https://www.tripadvisor.com/Attraction_Review-g737051-d34688747-Reviews-The_private_journey-Cat_Ba_Hai_Phong.html,361
The Tray Hotel Hai Phong,Self-Guided Tours & Rentals,Hai Phong,https://www.tripadvisor.com/Attraction_Review-g303944-d34410734-Reviews-The_Tray_Hotel_Hai_Phong-Hai_Phong.html,362
Duck Stop Cat Ba,Boat Tours,Hai Phong,https://www.tripadvisor.com/Attraction_Review-g737051-d34690642-Reviews-Duck_Stop_Cat_Ba-Cat_Ba_Hai_Phong.html,363
VinWonders Wave Park & Water Park,Water Parks,Hung Yen,https://www.tripadvisor.com/Attraction_Review-g12875231-d34452048-Reviews-VinWonders_Wave_Park_Water_Park-Hung_Yen_Hung_Yen_Province.html,1
Nom Ancient Village,Historic Sites,Hung Yen,https://www.tripadvisor.com/Attraction_Review-g12875231-d19466291-Reviews-Nom_Ancient_Village-Hung_Yen_Hung_Yen_Province.html,2
Aquafield Ocean City (Sauna & Spa),Spas • Thermal Spas,Hung Yen,https://www.tripadvisor.com/Attraction_Review-g12875231-d34247815-Reviews-Aquafield_Ocean_City_Sauna_Spa-Hung_Yen_Hung_Yen_Province.html,3
HIF Ecopark,Churches & Cathedrals,Hung Yen,https://www.tripadvisor.com/Attraction_Review-g12875231-d24114407-Reviews-HIF_Ecopark-Hung_Yen_Hung_Yen_Province.html,4
SRider Vietnam,Motorcycle Trails,Hung Yen,https://www.tripadvisor.com/Attraction_Review-g12875231-d34304265-Reviews-SRider_Vietnam-Hung_Yen_Hung_Yen_Province.html,5
Mint Foundation,Spas,Hung Yen,https://www.tripadvisor.com/Attraction_Review-g12875231-d26244968-Reviews-Mint_Foundation-Hung_Yen_Hung_Yen_Province.html,6
Genesis Escape - Grandworld HN,Escape Games,Hung Yen,https://www.tripadvisor.com/Attraction_Review-g12875231-d28019535-Reviews-Genesis_Escape_Grandworld_HN-Hung_Yen_Hung_Yen_Province.html,7
Kalos Tour,City Tours • Multi-day Tours,Hung Yen,https://www.tripadvisor.com/Attraction_Review-g12875231-d33883094-Reviews-Kalos_Tour-Hung_Yen_Hung_Yen_Province.html,8
AVA-X Travel,City Tours • Cultural Tours,Hung Yen,https://www.tripadvisor.com/Attraction_Review-g12875231-d33883075-Reviews-AVA_X_Travel-Hung_Yen_Hung_Yen_Province.html,9
Về Để Đi Whisky Distillery,Distillery Tours,Hung Yen,https://www.tripadvisor.com/Attraction_Review-g12875231-d34317481-Reviews-V_D_Di_Whisky_Distillery-Hung_Yen_Hung_Yen_Province.html,10
Kenosho,Fashion Shows & Tours,Hung Yen,https://www.tripadvisor.com/Attraction_Review-g12875231-d29064838-Reviews-Kenosho-Hung_Yen_Hung_Yen_Province.html,11
VinWonders Nha Trang,Amusement & Theme Parks • Water Parks,Khanh Hoa,https://www.tripadvisor.com/Attraction_Review-g293928-d1451754-Reviews-VinWonders_Nha_Trang-Nha_Trang_Khanh_Hoa_Province.html,1
Po Nagar Cham Towers,Religious Sites,Khanh Hoa,https://www.tripadvisor.com/Attraction_Review-g293928-d451112-Reviews-Po_Nagar_Cham_Towers-Nha_Trang_Khanh_Hoa_Province.html,2
Long Son Pagoda,Religious Sites,Khanh Hoa,https://www.tripadvisor.com/Attraction_Review-g293928-d451111-Reviews-Long_Son_Pagoda-Nha_Trang_Khanh_Hoa_Province.html,3
Nha Trang Beach,Beaches,Khanh Hoa,https://www.tripadvisor.com/Attraction_Review-g293928-d2227712-Reviews-Nha_Trang_Beach-Nha_Trang_Khanh_Hoa_Province.html,4
Ba Ho Waterfall,Waterfalls,Khanh Hoa,https://www.tripadvisor.com/Attraction_Review-g293928-d4469666-Reviews-Ba_Ho_Waterfall-Nha_Trang_Khanh_Hoa_Province.html,5
Doc Let Beach,Beaches,Khanh Hoa,https://www.tripadvisor.com/Attraction_Review-g293928-d9990005-Reviews-Doc_Let_Beach-Nha_Trang_Khanh_Hoa_Province.html,6
Russian Information Center,Visitor Centers,Khanh Hoa,https://www.tripadvisor.com/Attraction_Review-g293928-d8472618-Reviews-Russian_Information_Center-Nha_Trang_Khanh_Hoa_Province.html,7
Nha Tho Nui,Churches & Cathedrals,Khanh Hoa,https://www.tripadvisor.com/Attraction_Review-g293928-d1976248-Reviews-Nha_Tho_Nui-Nha_Trang_Khanh_Hoa_Province.html,8
Long Thanh Photo Studio,Art Galleries,Khanh Hoa,https://www.tripadvisor.com/Attraction_Review-g293928-d451113-Reviews-Long_Thanh_Photo_Studio-Nha_Trang_Khanh_Hoa_Province.html,9
Paradise Cable Car,Trams,Khanh Hoa,https://www.tripadvisor.com/Attraction_Review-g293928-d9990062-Reviews-Paradise_Cable_Car-Nha_Trang_Khanh_Hoa_Province.html,10
Khu du lịch Đảo Khỉ,Islands,Khanh Hoa,https://www.tripadvisor.com/Attraction_Review-g293928-d8448749-Reviews-Khu_du_li_ch_Da_o_Khi-Nha_Trang_Khanh_Hoa_Province.html,11
Bãi Tắm Hòn Chồng,Beaches,Khanh Hoa,https://www.tripadvisor.com/Attraction_Review-g293928-d1910182-Reviews-Bai_T_m_Hon_Ch_ng-Nha_Trang_Khanh_Hoa_Province.html,12
Lotte Mart,Shopping Malls,Khanh Hoa,https://www.tripadvisor.com/Attraction_Review-g293928-d19834791-Reviews-Lotte_Mart-Nha_Trang_Khanh_Hoa_Province.html,13
National Oceanographic Museum of Vietnam,Speciality Museums • Aquariums,Khanh Hoa,https://www.tripadvisor.com/Attraction_Review-g293928-d2449037-Reviews-National_Oceanographic_Museum_of_Vietnam-Nha_Trang_Khanh_Hoa_Province.html,14
Nha Trang Center,Shopping Malls,Khanh Hoa,https://www.tripadvisor.com/Attraction_Review-g293928-d7245662-Reviews-Nha_Trang_Center-Nha_Trang_Khanh_Hoa_Province.html,15
Biển Bãi Dài,Beaches,Khanh Hoa,https://www.tripadvisor.com/Attraction_Review-g1025208-d8095403-Reviews-Bi_n_Bai_Dai-Cam_Ranh_Khanh_Hoa_Province.html,16
Hon Mun Island,Islands,Khanh Hoa,https://www.tripadvisor.com/Attraction_Review-g293928-d3857023-Reviews-Hon_Mun_Island-Nha_Trang_Khanh_Hoa_Province.html,17
Gold Coast Shopping Mall,Shopping Malls,Khanh Hoa,https://www.tripadvisor.com/Attraction_Review-g293928-d21351100-Reviews-Gold_Coast_Shopping_Mall-Nha_Trang_Khanh_Hoa_Province.html,18
Charm Spa Garden Nha Trang,Thermal Spas,Khanh Hoa,https://www.tripadvisor.com/Attraction_Review-g293928-d28009893-Reviews-Charm_Spa_Garden_Nha_Trang-Nha_Trang_Khanh_Hoa_Province.html,19
Thap Ba Mud Bath,Spas • Thermal Spas,Khanh Hoa,https://www.tripadvisor.com/Attraction_Review-g293928-d1846887-Reviews-Thap_Ba_Mud_Bath-Nha_Trang_Khanh_Hoa_Province.html,20
Diamond Bay Gaming Club,Casinos • Game & Entertainment Centers,Khanh Hoa,https://www.tripadvisor.com/Attraction_Review-g293928-d27287634-Reviews-Diamond_Bay_Gaming_Club-Nha_Trang_Khanh_Hoa_Province.html,21
Bùn Khoáng nóng I-Resort Nha Trang,Spas • Thermal Spas,Khanh Hoa,https://www.tripadvisor.com/Attraction_Review-g293928-d3387561-Reviews-Bun_Khoang_nong_I_Resort_Nha_Trang-Nha_Trang_Khanh_Hoa_Province.html,22
Robinson Beach Nha Trang,Points of Interest & Landmarks • Beaches,Khanh Hoa,https://www.tripadvisor.com/Attraction_Review-g293928-d25248257-Reviews-Robinson_Beach_Nha_Trang-Nha_Trang_Khanh_Hoa_Province.html,23
Suoi Do Pagoda,Religious Sites,Khanh Hoa,https://www.tripadvisor.com/Attraction_Review-g293928-d4062910-Reviews-Suoi_Do_Pagoda-Nha_Trang_Khanh_Hoa_Province.html,24
Yang Bay Tourist Park,Nature & Wildlife Areas,Khanh Hoa,https://www.tripadvisor.com/Attraction_Review-g15296249-d5873898-Reviews-Yang_Bay_Tourist_Park-Khanh_Phu_Khanh_Hoa_Province.html,25
Tu Van Pagoda,Points of Interest & Landmarks • Religious Sites,Khanh Hoa,https://www.tripadvisor.com/Attraction_Review-g1025208-d7929614-Reviews-Tu_Van_Pagoda-Cam_Ranh_Khanh_Hoa_Province.html,26
Loro & Co. Nha Trang,Shopping Malls,Khanh Hoa,https://www.tripadvisor.com/Attraction_Review-g293928-d34421406-Reviews-Loro_Co_Nha_Trang-Nha_Trang_Khanh_Hoa_Province.html,27
Hon Mieu Island,Islands,Khanh Hoa,https://www.tripadvisor.com/Attraction_Review-g293928-d451110-Reviews-Hon_Mieu_Island-Nha_Trang_Khanh_Hoa_Province.html,28
Thap Tram Huong,Points of Interest & Landmarks • Observation Decks & Towers,Khanh Hoa,https://www.tripadvisor.com/Attraction_Review-g293928-d9990046-Reviews-Thap_Tram_Huong-Nha_Trang_Khanh_Hoa_Province.html,29
Vincom Plaza Nha Trang,Shopping Malls,Khanh Hoa,https://www.tripadvisor.com/Attraction_Review-g293928-d14440713-Reviews-Vincom_Plaza_Nha_Trang-Nha_Trang_Khanh_Hoa_Province.html,30
Đó Theater,Theaters,Khanh Hoa,https://www.tripadvisor.com/Attraction_Review-g293928-d25564872-Reviews-Do_Theater-Nha_Trang_Khanh_Hoa_Province.html,31
Bãi biển Nha Trang,Beaches,Khanh Hoa,https://www.tripadvisor.com/Attraction_Review-g293928-d6983678-Reviews-Bai_bi_n_Nha_Trang-Nha_Trang_Khanh_Hoa_Province.html,32
Alexandre Yersin Museum,Speciality Museums,Khanh Hoa,https://www.tripadvisor.com/Attraction_Review-g293928-d451109-Reviews-Alexandre_Yersin_Museum-Nha_Trang_Khanh_Hoa_Province.html,33
Clover Spa Nha Trang,Thermal Spas,Khanh Hoa,https://www.tripadvisor.com/Attraction_Review-g293928-d25194145-Reviews-Clover_Spa_Nha_Trang-Nha_Trang_Khanh_Hoa_Province.html,34
Tong Lam Lo Son Temple Lot,Religious Sites,Khanh Hoa,https://www.tripadvisor.com/Attraction_Review-g293928-d11487177-Reviews-Tong_Lam_Lo_Son_Temple_Lot-Nha_Trang_Khanh_Hoa_Province.html,35
Yang Bay Waterfall,Waterfalls,Khanh Hoa,https://www.tripadvisor.com/Attraction_Review-g17674832-d10000837-Reviews-Yang_Bay_Waterfall-Khanh_Vinh_Khanh_Hoa_Province.html,36
Crocodile House & Multishop,Speciality & Gift Shops • Shopping Malls,Khanh Hoa,https://www.tripadvisor.com/Attraction_Review-g293928-d32860291-Reviews-Crocodile_House_Multishop-Nha_Trang_Khanh_Hoa_Province.html,37
Nha Trang Night Market,Flea & Street Markets,Khanh Hoa,https://www.tripadvisor.com/Attraction_Review-g293928-d7313373-Reviews-Nha_Trang_Night_Market-Nha_Trang_Khanh_Hoa_Province.html,38
Mijack Store,Antique Shops,Khanh Hoa,https://www.tripadvisor.com/Attraction_Review-g293928-d33249974-Reviews-Mijack_Store-Nha_Trang_Khanh_Hoa_Province.html,39
Binh Hung Island,Islands,Khanh Hoa,https://www.tripadvisor.com/Attraction_Review-g1025208-d8331689-Reviews-Binh_Hung_Island-Cam_Ranh_Khanh_Hoa_Province.html,40
Nha Phu Bay,Bodies of Water,Khanh Hoa,https://www.tripadvisor.com/Attraction_Review-g293928-d6106504-Reviews-Nha_Phu_Bay-Nha_Trang_Khanh_Hoa_Province.html,41
A&B Shopping Mall,Shopping Malls,Khanh Hoa,https://www.tripadvisor.com/Attraction_Review-g293928-d19649489-Reviews-A_B_Shopping_Mall-Nha_Trang_Khanh_Hoa_Province.html,42
Nha Trang Snake Show,Arenas & Stadiums • Mysterious Sites,Khanh Hoa,https://www.tripadvisor.com/Attraction_Review-g293928-d10088575-Reviews-Nha_Trang_Snake_Show-Nha_Trang_Khanh_Hoa_Province.html,43
Làng Nghề Trường Sơn,Art Galleries,Khanh Hoa,https://www.tripadvisor.com/Attraction_Review-g293928-d27229148-Reviews-Lang_Ngh_Tru_ng_Son-Nha_Trang_Khanh_Hoa_Province.html,44
100 Egg Theme Park,Amusement & Theme Parks • Spas,Khanh Hoa,https://www.tripadvisor.com/Attraction_Review-g293928-d3902800-Reviews-100_Egg_Theme_Park-Nha_Trang_Khanh_Hoa_Province.html,45
Binh Ba Island,Islands,Khanh Hoa,https://www.tripadvisor.com/Attraction_Review-g293928-d11899417-Reviews-Binh_Ba_Island-Nha_Trang_Khanh_Hoa_Province.html,46
Hon Ba Nature Reserve,Nature & Wildlife Areas,Khanh Hoa,https://www.tripadvisor.com/Attraction_Review-g293928-d6931021-Reviews-Hon_Ba_Nature_Reserve-Nha_Trang_Khanh_Hoa_Province.html,47
Nha Trang New Nightmarket,Music Festivals • Food & Drink Festivals,Khanh Hoa,https://www.tripadvisor.com/Attraction_Review-g293928-d33194632-Reviews-Nha_Trang_New_Nightmarket-Nha_Trang_Khanh_Hoa_Province.html,48
Làng Nghề Nha Trang Xưa,Points of Interest & Landmarks,Khanh Hoa,https://www.tripadvisor.com/Attraction_Review-g293928-d27500000-Reviews-Lang_Ngh_Nha_Trang_Xua-Nha_Trang_Khanh_Hoa_Province.html,49
Nha Trang Vip Spa,Spas,Khanh Hoa,https://www.tripadvisor.com/Attraction_Review-g293928-d25240193-Reviews-Nha_Trang_Vip_Spa-Nha_Trang_Khanh_Hoa_Province.html,50
Dao Yen - Hon Noi,Islands,Khanh Hoa,https://www.tripadvisor.com/Attraction_Review-g293928-d14910840-Reviews-Dao_Yen_Hon_Noi-Nha_Trang_Khanh_Hoa_Province.html,51
Vinh Luong Market,Flea & Street Markets,Khanh Hoa,https://www.tripadvisor.com/Attraction_Review-g293928-d7907616-Reviews-Vinh_Luong_Market-Nha_Trang_Khanh_Hoa_Province.html,52
Vietnam - Russia Monument,Monuments & Statues,Khanh Hoa,https://www.tripadvisor.com/Attraction_Review-g1025208-d9876745-Reviews-Vietnam_Russia_Monument-Cam_Ranh_Khanh_Hoa_Province.html,53
Casa Spa,Spas,Khanh Hoa,https://www.tripadvisor.com/Attraction_Review-g293928-d14011090-Reviews-Casa_Spa-Nha_Trang_Khanh_Hoa_Province.html,54
Gold Coast Mall,Shopping Malls,Khanh Hoa,https://www.tripadvisor.com/Attraction_Review-g1184689-d21273914-Reviews-Gold_Coast_Mall-Khanh_Hoa_Province.html,55
MerPerle Hon Tam Mud Bath,Thermal Spas,Khanh Hoa,https://www.tripadvisor.com/Attraction_Review-g293928-d23374069-Reviews-MerPerle_Hon_Tam_Mud_Bath-Nha_Trang_Khanh_Hoa_Province.html,56
Sunrise Gaming Club,Casinos,Khanh Hoa,https://www.tripadvisor.com/Attraction_Review-g293928-d12455746-Reviews-Sunrise_Gaming_Club-Nha_Trang_Khanh_Hoa_Province.html,57
Vinh Hai Market,Flea & Street Markets,Khanh Hoa,https://www.tripadvisor.com/Attraction_Review-g293928-d14941987-Reviews-Vinh_Hai_Market-Nha_Trang_Khanh_Hoa_Province.html,58
Outlet Fashion Nha Trang,Shopping Malls,Khanh Hoa,https://www.tripadvisor.com/Attraction_Review-g293928-d32698945-Reviews-Outlet_Fashion_Nha_Trang-Nha_Trang_Khanh_Hoa_Province.html,59
Rora Spa Nha Trang,Spas • Thermal Spas,Khanh Hoa,https://www.tripadvisor.com/Attraction_Review-g293928-d27797614-Reviews-Rora_Spa_Nha_Trang-Nha_Trang_Khanh_Hoa_Province.html,60
Tran Phu Bridge,Bridges,Khanh Hoa,https://www.tripadvisor.com/Attraction_Review-g293928-d9990097-Reviews-Tran_Phu_Bridge-Nha_Trang_Khanh_Hoa_Province.html,61
Diep Son Island,Islands,Khanh Hoa,https://www.tripadvisor.com/Attraction_Review-g293928-d11925435-Reviews-Diep_Son_Island-Nha_Trang_Khanh_Hoa_Province.html,62
NY Vape Store Nha Trang,Shopping Malls,Khanh Hoa,https://www.tripadvisor.com/Attraction_Review-g293928-d25975478-Reviews-NY_Vape_Store_Nha_Trang-Nha_Trang_Khanh_Hoa_Province.html,63
GDC Lucky Poker Club,Casinos,Khanh Hoa,https://www.tripadvisor.com/Attraction_Review-g293928-d33987076-Reviews-GDC_Lucky_Poker_Club-Nha_Trang_Khanh_Hoa_Province.html,64
Mamadelta Manufactory Vietnam,Factory Outlets,Khanh Hoa,https://www.tripadvisor.com/Attraction_Review-g293928-d20254298-Reviews-Mamadelta_Manufactory_Vietnam-Nha_Trang_Khanh_Hoa_Province.html,65
Aloha Vintage & Souvenir,Antique Shops,Khanh Hoa,https://www.tripadvisor.com/Attraction_Review-g293928-d33071342-Reviews-Aloha_Vintage_Souvenir-Nha_Trang_Khanh_Hoa_Province.html,66
Soi Island Recreational Park,Amusement & Theme Parks • Points of Interest & Landmarks,Khanh Hoa,https://www.tripadvisor.com/Attraction_Review-g293928-d17702467-Reviews-Soi_Island_Recreational_Park-Nha_Trang_Khanh_Hoa_Province.html,67
J Spa,Spas,Khanh Hoa,https://www.tripadvisor.com/Attraction_Review-g293928-d16882778-Reviews-J_Spa-Nha_Trang_Khanh_Hoa_Province.html,68
Tháp Bà Ponagar,Historic Sites,Khanh Hoa,https://www.tripadvisor.com/Attraction_Review-g293928-d25353253-Reviews-Thap_Ba_Ponagar-Nha_Trang_Khanh_Hoa_Province.html,69
TiGon Spa,Spas,Khanh Hoa,https://www.tripadvisor.com/Attraction_Review-g293928-d8647393-Reviews-TiGon_Spa-Nha_Trang_Khanh_Hoa_Province.html,70
St. Joseph's Parish Church,Churches & Cathedrals,Khanh Hoa,https://www.tripadvisor.com/Attraction_Review-g293928-d11611768-Reviews-St_Joseph_s_Parish_Church-Nha_Trang_Khanh_Hoa_Province.html,71
Sen Spa Nha Trang,Spas,Khanh Hoa,https://www.tripadvisor.com/Attraction_Review-g293928-d5501816-Reviews-Sen_Spa_Nha_Trang-Nha_Trang_Khanh_Hoa_Province.html,72
Linda Spa,Spas,Khanh Hoa,https://www.tripadvisor.com/Attraction_Review-g293928-d2706840-Reviews-Linda_Spa-Nha_Trang_Khanh_Hoa_Province.html,73
Thủy Sinh Nha Trang,Aquariums • Gardens,Khanh Hoa,https://www.tripadvisor.com/Attraction_Review-g293928-d27765928-Reviews-Th_y_Sinh_Nha_Trang-Nha_Trang_Khanh_Hoa_Province.html,74
Shop Bao Cao Su - Drloves Nha Trang,Department Stores,Khanh Hoa,https://www.tripadvisor.com/Attraction_Review-g293928-d28653303-Reviews-Shop_Bao_Cao_Su_Drloves_Nha_Trang-Nha_Trang_Khanh_Hoa_Province.html,75
Mắt Kính Huy Trí,Shopping Malls,Khanh Hoa,https://www.tripadvisor.com/Attraction_Review-g293928-d34278650-Reviews-Ma_t_Ki_nh_Huy_Tri-Nha_Trang_Khanh_Hoa_Province.html,76
Da Bao Pagoda,Religious Sites,Khanh Hoa,https://www.tripadvisor.com/Attraction_Review-g293928-d15750196-Reviews-Da_Bao_Pagoda-Nha_Trang_Khanh_Hoa_Province.html,77
Duyen Ha Gaming Club,Beaches • Casinos,Khanh Hoa,https://www.tripadvisor.com/Attraction_Review-g293928-d32895155-Reviews-Duyen_Ha_Gaming_Club-Nha_Trang_Khanh_Hoa_Province.html,78
Suoi Da Hon Giao,Bodies of Water • Waterfalls,Khanh Hoa,https://www.tripadvisor.com/Attraction_Review-g293928-d8631017-Reviews-Suoi_Da_Hon_Giao-Nha_Trang_Khanh_Hoa_Province.html,79
Phap Vien Thanh Son Pagoda,Religious Sites,Khanh Hoa,https://www.tripadvisor.com/Attraction_Review-g293928-d12374375-Reviews-Phap_Vien_Thanh_Son_Pagoda-Nha_Trang_Khanh_Hoa_Province.html,80
Bac Thanh Church,Religious Sites • Churches & Cathedrals,Khanh Hoa,https://www.tripadvisor.com/Attraction_Review-g293928-d9990088-Reviews-Bac_Thanh_Church-Nha_Trang_Khanh_Hoa_Province.html,81
Big C,Shopping Malls,Khanh Hoa,https://www.tripadvisor.com/Attraction_Review-g293928-d13964719-Reviews-Big_C-Nha_Trang_Khanh_Hoa_Province.html,82
Đảo Robinson Nha Trang,Points of Interest & Landmarks,Khanh Hoa,https://www.tripadvisor.com/Attraction_Review-g293928-d33877043-Reviews-D_o_Robinson_Nha_Trang-Nha_Trang_Khanh_Hoa_Province.html,83
The Old House of Mr Hai Thai,Historic Sites • Points of Interest & Landmarks,Khanh Hoa,https://www.tripadvisor.com/Attraction_Review-g293928-d7915626-Reviews-The_Old_House_of_Mr_Hai_Thai-Nha_Trang_Khanh_Hoa_Province.html,84
Princess Jewelry,Speciality & Gift Shops,Khanh Hoa,https://www.tripadvisor.com/Attraction_Review-g293928-d20159691-Reviews-Princess_Jewelry-Nha_Trang_Khanh_Hoa_Province.html,85
Đó Theatre,Theaters,Khanh Hoa,https://www.tripadvisor.com/Attraction_Review-g293928-d26400587-Reviews-Do_Theatre-Nha_Trang_Khanh_Hoa_Province.html,86
Do Dien Khanh Gallery,Art Galleries,Khanh Hoa,https://www.tripadvisor.com/Attraction_Review-g293928-d9982701-Reviews-Do_Dien_Khanh_Gallery-Nha_Trang_Khanh_Hoa_Province.html,87
Massage Manu Spa,Spas,Khanh Hoa,https://www.tripadvisor.com/Attraction_Review-g293928-d9563851-Reviews-Massage_Manu_Spa-Nha_Trang_Khanh_Hoa_Province.html,88
Nha Trang Planetarium,Observation Decks & Towers • Observatories & Planetariums,Khanh Hoa,https://www.tripadvisor.com/Attraction_Review-g293928-d27475880-Reviews-Nha_Trang_Planetarium-Nha_Trang_Khanh_Hoa_Province.html,89
Aquafield Nha Trang,Spas • Thermal Spas,Khanh Hoa,https://www.tripadvisor.com/Attraction_Review-g293928-d32980945-Reviews-Aquafield_Nha_Trang-Nha_Trang_Khanh_Hoa_Province.html,90
Onsi Spa,Spas,Khanh Hoa,https://www.tripadvisor.com/Attraction_Review-g293928-d23946469-Reviews-Onsi_Spa-Nha_Trang_Khanh_Hoa_Province.html,91
Hon Rua,Islands,Khanh Hoa,https://www.tripadvisor.com/Attraction_Review-g293928-d15132253-Reviews-Hon_Rua-Nha_Trang_Khanh_Hoa_Province.html,92
Shop Bao Cao Su Nha Trang,Department Stores,Khanh Hoa,https://www.tripadvisor.com/Attraction_Review-g293928-d32765044-Reviews-Shop_Bao_Cao_Su_Nha_Trang-Nha_Trang_Khanh_Hoa_Province.html,93
Aman Heritage Spa,Spas,Khanh Hoa,https://www.tripadvisor.com/Attraction_Review-g293928-d26816718-Reviews-Aman_Heritage_Spa-Nha_Trang_Khanh_Hoa_Province.html,94
Vinpearl Golf Nha Trang,Golf Courses,Khanh Hoa,https://www.tripadvisor.com/Attraction_Review-g293928-d2180153-Reviews-Vinpearl_Golf_Nha_Trang-Nha_Trang_Khanh_Hoa_Province.html,95
Banyan Spa,Thermal Spas,Khanh Hoa,https://www.tripadvisor.com/Attraction_Review-g293928-d26440970-Reviews-Banyan_Spa-Nha_Trang_Khanh_Hoa_Province.html,96
Life Puppets Show - Rối Mơ,Theaters • Theater & Performances,Khanh Hoa,https://www.tripadvisor.com/Attraction_Review-g293928-d25450137-Reviews-Life_Puppets_Show_R_i_Mo-Nha_Trang_Khanh_Hoa_Province.html,97
Aramsa Spa Nha Trang,Spas,Khanh Hoa,https://www.tripadvisor.com/Attraction_Review-g293928-d27734205-Reviews-Aramsa_Spa_Nha_Trang-Nha_Trang_Khanh_Hoa_Province.html,98
Urban Kitchen,Food & Drink Festivals • Flea & Street Markets,Khanh Hoa,https://www.tripadvisor.com/Attraction_Review-g293928-d33304868-Reviews-Urban_Kitchen-Nha_Trang_Khanh_Hoa_Province.html,99
Vinpearl Harbour Nha Trang,Points of Interest & Landmarks,Khanh Hoa,https://www.tripadvisor.com/Attraction_Review-g293928-d34247806-Reviews-Vinpearl_Harbour_Nha_Trang-Nha_Trang_Khanh_Hoa_Province.html,100
Xom Bong Bridge,Bridges,Khanh Hoa,https://www.tripadvisor.com/Attraction_Review-g293928-d9990083-Reviews-Xom_Bong_Bridge-Nha_Trang_Khanh_Hoa_Province.html,101
Shine Spa for Sheraton,Health Clubs • Yoga & Pilates,Khanh Hoa,https://www.tripadvisor.com/Attraction_Review-g293928-d9718203-Reviews-Shine_Spa_for_Sheraton-Nha_Trang_Khanh_Hoa_Province.html,102
The Sigma Cafe & Cocktail Lounge,Bars & Clubs,Khanh Hoa,https://www.tripadvisor.com/Attraction_Review-g293928-d33309569-Reviews-The_Sigma_Cafe_Cocktail_Lounge-Nha_Trang_Khanh_Hoa_Province.html,103
Charm Spa Grand Nha Trang,Spas,Khanh Hoa,https://www.tripadvisor.com/Attraction_Review-g293928-d15837383-Reviews-Charm_Spa_Grand_Nha_Trang-Nha_Trang_Khanh_Hoa_Province.html,104
Khanh Hoa Museum,History Museums,Khanh Hoa,https://www.tripadvisor.com/Attraction_Review-g293928-d19806834-Reviews-Khanh_Hoa_Museum-Nha_Trang_Khanh_Hoa_Province.html,105
Nagamas Vip E-Gaming Club,Casinos,Khanh Hoa,https://www.tripadvisor.com/Attraction_Review-g293928-d17852960-Reviews-Nagamas_Vip_E_Gaming_Club-Nha_Trang_Khanh_Hoa_Province.html,106
DSD Pickleball Nha Trang,Sports Complexes • Arenas & Stadiums,Khanh Hoa,https://www.tripadvisor.com/Attraction_Review-g293928-d28154987-Reviews-DSD_Pickleball_Nha_Trang-Nha_Trang_Khanh_Hoa_Province.html,107
Hon Chong Center,Shopping Malls,Khanh Hoa,https://www.tripadvisor.com/Attraction_Review-g293928-d13321908-Reviews-Hon_Chong_Center-Nha_Trang_Khanh_Hoa_Province.html,108
Tri Nguyen aquarium,Aquariums,Khanh Hoa,https://www.tripadvisor.com/Attraction_Review-g293928-d10000428-Reviews-Tri_Nguyen_aquarium-Nha_Trang_Khanh_Hoa_Province.html,109
Soi Beach,Beaches,Khanh Hoa,https://www.tripadvisor.com/Attraction_Review-g293928-d32906901-Reviews-Soi_Beach-Nha_Trang_Khanh_Hoa_Province.html,110
Imperial Havana Club Nha Trang,Casinos,Khanh Hoa,https://www.tripadvisor.com/Attraction_Review-g293928-d12432505-Reviews-Imperial_Havana_Club_Nha_Trang-Nha_Trang_Khanh_Hoa_Province.html,111
Bạch Đàn Wellness Spa,Spas,Khanh Hoa,https://www.tripadvisor.com/Attraction_Review-g293928-d33408713-Reviews-B_ch_Dan_Wellness_Spa-Nha_Trang_Khanh_Hoa_Province.html,112
Beer Spa Nha Trang,Spas,Khanh Hoa,https://www.tripadvisor.com/Attraction_Review-g293928-d33206774-Reviews-Beer_Spa_Nha_Trang-Nha_Trang_Khanh_Hoa_Province.html,113
Anh Thu Leather,Speciality & Gift Shops,Khanh Hoa,https://www.tripadvisor.com/Attraction_Review-g293928-d7937127-Reviews-Anh_Thu_Leather-Nha_Trang_Khanh_Hoa_Province.html,114
Wabi Space,Shopping Malls,Khanh Hoa,https://www.tripadvisor.com/Attraction_Review-g293928-d32794263-Reviews-Wabi_Space-Nha_Trang_Khanh_Hoa_Province.html,115
Eco Paradise Dolce Vita,Zoos • Game & Entertainment Centers,Khanh Hoa,https://www.tripadvisor.com/Attraction_Review-g293928-d17415595-Reviews-Eco_Paradise_Dolce_Vita-Nha_Trang_Khanh_Hoa_Province.html,116
Viet Farm,Speciality & Gift Shops,Khanh Hoa,https://www.tripadvisor.com/Attraction_Review-g293928-d13969634-Reviews-Viet_Farm-Nha_Trang_Khanh_Hoa_Province.html,117
April 2nd Square,Points of Interest & Landmarks,Khanh Hoa,https://www.tripadvisor.com/Attraction_Review-g293928-d33084057-Reviews-April_2nd_Square-Nha_Trang_Khanh_Hoa_Province.html,118
Mango Spa Nail,Spas,Khanh Hoa,https://www.tripadvisor.com/Attraction_Review-g293928-d34421661-Reviews-Mango_Spa_Nail-Nha_Trang_Khanh_Hoa_Province.html,119
Phuoc Dien Pagoda,Religious Sites,Khanh Hoa,https://www.tripadvisor.com/Attraction_Review-g293928-d19306730-Reviews-Phuoc_Dien_Pagoda-Nha_Trang_Khanh_Hoa_Province.html,120
One Spa,Spas • Thermal Spas,Khanh Hoa,https://www.tripadvisor.com/Attraction_Review-g293928-d19852189-Reviews-One_Spa-Nha_Trang_Khanh_Hoa_Province.html,121
"Ba Lang Church, Nha Trang",Churches & Cathedrals,Khanh Hoa,https://www.tripadvisor.com/Attraction_Review-g293928-d32890395-Reviews-Ba_Lang_Church_Nha_Trang-Nha_Trang_Khanh_Hoa_Province.html,122
Kilo Distillery & Bar,Distilleries • Bars & Clubs,Khanh Hoa,https://www.tripadvisor.com/Attraction_Review-g293928-d17819973-Reviews-Kilo_Distillery_Bar-Nha_Trang_Khanh_Hoa_Province.html,123
Mockba Spa & Nail,Spas,Khanh Hoa,https://www.tripadvisor.com/Attraction_Review-g293928-d10844839-Reviews-Mockba_Spa_Nail-Nha_Trang_Khanh_Hoa_Province.html,124
Happy Beach,Beach & Pool Clubs,Khanh Hoa,https://www.tripadvisor.com/Attraction_Review-g293928-d15850651-Reviews-Happy_Beach-Nha_Trang_Khanh_Hoa_Province.html,125
Thien An Pagoda - Dam Mon,Religious Sites,Khanh Hoa,https://www.tripadvisor.com/Attraction_Review-g293928-d18378756-Reviews-Thien_An_Pagoda_Dam_Mon-Nha_Trang_Khanh_Hoa_Province.html,126
Trung Tâm Điện Máy Dũng Tuyên,Shopping Malls,Khanh Hoa,https://www.tripadvisor.com/Attraction_Review-g293928-d33972247-Reviews-Trung_Tam_Di_n_May_Dung_Tuyen-Nha_Trang_Khanh_Hoa_Province.html,127
Paradise Beach,Beaches,Khanh Hoa,https://www.tripadvisor.com/Attraction_Review-g293928-d32906902-Reviews-Paradise_Beach-Nha_Trang_Khanh_Hoa_Province.html,128
Festival Market,Shopping Malls,Khanh Hoa,https://www.tripadvisor.com/Attraction_Review-g293928-d25566723-Reviews-Festival_Market-Nha_Trang_Khanh_Hoa_Province.html,129
Splash Water Park,Water Parks,Khanh Hoa,https://www.tripadvisor.com/Attraction_Review-g18928520-d25064348-Reviews-Splash_Water_Park-Cam_Hai_Dong_Cam_Lam_District_Khanh_Hoa_Province.html,130
Venaja Foot Spa,Spas,Khanh Hoa,https://www.tripadvisor.com/Attraction_Review-g293928-d34372348-Reviews-Venaja_Foot_Spa-Nha_Trang_Khanh_Hoa_Province.html,131
King's palace,Points of Interest & Landmarks,Khanh Hoa,https://www.tripadvisor.com/Attraction_Review-g293928-d4888401-Reviews-King_s_palace-Nha_Trang_Khanh_Hoa_Province.html,132
Luxury Anna Spa - Massage Nha Trang,Spas,Khanh Hoa,https://www.tripadvisor.com/Attraction_Review-g293928-d26431916-Reviews-Luxury_Anna_Spa_Massage_Nha_Trang-Nha_Trang_Khanh_Hoa_Province.html,133
XQ Hand Embroidery,Speciality & Gift Shops,Khanh Hoa,https://www.tripadvisor.com/Attraction_Review-g293928-d4101130-Reviews-XQ_Hand_Embroidery-Nha_Trang_Khanh_Hoa_Province.html,134
Pure Vietnam Beauty & Spa,Spas,Khanh Hoa,https://www.tripadvisor.com/Attraction_Review-g293928-d6697043-Reviews-Pure_Vietnam_Beauty_Spa-Nha_Trang_Khanh_Hoa_Province.html,135
Nga Sau Nha Trang,Points of Interest & Landmarks,Khanh Hoa,https://www.tripadvisor.com/Attraction_Review-g293928-d17673918-Reviews-Nga_Sau_Nha_Trang-Nha_Trang_Khanh_Hoa_Province.html,136
La Spa Skincare,Spas,Khanh Hoa,https://www.tripadvisor.com/Attraction_Review-g14125084-d25457047-Reviews-La_Spa_Skincare-Cam_Duc_Cam_Lam_District_Khanh_Hoa_Province.html,137
Laundry Nha Trang- Blue Laundry,Beaches,Khanh Hoa,https://www.tripadvisor.com/Attraction_Review-g293928-d33301616-Reviews-Laundry_Nha_Trang_Blue_Laundry-Nha_Trang_Khanh_Hoa_Province.html,138
Co Tien Mountain,Mountains,Khanh Hoa,https://www.tripadvisor.com/Attraction_Review-g293928-d19125779-Reviews-Co_Tien_Mountain-Nha_Trang_Khanh_Hoa_Province.html,139
Galina Lake View Hồ Kênh Hạ,Points of Interest & Landmarks • Parks,Khanh Hoa,https://www.tripadvisor.com/Attraction_Review-g293928-d25321681-Reviews-Galina_Lake_View_H_Kenh_H-Nha_Trang_Khanh_Hoa_Province.html,140
Nha Trang Cathedral,Architectural Buildings,Khanh Hoa,https://www.tripadvisor.com/Attraction_Review-g293928-d25234311-Reviews-Nha_Trang_Cathedral-Nha_Trang_Khanh_Hoa_Province.html,141
Karma Nha Trang,Bars & Clubs,Khanh Hoa,https://www.tripadvisor.com/Attraction_Review-g293928-d25239452-Reviews-Karma_Nha_Trang-Nha_Trang_Khanh_Hoa_Province.html,142
Lounge Spa & Massage,Spas,Khanh Hoa,https://www.tripadvisor.com/Attraction_Review-g293928-d27504926-Reviews-Lounge_Spa_Massage-Nha_Trang_Khanh_Hoa_Province.html,143
Đảo Khỉ Nha Trang - Monkey Island,Points of Interest & Landmarks • Nature & Wildlife Areas,Khanh Hoa,https://www.tripadvisor.com/Attraction_Review-g293928-d27995474-Reviews-D_o_Kh_Nha_Trang_Monkey_Island-Nha_Trang_Khanh_Hoa_Province.html,144
Rox Tattoo Studio - Nha Trang,Art Galleries,Khanh Hoa,https://www.tripadvisor.com/Attraction_Review-g293928-d27977869-Reviews-Rox_Tattoo_Studio_Nha_Trang-Nha_Trang_Khanh_Hoa_Province.html,145
Nha Trang Best Spa & Nail,Spas,Khanh Hoa,https://www.tripadvisor.com/Attraction_Review-g293928-d34421359-Reviews-Nha_Trang_Best_Spa_Nail-Nha_Trang_Khanh_Hoa_Province.html,146
Noble Spa & Nail,Thermal Spas,Khanh Hoa,https://www.tripadvisor.com/Attraction_Review-g293928-d19737088-Reviews-Noble_Spa_Nail-Nha_Trang_Khanh_Hoa_Province.html,147
Dam Market,Speciality & Gift Shops,Khanh Hoa,https://www.tripadvisor.com/Attraction_Review-g293928-d6983683-Reviews-Dam_Market-Nha_Trang_Khanh_Hoa_Province.html,148
Audrey Nail Cam Ranh,Department Stores • Spas,Khanh Hoa,https://www.tripadvisor.com/Attraction_Review-g18928520-d34063977-Reviews-Audrey_Nail_Cam_Ranh-Cam_Hai_Dong_Cam_Lam_District_Khanh_Hoa_Province.html,149
Alco House,Speciality & Gift Shops,Khanh Hoa,https://www.tripadvisor.com/Attraction_Review-g293928-d11978428-Reviews-Alco_House-Nha_Trang_Khanh_Hoa_Province.html,150
Love Island,Islands,Khanh Hoa,https://www.tripadvisor.com/Attraction_Review-g293928-d17623650-Reviews-Love_Island-Nha_Trang_Khanh_Hoa_Province.html,151
Mui Doi,Points of Interest & Landmarks,Khanh Hoa,https://www.tripadvisor.com/Attraction_Review-g8300097-d8294117-Reviews-Mui_Doi-Van_Ninh_Khanh_Hoa_Province.html,152
Campoutvn Outdoor & Camping Store,Department Stores,Khanh Hoa,https://www.tripadvisor.com/Attraction_Review-g293928-d34015167-Reviews-Campoutvn_Outdoor_Camping_Store-Nha_Trang_Khanh_Hoa_Province.html,153
KN Golf Links Cam Ranh,Golf Courses,Khanh Hoa,https://www.tripadvisor.com/Attraction_Review-g1025208-d14985644-Reviews-KN_Golf_Links_Cam_Ranh-Cam_Ranh_Khanh_Hoa_Province.html,154
Grand Spa,Spas,Khanh Hoa,https://www.tripadvisor.com/Attraction_Review-g293928-d34372340-Reviews-Grand_Spa-Nha_Trang_Khanh_Hoa_Province.html,155
Cam Spa Nha Trang,Spas,Khanh Hoa,https://www.tripadvisor.com/Attraction_Review-g293928-d25322775-Reviews-Cam_Spa_Nha_Trang-Nha_Trang_Khanh_Hoa_Province.html,156
Angel Mountain,Mountains,Khanh Hoa,https://www.tripadvisor.com/Attraction_Review-g293928-d19175172-Reviews-Angel_Mountain-Nha_Trang_Khanh_Hoa_Province.html,157
VnExpress Marathon Marvelous Nha Trang,Sporting Events,Khanh Hoa,https://www.tripadvisor.com/Attraction_Review-g293928-d25234257-Reviews-VnExpress_Marathon_Marvelous_Nha_Trang-Nha_Trang_Khanh_Hoa_Province.html,158
Ky Vien Trung Nghia Buddhist Temple,Religious Sites,Khanh Hoa,https://www.tripadvisor.com/Attraction_Review-g293928-d15641598-Reviews-Ky_Vien_Trung_Nghia_Buddhist_Temple-Nha_Trang_Khanh_Hoa_Province.html,159
Nha Trang Water Puppet Theater,Theater & Performances,Khanh Hoa,https://www.tripadvisor.com/Attraction_Review-g293928-d8046397-Reviews-Nha_Trang_Water_Puppet_Theater-Nha_Trang_Khanh_Hoa_Province.html,160
MAYA Medical Centre,Spas,Khanh Hoa,https://www.tripadvisor.com/Attraction_Review-g293928-d24874550-Reviews-MAYA_Medical_Centre-Nha_Trang_Khanh_Hoa_Province.html,161
Z Beach Nha Trang,Beaches • Scenic Walking Areas,Khanh Hoa,https://www.tripadvisor.com/Attraction_Review-g293928-d33110670-Reviews-Z_Beach_Nha_Trang-Nha_Trang_Khanh_Hoa_Province.html,162
Killed Kenny Bar,Bars & Clubs,Khanh Hoa,https://www.tripadvisor.com/Attraction_Review-g293928-d14108980-Reviews-Killed_Kenny_Bar-Nha_Trang_Khanh_Hoa_Province.html,163
Cham Khanh Hoa,Farms,Khanh Hoa,https://www.tripadvisor.com/Attraction_Review-g14125084-d20063813-Reviews-Cham_Khanh_Hoa-Cam_Duc_Cam_Lam_District_Khanh_Hoa_Province.html,164
Su Spa,Spas,Khanh Hoa,https://www.tripadvisor.com/Attraction_Review-g293928-d2229470-Reviews-Su_Spa-Nha_Trang_Khanh_Hoa_Province.html,165
Amiana Resort Spa,Spas,Khanh Hoa,https://www.tripadvisor.com/Attraction_Review-g293928-d8468535-Reviews-Amiana_Resort_Spa-Nha_Trang_Khanh_Hoa_Province.html,166
4F Mart Nha Trang,Department Stores,Khanh Hoa,https://www.tripadvisor.com/Attraction_Review-g293928-d34318504-Reviews-4F_Mart_Nha_Trang-Nha_Trang_Khanh_Hoa_Province.html,167
Hồ Cá Trí Nguyên,Aquariums,Khanh Hoa,https://www.tripadvisor.com/Attraction_Review-g293928-d32906927-Reviews-H_Ca_Tri_Nguyen-Nha_Trang_Khanh_Hoa_Province.html,168
Chua Long Tho,Points of Interest & Landmarks,Khanh Hoa,https://www.tripadvisor.com/Attraction_Review-g12920594-d32864290-Reviews-Chua_Long_Tho-Ninh_Hoa_Khanh_Hoa_Province.html,169
Orchid Spa,Spas,Khanh Hoa,https://www.tripadvisor.com/Attraction_Review-g293928-d7945901-Reviews-Orchid_Spa-Nha_Trang_Khanh_Hoa_Province.html,170
The Vibe,Cabarets • Cultural Events,Khanh Hoa,https://www.tripadvisor.com/Attraction_Review-g293928-d33595216-Reviews-The_Vibe-Nha_Trang_Khanh_Hoa_Province.html,171
Coastal Spa Cam Lâm,Spas,Khanh Hoa,https://www.tripadvisor.com/Attraction_Review-g27468434-d33215953-Reviews-Coastal_Spa_Cam_Lam-Cam_Lam_District_Khanh_Hoa_Province.html,172
Surfbase Vietnam,Visitor Centers • Beaches,Khanh Hoa,https://www.tripadvisor.com/Attraction_Review-g1025208-d34061468-Reviews-Surfbase_Vietnam-Cam_Ranh_Khanh_Hoa_Province.html,173
Havana Club,Bars & Clubs • Dance Clubs & Discos,Khanh Hoa,https://www.tripadvisor.com/Attraction_Review-g293928-d9748275-Reviews-Havana_Club-Nha_Trang_Khanh_Hoa_Province.html,174
Xom Moi Market,Speciality & Gift Shops,Khanh Hoa,https://www.tripadvisor.com/Attraction_Review-g293928-d8010761-Reviews-Xom_Moi_Market-Nha_Trang_Khanh_Hoa_Province.html,175
Tyres Park,Points of Interest & Landmarks,Khanh Hoa,https://www.tripadvisor.com/Attraction_Review-g293928-d21045374-Reviews-Tyres_Park-Nha_Trang_Khanh_Hoa_Province.html,176
Hutu Spa - Best Spa & Massage Nha Trang,Spas,Khanh Hoa,https://www.tripadvisor.com/Attraction_Review-g293928-d32747165-Reviews-Hutu_Spa_Best_Spa_Massage_Nha_Trang-Nha_Trang_Khanh_Hoa_Province.html,177
Ganh Nhay Beach,Beaches,Khanh Hoa,https://www.tripadvisor.com/Attraction_Review-g12920594-d23188138-Reviews-Ganh_Nhay_Beach-Ninh_Hoa_Khanh_Hoa_Province.html,178
Alexandre Yersin Park,Parks,Khanh Hoa,https://www.tripadvisor.com/Attraction_Review-g293928-d26397996-Reviews-Alexandre_Yersin_Park-Nha_Trang_Khanh_Hoa_Province.html,179
keonteulolssi nateulang,Speciality & Gift Shops • Shopping Malls,Khanh Hoa,https://www.tripadvisor.com/Attraction_Review-g293928-d34448948-Reviews-Keonteulolssi_nateulang-Nha_Trang_Khanh_Hoa_Province.html,180
Am Chua Pagoda,Religious Sites,Khanh Hoa,https://www.tripadvisor.com/Attraction_Review-g293928-d11486308-Reviews-Am_Chua_Pagoda-Nha_Trang_Khanh_Hoa_Province.html,181
Lanterns Cooking Class,Cooking Classes,Khanh Hoa,https://www.tripadvisor.com/Attraction_Review-g293928-d1539377-Reviews-Lanterns_Cooking_Class-Nha_Trang_Khanh_Hoa_Province.html,182
Gold Coast in Nha Trang,Thermal Spas,Khanh Hoa,https://www.tripadvisor.com/Attraction_Review-g293928-d27149416-Reviews-Gold_Coast_in_Nha_Trang-Nha_Trang_Khanh_Hoa_Province.html,183
Babysitting/Nanny in Nha Trang,Antique Shops,Khanh Hoa,https://www.tripadvisor.com/Attraction_Review-g293928-d34096578-Reviews-Babysitting_Nanny_in_Nha_Trang-Nha_Trang_Khanh_Hoa_Province.html,184
Story Beach & Pool,Beach & Pool Clubs,Khanh Hoa,https://www.tripadvisor.com/Attraction_Review-g293928-d12968851-Reviews-Story_Beach_Pool-Nha_Trang_Khanh_Hoa_Province.html,185
Rum House,Speciality & Gift Shops,Khanh Hoa,https://www.tripadvisor.com/Attraction_Review-g293928-d26841012-Reviews-Rum_House-Nha_Trang_Khanh_Hoa_Province.html,186
Diamond Bay Golf & Villas,Golf Courses,Khanh Hoa,https://www.tripadvisor.com/Attraction_Review-g293928-d6897560-Reviews-Diamond_Bay_Golf_Villas-Nha_Trang_Khanh_Hoa_Province.html,187
Gamezone Nha Trang,Game & Entertainment Centers,Khanh Hoa,https://www.tripadvisor.com/Attraction_Review-g293928-d33762080-Reviews-Gamezone_Nha_Trang-Nha_Trang_Khanh_Hoa_Province.html,188
NT Fitness Gym,Health Clubs • Yoga & Pilates,Khanh Hoa,https://www.tripadvisor.com/Attraction_Review-g293928-d5943804-Reviews-NT_Fitness_Gym-Nha_Trang_Khanh_Hoa_Province.html,189
Dong Ho Mart,Shopping Malls,Khanh Hoa,https://www.tripadvisor.com/Attraction_Review-g27468434-d34400030-Reviews-Dong_Ho_Mart-Cam_Lam_District_Khanh_Hoa_Province.html,190
Blue Light Transport,Taxis & Shuttles,Khanh Hoa,https://www.tripadvisor.com/Attraction_Review-g293928-d34116160-Reviews-Blue_Light_Transport-Nha_Trang_Khanh_Hoa_Province.html,191
Cô Tiên Lữ Quán Nha Trang Cho Thuê Chòi,Gardens,Khanh Hoa,https://www.tripadvisor.com/Attraction_Review-g293928-d27659139-Reviews-Co_Tien_L_Quan_Nha_Trang_Cho_Thue_Choi-Nha_Trang_Khanh_Hoa_Province.html,192
Dom Nha Trang,Bars & Clubs,Khanh Hoa,https://www.tripadvisor.com/Attraction_Review-g293928-d27982078-Reviews-Dom_Nha_Trang-Nha_Trang_Khanh_Hoa_Province.html,193
Đầm Thủy Triều,Points of Interest & Landmarks • Beaches,Khanh Hoa,https://www.tripadvisor.com/Attraction_Review-g1025208-d33018486-Reviews-D_m_Th_y_Tri_u-Cam_Ranh_Khanh_Hoa_Province.html,194
Hoang Yen Tailor,Speciality & Gift Shops,Khanh Hoa,https://www.tripadvisor.com/Attraction_Review-g293928-d6807119-Reviews-Hoang_Yen_Tailor-Nha_Trang_Khanh_Hoa_Province.html,195
Emperor Cruises Nha Trang Bay,Islands • Boat Tours,Khanh Hoa,https://www.tripadvisor.com/Attraction_Review-g293928-d7929240-Reviews-Emperor_Cruises_Nha_Trang_Bay-Nha_Trang_Khanh_Hoa_Province.html,196
Русский театр в Нячанге,Theaters,Khanh Hoa,https://www.tripadvisor.com/Attraction_Review-g293928-d34265624-Reviews-Nha_Trang_Khanh_Hoa_Province.html,197
Palace Of Revelation,Points of Interest & Landmarks,Khanh Hoa,https://www.tripadvisor.com/Attraction_Review-g293928-d27284477-Reviews-Palace_Of_Revelation-Nha_Trang_Khanh_Hoa_Province.html,198
Eye Photo,Art Galleries,Khanh Hoa,https://www.tripadvisor.com/Attraction_Review-g293928-d33025757-Reviews-Eye_Photo-Nha_Trang_Khanh_Hoa_Province.html,199
Lemongrass House Vietnam,Speciality & Gift Shops,Khanh Hoa,https://www.tripadvisor.com/Attraction_Review-g293928-d11727298-Reviews-Lemongrass_House_Vietnam-Nha_Trang_Khanh_Hoa_Province.html,200
Hello Igloo Nha Trang,Game & Entertainment Centers,Khanh Hoa,https://www.tripadvisor.com/Attraction_Review-g293928-d18816055-Reviews-Hello_Igloo_Nha_Trang-Nha_Trang_Khanh_Hoa_Province.html,201
Axi Beach Lounge,Coffeehouses • Beach & Pool Clubs,Khanh Hoa,https://www.tripadvisor.com/Attraction_Review-g1025208-d32871644-Reviews-Axi_Beach_Lounge-Cam_Ranh_Khanh_Hoa_Province.html,202
Hon Mot,Islands,Khanh Hoa,https://www.tripadvisor.com/Attraction_Review-g293928-d21276367-Reviews-Hon_Mot-Nha_Trang_Khanh_Hoa_Province.html,203
nateulang geulin ibalso,Spas,Khanh Hoa,https://www.tripadvisor.com/Attraction_Review-g293928-d34503313-Reviews-Nateulang_geulin_ibalso-Nha_Trang_Khanh_Hoa_Province.html,204
Oceanspa Camranh,Spas • Thermal Spas,Khanh Hoa,https://www.tripadvisor.com/Attraction_Review-g1025208-d34329250-Reviews-Oceanspa_Camranh-Cam_Ranh_Khanh_Hoa_Province.html,205
Tyni kid&family spa,Spas,Khanh Hoa,https://www.tripadvisor.com/Attraction_Review-g293928-d26226166-Reviews-Tyni_kid_family_spa-Nha_Trang_Khanh_Hoa_Province.html,206
Miya Jewellery,Speciality & Gift Shops • Lessons & Workshops,Khanh Hoa,https://www.tripadvisor.com/Attraction_Review-g293928-d25126527-Reviews-Miya_Jewellery-Nha_Trang_Khanh_Hoa_Province.html,207
Wolpertinger Cocktail Vault,Wine Bars,Khanh Hoa,https://www.tripadvisor.com/Attraction_Review-g293928-d26524905-Reviews-Wolpertinger_Cocktail_Vault-Nha_Trang_Khanh_Hoa_Province.html,208
Above Skybar,Bars & Clubs,Khanh Hoa,https://www.tripadvisor.com/Attraction_Review-g293928-d10000831-Reviews-Above_Skybar-Nha_Trang_Khanh_Hoa_Province.html,209
Motorbike Rental Nha Trang Anh Cuong,Gear Rentals,Khanh Hoa,https://www.tripadvisor.com/Attraction_Review-g293928-d33949894-Reviews-Motorbike_Rental_Nha_Trang_Anh_Cuong-Nha_Trang_Khanh_Hoa_Province.html,210
The Rabbit Hole Night Club,Bars & Clubs • Dance Clubs & Discos,Khanh Hoa,https://www.tripadvisor.com/Attraction_Review-g293928-d12212055-Reviews-The_Rabbit_Hole_Night_Club-Nha_Trang_Khanh_Hoa_Province.html,211
Du Thuyền Nha Trang,Marinas • Points of Interest & Landmarks,Khanh Hoa,https://www.tripadvisor.com/Attraction_Review-g293928-d33399054-Reviews-Du_Thuy_n_Nha_Trang-Nha_Trang_Khanh_Hoa_Province.html,212
Bảo tàng Ngọc Trai Hoàng Gia,Speciality & Gift Shops,Khanh Hoa,https://www.tripadvisor.com/Attraction_Review-g293928-d33883109-Reviews-B_o_tang_Ng_c_Trai_Hoang_Gia-Nha_Trang_Khanh_Hoa_Province.html,213
Bida Nhat Kieu 2,Game & Entertainment Centers,Khanh Hoa,https://www.tripadvisor.com/Attraction_Review-g293928-d19849871-Reviews-Bida_Nhat_Kieu_2-Nha_Trang_Khanh_Hoa_Province.html,214
Nha Trang Bay,Bodies of Water,Khanh Hoa,https://www.tripadvisor.com/Attraction_Review-g293928-d17713635-Reviews-Nha_Trang_Bay-Nha_Trang_Khanh_Hoa_Province.html,215
Edu Waterfall - Thác Edu,Waterfalls,Khanh Hoa,https://www.tripadvisor.com/Attraction_Review-g17674832-d27505969-Reviews-Edu_Waterfall_Thac_Edu-Khanh_Vinh_Khanh_Hoa_Province.html,216
Coconut Massage,Spas,Khanh Hoa,https://www.tripadvisor.com/Attraction_Review-g293928-d6983687-Reviews-Coconut_Massage-Nha_Trang_Khanh_Hoa_Province.html,218
Kim Beauty & Spa,Spas,Khanh Hoa,https://www.tripadvisor.com/Attraction_Review-g293928-d16835204-Reviews-Kim_Beauty_Spa-Nha_Trang_Khanh_Hoa_Province.html,219
Nha Trang Sport Unite,Health Clubs • Sports Complexes,Khanh Hoa,https://www.tripadvisor.com/Attraction_Review-g293928-d23040231-Reviews-Nha_Trang_Sport_Unite-Nha_Trang_Khanh_Hoa_Province.html,220
Quynh Phu Assembly Hall Ninh Hoa,Art Museums,Khanh Hoa,https://www.tripadvisor.com/Attraction_Review-g21504526-d32865948-Reviews-Quynh_Phu_Assembly_Hall_Ninh_Hoa-Ninh_Hiep_Ninh_Hoa_Khanh_Hoa_Province.html,221
Blind Massage Hoa Lu,Spas,Khanh Hoa,https://www.tripadvisor.com/Attraction_Review-g293928-d8098776-Reviews-Blind_Massage_Hoa_Lu-Nha_Trang_Khanh_Hoa_Province.html,222
Samadhi Spa Nha Trang,Spas,Khanh Hoa,https://www.tripadvisor.com/Attraction_Review-g293928-d28667067-Reviews-Samadhi_Spa_Nha_Trang-Nha_Trang_Khanh_Hoa_Province.html,223
Galina Mud Bath and Spa,Spas,Khanh Hoa,https://www.tripadvisor.com/Attraction_Review-g293928-d7050521-Reviews-Galina_Mud_Bath_and_Spa-Nha_Trang_Khanh_Hoa_Province.html,224
Vincharm Spa,Spas • Thermal Spas,Khanh Hoa,https://www.tripadvisor.com/Attraction_Review-g293928-d15708977-Reviews-Vincharm_Spa-Nha_Trang_Khanh_Hoa_Province.html,225
Hiếu Tattoo Nha Trang,Speciality & Gift Shops,Khanh Hoa,https://www.tripadvisor.com/Attraction_Review-g293928-d26771889-Reviews-Hi_u_Tattoo_Nha_Trang-Nha_Trang_Khanh_Hoa_Province.html,226
Kathedraal Van Nha Trang,Churches & Cathedrals,Khanh Hoa,https://www.tripadvisor.com/Attraction_Review-g293928-d33037996-Reviews-Kathedraal_Van_Nha_Trang-Nha_Trang_Khanh_Hoa_Province.html,227
Nha Trang The Hill Spa,Spas,Khanh Hoa,https://www.tripadvisor.com/Attraction_Review-g293928-d34389726-Reviews-Nha_Trang_The_Hill_Spa-Nha_Trang_Khanh_Hoa_Province.html,228
Chua Duc Hoa Temple,Points of Interest & Landmarks,Khanh Hoa,https://www.tripadvisor.com/Attraction_Review-g12920594-d32864259-Reviews-Chua_Duc_Hoa_Temple-Ninh_Hoa_Khanh_Hoa_Province.html,229
Diamond Bay Golf,Golf Courses,Khanh Hoa,https://www.tripadvisor.com/Attraction_Review-g293928-d8299996-Reviews-Diamond_Bay_Golf-Nha_Trang_Khanh_Hoa_Province.html,230
GỐC Studio,Speciality & Gift Shops • Art Galleries,Khanh Hoa,https://www.tripadvisor.com/Attraction_Review-g293928-d32883886-Reviews-G_C_Studio-Nha_Trang_Khanh_Hoa_Province.html,231
"Excursions In Nha Trang, Vietnam - Uncle Vanya",City Tours • Coffee & Tea Tours,Khanh Hoa,https://www.tripadvisor.com/Attraction_Review-g293928-d8611004-Reviews-Excursions_In_Nha_Trang_Vietnam_Uncle_Vanya-Nha_Trang_Khanh_Hoa_Province.html,232
Nha Trang Train Station,Rail Services • Public Transportation Systems,Khanh Hoa,https://www.tripadvisor.com/Attraction_Review-g293928-d12151081-Reviews-Nha_Trang_Train_Station-Nha_Trang_Khanh_Hoa_Province.html,233
Bai Tranh Island,Beach & Pool Clubs,Khanh Hoa,https://www.tripadvisor.com/Attraction_Review-g293928-d19726703-Reviews-Bai_Tranh_Island-Nha_Trang_Khanh_Hoa_Province.html,234
T Spa - Spa Massage,Spas,Khanh Hoa,https://www.tripadvisor.com/Attraction_Review-g293928-d27138132-Reviews-T_Spa_Spa_Massage-Nha_Trang_Khanh_Hoa_Province.html,235
Zen Spa,Spas,Khanh Hoa,https://www.tripadvisor.com/Attraction_Review-g293928-d15058913-Reviews-Zen_Spa-Nha_Trang_Khanh_Hoa_Province.html,236
Galina Show,Theater & Performances,Khanh Hoa,https://www.tripadvisor.com/Attraction_Review-g293928-d12499191-Reviews-Galina_Show-Nha_Trang_Khanh_Hoa_Province.html,237
Anth's Spa,Spas,Khanh Hoa,https://www.tripadvisor.com/Attraction_Review-g293928-d28220529-Reviews-Anth_s_Spa-Nha_Trang_Khanh_Hoa_Province.html,238
Olympic Nha Trang Gym & Fitness,Health Clubs,Khanh Hoa,https://www.tripadvisor.com/Attraction_Review-g293928-d10818242-Reviews-Olympic_Nha_Trang_Gym_Fitness-Nha_Trang_Khanh_Hoa_Province.html,239
T.A.P Hair Salon - Hair Stylist & Academy,Open now,Khanh Hoa,https://www.tripadvisor.com/Attraction_Review-g293928-d26353748-Reviews-T_A_P_Hair_Salon_Hair_Stylist_Academy-Nha_Trang_Khanh_Hoa_Province.html,240
04 Tattoo Studio,Speciality & Gift Shops,Khanh Hoa,https://www.tripadvisor.com/Attraction_Review-g293928-d32731002-Reviews-04_Tattoo_Studio-Nha_Trang_Khanh_Hoa_Province.html,241
Calla Spa Nha Trang,Spas,Khanh Hoa,https://www.tripadvisor.com/Attraction_Review-g293928-d25188718-Reviews-Calla_Spa_Nha_Trang-Nha_Trang_Khanh_Hoa_Province.html,242
Last Call,Bars & Clubs,Khanh Hoa,https://www.tripadvisor.com/Attraction_Review-g293928-d26823921-Reviews-Last_Call-Nha_Trang_Khanh_Hoa_Province.html,243
Lucky Spa Foot & Body Massage,Spas,Khanh Hoa,https://www.tripadvisor.com/Attraction_Review-g293928-d11746383-Reviews-Lucky_Spa_Foot_Body_Massage-Nha_Trang_Khanh_Hoa_Province.html,244
Mắt Kính Mia,Speciality & Gift Shops,Khanh Hoa,https://www.tripadvisor.com/Attraction_Review-g293928-d33996553-Reviews-M_t_Kinh_Mia-Nha_Trang_Khanh_Hoa_Province.html,245
Luxe Nails & Spa Nha Trang,Spas,Khanh Hoa,https://www.tripadvisor.com/Attraction_Review-g293928-d33238962-Reviews-Luxe_Nails_Spa_Nha_Trang-Nha_Trang_Khanh_Hoa_Province.html,246
The Cooking School at Sheraton Nha Trang,Cooking Classes,Khanh Hoa,https://www.tripadvisor.com/Attraction_Review-g293928-d17734085-Reviews-The_Cooking_School_at_Sheraton_Nha_Trang-Nha_Trang_Khanh_Hoa_Province.html,247
Spa Maryana Queen,Spas,Khanh Hoa,https://www.tripadvisor.com/Attraction_Review-g293928-d10794935-Reviews-Spa_Maryana_Queen-Nha_Trang_Khanh_Hoa_Province.html,248
Gang Spa Nha Trang,Spas • Thermal Spas,Khanh Hoa,https://www.tripadvisor.com/Attraction_Review-g293928-d33966389-Reviews-Gang_Spa_Nha_Trang-Nha_Trang_Khanh_Hoa_Province.html,249
Sunrise Spa,Yoga & Pilates • Spas,Khanh Hoa,https://www.tripadvisor.com/Attraction_Review-g293928-d11698423-Reviews-Sunrise_Spa-Nha_Trang_Khanh_Hoa_Province.html,250
Cala Spa,Spas,Khanh Hoa,https://www.tripadvisor.com/Attraction_Review-g18928520-d26785306-Reviews-Cala_Spa-Cam_Hai_Dong_Cam_Lam_District_Khanh_Hoa_Province.html,251
Bông Villa,Bars & Clubs • Gardens,Khanh Hoa,https://www.tripadvisor.com/Attraction_Review-g293928-d27250633-Reviews-Bong_Villa-Nha_Trang_Khanh_Hoa_Province.html,252
Nha Trang Shopping,Speciality & Gift Shops,Khanh Hoa,https://www.tripadvisor.com/Attraction_Review-g293928-d7037905-Reviews-Nha_Trang_Shopping-Nha_Trang_Khanh_Hoa_Province.html,253
Vietnam Active - PADI Dive Center & Snorkeling,Scuba & Snorkelling,Khanh Hoa,https://www.tripadvisor.com/Attraction_Review-g293928-d4064537-Reviews-Vietnam_Active_PADI_Dive_Center_Snorkeling-Nha_Trang_Khanh_Hoa_Province.html,254
Laila Spa&nails,Spas,Khanh Hoa,https://www.tripadvisor.com/Attraction_Review-g293928-d27727620-Reviews-Laila_Spa_nails-Nha_Trang_Khanh_Hoa_Province.html,255
Catamaran VN,Boat Tours • Fishing Charters & Tours,Khanh Hoa,https://www.tripadvisor.com/Attraction_Review-g293928-d11635832-Reviews-Catamaran_VN-Nha_Trang_Khanh_Hoa_Province.html,256
Chan Spa Foot & Body Massage,Spas,Khanh Hoa,https://www.tripadvisor.com/Attraction_Review-g293928-d28027616-Reviews-Chan_Spa_Foot_Body_Massage-Nha_Trang_Khanh_Hoa_Province.html,257
White Lotus - Traditional Medicine Center,Spas,Khanh Hoa,https://www.tripadvisor.com/Attraction_Review-g293928-d17558140-Reviews-White_Lotus_Traditional_Medicine_Center-Nha_Trang_Khanh_Hoa_Province.html,259
Туоператор МИР ТУР,City Tours • Multi-day Tours,Khanh Hoa,https://www.tripadvisor.com/Attraction_Review-g293928-d19095465-Reviews-Nha_Trang_Khanh_Hoa_Province.html,260
Chum Show - Đó Theatre,Theater & Performances,Khanh Hoa,https://www.tripadvisor.com/Attraction_Review-g293928-d33960239-Reviews-Chum_Show_Do_Theatre-Nha_Trang_Khanh_Hoa_Province.html,261
Thien Therapy2,Spas,Khanh Hoa,https://www.tripadvisor.com/Attraction_Review-g293928-d27727645-Reviews-Thien_Therapy2-Nha_Trang_Khanh_Hoa_Province.html,262
Why Not Bar Nha Trang,Bars & Clubs,Khanh Hoa,https://www.tripadvisor.com/Attraction_Review-g293928-d32973106-Reviews-Why_Not_Bar_Nha_Trang-Nha_Trang_Khanh_Hoa_Province.html,264
Everyday Spa,Spas,Khanh Hoa,https://www.tripadvisor.com/Attraction_Review-g293928-d7771179-Reviews-Everyday_Spa-Nha_Trang_Khanh_Hoa_Province.html,265
Yoga Victoria,Yoga & Pilates,Khanh Hoa,https://www.tripadvisor.com/Attraction_Review-g293928-d4133620-Reviews-Yoga_Victoria-Nha_Trang_Khanh_Hoa_Province.html,266
Feel Good Spa Nha Trang,Spas,Khanh Hoa,https://www.tripadvisor.com/Attraction_Review-g293928-d28093169-Reviews-Feel_Good_Spa_Nha_Trang-Nha_Trang_Khanh_Hoa_Province.html,267
Mys Spa Nha Trang,Spas,Khanh Hoa,https://www.tripadvisor.com/Attraction_Review-g293928-d29004461-Reviews-Mys_Spa_Nha_Trang-Nha_Trang_Khanh_Hoa_Province.html,268
Nha Trang Maulspa Cam Ranh,Spas • Thermal Spas,Khanh Hoa,https://www.tripadvisor.com/Attraction_Review-g1025208-d34329237-Reviews-Nha_Trang_Maulspa_Cam_Ranh-Cam_Ranh_Khanh_Hoa_Province.html,269
Mr. Viet Coffee Concept Store Nha Trang,Speciality & Gift Shops,Khanh Hoa,https://www.tripadvisor.com/Attraction_Review-g293928-d33413285-Reviews-Mr_Viet_Coffee_Concept_Store_Nha_Trang-Nha_Trang_Khanh_Hoa_Province.html,270
W Spa&nails,Spas,Khanh Hoa,https://www.tripadvisor.com/Attraction_Review-g293928-d27727626-Reviews-W_Spa_nails-Nha_Trang_Khanh_Hoa_Province.html,271
LOTUS Beauty & Spa,Spas,Khanh Hoa,https://www.tripadvisor.com/Attraction_Review-g293928-d6931234-Reviews-LOTUS_Beauty_Spa-Nha_Trang_Khanh_Hoa_Province.html,272
Magical Mystery Tour Nha Trang - Viet Garden Cooking,Cooking Classes,Khanh Hoa,https://www.tripadvisor.com/Attraction_Review-g293928-d6696310-Reviews-Magical_Mystery_Tour_Nha_Trang_Viet_Garden_Cooking-Nha_Trang_Khanh_Hoa_Province.html,273
GARDEN SPA,Spas • Thermal Spas,Khanh Hoa,https://www.tripadvisor.com/Attraction_Review-g1025208-d34329246-Reviews-GARDEN_SPA-Cam_Ranh_Khanh_Hoa_Province.html,274
Well Spa,Wine Tours & Tastings,Khanh Hoa,https://www.tripadvisor.com/Attraction_Review-g293928-d21369154-Reviews-Well_Spa-Nha_Trang_Khanh_Hoa_Province.html,275
Master Karaoke & Restaurant,Karaoke Bars,Khanh Hoa,https://www.tripadvisor.com/Attraction_Review-g293928-d27738788-Reviews-Master_Karaoke_Restaurant-Nha_Trang_Khanh_Hoa_Province.html,276
Kissa Souvenirs Nha Trang,Speciality & Gift Shops,Khanh Hoa,https://www.tripadvisor.com/Attraction_Review-g293928-d15410285-Reviews-Kissa_Souvenirs_Nha_Trang-Nha_Trang_Khanh_Hoa_Province.html,277
Phuong Nam Bookstore,Speciality & Gift Shops,Khanh Hoa,https://www.tripadvisor.com/Attraction_Review-g293928-d21075764-Reviews-Phuong_Nam_Bookstore-Nha_Trang_Khanh_Hoa_Province.html,278
Amora Spa - Massage And Nail Nha Trang,Spas,Khanh Hoa,https://www.tripadvisor.com/Attraction_Review-g293928-d33334629-Reviews-Amora_Spa_Massage_And_Nail_Nha_Trang-Nha_Trang_Khanh_Hoa_Province.html,279
Only Spa Nha Trang - Massage Body & Foot,Spas • Thermal Spas,Khanh Hoa,https://www.tripadvisor.com/Attraction_Review-g293928-d33280333-Reviews-Only_Spa_Nha_Trang_Massage_Body_Foot-Nha_Trang_Khanh_Hoa_Province.html,280
Beerpong,Bars & Clubs,Khanh Hoa,https://www.tripadvisor.com/Attraction_Review-g293928-d5492662-Reviews-Beerpong-Nha_Trang_Khanh_Hoa_Province.html,281
Vinbath Check In,Game & Entertainment Centers,Khanh Hoa,https://www.tripadvisor.com/Attraction_Review-g293928-d27338876-Reviews-Vinbath_Check_In-Nha_Trang_Khanh_Hoa_Province.html,282
Gunwolf Hairsalon,Spas,Khanh Hoa,https://www.tripadvisor.com/Attraction_Review-g293928-d27685424-Reviews-Gunwolf_Hairsalon-Nha_Trang_Khanh_Hoa_Province.html,284
Blind Massage Ngoc Tien,Spas,Khanh Hoa,https://www.tripadvisor.com/Attraction_Review-g293928-d6931520-Reviews-Blind_Massage_Ngoc_Tien-Nha_Trang_Khanh_Hoa_Province.html,285
Spa Lux,Spas,Khanh Hoa,https://www.tripadvisor.com/Attraction_Review-g293928-d33055276-Reviews-Spa_Lux-Nha_Trang_Khanh_Hoa_Province.html,286
Le Spa At Alma Resort,Spas,Khanh Hoa,https://www.tripadvisor.com/Attraction_Review-g18928520-d25064343-Reviews-Le_Spa_At_Alma_Resort-Cam_Hai_Dong_Cam_Lam_District_Khanh_Hoa_Province.html,287
King Blind Massage,Spas,Khanh Hoa,https://www.tripadvisor.com/Attraction_Review-g293928-d27106313-Reviews-King_Blind_Massage-Nha_Trang_Khanh_Hoa_Province.html,288
Yolo Ocean Camp,Parasailing & Paragliding • Scuba & Snorkelling,Khanh Hoa,https://www.tripadvisor.com/Attraction_Review-g293928-d25559926-Reviews-Yolo_Ocean_Camp-Nha_Trang_Khanh_Hoa_Province.html,289
Luxe Hair Salon,Spas,Khanh Hoa,https://www.tripadvisor.com/Attraction_Review-g293928-d33993846-Reviews-Luxe_Hair_Salon-Nha_Trang_Khanh_Hoa_Province.html,290
Healing spa,Spas,Khanh Hoa,https://www.tripadvisor.com/Attraction_Review-g293928-d34471729-Reviews-Healing_spa-Nha_Trang_Khanh_Hoa_Province.html,291
VŨ THÀNH TAILOR,Speciality & Gift Shops,Khanh Hoa,https://www.tripadvisor.com/Attraction_Review-g293928-d27118377-Reviews-VU_THANH_TAILOR-Nha_Trang_Khanh_Hoa_Province.html,292
Venus Yoga & Fitness Center,Health Clubs • Yoga & Pilates,Khanh Hoa,https://www.tripadvisor.com/Attraction_Review-g293928-d24071774-Reviews-Venus_Yoga_Fitness_Center-Nha_Trang_Khanh_Hoa_Province.html,293
Nha Trang Sea Star,Scuba & Snorkelling,Khanh Hoa,https://www.tripadvisor.com/Attraction_Review-g293928-d8638628-Reviews-Nha_Trang_Sea_Star-Nha_Trang_Khanh_Hoa_Province.html,294
Trầm Hương Spa,Spas,Khanh Hoa,https://www.tripadvisor.com/Attraction_Review-g14125084-d25573517-Reviews-Tr_m_Huong_Spa-Cam_Duc_Cam_Lam_District_Khanh_Hoa_Province.html,295
Vivian Spa,Spas,Khanh Hoa,https://www.tripadvisor.com/Attraction_Review-g293928-d10024584-Reviews-Vivian_Spa-Nha_Trang_Khanh_Hoa_Province.html,296
Paradise Club Nha Trang,Bars & Clubs • Dance Clubs & Discos,Khanh Hoa,https://www.tripadvisor.com/Attraction_Review-g293928-d23860401-Reviews-Paradise_Club_Nha_Trang-Nha_Trang_Khanh_Hoa_Province.html,297
Miu Miu Spa & Beauty,Spas,Khanh Hoa,https://www.tripadvisor.com/Attraction_Review-g293928-d17527586-Reviews-Miu_Miu_Spa_Beauty-Nha_Trang_Khanh_Hoa_Province.html,298
Legendary Chocolatier,Speciality & Gift Shops,Khanh Hoa,https://www.tripadvisor.com/Attraction_Review-g293928-d18313868-Reviews-Legendary_Chocolatier-Nha_Trang_Khanh_Hoa_Province.html,299
Nha Trang Xua Cooking Class,Cooking Classes,Khanh Hoa,https://www.tripadvisor.com/Attraction_Review-g293928-d30695561-Reviews-Nha_Trang_Xua_Cooking_Class-Nha_Trang_Khanh_Hoa_Province.html,300
Inner Coffee- Cây & Workshop,Coffeehouses,Khanh Hoa,https://www.tripadvisor.com/Attraction_Review-g293928-d25223028-Reviews-Inner_Coffee_Cay_Workshop-Nha_Trang_Khanh_Hoa_Province.html,301
Jeju Spa Cam Ranh,Spas,Khanh Hoa,https://www.tripadvisor.com/Attraction_Review-g14125084-d32859278-Reviews-Jeju_Spa_Cam_Ranh-Cam_Duc_Cam_Lam_District_Khanh_Hoa_Province.html,302
Spa Hồng Nhung Luxury - Cam Ranh,Spas,Khanh Hoa,https://www.tripadvisor.com/Attraction_Review-g1025208-d27781929-Reviews-Spa_H_ng_Nhung_Luxury_Cam_Ranh-Cam_Ranh_Khanh_Hoa_Province.html,303
White Spa & Nail,Open now,Khanh Hoa,https://www.tripadvisor.com/Attraction_Review-g293928-d14821288-Reviews-White_Spa_Nail-Nha_Trang_Khanh_Hoa_Province.html,304
Henry Spa,Spas,Khanh Hoa,https://www.tripadvisor.com/Attraction_Review-g293928-d20093047-Reviews-Henry_Spa-Nha_Trang_Khanh_Hoa_Province.html,305
Lounge Spa,Spas,Khanh Hoa,https://www.tripadvisor.com/Attraction_Review-g293928-d19270245-Reviews-Lounge_Spa-Nha_Trang_Khanh_Hoa_Province.html,306
Vega Yacht Viet Nam,Marinas • Scuba & Snorkelling,Khanh Hoa,https://www.tripadvisor.com/Attraction_Review-g293928-d20943588-Reviews-Vega_Yacht_Viet_Nam-Nha_Trang_Khanh_Hoa_Province.html,307
Nha Trang Transfer Services,Taxis & Shuttles,Khanh Hoa,https://www.tripadvisor.com/Attraction_Review-g293928-d15608874-Reviews-Nha_Trang_Transfer_Services-Nha_Trang_Khanh_Hoa_Province.html,308
Tê Bê Chilling Cocktail House,Bars & Clubs,Khanh Hoa,https://www.tripadvisor.com/Attraction_Review-g293928-d25223021-Reviews-Te_Be_Chilling_Cocktail_House-Nha_Trang_Khanh_Hoa_Province.html,309
Why Not Bar,Bars & Clubs,Khanh Hoa,https://www.tripadvisor.com/Attraction_Review-g293928-d782081-Reviews-Why_Not_Bar-Nha_Trang_Khanh_Hoa_Province.html,310
Oasis,Spas,Khanh Hoa,https://www.tripadvisor.com/Attraction_Review-g293928-d4340408-Reviews-Oasis-Nha_Trang_Khanh_Hoa_Province.html,311
Ngọc Xuân Beauty & More,Spas,Khanh Hoa,https://www.tripadvisor.com/Attraction_Review-g293928-d26375780-Reviews-Ng_c_Xuan_Beauty_More-Nha_Trang_Khanh_Hoa_Province.html,312
The Blind Massage,Spas,Khanh Hoa,https://www.tripadvisor.com/Attraction_Review-g293928-d8295671-Reviews-The_Blind_Massage-Nha_Trang_Khanh_Hoa_Province.html,313
Leva Spa - Massage & Sauna Nha Trang,Spas,Khanh Hoa,https://www.tripadvisor.com/Attraction_Review-g293928-d26266580-Reviews-Leva_Spa_Massage_Sauna_Nha_Trang-Nha_Trang_Khanh_Hoa_Province.html,314
Én Beauty,Spas,Khanh Hoa,https://www.tripadvisor.com/Attraction_Review-g293928-d26579021-Reviews-En_Beauty-Nha_Trang_Khanh_Hoa_Province.html,315
Y - Nam Spa Massage,Spas,Khanh Hoa,https://www.tripadvisor.com/Attraction_Review-g27468434-d34114844-Reviews-Y_Nam_Spa_Massage-Cam_Lam_District_Khanh_Hoa_Province.html,316
Min An - Gội Đầu Dưỡng Sinh Nha Trang,Spas,Khanh Hoa,https://www.tripadvisor.com/Attraction_Review-g293928-d26730677-Reviews-Min_An_G_i_D_u_Du_ng_Sinh_Nha_Trang-Nha_Trang_Khanh_Hoa_Province.html,317
HP Beauty & Facial Nha Trang,Spas,Khanh Hoa,https://www.tripadvisor.com/Attraction_Review-g293928-d26613747-Reviews-HP_Beauty_Facial_Nha_Trang-Nha_Trang_Khanh_Hoa_Province.html,318
Easy Rider Nha Trang,City Tours • Multi-day Tours,Khanh Hoa,https://www.tripadvisor.com/Attraction_Review-g293928-d4995660-Reviews-Easy_Rider_Nha_Trang-Nha_Trang_Khanh_Hoa_Province.html,320
May Spa,Spas,Khanh Hoa,https://www.tripadvisor.com/Attraction_Review-g293928-d19596224-Reviews-May_Spa-Nha_Trang_Khanh_Hoa_Province.html,321
Gold Leaf Luxury Spa & Beauty,Spas,Khanh Hoa,https://www.tripadvisor.com/Attraction_Review-g293928-d18978644-Reviews-Gold_Leaf_Luxury_Spa_Beauty-Nha_Trang_Khanh_Hoa_Province.html,322
DTX Spa & Massage,Spas,Khanh Hoa,https://www.tripadvisor.com/Attraction_Review-g293928-d23452695-Reviews-DTX_Spa_Massage-Nha_Trang_Khanh_Hoa_Province.html,323
July Spa,Spas,Khanh Hoa,https://www.tripadvisor.com/Attraction_Review-g18928520-d32866919-Reviews-July_Spa-Cam_Hai_Dong_Cam_Lam_District_Khanh_Hoa_Province.html,324
Karaoke Avatar Best Music,Karaoke Bars,Khanh Hoa,https://www.tripadvisor.com/Attraction_Review-g293928-d21041156-Reviews-Karaoke_Avatar_Best_Music-Nha_Trang_Khanh_Hoa_Province.html,325
Coco Spa,Spas,Khanh Hoa,https://www.tripadvisor.com/Attraction_Review-g293928-d19321706-Reviews-Coco_Spa-Nha_Trang_Khanh_Hoa_Province.html,326
Adelia Spa,Spas,Khanh Hoa,https://www.tripadvisor.com/Attraction_Review-g293928-d26094733-Reviews-Adelia_Spa-Nha_Trang_Khanh_Hoa_Province.html,327
Chanh Spa & Nail,Spas • Thermal Spas,Khanh Hoa,https://www.tripadvisor.com/Attraction_Review-g1025208-d34426445-Reviews-Chanh_Spa_Nail-Cam_Ranh_Khanh_Hoa_Province.html,328
Vietphong,Speciality & Gift Shops,Khanh Hoa,https://www.tripadvisor.com/Attraction_Review-g293928-d25265326-Reviews-Vietphong-Nha_Trang_Khanh_Hoa_Province.html,329
Mina Spa,Spas,Khanh Hoa,https://www.tripadvisor.com/Attraction_Review-g293928-d28149697-Reviews-Mina_Spa-Nha_Trang_Khanh_Hoa_Province.html,330
Himalaya Luxury Beauty Center,Spas,Khanh Hoa,https://www.tripadvisor.com/Attraction_Review-g14125084-d26859272-Reviews-Himalaya_Luxury_Beauty_Center-Cam_Duc_Cam_Lam_District_Khanh_Hoa_Province.html,331
Thuê Xe Máy Nha Trang,Gear Rentals,Khanh Hoa,https://www.tripadvisor.com/Attraction_Review-g293928-d33001846-Reviews-Thue_Xe_May_Nha_Trang-Nha_Trang_Khanh_Hoa_Province.html,332
Vietnam Motorcycle Tour,City Tours • Motorcycle Tours,Khanh Hoa,https://www.tripadvisor.com/Attraction_Review-g293928-d5501636-Reviews-Vietnam_Motorcycle_Tour-Nha_Trang_Khanh_Hoa_Province.html,333
Ten Long Tan,Spas,Khanh Hoa,https://www.tripadvisor.com/Attraction_Review-g293928-d27461439-Reviews-Ten_Long_Tan-Nha_Trang_Khanh_Hoa_Province.html,334
Health Spa,Spas,Khanh Hoa,https://www.tripadvisor.com/Attraction_Review-g293928-d34471727-Reviews-Health_Spa-Nha_Trang_Khanh_Hoa_Province.html,335
Dream Beach Spa,Spas,Khanh Hoa,https://www.tripadvisor.com/Attraction_Review-g293928-d8803765-Reviews-Dream_Beach_Spa-Nha_Trang_Khanh_Hoa_Province.html,336
Imperial Club,Bowling Alleys • Karaoke Bars,Khanh Hoa,https://www.tripadvisor.com/Attraction_Review-g293928-d32842318-Reviews-Imperial_Club-Nha_Trang_Khanh_Hoa_Province.html,337
Tropicana Nails & Spa,,Khanh Hoa,https://www.tripadvisor.com/Attraction_Review-g293928-d26502451-Reviews-Tropicana_Nails_Spa-Nha_Trang_Khanh_Hoa_Province.html,338
RIVERIA Riverside Mixology & Sushi Lounge Nha Trang,Bars & Clubs • Coffeehouses,Khanh Hoa,https://www.tripadvisor.com/Attraction_Review-g293928-d16820857-Reviews-RIVERIA_Riverside_Mixology_Sushi_Lounge_Nha_Trang-Nha_Trang_Khanh_Hoa_Province.html,339
PNX Fire / Boracay Phoenix Fire Dancers,Beaches • Theater & Performances,Khanh Hoa,https://www.tripadvisor.com/Attraction_Review-g293928-d8517576-Reviews-PNX_Fire_Boracay_Phoenix_Fire_Dancers-Nha_Trang_Khanh_Hoa_Province.html,340
Spartan Fitness & Yoga,Health Clubs • Yoga & Pilates,Khanh Hoa,https://www.tripadvisor.com/Attraction_Review-g293928-d22872419-Reviews-Spartan_Fitness_Yoga-Nha_Trang_Khanh_Hoa_Province.html,341
Lavender Spa,Spas,Khanh Hoa,https://www.tripadvisor.com/Attraction_Review-g293928-d16714964-Reviews-Lavender_Spa-Nha_Trang_Khanh_Hoa_Province.html,342
Phai Phai Drinks & Foods,Bars & Clubs,Khanh Hoa,https://www.tripadvisor.com/Attraction_Review-g293928-d25191834-Reviews-Phai_Phai_Drinks_Foods-Nha_Trang_Khanh_Hoa_Province.html,343
Bikini Vivian Nha Trang,Speciality & Gift Shops,Khanh Hoa,https://www.tripadvisor.com/Attraction_Review-g293928-d25430538-Reviews-Bikini_Vivian_Nha_Trang-Nha_Trang_Khanh_Hoa_Province.html,344
Merli Nails,Spas,Khanh Hoa,https://www.tripadvisor.com/Attraction_Review-g293928-d26532777-Reviews-Merli_Nails-Nha_Trang_Khanh_Hoa_Province.html,345
Sơn Phú,Taxis & Shuttles,Khanh Hoa,https://www.tripadvisor.com/Attraction_Review-g293928-d29272259-Reviews-Son_Phu-Nha_Trang_Khanh_Hoa_Province.html,346
Odesa Nail&spa,Spas,Khanh Hoa,https://www.tripadvisor.com/Attraction_Review-g293928-d34419066-Reviews-Odesa_Nail_spa-Nha_Trang_Khanh_Hoa_Province.html,347
Hon Tam Mud Bath - Nha Trang,Spas,Khanh Hoa,https://www.tripadvisor.com/Attraction_Review-g293928-d34091520-Reviews-Hon_Tam_Mud_Bath_Nha_Trang-Nha_Trang_Khanh_Hoa_Province.html,348
Oi Nha Trang Spa,Spas,Khanh Hoa,https://www.tripadvisor.com/Attraction_Review-g293928-d29858954-Reviews-Oi_Nha_Trang_Spa-Nha_Trang_Khanh_Hoa_Province.html,349
Bơ Spa,Spas,Khanh Hoa,https://www.tripadvisor.com/Attraction_Review-g18928520-d33371309-Reviews-Bo_Spa-Cam_Hai_Dong_Cam_Lam_District_Khanh_Hoa_Province.html,350
Spa InterContinental Nha Trang,Spas,Khanh Hoa,https://www.tripadvisor.com/Attraction_Review-g293928-d15142863-Reviews-Spa_InterContinental_Nha_Trang-Nha_Trang_Khanh_Hoa_Province.html,351
Kiterabbit Kitesurf & Surf School,Surfing & Windsurfing • Gear Rentals,Khanh Hoa,https://www.tripadvisor.com/Attraction_Review-g293928-d11847253-Reviews-Kiterabbit_Kitesurf_Surf_School-Nha_Trang_Khanh_Hoa_Province.html,352
Golden Lotus Original Spa&Nail,Spas,Khanh Hoa,https://www.tripadvisor.com/Attraction_Review-g293928-d34432672-Reviews-Golden_Lotus_Original_Spa_Nail-Nha_Trang_Khanh_Hoa_Province.html,353
Seals Show,Theater & Performances,Khanh Hoa,https://www.tripadvisor.com/Attraction_Review-g293928-d14058125-Reviews-Seals_Show-Nha_Trang_Khanh_Hoa_Province.html,354
Cinnamon Spa & Massage,Spas,Khanh Hoa,https://www.tripadvisor.com/Attraction_Review-g293928-d25555770-Reviews-Cinnamon_Spa_Massage-Nha_Trang_Khanh_Hoa_Province.html,355
Hye Yoga Studio Nha Trang,Yoga & Pilates,Khanh Hoa,https://www.tripadvisor.com/Attraction_Review-g293928-d26867070-Reviews-Hye_Yoga_Studio_Nha_Trang-Nha_Trang_Khanh_Hoa_Province.html,356
VITAMIN SEA TRAVEL VIETNAM,Nature & Wildlife Tours • Stand Up Paddleboarding,Khanh Hoa,https://www.tripadvisor.com/Attraction_Review-g293928-d17740510-Reviews-VITAMIN_SEA_TRAVEL_VIETNAM-Nha_Trang_Khanh_Hoa_Province.html,357
Teng Long Tang Center of Traditional Chinese Medicine,Spas,Khanh Hoa,https://www.tripadvisor.com/Attraction_Review-g293928-d30062206-Reviews-Teng_Long_Tang_Center_of_Traditional_Chinese_Medicine-Nha_Trang_Khanh_Hoa_Provin.html,358
Xanh Spa at Mia Resort Nha Trang,Spas,Khanh Hoa,https://www.tripadvisor.com/Attraction_Review-g293928-d10080118-Reviews-Xanh_Spa_at_Mia_Resort_Nha_Trang-Nha_Trang_Khanh_Hoa_Province.html,359
Golden Spa,Open now,Khanh Hoa,https://www.tripadvisor.com/Attraction_Review-g293928-d26811589-Reviews-Golden_Spa-Nha_Trang_Khanh_Hoa_Province.html,360
Crypt-Tic Escape Room Nha Trang,Escape Games,Khanh Hoa,https://www.tripadvisor.com/Attraction_Review-g293928-d34458673-Reviews-Crypt_Tic_Escape_Room_Nha_Trang-Nha_Trang_Khanh_Hoa_Province.html,361
Dall Spa,Spas,Khanh Hoa,https://www.tripadvisor.com/Attraction_Review-g293928-d33100699-Reviews-Dall_Spa-Nha_Trang_Khanh_Hoa_Province.html,362
Jungle Book Bar Nha Trang,Country & Western Bars,Khanh Hoa,https://www.tripadvisor.com/Attraction_Review-g293928-d24094777-Reviews-Jungle_Book_Bar_Nha_Trang-Nha_Trang_Khanh_Hoa_Province.html,363
Habanos Specialist Vietnam,Speciality & Gift Shops • Cigar Bars,Khanh Hoa,https://www.tripadvisor.com/Attraction_Review-g293928-d33418348-Reviews-Habanos_Specialist_Vietnam-Nha_Trang_Khanh_Hoa_Province.html,364
Long Beach Pearl,Speciality & Gift Shops,Khanh Hoa,https://www.tripadvisor.com/Attraction_Review-g1025208-d26451965-Reviews-Long_Beach_Pearl-Cam_Ranh_Khanh_Hoa_Province.html,365
The Rainbow Academy,Sports Camps & Clinics,Khanh Hoa,https://www.tripadvisor.com/Attraction_Review-g293928-d1818393-Reviews-The_Rainbow_Academy-Nha_Trang_Khanh_Hoa_Province.html,366
Banana Spa,Spas,Khanh Hoa,https://www.tripadvisor.com/Attraction_Review-g293928-d33668591-Reviews-Banana_Spa-Nha_Trang_Khanh_Hoa_Province.html,367
Sky 32 Bar,Bars & Clubs,Khanh Hoa,https://www.tripadvisor.com/Attraction_Review-g293928-d26725969-Reviews-Sky_32_Bar-Nha_Trang_Khanh_Hoa_Province.html,368
TripleB Anime Figure Shop,Speciality & Gift Shops,Khanh Hoa,https://www.tripadvisor.com/Attraction_Review-g293928-d34286563-Reviews-TripleB_Anime_Figure_Shop-Nha_Trang_Khanh_Hoa_Province.html,369
Blue Sea Beach & Bar,Bars & Clubs,Khanh Hoa,https://www.tripadvisor.com/Attraction_Review-g293928-d13934096-Reviews-Blue_Sea_Beach_Bar-Nha_Trang_Khanh_Hoa_Province.html,370
Alfa Tours,Multi-day Tours • Nature & Wildlife Tours,Khanh Hoa,https://www.tripadvisor.com/Attraction_Review-g293928-d8046592-Reviews-Alfa_Tours-Nha_Trang_Khanh_Hoa_Province.html,371
Rubyana Gem & Jewelry,Speciality & Gift Shops,Khanh Hoa,https://www.tripadvisor.com/Attraction_Review-g293928-d33712128-Reviews-Rubyana_Gem_Jewelry-Nha_Trang_Khanh_Hoa_Province.html,372
89 Japan Shop,Speciality & Gift Shops,Khanh Hoa,https://www.tripadvisor.com/Attraction_Review-g293928-d25134095-Reviews-89_Japan_Shop-Nha_Trang_Khanh_Hoa_Province.html,373
United Bar,Bars & Clubs,Khanh Hoa,https://www.tripadvisor.com/Attraction_Review-g293928-d7984289-Reviews-United_Bar-Nha_Trang_Khanh_Hoa_Province.html,374
SWAN SPA - Massage Body & Foot,Spas,Khanh Hoa,https://www.tripadvisor.com/Attraction_Review-g293928-d25439984-Reviews-SWAN_SPA_Massage_Body_Foot-Nha_Trang_Khanh_Hoa_Province.html,375
SOL SPA - Liberty Nha Trang,Spas,Khanh Hoa,https://www.tripadvisor.com/Attraction_Review-g293928-d25229873-Reviews-SOL_SPA_Liberty_Nha_Trang-Nha_Trang_Khanh_Hoa_Province.html,376
Kong Forest,Zipline & Aerial Adventure Parks,Khanh Hoa,https://www.tripadvisor.com/Attraction_Review-g26593186-d26588292-Reviews-Kong_Forest-Suoi_Cat_Cam_Lam_District_Khanh_Hoa_Province.html,377
Rainbow Divers,Scuba & Snorkelling • Private Tours,Khanh Hoa,https://www.tripadvisor.com/Attraction_Review-g293928-d1818387-Reviews-Rainbow_Divers-Nha_Trang_Khanh_Hoa_Province.html,378
Le Kha Spa,Spas,Khanh Hoa,https://www.tripadvisor.com/Attraction_Review-g293928-d8855043-Reviews-Le_Kha_Spa-Nha_Trang_Khanh_Hoa_Province.html,379
Lá Spa Skincare,Spas,Khanh Hoa,https://www.tripadvisor.com/Attraction_Review-g14125084-d33312299-Reviews-La_Spa_Skincare-Cam_Duc_Cam_Lam_District_Khanh_Hoa_Province.html,380
Seoul Spa Cam Ranh,Spas,Khanh Hoa,https://www.tripadvisor.com/Attraction_Review-g293928-d33077663-Reviews-Seoul_Spa_Cam_Ranh-Nha_Trang_Khanh_Hoa_Province.html,381
Cala Spa 2,Spas,Khanh Hoa,https://www.tripadvisor.com/Attraction_Review-g18928520-d29012303-Reviews-Cala_Spa_2-Cam_Hai_Dong_Cam_Lam_District_Khanh_Hoa_Province.html,382
The Alma Show,Theater & Performances,Khanh Hoa,https://www.tripadvisor.com/Attraction_Review-g1025208-d33416555-Reviews-The_Alma_Show-Cam_Ranh_Khanh_Hoa_Province.html,383
Sailing Club Divers,Scuba & Snorkelling,Khanh Hoa,https://www.tripadvisor.com/Attraction_Review-g293928-d451114-Reviews-Sailing_Club_Divers-Nha_Trang_Khanh_Hoa_Province.html,384
Bloom Spa Nha Trang,Spas,Khanh Hoa,https://www.tripadvisor.com/Attraction_Review-g293928-d33027191-Reviews-Bloom_Spa_Nha_Trang-Nha_Trang_Khanh_Hoa_Province.html,385
Phuong Spa,Spas,Khanh Hoa,https://www.tripadvisor.com/Attraction_Review-g27468434-d33114726-Reviews-Phuong_Spa-Cam_Lam_District_Khanh_Hoa_Province.html,386
Vietnam Motorbike Tours,"Motorcycle Tours • Vespa, Scooter & Moped Tours",Khanh Hoa,https://www.tripadvisor.com/Attraction_Review-g293928-d6759632-Reviews-Vietnam_Motorbike_Tours-Nha_Trang_Khanh_Hoa_Province.html,387
Nika Spa - Blind Massage & Wellness,Spas,Khanh Hoa,https://www.tripadvisor.com/Attraction_Review-g293928-d34458445-Reviews-Nika_Spa_Blind_Massage_Wellness-Nha_Trang_Khanh_Hoa_Province.html,388
Friendly Travel Nha Trang,Multi-day Tours • Bike Tours,Khanh Hoa,https://www.tripadvisor.com/Attraction_Review-g293928-d6651219-Reviews-Friendly_Travel_Nha_Trang-Nha_Trang_Khanh_Hoa_Province.html,389
The Wave,Bars & Clubs,Khanh Hoa,https://www.tripadvisor.com/Attraction_Review-g293928-d3588793-Reviews-The_Wave-Nha_Trang_Khanh_Hoa_Province.html,390
Shynh Beauty Spa Nha Trang,Spas,Khanh Hoa,https://www.tripadvisor.com/Attraction_Review-g293928-d26313068-Reviews-Shynh_Beauty_Spa_Nha_Trang-Nha_Trang_Khanh_Hoa_Province.html,391
H&C Leather,Speciality & Gift Shops,Khanh Hoa,https://www.tripadvisor.com/Attraction_Review-g293928-d19617331-Reviews-H_C_Leather-Nha_Trang_Khanh_Hoa_Province.html,392
iHome Cooking Class,Cooking Classes,Khanh Hoa,https://www.tripadvisor.com/Attraction_Review-g293928-d6601297-Reviews-IHome_Cooking_Class-Nha_Trang_Khanh_Hoa_Province.html,393
Jimmy Motorbikes,City Tours • Multi-day Tours,Khanh Hoa,https://www.tripadvisor.com/Attraction_Review-g293928-d7928436-Reviews-Jimmy_Motorbikes-Nha_Trang_Khanh_Hoa_Province.html,394
GOFRI Kraft T-Shirts,Speciality & Gift Shops,Khanh Hoa,https://www.tripadvisor.com/Attraction_Review-g293928-d12962915-Reviews-GOFRI_Kraft_T_Shirts-Nha_Trang_Khanh_Hoa_Province.html,395
Nha Trang Love Travel,City Tours • Scuba & Snorkelling,Khanh Hoa,https://www.tripadvisor.com/Attraction_Review-g293928-d12343359-Reviews-Nha_Trang_Love_Travel-Nha_Trang_Khanh_Hoa_Province.html,396
Phoenix Studio Tattoo,Spas,Khanh Hoa,https://www.tripadvisor.com/Attraction_Review-g293928-d33120412-Reviews-Phoenix_Studio_Tattoo-Nha_Trang_Khanh_Hoa_Province.html,397
V Spa,Spas,Khanh Hoa,https://www.tripadvisor.com/Attraction_Review-g293928-d17642722-Reviews-V_Spa-Nha_Trang_Khanh_Hoa_Province.html,399
D' Spa,Spas,Khanh Hoa,https://www.tripadvisor.com/Attraction_Review-g293928-d25343371-Reviews-D_Spa-Nha_Trang_Khanh_Hoa_Province.html,400
Sen Spa,Spas,Khanh Hoa,https://www.tripadvisor.com/Attraction_Review-g1025208-d33040083-Reviews-Sen_Spa-Cam_Ranh_Khanh_Hoa_Province.html,402
Pham Tours,City Tours • Scuba & Snorkelling,Khanh Hoa,https://www.tripadvisor.com/Attraction_Review-g293928-d2182753-Reviews-Pham_Tours-Nha_Trang_Khanh_Hoa_Province.html,403
Viet Han Dental Clinic,Paint & Pottery Studios • Adrenaline & Extreme Tours,Khanh Hoa,https://www.tripadvisor.com/Attraction_Review-g293928-d19354576-Reviews-Viet_Han_Dental_Clinic-Nha_Trang_Khanh_Hoa_Province.html,404
Lucky Spa Center,Spas,Khanh Hoa,https://www.tripadvisor.com/Attraction_Review-g293928-d32895209-Reviews-Lucky_Spa_Center-Nha_Trang_Khanh_Hoa_Province.html,405
Lang Sen Spa,Spas,Khanh Hoa,https://www.tripadvisor.com/Attraction_Review-g293928-d25020519-Reviews-Lang_Sen_Spa-Nha_Trang_Khanh_Hoa_Province.html,406
An Pham Motorcycle Service,Gear Rentals,Khanh Hoa,https://www.tripadvisor.com/Attraction_Review-g293928-d14145116-Reviews-An_Pham_Motorcycle_Service-Nha_Trang_Khanh_Hoa_Province.html,407
JeepVN,"4WD, ATV & Off-Road Tours • Adrenaline & Extreme Tours",Khanh Hoa,https://www.tripadvisor.com/Attraction_Review-g293928-d14802120-Reviews-JeepVN-Nha_Trang_Khanh_Hoa_Province.html,408
Flyboard Nha Trang,Scuba & Snorkelling • Waterskiing & Jetskiing,Khanh Hoa,https://www.tripadvisor.com/Attraction_Review-g293928-d8039424-Reviews-Flyboard_Nha_Trang-Nha_Trang_Khanh_Hoa_Province.html,409
Yolo Ocean Camp - Cắm Trại Trên Biển,Parasailing & Paragliding • Scuba & Snorkelling,Khanh Hoa,https://www.tripadvisor.com/Attraction_Review-g293928-d25063019-Reviews-Yolo_Ocean_Camp_C_m_Tr_i_Tren_Bi_n-Nha_Trang_Khanh_Hoa_Province.html,410
Nha Trang Beach Massage,Speciality & Gift Shops,Khanh Hoa,https://www.tripadvisor.com/Attraction_Review-g293928-d1600328-Reviews-Nha_Trang_Beach_Massage-Nha_Trang_Khanh_Hoa_Province.html,411
Vietnam Fantastic,Multi-day Tours • Cultural Tours,Khanh Hoa,https://www.tripadvisor.com/Attraction_Review-g293928-d24058386-Reviews-Vietnam_Fantastic-Nha_Trang_Khanh_Hoa_Province.html,412
The Hue Spa,Spas,Khanh Hoa,https://www.tripadvisor.com/Attraction_Review-g293928-d16120939-Reviews-The_Hue_Spa-Nha_Trang_Khanh_Hoa_Province.html,413
Nha Trang Fun Divers,Scuba & Snorkelling • Boat Tours,Khanh Hoa,https://www.tripadvisor.com/Attraction_Review-g293928-d1588467-Reviews-Nha_Trang_Fun_Divers-Nha_Trang_Khanh_Hoa_Province.html,414
Nhatrang Adventures,"4WD, ATV & Off-Road Tours • Adrenaline & Extreme Tours",Khanh Hoa,https://www.tripadvisor.com/Attraction_Review-g293928-d13117980-Reviews-Nhatrang_Adventures-Nha_Trang_Khanh_Hoa_Province.html,415
Tiệm Gội Đầu Nhà Quê,Spas,Khanh Hoa,https://www.tripadvisor.com/Attraction_Review-g293928-d25090307-Reviews-Ti_m_G_i_D_u_Nha_Que-Nha_Trang_Khanh_Hoa_Province.html,416
Cam Ranh Private Car Service,Taxis & Shuttles,Khanh Hoa,https://www.tripadvisor.com/Attraction_Review-g1025208-d28251079-Reviews-Cam_Ranh_Private_Car_Service-Cam_Ranh_Khanh_Hoa_Province.html,417
Đỗ Tattoo Nha Trang,Gear Rentals,Khanh Hoa,https://www.tripadvisor.com/Attraction_Review-g293928-d27520562-Reviews-D_Tattoo_Nha_Trang-Nha_Trang_Khanh_Hoa_Province.html,418
Vietnam Backpackers Travel,City Tours • Multi-day Tours,Khanh Hoa,https://www.tripadvisor.com/Attraction_Review-g293928-d18114676-Reviews-Vietnam_Backpackers_Travel-Nha_Trang_Khanh_Hoa_Province.html,419
Single Fin Surf School,Surfing & Windsurfing,Khanh Hoa,https://www.tripadvisor.com/Attraction_Review-g293928-d12855688-Reviews-Single_Fin_Surf_School-Nha_Trang_Khanh_Hoa_Province.html,420
Goodmorning Travel,Parasailing & Paragliding • Multi-day Tours,Khanh Hoa,https://www.tripadvisor.com/Attraction_Review-g293928-d26875910-Reviews-Goodmorning_Travel-Nha_Trang_Khanh_Hoa_Province.html,421
Vietnam Smiling Easyrider - Motorbike Tours,"Multi-day Tours • 4WD, ATV & Off-Road Tours",Khanh Hoa,https://www.tripadvisor.com/Attraction_Review-g293928-d5501850-Reviews-Vietnam_Smiling_Easyrider_Motorbike_Tours-Nha_Trang_Khanh_Hoa_Province.html,422
Nha Trang Local Surf School,Surfing & Windsurfing,Khanh Hoa,https://www.tripadvisor.com/Attraction_Review-g293928-d14956609-Reviews-Nha_Trang_Local_Surf_School-Nha_Trang_Khanh_Hoa_Province.html,423
Tiana Tours,Historical & Heritage Tours • Boat Tours,Khanh Hoa,https://www.tripadvisor.com/Attraction_Review-g293928-d33503538-Reviews-Tiana_Tours-Nha_Trang_Khanh_Hoa_Province.html,424
Vietnam Real Travel,Cultural Tours • Boat Tours,Khanh Hoa,https://www.tripadvisor.com/Attraction_Review-g293928-d4888987-Reviews-Vietnam_Real_Travel-Nha_Trang_Khanh_Hoa_Province.html,425
Turoperator Mir Tur,Cultural Tours • Historical & Heritage Tours,Khanh Hoa,https://www.tripadvisor.com/Attraction_Review-g293928-d8677446-Reviews-Turoperator_Mir_Tur-Nha_Trang_Khanh_Hoa_Province.html,426
Nha Trang Private Car,Scuba & Snorkelling • Taxis & Shuttles,Khanh Hoa,https://www.tripadvisor.com/Attraction_Review-g293928-d11488939-Reviews-Nha_Trang_Private_Car-Nha_Trang_Khanh_Hoa_Province.html,427
Vuongland Travel,Cultural Tours • Scuba & Snorkelling,Khanh Hoa,https://www.tripadvisor.com/Attraction_Review-g293928-d8262179-Reviews-Vuongland_Travel-Nha_Trang_Khanh_Hoa_Province.html,428
ATV Safari (Туры на квадроциклах),"4WD, ATV & Off-Road Tours",Khanh Hoa,https://www.tripadvisor.com/Attraction_Review-g293928-d17624767-Reviews-ATV_Safari-Nha_Trang_Khanh_Hoa_Province.html,429
Na.sa. Lounge Vn,Islands • Cigar Bars,Khanh Hoa,https://www.tripadvisor.com/Attraction_Review-g293928-d27514717-Reviews-Na_sa_Lounge_Vn-Nha_Trang_Khanh_Hoa_Province.html,430
Go365 Viet Nam,Taxis & Shuttles • Private Tours,Khanh Hoa,https://www.tripadvisor.com/Attraction_Review-g293928-d25262464-Reviews-Go365_Viet_Nam-Nha_Trang_Khanh_Hoa_Province.html,432
TyMy Spa & Beauty Salon,City Tours,Khanh Hoa,https://www.tripadvisor.com/Attraction_Review-g293928-d21308350-Reviews-TyMy_Spa_Beauty_Salon-Nha_Trang_Khanh_Hoa_Province.html,433
Vietnam Motor Tours,City Tours • Multi-day Tours,Khanh Hoa,https://www.tripadvisor.com/Attraction_Review-g293928-d8630989-Reviews-Vietnam_Motor_Tours-Nha_Trang_Khanh_Hoa_Province.html,434
Marmoris Yacht Nha Trang,Adrenaline & Extreme Tours • Taxis & Shuttles,Khanh Hoa,https://www.tripadvisor.com/Attraction_Review-g293928-d32823699-Reviews-Marmoris_Yacht_Nha_Trang-Nha_Trang_Khanh_Hoa_Province.html,435
Nha Trang Easy Rider,Boat Tours • Motorcycle Tours,Khanh Hoa,https://www.tripadvisor.com/Attraction_Review-g293928-d10840481-Reviews-Nha_Trang_Easy_Rider-Nha_Trang_Khanh_Hoa_Province.html,436
Mark Scott's Diving Vietnam,Scuba & Snorkelling • Boat Tours,Khanh Hoa,https://www.tripadvisor.com/Attraction_Review-g293928-d2455881-Reviews-Mark_Scott_s_Diving_Vietnam-Nha_Trang_Khanh_Hoa_Province.html,437
MOTO4FREE - motorbike / scooter / electric scooter / bicycle rental,Boat Rentals • Self-Guided Tours & Rentals,Khanh Hoa,https://www.tripadvisor.com/Attraction_Review-g293928-d17607996-Reviews-MOTO4FREE_motorbike_scooter_electric_scooter_bicycle_rental-Nha_Trang_Khanh_Hoa_.html,438
Nha Trang Street Food Tour,Food Tours,Khanh Hoa,https://www.tripadvisor.com/Attraction_Review-g293928-d12128630-Reviews-Nha_Trang_Street_Food_Tour-Nha_Trang_Khanh_Hoa_Province.html,439
Ana Marina,Scuba & Snorkelling • Surfing & Windsurfing,Khanh Hoa,https://www.tripadvisor.com/Attraction_Review-g293928-d15239714-Reviews-Ana_Marina-Nha_Trang_Khanh_Hoa_Province.html,440
Lstore Nha Trang,Shopping Tours,Khanh Hoa,https://www.tripadvisor.com/Attraction_Review-g293928-d34412752-Reviews-Lstore_Nha_Trang-Nha_Trang_Khanh_Hoa_Province.html,441
Alpha Dive Vietnam,Scuba & Snorkelling,Khanh Hoa,https://www.tripadvisor.com/Attraction_Review-g293928-d12511889-Reviews-Alpha_Dive_Vietnam-Nha_Trang_Khanh_Hoa_Province.html,442
Nha Trang Private Laundry and Luggage Storage,Multi-day Tours • Private Tours,Khanh Hoa,https://www.tripadvisor.com/Attraction_Review-g293928-d20278348-Reviews-Nha_Trang_Private_Laundry_and_Luggage_Storage-Nha_Trang_Khanh_Hoa_Province.html,443
Shamrock Adventures,River Rafting & Tubing • Bike Tours,Khanh Hoa,https://www.tripadvisor.com/Attraction_Review-g293928-d4224216-Reviews-Shamrock_Adventures-Nha_Trang_Khanh_Hoa_Province.html,444
Jeep it up!,"4WD, ATV & Off-Road Tours • Historical & Heritage Tours",Khanh Hoa,https://www.tripadvisor.com/Attraction_Review-g293928-d9861666-Reviews-Jeep_it_up-Nha_Trang_Khanh_Hoa_Province.html,445
Deep People Freediving School,Scuba & Snorkelling,Khanh Hoa,https://www.tripadvisor.com/Attraction_Review-g293928-d8298543-Reviews-Deep_People_Freediving_School-Nha_Trang_Khanh_Hoa_Province.html,446
Fly Vietnam Paragliding,"Parasailing & Paragliding • 4WD, ATV & Off-Road Tours",Khanh Hoa,https://www.tripadvisor.com/Attraction_Review-g293928-d27997852-Reviews-Fly_Vietnam_Paragliding-Nha_Trang_Khanh_Hoa_Province.html,447
Nha Trang Daily Tours,Parasailing & Paragliding • Scuba & Snorkelling,Khanh Hoa,https://www.tripadvisor.com/Attraction_Review-g293928-d15246013-Reviews-Nha_Trang_Daily_Tours-Nha_Trang_Khanh_Hoa_Province.html,448
Amigos Divers Nha Trang,Scuba & Snorkelling • Boat Tours,Khanh Hoa,https://www.tripadvisor.com/Attraction_Review-g293928-d7899909-Reviews-Amigos_Divers_Nha_Trang-Nha_Trang_Khanh_Hoa_Province.html,449
Rainbow Divers-whale Island,Scuba & Snorkelling • Eco Tours,Khanh Hoa,https://www.tripadvisor.com/Attraction_Review-g293928-d1818388-Reviews-Rainbow_Divers_whale_Island-Nha_Trang_Khanh_Hoa_Province.html,450
Nha Trang Apanda Travel,City Tours • Bike Tours,Khanh Hoa,https://www.tripadvisor.com/Attraction_Review-g293928-d14058172-Reviews-Nha_Trang_Apanda_Travel-Nha_Trang_Khanh_Hoa_Province.html,451
Zazen Travel,Multi-day Tours • Night Tours,Khanh Hoa,https://www.tripadvisor.com/Attraction_Review-g293928-d27978024-Reviews-Zazen_Travel-Nha_Trang_Khanh_Hoa_Province.html,452
Funky Monkey,Scuba & Snorkelling • Boat Tours,Khanh Hoa,https://www.tripadvisor.com/Attraction_Review-g293928-d2097939-Reviews-Funky_Monkey-Nha_Trang_Khanh_Hoa_Province.html,453
Angel Dive,Scuba & Snorkelling,Khanh Hoa,https://www.tripadvisor.com/Attraction_Review-g293928-d1892530-Reviews-Angel_Dive-Nha_Trang_Khanh_Hoa_Province.html,454
Nha Trang Local Food Tasting & Sightseeing Tour By Scooter,Taxis & Shuttles • Cooking Classes,Khanh Hoa,https://www.tripadvisor.com/Attraction_Review-g293928-d33396300-Reviews-Nha_Trang_Local_Food_Tasting_Sightseeing_Tour_By_Scooter-Nha_Trang_Khanh_Hoa_Pro.html,455
Nha Trang - Viet Coral Tourist,Historical & Heritage Tours • Boat Tours,Khanh Hoa,https://www.tripadvisor.com/Attraction_Review-g293928-d6537480-Reviews-Nha_Trang_Viet_Coral_Tourist-Nha_Trang_Khanh_Hoa_Province.html,456
Marko Tour,Historical & Heritage Tours • Private Tours,Khanh Hoa,https://www.tripadvisor.com/Attraction_Review-g293928-d8099089-Reviews-Marko_Tour-Nha_Trang_Khanh_Hoa_Province.html,457
Vietnamrider Travel Company - Private Day Tours,Cultural Tours • Motorcycle Tours,Khanh Hoa,https://www.tripadvisor.com/Attraction_Review-g293928-d2357839-Reviews-Vietnamrider_Travel_Company_Private_Day_Tours-Nha_Trang_Khanh_Hoa_Province.html,458
Surfing LIVE Surf School,Surfing & Windsurfing • Water Sports,Khanh Hoa,https://www.tripadvisor.com/Attraction_Review-g293928-d19845044-Reviews-Surfing_LIVE_Surf_School-Nha_Trang_Khanh_Hoa_Province.html,459
Nha Trang New Gen Travel,Parasailing & Paragliding • Scuba & Snorkelling,Khanh Hoa,https://www.tripadvisor.com/Attraction_Review-g293928-d33103540-Reviews-Nha_Trang_New_Gen_Travel-Nha_Trang_Khanh_Hoa_Province.html,460
Magical Mystery Tour Nha Trang,Boat Tours • Sightseeing Tours,Khanh Hoa,https://www.tripadvisor.com/Attraction_Review-g293928-d4501542-Reviews-Magical_Mystery_Tour_Nha_Trang-Nha_Trang_Khanh_Hoa_Province.html,461
Tam Thanh Quang Travel,City Tours • Scuba & Snorkelling,Khanh Hoa,https://www.tripadvisor.com/Attraction_Review-g293928-d11695330-Reviews-Tam_Thanh_Quang_Travel-Nha_Trang_Khanh_Hoa_Province.html,462
Nha Trang Day Tours,Scuba & Snorkelling • Taxis & Shuttles,Khanh Hoa,https://www.tripadvisor.com/Attraction_Review-g293928-d16850468-Reviews-Nha_Trang_Day_Tours-Nha_Trang_Khanh_Hoa_Province.html,463
The Shack Surf School,Surfing & Windsurfing,Khanh Hoa,https://www.tripadvisor.com/Attraction_Review-g293928-d2091156-Reviews-The_Shack_Surf_School-Nha_Trang_Khanh_Hoa_Province.html,464
Vietnam Bike Tours,Bike Tours • Gear Rentals,Khanh Hoa,https://www.tripadvisor.com/Attraction_Review-g293928-d1931789-Reviews-Vietnam_Bike_Tours-Nha_Trang_Khanh_Hoa_Province.html,465
FlyVietNam,"Parasailing & Paragliding • 4WD, ATV & Off-Road Tours",Khanh Hoa,https://www.tripadvisor.com/Attraction_Review-g293928-d34515561-Reviews-FlyVietNam-Nha_Trang_Khanh_Hoa_Province.html,466
Oceans 5 Nha Trang Dive Center,Scuba & Snorkelling,Khanh Hoa,https://www.tripadvisor.com/Attraction_Review-g293928-d2470980-Reviews-Oceans_5_Nha_Trang_Dive_Center-Nha_Trang_Khanh_Hoa_Province.html,467
Sup Surf in Nha Trang,River Rafting & Tubing • Stand Up Paddleboarding,Khanh Hoa,https://www.tripadvisor.com/Attraction_Review-g293928-d12635185-Reviews-Sup_Surf_in_Nha_Trang-Nha_Trang_Khanh_Hoa_Province.html,468
Lucky Bastard Motorcycle Tours,Multi-day Tours • Motorcycle Tours,Khanh Hoa,https://www.tripadvisor.com/Attraction_Review-g293928-d12931053-Reviews-Lucky_Bastard_Motorcycle_Tours-Nha_Trang_Khanh_Hoa_Province.html,469
Nha Trang Easy Riders - Mr Thach - Day Tours,Motorcycle Tours,Khanh Hoa,https://www.tripadvisor.com/Attraction_Review-g293928-d7826869-Reviews-Nha_Trang_Easy_Riders_Mr_Thach_Day_Tours-Nha_Trang_Khanh_Hoa_Province.html,470
Harry Travel,City Tours • Scuba & Snorkelling,Khanh Hoa,https://www.tripadvisor.com/Attraction_Review-g293928-d18898133-Reviews-Harry_Travel-Nha_Trang_Khanh_Hoa_Province.html,471
Nha Trang Bus City Tour,City Tours • Hop-On Hop-Off Tours,Khanh Hoa,https://www.tripadvisor.com/Attraction_Review-g293928-d32855442-Reviews-Nha_Trang_Bus_City_Tour-Nha_Trang_Khanh_Hoa_Province.html,472
Nha Trang Under Water,Scuba & Snorkelling • Water Sports,Khanh Hoa,https://www.tripadvisor.com/Attraction_Review-g293928-d9974872-Reviews-Nha_Trang_Under_Water-Nha_Trang_Khanh_Hoa_Province.html,473
Nha Trang Surf School,Surfing & Windsurfing,Khanh Hoa,https://www.tripadvisor.com/Attraction_Review-g293928-d15577511-Reviews-Nha_Trang_Surf_School-Nha_Trang_Khanh_Hoa_Province.html,474
True Vietnam,Multi-day Tours • Historical & Heritage Tours,Khanh Hoa,https://www.tripadvisor.com/Attraction_Review-g293928-d19611030-Reviews-True_Vietnam-Nha_Trang_Khanh_Hoa_Province.html,475
Max Tour Vietnam,Sightseeing Tours,Khanh Hoa,https://www.tripadvisor.com/Attraction_Review-g293928-d33445158-Reviews-Max_Tour_Vietnam-Nha_Trang_Khanh_Hoa_Province.html,476
Nha Trang Travel,Bus Services • Boat Tours,Khanh Hoa,https://www.tripadvisor.com/Attraction_Review-g293928-d1651110-Reviews-Nha_Trang_Travel-Nha_Trang_Khanh_Hoa_Province.html,477
CANO TOURS NHA TRANG,Parasailing & Paragliding • Boat Tours,Khanh Hoa,https://www.tripadvisor.com/Attraction_Review-g293928-d27466228-Reviews-CANO_TOURS_NHA_TRANG-Nha_Trang_Khanh_Hoa_Province.html,478
Private Car Mentor,Taxis & Shuttles • Motorcycle Tours,Khanh Hoa,https://www.tripadvisor.com/Attraction_Review-g293928-d24179306-Reviews-Private_Car_Mentor-Nha_Trang_Khanh_Hoa_Province.html,479
Let's Fly Travel,City Tours • Scuba & Snorkelling,Khanh Hoa,https://www.tripadvisor.com/Attraction_Review-g293928-d15589098-Reviews-Let_s_Fly_Travel-Nha_Trang_Khanh_Hoa_Province.html,480
Áo Dài Mộc - Vietnamese Souvenirs,Speciality & Gift Shops,Khanh Hoa,https://www.tripadvisor.com/Attraction_Review-g293928-d34671792-Reviews-Ao_Dai_M_c_Vietnamese_Souvenirs-Nha_Trang_Khanh_Hoa_Province.html,481
Sky Blu Infinity Pool Nha Trang,Beach & Pool Clubs,Khanh Hoa,https://www.tripadvisor.com/Attraction_Review-g293928-d34669933-Reviews-Sky_Blu_Infinity_Pool_Nha_Trang-Nha_Trang_Khanh_Hoa_Province.html,482
MerPerle Sparkling Waves,Scuba & Snorkelling • Waterskiing & Jetskiing,Khanh Hoa,https://www.tripadvisor.com/Attraction_Review-g293928-d8141293-Reviews-MerPerle_Sparkling_Waves-Nha_Trang_Khanh_Hoa_Province.html,483
Nha Trang Travel – Cam Ranh Airport Transfer,Taxis & Shuttles,Khanh Hoa,https://www.tripadvisor.com/Attraction_Review-g293928-d34585531-Reviews-Nha_Trang_Travel_Cam_Ranh_Airport_Transfer-Nha_Trang_Khanh_Hoa_Province.html,484
Nha Trang Travel Airport Transfer,Taxis & Shuttles,Khanh Hoa,https://www.tripadvisor.com/Attraction_Review-g17674832-d34585541-Reviews-Nha_Trang_Travel_Airport_Transfer-Khanh_Vinh_Khanh_Hoa_Province.html,485
Nha Trang Scooter Rental,Gear Rentals,Khanh Hoa,https://www.tripadvisor.com/Attraction_Review-g293928-d34586013-Reviews-Nha_Trang_Scooter_Rental-Nha_Trang_Khanh_Hoa_Province.html,486
MoCa Spa - Massage,Spas,Khanh Hoa,https://www.tripadvisor.com/Attraction_Review-g18928520-d34374310-Reviews-MoCa_Spa_Massage-Cam_Hai_Dong_Cam_Lam_District_Khanh_Hoa_Province.html,487
Air Bar Nha Trang,Bars & Clubs,Khanh Hoa,https://www.tripadvisor.com/Attraction_Review-g293928-d24052268-Reviews-Air_Bar_Nha_Trang-Nha_Trang_Khanh_Hoa_Province.html,488
Tara Premium Spa Nha Trang,Spas,Khanh Hoa,https://www.tripadvisor.com/Attraction_Review-g293928-d32709262-Reviews-Tara_Premium_Spa_Nha_Trang-Nha_Trang_Khanh_Hoa_Province.html,493
Authentic Travel Nha Trang,Scuba & Snorkelling • Boat Tours,Khanh Hoa,https://www.tripadvisor.com/Attraction_Review-g293928-d32901291-Reviews-Authentic_Travel_Nha_Trang-Nha_Trang_Khanh_Hoa_Province.html,494
Chopsticks Cooking Class,Taxis & Shuttles • Cooking Classes,Khanh Hoa,https://www.tripadvisor.com/Attraction_Review-g293928-d27421823-Reviews-Chopsticks_Cooking_Class-Nha_Trang_Khanh_Hoa_Province.html,497
Центр туризма Нячанг,"Multi-day Tours • 4WD, ATV & Off-Road Tours",Khanh Hoa,https://www.tripadvisor.com/Attraction_Review-g293928-d34312647-Reviews-Nha_Trang_Khanh_Hoa_Province.html,499
The Lux Premium Fashion Luxury Handbags,Speciality & Gift Shops,Khanh Hoa,https://www.tripadvisor.com/Attraction_Review-g27468434-d34400285-Reviews-The_Lux_Premium_Fashion_Luxury_Handbags-Cam_Lam_District_Khanh_Hoa_Province.html,501
Coco Nail & Spa 2,Spas,Khanh Hoa,https://www.tripadvisor.com/Attraction_Review-g293928-d34415353-Reviews-Coco_Nail_Spa_2-Nha_Trang_Khanh_Hoa_Province.html,502
Vera Nail,Spas,Khanh Hoa,https://www.tripadvisor.com/Attraction_Review-g293928-d34414790-Reviews-Vera_Nail-Nha_Trang_Khanh_Hoa_Province.html,503
Coco Nail&spa 1,Spas,Khanh Hoa,https://www.tripadvisor.com/Attraction_Review-g293928-d34415381-Reviews-Coco_Nail_spa_1-Nha_Trang_Khanh_Hoa_Province.html,504
Vera Nail 2,Spas,Khanh Hoa,https://www.tripadvisor.com/Attraction_Review-g293928-d34415349-Reviews-Vera_Nail_2-Nha_Trang_Khanh_Hoa_Province.html,505
Findtour Travel,City Tours • Multi-day Tours,Khanh Hoa,https://www.tripadvisor.com/Attraction_Review-g293928-d25129961-Reviews-Findtour_Travel-Nha_Trang_Khanh_Hoa_Province.html,506
Doris Spa & Nail,Spas,Khanh Hoa,https://www.tripadvisor.com/Attraction_Review-g293928-d34384090-Reviews-Doris_Spa_Nail-Nha_Trang_Khanh_Hoa_Province.html,507
Angel Lounge,Spas,Khanh Hoa,https://www.tripadvisor.com/Attraction_Review-g293928-d34369960-Reviews-Angel_Lounge-Nha_Trang_Khanh_Hoa_Province.html,508
Nha Trang V-Spa,Spas,Khanh Hoa,https://www.tripadvisor.com/Attraction_Review-g293928-d34329227-Reviews-Nha_Trang_V_Spa-Nha_Trang_Khanh_Hoa_Province.html,509
Tohe Art & Craft Nha Trang,Cultural Tours • Historical & Heritage Tours,Khanh Hoa,https://www.tripadvisor.com/Attraction_Review-g293928-d33225567-Reviews-Tohe_Art_Craft_Nha_Trang-Nha_Trang_Khanh_Hoa_Province.html,510
Emma Nails & Spa Nha Trang,Spas,Khanh Hoa,https://www.tripadvisor.com/Attraction_Review-g293928-d34258418-Reviews-Emma_Nails_Spa_Nha_Trang-Nha_Trang_Khanh_Hoa_Province.html,511
Scuba Zone Diving,Scuba & Snorkelling,Khanh Hoa,https://www.tripadvisor.com/Attraction_Review-g293928-d1451781-Reviews-Scuba_Zone_Diving-Nha_Trang_Khanh_Hoa_Province.html,512
Goldensteps,Multi-day Tours • Scuba & Snorkelling,Khanh Hoa,https://www.tripadvisor.com/Attraction_Review-g293928-d34265152-Reviews-Goldensteps-Nha_Trang_Khanh_Hoa_Province.html,514
Ơi Craft,Speciality & Gift Shops,Khanh Hoa,https://www.tripadvisor.com/Attraction_Review-g293928-d34075183-Reviews-Oi_Craft-Nha_Trang_Khanh_Hoa_Province.html,515
Trung tâm chăm sóc sắc đẹp Ngọc Xuân,Spas,Khanh Hoa,https://www.tripadvisor.com/Attraction_Review-g293928-d26395243-Reviews-Trung_tam_cham_soc_s_c_d_p_Ng_c_Xuan-Nha_Trang_Khanh_Hoa_Province.html,516
Bien Dao Tour Nha Trang,Parasailing & Paragliding • Scuba & Snorkelling,Khanh Hoa,https://www.tripadvisor.com/Attraction_Review-g293928-d14051088-Reviews-Bien_Dao_Tour_Nha_Trang-Nha_Trang_Khanh_Hoa_Province.html,522
Galaxy Shop,Speciality & Gift Shops,Khanh Hoa,https://www.tripadvisor.com/Attraction_Review-g293928-d34023687-Reviews-Galaxy_Shop-Nha_Trang_Khanh_Hoa_Province.html,524
Sara nail spa,Spas,Khanh Hoa,https://www.tripadvisor.com/Attraction_Review-g293928-d34143239-Reviews-Sara_nail_spa-Nha_Trang_Khanh_Hoa_Province.html,526
Vietnam Green Tours – Nha Trang,Multi-day Tours • Private Tours,Khanh Hoa,https://www.tripadvisor.com/Attraction_Review-g293928-d33001387-Reviews-Vietnam_Green_Tours_Nha_Trang-Nha_Trang_Khanh_Hoa_Province.html,527
Amy 2001 Spa,Spas,Khanh Hoa,https://www.tripadvisor.com/Attraction_Review-g293928-d33280331-Reviews-Amy_2001_Spa-Nha_Trang_Khanh_Hoa_Province.html,528
Phòng Khám đa khoa Olympia,Spas,Khanh Hoa,https://www.tripadvisor.com/Attraction_Review-g293928-d33991366-Reviews-Phong_Kham_da_khoa_Olympia-Nha_Trang_Khanh_Hoa_Province.html,530
True Surf,Surfing & Windsurfing,Khanh Hoa,https://www.tripadvisor.com/Attraction_Review-g293928-d33988624-Reviews-True_Surf-Nha_Trang_Khanh_Hoa_Province.html,531
Sundream Luxury,Private Tours,Khanh Hoa,https://www.tripadvisor.com/Attraction_Review-g293928-d33988626-Reviews-Sundream_Luxury-Nha_Trang_Khanh_Hoa_Province.html,532
Ecochoco (vietnamese Chocolate & Gift),Speciality & Gift Shops,Khanh Hoa,https://www.tripadvisor.com/Attraction_Review-g293928-d33404943-Reviews-Ecochoco_vietnamese_Chocolate_Gift-Nha_Trang_Khanh_Hoa_Province.html,533
20knot - Nhatrang Kiteboarding,Surfing & Windsurfing • Water Sports,Khanh Hoa,https://www.tripadvisor.com/Attraction_Review-g293928-d33393875-Reviews-20knot_Nhatrang_Kiteboarding-Nha_Trang_Khanh_Hoa_Province.html,535
Dream Spa Nha Trang,Spas,Khanh Hoa,https://www.tripadvisor.com/Attraction_Review-g293928-d28241365-Reviews-Dream_Spa_Nha_Trang-Nha_Trang_Khanh_Hoa_Province.html,536
Thuê Xe Máy Cam Ranh Lâm Duẩn,Gear Rentals,Khanh Hoa,https://www.tripadvisor.com/Attraction_Review-g18928520-d33387222-Reviews-Thue_Xe_May_Cam_Ranh_Lam_Du_n-Cam_Hai_Dong_Cam_Lam_District_Khanh_Hoa_Province.html,538
Thien Therapy&nails,Spas,Khanh Hoa,https://www.tripadvisor.com/Attraction_Review-g293928-d27727668-Reviews-Thien_Therapy_nails-Nha_Trang_Khanh_Hoa_Province.html,540
Vietnam Discovery,Multi-day Tours • Climbing Tours,Khanh Hoa,https://www.tripadvisor.com/Attraction_Review-g293928-d33318813-Reviews-Vietnam_Discovery-Nha_Trang_Khanh_Hoa_Province.html,541
Du Lịch Biển Đảo Nha Trang - Day Tours,Multi-day Tours • River Rafting & Tubing,Khanh Hoa,https://www.tripadvisor.com/Attraction_Review-g293928-d20978992-Reviews-Du_L_ch_Bi_n_D_o_Nha_Trang_Day_Tours-Nha_Trang_Khanh_Hoa_Province.html,542
TroBee Trip,Multi-day Tours • Taxis & Shuttles,Khanh Hoa,https://www.tripadvisor.com/Attraction_Review-g293928-d21009854-Reviews-TroBee_Trip-Nha_Trang_Khanh_Hoa_Province.html,543
MyProGuide Vietnam - Nha Trang,Private Tours • Day Trips,Khanh Hoa,https://www.tripadvisor.com/Attraction_Review-g293928-d30526616-Reviews-MyProGuide_Vietnam_Nha_Trang-Nha_Trang_Khanh_Hoa_Province.html,545
Helen Spa,Spas,Khanh Hoa,https://www.tripadvisor.com/Attraction_Review-g293928-d33064492-Reviews-Helen_Spa-Nha_Trang_Khanh_Hoa_Province.html,547
Soo-ahn Spa,Spas,Khanh Hoa,https://www.tripadvisor.com/Attraction_Review-g293928-d33091360-Reviews-Soo_ahn_Spa-Nha_Trang_Khanh_Hoa_Province.html,548
Chiang Mai - Academy & Spa,Spas,Khanh Hoa,https://www.tripadvisor.com/Attraction_Review-g293928-d33065987-Reviews-Chiang_Mai_Academy_Spa-Nha_Trang_Khanh_Hoa_Province.html,550
Pickleball Nha Trang 15 Hoàng Diệu,Health Clubs,Khanh Hoa,https://www.tripadvisor.com/Attraction_Review-g293928-d33056150-Reviews-Pickleball_Nha_Trang_15_Hoang_Di_u-Nha_Trang_Khanh_Hoa_Province.html,551
Uyên Yoga Studio Nha Trang,Yoga & Pilates,Khanh Hoa,https://www.tripadvisor.com/Attraction_Review-g293928-d33029066-Reviews-Uyen_Yoga_Studio_Nha_Trang-Nha_Trang_Khanh_Hoa_Province.html,553
Tymy Spa Nha Trang,Spas,Khanh Hoa,https://www.tripadvisor.com/Attraction_Review-g293928-d27747737-Reviews-Tymy_Spa_Nha_Trang-Nha_Trang_Khanh_Hoa_Province.html,555
Nhung Yoga Studio,Yoga & Pilates,Khanh Hoa,https://www.tripadvisor.com/Attraction_Review-g293928-d32892973-Reviews-Nhung_Yoga_Studio-Nha_Trang_Khanh_Hoa_Province.html,557
Memory Spa,Spas,Khanh Hoa,https://www.tripadvisor.com/Attraction_Review-g293928-d17569125-Reviews-Memory_Spa-Nha_Trang_Khanh_Hoa_Province.html,558
Cam Lam Taxi,Taxis & Shuttles,Khanh Hoa,https://www.tripadvisor.com/Attraction_Review-g293928-d32864156-Reviews-Cam_Lam_Taxi-Nha_Trang_Khanh_Hoa_Province.html,559
Queen Spa,Spas,Khanh Hoa,https://www.tripadvisor.com/Attraction_Review-g293928-d32867818-Reviews-Queen_Spa-Nha_Trang_Khanh_Hoa_Province.html,560
Ohara Beauty Spa,Spas,Khanh Hoa,https://www.tripadvisor.com/Attraction_Review-g293928-d20031517-Reviews-Ohara_Beauty_Spa-Nha_Trang_Khanh_Hoa_Province.html,564
Thác Tà Gụ,Eco Tours • Sightseeing Tours,Khanh Hoa,https://www.tripadvisor.com/Attraction_Review-g15296249-d28255817-Reviews-Thac_Ta_G-Khanh_Phu_Khanh_Hoa_Province.html,569
Sam Spa,Spas,Khanh Hoa,https://www.tripadvisor.com/Attraction_Review-g293928-d18970114-Reviews-Sam_Spa-Nha_Trang_Khanh_Hoa_Province.html,570
"Cano Tour Co.,Ltd",Scuba & Snorkelling • Speed Boats Tours,Khanh Hoa,https://www.tripadvisor.com/Attraction_Review-g293928-d15244554-Reviews-Cano_Tour_Co_Ltd-Nha_Trang_Khanh_Hoa_Province.html,571
Mahami Spa & Nails Studio,Spas,Khanh Hoa,https://www.tripadvisor.com/Attraction_Review-g293928-d34064208-Reviews-Mahami_Spa_Nails_Studio-Nha_Trang_Khanh_Hoa_Province.html,574
Gao Spa,Spas,Khanh Hoa,https://www.tripadvisor.com/Attraction_Review-g293928-d17569137-Reviews-Gao_Spa-Nha_Trang_Khanh_Hoa_Province.html,576
Vous Spa,Spas,Khanh Hoa,https://www.tripadvisor.com/Attraction_Review-g293928-d8078337-Reviews-Vous_Spa-Nha_Trang_Khanh_Hoa_Province.html,577
Sỏi Island,"Bar, Club & Pub Tours • Multi-day Tours",Khanh Hoa,https://www.tripadvisor.com/Attraction_Review-g293928-d27706484-Reviews-S_i_Island-Nha_Trang_Khanh_Hoa_Province.html,579
Đỗ Tattoo,Speciality & Gift Shops,Khanh Hoa,https://www.tripadvisor.com/Attraction_Review-g293928-d27520873-Reviews-D_Tattoo-Nha_Trang_Khanh_Hoa_Province.html,580
Pali Spa Nha Trang,Spas,Khanh Hoa,https://www.tripadvisor.com/Attraction_Review-g293928-d27521239-Reviews-Pali_Spa_Nha_Trang-Nha_Trang_Khanh_Hoa_Province.html,581
Budget Airliness,Day Trips,Khanh Hoa,https://www.tripadvisor.com/Attraction_Review-g293928-d17212840-Reviews-Budget_Airliness-Nha_Trang_Khanh_Hoa_Province.html,582
IIN Spa Na & Na,Spas,Khanh Hoa,https://www.tripadvisor.com/Attraction_Review-g13288816-d27148808-Reviews-IIN_Spa_Na_Na-Cam_Hai_Tay_Cam_Lam_District_Khanh_Hoa_Province.html,583
Liana Spa,Spas,Khanh Hoa,https://www.tripadvisor.com/Attraction_Review-g293928-d27175759-Reviews-Liana_Spa-Nha_Trang_Khanh_Hoa_Province.html,585
Amazon Spa,Spas,Khanh Hoa,https://www.tripadvisor.com/Attraction_Review-g293928-d15236783-Reviews-Amazon_Spa-Nha_Trang_Khanh_Hoa_Province.html,586
Advaita Surf Club,Surfing & Windsurfing,Khanh Hoa,https://www.tripadvisor.com/Attraction_Review-g293928-d15000400-Reviews-Advaita_Surf_Club-Nha_Trang_Khanh_Hoa_Province.html,588
Nagon Beauty Spa,Spas,Khanh Hoa,https://www.tripadvisor.com/Attraction_Review-g293928-d25374587-Reviews-Nagon_Beauty_Spa-Nha_Trang_Khanh_Hoa_Province.html,589
Ngọc Xuân - Beauty & More,Spas,Khanh Hoa,https://www.tripadvisor.com/Attraction_Review-g293928-d26382670-Reviews-Ng_c_Xuan_Beauty_More-Nha_Trang_Khanh_Hoa_Province.html,590
Full',Bars & Clubs,Khanh Hoa,https://www.tripadvisor.com/Attraction_Review-g293928-d27098270-Reviews-Full-Nha_Trang_Khanh_Hoa_Province.html,591
Motorbike Rental Nha Trang,Multi-day Tours • Adrenaline & Extreme Tours,Khanh Hoa,https://www.tripadvisor.com/Attraction_Review-g293928-d26846388-Reviews-Motorbike_Rental_Nha_Trang-Nha_Trang_Khanh_Hoa_Province.html,592
Tram Spa,Spas,Khanh Hoa,https://www.tripadvisor.com/Attraction_Review-g293928-d26725881-Reviews-Tram_Spa-Nha_Trang_Khanh_Hoa_Province.html,594
Vietnam Navigator,"4WD, ATV & Off-Road Tours • Sightseeing Tours",Khanh Hoa,https://www.tripadvisor.com/Attraction_Review-g293928-d33338316-Reviews-Vietnam_Navigator-Nha_Trang_Khanh_Hoa_Province.html,596
Deli Nha Trang,Speciality & Gift Shops,Khanh Hoa,https://www.tripadvisor.com/Attraction_Review-g293928-d15086075-Reviews-Deli_Nha_Trang-Nha_Trang_Khanh_Hoa_Province.html,597
Ngoc Nail,Spas,Khanh Hoa,https://www.tripadvisor.com/Attraction_Review-g293928-d25707318-Reviews-Ngoc_Nail-Nha_Trang_Khanh_Hoa_Province.html,598
Love Waterfall,Waterfalls,Lai Chau,https://www.tripadvisor.com/Attraction_Review-g811257-d5978825-Reviews-Love_Waterfall-Lai_Chau_Lai_Chau_Province.html,1
Tam Duong Market,Farmers Markets,Lai Chau,https://www.tripadvisor.com/Attraction_Review-g811257-d10840155-Reviews-Tam_Duong_Market-Lai_Chau_Lai_Chau_Province.html,2
Pu Sam Cap Caves,Caverns & Caves,Lai Chau,https://www.tripadvisor.com/Attraction_Review-g811257-d17398941-Reviews-Pu_Sam_Cap_Caves-Lai_Chau_Lai_Chau_Province.html,3
Sin Suoi Ho Resort,Canyoning & Rappelling Tours • Taxis & Shuttles,Lai Chau,https://www.tripadvisor.com/Attraction_Review-g811257-d19597524-Reviews-Sin_Suoi_Ho_Resort-Lai_Chau_Lai_Chau_Province.html,4
Kien Tour Guide,Climbing Tours • Motorcycle Tours,Lai Chau,https://www.tripadvisor.com/Attraction_Review-g811257-d21375826-Reviews-Kien_Tour_Guide-Lai_Chau_Lai_Chau_Province.html,5
Lai Chau Tour,Day Trips,Lai Chau,https://www.tripadvisor.com/Attraction_Review-g811257-d32796357-Reviews-Lai_Chau_Tour-Lai_Chau_Lai_Chau_Province.html,6
Theo Travel,Multi-day Tours • Adrenaline & Extreme Tours,Lai Chau,https://www.tripadvisor.com/Attraction_Review-g811257-d27084111-Reviews-Theo_Travel-Lai_Chau_Lai_Chau_Province.html,7
Lai Châu Trails,Taxis & Shuttles • Climbing Tours,Lai Chau,https://www.tripadvisor.com/Attraction_Review-g811257-d34049160-Reviews-Lai_Chau_Trails-Lai_Chau_Lai_Chau_Province.html,8
Sapa Beyond Adventures,Walking Tours • Motorcycle Tours,Lai Chau,https://www.tripadvisor.com/Attraction_Review-g811257-d34118937-Reviews-Sapa_Beyond_Adventures-Lai_Chau_Lai_Chau_Province.html,10
Linh An Pagoda,Points of Interest & Landmarks,Lam Dong,https://www.tripadvisor.com/Attraction_Review-g298083-d7333819-Reviews-Linh_An_Pagoda-Lam_Dong_Lam_Dong_Province.html,1
Dambri Waterfall,Waterfalls,Lam Dong,https://www.tripadvisor.com/Attraction_Review-g298083-d13567749-Reviews-Dambri_Waterfall-Lam_Dong_Lam_Dong_Province.html,2
Samten Hills Dalat,Points of Interest & Landmarks,Lam Dong,https://www.tripadvisor.com/Attraction_Review-g298083-d25709235-Reviews-Samten_Hills_Dalat-Lam_Dong_Lam_Dong_Province.html,3
The Florest - Hoa Trong Rừng,Points of Interest & Landmarks,Lam Dong,https://www.tripadvisor.com/Attraction_Review-g298083-d27925859-Reviews-The_Florest_Hoa_Trong_R_ng-Lam_Dong_Lam_Dong_Province.html,4
Thien An Cricket Farm,Farms,Lam Dong,https://www.tripadvisor.com/Attraction_Review-g298083-d10000828-Reviews-Thien_An_Cricket_Farm-Lam_Dong_Lam_Dong_Province.html,5
Đami Farm,Farms,Lam Dong,https://www.tripadvisor.com/Attraction_Review-g298083-d33348955-Reviews-Dami_Farm-Lam_Dong_Lam_Dong_Province.html,6
Pawsome Haven,Zoos,Lam Dong,https://www.tripadvisor.com/Attraction_Review-g298083-d27153290-Reviews-Pawsome_Haven-Lam_Dong_Lam_Dong_Province.html,7
Elon Farmstay,Farms,Lam Dong,https://www.tripadvisor.com/Attraction_Review-g298083-d17376128-Reviews-Elon_Farmstay-Lam_Dong_Lam_Dong_Province.html,8
Goats In Dalat,Mountains • Hiking Trails,Lam Dong,https://www.tripadvisor.com/Attraction_Review-g298083-d33065565-Reviews-Goats_In_Dalat-Lam_Dong_Lam_Dong_Province.html,9
Mơ Mơ Studio - Plants & Art,Art Galleries • Gardens,Lam Dong,https://www.tripadvisor.com/Attraction_Review-g298083-d34311174-Reviews-Mo_Mo_Studio_Plants_Art-Lam_Dong_Lam_Dong_Province.html,10
Pompeii Bar & Billiards,Bars & Clubs • Gay Bars,Lam Dong,https://www.tripadvisor.com/Attraction_Review-g298083-d11664673-Reviews-Pompeii_Bar_Billiards-Lam_Dong_Lam_Dong_Province.html,11
Dalat Hana Spa,Spas,Lam Dong,https://www.tripadvisor.com/Attraction_Review-g298083-d34237036-Reviews-Dalat_Hana_Spa-Lam_Dong_Lam_Dong_Province.html,12
ATV Tour in The Dalat Forest | Mountains,"4WD, ATV & Off-Road Tours • Day Trips",Lam Dong,https://www.tripadvisor.com/Attraction_Review-g298083-d25010929-Reviews-ATV_Tour_in_The_Dalat_Forest_Mountains-Lam_Dong_Lam_Dong_Province.html,13
Nông Trại Fiore Farm,Farms • Ranches,Lam Dong,https://www.tripadvisor.com/Attraction_Review-g298083-d34516645-Reviews-Nong_Tr_i_Fiore_Farm-Lam_Dong_Lam_Dong_Province.html,14
Cuong Hoan Silk Factory,Factory Tours,Lam Dong,https://www.tripadvisor.com/Attraction_Review-g298083-d10000785-Reviews-Cuong_Hoan_Silk_Factory-Lam_Dong_Lam_Dong_Province.html,15
Warm Night Club Đà Lạt,Bars & Clubs,Lam Dong,https://www.tripadvisor.com/Attraction_Review-g298083-d27974017-Reviews-Warm_Night_Club_Da_L_t-Lam_Dong_Lam_Dong_Province.html,16
Ana Spa Massage Da Lat,Spas,Lam Dong,https://www.tripadvisor.com/Attraction_Review-g298083-d34569959-Reviews-Ana_Spa_Massage_Da_Lat-Lam_Dong_Lam_Dong_Province.html,17
"Private car Da lat <>Nha Trang , Da Lat <> Phan Thiet , Da Lat <> Ho Chi Minh",Taxis & Shuttles,Lam Dong,https://www.tripadvisor.com/Attraction_Review-g298083-d26581601-Reviews-Private_car_Da_lat_Nha_Trang_Da_Lat_Phan_Thiet_Da_Lat_Ho_Chi_Minh-Lam_Dong_Lam_D.html,18
Viet Challenge Tours,City Tours • Bike Tours,Lam Dong,https://www.tripadvisor.com/Attraction_Review-g298083-d20306755-Reviews-Viet_Challenge_Tours-Lam_Dong_Lam_Dong_Province.html,19
Điềm Thụy Spa,Spas,Lam Dong,https://www.tripadvisor.com/Attraction_Review-g298083-d34459169-Reviews-Di_m_Th_y_Spa-Lam_Dong_Lam_Dong_Province.html,20
Tam Coffee,Ranches,Lam Dong,https://www.tripadvisor.com/Attraction_Review-g298083-d34363171-Reviews-Tam_Coffee-Lam_Dong_Lam_Dong_Province.html,21
Tiệm Gội Đầu Nhà Na,Spas,Lam Dong,https://www.tripadvisor.com/Attraction_Review-g298083-d34566956-Reviews-Ti_m_G_i_D_u_Nha_Na-Lam_Dong_Lam_Dong_Province.html,22
Ana Spa Da Lat,Spas,Lam Dong,https://www.tripadvisor.com/Attraction_Review-g298083-d34572411-Reviews-Ana_Spa_Da_Lat-Lam_Dong_Lam_Dong_Province.html,23
Bảo Lộc - B'Lao Săn Mây,Multi-day Tours • Adrenaline & Extreme Tours,Lam Dong,https://www.tripadvisor.com/Attraction_Review-g298083-d19074513-Reviews-B_o_L_c_B_Lao_San_May-Lam_Dong_Lam_Dong_Province.html,24
Du Hí Bốn Phương,Multi-day Tours • Private Tours,Lam Dong,https://www.tripadvisor.com/Attraction_Review-g298083-d25034069-Reviews-Du_Hi_B_n_Phuong-Lam_Dong_Lam_Dong_Province.html,25
Bảo Tàng Trà Long Đỉnh,Cultural Tours • Taxis & Shuttles,Lam Dong,https://www.tripadvisor.com/Attraction_Review-g298083-d27163491-Reviews-B_o_Tang_Tra_Long_D_nh-Lam_Dong_Lam_Dong_Province.html,26
Khu Du Lịch Rừng Thông Núi Voi,Multi-day Tours • Adrenaline & Extreme Tours,Lam Dong,https://www.tripadvisor.com/Attraction_Review-g298083-d27141837-Reviews-Khu_Du_L_ch_R_ng_Thong_Nui_Voi-Lam_Dong_Lam_Dong_Province.html,27
HIGHLAND ADVENTURE-DALAT ADVENTURE TOURS,Canyoning & Rappelling Tours • Adrenaline & Extreme Tours,Lam Dong,https://www.tripadvisor.com/Attraction_Review-g298083-d25552814-Reviews-HIGHLAND_ADVENTURE_DALAT_ADVENTURE_TOURS-Lam_Dong_Lam_Dong_Province.html,28
Thô's Artisan Coffee Dalat,"Bar, Club & Pub Tours",Lam Dong,https://www.tripadvisor.com/Attraction_Review-g298083-d27946694-Reviews-Tho_s_Artisan_Coffee_Dalat-Lam_Dong_Lam_Dong_Province.html,29
GuTrip Experience,Multi-day Tours • Hiking & Camping Tours,Lam Dong,https://www.tripadvisor.com/Attraction_Review-g298083-d20111731-Reviews-GuTrip_Experience-Lam_Dong_Lam_Dong_Province.html,31
Nhà Của Thời Thanh Xuân,Paint & Pottery Studios • Cooking Classes,Lam Dong,https://www.tripadvisor.com/Attraction_Review-g298083-d20162488-Reviews-Nha_C_a_Th_i_Thanh_Xuan-Lam_Dong_Lam_Dong_Province.html,32
Vina Holiday - Đà Lạt,Multi-day Tours • Private Tours,Lam Dong,https://www.tripadvisor.com/Attraction_Review-g298083-d34043267-Reviews-Vina_Holiday_Da_L_t-Lam_Dong_Lam_Dong_Province.html,33
Tea Bobla Waterfall,Eco Tours,Lam Dong,https://www.tripadvisor.com/Attraction_Review-g298083-d28657349-Reviews-Tea_Bobla_Waterfall-Lam_Dong_Lam_Dong_Province.html,34
Bau Trang U&ME Tourist Area,"4WD, ATV & Off-Road Tours • Off-Road & ATV Trails",Lam Dong,https://www.tripadvisor.com/Attraction_Review-g298083-d34342790-Reviews-Bau_Trang_U_ME_Tourist_Area-Lam_Dong_Lam_Dong_Province.html,35
Rainbow.TRAVEL&EVENTS,Multi-day Tours • Adrenaline & Extreme Tours,Lam Dong,https://www.tripadvisor.com/Attraction_Review-g298083-d33130922-Reviews-Rainbow_TRAVEL_EVENTS-Lam_Dong_Lam_Dong_Province.html,36
San Homestay,Gear Rentals • Hiking & Camping Tours,Lam Dong,https://www.tripadvisor.com/Attraction_Review-g298083-d15270181-Reviews-San_Homestay-Lam_Dong_Lam_Dong_Province.html,37
S Coffee Roastery,Coffee & Tea Tours,Lam Dong,https://www.tripadvisor.com/Attraction_Review-g298083-d33122565-Reviews-S_Coffee_Roastery-Lam_Dong_Lam_Dong_Province.html,38
Dalat Today Travel,Hop-On Hop-Off Tours,Lam Dong,https://www.tripadvisor.com/Attraction_Review-g298083-d32825821-Reviews-Dalat_Today_Travel-Lam_Dong_Lam_Dong_Province.html,39
Temple Đại Tùng lâm hoa sen lâm Đồng,Historical & Heritage Tours • Sightseeing Tours,Lam Dong,https://www.tripadvisor.com/Attraction_Review-g298083-d34125332-Reviews-Temple_D_i_Tung_lam_hoa_sen_lam_D_ng-Lam_Dong_Lam_Dong_Province.html,40
TROPICAL TREKKING,Cultural Tours • Historical & Heritage Tours,Lam Dong,https://www.tripadvisor.com/Attraction_Review-g298083-d34040250-Reviews-TROPICAL_TREKKING-Lam_Dong_Lam_Dong_Province.html,41
Coffee tham quan chụp hình,Coffee & Tea Tours • Hiking & Camping Tours,Lam Dong,https://www.tripadvisor.com/Attraction_Review-g298083-d32975591-Reviews-Coffee_tham_quan_ch_p_hinh-Lam_Dong_Lam_Dong_Province.html,42
Sucampinglife,"4WD, ATV & Off-Road Tours • Taxis & Shuttles",Lam Dong,https://www.tripadvisor.com/Attraction_Review-g298083-d27720910-Reviews-Sucampinglife-Lam_Dong_Lam_Dong_Province.html,45
Bac Son Valley,Bodies of Water • Mountains,Lang Son,https://www.tripadvisor.com/Attraction_Review-g2144896-d11489001-Reviews-Bac_Son_Valley-Lang_Son_Lang_Son_Province.html,1
Tam Thanh Grotto,Caverns & Caves,Lang Son,https://www.tripadvisor.com/Attraction_Review-g2144896-d2266644-Reviews-Tam_Thanh_Grotto-Lang_Son_Lang_Son_Province.html,2
Lang Son UNESCO Global Geopark,National Parks,Lang Son,https://www.tripadvisor.com/Attraction_Review-g2144896-d33994727-Reviews-Lang_Son_UNESCO_Global_Geopark-Lang_Son_Lang_Son_Province.html,3
Nhi Thanh grotto,Caverns & Caves,Lang Son,https://www.tripadvisor.com/Attraction_Review-g2144896-d2266672-Reviews-Nhi_Thanh_grotto-Lang_Son_Lang_Son_Province.html,4
Siêu thị WinMart Lạng Sơn,Speciality & Gift Shops,Lang Son,https://www.tripadvisor.com/Attraction_Review-g2144896-d34515008-Reviews-Sieu_th_WinMart_L_ng_Son-Lang_Son_Lang_Son_Province.html,5
Hava Travel Lạng Sơn,City Tours • Multi-day Tours,Lang Son,https://www.tripadvisor.com/Attraction_Review-g2144896-d33088385-Reviews-Hava_Travel_L_ng_Son-Lang_Son_Lang_Son_Province.html,6
Vietnam Expeditions,Multi-day Tours • Canyoning & Rappelling Tours,Lang Son,https://www.tripadvisor.com/Attraction_Review-g2144896-d26828314-Reviews-Vietnam_Expeditions-Lang_Son_Lang_Son_Province.html,7
Thành Nhà Mạc Lạng Sơn,Historical & Heritage Tours,Lang Son,https://www.tripadvisor.com/Attraction_Review-g2144896-d33321127-Reviews-Thanh_Nha_M_c_L_ng_Son-Lang_Son_Lang_Son_Province.html,8
Trạm Dừng nghỉ Hoa Hồi Lạng Sơn,Cultural Tours • Shopping Tours,Lang Son,https://www.tripadvisor.com/Attraction_Review-g2144896-d33970853-Reviews-Tr_m_D_ng_ngh_Hoa_H_i_L_ng_Son-Lang_Son_Lang_Son_Province.html,9
Lang Son Expeditions,River Rafting & Tubing • Canyoning & Rappelling Tours,Lang Son,https://www.tripadvisor.com/Attraction_Review-g2144896-d26828320-Reviews-Lang_Son_Expeditions-Lang_Son_Lang_Son_Province.html,10
Hava Travel Lang Son,Multi-day Tours • Motorcycle Tours,Lang Son,https://www.tripadvisor.com/Attraction_Review-g2144896-d33090483-Reviews-Hava_Travel_Lang_Son-Lang_Son_Lang_Son_Province.html,11
Vietnam CBT,Cultural Tours • Hiking & Camping Tours,Lang Son,https://www.tripadvisor.com/Attraction_Review-g2144896-d13476682-Reviews-Vietnam_CBT-Lang_Son_Lang_Son_Province.html,12
Mong Village - Alpine Coaster Sapa,Game & Entertainment Centers,Lao Cai,https://www.tripadvisor.com/Attraction_Review-g737052-d27171657-Reviews-Mong_Village_Alpine_Coaster_Sapa-Lao_Cai_Lao_Cai_Province.html,1
Moana Sapa,Points of Interest & Landmarks,Lao Cai,https://www.tripadvisor.com/Attraction_Review-g737052-d28983403-Reviews-Moana_Sapa-Lao_Cai_Lao_Cai_Province.html,2
Sin Cheng Market,Flea & Street Markets • Farmers Markets,Lao Cai,https://www.tripadvisor.com/Attraction_Review-g737052-d8851158-Reviews-Sin_Cheng_Market-Lao_Cai_Lao_Cai_Province.html,3
Cao Son Market,Points of Interest & Landmarks,Lao Cai,https://www.tripadvisor.com/Attraction_Review-g737052-d6974704-Reviews-Cao_Son_Market-Lao_Cai_Lao_Cai_Province.html,4
Y Ty Village,Neighborhoods • Points of Interest & Landmarks,Lao Cai,https://www.tripadvisor.com/Attraction_Review-g737052-d14086596-Reviews-Y_Ty_Village-Lao_Cai_Lao_Cai_Province.html,5
Loa Cai Crossing (vietnam To China),Government Buildings,Lao Cai,https://www.tripadvisor.com/Attraction_Review-g737052-d33274740-Reviews-Loa_Cai_Crossing_vietnam_To_China-Lao_Cai_Lao_Cai_Province.html,6
Den Mau,Points of Interest & Landmarks • Religious Sites,Lao Cai,https://www.tripadvisor.com/Attraction_Review-g737052-d8797433-Reviews-Den_Mau-Lao_Cai_Lao_Cai_Province.html,7
Bach Moc Luong Tu,Mountains,Lao Cai,https://www.tripadvisor.com/Attraction_Review-g737052-d13313014-Reviews-Bach_Moc_Luong_Tu-Lao_Cai_Lao_Cai_Province.html,8
Mau Temple - Lao Cai,Religious Sites,Lao Cai,https://www.tripadvisor.com/Attraction_Review-g737052-d6974773-Reviews-Mau_Temple_Lao_Cai-Lao_Cai_Lao_Cai_Province.html,10
Tibetan House,Points of Interest & Landmarks,Lao Cai,https://www.tripadvisor.com/Attraction_Review-g737052-d23259101-Reviews-Tibetan_House-Lao_Cai_Lao_Cai_Province.html,11
Sapa Weather Trekking Tours,Hiking Trails,Lao Cai,https://www.tripadvisor.com/Attraction_Review-g737052-d26348648-Reviews-Sapa_Weather_Trekking_Tours-Lao_Cai_Lao_Cai_Province.html,12
Cáp Treo Fansipan,Trams,Lao Cai,https://www.tripadvisor.com/Attraction_Review-g737052-d24061612-Reviews-Cap_Treo_Fansipan-Lao_Cai_Lao_Cai_Province.html,13
Triple S Travel,Visitor Centers,Lao Cai,https://www.tripadvisor.com/Attraction_Review-g737052-d34233029-Reviews-Triple_S_Travel-Lao_Cai_Lao_Cai_Province.html,14
Nature Dual Expeditions,Hiking Trails,Lao Cai,https://www.tripadvisor.com/Attraction_Review-g737052-d33353379-Reviews-Nature_Dual_Expeditions-Lao_Cai_Lao_Cai_Province.html,15
Lảo Thẩn,Mountains,Lao Cai,https://www.tripadvisor.com/Attraction_Review-g737052-d28635617-Reviews-L_o_Th_n-Lao_Cai_Lao_Cai_Province.html,16
H'Mong Lady Club & Entertainment,Bars & Clubs,Lao Cai,https://www.tripadvisor.com/Attraction_Review-g737052-d33427771-Reviews-H_Mong_Lady_Club_Entertainment-Lao_Cai_Lao_Cai_Province.html,17
Đền Ken,Religious Sites,Lao Cai,https://www.tripadvisor.com/Attraction_Review-g737052-d24145535-Reviews-D_n_Ken-Lao_Cai_Lao_Cai_Province.html,18
Naru Vip Massage,Spas,Lao Cai,https://www.tripadvisor.com/Attraction_Review-g737052-d17750760-Reviews-Naru_Vip_Massage-Lao_Cai_Lao_Cai_Province.html,19
Motorcycle Rental Lao Cai,Gear Rentals,Lao Cai,https://www.tripadvisor.com/Attraction_Review-g737052-d11666835-Reviews-Motorcycle_Rental_Lao_Cai-Lao_Cai_Lao_Cai_Province.html,20
THUÊ XE CÓ LÀ Chuyển đi đáng nhờ. SAPA,Taxis & Shuttles,Lao Cai,https://www.tripadvisor.com/Attraction_Review-g737052-d34278629-Reviews-THUE_XE_CO_LA_Chuy_n_di_dang_nh_SAPA-Lao_Cai_Lao_Cai_Province.html,21
Ling Tran - Cosmetics & Spa,Spas,Lao Cai,https://www.tripadvisor.com/Attraction_Review-g737052-d29924515-Reviews-Ling_Tran_Cosmetics_Spa-Lao_Cai_Lao_Cai_Province.html,22
Indigo Store Sapa Lao Chai,Speciality & Gift Shops,Lao Cai,https://www.tripadvisor.com/Attraction_Review-g737052-d27995744-Reviews-Indigo_Store_Sapa_Lao_Chai-Lao_Cai_Lao_Cai_Province.html,23
Sapa Group Bus,Bus Services,Lao Cai,https://www.tripadvisor.com/Attraction_Review-g737052-d24046730-Reviews-Sapa_Group_Bus-Lao_Cai_Lao_Cai_Province.html,24
Do Quyen Spa & Massage,Spas,Lao Cai,https://www.tripadvisor.com/Attraction_Review-g737052-d17347849-Reviews-Do_Quyen_Spa_Massage-Lao_Cai_Lao_Cai_Province.html,25
Ốc Beauty - Nail Shop - Hair Wash - Eyelash,Spas,Lao Cai,https://www.tripadvisor.com/Attraction_Review-g737052-d34678203-Reviews-C_Beauty_Nail_Shop_Hair_Wash_Eyelash-Lao_Cai_Lao_Cai_Province.html,26
Sapaly Spa & Massage,Spas,Lao Cai,https://www.tripadvisor.com/Attraction_Review-g737052-d9718474-Reviews-Sapaly_Spa_Massage-Lao_Cai_Lao_Cai_Province.html,27
Lao Cai Motorcycle Rental,Gear Rentals,Lao Cai,https://www.tripadvisor.com/Attraction_Review-g737052-d11445446-Reviews-Lao_Cai_Motorcycle_Rental-Lao_Cai_Lao_Cai_Province.html,28
The Black Horse Pub,Country & Western Bars,Lao Cai,https://www.tripadvisor.com/Attraction_Review-g737052-d27942709-Reviews-The_Black_Horse_Pub-Lao_Cai_Lao_Cai_Province.html,29
Relax Massage & Spa Sapa,Spas,Lao Cai,https://www.tripadvisor.com/Attraction_Review-g737052-d26339894-Reviews-Relax_Massage_Spa_Sapa-Lao_Cai_Lao_Cai_Province.html,30
Red Dao Spa,Spas,Lao Cai,https://www.tripadvisor.com/Attraction_Review-g737052-d24149498-Reviews-Red_Dao_Spa-Lao_Cai_Lao_Cai_Province.html,31
Motorbike Rental 368 In Lao Cai,Gear Rentals,Lao Cai,https://www.tripadvisor.com/Attraction_Review-g737052-d28117991-Reviews-Motorbike_Rental_368_In_Lao_Cai-Lao_Cai_Lao_Cai_Province.html,32
Minh Châu Spa,Spas,Lao Cai,https://www.tripadvisor.com/Attraction_Review-g737052-d28028563-Reviews-Minh_Chau_Spa-Lao_Cai_Lao_Cai_Province.html,33
Sapa Green Spa,Spas,Lao Cai,https://www.tripadvisor.com/Attraction_Review-g737052-d27673997-Reviews-Sapa_Green_Spa-Lao_Cai_Lao_Cai_Province.html,34
Mebayluon Paragliding,Parasailing & Paragliding • Skydiving,Lao Cai,https://www.tripadvisor.com/Attraction_Review-g737052-d27969404-Reviews-Mebayluon_Paragliding-Lao_Cai_Lao_Cai_Province.html,35
Motorbike Rental Lao Cai,Gear Rentals,Lao Cai,https://www.tripadvisor.com/Attraction_Review-g737052-d33063446-Reviews-Motorbike_Rental_Lao_Cai-Lao_Cai_Lao_Cai_Province.html,36
Charm Spa,Spas,Lao Cai,https://www.tripadvisor.com/Attraction_Review-g737052-d25376425-Reviews-Charm_Spa-Lao_Cai_Lao_Cai_Province.html,37
Rose Spa,Spas,Lao Cai,https://www.tripadvisor.com/Attraction_Review-g737052-d33336298-Reviews-Rose_Spa-Lao_Cai_Lao_Cai_Province.html,38
Motorcycle Rental,Gear Rentals,Lao Cai,https://www.tripadvisor.com/Attraction_Review-g737052-d11660553-Reviews-Motorcycle_Rental-Lao_Cai_Lao_Cai_Province.html,39
Ốc Beauty - Nails - Hair Wash - Eyelash,Spas,Lao Cai,https://www.tripadvisor.com/Attraction_Review-g737052-d34683646-Reviews-C_Beauty_Nails_Hair_Wash_Eyelash-Lao_Cai_Lao_Cai_Province.html,40
"Paramotor Paragliding Experience in Mu Cang Chai, Lao Cai Province",Parasailing & Paragliding • Skydiving,Lao Cai,https://www.tripadvisor.com/Attraction_Review-g737052-d34377924-Reviews-Paramotor_Paragliding_Experience_in_Mu_Cang_Chai_Lao_Cai_Province-Lao_Cai_Lao_Ca.html,41
Batik workshop,Lessons & Workshops,Lao Cai,https://www.tripadvisor.com/Attraction_Review-g737052-d34443137-Reviews-Batik_workshop-Lao_Cai_Lao_Cai_Province.html,42
Flamingo Laocai Motorbike Tours and Rentals,City Tours • Multi-day Tours,Lao Cai,https://www.tripadvisor.com/Attraction_Review-g737052-d17766421-Reviews-Flamingo_Laocai_Motorbike_Tours_and_Rentals-Lao_Cai_Lao_Cai_Province.html,43
Lyli,Multi-day Tours • Private Tours,Lao Cai,https://www.tripadvisor.com/Attraction_Review-g737052-d33027505-Reviews-Lyli-Lao_Cai_Lao_Cai_Province.html,44
SAPA FANSIPAN TREKKING TOUR,Multi-day Tours • Adrenaline & Extreme Tours,Lao Cai,https://www.tripadvisor.com/Attraction_Review-g737052-d25080600-Reviews-SAPA_FANSIPAN_TREKKING_TOUR-Lao_Cai_Lao_Cai_Province.html,45
Sa Pa,Sightseeing Tours,Lao Cai,https://www.tripadvisor.com/Attraction_Review-g737052-d33278680-Reviews-Sa_Pa-Lao_Cai_Lao_Cai_Province.html,46
Shom Li Homestay & Trekking,Hiking & Camping Tours,Lao Cai,https://www.tripadvisor.com/Attraction_Review-g737052-d31720383-Reviews-Shom_Li_Homestay_Trekking-Lao_Cai_Lao_Cai_Province.html,47
Lao Cai Tours,Walking Tours • Hiking & Camping Tours,Lao Cai,https://www.tripadvisor.com/Attraction_Review-g737052-d32847075-Reviews-Lao_Cai_Tours-Lao_Cai_Lao_Cai_Province.html,48
Canyoning Sapa - Love Waterfall - Half day - Viettrekking,Canyoning & Rappelling Tours,Lao Cai,https://www.tripadvisor.com/Attraction_Review-g737052-d25942699-Reviews-Canyoning_Sapa_Love_Waterfall_Half_day_Viettrekking-Lao_Cai_Lao_Cai_Province.html,49
Misty Pub,"Bar, Club & Pub Tours • Bars & Clubs",Lao Cai,https://www.tripadvisor.com/Attraction_Review-g737052-d34678753-Reviews-Misty_Pub-Lao_Cai_Lao_Cai_Province.html,50
Sa Pa And North Tour,"4WD, ATV & Off-Road Tours • Taxis & Shuttles",Lao Cai,https://www.tripadvisor.com/Attraction_Review-g737052-d34480678-Reviews-Sa_Pa_And_North_Tour-Lao_Cai_Lao_Cai_Province.html,51
Sapa Budget Travel - Day Tours,Cultural Tours • Walking Tours,Lao Cai,https://www.tripadvisor.com/Attraction_Review-g737052-d8616781-Reviews-Sapa_Budget_Travel_Day_Tours-Lao_Cai_Lao_Cai_Province.html,52
Limousine AB,Taxis & Shuttles • Self-Guided Tours & Rentals,Lao Cai,https://www.tripadvisor.com/Attraction_Review-g737052-d19512662-Reviews-Limousine_AB-Lao_Cai_Lao_Cai_Province.html,53
SapaTour Hmoob,City Tours • Motorcycle Tours,Lao Cai,https://www.tripadvisor.com/Attraction_Review-g737052-d33280407-Reviews-SapaTour_Hmoob-Lao_Cai_Lao_Cai_Province.html,54
Bau Sa Pa Trekking,Sightseeing Tours,Lao Cai,https://www.tripadvisor.com/Attraction_Review-g737052-d32793776-Reviews-Bau_Sa_Pa_Trekking-Lao_Cai_Lao_Cai_Province.html,55
Sa pa Terraces rice view homestay & Bar,"Bar, Club & Pub Tours • Cultural Tours",Lao Cai,https://www.tripadvisor.com/Attraction_Review-g737052-d28043045-Reviews-Sa_pa_Terraces_rice_view_homestay_Bar-Lao_Cai_Lao_Cai_Province.html,56
Sapa Budget Tours - Private Day Tours,Private Tours,Lao Cai,https://www.tripadvisor.com/Attraction_Review-g737052-d6363740-Reviews-Sapa_Budget_Tours_Private_Day_Tours-Lao_Cai_Lao_Cai_Province.html,57
Green Sapa Trekking,Cultural Tours • Adrenaline & Extreme Tours,Lao Cai,https://www.tripadvisor.com/Attraction_Review-g737052-d33256372-Reviews-Green_Sapa_Trekking-Lao_Cai_Lao_Cai_Province.html,59
Bac Ha Discovery,Multi-day Tours • Hiking & Camping Tours,Lao Cai,https://www.tripadvisor.com/Attraction_Review-g737052-d26302539-Reviews-Bac_Ha_Discovery-Lao_Cai_Lao_Cai_Province.html,60
Trà Sen Mặn,Coffee & Tea Tours,Lao Cai,https://www.tripadvisor.com/Attraction_Review-g737052-d32508960-Reviews-Tra_Sen_M_n-Lao_Cai_Lao_Cai_Province.html,61
VIỆT,Taxis & Shuttles • Hiking & Camping Tours,Lao Cai,https://www.tripadvisor.com/Attraction_Review-g737052-d25026898-Reviews-VI_T-Lao_Cai_Lao_Cai_Province.html,62
LCa resto tours,Coffee & Tea Tours • Food Tours,Lao Cai,https://www.tripadvisor.com/Attraction_Review-g737052-d26613914-Reviews-LCa_resto_tours-Lao_Cai_Lao_Cai_Province.html,63
Trekking Tour Sapa,Walking Tours • Hiking & Camping Tours,Lao Cai,https://www.tripadvisor.com/Attraction_Review-g737052-d28034197-Reviews-Trekking_Tour_Sapa-Lao_Cai_Lao_Cai_Province.html,64
Tiệm Ảnh Cát Cát,Sightseeing Tours,Lao Cai,https://www.tripadvisor.com/Attraction_Review-g737052-d27764177-Reviews-Ti_m_nh_Cat_Cat-Lao_Cai_Lao_Cai_Province.html,65
Lala Hmong Guide,Sightseeing Tours,Lao Cai,https://www.tripadvisor.com/Attraction_Review-g737052-d32483431-Reviews-Lala_Hmong_Guide-Lao_Cai_Lao_Cai_Province.html,66
Phung Trekking Sapa,"Literary, Art & Music Tours • Climbing Tours",Lao Cai,https://www.tripadvisor.com/Attraction_Review-g737052-d28005488-Reviews-Phung_Trekking_Sapa-Lao_Cai_Lao_Cai_Province.html,67
LE Minh Travel,Multi-day Tours • Taxis & Shuttles,Lao Cai,https://www.tripadvisor.com/Attraction_Review-g737052-d34598246-Reviews-LE_Minh_Travel-Lao_Cai_Lao_Cai_Province.html,68
Trekking With Su & Homestay,Sightseeing Tours,Lao Cai,https://www.tripadvisor.com/Attraction_Review-g737052-d27182475-Reviews-Trekking_With_Su_Homestay-Lao_Cai_Lao_Cai_Province.html,69
Fansipan Hiking Peak,Hiking & Camping Tours,Lao Cai,https://www.tripadvisor.com/Attraction_Review-g737052-d33056297-Reviews-Fansipan_Hiking_Peak-Lao_Cai_Lao_Cai_Province.html,70
Pu Mat National Park,National Parks,Nghe An,https://www.tripadvisor.com/Attraction_Review-g13238178-d12268853-Reviews-Pu_Mat_National_Park-Con_Cuong_Nghe_An_Province.html,1
Quynh Nghia Beach,Beaches,Nghe An,https://www.tripadvisor.com/Attraction_Review-g15293008-d8571589-Reviews-Quynh_Nghia_Beach-Quynh_Nghia_Nghe_An_Province.html,2
President Ho Chi Minh Native Home,Historic Sites,Nghe An,https://www.tripadvisor.com/Attraction_Review-g1554764-d2201250-Reviews-President_Ho_Chi_Minh_Native_Home-Vinh_Nghe_An_Province.html,3
Cua Lo Beach,Beaches,Nghe An,https://www.tripadvisor.com/Attraction_Review-g4235728-d2201198-Reviews-Cua_Lo_Beach-Cua_Lo_Nghe_An_Province.html,4
Khe Kem Waterfall,Waterfalls,Nghe An,https://www.tripadvisor.com/Attraction_Review-g13238178-d14928566-Reviews-Khe_Kem_Waterfall-Con_Cuong_Nghe_An_Province.html,5
Khe Lau Lake,Bodies of Water,Nghe An,https://www.tripadvisor.com/Attraction_Review-g15293069-d14928584-Reviews-Khe_Lau_Lake-Nghia_Thuan_Nghe_An_Province.html,6
Dao Che Thanh Chuong,Bodies of Water,Nghe An,https://www.tripadvisor.com/Attraction_Review-g15292606-d15074477-Reviews-Dao_Che_Thanh_Chuong-Thanh_An_Nghe_An_Province.html,7
Vinwonders Cửa Hội,Amusement & Theme Parks • Water Parks,Nghe An,https://www.tripadvisor.com/Attraction_Review-g4235728-d28019608-Reviews-Vinwonders_C_a_H_i-Cua_Lo_Nghe_An_Province.html,8
Đền Thờ Vua Quang Trung,Religious Sites,Nghe An,https://www.tripadvisor.com/Attraction_Review-g1554764-d23687705-Reviews-D_n_Th_Vua_Quang_Trung-Vinh_Nghe_An_Province.html,9
Dong Du Valley,Points of Interest & Landmarks • Battlefields,Nghe An,https://www.tripadvisor.com/Attraction_Review-g15293069-d21285500-Reviews-Dong_Du_Valley-Nghia_Thuan_Nghe_An_Province.html,10
Pu Xai Lai Leng,Mountains,Nghe An,https://www.tripadvisor.com/Attraction_Review-g2146235-d14890696-Reviews-Pu_Xai_Lai_Leng-Nghe_An_Province.html,11
Ho Cong Cave,Points of Interest & Landmarks • Caverns & Caves,Nghe An,https://www.tripadvisor.com/Attraction_Review-g1554764-d21054447-Reviews-Ho_Cong_Cave-Vinh_Nghe_An_Province.html,12
Pu Huong Nature Reserve,Nature & Wildlife Areas,Nghe An,https://www.tripadvisor.com/Attraction_Review-g14794619-d14790294-Reviews-Pu_Huong_Nature_Reserve-Quy_Hop_Nghe_An_Province.html,13
Vinh Stadium,Arenas & Stadiums,Nghe An,https://www.tripadvisor.com/Attraction_Review-g1554764-d26695808-Reviews-Vinh_Stadium-Vinh_Nghe_An_Province.html,14
Quảng trường Hồ Chí Minh,Parks,Nghe An,https://www.tripadvisor.com/Attraction_Review-g1554764-d26729027-Reviews-Qu_ng_tru_ng_H_Chi_Minh-Vinh_Nghe_An_Province.html,15
Pu Hoat Nature Reserve,Nature & Wildlife Areas,Nghe An,https://www.tripadvisor.com/Attraction_Review-g14790122-d14790075-Reviews-Pu_Hoat_Nature_Reserve-Que_Phong_Nghe_An_Province.html,16
Đền Ông Hoàng Mười,Religious Sites,Nghe An,https://www.tripadvisor.com/Attraction_Review-g23689167-d23687702-Reviews-D_n_Ong_Hoang_Mu_i-Hung_Th_nh_Nghe_An_Province.html,17
Sao Va Waterfall,Waterfalls,Nghe An,https://www.tripadvisor.com/Attraction_Review-g14790122-d20813717-Reviews-Sao_Va_Waterfall-Que_Phong_Nghe_An_Province.html,18
Khu Du Lịch Sinh Thái Phà Lài,Points of Interest & Landmarks • Dams,Nghe An,https://www.tripadvisor.com/Attraction_Review-g13238178-d32997252-Reviews-Khu_Du_L_ch_Sinh_Thai_Pha_Lai-Con_Cuong_Nghe_An_Province.html,19
La Bambouseraie À Dong Du,Gardens,Nghe An,https://www.tripadvisor.com/Attraction_Review-g15293069-d28124809-Reviews-La_Bambouseraie_A_Dong_Du-Nghia_Thuan_Nghe_An_Province.html,20
Bay Tang Waterfalls,Waterfalls,Nghe An,https://www.tripadvisor.com/Attraction_Review-g14790122-d21204350-Reviews-Bay_Tang_Waterfalls-Que_Phong_Nghe_An_Province.html,21
Khe Sat Temple,Religious Sites,Nghe An,https://www.tripadvisor.com/Attraction_Review-g13238178-d32991370-Reviews-Khe_Sat_Temple-Con_Cuong_Nghe_An_Province.html,22
Khe Nuoc Moc,Bodies of Water,Nghe An,https://www.tripadvisor.com/Attraction_Review-g13238178-d32989452-Reviews-Khe_Nuoc_Moc-Con_Cuong_Nghe_An_Province.html,23
Tham Nang Man Cave,Caverns & Caves,Nghe An,https://www.tripadvisor.com/Attraction_Review-g13238178-d32983867-Reviews-Tham_Nang_Man_Cave-Con_Cuong_Nghe_An_Province.html,24
Sang Le Forest,Forests,Nghe An,https://www.tripadvisor.com/Attraction_Review-g13238178-d32983848-Reviews-Sang_Le_Forest-Con_Cuong_Nghe_An_Province.html,25
Ma Nhai Kỷ Công Bi Văn,Monuments & Statues,Nghe An,https://www.tripadvisor.com/Attraction_Review-g13238178-d32877337-Reviews-Ma_Nhai_K_Cong_Bi_Van-Con_Cuong_Nghe_An_Province.html,26
Di Tích Lịch Sử Cách Mạng Nhà Cụ Vi Văn Khang,Historic Sites,Nghe An,https://www.tripadvisor.com/Attraction_Review-g13238178-d32989476-Reviews-Di_Tich_L_ch_S_Cach_M_ng_Nha_C_Vi_Van_Khang-Con_Cuong_Nghe_An_Province.html,27
Nam Viet Spa,Spas,Nghe An,https://www.tripadvisor.com/Attraction_Review-g1554764-d13816811-Reviews-Nam_Viet_Spa-Vinh_Nghe_An_Province.html,28
Bao Tang Thien Nhien Mo,Natural History Museums,Nghe An,https://www.tripadvisor.com/Attraction_Review-g13238178-d32991713-Reviews-Bao_Tang_Thien_Nhien_Mo-Con_Cuong_Nghe_An_Province.html,29
Vinh Guru Tours,City Tours • Eco Tours,Nghe An,https://www.tripadvisor.com/Attraction_Review-g1554764-d8761792-Reviews-Vinh_Guru_Tours-Vinh_Nghe_An_Province.html,30
The Dawn Pub &Coffee Cua Lo,Bars & Clubs,Nghe An,https://www.tripadvisor.com/Attraction_Review-g4235728-d14138773-Reviews-The_Dawn_Pub_Coffee_Cua_Lo-Cua_Lo_Nghe_An_Province.html,31
Trung Tam Cham Soc Suc Khoe Xanh,Spas,Nghe An,https://www.tripadvisor.com/Attraction_Review-g1554764-d15295975-Reviews-Trung_Tam_Cham_Soc_Suc_Khoe_Xanh-Vinh_Nghe_An_Province.html,32
Mon Wines,Speciality & Gift Shops,Nghe An,https://www.tripadvisor.com/Attraction_Review-g1554764-d21206371-Reviews-Mon_Wines-Vinh_Nghe_An_Province.html,33
Thỏ Spa & Massage,Spas,Nghe An,https://www.tripadvisor.com/Attraction_Review-g1554764-d33222481-Reviews-Th_Spa_Massage-Vinh_Nghe_An_Province.html,34
Avino Wines,Speciality & Gift Shops,Nghe An,https://www.tripadvisor.com/Attraction_Review-g1554764-d25340843-Reviews-Avino_Wines-Vinh_Nghe_An_Province.html,35
Dong Du Eco Farmstay,Bike Tours • Eco Tours,Nghe An,https://www.tripadvisor.com/Attraction_Review-g15293069-d6937403-Reviews-Dong_Du_Eco_Farmstay-Nghia_Thuan_Nghe_An_Province.html,36
DISCOVER PU MAT WITH CAPTAIN ANDY,Multi-day Tours • Day Trips,Nghe An,https://www.tripadvisor.com/Attraction_Review-g1554764-d26799613-Reviews-DISCOVER_PU_MAT_WITH_CAPTAIN_ANDY-Vinh_Nghe_An_Province.html,37
Mon Son Commune Handicraft Cooperative,Speciality & Gift Shops,Nghe An,https://www.tripadvisor.com/Attraction_Review-g13238178-d33003233-Reviews-Mon_Son_Commune_Handicraft_Cooperative-Con_Cuong_Nghe_An_Province.html,38
Dong Du Village Farmstay,Eco Tours • Nature & Wildlife Tours,Nghe An,https://www.tripadvisor.com/Attraction_Review-g15293069-d15692997-Reviews-Dong_Du_Village_Farmstay-Nghia_Thuan_Nghe_An_Province.html,39
Dong Du Village Lakeside Farm Stay,Eco Tours,Nghe An,https://www.tripadvisor.com/Attraction_Review-g15293069-d23260505-Reviews-Dong_Du_Village_Lakeside_Farm_Stay-Nghia_Thuan_Nghe_An_Province.html,40
Du Lich Mien Dat Viet,Multi-day Tours • Sightseeing Tours,Nghe An,https://www.tripadvisor.com/Attraction_Review-g1554764-d15638022-Reviews-Du_Lich_Mien_Dat_Viet-Vinh_Nghe_An_Province.html,41
Nghe An Destination - LinhLy Travel,City Tours • Historical & Heritage Tours,Nghe An,https://www.tripadvisor.com/Attraction_Review-g1554764-d19598772-Reviews-Nghe_An_Destination_LinhLy_Travel-Vinh_Nghe_An_Province.html,42
Cigarvinh,Wine Tours & Tastings,Nghe An,https://www.tripadvisor.com/Attraction_Review-g1554764-d33738157-Reviews-Cigarvinh-Vinh_Nghe_An_Province.html,43
Vietnam Discovery,Paint & Pottery Studios • Taxis & Shuttles,Nghe An,https://www.tripadvisor.com/Attraction_Review-g26722995-d34042802-Reviews-Vietnam_Discovery-Hoi_Son_Nghe_An_Province.html,44
ĐẢO CHÈ THANH CHƯƠNG,Boat Tours • Sightseeing Tours,Nghe An,https://www.tripadvisor.com/Attraction_Review-g15339141-d34538788-Reviews-D_O_CHE_THANH_CHUONG-Thanh_Chuong_Nghe_An_Province.html,45
Trang An Grottoes,Caverns & Caves,Ninh Binh,https://www.tripadvisor.com/Attraction_Review-g303945-d2484803-Reviews-Trang_An_Grottoes-Ninh_Binh_Ninh_Binh_Province.html,1
Mua Caves,Caverns & Caves,Ninh Binh,https://www.tripadvisor.com/Attraction_Review-g303945-d5321519-Reviews-Mua_Caves-Ninh_Binh_Ninh_Binh_Province.html,2
Bear Sanctuary Ninh Binh,Nature & Wildlife Areas,Ninh Binh,https://www.tripadvisor.com/Attraction_Review-g303945-d18670578-Reviews-Bear_Sanctuary_Ninh_Binh-Ninh_Binh_Ninh_Binh_Province.html,3
Van Long Nature Reserve,Nature & Wildlife Areas,Ninh Binh,https://www.tripadvisor.com/Attraction_Review-g303945-d2044218-Reviews-Van_Long_Nature_Reserve-Ninh_Binh_Ninh_Binh_Province.html,4
Cuc Phuong National Park,National Parks • Caverns & Caves,Ninh Binh,https://www.tripadvisor.com/Attraction_Review-g303945-d8779716-Reviews-Cuc_Phuong_National_Park-Ninh_Binh_Ninh_Binh_Province.html,5
Phat Diem Cathedral,Churches & Cathedrals,Ninh Binh,https://www.tripadvisor.com/Attraction_Review-g303945-d3597971-Reviews-Phat_Diem_Cathedral-Ninh_Binh_Ninh_Binh_Province.html,6
Phố Cổ Hoa Lư,Points of Interest & Landmarks,Ninh Binh,https://www.tripadvisor.com/Attraction_Review-g303945-d28126339-Reviews-Ph_C_Hoa_Lu-Ninh_Binh_Ninh_Binh_Province.html,7
Tam Coc Museum,Visitor Centers • Art Galleries,Ninh Binh,https://www.tripadvisor.com/Attraction_Review-g303945-d32455624-Reviews-Tam_Coc_Museum-Ninh_Binh_Ninh_Binh_Province.html,8
Tuyệt Tình Cốc,Points of Interest & Landmarks,Ninh Binh,https://www.tripadvisor.com/Attraction_Review-g303945-d13646473-Reviews-Tuy_t_Tinh_C_c-Ninh_Binh_Ninh_Binh_Province.html,9
Dundj Valley,Nature & Wildlife Areas • Caverns & Caves,Ninh Binh,https://www.tripadvisor.com/Attraction_Review-g303945-d33333631-Reviews-Dundj_Valley-Ninh_Binh_Ninh_Binh_Province.html,10
Hoa Lu Temple,Historic Sites • Religious Sites,Ninh Binh,https://www.tripadvisor.com/Attraction_Review-g303945-d11094481-Reviews-Hoa_Lu_Temple-Ninh_Binh_Ninh_Binh_Province.html,11
Hoa Lu Temples of the Dinh & le Dynasties,Points of Interest & Landmarks,Ninh Binh,https://www.tripadvisor.com/Attraction_Review-g303945-d5858097-Reviews-Hoa_Lu_Temples_of_the_Dinh_le_Dynasties-Ninh_Binh_Ninh_Binh_Province.html,12
Thai Vi Temple,Religious Sites,Ninh Binh,https://www.tripadvisor.com/Attraction_Review-g303945-d8071591-Reviews-Thai_Vi_Temple-Ninh_Binh_Ninh_Binh_Province.html,13
Rong Market Ninh Binh,Flea & Street Markets,Ninh Binh,https://www.tripadvisor.com/Attraction_Review-g303945-d8290208-Reviews-Rong_Market_Ninh_Binh-Ninh_Binh_Ninh_Binh_Province.html,14
Hoa Lư Ancient Capital,Historic Sites • Ancient Ruins,Ninh Binh,https://www.tripadvisor.com/Attraction_Review-g303945-d12965796-Reviews-Hoa_Lu_Ancient_Capital-Ninh_Binh_Ninh_Binh_Province.html,15
Khu Du Lich Sinh Thai Trang An Co,Nature & Wildlife Areas,Ninh Binh,https://www.tripadvisor.com/Attraction_Review-g303945-d13550190-Reviews-Khu_Du_Lich_Sinh_Thai_Trang_An_Co-Ninh_Binh_Ninh_Binh_Province.html,16
Snail & Hen Farm,Antique Shops,Ninh Binh,https://www.tripadvisor.com/Attraction_Review-g303945-d27106668-Reviews-Snail_Hen_Farm-Ninh_Binh_Ninh_Binh_Province.html,17
Kenh Ga,Hot Springs & Geysers,Ninh Binh,https://www.tripadvisor.com/Attraction_Review-g303945-d639613-Reviews-Kenh_Ga-Ninh_Binh_Ninh_Binh_Province.html,18
Kong Skull Island,Points of Interest & Landmarks,Ninh Binh,https://www.tripadvisor.com/Attraction_Review-g303945-d17414803-Reviews-Kong_Skull_Island-Ninh_Binh_Ninh_Binh_Province.html,19
Dong Thai Lake,Bodies of Water,Ninh Binh,https://www.tripadvisor.com/Attraction_Review-g303945-d12813476-Reviews-Dong_Thai_Lake-Ninh_Binh_Ninh_Binh_Province.html,20
Unicorn Mountain,Points of Interest & Landmarks,Ninh Binh,https://www.tripadvisor.com/Attraction_Review-g303945-d12231699-Reviews-Unicorn_Mountain-Ninh_Binh_Ninh_Binh_Province.html,21
Di san Trang An,Scenic Walking Areas,Ninh Binh,https://www.tripadvisor.com/Attraction_Review-g303945-d21071032-Reviews-Di_san_Trang_An-Ninh_Binh_Ninh_Binh_Province.html,22
Ma Tien Cave,Caverns & Caves,Ninh Binh,https://www.tripadvisor.com/Attraction_Review-g303945-d12921239-Reviews-Ma_Tien_Cave-Ninh_Binh_Ninh_Binh_Province.html,23
Silk Farm Bến Giá,Farms,Ninh Binh,https://www.tripadvisor.com/Attraction_Review-g303945-d34353205-Reviews-Silk_Farm_B_n_Gia-Ninh_Binh_Ninh_Binh_Province.html,24
Tâm Spa Tam Coc (Massage - Nail - Eyelash),Spas,Ninh Binh,https://www.tripadvisor.com/Attraction_Review-g303945-d27410035-Reviews-Tam_Spa_Tam_Coc_Massage_Nail_Eyelash-Ninh_Binh_Ninh_Binh_Province.html,25
Ba Ngàn Art,Art Galleries,Ninh Binh,https://www.tripadvisor.com/Attraction_Review-g303945-d23924142-Reviews-Ba_Ngan_Art-Ninh_Binh_Ninh_Binh_Province.html,26
The Gate Tam Coc,Speciality & Gift Shops • Factory Outlets,Ninh Binh,https://www.tripadvisor.com/Attraction_Review-g303945-d34192349-Reviews-The_Gate_Tam_Coc-Ninh_Binh_Ninh_Binh_Province.html,27
tiNiWorld,Playgrounds • Game & Entertainment Centers,Ninh Binh,https://www.tripadvisor.com/Attraction_Review-g303945-d9996403-Reviews-TiNiWorld-Ninh_Binh_Ninh_Binh_Province.html,28
Nhat Tru Pagoda,Religious Sites,Ninh Binh,https://www.tripadvisor.com/Attraction_Review-g303945-d11894049-Reviews-Nhat_Tru_Pagoda-Ninh_Binh_Ninh_Binh_Province.html,29
Ngoa Long,Nature & Wildlife Areas,Ninh Binh,https://www.tripadvisor.com/Attraction_Review-g303945-d28295279-Reviews-Ngoa_Long-Ninh_Binh_Ninh_Binh_Province.html,30
Tâm Spa Tam Coc Massage - Nail,Beaches,Ninh Binh,https://www.tripadvisor.com/Attraction_Review-g303945-d33410209-Reviews-Tam_Spa_Tam_Coc_Massage_Nail-Ninh_Binh_Ninh_Binh_Province.html,31
Phoenix Studio Tattoo,Speciality & Gift Shops,Ninh Binh,https://www.tripadvisor.com/Attraction_Review-g303945-d28826179-Reviews-Phoenix_Studio_Tattoo-Ninh_Binh_Ninh_Binh_Province.html,32
Levu Silk & Craft,Factory Outlets,Ninh Binh,https://www.tripadvisor.com/Attraction_Review-g303945-d34364203-Reviews-Levu_Silk_Craft-Ninh_Binh_Ninh_Binh_Province.html,33
Mộc Miên Spa,Spas,Ninh Binh,https://www.tripadvisor.com/Attraction_Review-g303945-d23780977-Reviews-M_c_Mien_Spa-Ninh_Binh_Ninh_Binh_Province.html,34
Moto Renga Ninh Binh(huong Duong),Motorcycle Trails,Ninh Binh,https://www.tripadvisor.com/Attraction_Review-g303945-d33347032-Reviews-Moto_Renga_Ninh_Binh_huong_Duong-Ninh_Binh_Ninh_Binh_Province.html,35
Cheap Motorbike Rental in Ninh Binh,Motorcycle Trails • Gear Rentals,Ninh Binh,https://www.tripadvisor.com/Attraction_Review-g303945-d17181234-Reviews-Cheap_Motorbike_Rental_in_Ninh_Binh-Ninh_Binh_Ninh_Binh_Province.html,36
Cao Minh Wine - Rượu Vang Cao Minh,Speciality & Gift Shops • Department Stores,Ninh Binh,https://www.tripadvisor.com/Attraction_Review-g303945-d34674553-Reviews-Cao_Minh_Wine_Ru_u_Vang_Cao_Minh-Ninh_Binh_Ninh_Binh_Province.html,37
Hương Sen Ninh Binh Massage,Spas,Ninh Binh,https://www.tripadvisor.com/Attraction_Review-g303945-d13530367-Reviews-Huong_Sen_Ninh_Binh_Massage-Ninh_Binh_Ninh_Binh_Province.html,38
Tam Cốc Daisy Massage,Spas,Ninh Binh,https://www.tripadvisor.com/Attraction_Review-g303945-d25388143-Reviews-Tam_C_c_Daisy_Massage-Ninh_Binh_Ninh_Binh_Province.html,39
Hope Cavern,Nature & Wildlife Areas • Caverns & Caves,Ninh Binh,https://www.tripadvisor.com/Attraction_Review-g303945-d34437374-Reviews-Hope_Cavern-Ninh_Binh_Ninh_Binh_Province.html,40
Trang An Golf and Country Club,Golf Courses,Ninh Binh,https://www.tripadvisor.com/Attraction_Review-g303945-d17762414-Reviews-Trang_An_Golf_and_Country_Club-Ninh_Binh_Ninh_Binh_Province.html,41
Wow bar & Restaurant,Bars & Clubs,Ninh Binh,https://www.tripadvisor.com/Attraction_Review-g303945-d34081928-Reviews-Wow_bar_Restaurant-Ninh_Binh_Ninh_Binh_Province.html,42
Phoenix Valley | Outdoor Cultural Adventure,Biking Trails • Nature & Wildlife Areas,Ninh Binh,https://www.tripadvisor.com/Attraction_Review-g303945-d34493540-Reviews-Phoenix_Valley_Outdoor_Cultural_Adventure-Ninh_Binh_Ninh_Binh_Province.html,43
Tam Coc Greenland Spa - Massage - Nail,Spas,Ninh Binh,https://www.tripadvisor.com/Attraction_Review-g303945-d26999973-Reviews-Tam_Coc_Greenland_Spa_Massage_Nail-Ninh_Binh_Ninh_Binh_Province.html,44
Snus Ninh Bình,Department Stores,Ninh Binh,https://www.tripadvisor.com/Attraction_Review-g303945-d34678661-Reviews-Snus_Ninh_Binh-Ninh_Binh_Ninh_Binh_Province.html,45
Minh Trang Handmade,Speciality & Gift Shops,Ninh Binh,https://www.tripadvisor.com/Attraction_Review-g303945-d19139093-Reviews-Minh_Trang_Handmade-Ninh_Binh_Ninh_Binh_Province.html,46
Sakura Handmade Shop,Speciality & Gift Shops • Art Galleries,Ninh Binh,https://www.tripadvisor.com/Attraction_Review-g303945-d11629340-Reviews-Sakura_Handmade_Shop-Ninh_Binh_Ninh_Binh_Province.html,47
Ninh Binh Transfers,Taxis & Shuttles,Ninh Binh,https://www.tripadvisor.com/Attraction_Review-g303945-d14776394-Reviews-Ninh_Binh_Transfers-Ninh_Binh_Ninh_Binh_Province.html,48
Nin Bin - Đặc Sản Ninh Bình,Speciality & Gift Shops • Shopping Malls,Ninh Binh,https://www.tripadvisor.com/Attraction_Review-g303945-d30235367-Reviews-Nin_Bin_D_c_S_n_Ninh_Binh-Ninh_Binh_Ninh_Binh_Province.html,49
Long Lanh Local Art & Souvenirs,Speciality & Gift Shops,Ninh Binh,https://www.tripadvisor.com/Attraction_Review-g303945-d33308612-Reviews-Long_Lanh_Local_Art_Souvenirs-Ninh_Binh_Ninh_Binh_Province.html,50
Tam coc Cooking Class with local Chef,Cooking Classes,Ninh Binh,https://www.tripadvisor.com/Attraction_Review-g303945-d25282088-Reviews-Tam_coc_Cooking_Class_with_local_Chef-Ninh_Binh_Ninh_Binh_Province.html,51
Ninh Binh Private Cars,Gear Rentals,Ninh Binh,https://www.tripadvisor.com/Attraction_Review-g303945-d34086601-Reviews-Ninh_Binh_Private_Cars-Ninh_Binh_Ninh_Binh_Province.html,52
Tam Coc Moc Huong Spa,Spas,Ninh Binh,https://www.tripadvisor.com/Attraction_Review-g303945-d26726689-Reviews-Tam_Coc_Moc_Huong_Spa-Ninh_Binh_Ninh_Binh_Province.html,53
The O.N.E Lounge & Bar,Bars & Clubs,Ninh Binh,https://www.tripadvisor.com/Attraction_Review-g303945-d18207029-Reviews-The_O_N_E_Lounge_Bar-Ninh_Binh_Ninh_Binh_Province.html,54
Lisa Spa Massage Foot - Body - Nail,Spas,Ninh Binh,https://www.tripadvisor.com/Attraction_Review-g303945-d33678278-Reviews-Lisa_Spa_Massage_Foot_Body_Nail-Ninh_Binh_Ninh_Binh_Province.html,55
Ninh Binh Private Car,Taxis & Shuttles,Ninh Binh,https://www.tripadvisor.com/Attraction_Review-g303945-d25227081-Reviews-Ninh_Binh_Private_Car-Ninh_Binh_Ninh_Binh_Province.html,56
FOY Cocktail,Country & Western Bars,Ninh Binh,https://www.tripadvisor.com/Attraction_Review-g303945-d27001725-Reviews-FOY_Cocktail-Ninh_Binh_Ninh_Binh_Province.html,57
Lan Tam Coc Handmade Shop,Speciality & Gift Shops,Ninh Binh,https://www.tripadvisor.com/Attraction_Review-g303945-d25021439-Reviews-Lan_Tam_Coc_Handmade_Shop-Ninh_Binh_Ninh_Binh_Province.html,58
Là Nhà spa,Spas,Ninh Binh,https://www.tripadvisor.com/Attraction_Review-g303945-d25442837-Reviews-La_Nha_spa-Ninh_Binh_Ninh_Binh_Province.html,59
Store 86,Speciality & Gift Shops,Ninh Binh,https://www.tripadvisor.com/Attraction_Review-g303945-d17395897-Reviews-Store_86-Ninh_Binh_Ninh_Binh_Province.html,60
Ninh Binh Transportation,Taxis & Shuttles,Ninh Binh,https://www.tripadvisor.com/Attraction_Review-g303945-d28101759-Reviews-Ninh_Binh_Transportation-Ninh_Binh_Ninh_Binh_Province.html,61
Ninh Binh Getaway,Cultural Tours • Bike Tours,Ninh Binh,https://www.tripadvisor.com/Attraction_Review-g303945-d13563276-Reviews-Ninh_Binh_Getaway-Ninh_Binh_Ninh_Binh_Province.html,62
Ninh Binh Heritage Premium Tour,Historical & Heritage Tours,Ninh Binh,https://www.tripadvisor.com/Attraction_Review-g303945-d28055746-Reviews-Ninh_Binh_Heritage_Premium_Tour-Ninh_Binh_Ninh_Binh_Province.html,63
Win Win Travel,Taxis & Shuttles,Ninh Binh,https://www.tripadvisor.com/Attraction_Review-g303945-d16675765-Reviews-Win_Win_Travel-Ninh_Binh_Ninh_Binh_Province.html,64
Adam Skincare & Spa,Spas,Ninh Binh,https://www.tripadvisor.com/Attraction_Review-g303945-d33062531-Reviews-Adam_Skincare_Spa-Ninh_Binh_Ninh_Binh_Province.html,65
Banh mi Hanoi,Cooking Classes,Ninh Binh,https://www.tripadvisor.com/Attraction_Review-g303945-d17391222-Reviews-Banh_mi_Hanoi-Ninh_Binh_Ninh_Binh_Province.html,66
Vitality Spa,Spas,Ninh Binh,https://www.tripadvisor.com/Attraction_Review-g303945-d25172955-Reviews-Vitality_Spa-Ninh_Binh_Ninh_Binh_Province.html,67
Ninh Binh Jeep Tours - Ninh Binh Vespa Tours,City Tours • Cultural Tours,Ninh Binh,https://www.tripadvisor.com/Attraction_Review-g303945-d26267864-Reviews-Ninh_Binh_Jeep_Tours_Ninh_Binh_Vespa_Tours-Ninh_Binh_Ninh_Binh_Province.html,68
Motorbike Rental Train Station,Gear Rentals,Ninh Binh,https://www.tripadvisor.com/Attraction_Review-g303945-d17511795-Reviews-Motorbike_Rental_Train_Station-Ninh_Binh_Ninh_Binh_Province.html,69
Wellness Spa,Spas,Ninh Binh,https://www.tripadvisor.com/Attraction_Review-g303945-d26008848-Reviews-Wellness_Spa-Ninh_Binh_Ninh_Binh_Province.html,70
Dung Beauty - Nail Eyelash Gội Đầu Massage,Open now,Ninh Binh,https://www.tripadvisor.com/Attraction_Review-g303945-d28128005-Reviews-Dung_Beauty_Nail_Eyelash_G_i_D_u_Massage-Ninh_Binh_Ninh_Binh_Province.html,71
Mạ art & craft,Paint & Pottery Studios,Ninh Binh,https://www.tripadvisor.com/Attraction_Review-g303945-d25361069-Reviews-M_art_craft-Ninh_Binh_Ninh_Binh_Province.html,72
Sneakers Supermarket,Speciality & Gift Shops,Ninh Binh,https://www.tripadvisor.com/Attraction_Review-g303945-d33415723-Reviews-Sneakers_Supermarket-Ninh_Binh_Ninh_Binh_Province.html,73
Heart Private Training,Health Clubs,Ninh Binh,https://www.tripadvisor.com/Attraction_Review-g303945-d26432270-Reviews-Heart_Private_Training-Ninh_Binh_Ninh_Binh_Province.html,74
Authentic Ninh Binh,Multi-day Tours • Bike Tours,Ninh Binh,https://www.tripadvisor.com/Attraction_Review-g303945-d17483942-Reviews-Authentic_Ninh_Binh-Ninh_Binh_Ninh_Binh_Province.html,75
Ninh Binh Transport Service,Taxis & Shuttles,Ninh Binh,https://www.tripadvisor.com/Attraction_Review-g303945-d19341128-Reviews-Ninh_Binh_Transport_Service-Ninh_Binh_Ninh_Binh_Province.html,76
Sense Spa Tam Coc,Spas,Ninh Binh,https://www.tripadvisor.com/Attraction_Review-g303945-d25395904-Reviews-Sense_Spa_Tam_Coc-Ninh_Binh_Ninh_Binh_Province.html,77
Amazing Ninh Binh,Multi-day Tours • Cultural Tours,Ninh Binh,https://www.tripadvisor.com/Attraction_Review-g303945-d12827154-Reviews-Amazing_Ninh_Binh-Ninh_Binh_Ninh_Binh_Province.html,78
5 Sao Gym Ninh Binh,Health Clubs,Ninh Binh,https://www.tripadvisor.com/Attraction_Review-g303945-d34278004-Reviews-5_Sao_Gym_Ninh_Binh-Ninh_Binh_Ninh_Binh_Province.html,79
Viet Nam Easy Go Travel,Multi-day Tours • River Rafting & Tubing,Ninh Binh,https://www.tripadvisor.com/Attraction_Review-g303945-d27786320-Reviews-Viet_Nam_Easy_Go_Travel-Ninh_Binh_Ninh_Binh_Province.html,81
Cho Thue Xe May tai Ninh Binh,Gear Rentals,Ninh Binh,https://www.tripadvisor.com/Attraction_Review-g303945-d12376122-Reviews-Cho_Thue_Xe_May_tai_Ninh_Binh-Ninh_Binh_Ninh_Binh_Province.html,82
Sen's house,Spas,Ninh Binh,https://www.tripadvisor.com/Attraction_Review-g303945-d19413578-Reviews-Sen_s_house-Ninh_Binh_Ninh_Binh_Province.html,83
Fasinating Ninh Binh tour,Multi-day Tours • Private Tours,Ninh Binh,https://www.tripadvisor.com/Attraction_Review-g303945-d26319593-Reviews-Fasinating_Ninh_Binh_tour-Ninh_Binh_Ninh_Binh_Province.html,84
Coco Spa Foot & Body Massage,Spas,Ninh Binh,https://www.tripadvisor.com/Attraction_Review-g303945-d27748157-Reviews-Coco_Spa_Foot_Body_Massage-Ninh_Binh_Ninh_Binh_Province.html,85
TAM COC TATTOO 🇻🇳,Spas,Ninh Binh,https://www.tripadvisor.com/Attraction_Review-g303945-d30527232-Reviews-TAM_COC_TATTOO-Ninh_Binh_Ninh_Binh_Province.html,86
Motorbike Ninh Binh Cuong Hue,Gear Rentals,Ninh Binh,https://www.tripadvisor.com/Attraction_Review-g303945-d28648045-Reviews-Motorbike_Ninh_Binh_Cuong_Hue-Ninh_Binh_Ninh_Binh_Province.html,87
Massage Spa Tamcoc Pure Vietnam,Spas,Ninh Binh,https://www.tripadvisor.com/Attraction_Review-g303945-d25243374-Reviews-Massage_Spa_Tamcoc_Pure_Vietnam-Ninh_Binh_Ninh_Binh_Province.html,88
ECO CHAN Nail & Spa,Spas,Ninh Binh,https://www.tripadvisor.com/Attraction_Review-g303945-d34427279-Reviews-ECO_CHAN_Nail_Spa-Ninh_Binh_Ninh_Binh_Province.html,89
Trang An Farmhouse - Cooking Class,Cooking Classes,Ninh Binh,https://www.tripadvisor.com/Attraction_Review-g303945-d33877465-Reviews-Trang_An_Farmhouse_Cooking_Class-Ninh_Binh_Ninh_Binh_Province.html,90
Bar Maybach Ninh Bình,Bars & Clubs • Cigar Bars,Ninh Binh,https://www.tripadvisor.com/Attraction_Review-g303945-d32601417-Reviews-Bar_Maybach_Ninh_Binh-Ninh_Binh_Ninh_Binh_Province.html,91
House Spa Tam Coc,Spas,Ninh Binh,https://www.tripadvisor.com/Attraction_Review-g303945-d27734524-Reviews-House_Spa_Tam_Coc-Ninh_Binh_Ninh_Binh_Province.html,92
Hoang Car Service & Tourism ( Ninh Binh ),Taxis & Shuttles,Ninh Binh,https://www.tripadvisor.com/Attraction_Review-g303945-d25142391-Reviews-Hoang_Car_Service_Tourism_Ninh_Binh-Ninh_Binh_Ninh_Binh_Province.html,93
Tam Coc Julimi Spa And Nail Salon,Spas,Ninh Binh,https://www.tripadvisor.com/Attraction_Review-g303945-d33043410-Reviews-Tam_Coc_Julimi_Spa_And_Nail_Salon-Ninh_Binh_Ninh_Binh_Province.html,94
Goatalic Cocktail Bar,Bars & Clubs,Ninh Binh,https://www.tripadvisor.com/Attraction_Review-g303945-d25169372-Reviews-Goatalic_Cocktail_Bar-Ninh_Binh_Ninh_Binh_Province.html,95
Trang An Tours,Eco Tours • Sightseeing Tours,Ninh Binh,https://www.tripadvisor.com/Attraction_Review-g303945-d11556188-Reviews-Trang_An_Tours-Ninh_Binh_Ninh_Binh_Province.html,96
Ninh Binh FootPrint Travel,Taxis & Shuttles • Bike Tours,Ninh Binh,https://www.tripadvisor.com/Attraction_Review-g303945-d25372253-Reviews-Ninh_Binh_FootPrint_Travel-Ninh_Binh_Ninh_Binh_Province.html,97
Inner Peace Spa,Spas,Ninh Binh,https://www.tripadvisor.com/Attraction_Review-g303945-d34377905-Reviews-Inner_Peace_Spa-Ninh_Binh_Ninh_Binh_Province.html,98
Sen 1993 Massage Body & Goi Dau Duong Sinh,Spas,Ninh Binh,https://www.tripadvisor.com/Attraction_Review-g303945-d33040631-Reviews-Sen_1993_Massage_Body_Goi_Dau_Duong_Sinh-Ninh_Binh_Ninh_Binh_Province.html,99
Thu Ha Skincare Lab,Spas,Ninh Binh,https://www.tripadvisor.com/Attraction_Review-g303945-d34480762-Reviews-Thu_Ha_Skincare_Lab-Ninh_Binh_Ninh_Binh_Province.html,100
Tommy's Travel Service in Ninh Binh,Boat Tours • Motorcycle Tours,Ninh Binh,https://www.tripadvisor.com/Attraction_Review-g303945-d12962515-Reviews-Tommy_s_Travel_Service_in_Ninh_Binh-Ninh_Binh_Ninh_Binh_Province.html,101
Kim Tuyến Spa,Spas,Ninh Binh,https://www.tripadvisor.com/Attraction_Review-g303945-d34013099-Reviews-Kim_Tuy_n_Spa-Ninh_Binh_Ninh_Binh_Province.html,102
Cho Thuê Xe Máy Ninh Bình - Ngọc Linh,Gear Rentals,Ninh Binh,https://www.tripadvisor.com/Attraction_Review-g303945-d29014518-Reviews-Cho_Thue_Xe_May_Ninh_Binh_Ng_c_Linh-Ninh_Binh_Ninh_Binh_Province.html,103
Tattoo Ninh Bình - Hiep Max,Spas,Ninh Binh,https://www.tripadvisor.com/Attraction_Review-g303945-d28651271-Reviews-Tattoo_Ninh_Binh_Hiep_Max-Ninh_Binh_Ninh_Binh_Province.html,104
Cho Thue Xe May Ninh Binh,Gear Rentals,Ninh Binh,https://www.tripadvisor.com/Attraction_Review-g303945-d15637829-Reviews-Cho_Thue_Xe_May_Ninh_Binh-Ninh_Binh_Ninh_Binh_Province.html,105
Ninh Binh Tourist Center,Taxis & Shuttles • Bike Tours,Ninh Binh,https://www.tripadvisor.com/Attraction_Review-g303945-d18546599-Reviews-Ninh_Binh_Tourist_Center-Ninh_Binh_Ninh_Binh_Province.html,106
Tam Coc Friendly Spa,Spas,Ninh Binh,https://www.tripadvisor.com/Attraction_Review-g303945-d34412996-Reviews-Tam_Coc_Friendly_Spa-Ninh_Binh_Ninh_Binh_Province.html,107
Ninh Binh Private Car Service,Taxis & Shuttles,Ninh Binh,https://www.tripadvisor.com/Attraction_Review-g303945-d32994788-Reviews-Ninh_Binh_Private_Car_Service-Ninh_Binh_Ninh_Binh_Province.html,108
Tattoo Ninh Binh,Spas,Ninh Binh,https://www.tripadvisor.com/Attraction_Review-g303945-d28050720-Reviews-Tattoo_Ninh_Binh-Ninh_Binh_Ninh_Binh_Province.html,109
Xiao Long Ink,Speciality & Gift Shops,Ninh Binh,https://www.tripadvisor.com/Attraction_Review-g303945-d30727390-Reviews-Xiao_Long_Ink-Ninh_Binh_Ninh_Binh_Province.html,110
Ninh Binh Pu Luong Tours,Cultural Tours • Nature & Wildlife Tours,Ninh Binh,https://www.tripadvisor.com/Attraction_Review-g303945-d12131462-Reviews-Ninh_Binh_Pu_Luong_Tours-Ninh_Binh_Ninh_Binh_Province.html,111
Công Ty Cổ Phần Wingolf,Sports Camps & Clinics,Ninh Binh,https://www.tripadvisor.com/Attraction_Review-g303945-d27931905-Reviews-Cong_Ty_C_Ph_n_Wingolf-Ninh_Binh_Ninh_Binh_Province.html,112
Dưỡng Sinh Đông Y Ngân Đặng,Spas,Ninh Binh,https://www.tripadvisor.com/Attraction_Review-g303945-d34386784-Reviews-Du_ng_Sinh_Dong_Y_Ngan_D_ng-Ninh_Binh_Ninh_Binh_Province.html,113
Ninh Binh Reliable Car,Taxis & Shuttles,Ninh Binh,https://www.tripadvisor.com/Attraction_Review-g303945-d34324319-Reviews-Ninh_Binh_Reliable_Car-Ninh_Binh_Ninh_Binh_Province.html,114
"Nature's Spa - Relaxing Massage, Nail & Body, Foot",Spas,Ninh Binh,https://www.tripadvisor.com/Attraction_Review-g303945-d34590151-Reviews-Nature_s_Spa_Relaxing_Massage_Nail_Body_Foot-Ninh_Binh_Ninh_Binh_Province.html,115
Tam Coc Relax & Beautify Spa,Spas,Ninh Binh,https://www.tripadvisor.com/Attraction_Review-g303945-d34546527-Reviews-Tam_Coc_Relax_Beautify_Spa-Ninh_Binh_Ninh_Binh_Province.html,117
Ninh Binh Discovery,Taxis & Shuttles • Bike Tours,Ninh Binh,https://www.tripadvisor.com/Attraction_Review-g303945-d25446602-Reviews-Ninh_Binh_Discovery-Ninh_Binh_Ninh_Binh_Province.html,118
Dat Transport,Taxis & Shuttles,Ninh Binh,https://www.tripadvisor.com/Attraction_Review-g303945-d33312249-Reviews-Dat_Transport-Ninh_Binh_Ninh_Binh_Province.html,119
Tam Coc Bus Station,Bus Services,Ninh Binh,https://www.tripadvisor.com/Attraction_Review-g303945-d34411326-Reviews-Tam_Coc_Bus_Station-Ninh_Binh_Ninh_Binh_Province.html,120
Lau Wellness Sanctuary,Spas,Ninh Binh,https://www.tripadvisor.com/Attraction_Review-g303945-d34590731-Reviews-Lau_Wellness_Sanctuary-Ninh_Binh_Ninh_Binh_Province.html,121
Ninh Bình Discovery Bus,Taxis & Shuttles,Ninh Binh,https://www.tripadvisor.com/Attraction_Review-g303945-d34289934-Reviews-Ninh_Binh_Discovery_Bus-Ninh_Binh_Ninh_Binh_Province.html,122
Motobike for Rent Ninh Binh,Gear Rentals,Ninh Binh,https://www.tripadvisor.com/Attraction_Review-g303945-d33350286-Reviews-Motobike_for_Rent_Ninh_Binh-Ninh_Binh_Ninh_Binh_Province.html,123
Dcar Ninh Binh,Taxis & Shuttles,Ninh Binh,https://www.tripadvisor.com/Attraction_Review-g303945-d14776391-Reviews-Dcar_Ninh_Binh-Ninh_Binh_Ninh_Binh_Province.html,124
Tam cốc Winnie spa,Spas,Ninh Binh,https://www.tripadvisor.com/Attraction_Review-g303945-d34495791-Reviews-Tam_c_c_Winnie_spa-Ninh_Binh_Ninh_Binh_Province.html,125
Tam Coc Travel,Historical & Heritage Tours • Bike Tours,Ninh Binh,https://www.tripadvisor.com/Attraction_Review-g303945-d13809448-Reviews-Tam_Coc_Travel-Ninh_Binh_Ninh_Binh_Province.html,127
Sector 9 Cocktail Bar,Bars & Clubs • Blues Bars,Ninh Binh,https://www.tripadvisor.com/Attraction_Review-g303945-d34673969-Reviews-Sector_9_Cocktail_Bar-Ninh_Binh_Ninh_Binh_Province.html,128
Ninh Binh Heritage Full Day Tour,Day Trips,Ninh Binh,https://www.tripadvisor.com/Attraction_Review-g303945-d25129183-Reviews-Ninh_Binh_Heritage_Full_Day_Tour-Ninh_Binh_Ninh_Binh_Province.html,129
The Emperor of Reeds - Real Scenery Show (Ninh Binh),"Visitor Centers • Literary, Art & Music Tours",Ninh Binh,https://www.tripadvisor.com/Attraction_Review-g303945-d34325526-Reviews-The_Emperor_of_Reeds_Real_Scenery_Show_Ninh_Binh-Ninh_Binh_Ninh_Binh_Province.html,130
I am a farmer - Tam Coc,Cultural Tours • Eco Tours,Ninh Binh,https://www.tripadvisor.com/Attraction_Review-g303945-d34253035-Reviews-I_am_a_farmer_Tam_Coc-Ninh_Binh_Ninh_Binh_Province.html,131
Vi Ticket,Bus Services,Ninh Binh,https://www.tripadvisor.com/Attraction_Review-g303945-d33404584-Reviews-Vi_Ticket-Ninh_Binh_Ninh_Binh_Province.html,132
Tam Coc Motorbikes,Gear Rentals,Ninh Binh,https://www.tripadvisor.com/Attraction_Review-g303945-d34098475-Reviews-Tam_Coc_Motorbikes-Ninh_Binh_Ninh_Binh_Province.html,133
Ninh Binh Local tour,Canyoning & Rappelling Tours • Historical & Heritage Tours,Ninh Binh,https://www.tripadvisor.com/Attraction_Review-g303945-d26579916-Reviews-Ninh_Binh_Local_tour-Ninh_Binh_Ninh_Binh_Province.html,134
Vietnam Happy Travel,Hop-On Hop-Off Tours,Ninh Binh,https://www.tripadvisor.com/Attraction_Review-g303945-d25549991-Reviews-Vietnam_Happy_Travel-Ninh_Binh_Ninh_Binh_Province.html,136
Silk Hoa Lu Loom Workshop,Speciality & Gift Shops • Shopping Tours,Ninh Binh,https://www.tripadvisor.com/Attraction_Review-g303945-d34364177-Reviews-Silk_Hoa_Lu_Loom_Workshop-Ninh_Binh_Ninh_Binh_Province.html,137
Cuc Phuong National Park Tour - Private Day Tours,Multi-day Tours • Night Tours,Ninh Binh,https://www.tripadvisor.com/Attraction_Review-g303945-d4555568-Reviews-Cuc_Phuong_National_Park_Tour_Private_Day_Tours-Ninh_Binh_Ninh_Binh_Province.html,138
Ninh Binh Motorcycle Rental,Motorcycle Tours • Gear Rentals,Ninh Binh,https://www.tripadvisor.com/Attraction_Review-g303945-d16820957-Reviews-Ninh_Binh_Motorcycle_Rental-Ninh_Binh_Ninh_Binh_Province.html,139
Good Morning Ninh Binh Tours,Multi-day Tours • Cultural Tours,Ninh Binh,https://www.tripadvisor.com/Attraction_Review-g303945-d14067698-Reviews-Good_Morning_Ninh_Binh_Tours-Ninh_Binh_Ninh_Binh_Province.html,140
Motorbike Tours Hanoi,"4WD, ATV & Off-Road Tours • Boat Tours",Ninh Binh,https://www.tripadvisor.com/Attraction_Review-g303945-d14080660-Reviews-Motorbike_Tours_Hanoi-Ninh_Binh_Ninh_Binh_Province.html,141
Spa,Spas,Ninh Binh,https://www.tripadvisor.com/Attraction_Review-g303945-d34378325-Reviews-Spa-Ninh_Binh_Ninh_Binh_Province.html,143
Vic Travel,Multi-day Tours • Boat Tours,Ninh Binh,https://www.tripadvisor.com/Attraction_Review-g303945-d6363052-Reviews-Vic_Travel-Ninh_Binh_Ninh_Binh_Province.html,144
Ninh Binh Bike Tour,Multi-day Tours • Bike Tours,Ninh Binh,https://www.tripadvisor.com/Attraction_Review-g303945-d25370208-Reviews-Ninh_Binh_Bike_Tour-Ninh_Binh_Ninh_Binh_Province.html,145
Star Travel - Thien Ha Cave Tour,Nature & Wildlife Tours,Ninh Binh,https://www.tripadvisor.com/Attraction_Review-g303945-d5828577-Reviews-Star_Travel_Thien_Ha_Cave_Tour-Ninh_Binh_Ninh_Binh_Province.html,146
Ninh Binh Experiences,Historical & Heritage Tours • Bike Tours,Ninh Binh,https://www.tripadvisor.com/Attraction_Review-g303945-d19085323-Reviews-Ninh_Binh_Experiences-Ninh_Binh_Ninh_Binh_Province.html,147
Ninh Binh Travel Booking Office,"Bar, Club & Pub Tours • Multi-day Tours",Ninh Binh,https://www.tripadvisor.com/Attraction_Review-g303945-d19243560-Reviews-Ninh_Binh_Travel_Booking_Office-Ninh_Binh_Ninh_Binh_Province.html,148
Vietnam Exploration Booking,City Tours • Multi-day Tours,Ninh Binh,https://www.tripadvisor.com/Attraction_Review-g303945-d24171643-Reviews-Vietnam_Exploration_Booking-Ninh_Binh_Ninh_Binh_Province.html,149
Ninh Binh 2 Days 1 Night Tours,Historical & Heritage Tours • Bike Tours,Ninh Binh,https://www.tripadvisor.com/Attraction_Review-g303945-d18964797-Reviews-Ninh_Binh_2_Days_1_Night_Tours-Ninh_Binh_Ninh_Binh_Province.html,150
"Mindfulness meditation retreat in Tam Chuc, Ninh Binh",Multi-day Tours,Ninh Binh,https://www.tripadvisor.com/Attraction_Review-g303945-d33733846-Reviews-Mindfulness_meditation_retreat_in_Tam_Chuc_Ninh_Binh-Ninh_Binh_Ninh_Binh_Provinc.html,151
Viet Nam Easy Go Tour,Multi-day Tours • Bike Tours,Ninh Binh,https://www.tripadvisor.com/Attraction_Review-g303945-d34246114-Reviews-Viet_Nam_Easy_Go_Tour-Ninh_Binh_Ninh_Binh_Province.html,152
Le Pont Adventure,Multi-day Tours • Boat Tours,Ninh Binh,https://www.tripadvisor.com/Attraction_Review-g303945-d18378871-Reviews-Le_Pont_Adventure-Ninh_Binh_Ninh_Binh_Province.html,153
Khanh An Limousine,Taxis & Shuttles,Ninh Binh,https://www.tripadvisor.com/Attraction_Review-g303945-d17395538-Reviews-Khanh_An_Limousine-Ninh_Binh_Ninh_Binh_Province.html,154
Tam Coc Tours - Ninh Binh Private Tour,Sightseeing Tours,Ninh Binh,https://www.tripadvisor.com/Attraction_Review-g303945-d4573942-Reviews-Tam_Coc_Tours_Ninh_Binh_Private_Tour-Ninh_Binh_Ninh_Binh_Province.html,156
Dang Friendly Tour Guide In Ninh Binh,Sightseeing Tours,Ninh Binh,https://www.tripadvisor.com/Attraction_Review-g303945-d34069687-Reviews-Dang_Friendly_Tour_Guide_In_Ninh_Binh-Ninh_Binh_Ninh_Binh_Province.html,157
Tam Coc trunztour moto taxi,Taxis & Shuttles • Bike Tours,Ninh Binh,https://www.tripadvisor.com/Attraction_Review-g303945-d26932394-Reviews-Tam_Coc_trunztour_moto_taxi-Ninh_Binh_Ninh_Binh_Province.html,158
Top Ninh Binh Tour | 2025-2026 | Authentic Adventures Vietnam,Multi-day Tours • Cultural Tours,Ninh Binh,https://www.tripadvisor.com/Attraction_Review-g303945-d26803839-Reviews-Top_Ninh_Binh_Tour_2025_2026_Authentic_Adventures_Vietnam-Ninh_Binh_Ninh_Binh_Pr.html,159
Hoa Lu Tam Coc Day Tours,City Tours • Cultural Tours,Ninh Binh,https://www.tripadvisor.com/Attraction_Review-g303945-d26529998-Reviews-Hoa_Lu_Tam_Coc_Day_Tours-Ninh_Binh_Ninh_Binh_Province.html,160
Ninh Binh Local Tours,City Tours • Cultural Tours,Ninh Binh,https://www.tripadvisor.com/Attraction_Review-g303945-d19467605-Reviews-Ninh_Binh_Local_Tours-Ninh_Binh_Ninh_Binh_Province.html,161
Mike's Travel Agency,Taxis & Shuttles • Bike Tours,Ninh Binh,https://www.tripadvisor.com/Attraction_Review-g303945-d25194035-Reviews-Mike_s_Travel_Agency-Ninh_Binh_Ninh_Binh_Province.html,162
Ninh Binh Explore Travel,Boat Tours • Water Sports,Ninh Binh,https://www.tripadvisor.com/Attraction_Review-g303945-d12139996-Reviews-Ninh_Binh_Explore_Travel-Ninh_Binh_Ninh_Binh_Province.html,163
Nhà hàng Heo Say Xỉn,Walking Tours,Ninh Binh,https://www.tripadvisor.com/Attraction_Review-g303945-d33220876-Reviews-Nha_hang_Heo_Say_X_n-Ninh_Binh_Ninh_Binh_Province.html,164
Easyrider And Private Car Ninh Binh,City Tours • Taxis & Shuttles,Ninh Binh,https://www.tripadvisor.com/Attraction_Review-g303945-d33059366-Reviews-Easyrider_And_Private_Car_Ninh_Binh-Ninh_Binh_Ninh_Binh_Province.html,165
Tailored Vietnam By Christine,Multi-day Tours • Historic Sites,Ninh Binh,https://www.tripadvisor.com/Attraction_Review-g303945-d32702094-Reviews-Tailored_Vietnam_By_Christine-Ninh_Binh_Ninh_Binh_Province.html,166
Hoa Lu Tam Coc Original,Bike Tours • Boat Tours,Ninh Binh,https://www.tripadvisor.com/Attraction_Review-g303945-d17463459-Reviews-Hoa_Lu_Tam_Coc_Original-Ninh_Binh_Ninh_Binh_Province.html,167
Authentic Ninh Binh Travel,Multi-day Tours • Bike Tours,Ninh Binh,https://www.tripadvisor.com/Attraction_Review-g303945-d20029325-Reviews-Authentic_Ninh_Binh_Travel-Ninh_Binh_Ninh_Binh_Province.html,168
Da Viet Art And Gemstone Center,"Bar, Club & Pub Tours • Cultural Tours",Ninh Binh,https://www.tripadvisor.com/Attraction_Review-g303945-d20988233-Reviews-Da_Viet_Art_And_Gemstone_Center-Ninh_Binh_Ninh_Binh_Province.html,169
Tam Coc Son Hanoi Tour,Cultural Tours • Boat Tours,Ninh Binh,https://www.tripadvisor.com/Attraction_Review-g303945-d12149934-Reviews-Tam_Coc_Son_Hanoi_Tour-Ninh_Binh_Ninh_Binh_Province.html,170
Ninh Binh tours,Day Trips,Ninh Binh,https://www.tripadvisor.com/Attraction_Review-g303945-d34166384-Reviews-Ninh_Binh_tours-Ninh_Binh_Ninh_Binh_Province.html,171
Limousine Ninh Binh Travel,Hop-On Hop-Off Tours • Taxis & Shuttles,Ninh Binh,https://www.tripadvisor.com/Attraction_Review-g303945-d27495638-Reviews-Limousine_Ninh_Binh_Travel-Ninh_Binh_Ninh_Binh_Province.html,172
Full Moon Travel Asia,Boat Tours • Walking Tours,Ninh Binh,https://www.tripadvisor.com/Attraction_Review-g303945-d27686983-Reviews-Full_Moon_Travel_Asia-Ninh_Binh_Ninh_Binh_Province.html,173
Chookie's Travel,Sightseeing Tours • Nature & Wildlife Tours,Ninh Binh,https://www.tripadvisor.com/Attraction_Review-g303945-d13086260-Reviews-Chookie_s_Travel-Ninh_Binh_Ninh_Binh_Province.html,174
Ninh Bình Private Tours,Duck Tours • Beer Tastings & Tours,Ninh Binh,https://www.tripadvisor.com/Attraction_Review-g303945-d25023162-Reviews-Ninh_Binh_Private_Tours-Ninh_Binh_Ninh_Binh_Province.html,175
Tuan Nguyen,Bike Tours • Walking Tours,Ninh Binh,https://www.tripadvisor.com/Attraction_Review-g303945-d33092971-Reviews-Tuan_Nguyen-Ninh_Binh_Ninh_Binh_Province.html,176
Ninh Binh Jeep Tours,"4WD, ATV & Off-Road Tours",Ninh Binh,https://www.tripadvisor.com/Attraction_Review-g303945-d26877436-Reviews-Ninh_Binh_Jeep_Tours-Ninh_Binh_Ninh_Binh_Province.html,177
Hoalutamcoc Tours,Bike Tours • Boat Tours,Ninh Binh,https://www.tripadvisor.com/Attraction_Review-g303945-d11966389-Reviews-Hoalutamcoc_Tours-Ninh_Binh_Ninh_Binh_Province.html,178
Tours and Tourguide in Ninhbinh,"Multi-day Tours • 4WD, ATV & Off-Road Tours",Ninh Binh,https://www.tripadvisor.com/Attraction_Review-g303945-d24950419-Reviews-Tours_and_Tourguide_in_Ninhbinh-Ninh_Binh_Ninh_Binh_Province.html,179
Tam Coc Holiday Travel,Boat Tours,Ninh Binh,https://www.tripadvisor.com/Attraction_Review-g303945-d31912285-Reviews-Tam_Coc_Holiday_Travel-Ninh_Binh_Ninh_Binh_Province.html,180
Pigo E-bike Ninh Binh Adventure,Segway Tours,Ninh Binh,https://www.tripadvisor.com/Attraction_Review-g303945-d33374559-Reviews-Pigo_E_bike_Ninh_Binh_Adventure-Ninh_Binh_Ninh_Binh_Province.html,181
Chuong Nguyen,Multi-day Tours • River Rafting & Tubing,Ninh Binh,https://www.tripadvisor.com/Attraction_Review-g303945-d17526300-Reviews-Chuong_Nguyen-Ninh_Binh_Ninh_Binh_Province.html,182
Tam Cốc Homestay,Beer Tastings & Tours • Coffee & Tea Tours,Ninh Binh,https://www.tripadvisor.com/Attraction_Review-g303945-d25178592-Reviews-Tam_C_c_Homestay-Ninh_Binh_Ninh_Binh_Province.html,183
Ninh Binh Daily Tours,Boat Tours • Sightseeing Tours,Ninh Binh,https://www.tripadvisor.com/Attraction_Review-g303945-d12001773-Reviews-Ninh_Binh_Daily_Tours-Ninh_Binh_Ninh_Binh_Province.html,184
Ninh Binh Luan Ha Photo Tour,Photography Tours,Ninh Binh,https://www.tripadvisor.com/Attraction_Review-g303945-d33411113-Reviews-Ninh_Binh_Luan_Ha_Photo_Tour-Ninh_Binh_Ninh_Binh_Province.html,185
NinhBinh Tours Booking,Multi-day Tours • Bike Tours,Ninh Binh,https://www.tripadvisor.com/Attraction_Review-g303945-d16879609-Reviews-NinhBinh_Tours_Booking-Ninh_Binh_Ninh_Binh_Province.html,186
Yoga Phong Nha,Bike Tours • Cooking Classes,Ninh Binh,https://www.tripadvisor.com/Attraction_Review-g303945-d19605759-Reviews-Yoga_Phong_Nha-Ninh_Binh_Ninh_Binh_Province.html,188
Tam Coc Workshop,Paint & Pottery Studios • Cooking Classes,Ninh Binh,https://www.tripadvisor.com/Attraction_Review-g303945-d33752140-Reviews-Tam_Coc_Workshop-Ninh_Binh_Ninh_Binh_Province.html,189
Hoa Lu - Trang An - Mua Cave - Bich Dong Full Day,Ski & Snow Tours • Taxis & Shuttles,Ninh Binh,https://www.tripadvisor.com/Attraction_Review-g303945-d33043769-Reviews-Hoa_Lu_Trang_An_Mua_Cave_Bich_Dong_Full_Day-Ninh_Binh_Ninh_Binh_Province.html,190
Book VNTour,Taxis & Shuttles • Boat Rentals,Ninh Binh,https://www.tripadvisor.com/Attraction_Review-g303945-d29553222-Reviews-Book_VNTour-Ninh_Binh_Ninh_Binh_Province.html,191
Ha Trang Booking Office,Taxis & Shuttles • Private Tours,Ninh Binh,https://www.tripadvisor.com/Attraction_Review-g303945-d25049439-Reviews-Ha_Trang_Booking_Office-Ninh_Binh_Ninh_Binh_Province.html,192
mr.khanh travel agency,Taxis & Shuttles • Bike Tours,Ninh Binh,https://www.tripadvisor.com/Attraction_Review-g303945-d25931799-Reviews-Mr_khanh_travel_agency-Ninh_Binh_Ninh_Binh_Province.html,193
Vihihi,Boat Tours,Ninh Binh,https://www.tripadvisor.com/Attraction_Review-g303945-d33379134-Reviews-Vihihi-Ninh_Binh_Ninh_Binh_Province.html,194
Ninh Bình Daily Tours,Coffee & Tea Tours • Sightseeing Tours,Ninh Binh,https://www.tripadvisor.com/Attraction_Review-g303945-d25007152-Reviews-Ninh_Binh_Daily_Tours-Ninh_Binh_Ninh_Binh_Province.html,195
Tam Coc Eco Tour,City Tours • Cultural Tours,Ninh Binh,https://www.tripadvisor.com/Attraction_Review-g303945-d26630851-Reviews-Tam_Coc_Eco_Tour-Ninh_Binh_Ninh_Binh_Province.html,196
Authentic Travel Ninh Binh,"Multi-day Tours • 4WD, ATV & Off-Road Tours",Ninh Binh,https://www.tripadvisor.com/Attraction_Review-g303945-d27937126-Reviews-Authentic_Travel_Ninh_Binh-Ninh_Binh_Ninh_Binh_Province.html,197
Amazing Travel Corp,Multi-day Tours • Taxis & Shuttles,Ninh Binh,https://www.tripadvisor.com/Attraction_Review-g303945-d25398663-Reviews-Amazing_Travel_Corp-Ninh_Binh_Ninh_Binh_Province.html,198
Vn Bike Tour,"Multi-day Tours • 4WD, ATV & Off-Road Tours",Ninh Binh,https://www.tripadvisor.com/Attraction_Review-g303945-d33267943-Reviews-Vn_Bike_Tour-Ninh_Binh_Ninh_Binh_Province.html,199
Limousine Trang An,Taxis & Shuttles,Ninh Binh,https://www.tripadvisor.com/Attraction_Review-g303945-d16850417-Reviews-Limousine_Trang_An-Ninh_Binh_Ninh_Binh_Province.html,200
Ninh Binh Homies Tour,Multi-day Tours • Private Tours,Ninh Binh,https://www.tripadvisor.com/Attraction_Review-g303945-d33354902-Reviews-Ninh_Binh_Homies_Tour-Ninh_Binh_Ninh_Binh_Province.html,201
Ninh Binh tour off the beaten track,Taxis & Shuttles • Bike Tours,Ninh Binh,https://www.tripadvisor.com/Attraction_Review-g303945-d26366535-Reviews-Ninh_Binh_tour_off_the_beaten_track-Ninh_Binh_Ninh_Binh_Province.html,202
Ninh Binh Open Air Jeep Tours,Hop-On Hop-Off Tours • Motorcycle Tours,Ninh Binh,https://www.tripadvisor.com/Attraction_Review-g303945-d26447145-Reviews-Ninh_Binh_Open_Air_Jeep_Tours-Ninh_Binh_Ninh_Binh_Province.html,203
Donald Bar & Restaurant Riverine,"Bar, Club & Pub Tours",Ninh Binh,https://www.tripadvisor.com/Attraction_Review-g303945-d27992013-Reviews-Donald_Bar_Restaurant_Riverine-Ninh_Binh_Ninh_Binh_Province.html,204
DUY KHANH LIMOUSINE,Bus Tours,Ninh Binh,https://www.tripadvisor.com/Attraction_Review-g303945-d34175020-Reviews-DUY_KHANH_LIMOUSINE-Ninh_Binh_Ninh_Binh_Province.html,205
TripBestie Ninh Binh,Multi-day Tours • Taxis & Shuttles,Ninh Binh,https://www.tripadvisor.com/Attraction_Review-g303945-d27995911-Reviews-TripBestie_Ninh_Binh-Ninh_Binh_Ninh_Binh_Province.html,206
Ninh Binh Tours Original,Multi-day Tours • Walking Tours,Ninh Binh,https://www.tripadvisor.com/Attraction_Review-g303945-d18856372-Reviews-Ninh_Binh_Tours_Original-Ninh_Binh_Ninh_Binh_Province.html,207
AUTHENTIC HAGIANG-NINH BINH TRAVEl,City Tours • Multi-day Tours,Ninh Binh,https://www.tripadvisor.com/Attraction_Review-g303945-d26856662-Reviews-AUTHENTIC_HAGIANG_NINH_BINH_TRAVEl-Ninh_Binh_Ninh_Binh_Province.html,208
Limousine Ha Noi - Ninh Binh,Multi-day Tours • Taxis & Shuttles,Ninh Binh,https://www.tripadvisor.com/Attraction_Review-g303945-d23452698-Reviews-Limousine_Ha_Noi_Ninh_Binh-Ninh_Binh_Ninh_Binh_Province.html,209
Ninh Binh Insight Travel,Multi-day Tours • Private Tours,Ninh Binh,https://www.tripadvisor.com/Attraction_Review-g303945-d33558804-Reviews-Ninh_Binh_Insight_Travel-Ninh_Binh_Ninh_Binh_Province.html,210
Alluvia Chocolatier,Factory Tours,Ninh Binh,https://www.tripadvisor.com/Attraction_Review-g303945-d33321529-Reviews-Alluvia_Chocolatier-Ninh_Binh_Ninh_Binh_Province.html,211
Best Price Tour Co.ltd,Historical & Heritage Tours • Taxis & Shuttles,Ninh Binh,https://www.tripadvisor.com/Attraction_Review-g303945-d25177996-Reviews-Best_Price_Tour_Co_ltd-Ninh_Binh_Ninh_Binh_Province.html,212
Vihihi Tour And Discover,Multi-day Tours • Historic Sites,Ninh Binh,https://www.tripadvisor.com/Attraction_Review-g303945-d33405044-Reviews-Vihihi_Tour_And_Discover-Ninh_Binh_Ninh_Binh_Province.html,214
Hanoi Exposed Tours - Day Tours,City Tours • Bike Tours,Ninh Binh,https://www.tripadvisor.com/Attraction_Review-g303945-d8099378-Reviews-Hanoi_Exposed_Tours_Day_Tours-Ninh_Binh_Ninh_Binh_Province.html,215
Ninh Binh Family Homestay,Canyoning & Rappelling Tours • Taxis & Shuttles,Ninh Binh,https://www.tripadvisor.com/Attraction_Review-g303945-d26954189-Reviews-Ninh_Binh_Family_Homestay-Ninh_Binh_Ninh_Binh_Province.html,216
Ninh Binh Tour,Bike Tours • Boat Tours,Ninh Binh,https://www.tripadvisor.com/Attraction_Review-g303945-d27697784-Reviews-Ninh_Binh_Tour-Ninh_Binh_Ninh_Binh_Province.html,217
Mây Café & Bakery,Coffee & Tea Tours,Ninh Binh,https://www.tripadvisor.com/Attraction_Review-g303945-d27760925-Reviews-May_Cafe_Bakery-Ninh_Binh_Ninh_Binh_Province.html,218
Best Ninh Binh Day Trip from Hanoi – Mua Cave - Hoa Lu - Trang An/Tam Coc,Taxis & Shuttles • Boat Tours,Ninh Binh,https://www.tripadvisor.com/Attraction_Review-g303945-d33305401-Reviews-Best_Ninh_Binh_Day_Trip_from_Hanoi_Mua_Cave_Hoa_Lu_Trang_An_Tam_Coc-Ninh_Binh_Ni.html,222
Ninh Binh Excursion,Taxis & Shuttles • Hiking & Camping Tours,Ninh Binh,https://www.tripadvisor.com/Attraction_Review-g303945-d23972985-Reviews-Ninh_Binh_Excursion-Ninh_Binh_Ninh_Binh_Province.html,223
Ninh Binh Day Tours,Multi-day Tours • Day Trips,Ninh Binh,https://www.tripadvisor.com/Attraction_Review-g303945-d27731565-Reviews-Ninh_Binh_Day_Tours-Ninh_Binh_Ninh_Binh_Province.html,224
Vietnam Corner Tour,Multi-day Tours • Canyoning & Rappelling Tours,Ninh Binh,https://www.tripadvisor.com/Attraction_Review-g303945-d33473052-Reviews-Vietnam_Corner_Tour-Ninh_Binh_Ninh_Binh_Province.html,225
"Trang An - Tam Coc Boat tour, Bai Dinh Pagoda, Hoa Lu ancient capital, Hang Mua Cave","Bar, Club & Pub Tours • Multi-day Tours",Ninh Binh,https://www.tripadvisor.com/Attraction_Review-g303945-d34046781-Reviews-Trang_An_Tam_Coc_Boat_tour_Bai_Dinh_Pagoda_Hoa_Lu_ancient_capital_Hang_Mua_Cave-.html,226
Ninh Binh Adventure,Multi-day Tours • Private Tours,Ninh Binh,https://www.tripadvisor.com/Attraction_Review-g303945-d19652078-Reviews-Ninh_Binh_Adventure-Ninh_Binh_Ninh_Binh_Province.html,227
Ninh Binh Adventure Tour,Multi-day Tours • Canyoning & Rappelling Tours,Ninh Binh,https://www.tripadvisor.com/Attraction_Review-g303945-d32695763-Reviews-Ninh_Binh_Adventure_Tour-Ninh_Binh_Ninh_Binh_Province.html,228
Ninh Binh Paragliding - Dù Lượn Ninh Bình,Parasailing & Paragliding,Ninh Binh,https://www.tripadvisor.com/Attraction_Review-g303945-d34597311-Reviews-Ninh_Binh_Paragliding_Du_Lu_n_Ninh_Binh-Ninh_Binh_Ninh_Binh_Province.html,229
Magnolia Responsible Travel,Cultural Tours • Eco Tours,Ninh Binh,https://www.tripadvisor.com/Attraction_Review-g303945-d26588827-Reviews-Magnolia_Responsible_Travel-Ninh_Binh_Ninh_Binh_Province.html,230
Tam Coc Queen's Travel In Ninh Binh,Cultural Tours,Ninh Binh,https://www.tripadvisor.com/Attraction_Review-g303945-d28651288-Reviews-Tam_Coc_Queen_s_Travel_In_Ninh_Binh-Ninh_Binh_Ninh_Binh_Province.html,231
Best Ninh Binh Tours,Day Trips,Ninh Binh,https://www.tripadvisor.com/Attraction_Review-g303945-d27939252-Reviews-Best_Ninh_Binh_Tours-Ninh_Binh_Ninh_Binh_Province.html,232
Ninh Bình Group Tours,Multi-day Tours • Historical & Heritage Tours,Ninh Binh,https://www.tripadvisor.com/Attraction_Review-g303945-d25024141-Reviews-Ninh_Binh_Group_Tours-Ninh_Binh_Ninh_Binh_Province.html,234
Truly Ninh Binh,Bike Tours • Walking Tours,Ninh Binh,https://www.tripadvisor.com/Attraction_Review-g303945-d28144095-Reviews-Truly_Ninh_Binh-Ninh_Binh_Ninh_Binh_Province.html,235
Hoa Lu City Hotel,Bike Tours • Walking Tours,Ninh Binh,https://www.tripadvisor.com/Attraction_Review-g303945-d32941607-Reviews-Hoa_Lu_City_Hotel-Ninh_Binh_Ninh_Binh_Province.html,236
Min Adventure,Taxis & Shuttles • Bike Tours,Ninh Binh,https://www.tripadvisor.com/Attraction_Review-g303945-d34148223-Reviews-Min_Adventure-Ninh_Binh_Ninh_Binh_Province.html,238
Pi-Go,Taxis & Shuttles • Bike Tours,Ninh Binh,https://www.tripadvisor.com/Attraction_Review-g303945-d33203612-Reviews-Pi_Go-Ninh_Binh_Ninh_Binh_Province.html,239
Ninh Binh Private And Luxury Small Group Tours,Multi-day Tours • Private Tours,Ninh Binh,https://www.tripadvisor.com/Attraction_Review-g303945-d26827959-Reviews-Ninh_Binh_Private_And_Luxury_Small_Group_Tours-Ninh_Binh_Ninh_Binh_Province.html,240
Tam Sinh Travel,Multi-day Tours • Sightseeing Tours,Ninh Binh,https://www.tripadvisor.com/Attraction_Review-g303945-d15674685-Reviews-Tam_Sinh_Travel-Ninh_Binh_Ninh_Binh_Province.html,242
Tam Coc Bamboo Spa,Day Trips,Ninh Binh,https://www.tripadvisor.com/Attraction_Review-g303945-d21298791-Reviews-Tam_Coc_Bamboo_Spa-Ninh_Binh_Ninh_Binh_Province.html,243
Local Tours Ninh Binh,City Tours • Multi-day Tours,Ninh Binh,https://www.tripadvisor.com/Attraction_Review-g303945-d27134871-Reviews-Local_Tours_Ninh_Binh-Ninh_Binh_Ninh_Binh_Province.html,244
AZ Local Trip,Walking Tours • Private Tours,Ninh Binh,https://www.tripadvisor.com/Attraction_Review-g303945-d19620480-Reviews-AZ_Local_Trip-Ninh_Binh_Ninh_Binh_Province.html,245
Du lich xanh việt,"Bar, Club & Pub Tours • Beer Tastings & Tours",Ninh Binh,https://www.tripadvisor.com/Attraction_Review-g303945-d24993700-Reviews-Du_lich_xanh_vi_t-Ninh_Binh_Ninh_Binh_Province.html,247
Asia Pearl Travel Ninh Binh Day Tours,Bike Tours • Walking Tours,Ninh Binh,https://www.tripadvisor.com/Attraction_Review-g303945-d28104665-Reviews-Asia_Pearl_Travel_Ninh_Binh_Day_Tours-Ninh_Binh_Ninh_Binh_Province.html,248
Tiger Trail Travel - Ninh Binh,Multi-day Tours • Day Trips,Ninh Binh,https://www.tripadvisor.com/Attraction_Review-g303945-d27728732-Reviews-Tiger_Trail_Travel_Ninh_Binh-Ninh_Binh_Ninh_Binh_Province.html,249
Phong Nha Locals Service,Taxis & Shuttles • Walking Tours,Ninh Binh,https://www.tripadvisor.com/Attraction_Review-g303945-d28114891-Reviews-Phong_Nha_Locals_Service-Ninh_Binh_Ninh_Binh_Province.html,250
Sunseekers Motobike Rental,Taxis & Shuttles • Bike Tours,Ninh Binh,https://www.tripadvisor.com/Attraction_Review-g303945-d34055698-Reviews-Sunseekers_Motobike_Rental-Ninh_Binh_Ninh_Binh_Province.html,251
Embroidery Garden - Local Artisan,Speciality & Gift Shops • Art Galleries,Ninh Binh,https://www.tripadvisor.com/Attraction_Review-g303945-d34447764-Reviews-Embroidery_Garden_Local_Artisan-Ninh_Binh_Ninh_Binh_Province.html,252
Ninh Binh Local Experience,Paint & Pottery Studios • Taxis & Shuttles,Ninh Binh,https://www.tripadvisor.com/Attraction_Review-g303945-d34384063-Reviews-Ninh_Binh_Local_Experience-Ninh_Binh_Ninh_Binh_Province.html,253
Local Tours Sapa-Ninh Binh,City Tours • Multi-day Tours,Ninh Binh,https://www.tripadvisor.com/Attraction_Review-g303945-d27123597-Reviews-Local_Tours_Sapa_Ninh_Binh-Ninh_Binh_Ninh_Binh_Province.html,254
Ninh Bình Việt Nam,Sightseeing Tours,Ninh Binh,https://www.tripadvisor.com/Attraction_Review-g303945-d33278683-Reviews-Ninh_Binh_Vi_t_Nam-Ninh_Binh_Ninh_Binh_Province.html,256
Ninh Binh Trails Tours - Bike Tours Hanoi,"4WD, ATV & Off-Road Tours • Taxis & Shuttles",Ninh Binh,https://www.tripadvisor.com/Attraction_Review-g303945-d26947240-Reviews-Ninh_Binh_Trails_Tours_Bike_Tours_Hanoi-Ninh_Binh_Ninh_Binh_Province.html,257
Thung Nham - national park,Day Trips,Ninh Binh,https://www.tripadvisor.com/Attraction_Review-g303945-d33396629-Reviews-Thung_Nham_national_park-Ninh_Binh_Ninh_Binh_Province.html,258
Authentic Hanoi Travel-In NINH BINH,Multi-day Tours • Cultural Tours,Ninh Binh,https://www.tripadvisor.com/Attraction_Review-g303945-d26857323-Reviews-Authentic_Hanoi_Travel_In_NINH_BINH-Ninh_Binh_Ninh_Binh_Province.html,261
Ninh Binh Day Tour,Cultural Tours • Boat Tours,Ninh Binh,https://www.tripadvisor.com/Attraction_Review-g303945-d32701545-Reviews-Ninh_Binh_Day_Tour-Ninh_Binh_Ninh_Binh_Province.html,262
Stunning Local Tour,Multi-day Tours • Hop-On Hop-Off Tours,Ninh Binh,https://www.tripadvisor.com/Attraction_Review-g303945-d27466767-Reviews-Stunning_Local_Tour-Ninh_Binh_Ninh_Binh_Province.html,263
Ninh Bình Tour,Multi-day Tours • Day Trips,Ninh Binh,https://www.tripadvisor.com/Attraction_Review-g303945-d34238629-Reviews-Ninh_Binh_Tour-Ninh_Binh_Ninh_Binh_Province.html,264
Joy Tourist - Ninh Binh,Multi-day Tours • Day Trips,Ninh Binh,https://www.tripadvisor.com/Attraction_Review-g303945-d28153120-Reviews-Joy_Tourist_Ninh_Binh-Ninh_Binh_Ninh_Binh_Province.html,265
Vietnam Cycling,City Tours • Multi-day Tours,Ninh Binh,https://www.tripadvisor.com/Attraction_Review-g303945-d25418681-Reviews-Vietnam_Cycling-Ninh_Binh_Ninh_Binh_Province.html,266
Discover travel ninhbinh,Multi-day Tours • Bike Tours,Ninh Binh,https://www.tripadvisor.com/Attraction_Review-g303945-d25129289-Reviews-Discover_travel_ninhbinh-Ninh_Binh_Ninh_Binh_Province.html,267
Kim House Holiday,Day Trips,Ninh Binh,https://www.tripadvisor.com/Attraction_Review-g303945-d13990279-Reviews-Kim_House_Holiday-Ninh_Binh_Ninh_Binh_Province.html,268
Charm Tourist - Ninh Binh,Multi-day Tours • Day Trips,Ninh Binh,https://www.tripadvisor.com/Attraction_Review-g303945-d27951994-Reviews-Charm_Tourist_Ninh_Binh-Ninh_Binh_Ninh_Binh_Province.html,269
Guest House Kim Lien Bicycle Tours,Bike Tours,Ninh Binh,https://www.tripadvisor.com/Attraction_Review-g303945-d6224876-Reviews-Guest_House_Kim_Lien_Bicycle_Tours-Ninh_Binh_Ninh_Binh_Province.html,270
Mr Bie,"Bar, Club & Pub Tours • Taxis & Shuttles",Ninh Binh,https://www.tripadvisor.com/Attraction_Review-g303945-d26831323-Reviews-Mr_Bie-Ninh_Binh_Ninh_Binh_Province.html,271
Mr. Dat Transport,City Tours • Cultural Tours,Ninh Binh,https://www.tripadvisor.com/Attraction_Review-g303945-d33000229-Reviews-Mr_Dat_Transport-Ninh_Binh_Ninh_Binh_Province.html,272
Good Morning Ninh Binh,Taxis & Shuttles • Night Tours,Ninh Binh,https://www.tripadvisor.com/Attraction_Review-g303945-d32848965-Reviews-Good_Morning_Ninh_Binh-Ninh_Binh_Ninh_Binh_Province.html,273
Classic Tourist - Ninh Binh,Multi-day Tours • Private Tours,Ninh Binh,https://www.tripadvisor.com/Attraction_Review-g303945-d31458762-Reviews-Classic_Tourist_Ninh_Binh-Ninh_Binh_Ninh_Binh_Province.html,274
Ninh Binh Excurson Luxury Tour,Boat Tours • Sightseeing Tours,Ninh Binh,https://www.tripadvisor.com/Attraction_Review-g303945-d27659076-Reviews-Ninh_Binh_Excurson_Luxury_Tour-Ninh_Binh_Ninh_Binh_Province.html,275
Motorbike Rental Ninh Binh,Self-Guided Tours & Rentals,Ninh Binh,https://www.tripadvisor.com/Attraction_Review-g303945-d29013410-Reviews-Motorbike_Rental_Ninh_Binh-Ninh_Binh_Ninh_Binh_Province.html,276
TADY NINH BINH,Taxis & Shuttles • Bike Tours,Ninh Binh,https://www.tripadvisor.com/Attraction_Review-g303945-d19296706-Reviews-TADY_NINH_BINH-Ninh_Binh_Ninh_Binh_Province.html,277
Nam,Taxis & Shuttles • Bike Tours,Ninh Binh,https://www.tripadvisor.com/Attraction_Review-g303945-d27926646-Reviews-Nam-Ninh_Binh_Ninh_Binh_Province.html,278
"Ninh Binh Full-Day Tour from Hanoi to Thung Nham, Hoa Lu, Tam Coc Via Boat & Bike",Taxis & Shuttles • Bike Tours,Ninh Binh,https://www.tripadvisor.com/Attraction_Review-g303945-d28204831-Reviews-Ninh_Binh_Full_Day_Tour_from_Hanoi_to_Thung_Nham_Hoa_Lu_Tam_Coc_Via_Boat_Bike-Ni.html,279
Signature Ninh Binh,City Tours,Ninh Binh,https://www.tripadvisor.com/Attraction_Review-g303945-d34435394-Reviews-Signature_Ninh_Binh-Ninh_Binh_Ninh_Binh_Province.html,281
TOURSHOPPING,Cultural Tours • Historical & Heritage Tours,Ninh Binh,https://www.tripadvisor.com/Attraction_Review-g303945-d34145032-Reviews-TOURSHOPPING-Ninh_Binh_Ninh_Binh_Province.html,282
Du Thuyền Lamia - Tour Suối Nước Nóng Trên Dòng Sông Di Sản,Boat Tours • Wine Tours & Tastings,Ninh Binh,https://www.tripadvisor.com/Attraction_Review-g303945-d27706760-Reviews-Du_Thuy_n_Lamia_Tour_Su_i_Nu_c_Nong_Tren_Dong_Song_Di_S_n-Ninh_Binh_Ninh_Binh_Pr.html,283
Rose Tourist - Ninh Binh,Multi-day Tours • Private Tours,Ninh Binh,https://www.tripadvisor.com/Attraction_Review-g303945-d32719432-Reviews-Rose_Tourist_Ninh_Binh-Ninh_Binh_Ninh_Binh_Province.html,284
Vinadu - Ninh Binh,Multi-day Tours • Day Trips,Ninh Binh,https://www.tripadvisor.com/Attraction_Review-g303945-d27957043-Reviews-Vinadu_Ninh_Binh-Ninh_Binh_Ninh_Binh_Province.html,285
Trần Thị Nhung,Day Trips,Ninh Binh,https://www.tripadvisor.com/Attraction_Review-g303945-d17721367-Reviews-Tr_n_Th_Nhung-Ninh_Binh_Ninh_Binh_Province.html,286
Authentic Travel in NINHBINH,Multi-day Tours • Canyoning & Rappelling Tours,Ninh Binh,https://www.tripadvisor.com/Attraction_Review-g303945-d28055740-Reviews-Authentic_Travel_in_NINHBINH-Ninh_Binh_Ninh_Binh_Province.html,287
Elegance Ninh Binh,Multi-day Tours • Private Tours,Ninh Binh,https://www.tripadvisor.com/Attraction_Review-g303945-d33066231-Reviews-Elegance_Ninh_Binh-Ninh_Binh_Ninh_Binh_Province.html,288
The Most Amazing Trang An - Mua Caves Day Tour,Taxis & Shuttles • Boat Tours,Ninh Binh,https://www.tripadvisor.com/Attraction_Review-g303945-d24884585-Reviews-The_Most_Amazing_Trang_An_Mua_Caves_Day_Tour-Ninh_Binh_Ninh_Binh_Province.html,290
Kim Luu,Private Tours,Ninh Binh,https://www.tripadvisor.com/Attraction_Review-g303945-d17583744-Reviews-Kim_Luu-Ninh_Binh_Ninh_Binh_Province.html,291
PhuThoTravel - Ninh Binh,Multi-day Tours • Private Tours,Ninh Binh,https://www.tripadvisor.com/Attraction_Review-g303945-d33949183-Reviews-PhuThoTravel_Ninh_Binh-Ninh_Binh_Ninh_Binh_Province.html,292
Hoa Lau Homestay Trang An,Self-Guided Tours & Rentals,Ninh Binh,https://www.tripadvisor.com/Attraction_Review-g303945-d34375528-Reviews-Hoa_Lau_Homestay_Trang_An-Ninh_Binh_Ninh_Binh_Province.html,293
Northside Of Travel Vietnam,City Tours,Ninh Binh,https://www.tripadvisor.com/Attraction_Review-g303945-d33114727-Reviews-Northside_Of_Travel_Vietnam-Ninh_Binh_Ninh_Binh_Province.html,294
Vietnam Impresssive Tours,Multi-day Tours • Hop-On Hop-Off Tours,Ninh Binh,https://www.tripadvisor.com/Attraction_Review-g303945-d28233780-Reviews-Vietnam_Impresssive_Tours-Ninh_Binh_Ninh_Binh_Province.html,295
Bookvietnamtour,Day Trips,Ninh Binh,https://www.tripadvisor.com/Attraction_Review-g303945-d27497350-Reviews-Bookvietnamtour-Ninh_Binh_Ninh_Binh_Province.html,297
Red Gecko Travel - Ninh Binh,Multi-day Tours • Day Trips,Ninh Binh,https://www.tripadvisor.com/Attraction_Review-g303945-d27724730-Reviews-Red_Gecko_Travel_Ninh_Binh-Ninh_Binh_Ninh_Binh_Province.html,298
LAH Travel,Multi-day Tours • Taxis & Shuttles,Ninh Binh,https://www.tripadvisor.com/Attraction_Review-g303945-d33226149-Reviews-LAH_Travel-Ninh_Binh_Ninh_Binh_Province.html,299
HOA LU TAM COC/TRANG AN HANG MUA PHAT DIEM STONE CATHEDRAL,Multi-day Tours,Ninh Binh,https://www.tripadvisor.com/Attraction_Review-g303945-d33349472-Reviews-HOA_LU_TAM_COC_TRANG_AN_HANG_MUA_PHAT_DIEM_STONE_CATHEDRAL-Ninh_Binh_Ninh_Binh_P.html,300
Tam coc happy homestay,Self-Guided Tours & Rentals • Day Trips,Ninh Binh,https://www.tripadvisor.com/Attraction_Review-g303945-d26220677-Reviews-Tam_coc_happy_homestay-Ninh_Binh_Ninh_Binh_Province.html,301
Andy Traveling - Private Tours,Multi-day Tours • Historical & Heritage Tours,Ninh Binh,https://www.tripadvisor.com/Attraction_Review-g303945-d33110556-Reviews-Andy_Traveling_Private_Tours-Ninh_Binh_Ninh_Binh_Province.html,303
Vina Cruise - Ninh Bình,Multi-day Tours • Private Tours,Ninh Binh,https://www.tripadvisor.com/Attraction_Review-g303945-d34043221-Reviews-Vina_Cruise_Ninh_Binh-Ninh_Binh_Ninh_Binh_Province.html,304
Ninh Binh ValleyHomestay,Multi-day Tours,Ninh Binh,https://www.tripadvisor.com/Attraction_Review-g303945-d25130419-Reviews-Ninh_Binh_ValleyHomestay-Ninh_Binh_Ninh_Binh_Province.html,305
Aclass Tours - Ninh Binh,Multi-day Tours • Private Tours,Ninh Binh,https://www.tripadvisor.com/Attraction_Review-g303945-d33003391-Reviews-Aclass_Tours_Ninh_Binh-Ninh_Binh_Ninh_Binh_Province.html,306
Vietnam Tour 365,Multi-day Tours • Private Tours,Ninh Binh,https://www.tripadvisor.com/Attraction_Review-g303945-d23959338-Reviews-Vietnam_Tour_365-Ninh_Binh_Ninh_Binh_Province.html,309
For You Ninh Bình Boutique,Taxis & Shuttles • Hiking & Camping Tours,Ninh Binh,https://www.tripadvisor.com/Attraction_Review-g303945-d33323870-Reviews-For_You_Ninh_Binh_Boutique-Ninh_Binh_Ninh_Binh_Province.html,310
Local Tours Around Vietnam - Ninh Binh,Multi-day Tours • Boat Tours,Ninh Binh,https://www.tripadvisor.com/Attraction_Review-g303945-d28235349-Reviews-Local_Tours_Around_Vietnam_Ninh_Binh-Ninh_Binh_Ninh_Binh_Province.html,311
Trip Express,Multi-day Tours • Taxis & Shuttles,Ninh Binh,https://www.tripadvisor.com/Attraction_Review-g303945-d26874444-Reviews-Trip_Express-Ninh_Binh_Ninh_Binh_Province.html,312
Travel With Ebikepigo,Sightseeing Tours,Ninh Binh,https://www.tripadvisor.com/Attraction_Review-g303945-d33230115-Reviews-Travel_With_Ebikepigo-Ninh_Binh_Ninh_Binh_Province.html,313
ABC Tour,Multi-day Tours • Taxis & Shuttles,Ninh Binh,https://www.tripadvisor.com/Attraction_Review-g303945-d28654464-Reviews-ABC_Tour-Ninh_Binh_Ninh_Binh_Province.html,315
Local tour,"Private Tours • Vespa, Scooter & Moped Tours",Ninh Binh,https://www.tripadvisor.com/Attraction_Review-g303945-d29017806-Reviews-Local_tour-Ninh_Binh_Ninh_Binh_Province.html,316
Asia Package Travel - Ninh Binh,Multi-day Tours • Day Trips,Ninh Binh,https://www.tripadvisor.com/Attraction_Review-g303945-d27726516-Reviews-Asia_Package_Travel_Ninh_Binh-Ninh_Binh_Ninh_Binh_Province.html,317
Vietnam Explorer - Ninh Binh,Multi-day Tours • Day Trips,Ninh Binh,https://www.tripadvisor.com/Attraction_Review-g303945-d28214279-Reviews-Vietnam_Explorer_Ninh_Binh-Ninh_Binh_Ninh_Binh_Province.html,318
Jake's Walks,Hop-On Hop-Off Tours • Taxis & Shuttles,Ninh Binh,https://www.tripadvisor.com/Attraction_Review-g303945-d33021886-Reviews-Jake_s_Walks-Ninh_Binh_Ninh_Binh_Province.html,320
Asia Tour Booking - Ninh Binh,Multi-day Tours • Day Trips,Ninh Binh,https://www.tripadvisor.com/Attraction_Review-g303945-d27971907-Reviews-Asia_Tour_Booking_Ninh_Binh-Ninh_Binh_Ninh_Binh_Province.html,321
Asia Green Travel - Ninh Binh,Multi-day Tours • Private Tours,Ninh Binh,https://www.tripadvisor.com/Attraction_Review-g303945-d32707540-Reviews-Asia_Green_Travel_Ninh_Binh-Ninh_Binh_Ninh_Binh_Province.html,323
Mr Tong's NinhbinhTours,Historical & Heritage Tours • Bike Tours,Ninh Binh,https://www.tripadvisor.com/Attraction_Review-g303945-d34578134-Reviews-Mr_Tong_s_NinhbinhTours-Ninh_Binh_Ninh_Binh_Province.html,324
Asia Group Tour - Ninh Binh,Multi-day Tours • Day Trips,Ninh Binh,https://www.tripadvisor.com/Attraction_Review-g303945-d27861295-Reviews-Asia_Group_Tour_Ninh_Binh-Ninh_Binh_Ninh_Binh_Province.html,327
Opatrip.com Bai Dinh,Day Trips,Ninh Binh,https://www.tripadvisor.com/Attraction_Review-g303945-d25391074-Reviews-Opatrip_com_Bai_Dinh-Ninh_Binh_Ninh_Binh_Province.html,328
Nova Travel Ninh Binh,Taxis & Shuttles • Bike Tours,Ninh Binh,https://www.tripadvisor.com/Attraction_Review-g303945-d34258345-Reviews-Nova_Travel_Ninh_Binh-Ninh_Binh_Ninh_Binh_Province.html,329
Explore Ninh Binh,Boat Tours • Day Trips,Ninh Binh,https://www.tripadvisor.com/Attraction_Review-g303945-d33738242-Reviews-Explore_Ninh_Binh-Ninh_Binh_Ninh_Binh_Province.html,330
Cosy Travel Inn,Multi-day Tours • Hop-On Hop-Off Tours,Ninh Binh,https://www.tripadvisor.com/Attraction_Review-g303945-d34080850-Reviews-Cosy_Travel_Inn-Ninh_Binh_Ninh_Binh_Province.html,331
VNOrange Tour - Ninh Binh,Motorcycle Tours • Hiking & Camping Tours,Ninh Binh,https://www.tripadvisor.com/Attraction_Review-g303945-d32907916-Reviews-VNOrange_Tour_Ninh_Binh-Ninh_Binh_Ninh_Binh_Province.html,332
Daisy Tourist – Ninh Binh,Multi-day Tours • Private Tours,Ninh Binh,https://www.tripadvisor.com/Attraction_Review-g303945-d32999848-Reviews-Daisy_Tourist_Ninh_Binh-Ninh_Binh_Ninh_Binh_Province.html,333
Tam Coc Wonders,Bike Tours • Motorcycle Tours,Ninh Binh,https://www.tripadvisor.com/Attraction_Review-g303945-d34453083-Reviews-Tam_Coc_Wonders-Ninh_Binh_Ninh_Binh_Province.html,334
Hupman,Bike Tours • Boat Tours,Ninh Binh,https://www.tripadvisor.com/Attraction_Review-g303945-d34494014-Reviews-Hupman-Ninh_Binh_Ninh_Binh_Province.html,335
"Discover history, culture and natural landscape",Private Tours,Ninh Binh,https://www.tripadvisor.com/Attraction_Review-g303945-d34405734-Reviews-Discover_history_culture_and_natural_landscape-Ninh_Binh_Ninh_Binh_Province.html,336
Ninh Binh Bamboo Travel,Boat Tours • Photography Tours,Ninh Binh,https://www.tripadvisor.com/Attraction_Review-g303945-d34683551-Reviews-Ninh_Binh_Bamboo_Travel-Ninh_Binh_Ninh_Binh_Province.html,337
Ninh Binh Local Travel with Happy,Bike Tours • Day Trips,Ninh Binh,https://www.tripadvisor.com/Attraction_Review-g303945-d34530338-Reviews-Ninh_Binh_Local_Travel_with_Happy-Ninh_Binh_Ninh_Binh_Province.html,338
HANA TRVAEL,"Bar, Club & Pub Tours • Multi-day Tours",Ninh Binh,https://www.tripadvisor.com/Attraction_Review-g303945-d34687888-Reviews-HANA_TRVAEL-Ninh_Binh_Ninh_Binh_Province.html,339
Culture Adventure Travel,Multi-day Tours • Cultural Tours,Ninh Binh,https://www.tripadvisor.com/Attraction_Review-g303945-d34656216-Reviews-Culture_Adventure_Travel-Ninh_Binh_Ninh_Binh_Province.html,340
Ninh Binh with TrevoTour Travels,Adrenaline & Extreme Tours • Taxis & Shuttles,Ninh Binh,https://www.tripadvisor.com/Attraction_Review-g303945-d34519692-Reviews-Ninh_Binh_with_TrevoTour_Travels-Ninh_Binh_Ninh_Binh_Province.html,341
Vietnam Grouptour,Historical & Heritage Tours,Ninh Binh,https://www.tripadvisor.com/Attraction_Review-g303945-d27116531-Reviews-Vietnam_Grouptour-Ninh_Binh_Ninh_Binh_Province.html,342
My Lai Massacre Museum,History Museums,Quang Ngai,https://www.tripadvisor.com/Attraction_Review-g651661-d2095404-Reviews-My_Lai_Massacre_Museum-Quang_Ngai_Quang_Ngai_Province.html,1
My Lai Massacre - Son My Memorial,Historic Sites • Points of Interest & Landmarks,Quang Ngai,https://www.tripadvisor.com/Attraction_Review-g651661-d12151603-Reviews-My_Lai_Massacre_Son_My_Memorial-Quang_Ngai_Quang_Ngai_Province.html,2
Sa Huynh Beach,Beaches,Quang Ngai,https://www.tripadvisor.com/Attraction_Review-g651661-d11435841-Reviews-Sa_Huynh_Beach-Quang_Ngai_Quang_Ngai_Province.html,3
Thien An Pagoda,Religious Sites,Quang Ngai,https://www.tripadvisor.com/Attraction_Review-g651661-d19354594-Reviews-Thien_An_Pagoda-Quang_Ngai_Quang_Ngai_Province.html,4
Kathedrale,Religious Sites,Quang Ngai,https://www.tripadvisor.com/Attraction_Review-g651661-d33214396-Reviews-Kathedrale-Quang_Ngai_Quang_Ngai_Province.html,5
Markt,Department Stores,Quang Ngai,https://www.tripadvisor.com/Attraction_Review-g651661-d33161402-Reviews-Markt-Quang_Ngai_Quang_Ngai_Province.html,6
Nhà Thờ Quang Ngai,Architectural Buildings • Religious Sites,Quang Ngai,https://www.tripadvisor.com/Attraction_Review-g651661-d33190582-Reviews-Nha_Th_Quang_Ngai-Quang_Ngai_Quang_Ngai_Province.html,7
Thue Xe May Quangngai,Gear Rentals,Quang Ngai,https://www.tripadvisor.com/Attraction_Review-g651661-d15141959-Reviews-Thue_Xe_May_Quangngai-Quang_Ngai_Quang_Ngai_Province.html,8
cửa hàng cho thuê xe máy quảng ngãi . xuân hậu,Gear Rentals • Self-Guided Tours & Rentals,Quang Ngai,https://www.tripadvisor.com/Attraction_Review-g651661-d25549955-Reviews-C_a_hang_cho_thue_xe_may_qu_ng_ngai_xuan_h_u-Quang_Ngai_Quang_Ngai_Province.html,9
Thác Mờ Nanh - Quảng Ngãi,Points of Interest & Landmarks • Climbing Tours,Quang Ngai,https://www.tripadvisor.com/Attraction_Review-g651661-d33311925-Reviews-Thac_M_Nanh_Qu_ng_Ngai-Quang_Ngai_Quang_Ngai_Province.html,10
My Lai Massacre Tours,Multi-day Tours • Historical & Heritage Tours,Quang Ngai,https://www.tripadvisor.com/Attraction_Review-g651661-d26768175-Reviews-My_Lai_Massacre_Tours-Quang_Ngai_Quang_Ngai_Province.html,11
Thành cổ Quảng Ngãi,Escape Games • Paint & Pottery Studios,Quang Ngai,https://www.tripadvisor.com/Attraction_Review-g651661-d21404057-Reviews-Thanh_c_Qu_ng_Ngai-Quang_Ngai_Quang_Ngai_Province.html,12
Ly Son Travel Guide,Boat Tours • Night Tours,Quang Ngai,https://www.tripadvisor.com/Attraction_Review-g651661-d16881016-Reviews-Ly_Son_Travel_Guide-Quang_Ngai_Quang_Ngai_Province.html,13
Da Nang & Hoi An Photography & Videography,Photography Tours,Quang Ngai,https://www.tripadvisor.com/Attraction_Review-g651661-d23924409-Reviews-Da_Nang_Hoi_An_Photography_Videography-Quang_Ngai_Quang_Ngai_Province.html,14
Quang Ngai Private Transfers,Beer Tastings & Tours • Cooking Classes,Quang Ngai,https://www.tripadvisor.com/Attraction_Review-g651661-d26823035-Reviews-Quang_Ngai_Private_Transfers-Quang_Ngai_Quang_Ngai_Province.html,15
"DWU- Your transfer, Your tours in Langco, Danang, Hue, Nha Trang, Hanoi vs Ha Long",Private Tours • Food Tours,Quang Ngai,https://www.tripadvisor.com/Attraction_Review-g651661-d17171757-Reviews-DWU_Your_transfer_Your_tours_in_Langco_Danang_Hue_Nha_Trang_Hanoi_vs_Ha_Long-Qua.html,16
QuangNgai Motorbike Tours,Multi-day Tours • Taxis & Shuttles,Quang Ngai,https://www.tripadvisor.com/Attraction_Review-g651661-d20156906-Reviews-QuangNgai_Motorbike_Tours-Quang_Ngai_Quang_Ngai_Province.html,17
Scenicaholic Travel,Cooking Classes • Private Tours,Quang Ngai,https://www.tripadvisor.com/Attraction_Review-g651661-d34587239-Reviews-Scenicaholic_Travel-Quang_Ngai_Quang_Ngai_Province.html,18
Quang Tri Citadel,Battlefields,Quang Tri,https://www.tripadvisor.com/Attraction_Review-g15333410-d8540396-Reviews-Quang_Tri_Citadel-Quang_Tri_Quang_Tri_Province.html,1
Phong Nha Caves Exploration Museum,Natural History Museums • Science Museums,Quang Tri,https://www.tripadvisor.com/Attraction_Review-g15333410-d34512776-Reviews-Phong_Nha_Caves_Exploration_Museum-Quang_Tri_Quang_Tri_Province.html,2
Bodhi School,Historic Sites,Quang Tri,https://www.tripadvisor.com/Attraction_Review-g15333410-d13293692-Reviews-Bodhi_School-Quang_Tri_Quang_Tri_Province.html,3
Regal Beach Club,Beaches • Luaus,Quang Tri,https://www.tripadvisor.com/Attraction_Review-g15333410-d34599084-Reviews-Regal_Beach_Club-Quang_Tri_Quang_Tri_Province.html,4
Mia's Private Gym Phong Nha,Health Clubs,Quang Tri,https://www.tripadvisor.com/Attraction_Review-g15333410-d34286440-Reviews-Mia_s_Private_Gym_Phong_Nha-Quang_Tri_Quang_Tri_Province.html,5
Commander Cave - Hang Chỉ Huy,Historical & Heritage Tours,Quang Tri,https://www.tripadvisor.com/Attraction_Review-g15333410-d33316516-Reviews-Commander_Cave_Hang_Ch_Huy-Quang_Tri_Quang_Tri_Province.html,6
Arem adventure,Multi-day Tours • Adrenaline & Extreme Tours,Quang Tri,https://www.tripadvisor.com/Attraction_Review-g15333410-d34480886-Reviews-Arem_adventure-Quang_Tri_Quang_Tri_Province.html,7
Cao Dai Temple,Religious Sites,Tay Ninh,https://www.tripadvisor.com/Attraction_Review-g298084-d550717-Reviews-Cao_Dai_Temple-Tay_Ninh_Tay_Ninh_Province.html,1
Black Virgin Mountain,Mountains,Tay Ninh,https://www.tripadvisor.com/Attraction_Review-g298084-d2494718-Reviews-Black_Virgin_Mountain-Tay_Ninh_Tay_Ninh_Province.html,2
Lady Buddha Statue,Religious Sites,Tay Ninh,https://www.tripadvisor.com/Attraction_Review-g298084-d32715877-Reviews-Lady_Buddha_Statue-Tay_Ninh_Tay_Ninh_Province.html,3
Long Dien Son,Amusement & Theme Parks • Water Parks,Tay Ninh,https://www.tripadvisor.com/Attraction_Review-g298084-d8290107-Reviews-Long_Dien_Son-Tay_Ninh_Tay_Ninh_Province.html,4
Hang Pagoda,Religious Sites,Tay Ninh,https://www.tripadvisor.com/Attraction_Review-g298084-d32714767-Reviews-Hang_Pagoda-Tay_Ninh_Tay_Ninh_Province.html,5
Power Pole Trail,Hiking Trails,Tay Ninh,https://www.tripadvisor.com/Attraction_Review-g298084-d32730488-Reviews-Power_Pole_Trail-Tay_Ninh_Tay_Ninh_Province.html,6
Sun World Black Virgin Mountain,Mountains • Religious Sites,Tay Ninh,https://www.tripadvisor.com/Attraction_Review-g298084-d32714832-Reviews-Sun_World_Black_Virgin_Mountain-Tay_Ninh_Tay_Ninh_Province.html,7
Boi Loi Trail,Hiking Trails,Tay Ninh,https://www.tripadvisor.com/Attraction_Review-g298084-d32715931-Reviews-Boi_Loi_Trail-Tay_Ninh_Tay_Ninh_Province.html,8
Lo Go Xa Mat National Park,National Parks,Tay Ninh,https://www.tripadvisor.com/Attraction_Review-g298084-d12268836-Reviews-Lo_Go_Xa_Mat_National_Park-Tay_Ninh_Tay_Ninh_Province.html,9
Buddha Nirvana Black Virgin Mountain,Religious Sites,Tay Ninh,https://www.tripadvisor.com/Attraction_Review-g298084-d32715915-Reviews-Buddha_Nirvana_Black_Virgin_Mountain-Tay_Ninh_Tay_Ninh_Province.html,10
Tha La Xom Dao,Points of Interest & Landmarks,Tay Ninh,https://www.tripadvisor.com/Attraction_Review-g298084-d4945616-Reviews-Tha_La_Xom_Dao-Tay_Ninh_Tay_Ninh_Province.html,11
Caodaism's Holy Land,Religious Sites,Tay Ninh,https://www.tripadvisor.com/Attraction_Review-g298084-d26169191-Reviews-Caodaism_s_Holy_Land-Tay_Ninh_Tay_Ninh_Province.html,12
Taxi Moc Bai,Taxis & Shuttles,Tay Ninh,https://www.tripadvisor.com/Attraction_Review-g298084-d32882014-Reviews-Taxi_Moc_Bai-Tay_Ninh_Tay_Ninh_Province.html,13
Spa massage Miền Nhiệt Đới,Spas,Tay Ninh,https://www.tripadvisor.com/Attraction_Review-g298084-d6433895-Reviews-Spa_massage_Mi_n_Nhi_t_D_i-Tay_Ninh_Tay_Ninh_Province.html,14
Taxi Trảng Bàng Tây Ninh,Taxis & Shuttles,Tay Ninh,https://www.tripadvisor.com/Attraction_Review-g298084-d27194531-Reviews-Taxi_Tr_ng_Bang_Tay_Ninh-Tay_Ninh_Tay_Ninh_Province.html,15
Khách sạn Sunrise Spa,Spas,Tay Ninh,https://www.tripadvisor.com/Attraction_Review-g298084-d13397205-Reviews-Khach_s_n_Sunrise_Spa-Tay_Ninh_Tay_Ninh_Province.html,16
Núi Bà Đen Tây Ninh,Climbing Tours,Tay Ninh,https://www.tripadvisor.com/Attraction_Review-g298084-d25434521-Reviews-Nui_Ba_Den_Tay_Ninh-Tay_Ninh_Tay_Ninh_Province.html,17
GlobalTix Pte Ltd,City Tours,Tay Ninh,https://www.tripadvisor.com/Attraction_Review-g298084-d33311417-Reviews-GlobalTix_Pte_Ltd-Tay_Ninh_Tay_Ninh_Province.html,19
Cu Chi Tunnels,Adrenaline & Extreme Tours • Historical & Heritage Tours,Tay Ninh,https://www.tripadvisor.com/Attraction_Review-g298084-d20139060-Reviews-Cu_Chi_Tunnels-Tay_Ninh_Tay_Ninh_Province.html,20
Tây Ninh Discovery,Multi-day Tours • Canyoning & Rappelling Tours,Tay Ninh,https://www.tripadvisor.com/Attraction_Review-g298084-d25053368-Reviews-Tay_Ninh_Discovery-Tay_Ninh_Tay_Ninh_Province.html,21
Tay Ninh with Trevotour Travels,Adrenaline & Extreme Tours • Taxis & Shuttles,Tay Ninh,https://www.tripadvisor.com/Attraction_Review-g298084-d33349198-Reviews-Tay_Ninh_with_Trevotour_Travels-Tay_Ninh_Tay_Ninh_Province.html,22
FawSha Vietnam,Taxis & Shuttles • Day Trips,Tay Ninh,https://www.tripadvisor.com/Attraction_Review-g298084-d32992493-Reviews-FawSha_Vietnam-Tay_Ninh_Tay_Ninh_Province.html,23
Opatrip.com Tay Ninh,Day Trips,Tay Ninh,https://www.tripadvisor.com/Attraction_Review-g298084-d25392286-Reviews-Opatrip_com_Tay_Ninh-Tay_Ninh_Tay_Ninh_Province.html,24
Museum of Cultures of Vietnam's Ethnic Groups,Speciality Museums • Natural History Museums,Thai Nguyen,https://www.tripadvisor.com/Attraction_Review-g1753936-d8445597-Reviews-Museum_of_Cultures_of_Vietnam_s_Ethnic_Groups-Thai_Nguyen_Thai_Nguyen_Province.html,1
Nui Coc Lake,Bodies of Water,Thai Nguyen,https://www.tripadvisor.com/Attraction_Review-g1753936-d1751998-Reviews-Nui_Coc_Lake-Thai_Nguyen_Thai_Nguyen_Province.html,2
Vo Nguyen Giap Square,Points of Interest & Landmarks,Thai Nguyen,https://www.tripadvisor.com/Attraction_Review-g1753936-d12496219-Reviews-Vo_Nguyen_Giap_Square-Thai_Nguyen_Thai_Nguyen_Province.html,3
Cua Tu Waterfall,Geologic Formations,Thai Nguyen,https://www.tripadvisor.com/Attraction_Review-g1753936-d12409668-Reviews-Cua_Tu_Waterfall-Thai_Nguyen_Thai_Nguyen_Province.html,4
Phuong Hoang Cave and Mo Ga Stream,Geologic Formations,Thai Nguyen,https://www.tripadvisor.com/Attraction_Review-g1753936-d12409692-Reviews-Phuong_Hoang_Cave_and_Mo_Ga_Stream-Thai_Nguyen_Thai_Nguyen_Province.html,5
Suối Đá Cổng,National Parks • Hiking Trails,Thai Nguyen,https://www.tripadvisor.com/Attraction_Review-g1753936-d28002527-Reviews-Su_i_Da_C_ng-Thai_Nguyen_Thai_Nguyen_Province.html,6
Tan Cuong Tea Cultural Center,Points of Interest & Landmarks,Thai Nguyen,https://www.tripadvisor.com/Attraction_Review-g1753936-d12530048-Reviews-Tan_Cuong_Tea_Cultural_Center-Thai_Nguyen_Thai_Nguyen_Province.html,7
Thác Ngao,Waterfalls,Thai Nguyen,https://www.tripadvisor.com/Attraction_Review-g1753936-d28002555-Reviews-Thac_Ngao-Thai_Nguyen_Thai_Nguyen_Province.html,8
Thác Chiểm,National Parks • Hiking Trails,Thai Nguyen,https://www.tripadvisor.com/Attraction_Review-g1753936-d28002524-Reviews-Thac_Chi_m-Thai_Nguyen_Thai_Nguyen_Province.html,9
Special National Site Safety Zone (ATK) Dinh Hoa Thai Nguyen,Points of Interest & Landmarks • Historic Walking Areas,Thai Nguyen,https://www.tripadvisor.com/Attraction_Review-g1753936-d12496284-Reviews-Special_National_Site_Safety_Zone_ATK_Dinh_Hoa_Thai_Nguyen-Thai_Nguyen_Thai_Ngu.html,10
Chua Phu Lien,Religious Sites,Thai Nguyen,https://www.tripadvisor.com/Attraction_Review-g1753936-d19255177-Reviews-Chua_Phu_Lien-Thai_Nguyen_Thai_Nguyen_Province.html,11
Hồ Gò Miếu,Bodies of Water,Thai Nguyen,https://www.tripadvisor.com/Attraction_Review-g1753936-d28002521-Reviews-H_Go_Mi_u-Thai_Nguyen_Thai_Nguyen_Province.html,12
TeaTour Travel,Coffee & Tea Tours • Sightseeing Tours,Thai Nguyen,https://www.tripadvisor.com/Attraction_Review-g1753936-d15527439-Reviews-TeaTour_Travel-Thai_Nguyen_Thai_Nguyen_Province.html,13
Thai Hai Village,Cultural Tours • Eco Tours,Thai Nguyen,https://www.tripadvisor.com/Attraction_Review-g1753936-d8591272-Reviews-Thai_Hai_Village-Thai_Nguyen_Thai_Nguyen_Province.html,14
Che Hao Đat - Tan Cuong,Speciality & Gift Shops,Thai Nguyen,https://www.tripadvisor.com/Attraction_Review-g1753936-d12574919-Reviews-Che_Hao_Dat_Tan_Cuong-Thai_Nguyen_Thai_Nguyen_Province.html,15
Thai Nguyen Adventure,Canyoning & Rappelling Tours • Adrenaline & Extreme Tours,Thai Nguyen,https://www.tripadvisor.com/Attraction_Review-g1753936-d27999326-Reviews-Thai_Nguyen_Adventure-Thai_Nguyen_Thai_Nguyen_Province.html,16
Thác Động Tiên,Canyoning & Rappelling Tours,Thai Nguyen,https://www.tripadvisor.com/Attraction_Review-g1753936-d28002517-Reviews-Thac_D_ng_Tien-Thai_Nguyen_Thai_Nguyen_Province.html,17
Imusnano Shop,"Bar, Club & Pub Tours",Thai Nguyen,https://www.tripadvisor.com/Attraction_Review-g1753936-d20949864-Reviews-Imusnano_Shop-Thai_Nguyen_Thai_Nguyen_Province.html,18
Motorbike Tour with Nam My Van Homestay,Multi-day Tours • Coffee & Tea Tours,Thai Nguyen,https://www.tripadvisor.com/Attraction_Review-g1753936-d27107313-Reviews-Motorbike_Tour_with_Nam_My_Van_Homestay-Thai_Nguyen_Thai_Nguyen_Province.html,20
Tien Yen Tour,Paint & Pottery Studios • Cultural Tours,Thai Nguyen,https://www.tripadvisor.com/Attraction_Review-g1753936-d34047293-Reviews-Tien_Yen_Tour-Thai_Nguyen_Thai_Nguyen_Province.html,21
Pu Luong Ancient Stilt House,Architectural Buildings,Thanh Hoa,https://www.tripadvisor.com/Attraction_Review-g1236104-d33114731-Reviews-Pu_Luong_Ancient_Stilt_House-Thanh_Hoa_Thanh_Hoa_Province.html,1
Puluong Giant Waterwheel,Points of Interest & Landmarks • Scenic Walking Areas,Thanh Hoa,https://www.tripadvisor.com/Attraction_Review-g1236104-d34015565-Reviews-Puluong_Giant_Waterwheel-Thanh_Hoa_Thanh_Hoa_Province.html,2
Pu Luong Surprising Cave,Caverns & Caves,Thanh Hoa,https://www.tripadvisor.com/Attraction_Review-g1236104-d33124473-Reviews-Pu_Luong_Surprising_Cave-Thanh_Hoa_Thanh_Hoa_Province.html,3
Hieu Waterfall,Waterfalls,Thanh Hoa,https://www.tripadvisor.com/Attraction_Review-g1236104-d20943990-Reviews-Hieu_Waterfall-Thanh_Hoa_Thanh_Hoa_Province.html,4
Citadel of the Ho Dynasty (Thanh Nha Ho),Historic Sites,Thanh Hoa,https://www.tripadvisor.com/Attraction_Review-g1236104-d10064368-Reviews-Citadel_of_the_Ho_Dynasty_Thanh_Nha_Ho-Thanh_Hoa_Thanh_Hoa_Province.html,5
Ben En National Park,National Parks,Thanh Hoa,https://www.tripadvisor.com/Attraction_Review-g1236104-d11548765-Reviews-Ben_En_National_Park-Thanh_Hoa_Thanh_Hoa_Province.html,6
Thac May,Waterfalls,Thanh Hoa,https://www.tripadvisor.com/Attraction_Review-g1236104-d21041152-Reviews-Thac_May-Thanh_Hoa_Thanh_Hoa_Province.html,7
Bãi biển Hải Tiến,Beaches,Thanh Hoa,https://www.tripadvisor.com/Attraction_Review-g1236104-d16850238-Reviews-Bai_bi_n_H_i_Ti_n-Thanh_Hoa_Thanh_Hoa_Province.html,8
Museum of Thanh Hoa Province,History Museums,Thanh Hoa,https://www.tripadvisor.com/Attraction_Review-g1236104-d21057982-Reviews-Museum_of_Thanh_Hoa_Province-Thanh_Hoa_Thanh_Hoa_Province.html,9
Den Co Bo,Religious Sites,Thanh Hoa,https://www.tripadvisor.com/Attraction_Review-g1236104-d21041145-Reviews-Den_Co_Bo-Thanh_Hoa_Thanh_Hoa_Province.html,10
Dan te Nam Giao,Points of Interest & Landmarks • Religious Sites,Thanh Hoa,https://www.tripadvisor.com/Attraction_Review-g1236104-d20936328-Reviews-Dan_te_Nam_Giao-Thanh_Hoa_Thanh_Hoa_Province.html,11
Tu Thuc Cave,Caverns & Caves,Thanh Hoa,https://www.tripadvisor.com/Attraction_Review-g1236104-d20972964-Reviews-Tu_Thuc_Cave-Thanh_Hoa_Thanh_Hoa_Province.html,12
Le Lai Temple,Religious Sites,Thanh Hoa,https://www.tripadvisor.com/Attraction_Review-g1236104-d21082281-Reviews-Le_Lai_Temple-Thanh_Hoa_Thanh_Hoa_Province.html,13
Nghe Vet,Religious Sites,Thanh Hoa,https://www.tripadvisor.com/Attraction_Review-g1236104-d21054529-Reviews-Nghe_Vet-Thanh_Hoa_Thanh_Hoa_Province.html,14
Hon Trong Mai,Points of Interest & Landmarks,Thanh Hoa,https://www.tripadvisor.com/Attraction_Review-g1236104-d21054442-Reviews-Hon_Trong_Mai-Thanh_Hoa_Thanh_Hoa_Province.html,15
Truc Lam Ham Rong Monastery,Religious Sites,Thanh Hoa,https://www.tripadvisor.com/Attraction_Review-g1236104-d21082282-Reviews-Truc_Lam_Ham_Rong_Monastery-Thanh_Hoa_Thanh_Hoa_Province.html,16
Ly Thuong Kiet Temple,Religious Sites,Thanh Hoa,https://www.tripadvisor.com/Attraction_Review-g1236104-d21041473-Reviews-Ly_Thuong_Kiet_Temple-Thanh_Hoa_Thanh_Hoa_Province.html,17
Den tho Vua LE HOAN,Points of Interest & Landmarks • Religious Sites,Thanh Hoa,https://www.tripadvisor.com/Attraction_Review-g1236104-d21080910-Reviews-Den_tho_Vua_LE_HOAN-Thanh_Hoa_Thanh_Hoa_Province.html,18
Den Dong Co,Points of Interest & Landmarks • Religious Sites,Thanh Hoa,https://www.tripadvisor.com/Attraction_Review-g1236104-d20943368-Reviews-Den_Dong_Co-Thanh_Hoa_Thanh_Hoa_Province.html,19
Thai mieu nh Hau Le,Religious Sites,Thanh Hoa,https://www.tripadvisor.com/Attraction_Review-g1236104-d21058708-Reviews-Thai_mieu_nh_Hau_Le-Thanh_Hoa_Thanh_Hoa_Province.html,21
Phu Trinh,Religious Sites,Thanh Hoa,https://www.tripadvisor.com/Attraction_Review-g1236104-d21051837-Reviews-Phu_Trinh-Thanh_Hoa_Thanh_Hoa_Province.html,22
Pu Luong Spa & Massage,Spas,Thanh Hoa,https://www.tripadvisor.com/Attraction_Review-g1236104-d26837272-Reviews-Pu_Luong_Spa_Massage-Thanh_Hoa_Thanh_Hoa_Province.html,23
Comi Pub Vape,Speciality & Gift Shops,Thanh Hoa,https://www.tripadvisor.com/Attraction_Review-g1236104-d17739208-Reviews-Comi_Pub_Vape-Thanh_Hoa_Thanh_Hoa_Province.html,24
Pu Luong Private Car Service,Taxis & Shuttles,Thanh Hoa,https://www.tripadvisor.com/Attraction_Review-g1236104-d32994752-Reviews-Pu_Luong_Private_Car_Service-Thanh_Hoa_Thanh_Hoa_Province.html,25
Kandy Live Music Bar & Restaurant,Bars & Clubs,Thanh Hoa,https://www.tripadvisor.com/Attraction_Review-g1236104-d34612615-Reviews-Kandy_Live_Music_Bar_Restaurant-Thanh_Hoa_Thanh_Hoa_Province.html,26
Sundara Vietnam,Multi-day Tours • Boat Tours,Thanh Hoa,https://www.tripadvisor.com/Attraction_Review-g1236104-d34463126-Reviews-Sundara_Vietnam-Thanh_Hoa_Thanh_Hoa_Province.html,27
Viet Nam Eco Tours,Cultural Tours • Hiking & Camping Tours,Thanh Hoa,https://www.tripadvisor.com/Attraction_Review-g1236104-d13399673-Reviews-Viet_Nam_Eco_Tours-Thanh_Hoa_Thanh_Hoa_Province.html,28
Thanh Hoa Travel,Multi-day Tours • Historical & Heritage Tours,Thanh Hoa,https://www.tripadvisor.com/Attraction_Review-g1236104-d18933937-Reviews-Thanh_Hoa_Travel-Thanh_Hoa_Thanh_Hoa_Province.html,29
Pu Luong Free Tour Guides,Day Trips,Thanh Hoa,https://www.tripadvisor.com/Attraction_Review-g1236104-d23779549-Reviews-Pu_Luong_Free_Tour_Guides-Thanh_Hoa_Thanh_Hoa_Province.html,30
Vietnam Visa & Arrival Services,Taxis & Shuttles,Thanh Hoa,https://www.tripadvisor.com/Attraction_Review-g1236104-d34301603-Reviews-Vietnam_Visa_Arrival_Services-Thanh_Hoa_Thanh_Hoa_Province.html,31
Pu Luong paramotor,Parasailing & Paragliding • Adrenaline & Extreme Tours,Thanh Hoa,https://www.tripadvisor.com/Attraction_Review-g1236104-d33672763-Reviews-Pu_Luong_paramotor-Thanh_Hoa_Thanh_Hoa_Province.html,32
Authentic Pu Luong Travel,City Tours • Multi-day Tours,Thanh Hoa,https://www.tripadvisor.com/Attraction_Review-g1236104-d20074566-Reviews-Authentic_Pu_Luong_Travel-Thanh_Hoa_Thanh_Hoa_Province.html,33
Coffee & Tea & weaving brocade family,Sightseeing Tours,Thanh Hoa,https://www.tripadvisor.com/Attraction_Review-g1236104-d34304321-Reviews-Coffee_Tea_weaving_brocade_family-Thanh_Hoa_Thanh_Hoa_Province.html,34
Fellas Thanh Hoa,"Bar, Club & Pub Tours",Thanh Hoa,https://www.tripadvisor.com/Attraction_Review-g1236104-d32822563-Reviews-Fellas_Thanh_Hoa-Thanh_Hoa_Thanh_Hoa_Province.html,35
Solilo,Art Galleries • Cultural Tours,Thanh Hoa,https://www.tripadvisor.com/Attraction_Review-g1236104-d32835458-Reviews-Solilo-Thanh_Hoa_Thanh_Hoa_Province.html,36
Colm Pierce Ninh Binh Photo Tours,Photography Tours,Thanh Hoa,https://www.tripadvisor.com/Attraction_Review-g1236104-d27728458-Reviews-Colm_Pierce_Ninh_Binh_Photo_Tours-Thanh_Hoa_Thanh_Hoa_Province.html,37
Thuong Xuan Travel,Multi-day Tours • Private Tours,Thanh Hoa,https://www.tripadvisor.com/Attraction_Review-g1236104-d26580200-Reviews-Thuong_Xuan_Travel-Thanh_Hoa_Thanh_Hoa_Province.html,38
Puluong Expat's Way Travel,City Tours • Sightseeing Tours,Thanh Hoa,https://www.tripadvisor.com/Attraction_Review-g1236104-d33266304-Reviews-Puluong_Expat_s_Way_Travel-Thanh_Hoa_Thanh_Hoa_Province.html,39
Thung Nham - national park,Day Trips,Thanh Hoa,https://www.tripadvisor.com/Attraction_Review-g1236104-d33398945-Reviews-Thung_Nham_national_park-Thanh_Hoa_Thanh_Hoa_Province.html,40
Pu Luong Natural Reserve,Eco Tours,Thanh Hoa,https://www.tripadvisor.com/Attraction_Review-g1236104-d28665222-Reviews-Pu_Luong_Natural_Reserve-Thanh_Hoa_Thanh_Hoa_Province.html,41
Divi Travel - Thanh Hoa Branch,Day Trips,Thanh Hoa,https://www.tripadvisor.com/Attraction_Review-g1236104-d33871697-Reviews-Divi_Travel_Thanh_Hoa_Branch-Thanh_Hoa_Thanh_Hoa_Province.html,42
Hai Tien Travel,Multi-day Tours,Thanh Hoa,https://www.tripadvisor.com/Attraction_Review-g1236104-d25451666-Reviews-Hai_Tien_Travel-Thanh_Hoa_Thanh_Hoa_Province.html,44
Hung Nguyen,Bike Tours • Walking Tours,Thanh Hoa,https://www.tripadvisor.com/Attraction_Review-g1236104-d33077065-Reviews-Hung_Nguyen-Thanh_Hoa_Thanh_Hoa_Province.html,45
Charm Tourist - Pu Luong,Multi-day Tours • Private Tours,Thanh Hoa,https://www.tripadvisor.com/Attraction_Review-g1236104-d32708791-Reviews-Charm_Tourist_Pu_Luong-Thanh_Hoa_Thanh_Hoa_Province.html,46
Pu Luong Way,Sightseeing Tours,Thanh Hoa,https://www.tripadvisor.com/Attraction_Review-g1236104-d34144166-Reviews-Pu_Luong_Way-Thanh_Hoa_Thanh_Hoa_Province.html,47
Na Hang,Marinas,Tuyen Quang,https://www.tripadvisor.com/Attraction_Review-g1147552-d27866304-Reviews-Na_Hang-Tuyen_Quang_Tuyen_Quang_Province.html,1
Hồ Thủy Điện Na Hang,Bodies of Water,Tuyen Quang,https://www.tripadvisor.com/Attraction_Review-g1147552-d27880298-Reviews-H_Th_y_Di_n_Na_Hang-Tuyen_Quang_Tuyen_Quang_Province.html,2
Stone Hell Tattoo - Local Art & Beer,Speciality & Gift Shops,Tuyen Quang,https://www.tripadvisor.com/Attraction_Review-g1147552-d34604354-Reviews-Stone_Hell_Tattoo_Local_Art_Beer-Tuyen_Quang_Tuyen_Quang_Province.html,3
Ha Giang Top Travel,Taxis & Shuttles • Motorcycle Tours,Tuyen Quang,https://www.tripadvisor.com/Attraction_Review-g1147552-d34306155-Reviews-Ha_Giang_Top_Travel-Tuyen_Quang_Tuyen_Quang_Province.html,4
Loopways.vn,Bike Tours,Tuyen Quang,https://www.tripadvisor.com/Attraction_Review-g1147552-d34650620-Reviews-Loopways_vn-Tuyen_Quang_Tuyen_Quang_Province.html,5
Ha Giang By Jeep,"Multi-day Tours • 4WD, ATV & Off-Road Tours",Tuyen Quang,https://www.tripadvisor.com/Attraction_Review-g1147552-d34170048-Reviews-Ha_Giang_By_Jeep-Tuyen_Quang_Tuyen_Quang_Province.html,6
HaGiangOiTour,Multi-day Tours • Canyoning & Rappelling Tours,Tuyen Quang,https://www.tripadvisor.com/Attraction_Review-g1147552-d34094480-Reviews-HaGiangOiTour-Tuyen_Quang_Tuyen_Quang_Province.html,7
Ha Giang Loop Untamed,Motorcycle Tours,Tuyen Quang,https://www.tripadvisor.com/Attraction_Review-g1147552-d33881093-Reviews-Ha_Giang_Loop_Untamed-Tuyen_Quang_Tuyen_Quang_Province.html,8
HagiangTrips,City Tours • Private Tours,Tuyen Quang,https://www.tripadvisor.com/Attraction_Review-g1147552-d34119377-Reviews-HagiangTrips-Tuyen_Quang_Tuyen_Quang_Province.html,9
Ha Giang Highlanders Adventures,Multi-day Tours • Hiking & Camping Tours,Tuyen Quang,https://www.tripadvisor.com/Attraction_Review-g1147552-d34055642-Reviews-Ha_Giang_Highlanders_Adventures-Tuyen_Quang_Tuyen_Quang_Province.html,10
Ha Giang Loop Hostel & Tour,Multi-day Tours • Motorcycle Tours,Tuyen Quang,https://www.tripadvisor.com/Attraction_Review-g1147552-d34601628-Reviews-Ha_Giang_Loop_Hostel_Tour-Tuyen_Quang_Tuyen_Quang_Province.html,11
Melody Ha Giang Loop,Multi-day Tours • Canyoning & Rappelling Tours,Tuyen Quang,https://www.tripadvisor.com/Attraction_Review-g1147552-d34650248-Reviews-Melody_Ha_Giang_Loop-Tuyen_Quang_Tuyen_Quang_Province.html,12
Tuna Ha Giang Loop Tour with Local Guide,Multi-day Tours • Adrenaline & Extreme Tours,Tuyen Quang,https://www.tripadvisor.com/Attraction_Review-g1147552-d34480688-Reviews-Tuna_Ha_Giang_Loop_Tour_with_Local_Guide-Tuyen_Quang_Tuyen_Quang_Province.html,13
Ast Ha Giang Loop Tour,Boat Tours • Motorcycle Tours,Tuyen Quang,https://www.tripadvisor.com/Attraction_Review-g1147552-d34666798-Reviews-Ast_Ha_Giang_Loop_Tour-Tuyen_Quang_Tuyen_Quang_Province.html,14
Viet Artisans,Points of Interest & Landmarks,Vinh Long,https://www.tripadvisor.com/Attraction_Review-g469421-d4795489-Reviews-Viet_Artisans-Vinh_Long_Vinh_Long_Province_Mekong_Delta.html,1
Vinh Long Market,Flea & Street Markets,Vinh Long,https://www.tripadvisor.com/Attraction_Review-g469421-d17595567-Reviews-Vinh_Long_Market-Vinh_Long_Vinh_Long_Province_Mekong_Delta.html,2
Giáo xứ Long Mỹ,Churches & Cathedrals,Vinh Long,https://www.tripadvisor.com/Attraction_Review-g469421-d33875409-Reviews-Giao_x_Long_M-Vinh_Long_Vinh_Long_Province_Mekong_Delta.html,3
Vinh Long Provincial Museum,Military Museums • History Museums,Vinh Long,https://www.tripadvisor.com/Attraction_Review-g469421-d19546700-Reviews-Vinh_Long_Provincial_Museum-Vinh_Long_Vinh_Long_Province_Mekong_Delta.html,4
Vinh Long Night Market,Flea & Street Markets,Vinh Long,https://www.tripadvisor.com/Attraction_Review-g469421-d15354761-Reviews-Vinh_Long_Night_Market-Vinh_Long_Vinh_Long_Province_Mekong_Delta.html,5
An Binh Ferry,Ferries,Vinh Long,https://www.tripadvisor.com/Attraction_Review-g469421-d19546705-Reviews-An_Binh_Ferry-Vinh_Long_Vinh_Long_Province_Mekong_Delta.html,6
Binh Khương Temple,Historic Sites • Ancient Ruins,Vinh Long,https://www.tripadvisor.com/Attraction_Review-g469421-d20943986-Reviews-Binh_Khuong_Temple-Vinh_Long_Vinh_Long_Province_Mekong_Delta.html,7
Taxi Mai Linh Vĩnh Long,Marinas,Vinh Long,https://www.tripadvisor.com/Attraction_Review-g469421-d33254820-Reviews-Taxi_Mai_Linh_Vinh_Long-Vinh_Long_Vinh_Long_Province_Mekong_Delta.html,8
Taxi Giá Rẻ @387-50-40-30,Parks,Vinh Long,https://www.tripadvisor.com/Attraction_Review-g469421-d33253670-Reviews-Taxi_Gia_R_387_50_40_30-Vinh_Long_Vinh_Long_Province_Mekong_Delta.html,9
Tombeau de M. Ham Huynh Ki,Historic Sites • Points of Interest & Landmarks,Vinh Long,https://www.tripadvisor.com/Attraction_Review-g469421-d34123791-Reviews-Tombeau_de_M_Ham_Huynh_Ki-Vinh_Long_Vinh_Long_Province_Mekong_Delta.html,10
Zen Spa & Traditional Herbal Massage,Speciality & Gift Shops • Spas,Vinh Long,https://www.tripadvisor.com/Attraction_Review-g469421-d19385943-Reviews-Zen_Spa_Traditional_Herbal_Massage-Vinh_Long_Vinh_Long_Province_Mekong_Delta.html,11
Taxi Vĩnh Long,Taxis & Shuttles,Vinh Long,https://www.tripadvisor.com/Attraction_Review-g469421-d28117239-Reviews-Taxi_Vinh_Long-Vinh_Long_Vinh_Long_Province_Mekong_Delta.html,12
Massage Nhà,Spas,Vinh Long,https://www.tripadvisor.com/Attraction_Review-g469421-d33084191-Reviews-Massage_Nha-Vinh_Long_Vinh_Long_Province_Mekong_Delta.html,13
Coop Mart Vinh Long,Airport Lounges,Vinh Long,https://www.tripadvisor.com/Attraction_Review-g469421-d25188324-Reviews-Coop_Mart_Vinh_Long-Vinh_Long_Vinh_Long_Province_Mekong_Delta.html,14
VINH LONG TOURIST,Multi-day Tours • Boat Tours,Vinh Long,https://www.tripadvisor.com/Attraction_Review-g469421-d17610756-Reviews-VINH_LONG_TOURIST-Vinh_Long_Vinh_Long_Province_Mekong_Delta.html,15
Nha Dua Cocohome,Food Tours,Vinh Long,https://www.tripadvisor.com/Attraction_Review-g469421-d34098089-Reviews-Nha_Dua_Cocohome-Vinh_Long_Vinh_Long_Province_Mekong_Delta.html,16
Huynh Kim Uyen,Bike Tours • Boat Tours,Vinh Long,https://www.tripadvisor.com/Attraction_Review-g469421-d17542534-Reviews-Huynh_Kim_Uyen-Vinh_Long_Vinh_Long_Province_Mekong_Delta.html,17
Nguyen Thi Hong Lam,Bike Tours • Food Tours,Vinh Long,https://www.tripadvisor.com/Attraction_Review-g469421-d17583013-Reviews-Nguyen_Thi_Hong_Lam-Vinh_Long_Vinh_Long_Province_Mekong_Delta.html,18
CoCo5 Traditional Distillery & Rice Paper Workshop,Eco Tours • Food Tours,Vinh Long,https://www.tripadvisor.com/Attraction_Review-g469421-d34549504-Reviews-CoCo5_Traditional_Distillery_Rice_Paper_Workshop-Vinh_Long_Vinh_Long_Province_Me.html,19
Giro Asia Travel,City Tours • Multi-day Tours,Vinh Long,https://www.tripadvisor.com/Attraction_Review-g469421-d34395375-Reviews-Giro_Asia_Travel-Vinh_Long_Vinh_Long_Province_Mekong_Delta.html,20
