2026-09-25 23:00:02,206 | INFO     | ======================================================================
2026-09-25 23:00:02,206 | INFO     | VEXERE TRANSPORT CRAWLER
2026-09-25 23:00:02,207 | INFO     | Ngày crawl: 25-09-2026
2026-09-25 23:00:02,207 | INFO     | Phương tiện: bus + flight + train
2026-09-25 23:00:02,207 | INFO     | Max: 10 chuyến / tuyến
2026-09-25 23:00:02,207 | INFO     | ======================================================================
2026-09-25 23:00:02,208 | INFO     | Đã đọc 122 tuyến từ CSV
2026-09-25 23:00:08,270 | INFO     | ======================================================================
2026-09-25 23:00:08,271 | INFO     | ROUTE 1/122: Hồ Chí Minh -> Hà Nội [bus]
2026-09-25 23:00:08,271 | INFO     | URL: https://vexere.com/vi-VN/ve-xe-khach-tu-sai-gon-di-ha-noi.html?date=25-09-2026&lt=1
2026-09-25 23:00:30,495 | WARNING  | Hồ Chí Minh -> Hà Nội: Không tìm thấy ticket ban đầu
2026-09-25 23:00:32,496 | INFO     | ======================================================================
2026-09-25 23:00:32,497 | INFO     | ROUTE 2/122: Hồ Chí Minh -> Hải Phòng [bus]
2026-09-25 23:00:32,497 | INFO     | URL: https://vexere.com/vi-VN/ve-xe-khach-tu-sai-gon-di-hai-phong.html?date=25-09-2026&lt=1
2026-09-25 23:00:54,701 | WARNING  | Hồ Chí Minh -> Hải Phòng: Không tìm thấy ticket ban đầu
2026-09-25 23:00:56,702 | INFO     | ======================================================================
2026-09-25 23:00:56,702 | INFO     | ROUTE 3/122: Hồ Chí Minh -> Quảng Ninh [bus]
2026-09-25 23:00:56,702 | INFO     | URL: https://vexere.com/vi-VN/ve-xe-khach-tu-sai-gon-di-quang-ninh.html?date=25-09-2026&lt=1
2026-09-25 23:01:17,755 | WARNING  | Hồ Chí Minh -> Quảng Ninh: Không tìm thấy ticket ban đầu
2026-09-25 23:01:19,756 | INFO     | ======================================================================
2026-09-25 23:01:19,756 | INFO     | ROUTE 4/122: Hồ Chí Minh -> Hạ Long [bus]
2026-09-25 23:01:19,756 | INFO     | URL: https://vexere.com/vi-VN/ve-xe-khach-tu-sai-gon-di-ha-long.html?date=25-09-2026&lt=1
2026-09-25 23:01:41,032 | WARNING  | Hồ Chí Minh -> Hạ Long: Không tìm thấy ticket ban đầu
2026-09-25 23:01:43,033 | INFO     | ======================================================================
2026-09-25 23:01:43,033 | INFO     | ROUTE 5/122: Hồ Chí Minh -> Cát Bà [bus]
2026-09-25 23:01:43,034 | INFO     | URL: https://vexere.com/vi-VN/ve-xe-khach-tu-sai-gon-di-cat-ba.html?date=25-09-2026&lt=1
2026-09-25 23:02:04,491 | WARNING  | Hồ Chí Minh -> Cát Bà: Không tìm thấy ticket ban đầu
2026-09-25 23:02:06,492 | INFO     | ======================================================================
2026-09-25 23:02:06,492 | INFO     | ROUTE 6/122: Hồ Chí Minh -> Hải Dương [bus]
2026-09-25 23:02:06,492 | INFO     | URL: https://vexere.com/vi-VN/ve-xe-khach-tu-sai-gon-di-hai-duong.html?date=25-09-2026&lt=1
2026-09-25 23:02:27,746 | WARNING  | Hồ Chí Minh -> Hải Dương: Không tìm thấy ticket ban đầu
2026-09-25 23:02:29,747 | INFO     | ======================================================================
2026-09-25 23:02:29,747 | INFO     | ROUTE 7/122: Hồ Chí Minh -> Hưng Yên [bus]
2026-09-25 23:02:29,748 | INFO     | URL: https://vexere.com/vi-VN/ve-xe-khach-tu-sai-gon-di-hung-yen.html?date=25-09-2026&lt=1
2026-09-25 23:02:51,157 | WARNING  | Hồ Chí Minh -> Hưng Yên: Không tìm thấy ticket ban đầu
2026-09-25 23:02:53,158 | INFO     | ======================================================================
2026-09-25 23:02:53,158 | INFO     | ROUTE 8/122: Hồ Chí Minh -> Bắc Ninh [bus]
2026-09-25 23:02:53,159 | INFO     | URL: https://vexere.com/vi-VN/ve-xe-khach-tu-sai-gon-di-bac-ninh.html?date=25-09-2026&lt=1
2026-09-25 23:03:14,603 | WARNING  | Hồ Chí Minh -> Bắc Ninh: Không tìm thấy ticket ban đầu
2026-09-25 23:03:16,604 | INFO     | ======================================================================
2026-09-25 23:03:16,605 | INFO     | ROUTE 9/122: Hồ Chí Minh -> Vĩnh Phúc [bus]
2026-09-25 23:03:16,605 | INFO     | URL: https://vexere.com/vi-VN/ve-xe-khach-tu-sai-gon-di-vinh-phuc.html?date=25-09-2026&lt=1
2026-09-25 23:03:38,276 | WARNING  | Hồ Chí Minh -> Vĩnh Phúc: Không tìm thấy ticket ban đầu
2026-09-25 23:03:40,278 | INFO     | ======================================================================
2026-09-25 23:03:40,278 | INFO     | ROUTE 10/122: Hồ Chí Minh -> Thái Nguyên [bus]
2026-09-25 23:03:40,279 | INFO     | URL: https://vexere.com/vi-VN/ve-xe-khach-tu-sai-gon-di-thai-nguyen.html?date=25-09-2026&lt=1
2026-09-25 23:04:01,606 | WARNING  | Hồ Chí Minh -> Thái Nguyên: Không tìm thấy ticket ban đầu
2026-09-25 23:04:03,607 | INFO     | ======================================================================
2026-09-25 23:04:03,607 | INFO     | ROUTE 11/122: Hồ Chí Minh -> Phú Thọ [bus]
2026-09-25 23:04:03,608 | INFO     | URL: https://vexere.com/vi-VN/ve-xe-khach-tu-sai-gon-di-phu-tho.html?date=25-09-2026&lt=1
2026-09-25 23:04:25,130 | WARNING  | Hồ Chí Minh -> Phú Thọ: Không tìm thấy ticket ban đầu
2026-09-25 23:04:27,131 | INFO     | ======================================================================
2026-09-25 23:04:27,132 | INFO     | ROUTE 12/122: Hồ Chí Minh -> Bắc Giang [bus]
2026-09-25 23:04:27,132 | INFO     | URL: https://vexere.com/vi-VN/ve-xe-khach-tu-sai-gon-di-bac-giang.html?date=25-09-2026&lt=1
2026-09-25 23:04:49,025 | WARNING  | Hồ Chí Minh -> Bắc Giang: Không tìm thấy ticket ban đầu
2026-09-25 23:04:51,026 | INFO     | ======================================================================
2026-09-25 23:04:51,027 | INFO     | ROUTE 13/122: Hồ Chí Minh -> Lạng Sơn [bus]
2026-09-25 23:04:51,027 | INFO     | URL: https://vexere.com/vi-VN/ve-xe-khach-tu-sai-gon-di-lang-son.html?date=25-09-2026&lt=1
2026-09-25 23:05:12,184 | WARNING  | Hồ Chí Minh -> Lạng Sơn: Không tìm thấy ticket ban đầu
2026-09-25 23:05:14,185 | INFO     | ======================================================================
2026-09-25 23:05:14,185 | INFO     | ROUTE 14/122: Hồ Chí Minh -> Cao Bằng [bus]
2026-09-25 23:05:14,185 | INFO     | URL: https://vexere.com/vi-VN/ve-xe-khach-tu-sai-gon-di-cao-bang.html?date=25-09-2026&lt=1
2026-09-25 23:05:35,487 | WARNING  | Hồ Chí Minh -> Cao Bằng: Không tìm thấy ticket ban đầu
2026-09-25 23:05:37,488 | INFO     | ======================================================================
2026-09-25 23:05:37,489 | INFO     | ROUTE 15/122: Hồ Chí Minh -> Bắc Kạn [bus]
2026-09-25 23:05:37,489 | INFO     | URL: https://vexere.com/vi-VN/ve-xe-khach-tu-sai-gon-di-bac-kan.html?date=25-09-2026&lt=1
2026-09-25 23:05:58,661 | WARNING  | Hồ Chí Minh -> Bắc Kạn: Không tìm thấy ticket ban đầu
2026-09-25 23:06:00,663 | INFO     | ======================================================================
2026-09-25 23:06:00,663 | INFO     | ROUTE 16/122: Hồ Chí Minh -> Tuyên Quang [bus]
2026-09-25 23:06:00,663 | INFO     | URL: https://vexere.com/vi-VN/ve-xe-khach-tu-sai-gon-di-tuyen-quang.html?date=25-09-2026&lt=1
2026-09-25 23:06:22,105 | WARNING  | Hồ Chí Minh -> Tuyên Quang: Không tìm thấy ticket ban đầu
2026-09-25 23:06:24,106 | INFO     | ======================================================================
2026-09-25 23:06:24,107 | INFO     | ROUTE 17/122: Hồ Chí Minh -> Hà Giang [bus]
2026-09-25 23:06:24,108 | INFO     | URL: https://vexere.com/vi-VN/ve-xe-khach-tu-sai-gon-di-ha-giang.html?date=25-09-2026&lt=1
2026-09-25 23:06:45,174 | WARNING  | Hồ Chí Minh -> Hà Giang: Không tìm thấy ticket ban đầu
2026-09-25 23:06:47,175 | INFO     | ======================================================================
2026-09-25 23:06:47,175 | INFO     | ROUTE 18/122: Hồ Chí Minh -> Lào Cai [bus]
2026-09-25 23:06:47,175 | INFO     | URL: https://vexere.com/vi-VN/ve-xe-khach-tu-sai-gon-di-lao-cai.html?date=25-09-2026&lt=1
2026-09-25 23:07:08,224 | WARNING  | Hồ Chí Minh -> Lào Cai: Không tìm thấy ticket ban đầu
2026-09-25 23:07:10,226 | INFO     | ======================================================================
2026-09-25 23:07:10,226 | INFO     | ROUTE 19/122: Hồ Chí Minh -> Sa Pa [bus]
2026-09-25 23:07:10,227 | INFO     | URL: https://vexere.com/vi-VN/ve-xe-khach-tu-sai-gon-di-sa-pa.html?date=25-09-2026&lt=1
2026-09-25 23:07:31,569 | WARNING  | Hồ Chí Minh -> Sa Pa: Không tìm thấy ticket ban đầu
2026-09-25 23:07:33,570 | INFO     | ======================================================================
2026-09-25 23:07:33,570 | INFO     | ROUTE 20/122: Hồ Chí Minh -> Yên Bái [bus]
2026-09-25 23:07:33,571 | INFO     | URL: https://vexere.com/vi-VN/ve-xe-khach-tu-sai-gon-di-yen-bai.html?date=25-09-2026&lt=1
2026-09-25 23:07:54,788 | WARNING  | Hồ Chí Minh -> Yên Bái: Không tìm thấy ticket ban đầu
2026-09-25 23:07:56,789 | INFO     | ======================================================================
2026-09-25 23:07:56,790 | INFO     | ROUTE 21/122: Hồ Chí Minh -> Điện Biên [bus]
2026-09-25 23:07:56,790 | INFO     | URL: https://vexere.com/vi-VN/ve-xe-khach-tu-sai-gon-di-dien-bien.html?date=25-09-2026&lt=1
2026-09-25 23:08:18,090 | WARNING  | Hồ Chí Minh -> Điện Biên: Không tìm thấy ticket ban đầu
2026-09-25 23:08:20,091 | INFO     | ======================================================================
2026-09-25 23:08:20,091 | INFO     | ROUTE 22/122: Hồ Chí Minh -> Lai Châu [bus]
2026-09-25 23:08:20,092 | INFO     | URL: https://vexere.com/vi-VN/ve-xe-khach-tu-sai-gon-di-lai-chau.html?date=25-09-2026&lt=1
2026-09-25 23:08:41,710 | WARNING  | Hồ Chí Minh -> Lai Châu: Không tìm thấy ticket ban đầu
2026-09-25 23:08:43,711 | INFO     | ======================================================================
2026-09-25 23:08:43,712 | INFO     | ROUTE 23/122: Hồ Chí Minh -> Sơn La [bus]
2026-09-25 23:08:43,712 | INFO     | URL: https://vexere.com/vi-VN/ve-xe-khach-tu-sai-gon-di-son-la.html?date=25-09-2026&lt=1
2026-09-25 23:09:04,844 | WARNING  | Hồ Chí Minh -> Sơn La: Không tìm thấy ticket ban đầu
2026-09-25 23:09:06,846 | INFO     | ======================================================================
2026-09-25 23:09:06,846 | INFO     | ROUTE 24/122: Hồ Chí Minh -> Hòa Bình [bus]
2026-09-25 23:09:06,847 | INFO     | URL: https://vexere.com/vi-VN/ve-xe-khach-tu-sai-gon-di-hoa-binh.html?date=25-09-2026&lt=1
2026-09-25 23:09:28,103 | WARNING  | Hồ Chí Minh -> Hòa Bình: Không tìm thấy ticket ban đầu
2026-09-25 23:09:30,104 | INFO     | ======================================================================
2026-09-25 23:09:30,104 | INFO     | ROUTE 25/122: Hồ Chí Minh -> Ninh Bình [bus]
2026-09-25 23:09:30,105 | INFO     | URL: https://vexere.com/vi-VN/ve-xe-khach-tu-sai-gon-di-ninh-binh.html?date=25-09-2026&lt=1
2026-09-25 23:09:51,455 | WARNING  | Hồ Chí Minh -> Ninh Bình: Không tìm thấy ticket ban đầu
2026-09-25 23:09:53,457 | INFO     | ======================================================================
2026-09-25 23:09:53,457 | INFO     | ROUTE 26/122: Hồ Chí Minh -> Thanh Hóa [bus]
2026-09-25 23:09:53,458 | INFO     | URL: https://vexere.com/vi-VN/ve-xe-khach-tu-sai-gon-di-thanh-hoa.html?date=25-09-2026&lt=1
2026-09-25 23:10:14,898 | WARNING  | Hồ Chí Minh -> Thanh Hóa: Không tìm thấy ticket ban đầu
2026-09-25 23:10:16,899 | INFO     | ======================================================================
2026-09-25 23:10:16,900 | INFO     | ROUTE 27/122: Hồ Chí Minh -> Nghệ An [bus]
2026-09-25 23:10:16,900 | INFO     | URL: https://vexere.com/vi-VN/ve-xe-khach-tu-sai-gon-di-nghe-an.html?date=25-09-2026&lt=1
2026-09-25 23:10:38,153 | WARNING  | Hồ Chí Minh -> Nghệ An: Không tìm thấy ticket ban đầu
2026-09-25 23:10:40,154 | INFO     | ======================================================================
2026-09-25 23:10:40,155 | INFO     | ROUTE 28/122: Hồ Chí Minh -> Vinh [bus]
2026-09-25 23:10:40,155 | INFO     | URL: https://vexere.com/vi-VN/ve-xe-khach-tu-sai-gon-di-vinh.html?date=25-09-2026&lt=1
2026-09-25 23:11:01,539 | WARNING  | Hồ Chí Minh -> Vinh: Không tìm thấy ticket ban đầu
2026-09-25 23:11:03,540 | INFO     | ======================================================================
2026-09-25 23:11:03,540 | INFO     | ROUTE 29/122: Hồ Chí Minh -> Hà Tĩnh [bus]
2026-09-25 23:11:03,540 | INFO     | URL: https://vexere.com/vi-VN/ve-xe-khach-tu-sai-gon-di-ha-tinh.html?date=25-09-2026&lt=1
2026-09-25 23:11:25,211 | WARNING  | Hồ Chí Minh -> Hà Tĩnh: Không tìm thấy ticket ban đầu
2026-09-25 23:11:27,212 | INFO     | ======================================================================
2026-09-25 23:11:27,212 | INFO     | ROUTE 30/122: Hồ Chí Minh -> Quảng Bình [bus]
2026-09-25 23:11:27,213 | INFO     | URL: https://vexere.com/vi-VN/ve-xe-khach-tu-sai-gon-di-quang-binh.html?date=25-09-2026&lt=1
2026-09-25 23:11:48,635 | WARNING  | Hồ Chí Minh -> Quảng Bình: Không tìm thấy ticket ban đầu
2026-09-25 23:11:50,636 | INFO     | ======================================================================
2026-09-25 23:11:50,636 | INFO     | ROUTE 31/122: Hồ Chí Minh -> Đồng Hới [bus]
2026-09-25 23:11:50,636 | INFO     | URL: https://vexere.com/vi-VN/ve-xe-khach-tu-sai-gon-di-dong-hoi.html?date=25-09-2026&lt=1
2026-09-25 23:12:12,189 | WARNING  | Hồ Chí Minh -> Đồng Hới: Không tìm thấy ticket ban đầu
2026-09-25 23:12:14,190 | INFO     | ======================================================================
2026-09-25 23:12:14,190 | INFO     | ROUTE 32/122: Hồ Chí Minh -> Quảng Trị [bus]
2026-09-25 23:12:14,190 | INFO     | URL: https://vexere.com/vi-VN/ve-xe-khach-tu-sai-gon-di-quang-tri.html?date=25-09-2026&lt=1
2026-09-25 23:12:35,379 | WARNING  | Hồ Chí Minh -> Quảng Trị: Không tìm thấy ticket ban đầu
2026-09-25 23:12:37,380 | INFO     | ======================================================================
2026-09-25 23:12:37,381 | INFO     | ROUTE 33/122: Hồ Chí Minh -> Huế [bus]
2026-09-25 23:12:37,381 | INFO     | URL: https://vexere.com/vi-VN/ve-xe-khach-tu-sai-gon-di-hue.html?date=25-09-2026&lt=1
2026-09-25 23:12:58,918 | WARNING  | Hồ Chí Minh -> Huế: Không tìm thấy ticket ban đầu
2026-09-25 23:13:00,919 | INFO     | ======================================================================
2026-09-25 23:13:00,920 | INFO     | ROUTE 34/122: Hồ Chí Minh -> Thừa Thiên Huế [bus]
2026-09-25 23:13:00,920 | INFO     | URL: https://vexere.com/vi-VN/ve-xe-khach-tu-sai-gon-di-hue.html?date=25-09-2026&lt=1
2026-09-25 23:13:22,111 | WARNING  | Hồ Chí Minh -> Thừa Thiên Huế: Không tìm thấy ticket ban đầu
2026-09-25 23:13:24,112 | INFO     | ======================================================================
2026-09-25 23:13:24,112 | INFO     | ROUTE 35/122: Hồ Chí Minh -> Đà Nẵng [bus]
2026-09-25 23:13:24,112 | INFO     | URL: https://vexere.com/vi-VN/ve-xe-khach-tu-sai-gon-di-da-nang-129t1151.html?date=25-09-2026&lt=1
2026-09-25 23:13:49,104 | WARNING  | Hồ Chí Minh -> Đà Nẵng: Không tìm thấy ticket ban đầu
2026-09-25 23:13:51,106 | INFO     | ======================================================================
2026-09-25 23:13:51,106 | INFO     | ROUTE 36/122: Hồ Chí Minh -> Quảng Nam [bus]
2026-09-25 23:13:51,107 | INFO     | URL: https://vexere.com/vi-VN/ve-xe-khach-tu-sai-gon-di-quang-nam.html?date=25-09-2026&lt=1
2026-09-25 23:14:12,799 | WARNING  | Hồ Chí Minh -> Quảng Nam: Không tìm thấy ticket ban đầu
2026-09-25 23:14:14,800 | INFO     | ======================================================================
2026-09-25 23:14:14,800 | INFO     | ROUTE 37/122: Hồ Chí Minh -> Hội An [bus]
2026-09-25 23:14:14,801 | INFO     | URL: https://vexere.com/vi-VN/ve-xe-khach-tu-sai-gon-di-hoi-an.html?date=25-09-2026&lt=1
2026-09-25 23:14:36,237 | WARNING  | Hồ Chí Minh -> Hội An: Không tìm thấy ticket ban đầu
2026-09-25 23:14:38,238 | INFO     | ======================================================================
2026-09-25 23:14:38,238 | INFO     | ROUTE 38/122: Hồ Chí Minh -> Quảng Ngãi [bus]
2026-09-25 23:14:38,239 | INFO     | URL: https://vexere.com/vi-VN/ve-xe-khach-tu-sai-gon-di-quang-ngai.html?date=25-09-2026&lt=1
2026-09-25 23:14:59,320 | WARNING  | Hồ Chí Minh -> Quảng Ngãi: Không tìm thấy ticket ban đầu
2026-09-25 23:15:01,321 | INFO     | ======================================================================
2026-09-25 23:15:01,322 | INFO     | ROUTE 39/122: Hồ Chí Minh -> Bình Định [bus]
2026-09-25 23:15:01,322 | INFO     | URL: https://vexere.com/vi-VN/ve-xe-khach-tu-sai-gon-di-binh-dinh.html?date=25-09-2026&lt=1
2026-09-25 23:15:22,729 | WARNING  | Hồ Chí Minh -> Bình Định: Không tìm thấy ticket ban đầu
2026-09-25 23:15:24,729 | INFO     | ======================================================================
2026-09-25 23:15:24,730 | INFO     | ROUTE 40/122: Hồ Chí Minh -> Quy Nhơn [bus]
2026-09-25 23:15:24,730 | INFO     | URL: https://vexere.com/vi-VN/ve-xe-khach-tu-sai-gon-di-quy-nhon.html?date=25-09-2026&lt=1
2026-09-25 23:15:47,219 | WARNING  | Hồ Chí Minh -> Quy Nhơn: Không tìm thấy ticket ban đầu
2026-09-25 23:15:49,220 | INFO     | ======================================================================
2026-09-25 23:15:49,221 | INFO     | ROUTE 41/122: Hồ Chí Minh -> Phú Yên [bus]
2026-09-25 23:15:49,221 | INFO     | URL: https://vexere.com/vi-VN/ve-xe-khach-tu-sai-gon-di-phu-yen.html?date=25-09-2026&lt=1
2026-09-25 23:16:11,201 | WARNING  | Hồ Chí Minh -> Phú Yên: Không tìm thấy ticket ban đầu
2026-09-25 23:16:13,204 | INFO     | ======================================================================
2026-09-25 23:16:13,207 | INFO     | ROUTE 42/122: Hồ Chí Minh -> Tuy Hòa [bus]
2026-09-25 23:16:13,207 | INFO     | URL: https://vexere.com/vi-VN/ve-xe-khach-tu-sai-gon-di-tuy-hoa.html?date=25-09-2026&lt=1
2026-09-25 23:16:33,351 | WARNING  | Hồ Chí Minh -> Tuy Hòa: Không tìm thấy ticket ban đầu
2026-09-25 23:16:35,352 | INFO     | ======================================================================
2026-09-25 23:16:35,352 | INFO     | ROUTE 43/122: Hồ Chí Minh -> Khánh Hòa [bus]
2026-09-25 23:16:35,353 | INFO     | URL: https://vexere.com/vi-VN/ve-xe-khach-tu-sai-gon-di-khanh-hoa.html?date=25-09-2026&lt=1
2026-09-25 23:16:55,726 | WARNING  | Hồ Chí Minh -> Khánh Hòa: Không tìm thấy ticket ban đầu
2026-09-25 23:16:57,727 | INFO     | ======================================================================
2026-09-25 23:16:57,728 | INFO     | ROUTE 44/122: Hồ Chí Minh -> Nha Trang [bus]
2026-09-25 23:16:57,729 | INFO     | URL: https://vexere.com/vi-VN/ve-xe-khach-tu-sai-gon-di-nha-trang-129t417.html?date=25-09-2026&lt=1
2026-09-25 23:17:19,912 | WARNING  | Hồ Chí Minh -> Nha Trang: Không tìm thấy ticket ban đầu
2026-09-25 23:17:21,913 | INFO     | ======================================================================
2026-09-25 23:17:21,913 | INFO     | ROUTE 45/122: Hồ Chí Minh -> Cam Ranh [bus]
2026-09-25 23:17:21,914 | INFO     | URL: https://vexere.com/vi-VN/ve-xe-khach-tu-sai-gon-di-cam-ranh.html?date=25-09-2026&lt=1
2026-09-25 23:17:42,774 | WARNING  | Hồ Chí Minh -> Cam Ranh: Không tìm thấy ticket ban đầu
2026-09-25 23:17:44,775 | INFO     | ======================================================================
2026-09-25 23:17:44,775 | INFO     | ROUTE 46/122: Hồ Chí Minh -> Ninh Thuận [bus]
2026-09-25 23:17:44,776 | INFO     | URL: https://vexere.com/vi-VN/ve-xe-khach-tu-sai-gon-di-ninh-thuan.html?date=25-09-2026&lt=1
2026-09-25 23:17:54,324 | WARNING  | Retrying (Retry(total=2, connect=None, read=None, redirect=None, status=None)) after connection broken by 'ConnectionResetError(10054, 'An existing connection was forcibly closed by the remote host', None, 10054, None)': /session/78dee44d4417470bbeadc0fc368f01bc
2026-09-25 23:17:58,366 | WARNING  | Retrying (Retry(total=1, connect=None, read=None, redirect=None, status=None)) after connection broken by 'NewConnectionError("HTTPConnection(host='localhost', port=53450): Failed to establish a new connection: [WinError 10061] No connection could be made because the target machine actively refused it")': /session/78dee44d4417470bbeadc0fc368f01bc
2026-09-25 23:18:02,413 | WARNING  | Retrying (Retry(total=0, connect=None, read=None, redirect=None, status=None)) after connection broken by 'NewConnectionError("HTTPConnection(host='localhost', port=53450): Failed to establish a new connection: [WinError 10061] No connection could be made because the target machine actively refused it")': /session/78dee44d4417470bbeadc0fc368f01bc
2026-09-25 23:18:06,464 | INFO     | Đã đóng Chrome driver.
2026-09-25 23:45:28,719 | INFO     | ======================================================================
2026-09-25 23:45:28,719 | INFO     | VEXERE TRANSPORT CRAWLER (fixed)
2026-09-25 23:45:28,719 | INFO     | Ngày crawl: 26-09-2026 (ngày MAI)
2026-09-25 23:45:28,720 | INFO     | Max: 10 chuyến / tuyến
2026-09-25 23:45:28,720 | INFO     | ======================================================================
2026-09-25 23:45:28,721 | INFO     | Đã đọc 50 tuyến từ CSV
2026-09-25 23:45:32,343 | INFO     | ======================================================================
2026-09-25 23:45:32,343 | INFO     | ROUTE 1/50: Hồ Chí Minh -> Đà Lạt [bus]
2026-09-25 23:45:32,343 | INFO     | URL: https://vexere.com/vi-VN/ve-xe-khach-tu-sai-gon-di-da-lat-129t457.html?date=26-09-2026&lt=1
2026-09-25 23:45:41,998 | INFO     | Ticket ban đầu: 20
2026-09-25 23:45:42,039 | INFO     | Ticket hiện tại: 20/10
2026-09-25 23:45:42,083 | INFO     | Tổng ticket cuối: 20
2026-09-25 23:45:42,125 | INFO     | Tìm thấy 20 ticket bus
2026-09-25 23:45:42,392 | INFO     | [1] Hoa Mai | Ghế ngồi 16 chỗ | 15:00 -> 17:40 | 170,000 VND
2026-09-25 23:45:42,651 | INFO     | [2] Huệ Nghĩa Limousine | Ghế ngồi 16 chỗ | 22:32 -> 23:20 | 130,000 VND
2026-09-25 23:45:43,060 | INFO     | [3] Toàn Thắng - Vũng Tàu | Limousine 9 chỗ | 11:30 -> 14:30 | 220,000 VND
2026-09-25 23:45:43,293 | INFO     | [4] Hoa Mai | Limousine 9 chỗ | 11:30 -> 14:05 | 220,000 VND
2026-09-25 23:45:43,495 | INFO     | [5] Hoa Mai | Limousine 9 chỗ | 12:00 -> 14:35 | 220,000 VND
2026-09-25 23:45:46,256 | INFO     | [6] Huệ Nghĩa Limousine | Ghế ngồi 16 chỗ | 13:32 -> 14:20 | 130,000 VND
2026-09-25 23:45:46,524 | INFO     | [7] Huệ Nghĩa Limousine | Ghế ngồi 16 chỗ | 15:02 -> 15:50 | 130,000 VND
2026-09-25 23:45:46,718 | INFO     | [8] Toàn Thắng - Vũng Tàu | Ghế ngồi 16 chỗ | 13:00 -> 16:00 | 180,000 VND
2026-09-25 23:45:46,970 | INFO     | [9] Toàn Thắng - Vũng Tàu | Ghế ngồi 16 chỗ | 09:30 -> 12:30 | 180,000 VND
2026-09-25 23:45:47,136 | INFO     | [10] Hoa Mai | Ghế ngồi 16 chỗ | 16:00 -> 18:40 | 170,000 VND
2026-09-25 23:45:47,137 | INFO     | Hoàn thành Hồ Chí Minh -> Đà Lạt [bus]: 10 records
2026-09-25 23:45:50,138 | INFO     | ======================================================================
2026-09-25 23:45:50,140 | INFO     | ROUTE 2/50: Hồ Chí Minh -> Nha Trang [bus]
2026-09-25 23:45:50,140 | INFO     | URL: https://vexere.com/vi-VN/ve-xe-khach-tu-sai-gon-di-nha-trang-129t417.html?date=26-09-2026&lt=1
2026-09-25 23:46:00,811 | INFO     | Ticket ban đầu: 20
2026-09-25 23:46:00,835 | INFO     | Ticket hiện tại: 20/10
2026-09-25 23:46:00,868 | INFO     | Tổng ticket cuối: 20
2026-09-25 23:46:00,928 | INFO     | Tìm thấy 20 ticket bus
2026-09-25 23:46:01,086 | INFO     | [1] Hoa Mai | Ghế ngồi 10 chỗ | 07:00 -> 09:15 | 170,000 VND
2026-09-25 23:46:01,274 | INFO     | [2] Hoa Mai | Ghế ngồi 10 chỗ | 11:00 -> 13:15 | 170,000 VND
2026-09-25 23:46:01,409 | INFO     | [3] Hoa Mai | Ghế ngồi 10 chỗ | 17:00 -> 19:15 | 170,000 VND
2026-09-25 23:46:01,553 | INFO     | [4] Hoa Mai | Ghế ngồi 10 chỗ | 12:00 -> 14:15 | 170,000 VND
2026-09-25 23:46:01,715 | INFO     | [5] Hoa Mai | Ghế ngồi 10 chỗ | 12:30 -> 14:45 | 170,000 VND
2026-09-25 23:46:01,844 | INFO     | [6] Hoa Mai | Ghế ngồi 10 chỗ | 05:00 -> 07:15 | 170,000 VND
2026-09-25 23:46:01,968 | INFO     | [7] Hoa Mai | Ghế ngồi 10 chỗ | 16:00 -> 18:15 | 170,000 VND
2026-09-25 23:46:02,275 | INFO     | [8] Hoa Mai | Ghế ngồi 10 chỗ | 10:00 -> 12:15 | 170,000 VND
2026-09-25 23:46:02,485 | INFO     | [9] Hoa Mai | Ghế ngồi 10 chỗ | 06:00 -> 08:15 | 170,000 VND
2026-09-25 23:46:02,653 | INFO     | [10] Hoa Mai | Ghế ngồi 10 chỗ | 09:00 -> 11:15 | 170,000 VND
2026-09-25 23:46:02,653 | INFO     | Hoàn thành Hồ Chí Minh -> Nha Trang [bus]: 10 records
2026-09-25 23:46:05,654 | INFO     | ======================================================================
2026-09-25 23:46:05,657 | INFO     | ROUTE 3/50: Hồ Chí Minh -> Đà Nẵng [bus]
2026-09-25 23:46:05,657 | INFO     | URL: https://vexere.com/vi-VN/ve-xe-khach-tu-sai-gon-di-da-nang-129t1151.html?date=26-09-2026&lt=1
2026-09-25 23:46:15,420 | INFO     | Ticket ban đầu: 20
2026-09-25 23:46:15,434 | INFO     | Ticket hiện tại: 20/10
2026-09-25 23:46:15,446 | INFO     | Tổng ticket cuối: 20
2026-09-25 23:46:15,458 | INFO     | Tìm thấy 20 ticket bus
2026-09-25 23:46:15,628 | INFO     | [1] Đình Nhân | Limousine 32 Phòng (WC) | 16:30 -> 10:05 | 450,000 VND
2026-09-25 23:46:15,800 | INFO     | [2] Bảo Ngọc | Limousine giường phòng 22 chỗ (WC) | 19:30 -> 11:30 | 500,000 VND
2026-09-25 23:46:15,994 | INFO     | [3] Hạnh Cafe - Hà Phương Limousine | Limousine 34 Giường | 07:45 -> 08:30 | 710,000 VND
2026-09-25 23:46:16,154 | INFO     | [4] Phi Hiệp | Limouisne 34 phòng | 16:30 -> 11:00 | 495,000 VND
2026-09-25 23:46:16,278 | INFO     | [5] Minh Phương (MP Bus) | Limousine 22 phòng (WC) | 15:01 -> 10:31 | 644,000 VND
2026-09-25 23:46:16,498 | INFO     | [6] Tân Kim Chi | Limousine giường phòng 22 chỗ (CABIN) (WC) | 17:35 -> 11:05 | 700,000 VND
2026-09-25 23:46:16,853 | INFO     | [7] Phương Trang | Limousine giường nằm 34 chỗ | 10:00 -> 06:30 | 560,000 VND
2026-09-25 23:46:17,053 | INFO     | [8] Bốn Luyện Express | Giường nằm 34 chỗ Luxury | 22:30 -> 16:25 | 630,000 VND
2026-09-25 23:46:17,238 | INFO     | [9] Hoàng Long - Hà Nội | Limousine 22 phòng đôi | 17:00 -> 12:52 | 1,300,000 VND
2026-09-25 23:46:17,417 | INFO     | [10] Tân Aba | Giường nằm 46 chỗ | 08:00 -> 04:00 | 1 VND
2026-09-25 23:46:17,418 | INFO     | Hoàn thành Hồ Chí Minh -> Đà Nẵng [bus]: 10 records
2026-09-25 23:46:20,419 | INFO     | ======================================================================
2026-09-25 23:46:20,420 | INFO     | ROUTE 4/50: Hồ Chí Minh -> Cần Thơ [bus]
2026-09-25 23:46:20,420 | INFO     | URL: https://vexere.com/vi-VN/ve-xe-khach-tu-sai-gon-di-can-tho-129t13.html?date=26-09-2026&lt=1
2026-09-25 23:46:28,609 | WARNING  | Hồ Chí Minh -> Cần Thơ: Không tìm thấy ticket (có thể hết chuyến ngày 26-09-2026 hoặc URL sai)
2026-09-25 23:46:28,717 | INFO     | Đã lưu HTML debug: D:\TIỂU LUẬN CHUYÊN NGÀNH\TLCN-Travel\ingestion\transport\logs\debug_html\Hồ_Chí_Minh_Cần_Thơ.html
2026-09-25 23:46:31,718 | INFO     | ======================================================================
2026-09-25 23:46:31,718 | INFO     | ROUTE 5/50: Hồ Chí Minh -> Phan Thiết [bus]
2026-09-25 23:46:31,719 | INFO     | URL: https://vexere.com/vi-VN/ve-xe-khach-tu-sai-gon-di-phan-thiet.html?date=26-09-2026&lt=1
2026-09-25 23:46:38,236 | WARNING  | Hồ Chí Minh -> Phan Thiết: Không tìm thấy ticket (có thể hết chuyến ngày 26-09-2026 hoặc URL sai)
2026-09-25 23:46:38,288 | INFO     | Đã lưu HTML debug: D:\TIỂU LUẬN CHUYÊN NGÀNH\TLCN-Travel\ingestion\transport\logs\debug_html\Hồ_Chí_Minh_Phan_Thiết.html
2026-09-25 23:46:41,290 | INFO     | ======================================================================
2026-09-25 23:46:41,290 | INFO     | ROUTE 6/50: Hồ Chí Minh -> Vũng Tàu [bus]
2026-09-25 23:46:41,291 | INFO     | URL: https://vexere.com/vi-VN/ve-xe-khach-tu-sai-gon-di-vung-tau.html?date=26-09-2026&lt=1
2026-09-25 23:46:47,295 | WARNING  | Hồ Chí Minh -> Vũng Tàu: Không tìm thấy ticket (có thể hết chuyến ngày 26-09-2026 hoặc URL sai)
2026-09-25 23:46:47,343 | INFO     | Đã lưu HTML debug: D:\TIỂU LUẬN CHUYÊN NGÀNH\TLCN-Travel\ingestion\transport\logs\debug_html\Hồ_Chí_Minh_Vũng_Tàu.html
2026-09-25 23:46:50,348 | INFO     | ======================================================================
2026-09-25 23:46:50,357 | INFO     | ROUTE 7/50: Hồ Chí Minh -> Quy Nhơn [bus]
2026-09-25 23:46:50,361 | INFO     | URL: https://vexere.com/vi-VN/ve-xe-khach-tu-sai-gon-di-quy-nhon.html?date=26-09-2026&lt=1
2026-09-25 23:46:55,931 | WARNING  | Hồ Chí Minh -> Quy Nhơn: Không tìm thấy ticket (có thể hết chuyến ngày 26-09-2026 hoặc URL sai)
2026-09-25 23:46:56,005 | INFO     | Đã lưu HTML debug: D:\TIỂU LUẬN CHUYÊN NGÀNH\TLCN-Travel\ingestion\transport\logs\debug_html\Hồ_Chí_Minh_Quy_Nhơn.html
2026-09-25 23:46:59,006 | INFO     | ======================================================================
2026-09-25 23:46:59,006 | INFO     | ROUTE 8/50: Hồ Chí Minh -> Phú Quốc [bus]
2026-09-25 23:46:59,009 | INFO     | URL: https://vexere.com/vi-VN/ve-xe-khach-tu-sai-gon-di-phu-quoc.html?date=26-09-2026&lt=1
2026-09-25 23:47:05,001 | WARNING  | Hồ Chí Minh -> Phú Quốc: Không tìm thấy ticket (có thể hết chuyến ngày 26-09-2026 hoặc URL sai)
2026-09-25 23:47:05,088 | INFO     | Đã lưu HTML debug: D:\TIỂU LUẬN CHUYÊN NGÀNH\TLCN-Travel\ingestion\transport\logs\debug_html\Hồ_Chí_Minh_Phú_Quốc.html
2026-09-25 23:47:08,099 | INFO     | ======================================================================
2026-09-25 23:47:08,101 | INFO     | ROUTE 9/50: Hồ Chí Minh -> Buôn Ma Thuột [bus]
2026-09-25 23:47:08,101 | INFO     | URL: https://vexere.com/vi-VN/ve-xe-khach-tu-sai-gon-di-buon-ma-thuot.html?date=26-09-2026&lt=1
2026-09-25 23:47:14,059 | WARNING  | Hồ Chí Minh -> Buôn Ma Thuột: Không tìm thấy ticket (có thể hết chuyến ngày 26-09-2026 hoặc URL sai)
2026-09-25 23:47:14,107 | INFO     | Đã lưu HTML debug: D:\TIỂU LUẬN CHUYÊN NGÀNH\TLCN-Travel\ingestion\transport\logs\debug_html\Hồ_Chí_Minh_Buôn_Ma_Thuột.html
2026-09-25 23:47:17,109 | INFO     | ======================================================================
2026-09-25 23:47:17,109 | INFO     | ROUTE 10/50: Hồ Chí Minh -> Huế [bus]
2026-09-25 23:47:17,110 | INFO     | URL: https://vexere.com/vi-VN/ve-xe-khach-tu-sai-gon-di-hue.html?date=26-09-2026&lt=1
2026-09-25 23:47:23,337 | WARNING  | Hồ Chí Minh -> Huế: Không tìm thấy ticket (có thể hết chuyến ngày 26-09-2026 hoặc URL sai)
2026-09-25 23:47:23,444 | INFO     | Đã lưu HTML debug: D:\TIỂU LUẬN CHUYÊN NGÀNH\TLCN-Travel\ingestion\transport\logs\debug_html\Hồ_Chí_Minh_Huế.html
2026-09-25 23:47:26,446 | INFO     | ======================================================================
2026-09-25 23:47:26,448 | INFO     | ROUTE 11/50: Hồ Chí Minh -> Hà Nội [bus]
2026-09-25 23:47:26,449 | INFO     | URL: https://vexere.com/vi-VN/ve-xe-khach-tu-sai-gon-di-ha-noi.html?date=26-09-2026&lt=1
2026-09-25 23:47:32,490 | WARNING  | Hồ Chí Minh -> Hà Nội: Không tìm thấy ticket (có thể hết chuyến ngày 26-09-2026 hoặc URL sai)
2026-09-25 23:47:32,543 | INFO     | Đã lưu HTML debug: D:\TIỂU LUẬN CHUYÊN NGÀNH\TLCN-Travel\ingestion\transport\logs\debug_html\Hồ_Chí_Minh_Hà_Nội.html
2026-09-25 23:47:35,546 | INFO     | ======================================================================
2026-09-25 23:47:35,558 | INFO     | ROUTE 12/50: Hồ Chí Minh -> Đồng Nai [bus]
2026-09-25 23:47:35,562 | INFO     | URL: https://vexere.com/vi-VN/ve-xe-khach-tu-sai-gon-di-dong-nai.html?date=26-09-2026&lt=1
2026-09-25 23:47:41,619 | WARNING  | Hồ Chí Minh -> Đồng Nai: Không tìm thấy ticket (có thể hết chuyến ngày 26-09-2026 hoặc URL sai)
2026-09-25 23:47:41,674 | INFO     | Đã lưu HTML debug: D:\TIỂU LUẬN CHUYÊN NGÀNH\TLCN-Travel\ingestion\transport\logs\debug_html\Hồ_Chí_Minh_Đồng_Nai.html
2026-09-25 23:47:44,675 | INFO     | ======================================================================
2026-09-25 23:47:44,676 | INFO     | ROUTE 13/50: Hồ Chí Minh -> Bình Dương [bus]
2026-09-25 23:47:44,677 | INFO     | URL: https://vexere.com/vi-VN/ve-xe-khach-tu-sai-gon-di-binh-duong.html?date=26-09-2026&lt=1
2026-09-25 23:47:50,759 | WARNING  | Hồ Chí Minh -> Bình Dương: Không tìm thấy ticket (có thể hết chuyến ngày 26-09-2026 hoặc URL sai)
2026-09-25 23:47:50,827 | INFO     | Đã lưu HTML debug: D:\TIỂU LUẬN CHUYÊN NGÀNH\TLCN-Travel\ingestion\transport\logs\debug_html\Hồ_Chí_Minh_Bình_Dương.html
2026-09-25 23:47:53,841 | INFO     | ======================================================================
2026-09-25 23:47:53,845 | INFO     | ROUTE 14/50: Hồ Chí Minh -> Long An [bus]
2026-09-25 23:47:53,850 | INFO     | URL: https://vexere.com/vi-VN/ve-xe-khach-tu-sai-gon-di-long-an.html?date=26-09-2026&lt=1
2026-09-25 23:48:00,443 | WARNING  | Hồ Chí Minh -> Long An: Không tìm thấy ticket (có thể hết chuyến ngày 26-09-2026 hoặc URL sai)
2026-09-25 23:48:00,519 | INFO     | Đã lưu HTML debug: D:\TIỂU LUẬN CHUYÊN NGÀNH\TLCN-Travel\ingestion\transport\logs\debug_html\Hồ_Chí_Minh_Long_An.html
2026-09-25 23:48:03,520 | INFO     | ======================================================================
2026-09-25 23:48:03,523 | INFO     | ROUTE 15/50: Hồ Chí Minh -> Tiền Giang [bus]
2026-09-25 23:48:03,523 | INFO     | URL: https://vexere.com/vi-VN/ve-xe-khach-tu-sai-gon-di-tien-giang.html?date=26-09-2026&lt=1
2026-09-25 23:48:09,788 | WARNING  | Hồ Chí Minh -> Tiền Giang: Không tìm thấy ticket (có thể hết chuyến ngày 26-09-2026 hoặc URL sai)
2026-09-25 23:48:09,850 | INFO     | Đã lưu HTML debug: D:\TIỂU LUẬN CHUYÊN NGÀNH\TLCN-Travel\ingestion\transport\logs\debug_html\Hồ_Chí_Minh_Tiền_Giang.html
2026-09-25 23:48:12,852 | INFO     | ======================================================================
2026-09-25 23:48:12,853 | INFO     | ROUTE 16/50: Hồ Chí Minh -> An Giang [bus]
2026-09-25 23:48:12,853 | INFO     | URL: https://vexere.com/vi-VN/ve-xe-khach-tu-sai-gon-di-an-giang.html?date=26-09-2026&lt=1
2026-09-25 23:48:19,093 | WARNING  | Hồ Chí Minh -> An Giang: Không tìm thấy ticket (có thể hết chuyến ngày 26-09-2026 hoặc URL sai)
2026-09-25 23:48:19,187 | INFO     | Đã lưu HTML debug: D:\TIỂU LUẬN CHUYÊN NGÀNH\TLCN-Travel\ingestion\transport\logs\debug_html\Hồ_Chí_Minh_An_Giang.html
2026-09-25 23:48:22,190 | INFO     | ======================================================================
2026-09-25 23:48:22,191 | INFO     | ROUTE 17/50: Hồ Chí Minh -> Kiên Giang [bus]
2026-09-25 23:48:22,192 | INFO     | URL: https://vexere.com/vi-VN/ve-xe-khach-tu-sai-gon-di-kien-giang.html?date=26-09-2026&lt=1
2026-09-25 23:48:28,552 | WARNING  | Hồ Chí Minh -> Kiên Giang: Không tìm thấy ticket (có thể hết chuyến ngày 26-09-2026 hoặc URL sai)
2026-09-25 23:48:28,656 | INFO     | Đã lưu HTML debug: D:\TIỂU LUẬN CHUYÊN NGÀNH\TLCN-Travel\ingestion\transport\logs\debug_html\Hồ_Chí_Minh_Kiên_Giang.html
2026-09-25 23:48:31,657 | INFO     | ======================================================================
2026-09-25 23:48:31,657 | INFO     | ROUTE 18/50: Hồ Chí Minh -> Cà Mau [bus]
2026-09-25 23:48:31,658 | INFO     | URL: https://vexere.com/vi-VN/ve-xe-khach-tu-sai-gon-di-ca-mau.html?date=26-09-2026&lt=1
2026-09-25 23:48:37,929 | WARNING  | Hồ Chí Minh -> Cà Mau: Không tìm thấy ticket (có thể hết chuyến ngày 26-09-2026 hoặc URL sai)
2026-09-25 23:48:37,966 | INFO     | Đã lưu HTML debug: D:\TIỂU LUẬN CHUYÊN NGÀNH\TLCN-Travel\ingestion\transport\logs\debug_html\Hồ_Chí_Minh_Cà_Mau.html
2026-09-25 23:48:40,967 | INFO     | ======================================================================
2026-09-25 23:48:40,968 | INFO     | ROUTE 19/50: Hồ Chí Minh -> Sóc Trăng [bus]
2026-09-25 23:48:40,969 | INFO     | URL: https://vexere.com/vi-VN/ve-xe-khach-tu-sai-gon-di-soc-trang.html?date=26-09-2026&lt=1
2026-09-25 23:48:47,471 | WARNING  | Hồ Chí Minh -> Sóc Trăng: Không tìm thấy ticket (có thể hết chuyến ngày 26-09-2026 hoặc URL sai)
2026-09-25 23:48:47,564 | INFO     | Đã lưu HTML debug: D:\TIỂU LUẬN CHUYÊN NGÀNH\TLCN-Travel\ingestion\transport\logs\debug_html\Hồ_Chí_Minh_Sóc_Trăng.html
2026-09-25 23:48:50,566 | INFO     | ======================================================================
2026-09-25 23:48:50,566 | INFO     | ROUTE 20/50: Hồ Chí Minh -> Bạc Liêu [bus]
2026-09-25 23:48:50,567 | INFO     | URL: https://vexere.com/vi-VN/ve-xe-khach-tu-sai-gon-di-bac-lieu.html?date=26-09-2026&lt=1
2026-09-25 23:48:56,980 | WARNING  | Hồ Chí Minh -> Bạc Liêu: Không tìm thấy ticket (có thể hết chuyến ngày 26-09-2026 hoặc URL sai)
2026-09-25 23:48:57,083 | INFO     | Đã lưu HTML debug: D:\TIỂU LUẬN CHUYÊN NGÀNH\TLCN-Travel\ingestion\transport\logs\debug_html\Hồ_Chí_Minh_Bạc_Liêu.html
2026-09-25 23:49:00,086 | INFO     | ======================================================================
2026-09-25 23:49:00,088 | INFO     | ROUTE 21/50: Hồ Chí Minh -> Đồng Tháp [bus]
2026-09-25 23:49:00,089 | INFO     | URL: https://vexere.com/vi-VN/ve-xe-khach-tu-sai-gon-di-dong-thap.html?date=26-09-2026&lt=1
2026-09-25 23:49:06,302 | WARNING  | Hồ Chí Minh -> Đồng Tháp: Không tìm thấy ticket (có thể hết chuyến ngày 26-09-2026 hoặc URL sai)
2026-09-25 23:49:06,400 | INFO     | Đã lưu HTML debug: D:\TIỂU LUẬN CHUYÊN NGÀNH\TLCN-Travel\ingestion\transport\logs\debug_html\Hồ_Chí_Minh_Đồng_Tháp.html
2026-09-25 23:49:09,402 | INFO     | ======================================================================
2026-09-25 23:49:09,402 | INFO     | ROUTE 22/50: Hồ Chí Minh -> Vĩnh Long [bus]
2026-09-25 23:49:09,403 | INFO     | URL: https://vexere.com/vi-VN/ve-xe-khach-tu-sai-gon-di-vinh-long.html?date=26-09-2026&lt=1
2026-09-25 23:49:15,660 | WARNING  | Hồ Chí Minh -> Vĩnh Long: Không tìm thấy ticket (có thể hết chuyến ngày 26-09-2026 hoặc URL sai)
2026-09-25 23:49:15,729 | INFO     | Đã lưu HTML debug: D:\TIỂU LUẬN CHUYÊN NGÀNH\TLCN-Travel\ingestion\transport\logs\debug_html\Hồ_Chí_Minh_Vĩnh_Long.html
2026-09-25 23:49:18,732 | INFO     | ======================================================================
2026-09-25 23:49:18,739 | INFO     | ROUTE 23/50: Hồ Chí Minh -> Bến Tre [bus]
2026-09-25 23:49:18,740 | INFO     | URL: https://vexere.com/vi-VN/ve-xe-khach-tu-sai-gon-di-ben-tre.html?date=26-09-2026&lt=1
2026-09-25 23:49:25,075 | WARNING  | Hồ Chí Minh -> Bến Tre: Không tìm thấy ticket (có thể hết chuyến ngày 26-09-2026 hoặc URL sai)
2026-09-25 23:49:25,131 | INFO     | Đã lưu HTML debug: D:\TIỂU LUẬN CHUYÊN NGÀNH\TLCN-Travel\ingestion\transport\logs\debug_html\Hồ_Chí_Minh_Bến_Tre.html
2026-09-25 23:49:28,138 | INFO     | ======================================================================
2026-09-25 23:49:28,139 | INFO     | ROUTE 24/50: Hồ Chí Minh -> Trà Vinh [bus]
2026-09-25 23:49:28,140 | INFO     | URL: https://vexere.com/vi-VN/ve-xe-khach-tu-sai-gon-di-tra-vinh.html?date=26-09-2026&lt=1
2026-09-25 23:49:34,496 | WARNING  | Hồ Chí Minh -> Trà Vinh: Không tìm thấy ticket (có thể hết chuyến ngày 26-09-2026 hoặc URL sai)
2026-09-25 23:49:34,577 | INFO     | Đã lưu HTML debug: D:\TIỂU LUẬN CHUYÊN NGÀNH\TLCN-Travel\ingestion\transport\logs\debug_html\Hồ_Chí_Minh_Trà_Vinh.html
2026-09-25 23:49:37,578 | INFO     | ======================================================================
2026-09-25 23:49:37,579 | INFO     | ROUTE 25/50: Hồ Chí Minh -> Tây Ninh [bus]
2026-09-25 23:49:37,580 | INFO     | URL: https://vexere.com/vi-VN/ve-xe-khach-tu-sai-gon-di-tay-ninh.html?date=26-09-2026&lt=1
2026-09-25 23:49:44,041 | WARNING  | Hồ Chí Minh -> Tây Ninh: Không tìm thấy ticket (có thể hết chuyến ngày 26-09-2026 hoặc URL sai)
2026-09-25 23:49:44,099 | INFO     | Đã lưu HTML debug: D:\TIỂU LUẬN CHUYÊN NGÀNH\TLCN-Travel\ingestion\transport\logs\debug_html\Hồ_Chí_Minh_Tây_Ninh.html
2026-09-25 23:49:47,100 | INFO     | ======================================================================
2026-09-25 23:49:47,101 | INFO     | ROUTE 26/50: Hồ Chí Minh -> Bình Phước [bus]
2026-09-25 23:49:47,101 | INFO     | URL: https://vexere.com/vi-VN/ve-xe-khach-tu-sai-gon-di-binh-phuoc.html?date=26-09-2026&lt=1
2026-09-25 23:49:53,373 | WARNING  | Hồ Chí Minh -> Bình Phước: Không tìm thấy ticket (có thể hết chuyến ngày 26-09-2026 hoặc URL sai)
2026-09-25 23:49:53,451 | INFO     | Đã lưu HTML debug: D:\TIỂU LUẬN CHUYÊN NGÀNH\TLCN-Travel\ingestion\transport\logs\debug_html\Hồ_Chí_Minh_Bình_Phước.html
2026-09-25 23:49:56,453 | INFO     | ======================================================================
2026-09-25 23:49:56,454 | INFO     | ROUTE 27/50: Hồ Chí Minh -> Lâm Đồng [bus]
2026-09-25 23:49:56,454 | INFO     | URL: https://vexere.com/vi-VN/ve-xe-khach-tu-sai-gon-di-lam-dong.html?date=26-09-2026&lt=1
2026-09-25 23:50:02,714 | WARNING  | Hồ Chí Minh -> Lâm Đồng: Không tìm thấy ticket (có thể hết chuyến ngày 26-09-2026 hoặc URL sai)
2026-09-25 23:50:02,753 | INFO     | Đã lưu HTML debug: D:\TIỂU LUẬN CHUYÊN NGÀNH\TLCN-Travel\ingestion\transport\logs\debug_html\Hồ_Chí_Minh_Lâm_Đồng.html
2026-09-25 23:50:05,754 | INFO     | ======================================================================
2026-09-25 23:50:05,755 | INFO     | ROUTE 28/50: Hồ Chí Minh -> Đắk Lắk [bus]
2026-09-25 23:50:05,756 | INFO     | URL: https://vexere.com/vi-VN/ve-xe-khach-tu-sai-gon-di-dak-lak.html?date=26-09-2026&lt=1
2026-09-25 23:50:12,071 | WARNING  | Hồ Chí Minh -> Đắk Lắk: Không tìm thấy ticket (có thể hết chuyến ngày 26-09-2026 hoặc URL sai)
2026-09-25 23:50:12,137 | INFO     | Đã lưu HTML debug: D:\TIỂU LUẬN CHUYÊN NGÀNH\TLCN-Travel\ingestion\transport\logs\debug_html\Hồ_Chí_Minh_Đắk_Lắk.html
2026-09-25 23:50:15,138 | INFO     | ======================================================================
2026-09-25 23:50:15,139 | INFO     | ROUTE 29/50: Hồ Chí Minh -> Gia Lai [bus]
2026-09-25 23:50:15,140 | INFO     | URL: https://vexere.com/vi-VN/ve-xe-khach-tu-sai-gon-di-gia-lai.html?date=26-09-2026&lt=1
2026-09-25 23:50:21,682 | WARNING  | Hồ Chí Minh -> Gia Lai: Không tìm thấy ticket (có thể hết chuyến ngày 26-09-2026 hoặc URL sai)
2026-09-25 23:50:21,741 | INFO     | Đã lưu HTML debug: D:\TIỂU LUẬN CHUYÊN NGÀNH\TLCN-Travel\ingestion\transport\logs\debug_html\Hồ_Chí_Minh_Gia_Lai.html
2026-09-25 23:50:24,742 | INFO     | ======================================================================
2026-09-25 23:50:24,742 | INFO     | ROUTE 30/50: Hồ Chí Minh -> Kon Tum [bus]
2026-09-25 23:50:24,743 | INFO     | URL: https://vexere.com/vi-VN/ve-xe-khach-tu-sai-gon-di-kon-tum.html?date=26-09-2026&lt=1
2026-09-25 23:50:31,141 | WARNING  | Hồ Chí Minh -> Kon Tum: Không tìm thấy ticket (có thể hết chuyến ngày 26-09-2026 hoặc URL sai)
2026-09-25 23:50:31,247 | INFO     | Đã lưu HTML debug: D:\TIỂU LUẬN CHUYÊN NGÀNH\TLCN-Travel\ingestion\transport\logs\debug_html\Hồ_Chí_Minh_Kon_Tum.html
2026-09-25 23:50:34,248 | INFO     | ======================================================================
2026-09-25 23:50:34,249 | INFO     | ROUTE 31/50: Hồ Chí Minh -> Khánh Hòa [bus]
2026-09-25 23:50:34,250 | INFO     | URL: https://vexere.com/vi-VN/ve-xe-khach-tu-sai-gon-di-khanh-hoa.html?date=26-09-2026&lt=1
2026-09-25 23:50:40,538 | WARNING  | Hồ Chí Minh -> Khánh Hòa: Không tìm thấy ticket (có thể hết chuyến ngày 26-09-2026 hoặc URL sai)
2026-09-25 23:50:40,613 | INFO     | Đã lưu HTML debug: D:\TIỂU LUẬN CHUYÊN NGÀNH\TLCN-Travel\ingestion\transport\logs\debug_html\Hồ_Chí_Minh_Khánh_Hòa.html
2026-09-25 23:50:43,613 | INFO     | ======================================================================
2026-09-25 23:50:43,614 | INFO     | ROUTE 32/50: Hồ Chí Minh -> Ninh Thuận [bus]
2026-09-25 23:50:43,614 | INFO     | URL: https://vexere.com/vi-VN/ve-xe-khach-tu-sai-gon-di-ninh-thuan.html?date=26-09-2026&lt=1
2026-09-25 23:50:48,022 | WARNING  | Hồ Chí Minh -> Ninh Thuận: Không tìm thấy ticket (có thể hết chuyến ngày 26-09-2026 hoặc URL sai)
2026-09-25 23:50:48,120 | INFO     | Đã lưu HTML debug: D:\TIỂU LUẬN CHUYÊN NGÀNH\TLCN-Travel\ingestion\transport\logs\debug_html\Hồ_Chí_Minh_Ninh_Thuận.html
2026-09-25 23:50:51,130 | INFO     | ======================================================================
2026-09-25 23:50:51,130 | INFO     | ROUTE 33/50: Hồ Chí Minh -> Bình Thuận [bus]
2026-09-25 23:50:51,131 | INFO     | URL: https://vexere.com/vi-VN/ve-xe-khach-tu-sai-gon-di-binh-thuan.html?date=26-09-2026&lt=1
2026-09-25 23:50:57,255 | WARNING  | Hồ Chí Minh -> Bình Thuận: Không tìm thấy ticket (có thể hết chuyến ngày 26-09-2026 hoặc URL sai)
2026-09-25 23:50:57,339 | INFO     | Đã lưu HTML debug: D:\TIỂU LUẬN CHUYÊN NGÀNH\TLCN-Travel\ingestion\transport\logs\debug_html\Hồ_Chí_Minh_Bình_Thuận.html
2026-09-25 23:51:00,340 | INFO     | ======================================================================
2026-09-25 23:51:00,341 | INFO     | ROUTE 34/50: Hồ Chí Minh -> Bình Định [bus]
2026-09-25 23:51:00,343 | INFO     | URL: https://vexere.com/vi-VN/ve-xe-khach-tu-sai-gon-di-binh-dinh.html?date=26-09-2026&lt=1
2026-09-25 23:51:06,712 | WARNING  | Hồ Chí Minh -> Bình Định: Không tìm thấy ticket (có thể hết chuyến ngày 26-09-2026 hoặc URL sai)
2026-09-25 23:51:06,895 | INFO     | Đã lưu HTML debug: D:\TIỂU LUẬN CHUYÊN NGÀNH\TLCN-Travel\ingestion\transport\logs\debug_html\Hồ_Chí_Minh_Bình_Định.html
2026-09-25 23:51:09,896 | INFO     | ======================================================================
2026-09-25 23:51:09,898 | INFO     | ROUTE 35/50: Hồ Chí Minh -> Phú Yên [bus]
2026-09-25 23:51:09,900 | INFO     | URL: https://vexere.com/vi-VN/ve-xe-khach-tu-sai-gon-di-phu-yen.html?date=26-09-2026&lt=1
2026-09-25 23:51:16,198 | WARNING  | Hồ Chí Minh -> Phú Yên: Không tìm thấy ticket (có thể hết chuyến ngày 26-09-2026 hoặc URL sai)
2026-09-25 23:51:16,270 | INFO     | Đã lưu HTML debug: D:\TIỂU LUẬN CHUYÊN NGÀNH\TLCN-Travel\ingestion\transport\logs\debug_html\Hồ_Chí_Minh_Phú_Yên.html
2026-09-25 23:51:19,271 | INFO     | ======================================================================
2026-09-25 23:51:19,272 | INFO     | ROUTE 36/50: Hồ Chí Minh -> Quảng Ngãi [bus]
2026-09-25 23:51:19,273 | INFO     | URL: https://vexere.com/vi-VN/ve-xe-khach-tu-sai-gon-di-quang-ngai.html?date=26-09-2026&lt=1
2026-09-25 23:51:25,569 | WARNING  | Hồ Chí Minh -> Quảng Ngãi: Không tìm thấy ticket (có thể hết chuyến ngày 26-09-2026 hoặc URL sai)
2026-09-25 23:51:25,649 | INFO     | Đã lưu HTML debug: D:\TIỂU LUẬN CHUYÊN NGÀNH\TLCN-Travel\ingestion\transport\logs\debug_html\Hồ_Chí_Minh_Quảng_Ngãi.html
2026-09-25 23:51:28,650 | INFO     | ======================================================================
2026-09-25 23:51:28,651 | INFO     | ROUTE 37/50: Hồ Chí Minh -> Quảng Nam [bus]
2026-09-25 23:51:28,651 | INFO     | URL: https://vexere.com/vi-VN/ve-xe-khach-tu-sai-gon-di-quang-nam.html?date=26-09-2026&lt=1
2026-09-25 23:51:34,859 | WARNING  | Hồ Chí Minh -> Quảng Nam: Không tìm thấy ticket (có thể hết chuyến ngày 26-09-2026 hoặc URL sai)
2026-09-25 23:51:34,932 | INFO     | Đã lưu HTML debug: D:\TIỂU LUẬN CHUYÊN NGÀNH\TLCN-Travel\ingestion\transport\logs\debug_html\Hồ_Chí_Minh_Quảng_Nam.html
2026-09-25 23:51:37,933 | INFO     | ======================================================================
2026-09-25 23:51:37,933 | INFO     | ROUTE 38/50: Hồ Chí Minh -> Quảng Bình [bus]
2026-09-25 23:51:37,933 | INFO     | URL: https://vexere.com/vi-VN/ve-xe-khach-tu-sai-gon-di-quang-binh.html?date=26-09-2026&lt=1
2026-09-25 23:51:44,206 | WARNING  | Hồ Chí Minh -> Quảng Bình: Không tìm thấy ticket (có thể hết chuyến ngày 26-09-2026 hoặc URL sai)
2026-09-25 23:51:44,296 | INFO     | Đã lưu HTML debug: D:\TIỂU LUẬN CHUYÊN NGÀNH\TLCN-Travel\ingestion\transport\logs\debug_html\Hồ_Chí_Minh_Quảng_Bình.html
2026-09-25 23:51:47,297 | INFO     | ======================================================================
2026-09-25 23:51:47,299 | INFO     | ROUTE 39/50: Hồ Chí Minh -> Quảng Trị [bus]
2026-09-25 23:51:47,299 | INFO     | URL: https://vexere.com/vi-VN/ve-xe-khach-tu-sai-gon-di-quang-tri.html?date=26-09-2026&lt=1
2026-09-25 23:51:51,733 | WARNING  | Hồ Chí Minh -> Quảng Trị: Không tìm thấy ticket (có thể hết chuyến ngày 26-09-2026 hoặc URL sai)
2026-09-25 23:51:51,838 | INFO     | Đã lưu HTML debug: D:\TIỂU LUẬN CHUYÊN NGÀNH\TLCN-Travel\ingestion\transport\logs\debug_html\Hồ_Chí_Minh_Quảng_Trị.html
2026-09-25 23:51:54,839 | INFO     | ======================================================================
2026-09-25 23:51:54,840 | INFO     | ROUTE 40/50: Hồ Chí Minh -> Hà Tĩnh [bus]
2026-09-25 23:51:54,840 | INFO     | URL: https://vexere.com/vi-VN/ve-xe-khach-tu-sai-gon-di-ha-tinh.html?date=26-09-2026&lt=1
2026-09-25 23:52:01,018 | WARNING  | Hồ Chí Minh -> Hà Tĩnh: Không tìm thấy ticket (có thể hết chuyến ngày 26-09-2026 hoặc URL sai)
2026-09-25 23:52:01,083 | INFO     | Đã lưu HTML debug: D:\TIỂU LUẬN CHUYÊN NGÀNH\TLCN-Travel\ingestion\transport\logs\debug_html\Hồ_Chí_Minh_Hà_Tĩnh.html
2026-09-25 23:52:04,084 | INFO     | ======================================================================
2026-09-25 23:52:04,085 | INFO     | ROUTE 41/50: Hồ Chí Minh -> Nghệ An [bus]
2026-09-25 23:52:04,086 | INFO     | URL: https://vexere.com/vi-VN/ve-xe-khach-tu-sai-gon-di-nghe-an.html?date=26-09-2026&lt=1
2026-09-25 23:52:10,449 | WARNING  | Hồ Chí Minh -> Nghệ An: Không tìm thấy ticket (có thể hết chuyến ngày 26-09-2026 hoặc URL sai)
2026-09-25 23:52:10,520 | INFO     | Đã lưu HTML debug: D:\TIỂU LUẬN CHUYÊN NGÀNH\TLCN-Travel\ingestion\transport\logs\debug_html\Hồ_Chí_Minh_Nghệ_An.html
2026-09-25 23:52:13,526 | INFO     | ======================================================================
2026-09-25 23:52:13,529 | INFO     | ROUTE 42/50: Hồ Chí Minh -> Thanh Hóa [bus]
2026-09-25 23:52:13,530 | INFO     | URL: https://vexere.com/vi-VN/ve-xe-khach-tu-sai-gon-di-thanh-hoa.html?date=26-09-2026&lt=1
2026-09-25 23:52:19,891 | WARNING  | Hồ Chí Minh -> Thanh Hóa: Không tìm thấy ticket (có thể hết chuyến ngày 26-09-2026 hoặc URL sai)
2026-09-25 23:52:19,958 | INFO     | Đã lưu HTML debug: D:\TIỂU LUẬN CHUYÊN NGÀNH\TLCN-Travel\ingestion\transport\logs\debug_html\Hồ_Chí_Minh_Thanh_Hóa.html
2026-09-25 23:52:22,959 | INFO     | ======================================================================
2026-09-25 23:52:22,959 | INFO     | ROUTE 43/50: Hồ Chí Minh -> Ninh Bình [bus]
2026-09-25 23:52:22,960 | INFO     | URL: https://vexere.com/vi-VN/ve-xe-khach-tu-sai-gon-di-ninh-binh.html?date=26-09-2026&lt=1
2026-09-25 23:52:29,295 | WARNING  | Hồ Chí Minh -> Ninh Bình: Không tìm thấy ticket (có thể hết chuyến ngày 26-09-2026 hoặc URL sai)
2026-09-25 23:52:29,367 | INFO     | Đã lưu HTML debug: D:\TIỂU LUẬN CHUYÊN NGÀNH\TLCN-Travel\ingestion\transport\logs\debug_html\Hồ_Chí_Minh_Ninh_Bình.html
2026-09-25 23:52:32,371 | INFO     | ======================================================================
2026-09-25 23:52:32,373 | INFO     | ROUTE 44/50: Hồ Chí Minh -> Hải Phòng [bus]
2026-09-25 23:52:32,395 | INFO     | URL: https://vexere.com/vi-VN/ve-xe-khach-tu-sai-gon-di-hai-phong.html?date=26-09-2026&lt=1
2026-09-25 23:52:38,917 | WARNING  | Hồ Chí Minh -> Hải Phòng: Không tìm thấy ticket (có thể hết chuyến ngày 26-09-2026 hoặc URL sai)
2026-09-25 23:52:38,978 | INFO     | Đã lưu HTML debug: D:\TIỂU LUẬN CHUYÊN NGÀNH\TLCN-Travel\ingestion\transport\logs\debug_html\Hồ_Chí_Minh_Hải_Phòng.html
2026-09-25 23:52:41,979 | INFO     | ======================================================================
2026-09-25 23:52:41,980 | INFO     | ROUTE 45/50: Hồ Chí Minh -> Quảng Ninh [bus]
2026-09-25 23:52:41,980 | INFO     | URL: https://vexere.com/vi-VN/ve-xe-khach-tu-sai-gon-di-quang-ninh.html?date=26-09-2026&lt=1
2026-09-25 23:52:46,386 | WARNING  | Hồ Chí Minh -> Quảng Ninh: Không tìm thấy ticket (có thể hết chuyến ngày 26-09-2026 hoặc URL sai)
2026-09-25 23:52:46,444 | INFO     | Đã lưu HTML debug: D:\TIỂU LUẬN CHUYÊN NGÀNH\TLCN-Travel\ingestion\transport\logs\debug_html\Hồ_Chí_Minh_Quảng_Ninh.html
2026-09-25 23:52:49,446 | INFO     | ======================================================================
2026-09-25 23:52:49,446 | INFO     | ROUTE 46/50: Hồ Chí Minh -> Sa Pa [bus]
2026-09-25 23:52:49,447 | INFO     | URL: https://vexere.com/vi-VN/ve-xe-khach-tu-sai-gon-di-sa-pa.html?date=26-09-2026&lt=1
2026-09-25 23:52:55,724 | WARNING  | Hồ Chí Minh -> Sa Pa: Không tìm thấy ticket (có thể hết chuyến ngày 26-09-2026 hoặc URL sai)
2026-09-25 23:52:55,795 | INFO     | Đã lưu HTML debug: D:\TIỂU LUẬN CHUYÊN NGÀNH\TLCN-Travel\ingestion\transport\logs\debug_html\Hồ_Chí_Minh_Sa_Pa.html
2026-09-25 23:52:58,797 | INFO     | ======================================================================
2026-09-25 23:52:58,798 | INFO     | ROUTE 47/50: Hồ Chí Minh -> Hạ Long [bus]
2026-09-25 23:52:58,798 | INFO     | URL: https://vexere.com/vi-VN/ve-xe-khach-tu-sai-gon-di-ha-long.html?date=26-09-2026&lt=1
2026-09-25 23:53:05,303 | WARNING  | Hồ Chí Minh -> Hạ Long: Không tìm thấy ticket (có thể hết chuyến ngày 26-09-2026 hoặc URL sai)
2026-09-25 23:53:05,438 | INFO     | Đã lưu HTML debug: D:\TIỂU LUẬN CHUYÊN NGÀNH\TLCN-Travel\ingestion\transport\logs\debug_html\Hồ_Chí_Minh_Hạ_Long.html
2026-09-25 23:53:08,439 | INFO     | ======================================================================
2026-09-25 23:53:08,440 | INFO     | ROUTE 48/50: Hồ Chí Minh -> Mũi Né [bus]
2026-09-25 23:53:08,440 | INFO     | URL: https://vexere.com/vi-VN/ve-xe-khach-tu-sai-gon-di-mui-ne.html?date=26-09-2026&lt=1
2026-09-25 23:53:14,731 | WARNING  | Hồ Chí Minh -> Mũi Né: Không tìm thấy ticket (có thể hết chuyến ngày 26-09-2026 hoặc URL sai)
2026-09-25 23:53:14,812 | INFO     | Đã lưu HTML debug: D:\TIỂU LUẬN CHUYÊN NGÀNH\TLCN-Travel\ingestion\transport\logs\debug_html\Hồ_Chí_Minh_Mũi_Né.html
2026-09-25 23:53:17,813 | INFO     | ======================================================================
2026-09-25 23:53:17,814 | INFO     | ROUTE 49/50: Hồ Chí Minh -> Hội An [bus]
2026-09-25 23:53:17,815 | INFO     | URL: https://vexere.com/vi-VN/ve-xe-khach-tu-sai-gon-di-hoi-an.html?date=26-09-2026&lt=1
2026-09-25 23:53:24,079 | WARNING  | Hồ Chí Minh -> Hội An: Không tìm thấy ticket (có thể hết chuyến ngày 26-09-2026 hoặc URL sai)
2026-09-25 23:53:24,139 | INFO     | Đã lưu HTML debug: D:\TIỂU LUẬN CHUYÊN NGÀNH\TLCN-Travel\ingestion\transport\logs\debug_html\Hồ_Chí_Minh_Hội_An.html
2026-09-25 23:53:27,140 | INFO     | ======================================================================
2026-09-25 23:53:27,141 | INFO     | ROUTE 50/50: Hồ Chí Minh -> Pleiku [bus]
2026-09-25 23:53:27,141 | INFO     | URL: https://vexere.com/vi-VN/ve-xe-khach-tu-sai-gon-di-pleiku.html?date=26-09-2026&lt=1
2026-09-25 23:53:31,552 | WARNING  | Hồ Chí Minh -> Pleiku: Không tìm thấy ticket (có thể hết chuyến ngày 26-09-2026 hoặc URL sai)
2026-09-25 23:53:31,624 | INFO     | Đã lưu HTML debug: D:\TIỂU LUẬN CHUYÊN NGÀNH\TLCN-Travel\ingestion\transport\logs\debug_html\Hồ_Chí_Minh_Pleiku.html
2026-09-25 23:53:35,974 | INFO     | Đã đóng Chrome driver.
2026-09-25 23:53:35,984 | INFO     | Đã lưu 30 records vào: D:\TIỂU LUẬN CHUYÊN NGÀNH\TLCN-Travel\ingestion\transport\data\raw\transport\vexere_transport.json
2026-09-25 23:53:35,984 | INFO     | ======================================================================
2026-09-25 23:53:35,985 | INFO     | CRAWLER HOÀN TẤT
2026-09-25 23:53:35,987 | INFO     | Tổng route: 50
2026-09-25 23:53:35,991 | INFO     | Tổng records: 30
2026-09-25 23:53:35,995 | INFO     |   - bus: 30
2026-09-25 23:53:35,996 | INFO     | Output: D:\TIỂU LUẬN CHUYÊN NGÀNH\TLCN-Travel\ingestion\transport\data\raw\transport\vexere_transport.json
2026-09-25 23:53:36,004 | INFO     | Debug HTML (nếu fail): D:\TIỂU LUẬN CHUYÊN NGÀNH\TLCN-Travel\ingestion\transport\logs\debug_html
2026-09-25 23:53:36,006 | INFO     | ======================================================================
2026-09-25 23:57:52,754 | INFO     | ======================================================================
2026-09-25 23:57:52,755 | INFO     | VEXERE TRANSPORT CRAWLER (fixed)
2026-09-25 23:57:52,755 | INFO     | Ngày crawl: 26-09-2026 (ngày MAI)
2026-09-25 23:57:52,756 | INFO     | Max: 10 chuyến / tuyến
2026-09-25 23:57:52,757 | INFO     | ======================================================================
2026-09-25 23:57:52,757 | INFO     | Đã đọc 143 tuyến từ CSV
2026-09-25 23:57:58,741 | INFO     | ======================================================================
2026-09-25 23:57:58,741 | INFO     | ROUTE 1/143: Hồ Chí Minh -> Đà Lạt [bus]
2026-09-25 23:57:58,742 | INFO     | URL: https://vexere.com/vi-VN/ve-xe-khach-tu-sai-gon-di-da-lat-129t457.html?date=26-09-2026&lt=1
2026-09-25 23:58:07,900 | INFO     | Ticket ban đầu: 20
2026-09-25 23:58:07,917 | INFO     | Ticket hiện tại: 20/10
2026-09-25 23:58:07,966 | INFO     | Tổng ticket cuối: 20
2026-09-25 23:58:07,980 | INFO     | Tìm thấy 20 ticket bus
2026-09-25 23:58:08,190 | INFO     | [1] Hoa Mai | Ghế ngồi 16 chỗ | 15:00 -> 17:40 | 170,000 VND
2026-09-25 23:58:08,410 | INFO     | [2] Huệ Nghĩa Limousine | Ghế ngồi 16 chỗ | 22:32 -> 23:20 | 130,000 VND
2026-09-25 23:58:08,721 | INFO     | [3] Toàn Thắng - Vũng Tàu | Limousine 9 chỗ | 11:30 -> 14:30 | 220,000 VND
2026-09-25 23:58:08,910 | INFO     | [4] Hoa Mai | Limousine 9 chỗ | 11:30 -> 14:05 | 220,000 VND
2026-09-25 23:58:09,135 | INFO     | [5] Hoa Mai | Limousine 9 chỗ | 12:00 -> 14:35 | 220,000 VND
2026-09-25 23:58:09,349 | INFO     | [6] Huệ Nghĩa Limousine | Ghế ngồi 16 chỗ | 13:32 -> 14:20 | 130,000 VND
2026-09-25 23:58:09,534 | INFO     | [7] Huệ Nghĩa Limousine | Ghế ngồi 16 chỗ | 15:02 -> 15:50 | 130,000 VND
2026-09-25 23:58:09,699 | INFO     | [8] Toàn Thắng - Vũng Tàu | Ghế ngồi 16 chỗ | 13:00 -> 16:00 | 180,000 VND
2026-09-25 23:58:09,900 | INFO     | [9] Toàn Thắng - Vũng Tàu | Ghế ngồi 16 chỗ | 09:30 -> 12:30 | 180,000 VND
2026-09-25 23:58:10,067 | INFO     | [10] Hoa Mai | Ghế ngồi 16 chỗ | 16:00 -> 18:40 | 170,000 VND
2026-09-25 23:58:10,067 | INFO     | Hoàn thành Hồ Chí Minh -> Đà Lạt [bus]: 10 records
2026-09-25 23:58:13,068 | INFO     | ======================================================================
2026-09-25 23:58:13,068 | INFO     | ROUTE 2/143: Hồ Chí Minh -> Nha Trang [bus]
2026-09-25 23:58:13,069 | INFO     | URL: https://vexere.com/vi-VN/ve-xe-khach-tu-sai-gon-di-nha-trang-129t417.html?date=26-09-2026&lt=1
2026-09-25 23:58:24,618 | INFO     | Ticket ban đầu: 20
2026-09-25 23:58:24,638 | INFO     | Ticket hiện tại: 20/10
2026-09-25 23:58:24,662 | INFO     | Tổng ticket cuối: 20
2026-09-25 23:58:24,677 | INFO     | Tìm thấy 20 ticket bus
2026-09-25 23:58:25,128 | INFO     | [1] Hoa Mai | Ghế ngồi 10 chỗ | 07:00 -> 09:15 | 170,000 VND
2026-09-25 23:58:25,343 | INFO     | [2] Hoa Mai | Ghế ngồi 10 chỗ | 11:00 -> 13:15 | 170,000 VND
2026-09-25 23:58:25,570 | INFO     | [3] Hoa Mai | Ghế ngồi 10 chỗ | 17:00 -> 19:15 | 170,000 VND
2026-09-25 23:58:25,717 | INFO     | [4] Hoa Mai | Ghế ngồi 10 chỗ | 12:00 -> 14:15 | 170,000 VND
2026-09-25 23:58:25,984 | INFO     | [5] Hoa Mai | Ghế ngồi 10 chỗ | 12:30 -> 14:45 | 170,000 VND
2026-09-25 23:58:26,104 | INFO     | [6] Hoa Mai | Ghế ngồi 10 chỗ | 05:00 -> 07:15 | 170,000 VND
2026-09-25 23:58:26,293 | INFO     | [7] Hoa Mai | Ghế ngồi 10 chỗ | 16:00 -> 18:15 | 170,000 VND
2026-09-25 23:58:26,370 | INFO     | [8] Hoa Mai | Ghế ngồi 10 chỗ | 10:00 -> 12:15 | 170,000 VND
2026-09-25 23:58:26,489 | INFO     | [9] Hoa Mai | Ghế ngồi 10 chỗ | 06:00 -> 08:15 | 170,000 VND
2026-09-25 23:58:26,604 | INFO     | [10] Hoa Mai | Ghế ngồi 10 chỗ | 09:00 -> 11:15 | 170,000 VND
2026-09-25 23:58:26,604 | INFO     | Hoàn thành Hồ Chí Minh -> Nha Trang [bus]: 10 records
2026-09-25 23:58:29,605 | INFO     | ======================================================================
2026-09-25 23:58:29,606 | INFO     | ROUTE 3/143: Hồ Chí Minh -> Đà Nẵng [bus]
2026-09-25 23:58:29,606 | INFO     | URL: https://vexere.com/vi-VN/ve-xe-khach-tu-sai-gon-di-da-nang-129t1151.html?date=26-09-2026&lt=1
2026-09-25 23:58:39,449 | INFO     | Ticket ban đầu: 20
2026-09-25 23:58:39,457 | INFO     | Ticket hiện tại: 20/10
2026-09-25 23:58:39,467 | INFO     | Tổng ticket cuối: 20
2026-09-25 23:58:39,478 | INFO     | Tìm thấy 20 ticket bus
2026-09-25 23:58:39,597 | INFO     | [1] Đình Nhân | Limousine 32 Phòng (WC) | 16:30 -> 10:05 | 450,000 VND
2026-09-25 23:58:39,811 | INFO     | [2] Bảo Ngọc | Limousine giường phòng 22 chỗ (WC) | 19:30 -> 11:30 | 500,000 VND
2026-09-25 23:58:40,142 | INFO     | [3] Hạnh Cafe - Hà Phương Limousine | Limousine 34 Giường | 07:45 -> 08:30 | 710,000 VND
2026-09-25 23:58:40,317 | INFO     | [4] Phi Hiệp | Limouisne 34 phòng | 16:30 -> 11:00 | 495,000 VND
2026-09-25 23:58:40,493 | INFO     | [5] Minh Phương (MP Bus) | Limousine 22 phòng (WC) | 15:01 -> 10:31 | 644,000 VND
2026-09-25 23:58:40,656 | INFO     | [6] Tân Kim Chi | Limousine giường phòng 22 chỗ (CABIN) (WC) | 17:35 -> 11:05 | 700,000 VND
2026-09-25 23:58:40,895 | INFO     | [7] Phương Trang | Limousine giường nằm 34 chỗ | 10:00 -> 06:30 | 560,000 VND
2026-09-25 23:58:41,082 | INFO     | [8] Bốn Luyện Express | Giường nằm 34 chỗ Luxury | 22:30 -> 16:25 | 630,000 VND
2026-09-25 23:58:41,208 | INFO     | [9] Hoàng Long - Hà Nội | Limousine 22 phòng đôi | 17:00 -> 12:52 | 1,300,000 VND
2026-09-25 23:58:41,402 | INFO     | [10] Tân Aba | Giường nằm 46 chỗ | 08:00 -> 04:00 | 1 VND
2026-09-25 23:58:41,402 | INFO     | Hoàn thành Hồ Chí Minh -> Đà Nẵng [bus]: 10 records
2026-09-25 23:58:44,403 | INFO     | ======================================================================
2026-09-25 23:58:44,403 | INFO     | ROUTE 4/143: Hồ Chí Minh -> Cần Thơ [bus]
2026-09-25 23:58:44,403 | INFO     | URL: https://vexere.com/vi-VN/ve-xe-khach-tu-sai-gon-di-can-tho-129t13.html?date=26-09-2026&lt=1
2026-09-25 23:58:51,816 | WARNING  | Hồ Chí Minh -> Cần Thơ: Không tìm thấy ticket (có thể hết chuyến ngày 26-09-2026 hoặc URL sai)
2026-09-25 23:58:51,904 | INFO     | Đã lưu HTML debug: D:\TIỂU LUẬN CHUYÊN NGÀNH\TLCN-Travel\ingestion\transport\logs\debug_html\Hồ_Chí_Minh_Cần_Thơ.html
2026-09-25 23:58:54,905 | INFO     | ======================================================================
2026-09-25 23:58:54,905 | INFO     | ROUTE 5/143: Hồ Chí Minh -> Phan Thiết [bus]
2026-09-25 23:58:54,906 | INFO     | URL: https://vexere.com/vi-VN/ve-xe-khach-tu-sai-gon-di-phan-thiet.html?date=26-09-2026&lt=1
2026-09-25 23:59:01,525 | WARNING  | Hồ Chí Minh -> Phan Thiết: Không tìm thấy ticket (có thể hết chuyến ngày 26-09-2026 hoặc URL sai)
2026-09-25 23:59:01,565 | INFO     | Đã lưu HTML debug: D:\TIỂU LUẬN CHUYÊN NGÀNH\TLCN-Travel\ingestion\transport\logs\debug_html\Hồ_Chí_Minh_Phan_Thiết.html
2026-09-25 23:59:04,565 | INFO     | ======================================================================
2026-09-25 23:59:04,566 | INFO     | ROUTE 6/143: Hồ Chí Minh -> Vũng Tàu [bus]
2026-09-25 23:59:04,566 | INFO     | URL: https://vexere.com/vi-VN/ve-xe-khach-tu-sai-gon-di-vung-tau.html?date=26-09-2026&lt=1
2026-09-25 23:59:10,924 | WARNING  | Hồ Chí Minh -> Vũng Tàu: Không tìm thấy ticket (có thể hết chuyến ngày 26-09-2026 hoặc URL sai)
2026-09-25 23:59:10,989 | INFO     | Đã lưu HTML debug: D:\TIỂU LUẬN CHUYÊN NGÀNH\TLCN-Travel\ingestion\transport\logs\debug_html\Hồ_Chí_Minh_Vũng_Tàu.html
2026-09-25 23:59:13,990 | INFO     | ======================================================================
2026-09-25 23:59:13,990 | INFO     | ROUTE 7/143: Hồ Chí Minh -> Quy Nhơn [bus]
2026-09-25 23:59:13,991 | INFO     | URL: https://vexere.com/vi-VN/ve-xe-khach-tu-sai-gon-di-quy-nhon.html?date=26-09-2026&lt=1
2026-09-25 23:59:20,627 | WARNING  | Hồ Chí Minh -> Quy Nhơn: Không tìm thấy ticket (có thể hết chuyến ngày 26-09-2026 hoặc URL sai)
2026-09-25 23:59:20,665 | INFO     | Đã lưu HTML debug: D:\TIỂU LUẬN CHUYÊN NGÀNH\TLCN-Travel\ingestion\transport\logs\debug_html\Hồ_Chí_Minh_Quy_Nhơn.html
2026-09-25 23:59:23,666 | INFO     | ======================================================================
2026-09-25 23:59:23,666 | INFO     | ROUTE 8/143: Hồ Chí Minh -> Phú Quốc [bus]
2026-09-25 23:59:23,666 | INFO     | URL: https://vexere.com/vi-VN/ve-xe-khach-tu-sai-gon-di-phu-quoc.html?date=26-09-2026&lt=1
2026-09-25 23:59:29,906 | WARNING  | Hồ Chí Minh -> Phú Quốc: Không tìm thấy ticket (có thể hết chuyến ngày 26-09-2026 hoặc URL sai)
2026-09-25 23:59:29,938 | INFO     | Đã lưu HTML debug: D:\TIỂU LUẬN CHUYÊN NGÀNH\TLCN-Travel\ingestion\transport\logs\debug_html\Hồ_Chí_Minh_Phú_Quốc.html
2026-09-25 23:59:32,939 | INFO     | ======================================================================
2026-09-25 23:59:32,939 | INFO     | ROUTE 9/143: Hồ Chí Minh -> Buôn Ma Thuột [bus]
2026-09-25 23:59:32,940 | INFO     | URL: https://vexere.com/vi-VN/ve-xe-khach-tu-sai-gon-di-buon-ma-thuot.html?date=26-09-2026&lt=1
2026-09-25 23:59:39,310 | WARNING  | Hồ Chí Minh -> Buôn Ma Thuột: Không tìm thấy ticket (có thể hết chuyến ngày 26-09-2026 hoặc URL sai)
2026-09-25 23:59:39,350 | INFO     | Đã lưu HTML debug: D:\TIỂU LUẬN CHUYÊN NGÀNH\TLCN-Travel\ingestion\transport\logs\debug_html\Hồ_Chí_Minh_Buôn_Ma_Thuột.html
2026-09-25 23:59:42,351 | INFO     | ======================================================================
2026-09-25 23:59:42,352 | INFO     | ROUTE 10/143: Hồ Chí Minh -> Huế [bus]
2026-09-25 23:59:42,352 | INFO     | URL: https://vexere.com/vi-VN/ve-xe-khach-tu-sai-gon-di-hue.html?date=26-09-2026&lt=1
2026-09-25 23:59:48,471 | WARNING  | Hồ Chí Minh -> Huế: Không tìm thấy ticket (có thể hết chuyến ngày 26-09-2026 hoặc URL sai)
2026-09-25 23:59:48,504 | INFO     | Đã lưu HTML debug: D:\TIỂU LUẬN CHUYÊN NGÀNH\TLCN-Travel\ingestion\transport\logs\debug_html\Hồ_Chí_Minh_Huế.html
2026-09-25 23:59:51,505 | INFO     | ======================================================================
2026-09-25 23:59:51,505 | INFO     | ROUTE 11/143: Hồ Chí Minh -> Hà Nội [bus]
2026-09-25 23:59:51,505 | INFO     | URL: https://vexere.com/vi-VN/ve-xe-khach-tu-sai-gon-di-ha-noi.html?date=26-09-2026&lt=1
2026-09-25 23:59:57,755 | WARNING  | Hồ Chí Minh -> Hà Nội: Không tìm thấy ticket (có thể hết chuyến ngày 26-09-2026 hoặc URL sai)
2026-09-25 23:59:57,807 | INFO     | Đã lưu HTML debug: D:\TIỂU LUẬN CHUYÊN NGÀNH\TLCN-Travel\ingestion\transport\logs\debug_html\Hồ_Chí_Minh_Hà_Nội.html
2026-09-26 00:00:00,808 | INFO     | ======================================================================
2026-09-26 00:00:00,808 | INFO     | ROUTE 12/143: Hồ Chí Minh -> Mũi Né [bus]
2026-09-26 00:00:00,808 | INFO     | URL: https://vexere.com/vi-VN/ve-xe-khach-tu-sai-gon-di-mui-ne.html?date=26-09-2026&lt=1
2026-09-26 00:00:07,399 | WARNING  | Hồ Chí Minh -> Mũi Né: Không tìm thấy ticket (có thể hết chuyến ngày 26-09-2026 hoặc URL sai)
2026-09-26 00:00:07,427 | INFO     | Đã lưu HTML debug: D:\TIỂU LUẬN CHUYÊN NGÀNH\TLCN-Travel\ingestion\transport\logs\debug_html\Hồ_Chí_Minh_Mũi_Né.html
2026-09-26 00:00:10,428 | INFO     | ======================================================================
2026-09-26 00:00:10,428 | INFO     | ROUTE 13/143: Hồ Chí Minh -> Hội An [bus]
2026-09-26 00:00:10,429 | INFO     | URL: https://vexere.com/vi-VN/ve-xe-khach-tu-sai-gon-di-hoi-an.html?date=26-09-2026&lt=1
2026-09-26 00:00:16,780 | WARNING  | Hồ Chí Minh -> Hội An: Không tìm thấy ticket (có thể hết chuyến ngày 26-09-2026 hoặc URL sai)
2026-09-26 00:00:16,818 | INFO     | Đã lưu HTML debug: D:\TIỂU LUẬN CHUYÊN NGÀNH\TLCN-Travel\ingestion\transport\logs\debug_html\Hồ_Chí_Minh_Hội_An.html
2026-09-26 00:00:19,820 | INFO     | ======================================================================
2026-09-26 00:00:19,820 | INFO     | ROUTE 14/143: Hồ Chí Minh -> Pleiku [bus]
2026-09-26 00:00:19,821 | INFO     | URL: https://vexere.com/vi-VN/ve-xe-khach-tu-sai-gon-di-pleiku.html?date=26-09-2026&lt=1
2026-09-26 00:00:26,328 | WARNING  | Hồ Chí Minh -> Pleiku: Không tìm thấy ticket (có thể hết chuyến ngày 26-09-2026 hoặc URL sai)
2026-09-26 00:00:26,379 | INFO     | Đã lưu HTML debug: D:\TIỂU LUẬN CHUYÊN NGÀNH\TLCN-Travel\ingestion\transport\logs\debug_html\Hồ_Chí_Minh_Pleiku.html
2026-09-26 00:00:29,380 | INFO     | ======================================================================
2026-09-26 00:00:29,381 | INFO     | ROUTE 15/143: Hồ Chí Minh -> Sa Pa [bus]
2026-09-26 00:00:29,381 | INFO     | URL: https://vexere.com/vi-VN/ve-xe-khach-tu-sai-gon-di-sa-pa.html?date=26-09-2026&lt=1
2026-09-26 00:00:35,404 | WARNING  | Hồ Chí Minh -> Sa Pa: Không tìm thấy ticket (có thể hết chuyến ngày 26-09-2026 hoặc URL sai)
2026-09-26 00:00:35,442 | INFO     | Đã lưu HTML debug: D:\TIỂU LUẬN CHUYÊN NGÀNH\TLCN-Travel\ingestion\transport\logs\debug_html\Hồ_Chí_Minh_Sa_Pa.html
2026-09-26 00:00:38,443 | INFO     | ======================================================================
2026-09-26 00:00:38,443 | INFO     | ROUTE 16/143: Hồ Chí Minh -> Hạ Long [bus]
2026-09-26 00:00:38,444 | INFO     | URL: https://vexere.com/vi-VN/ve-xe-khach-tu-sai-gon-di-ha-long.html?date=26-09-2026&lt=1
2026-09-26 00:00:44,720 | WARNING  | Hồ Chí Minh -> Hạ Long: Không tìm thấy ticket (có thể hết chuyến ngày 26-09-2026 hoặc URL sai)
2026-09-26 00:00:44,752 | INFO     | Đã lưu HTML debug: D:\TIỂU LUẬN CHUYÊN NGÀNH\TLCN-Travel\ingestion\transport\logs\debug_html\Hồ_Chí_Minh_Hạ_Long.html
2026-09-26 00:00:47,753 | INFO     | ======================================================================
2026-09-26 00:00:47,753 | INFO     | ROUTE 17/143: Hồ Chí Minh -> Cát Bà [bus]
2026-09-26 00:00:47,753 | INFO     | URL: https://vexere.com/vi-VN/ve-xe-khach-tu-sai-gon-di-cat-ba.html?date=26-09-2026&lt=1
2026-09-26 00:00:53,621 | WARNING  | Hồ Chí Minh -> Cát Bà: Không tìm thấy ticket (có thể hết chuyến ngày 26-09-2026 hoặc URL sai)
2026-09-26 00:00:53,664 | INFO     | Đã lưu HTML debug: D:\TIỂU LUẬN CHUYÊN NGÀNH\TLCN-Travel\ingestion\transport\logs\debug_html\Hồ_Chí_Minh_Cát_Bà.html
2026-09-26 00:00:56,665 | INFO     | ======================================================================
2026-09-26 00:00:56,666 | INFO     | ROUTE 18/143: Hồ Chí Minh -> Hải Phòng [bus]
2026-09-26 00:00:56,666 | INFO     | URL: https://vexere.com/vi-VN/ve-xe-khach-tu-sai-gon-di-hai-phong.html?date=26-09-2026&lt=1
2026-09-26 00:01:02,803 | WARNING  | Hồ Chí Minh -> Hải Phòng: Không tìm thấy ticket (có thể hết chuyến ngày 26-09-2026 hoặc URL sai)
2026-09-26 00:01:02,832 | INFO     | Đã lưu HTML debug: D:\TIỂU LUẬN CHUYÊN NGÀNH\TLCN-Travel\ingestion\transport\logs\debug_html\Hồ_Chí_Minh_Hải_Phòng.html
2026-09-26 00:01:05,833 | INFO     | ======================================================================
2026-09-26 00:01:05,834 | INFO     | ROUTE 19/143: Hồ Chí Minh -> Quảng Ninh [bus]
2026-09-26 00:01:05,834 | INFO     | URL: https://vexere.com/vi-VN/ve-xe-khach-tu-sai-gon-di-quang-ninh.html?date=26-09-2026&lt=1
2026-09-26 00:01:12,516 | WARNING  | Hồ Chí Minh -> Quảng Ninh: Không tìm thấy ticket (có thể hết chuyến ngày 26-09-2026 hoặc URL sai)
2026-09-26 00:01:12,555 | INFO     | Đã lưu HTML debug: D:\TIỂU LUẬN CHUYÊN NGÀNH\TLCN-Travel\ingestion\transport\logs\debug_html\Hồ_Chí_Minh_Quảng_Ninh.html
2026-09-26 00:01:15,556 | INFO     | ======================================================================
2026-09-26 00:01:15,556 | INFO     | ROUTE 20/143: Hồ Chí Minh -> Ninh Bình [bus]
2026-09-26 00:01:15,556 | INFO     | URL: https://vexere.com/vi-VN/ve-xe-khach-tu-sai-gon-di-ninh-binh.html?date=26-09-2026&lt=1
2026-09-26 00:01:21,776 | WARNING  | Hồ Chí Minh -> Ninh Bình: Không tìm thấy ticket (có thể hết chuyến ngày 26-09-2026 hoặc URL sai)
2026-09-26 00:01:21,816 | INFO     | Đã lưu HTML debug: D:\TIỂU LUẬN CHUYÊN NGÀNH\TLCN-Travel\ingestion\transport\logs\debug_html\Hồ_Chí_Minh_Ninh_Bình.html
2026-09-26 00:01:24,817 | INFO     | ======================================================================
2026-09-26 00:01:24,817 | INFO     | ROUTE 21/143: Hồ Chí Minh -> Thanh Hóa [bus]
2026-09-26 00:01:24,817 | INFO     | URL: https://vexere.com/vi-VN/ve-xe-khach-tu-sai-gon-di-thanh-hoa.html?date=26-09-2026&lt=1
2026-09-26 00:01:31,326 | WARNING  | Hồ Chí Minh -> Thanh Hóa: Không tìm thấy ticket (có thể hết chuyến ngày 26-09-2026 hoặc URL sai)
2026-09-26 00:01:31,356 | INFO     | Đã lưu HTML debug: D:\TIỂU LUẬN CHUYÊN NGÀNH\TLCN-Travel\ingestion\transport\logs\debug_html\Hồ_Chí_Minh_Thanh_Hóa.html
2026-09-26 00:01:34,357 | INFO     | ======================================================================
2026-09-26 00:01:34,357 | INFO     | ROUTE 22/143: Hồ Chí Minh -> Nghệ An [bus]
2026-09-26 00:01:34,358 | INFO     | URL: https://vexere.com/vi-VN/ve-xe-khach-tu-sai-gon-di-nghe-an.html?date=26-09-2026&lt=1
2026-09-26 00:01:40,634 | WARNING  | Hồ Chí Minh -> Nghệ An: Không tìm thấy ticket (có thể hết chuyến ngày 26-09-2026 hoặc URL sai)
2026-09-26 00:01:40,670 | INFO     | Đã lưu HTML debug: D:\TIỂU LUẬN CHUYÊN NGÀNH\TLCN-Travel\ingestion\transport\logs\debug_html\Hồ_Chí_Minh_Nghệ_An.html
2026-09-26 00:01:43,670 | INFO     | ======================================================================
2026-09-26 00:01:43,671 | INFO     | ROUTE 23/143: Hồ Chí Minh -> Vinh [bus]
2026-09-26 00:01:43,671 | INFO     | URL: https://vexere.com/vi-VN/ve-xe-khach-tu-sai-gon-di-vinh.html?date=26-09-2026&lt=1
2026-09-26 00:01:49,926 | WARNING  | Hồ Chí Minh -> Vinh: Không tìm thấy ticket (có thể hết chuyến ngày 26-09-2026 hoặc URL sai)
2026-09-26 00:01:49,964 | INFO     | Đã lưu HTML debug: D:\TIỂU LUẬN CHUYÊN NGÀNH\TLCN-Travel\ingestion\transport\logs\debug_html\Hồ_Chí_Minh_Vinh.html
2026-09-26 00:01:52,965 | INFO     | ======================================================================
2026-09-26 00:01:52,966 | INFO     | ROUTE 24/143: Hồ Chí Minh -> Hà Tĩnh [bus]
2026-09-26 00:01:52,966 | INFO     | URL: https://vexere.com/vi-VN/ve-xe-khach-tu-sai-gon-di-ha-tinh.html?date=26-09-2026&lt=1
2026-09-26 00:01:59,521 | WARNING  | Hồ Chí Minh -> Hà Tĩnh: Không tìm thấy ticket (có thể hết chuyến ngày 26-09-2026 hoặc URL sai)
2026-09-26 00:01:59,605 | INFO     | Đã lưu HTML debug: D:\TIỂU LUẬN CHUYÊN NGÀNH\TLCN-Travel\ingestion\transport\logs\debug_html\Hồ_Chí_Minh_Hà_Tĩnh.html
2026-09-26 00:02:02,605 | INFO     | ======================================================================
2026-09-26 00:02:02,606 | INFO     | ROUTE 25/143: Hồ Chí Minh -> Quảng Bình [bus]
2026-09-26 00:02:02,606 | INFO     | URL: https://vexere.com/vi-VN/ve-xe-khach-tu-sai-gon-di-quang-binh.html?date=26-09-2026&lt=1
2026-09-26 00:02:09,012 | WARNING  | Hồ Chí Minh -> Quảng Bình: Không tìm thấy ticket (có thể hết chuyến ngày 26-09-2026 hoặc URL sai)
2026-09-26 00:02:09,055 | INFO     | Đã lưu HTML debug: D:\TIỂU LUẬN CHUYÊN NGÀNH\TLCN-Travel\ingestion\transport\logs\debug_html\Hồ_Chí_Minh_Quảng_Bình.html
2026-09-26 00:02:12,056 | INFO     | ======================================================================
2026-09-26 00:02:12,056 | INFO     | ROUTE 26/143: Hồ Chí Minh -> Đồng Hới [bus]
2026-09-26 00:02:12,056 | INFO     | URL: https://vexere.com/vi-VN/ve-xe-khach-tu-sai-gon-di-dong-hoi.html?date=26-09-2026&lt=1
2026-09-26 00:02:18,403 | WARNING  | Hồ Chí Minh -> Đồng Hới: Không tìm thấy ticket (có thể hết chuyến ngày 26-09-2026 hoặc URL sai)
2026-09-26 00:02:18,437 | INFO     | Đã lưu HTML debug: D:\TIỂU LUẬN CHUYÊN NGÀNH\TLCN-Travel\ingestion\transport\logs\debug_html\Hồ_Chí_Minh_Đồng_Hới.html
2026-09-26 00:02:21,437 | INFO     | ======================================================================
2026-09-26 00:02:21,438 | INFO     | ROUTE 27/143: Hồ Chí Minh -> Quảng Trị [bus]
2026-09-26 00:02:21,438 | INFO     | URL: https://vexere.com/vi-VN/ve-xe-khach-tu-sai-gon-di-quang-tri.html?date=26-09-2026&lt=1
2026-09-26 00:02:27,554 | WARNING  | Hồ Chí Minh -> Quảng Trị: Không tìm thấy ticket (có thể hết chuyến ngày 26-09-2026 hoặc URL sai)
2026-09-26 00:02:27,599 | INFO     | Đã lưu HTML debug: D:\TIỂU LUẬN CHUYÊN NGÀNH\TLCN-Travel\ingestion\transport\logs\debug_html\Hồ_Chí_Minh_Quảng_Trị.html
2026-09-26 00:02:30,600 | INFO     | ======================================================================
2026-09-26 00:02:30,600 | INFO     | ROUTE 28/143: Hồ Chí Minh -> Đông Hà [bus]
2026-09-26 00:02:30,601 | INFO     | URL: https://vexere.com/vi-VN/ve-xe-khach-tu-sai-gon-di-dong-ha.html?date=26-09-2026&lt=1
2026-09-26 00:02:37,011 | WARNING  | Hồ Chí Minh -> Đông Hà: Không tìm thấy ticket (có thể hết chuyến ngày 26-09-2026 hoặc URL sai)
2026-09-26 00:02:37,040 | INFO     | Đã lưu HTML debug: D:\TIỂU LUẬN CHUYÊN NGÀNH\TLCN-Travel\ingestion\transport\logs\debug_html\Hồ_Chí_Minh_Đông_Hà.html
2026-09-26 00:02:40,040 | INFO     | ======================================================================
2026-09-26 00:02:40,041 | INFO     | ROUTE 29/143: Hồ Chí Minh -> Thừa Thiên Huế [bus]
2026-09-26 00:02:40,041 | INFO     | URL: https://vexere.com/vi-VN/ve-xe-khach-tu-sai-gon-di-thua-thien-hue.html?date=26-09-2026&lt=1
2026-09-26 00:02:46,308 | WARNING  | Hồ Chí Minh -> Thừa Thiên Huế: Không tìm thấy ticket (có thể hết chuyến ngày 26-09-2026 hoặc URL sai)
2026-09-26 00:02:46,339 | INFO     | Đã lưu HTML debug: D:\TIỂU LUẬN CHUYÊN NGÀNH\TLCN-Travel\ingestion\transport\logs\debug_html\Hồ_Chí_Minh_Thừa_Thiên_Huế.html
2026-09-26 00:02:49,340 | INFO     | ======================================================================
2026-09-26 00:02:49,340 | INFO     | ROUTE 30/143: Hồ Chí Minh -> Quảng Nam [bus]
2026-09-26 00:02:49,340 | INFO     | URL: https://vexere.com/vi-VN/ve-xe-khach-tu-sai-gon-di-quang-nam.html?date=26-09-2026&lt=1
2026-09-26 00:02:55,502 | WARNING  | Hồ Chí Minh -> Quảng Nam: Không tìm thấy ticket (có thể hết chuyến ngày 26-09-2026 hoặc URL sai)
2026-09-26 00:02:55,539 | INFO     | Đã lưu HTML debug: D:\TIỂU LUẬN CHUYÊN NGÀNH\TLCN-Travel\ingestion\transport\logs\debug_html\Hồ_Chí_Minh_Quảng_Nam.html
2026-09-26 00:02:58,539 | INFO     | ======================================================================
2026-09-26 00:02:58,540 | INFO     | ROUTE 31/143: Hồ Chí Minh -> Tam Kỳ [bus]
2026-09-26 00:02:58,540 | INFO     | URL: https://vexere.com/vi-VN/ve-xe-khach-tu-sai-gon-di-tam-ky.html?date=26-09-2026&lt=1
2026-09-26 00:03:04,810 | WARNING  | Hồ Chí Minh -> Tam Kỳ: Không tìm thấy ticket (có thể hết chuyến ngày 26-09-2026 hoặc URL sai)
2026-09-26 00:03:04,843 | INFO     | Đã lưu HTML debug: D:\TIỂU LUẬN CHUYÊN NGÀNH\TLCN-Travel\ingestion\transport\logs\debug_html\Hồ_Chí_Minh_Tam_Kỳ.html
2026-09-26 00:03:07,844 | INFO     | ======================================================================
2026-09-26 00:03:07,844 | INFO     | ROUTE 32/143: Hồ Chí Minh -> Quảng Ngãi [bus]
2026-09-26 00:03:07,844 | INFO     | URL: https://vexere.com/vi-VN/ve-xe-khach-tu-sai-gon-di-quang-ngai.html?date=26-09-2026&lt=1
2026-09-26 00:03:14,102 | WARNING  | Hồ Chí Minh -> Quảng Ngãi: Không tìm thấy ticket (có thể hết chuyến ngày 26-09-2026 hoặc URL sai)
2026-09-26 00:03:14,136 | INFO     | Đã lưu HTML debug: D:\TIỂU LUẬN CHUYÊN NGÀNH\TLCN-Travel\ingestion\transport\logs\debug_html\Hồ_Chí_Minh_Quảng_Ngãi.html
2026-09-26 00:03:17,136 | INFO     | ======================================================================
2026-09-26 00:03:17,137 | INFO     | ROUTE 33/143: Hồ Chí Minh -> Bình Định [bus]
2026-09-26 00:03:17,137 | INFO     | URL: https://vexere.com/vi-VN/ve-xe-khach-tu-sai-gon-di-binh-dinh.html?date=26-09-2026&lt=1
2026-09-26 00:03:23,447 | WARNING  | Hồ Chí Minh -> Bình Định: Không tìm thấy ticket (có thể hết chuyến ngày 26-09-2026 hoặc URL sai)
2026-09-26 00:03:23,512 | INFO     | Đã lưu HTML debug: D:\TIỂU LUẬN CHUYÊN NGÀNH\TLCN-Travel\ingestion\transport\logs\debug_html\Hồ_Chí_Minh_Bình_Định.html
2026-09-26 00:03:26,512 | INFO     | ======================================================================
2026-09-26 00:03:26,513 | INFO     | ROUTE 34/143: Hồ Chí Minh -> Phú Yên [bus]
2026-09-26 00:03:26,513 | INFO     | URL: https://vexere.com/vi-VN/ve-xe-khach-tu-sai-gon-di-phu-yen.html?date=26-09-2026&lt=1
2026-09-26 00:03:32,996 | WARNING  | Hồ Chí Minh -> Phú Yên: Không tìm thấy ticket (có thể hết chuyến ngày 26-09-2026 hoặc URL sai)
2026-09-26 00:03:33,031 | INFO     | Đã lưu HTML debug: D:\TIỂU LUẬN CHUYÊN NGÀNH\TLCN-Travel\ingestion\transport\logs\debug_html\Hồ_Chí_Minh_Phú_Yên.html
2026-09-26 00:03:36,032 | INFO     | ======================================================================
2026-09-26 00:03:36,033 | INFO     | ROUTE 35/143: Hồ Chí Minh -> Tuy Hòa [bus]
2026-09-26 00:03:36,033 | INFO     | URL: https://vexere.com/vi-VN/ve-xe-khach-tu-sai-gon-di-tuy-hoa.html?date=26-09-2026&lt=1
2026-09-26 00:03:42,605 | WARNING  | Hồ Chí Minh -> Tuy Hòa: Không tìm thấy ticket (có thể hết chuyến ngày 26-09-2026 hoặc URL sai)
2026-09-26 00:03:42,638 | INFO     | Đã lưu HTML debug: D:\TIỂU LUẬN CHUYÊN NGÀNH\TLCN-Travel\ingestion\transport\logs\debug_html\Hồ_Chí_Minh_Tuy_Hòa.html
2026-09-26 00:03:45,639 | INFO     | ======================================================================
2026-09-26 00:03:45,640 | INFO     | ROUTE 36/143: Hồ Chí Minh -> Khánh Hòa [bus]
2026-09-26 00:03:45,640 | INFO     | URL: https://vexere.com/vi-VN/ve-xe-khach-tu-sai-gon-di-khanh-hoa.html?date=26-09-2026&lt=1
2026-09-26 00:03:51,948 | WARNING  | Hồ Chí Minh -> Khánh Hòa: Không tìm thấy ticket (có thể hết chuyến ngày 26-09-2026 hoặc URL sai)
2026-09-26 00:03:51,981 | INFO     | Đã lưu HTML debug: D:\TIỂU LUẬN CHUYÊN NGÀNH\TLCN-Travel\ingestion\transport\logs\debug_html\Hồ_Chí_Minh_Khánh_Hòa.html
2026-09-26 00:03:54,982 | INFO     | ======================================================================
2026-09-26 00:03:54,983 | INFO     | ROUTE 37/143: Hồ Chí Minh -> Cam Ranh [bus]
2026-09-26 00:03:54,983 | INFO     | URL: https://vexere.com/vi-VN/ve-xe-khach-tu-sai-gon-di-cam-ranh.html?date=26-09-2026&lt=1
2026-09-26 00:04:01,338 | WARNING  | Hồ Chí Minh -> Cam Ranh: Không tìm thấy ticket (có thể hết chuyến ngày 26-09-2026 hoặc URL sai)
2026-09-26 00:04:01,368 | INFO     | Đã lưu HTML debug: D:\TIỂU LUẬN CHUYÊN NGÀNH\TLCN-Travel\ingestion\transport\logs\debug_html\Hồ_Chí_Minh_Cam_Ranh.html
2026-09-26 00:04:04,369 | INFO     | ======================================================================
2026-09-26 00:04:04,369 | INFO     | ROUTE 38/143: Hồ Chí Minh -> Ninh Thuận [bus]
2026-09-26 00:04:04,369 | INFO     | URL: https://vexere.com/vi-VN/ve-xe-khach-tu-sai-gon-di-ninh-thuan.html?date=26-09-2026&lt=1
2026-09-26 00:04:10,613 | WARNING  | Hồ Chí Minh -> Ninh Thuận: Không tìm thấy ticket (có thể hết chuyến ngày 26-09-2026 hoặc URL sai)
2026-09-26 00:04:10,644 | INFO     | Đã lưu HTML debug: D:\TIỂU LUẬN CHUYÊN NGÀNH\TLCN-Travel\ingestion\transport\logs\debug_html\Hồ_Chí_Minh_Ninh_Thuận.html
2026-09-26 00:04:13,645 | INFO     | ======================================================================
2026-09-26 00:04:13,646 | INFO     | ROUTE 39/143: Hồ Chí Minh -> Phan Rang [bus]
2026-09-26 00:04:13,646 | INFO     | URL: https://vexere.com/vi-VN/ve-xe-khach-tu-sai-gon-di-phan-rang.html?date=26-09-2026&lt=1
2026-09-26 00:04:20,042 | WARNING  | Hồ Chí Minh -> Phan Rang: Không tìm thấy ticket (có thể hết chuyến ngày 26-09-2026 hoặc URL sai)
2026-09-26 00:04:20,108 | INFO     | Đã lưu HTML debug: D:\TIỂU LUẬN CHUYÊN NGÀNH\TLCN-Travel\ingestion\transport\logs\debug_html\Hồ_Chí_Minh_Phan_Rang.html
2026-09-26 00:04:23,108 | INFO     | ======================================================================
2026-09-26 00:04:23,109 | INFO     | ROUTE 40/143: Hồ Chí Minh -> Bình Thuận [bus]
2026-09-26 00:04:23,109 | INFO     | URL: https://vexere.com/vi-VN/ve-xe-khach-tu-sai-gon-di-binh-thuan.html?date=26-09-2026&lt=1
2026-09-26 00:04:29,415 | WARNING  | Hồ Chí Minh -> Bình Thuận: Không tìm thấy ticket (có thể hết chuyến ngày 26-09-2026 hoặc URL sai)
2026-09-26 00:04:29,473 | INFO     | Đã lưu HTML debug: D:\TIỂU LUẬN CHUYÊN NGÀNH\TLCN-Travel\ingestion\transport\logs\debug_html\Hồ_Chí_Minh_Bình_Thuận.html
2026-09-26 00:04:32,474 | INFO     | ======================================================================
2026-09-26 00:04:32,475 | INFO     | ROUTE 41/143: Hồ Chí Minh -> Kon Tum [bus]
2026-09-26 00:04:32,475 | INFO     | URL: https://vexere.com/vi-VN/ve-xe-khach-tu-sai-gon-di-kon-tum.html?date=26-09-2026&lt=1
2026-09-26 00:04:39,023 | WARNING  | Hồ Chí Minh -> Kon Tum: Không tìm thấy ticket (có thể hết chuyến ngày 26-09-2026 hoặc URL sai)
2026-09-26 00:04:39,062 | INFO     | Đã lưu HTML debug: D:\TIỂU LUẬN CHUYÊN NGÀNH\TLCN-Travel\ingestion\transport\logs\debug_html\Hồ_Chí_Minh_Kon_Tum.html
2026-09-26 00:04:42,063 | INFO     | ======================================================================
2026-09-26 00:04:42,063 | INFO     | ROUTE 42/143: Hồ Chí Minh -> Gia Lai [bus]
2026-09-26 00:04:42,064 | INFO     | URL: https://vexere.com/vi-VN/ve-xe-khach-tu-sai-gon-di-gia-lai.html?date=26-09-2026&lt=1
2026-09-26 00:04:48,728 | WARNING  | Hồ Chí Minh -> Gia Lai: Không tìm thấy ticket (có thể hết chuyến ngày 26-09-2026 hoặc URL sai)
2026-09-26 00:04:48,763 | INFO     | Đã lưu HTML debug: D:\TIỂU LUẬN CHUYÊN NGÀNH\TLCN-Travel\ingestion\transport\logs\debug_html\Hồ_Chí_Minh_Gia_Lai.html
2026-09-26 00:04:51,764 | INFO     | ======================================================================
2026-09-26 00:04:51,764 | INFO     | ROUTE 43/143: Hồ Chí Minh -> Đắk Lắk [bus]
2026-09-26 00:04:51,765 | INFO     | URL: https://vexere.com/vi-VN/ve-xe-khach-tu-sai-gon-di-dak-lak.html?date=26-09-2026&lt=1
2026-09-26 00:04:57,819 | WARNING  | Hồ Chí Minh -> Đắk Lắk: Không tìm thấy ticket (có thể hết chuyến ngày 26-09-2026 hoặc URL sai)
2026-09-26 00:04:57,846 | INFO     | Đã lưu HTML debug: D:\TIỂU LUẬN CHUYÊN NGÀNH\TLCN-Travel\ingestion\transport\logs\debug_html\Hồ_Chí_Minh_Đắk_Lắk.html
2026-09-26 00:05:00,847 | INFO     | ======================================================================
2026-09-26 00:05:00,848 | INFO     | ROUTE 44/143: Hồ Chí Minh -> Đắk Nông [bus]
2026-09-26 00:05:00,848 | INFO     | URL: https://vexere.com/vi-VN/ve-xe-khach-tu-sai-gon-di-dak-nong.html?date=26-09-2026&lt=1
2026-09-26 00:05:06,979 | WARNING  | Hồ Chí Minh -> Đắk Nông: Không tìm thấy ticket (có thể hết chuyến ngày 26-09-2026 hoặc URL sai)
2026-09-26 00:05:07,036 | INFO     | Đã lưu HTML debug: D:\TIỂU LUẬN CHUYÊN NGÀNH\TLCN-Travel\ingestion\transport\logs\debug_html\Hồ_Chí_Minh_Đắk_Nông.html
2026-09-26 00:05:10,037 | INFO     | ======================================================================
2026-09-26 00:05:10,037 | INFO     | ROUTE 45/143: Hồ Chí Minh -> Lâm Đồng [bus]
2026-09-26 00:05:10,037 | INFO     | URL: https://vexere.com/vi-VN/ve-xe-khach-tu-sai-gon-di-lam-dong.html?date=26-09-2026&lt=1
2026-09-26 00:05:16,175 | WARNING  | Hồ Chí Minh -> Lâm Đồng: Không tìm thấy ticket (có thể hết chuyến ngày 26-09-2026 hoặc URL sai)
2026-09-26 00:05:16,216 | INFO     | Đã lưu HTML debug: D:\TIỂU LUẬN CHUYÊN NGÀNH\TLCN-Travel\ingestion\transport\logs\debug_html\Hồ_Chí_Minh_Lâm_Đồng.html
2026-09-26 00:05:19,217 | INFO     | ======================================================================
2026-09-26 00:05:19,217 | INFO     | ROUTE 46/143: Hồ Chí Minh -> Bảo Lộc [bus]
2026-09-26 00:05:19,218 | INFO     | URL: https://vexere.com/vi-VN/ve-xe-khach-tu-sai-gon-di-bao-loc.html?date=26-09-2026&lt=1
2026-09-26 00:05:25,367 | WARNING  | Hồ Chí Minh -> Bảo Lộc: Không tìm thấy ticket (có thể hết chuyến ngày 26-09-2026 hoặc URL sai)
2026-09-26 00:05:25,400 | INFO     | Đã lưu HTML debug: D:\TIỂU LUẬN CHUYÊN NGÀNH\TLCN-Travel\ingestion\transport\logs\debug_html\Hồ_Chí_Minh_Bảo_Lộc.html
2026-09-26 00:05:28,402 | INFO     | ======================================================================
2026-09-26 00:05:28,402 | INFO     | ROUTE 47/143: Hồ Chí Minh -> Bình Phước [bus]
2026-09-26 00:05:28,402 | INFO     | URL: https://vexere.com/vi-VN/ve-xe-khach-tu-sai-gon-di-binh-phuoc.html?date=26-09-2026&lt=1
2026-09-26 00:05:34,634 | WARNING  | Hồ Chí Minh -> Bình Phước: Không tìm thấy ticket (có thể hết chuyến ngày 26-09-2026 hoặc URL sai)
2026-09-26 00:05:34,664 | INFO     | Đã lưu HTML debug: D:\TIỂU LUẬN CHUYÊN NGÀNH\TLCN-Travel\ingestion\transport\logs\debug_html\Hồ_Chí_Minh_Bình_Phước.html
2026-09-26 00:05:37,665 | INFO     | ======================================================================
2026-09-26 00:05:37,666 | INFO     | ROUTE 48/143: Hồ Chí Minh -> Đồng Xoài [bus]
2026-09-26 00:05:37,666 | INFO     | URL: https://vexere.com/vi-VN/ve-xe-khach-tu-sai-gon-di-dong-xoai.html?date=26-09-2026&lt=1
2026-09-26 00:05:43,908 | WARNING  | Hồ Chí Minh -> Đồng Xoài: Không tìm thấy ticket (có thể hết chuyến ngày 26-09-2026 hoặc URL sai)
2026-09-26 00:05:43,953 | INFO     | Đã lưu HTML debug: D:\TIỂU LUẬN CHUYÊN NGÀNH\TLCN-Travel\ingestion\transport\logs\debug_html\Hồ_Chí_Minh_Đồng_Xoài.html
2026-09-26 00:05:46,954 | INFO     | ======================================================================
2026-09-26 00:05:46,955 | INFO     | ROUTE 49/143: Hồ Chí Minh -> Tây Ninh [bus]
2026-09-26 00:05:46,955 | INFO     | URL: https://vexere.com/vi-VN/ve-xe-khach-tu-sai-gon-di-tay-ninh.html?date=26-09-2026&lt=1
2026-09-26 00:05:53,422 | WARNING  | Hồ Chí Minh -> Tây Ninh: Không tìm thấy ticket (có thể hết chuyến ngày 26-09-2026 hoặc URL sai)
2026-09-26 00:05:53,473 | INFO     | Đã lưu HTML debug: D:\TIỂU LUẬN CHUYÊN NGÀNH\TLCN-Travel\ingestion\transport\logs\debug_html\Hồ_Chí_Minh_Tây_Ninh.html
2026-09-26 00:05:56,474 | INFO     | ======================================================================
2026-09-26 00:05:56,474 | INFO     | ROUTE 50/143: Hồ Chí Minh -> Bình Dương [bus]
2026-09-26 00:05:56,474 | INFO     | URL: https://vexere.com/vi-VN/ve-xe-khach-tu-sai-gon-di-binh-duong.html?date=26-09-2026&lt=1
2026-09-26 00:06:02,582 | WARNING  | Hồ Chí Minh -> Bình Dương: Không tìm thấy ticket (có thể hết chuyến ngày 26-09-2026 hoặc URL sai)
2026-09-26 00:06:02,610 | INFO     | Đã lưu HTML debug: D:\TIỂU LUẬN CHUYÊN NGÀNH\TLCN-Travel\ingestion\transport\logs\debug_html\Hồ_Chí_Minh_Bình_Dương.html
2026-09-26 00:06:05,611 | INFO     | ======================================================================
2026-09-26 00:06:05,611 | INFO     | ROUTE 51/143: Hồ Chí Minh -> Thủ Dầu Một [bus]
2026-09-26 00:06:05,612 | INFO     | URL: https://vexere.com/vi-VN/ve-xe-khach-tu-sai-gon-di-thu-dau-mot.html?date=26-09-2026&lt=1
2026-09-26 00:06:12,106 | WARNING  | Hồ Chí Minh -> Thủ Dầu Một: Không tìm thấy ticket (có thể hết chuyến ngày 26-09-2026 hoặc URL sai)
2026-09-26 00:06:12,151 | INFO     | Đã lưu HTML debug: D:\TIỂU LUẬN CHUYÊN NGÀNH\TLCN-Travel\ingestion\transport\logs\debug_html\Hồ_Chí_Minh_Thủ_Dầu_Một.html
2026-09-26 00:06:15,153 | INFO     | ======================================================================
2026-09-26 00:06:15,153 | INFO     | ROUTE 52/143: Hồ Chí Minh -> Dĩ An [bus]
2026-09-26 00:06:15,153 | INFO     | URL: https://vexere.com/vi-VN/ve-xe-khach-tu-sai-gon-di-di-an.html?date=26-09-2026&lt=1
2026-09-26 00:06:21,316 | WARNING  | Hồ Chí Minh -> Dĩ An: Không tìm thấy ticket (có thể hết chuyến ngày 26-09-2026 hoặc URL sai)
2026-09-26 00:06:21,352 | INFO     | Đã lưu HTML debug: D:\TIỂU LUẬN CHUYÊN NGÀNH\TLCN-Travel\ingestion\transport\logs\debug_html\Hồ_Chí_Minh_Dĩ_An.html
2026-09-26 00:06:24,353 | INFO     | ======================================================================
2026-09-26 00:06:24,353 | INFO     | ROUTE 53/143: Hồ Chí Minh -> Thuận An [bus]
2026-09-26 00:06:24,354 | INFO     | URL: https://vexere.com/vi-VN/ve-xe-khach-tu-sai-gon-di-thuan-an.html?date=26-09-2026&lt=1
2026-09-26 00:06:30,687 | WARNING  | Hồ Chí Minh -> Thuận An: Không tìm thấy ticket (có thể hết chuyến ngày 26-09-2026 hoặc URL sai)
2026-09-26 00:06:30,719 | INFO     | Đã lưu HTML debug: D:\TIỂU LUẬN CHUYÊN NGÀNH\TLCN-Travel\ingestion\transport\logs\debug_html\Hồ_Chí_Minh_Thuận_An.html
2026-09-26 00:06:33,720 | INFO     | ======================================================================
2026-09-26 00:06:33,721 | INFO     | ROUTE 54/143: Hồ Chí Minh -> Đồng Nai [bus]
2026-09-26 00:06:33,721 | INFO     | URL: https://vexere.com/vi-VN/ve-xe-khach-tu-sai-gon-di-dong-nai.html?date=26-09-2026&lt=1
2026-09-26 00:06:40,208 | WARNING  | Hồ Chí Minh -> Đồng Nai: Không tìm thấy ticket (có thể hết chuyến ngày 26-09-2026 hoặc URL sai)
2026-09-26 00:06:40,254 | INFO     | Đã lưu HTML debug: D:\TIỂU LUẬN CHUYÊN NGÀNH\TLCN-Travel\ingestion\transport\logs\debug_html\Hồ_Chí_Minh_Đồng_Nai.html
2026-09-26 00:06:43,255 | INFO     | ======================================================================
2026-09-26 00:06:43,255 | INFO     | ROUTE 55/143: Hồ Chí Minh -> Biên Hòa [bus]
2026-09-26 00:06:43,256 | INFO     | URL: https://vexere.com/vi-VN/ve-xe-khach-tu-sai-gon-di-bien-hoa.html?date=26-09-2026&lt=1
2026-09-26 00:06:49,691 | WARNING  | Hồ Chí Minh -> Biên Hòa: Không tìm thấy ticket (có thể hết chuyến ngày 26-09-2026 hoặc URL sai)
2026-09-26 00:06:49,735 | INFO     | Đã lưu HTML debug: D:\TIỂU LUẬN CHUYÊN NGÀNH\TLCN-Travel\ingestion\transport\logs\debug_html\Hồ_Chí_Minh_Biên_Hòa.html
2026-09-26 00:06:52,736 | INFO     | ======================================================================
2026-09-26 00:06:52,736 | INFO     | ROUTE 56/143: Hồ Chí Minh -> Long Khánh [bus]
2026-09-26 00:06:52,737 | INFO     | URL: https://vexere.com/vi-VN/ve-xe-khach-tu-sai-gon-di-long-khanh.html?date=26-09-2026&lt=1
2026-09-26 00:06:59,267 | WARNING  | Hồ Chí Minh -> Long Khánh: Không tìm thấy ticket (có thể hết chuyến ngày 26-09-2026 hoặc URL sai)
2026-09-26 00:06:59,298 | INFO     | Đã lưu HTML debug: D:\TIỂU LUẬN CHUYÊN NGÀNH\TLCN-Travel\ingestion\transport\logs\debug_html\Hồ_Chí_Minh_Long_Khánh.html
2026-09-26 00:07:02,299 | INFO     | ======================================================================
2026-09-26 00:07:02,299 | INFO     | ROUTE 57/143: Hồ Chí Minh -> Bà Rịa [bus]
2026-09-26 00:07:02,299 | INFO     | URL: https://vexere.com/vi-VN/ve-xe-khach-tu-sai-gon-di-ba-ria.html?date=26-09-2026&lt=1
2026-09-26 00:07:08,334 | WARNING  | Hồ Chí Minh -> Bà Rịa: Không tìm thấy ticket (có thể hết chuyến ngày 26-09-2026 hoặc URL sai)
2026-09-26 00:07:08,364 | INFO     | Đã lưu HTML debug: D:\TIỂU LUẬN CHUYÊN NGÀNH\TLCN-Travel\ingestion\transport\logs\debug_html\Hồ_Chí_Minh_Bà_Rịa.html
2026-09-26 00:07:11,365 | INFO     | ======================================================================
2026-09-26 00:07:11,365 | INFO     | ROUTE 58/143: Hồ Chí Minh -> Long An [bus]
2026-09-26 00:07:11,365 | INFO     | URL: https://vexere.com/vi-VN/ve-xe-khach-tu-sai-gon-di-long-an.html?date=26-09-2026&lt=1
2026-09-26 00:07:17,583 | WARNING  | Hồ Chí Minh -> Long An: Không tìm thấy ticket (có thể hết chuyến ngày 26-09-2026 hoặc URL sai)
2026-09-26 00:07:17,629 | INFO     | Đã lưu HTML debug: D:\TIỂU LUẬN CHUYÊN NGÀNH\TLCN-Travel\ingestion\transport\logs\debug_html\Hồ_Chí_Minh_Long_An.html
2026-09-26 00:07:20,629 | INFO     | ======================================================================
2026-09-26 00:07:20,630 | INFO     | ROUTE 59/143: Hồ Chí Minh -> Tân An [bus]
2026-09-26 00:07:20,630 | INFO     | URL: https://vexere.com/vi-VN/ve-xe-khach-tu-sai-gon-di-tan-an.html?date=26-09-2026&lt=1
2026-09-26 00:07:27,226 | WARNING  | Hồ Chí Minh -> Tân An: Không tìm thấy ticket (có thể hết chuyến ngày 26-09-2026 hoặc URL sai)
2026-09-26 00:07:27,296 | INFO     | Đã lưu HTML debug: D:\TIỂU LUẬN CHUYÊN NGÀNH\TLCN-Travel\ingestion\transport\logs\debug_html\Hồ_Chí_Minh_Tân_An.html
2026-09-26 00:07:30,297 | INFO     | ======================================================================
2026-09-26 00:07:30,297 | INFO     | ROUTE 60/143: Hồ Chí Minh -> Tiền Giang [bus]
2026-09-26 00:07:30,297 | INFO     | URL: https://vexere.com/vi-VN/ve-xe-khach-tu-sai-gon-di-tien-giang.html?date=26-09-2026&lt=1
2026-09-26 00:07:36,908 | WARNING  | Hồ Chí Minh -> Tiền Giang: Không tìm thấy ticket (có thể hết chuyến ngày 26-09-2026 hoặc URL sai)
2026-09-26 00:07:36,953 | INFO     | Đã lưu HTML debug: D:\TIỂU LUẬN CHUYÊN NGÀNH\TLCN-Travel\ingestion\transport\logs\debug_html\Hồ_Chí_Minh_Tiền_Giang.html
2026-09-26 00:07:39,954 | INFO     | ======================================================================
2026-09-26 00:07:39,955 | INFO     | ROUTE 61/143: Hồ Chí Minh -> Mỹ Tho [bus]
2026-09-26 00:07:39,955 | INFO     | URL: https://vexere.com/vi-VN/ve-xe-khach-tu-sai-gon-di-my-tho.html?date=26-09-2026&lt=1
2026-09-26 00:07:46,662 | WARNING  | Hồ Chí Minh -> Mỹ Tho: Không tìm thấy ticket (có thể hết chuyến ngày 26-09-2026 hoặc URL sai)
2026-09-26 00:07:46,692 | INFO     | Đã lưu HTML debug: D:\TIỂU LUẬN CHUYÊN NGÀNH\TLCN-Travel\ingestion\transport\logs\debug_html\Hồ_Chí_Minh_Mỹ_Tho.html
2026-09-26 00:07:49,693 | INFO     | ======================================================================
2026-09-26 00:07:49,693 | INFO     | ROUTE 62/143: Hồ Chí Minh -> Bến Tre [bus]
2026-09-26 00:07:49,694 | INFO     | URL: https://vexere.com/vi-VN/ve-xe-khach-tu-sai-gon-di-ben-tre.html?date=26-09-2026&lt=1
2026-09-26 00:07:56,021 | WARNING  | Hồ Chí Minh -> Bến Tre: Không tìm thấy ticket (có thể hết chuyến ngày 26-09-2026 hoặc URL sai)
2026-09-26 00:07:56,061 | INFO     | Đã lưu HTML debug: D:\TIỂU LUẬN CHUYÊN NGÀNH\TLCN-Travel\ingestion\transport\logs\debug_html\Hồ_Chí_Minh_Bến_Tre.html
2026-09-26 00:07:59,062 | INFO     | ======================================================================
2026-09-26 00:07:59,062 | INFO     | ROUTE 63/143: Hồ Chí Minh -> Trà Vinh [bus]
2026-09-26 00:07:59,063 | INFO     | URL: https://vexere.com/vi-VN/ve-xe-khach-tu-sai-gon-di-tra-vinh.html?date=26-09-2026&lt=1
2026-09-26 00:08:05,557 | WARNING  | Hồ Chí Minh -> Trà Vinh: Không tìm thấy ticket (có thể hết chuyến ngày 26-09-2026 hoặc URL sai)
2026-09-26 00:08:05,581 | INFO     | Đã lưu HTML debug: D:\TIỂU LUẬN CHUYÊN NGÀNH\TLCN-Travel\ingestion\transport\logs\debug_html\Hồ_Chí_Minh_Trà_Vinh.html
2026-09-26 00:08:08,582 | INFO     | ======================================================================
2026-09-26 00:08:08,583 | INFO     | ROUTE 64/143: Hồ Chí Minh -> Vĩnh Long [bus]
2026-09-26 00:08:08,583 | INFO     | URL: https://vexere.com/vi-VN/ve-xe-khach-tu-sai-gon-di-vinh-long.html?date=26-09-2026&lt=1
2026-09-26 00:08:14,739 | WARNING  | Hồ Chí Minh -> Vĩnh Long: Không tìm thấy ticket (có thể hết chuyến ngày 26-09-2026 hoặc URL sai)
2026-09-26 00:08:14,771 | INFO     | Đã lưu HTML debug: D:\TIỂU LUẬN CHUYÊN NGÀNH\TLCN-Travel\ingestion\transport\logs\debug_html\Hồ_Chí_Minh_Vĩnh_Long.html
2026-09-26 00:08:17,772 | INFO     | ======================================================================
2026-09-26 00:08:17,772 | INFO     | ROUTE 65/143: Hồ Chí Minh -> Đồng Tháp [bus]
2026-09-26 00:08:17,772 | INFO     | URL: https://vexere.com/vi-VN/ve-xe-khach-tu-sai-gon-di-dong-thap.html?date=26-09-2026&lt=1
2026-09-26 00:08:23,823 | WARNING  | Hồ Chí Minh -> Đồng Tháp: Không tìm thấy ticket (có thể hết chuyến ngày 26-09-2026 hoặc URL sai)
2026-09-26 00:08:23,854 | INFO     | Đã lưu HTML debug: D:\TIỂU LUẬN CHUYÊN NGÀNH\TLCN-Travel\ingestion\transport\logs\debug_html\Hồ_Chí_Minh_Đồng_Tháp.html
2026-09-26 00:08:26,855 | INFO     | ======================================================================
2026-09-26 00:08:26,855 | INFO     | ROUTE 66/143: Hồ Chí Minh -> Cao Lãnh [bus]
2026-09-26 00:08:26,855 | INFO     | URL: https://vexere.com/vi-VN/ve-xe-khach-tu-sai-gon-di-cao-lanh.html?date=26-09-2026&lt=1
2026-09-26 00:08:33,036 | WARNING  | Hồ Chí Minh -> Cao Lãnh: Không tìm thấy ticket (có thể hết chuyến ngày 26-09-2026 hoặc URL sai)
2026-09-26 00:08:33,076 | INFO     | Đã lưu HTML debug: D:\TIỂU LUẬN CHUYÊN NGÀNH\TLCN-Travel\ingestion\transport\logs\debug_html\Hồ_Chí_Minh_Cao_Lãnh.html
2026-09-26 00:08:36,077 | INFO     | ======================================================================
2026-09-26 00:08:36,078 | INFO     | ROUTE 67/143: Hồ Chí Minh -> Sa Đéc [bus]
2026-09-26 00:08:36,078 | INFO     | URL: https://vexere.com/vi-VN/ve-xe-khach-tu-sai-gon-di-sa-dec.html?date=26-09-2026&lt=1
2026-09-26 00:08:42,461 | WARNING  | Hồ Chí Minh -> Sa Đéc: Không tìm thấy ticket (có thể hết chuyến ngày 26-09-2026 hoặc URL sai)
2026-09-26 00:08:42,496 | INFO     | Đã lưu HTML debug: D:\TIỂU LUẬN CHUYÊN NGÀNH\TLCN-Travel\ingestion\transport\logs\debug_html\Hồ_Chí_Minh_Sa_Đéc.html
2026-09-26 00:08:45,496 | INFO     | ======================================================================
2026-09-26 00:08:45,497 | INFO     | ROUTE 68/143: Hồ Chí Minh -> An Giang [bus]
2026-09-26 00:08:45,497 | INFO     | URL: https://vexere.com/vi-VN/ve-xe-khach-tu-sai-gon-di-an-giang.html?date=26-09-2026&lt=1
2026-09-26 00:08:51,823 | WARNING  | Hồ Chí Minh -> An Giang: Không tìm thấy ticket (có thể hết chuyến ngày 26-09-2026 hoặc URL sai)
2026-09-26 00:08:51,855 | INFO     | Đã lưu HTML debug: D:\TIỂU LUẬN CHUYÊN NGÀNH\TLCN-Travel\ingestion\transport\logs\debug_html\Hồ_Chí_Minh_An_Giang.html
2026-09-26 00:08:54,856 | INFO     | ======================================================================
2026-09-26 00:08:54,857 | INFO     | ROUTE 69/143: Hồ Chí Minh -> Long Xuyên [bus]
2026-09-26 00:08:54,857 | INFO     | URL: https://vexere.com/vi-VN/ve-xe-khach-tu-sai-gon-di-long-xuyen.html?date=26-09-2026&lt=1
2026-09-26 00:09:01,147 | WARNING  | Hồ Chí Minh -> Long Xuyên: Không tìm thấy ticket (có thể hết chuyến ngày 26-09-2026 hoặc URL sai)
2026-09-26 00:09:01,213 | INFO     | Đã lưu HTML debug: D:\TIỂU LUẬN CHUYÊN NGÀNH\TLCN-Travel\ingestion\transport\logs\debug_html\Hồ_Chí_Minh_Long_Xuyên.html
2026-09-26 00:09:04,214 | INFO     | ======================================================================
2026-09-26 00:09:04,214 | INFO     | ROUTE 70/143: Hồ Chí Minh -> Châu Đốc [bus]
2026-09-26 00:09:04,215 | INFO     | URL: https://vexere.com/vi-VN/ve-xe-khach-tu-sai-gon-di-chau-doc.html?date=26-09-2026&lt=1
2026-09-26 00:09:10,770 | WARNING  | Hồ Chí Minh -> Châu Đốc: Không tìm thấy ticket (có thể hết chuyến ngày 26-09-2026 hoặc URL sai)
2026-09-26 00:09:10,799 | INFO     | Đã lưu HTML debug: D:\TIỂU LUẬN CHUYÊN NGÀNH\TLCN-Travel\ingestion\transport\logs\debug_html\Hồ_Chí_Minh_Châu_Đốc.html
2026-09-26 00:09:13,800 | INFO     | ======================================================================
2026-09-26 00:09:13,800 | INFO     | ROUTE 71/143: Hồ Chí Minh -> Kiên Giang [bus]
2026-09-26 00:09:13,801 | INFO     | URL: https://vexere.com/vi-VN/ve-xe-khach-tu-sai-gon-di-kien-giang.html?date=26-09-2026&lt=1
2026-09-26 00:09:20,284 | WARNING  | Hồ Chí Minh -> Kiên Giang: Không tìm thấy ticket (có thể hết chuyến ngày 26-09-2026 hoặc URL sai)
2026-09-26 00:09:20,322 | INFO     | Đã lưu HTML debug: D:\TIỂU LUẬN CHUYÊN NGÀNH\TLCN-Travel\ingestion\transport\logs\debug_html\Hồ_Chí_Minh_Kiên_Giang.html
2026-09-26 00:09:23,323 | INFO     | ======================================================================
2026-09-26 00:09:23,323 | INFO     | ROUTE 72/143: Hồ Chí Minh -> Rạch Giá [bus]
2026-09-26 00:09:23,324 | INFO     | URL: https://vexere.com/vi-VN/ve-xe-khach-tu-sai-gon-di-rach-gia.html?date=26-09-2026&lt=1
2026-09-26 00:09:29,496 | WARNING  | Hồ Chí Minh -> Rạch Giá: Không tìm thấy ticket (có thể hết chuyến ngày 26-09-2026 hoặc URL sai)
2026-09-26 00:09:29,527 | INFO     | Đã lưu HTML debug: D:\TIỂU LUẬN CHUYÊN NGÀNH\TLCN-Travel\ingestion\transport\logs\debug_html\Hồ_Chí_Minh_Rạch_Giá.html
2026-09-26 00:09:32,528 | INFO     | ======================================================================
2026-09-26 00:09:32,528 | INFO     | ROUTE 73/143: Hồ Chí Minh -> Hà Tiên [bus]
2026-09-26 00:09:32,529 | INFO     | URL: https://vexere.com/vi-VN/ve-xe-khach-tu-sai-gon-di-ha-tien.html?date=26-09-2026&lt=1
2026-09-26 00:09:39,002 | WARNING  | Hồ Chí Minh -> Hà Tiên: Không tìm thấy ticket (có thể hết chuyến ngày 26-09-2026 hoặc URL sai)
2026-09-26 00:09:39,038 | INFO     | Đã lưu HTML debug: D:\TIỂU LUẬN CHUYÊN NGÀNH\TLCN-Travel\ingestion\transport\logs\debug_html\Hồ_Chí_Minh_Hà_Tiên.html
2026-09-26 00:09:42,039 | INFO     | ======================================================================
2026-09-26 00:09:42,040 | INFO     | ROUTE 74/143: Hồ Chí Minh -> Hậu Giang [bus]
2026-09-26 00:09:42,040 | INFO     | URL: https://vexere.com/vi-VN/ve-xe-khach-tu-sai-gon-di-hau-giang.html?date=26-09-2026&lt=1
2026-09-26 00:09:48,272 | WARNING  | Hồ Chí Minh -> Hậu Giang: Không tìm thấy ticket (có thể hết chuyến ngày 26-09-2026 hoặc URL sai)
2026-09-26 00:09:48,349 | INFO     | Đã lưu HTML debug: D:\TIỂU LUẬN CHUYÊN NGÀNH\TLCN-Travel\ingestion\transport\logs\debug_html\Hồ_Chí_Minh_Hậu_Giang.html
2026-09-26 00:09:51,350 | INFO     | ======================================================================
2026-09-26 00:09:51,351 | INFO     | ROUTE 75/143: Hồ Chí Minh -> Vị Thanh [bus]
2026-09-26 00:09:51,351 | INFO     | URL: https://vexere.com/vi-VN/ve-xe-khach-tu-sai-gon-di-vi-thanh.html?date=26-09-2026&lt=1
2026-09-26 00:09:57,808 | WARNING  | Hồ Chí Minh -> Vị Thanh: Không tìm thấy ticket (có thể hết chuyến ngày 26-09-2026 hoặc URL sai)
2026-09-26 00:09:57,855 | INFO     | Đã lưu HTML debug: D:\TIỂU LUẬN CHUYÊN NGÀNH\TLCN-Travel\ingestion\transport\logs\debug_html\Hồ_Chí_Minh_Vị_Thanh.html
2026-09-26 00:10:00,857 | INFO     | ======================================================================
2026-09-26 00:10:00,858 | INFO     | ROUTE 76/143: Hồ Chí Minh -> Sóc Trăng [bus]
2026-09-26 00:10:00,858 | INFO     | URL: https://vexere.com/vi-VN/ve-xe-khach-tu-sai-gon-di-soc-trang.html?date=26-09-2026&lt=1
2026-09-26 00:10:07,314 | WARNING  | Hồ Chí Minh -> Sóc Trăng: Không tìm thấy ticket (có thể hết chuyến ngày 26-09-2026 hoặc URL sai)
2026-09-26 00:10:07,373 | INFO     | Đã lưu HTML debug: D:\TIỂU LUẬN CHUYÊN NGÀNH\TLCN-Travel\ingestion\transport\logs\debug_html\Hồ_Chí_Minh_Sóc_Trăng.html
2026-09-26 00:10:10,374 | INFO     | ======================================================================
2026-09-26 00:10:10,375 | INFO     | ROUTE 77/143: Hồ Chí Minh -> Bạc Liêu [bus]
2026-09-26 00:10:10,375 | INFO     | URL: https://vexere.com/vi-VN/ve-xe-khach-tu-sai-gon-di-bac-lieu.html?date=26-09-2026&lt=1
2026-09-26 00:10:16,903 | WARNING  | Hồ Chí Minh -> Bạc Liêu: Không tìm thấy ticket (có thể hết chuyến ngày 26-09-2026 hoặc URL sai)
2026-09-26 00:10:16,933 | INFO     | Đã lưu HTML debug: D:\TIỂU LUẬN CHUYÊN NGÀNH\TLCN-Travel\ingestion\transport\logs\debug_html\Hồ_Chí_Minh_Bạc_Liêu.html
2026-09-26 00:10:19,934 | INFO     | ======================================================================
2026-09-26 00:10:19,934 | INFO     | ROUTE 78/143: Hồ Chí Minh -> Cà Mau [bus]
2026-09-26 00:10:19,935 | INFO     | URL: https://vexere.com/vi-VN/ve-xe-khach-tu-sai-gon-di-ca-mau.html?date=26-09-2026&lt=1
2026-09-26 00:10:26,014 | WARNING  | Hồ Chí Minh -> Cà Mau: Không tìm thấy ticket (có thể hết chuyến ngày 26-09-2026 hoặc URL sai)
2026-09-26 00:10:26,042 | INFO     | Đã lưu HTML debug: D:\TIỂU LUẬN CHUYÊN NGÀNH\TLCN-Travel\ingestion\transport\logs\debug_html\Hồ_Chí_Minh_Cà_Mau.html
2026-09-26 00:10:29,043 | INFO     | ======================================================================
2026-09-26 00:10:29,043 | INFO     | ROUTE 79/143: Hồ Chí Minh -> Hải Dương [bus]
2026-09-26 00:10:29,044 | INFO     | URL: https://vexere.com/vi-VN/ve-xe-khach-tu-sai-gon-di-hai-duong.html?date=26-09-2026&lt=1
2026-09-26 00:10:35,237 | WARNING  | Hồ Chí Minh -> Hải Dương: Không tìm thấy ticket (có thể hết chuyến ngày 26-09-2026 hoặc URL sai)
2026-09-26 00:10:35,288 | INFO     | Đã lưu HTML debug: D:\TIỂU LUẬN CHUYÊN NGÀNH\TLCN-Travel\ingestion\transport\logs\debug_html\Hồ_Chí_Minh_Hải_Dương.html
2026-09-26 00:10:38,289 | INFO     | ======================================================================
2026-09-26 00:10:38,290 | INFO     | ROUTE 80/143: Hồ Chí Minh -> Hưng Yên [bus]
2026-09-26 00:10:38,290 | INFO     | URL: https://vexere.com/vi-VN/ve-xe-khach-tu-sai-gon-di-hung-yen.html?date=26-09-2026&lt=1
2026-09-26 00:10:44,474 | WARNING  | Hồ Chí Minh -> Hưng Yên: Không tìm thấy ticket (có thể hết chuyến ngày 26-09-2026 hoặc URL sai)
2026-09-26 00:10:44,499 | INFO     | Đã lưu HTML debug: D:\TIỂU LUẬN CHUYÊN NGÀNH\TLCN-Travel\ingestion\transport\logs\debug_html\Hồ_Chí_Minh_Hưng_Yên.html
2026-09-26 00:10:47,500 | INFO     | ======================================================================
2026-09-26 00:10:47,500 | INFO     | ROUTE 81/143: Hồ Chí Minh -> Bắc Ninh [bus]
2026-09-26 00:10:47,500 | INFO     | URL: https://vexere.com/vi-VN/ve-xe-khach-tu-sai-gon-di-bac-ninh.html?date=26-09-2026&lt=1
2026-09-26 00:10:53,735 | WARNING  | Hồ Chí Minh -> Bắc Ninh: Không tìm thấy ticket (có thể hết chuyến ngày 26-09-2026 hoặc URL sai)
2026-09-26 00:10:53,770 | INFO     | Đã lưu HTML debug: D:\TIỂU LUẬN CHUYÊN NGÀNH\TLCN-Travel\ingestion\transport\logs\debug_html\Hồ_Chí_Minh_Bắc_Ninh.html
2026-09-26 00:10:56,770 | INFO     | ======================================================================
2026-09-26 00:10:56,771 | INFO     | ROUTE 82/143: Hồ Chí Minh -> Vĩnh Phúc [bus]
2026-09-26 00:10:56,771 | INFO     | URL: https://vexere.com/vi-VN/ve-xe-khach-tu-sai-gon-di-vinh-phuc.html?date=26-09-2026&lt=1
2026-09-26 00:11:02,997 | WARNING  | Hồ Chí Minh -> Vĩnh Phúc: Không tìm thấy ticket (có thể hết chuyến ngày 26-09-2026 hoặc URL sai)
2026-09-26 00:11:03,042 | INFO     | Đã lưu HTML debug: D:\TIỂU LUẬN CHUYÊN NGÀNH\TLCN-Travel\ingestion\transport\logs\debug_html\Hồ_Chí_Minh_Vĩnh_Phúc.html
2026-09-26 00:11:06,043 | INFO     | ======================================================================
2026-09-26 00:11:06,043 | INFO     | ROUTE 83/143: Hồ Chí Minh -> Thái Nguyên [bus]
2026-09-26 00:11:06,044 | INFO     | URL: https://vexere.com/vi-VN/ve-xe-khach-tu-sai-gon-di-thai-nguyen.html?date=26-09-2026&lt=1
2026-09-26 00:11:12,461 | WARNING  | Hồ Chí Minh -> Thái Nguyên: Không tìm thấy ticket (có thể hết chuyến ngày 26-09-2026 hoặc URL sai)
2026-09-26 00:11:12,496 | INFO     | Đã lưu HTML debug: D:\TIỂU LUẬN CHUYÊN NGÀNH\TLCN-Travel\ingestion\transport\logs\debug_html\Hồ_Chí_Minh_Thái_Nguyên.html
2026-09-26 00:11:15,497 | INFO     | ======================================================================
2026-09-26 00:11:15,498 | INFO     | ROUTE 84/143: Hồ Chí Minh -> Phú Thọ [bus]
2026-09-26 00:11:15,498 | INFO     | URL: https://vexere.com/vi-VN/ve-xe-khach-tu-sai-gon-di-phu-tho.html?date=26-09-2026&lt=1
2026-09-26 00:11:22,228 | WARNING  | Hồ Chí Minh -> Phú Thọ: Không tìm thấy ticket (có thể hết chuyến ngày 26-09-2026 hoặc URL sai)
2026-09-26 00:11:22,279 | INFO     | Đã lưu HTML debug: D:\TIỂU LUẬN CHUYÊN NGÀNH\TLCN-Travel\ingestion\transport\logs\debug_html\Hồ_Chí_Minh_Phú_Thọ.html
2026-09-26 00:11:25,280 | INFO     | ======================================================================
2026-09-26 00:11:25,280 | INFO     | ROUTE 85/143: Hồ Chí Minh -> Bắc Giang [bus]
2026-09-26 00:11:25,280 | INFO     | URL: https://vexere.com/vi-VN/ve-xe-khach-tu-sai-gon-di-bac-giang.html?date=26-09-2026&lt=1
2026-09-26 00:11:31,812 | WARNING  | Hồ Chí Minh -> Bắc Giang: Không tìm thấy ticket (có thể hết chuyến ngày 26-09-2026 hoặc URL sai)
2026-09-26 00:11:31,851 | INFO     | Đã lưu HTML debug: D:\TIỂU LUẬN CHUYÊN NGÀNH\TLCN-Travel\ingestion\transport\logs\debug_html\Hồ_Chí_Minh_Bắc_Giang.html
2026-09-26 00:11:34,852 | INFO     | ======================================================================
2026-09-26 00:11:34,852 | INFO     | ROUTE 86/143: Hồ Chí Minh -> Lạng Sơn [bus]
2026-09-26 00:11:34,852 | INFO     | URL: https://vexere.com/vi-VN/ve-xe-khach-tu-sai-gon-di-lang-son.html?date=26-09-2026&lt=1
2026-09-26 00:11:40,914 | WARNING  | Hồ Chí Minh -> Lạng Sơn: Không tìm thấy ticket (có thể hết chuyến ngày 26-09-2026 hoặc URL sai)
2026-09-26 00:11:40,945 | INFO     | Đã lưu HTML debug: D:\TIỂU LUẬN CHUYÊN NGÀNH\TLCN-Travel\ingestion\transport\logs\debug_html\Hồ_Chí_Minh_Lạng_Sơn.html
2026-09-26 00:11:43,946 | INFO     | ======================================================================
2026-09-26 00:11:43,946 | INFO     | ROUTE 87/143: Hồ Chí Minh -> Cao Bằng [bus]
2026-09-26 00:11:43,947 | INFO     | URL: https://vexere.com/vi-VN/ve-xe-khach-tu-sai-gon-di-cao-bang.html?date=26-09-2026&lt=1
2026-09-26 00:11:50,588 | WARNING  | Hồ Chí Minh -> Cao Bằng: Không tìm thấy ticket (có thể hết chuyến ngày 26-09-2026 hoặc URL sai)
2026-09-26 00:11:50,625 | INFO     | Đã lưu HTML debug: D:\TIỂU LUẬN CHUYÊN NGÀNH\TLCN-Travel\ingestion\transport\logs\debug_html\Hồ_Chí_Minh_Cao_Bằng.html
2026-09-26 00:11:53,625 | INFO     | ======================================================================
2026-09-26 00:11:53,626 | INFO     | ROUTE 88/143: Hồ Chí Minh -> Bắc Kạn [bus]
2026-09-26 00:11:53,626 | INFO     | URL: https://vexere.com/vi-VN/ve-xe-khach-tu-sai-gon-di-bac-kan.html?date=26-09-2026&lt=1
2026-09-26 00:12:00,056 | WARNING  | Hồ Chí Minh -> Bắc Kạn: Không tìm thấy ticket (có thể hết chuyến ngày 26-09-2026 hoặc URL sai)
2026-09-26 00:12:00,086 | INFO     | Đã lưu HTML debug: D:\TIỂU LUẬN CHUYÊN NGÀNH\TLCN-Travel\ingestion\transport\logs\debug_html\Hồ_Chí_Minh_Bắc_Kạn.html
2026-09-26 00:12:03,087 | INFO     | ======================================================================
2026-09-26 00:12:03,087 | INFO     | ROUTE 89/143: Hồ Chí Minh -> Tuyên Quang [bus]
2026-09-26 00:12:03,088 | INFO     | URL: https://vexere.com/vi-VN/ve-xe-khach-tu-sai-gon-di-tuyen-quang.html?date=26-09-2026&lt=1
2026-09-26 00:12:09,374 | WARNING  | Hồ Chí Minh -> Tuyên Quang: Không tìm thấy ticket (có thể hết chuyến ngày 26-09-2026 hoặc URL sai)
2026-09-26 00:12:09,402 | INFO     | Đã lưu HTML debug: D:\TIỂU LUẬN CHUYÊN NGÀNH\TLCN-Travel\ingestion\transport\logs\debug_html\Hồ_Chí_Minh_Tuyên_Quang.html
2026-09-26 00:12:12,402 | INFO     | ======================================================================
2026-09-26 00:12:12,403 | INFO     | ROUTE 90/143: Hồ Chí Minh -> Hà Giang [bus]
2026-09-26 00:12:12,403 | INFO     | URL: https://vexere.com/vi-VN/ve-xe-khach-tu-sai-gon-di-ha-giang.html?date=26-09-2026&lt=1
2026-09-26 00:12:18,531 | WARNING  | Hồ Chí Minh -> Hà Giang: Không tìm thấy ticket (có thể hết chuyến ngày 26-09-2026 hoặc URL sai)
2026-09-26 00:12:18,560 | INFO     | Đã lưu HTML debug: D:\TIỂU LUẬN CHUYÊN NGÀNH\TLCN-Travel\ingestion\transport\logs\debug_html\Hồ_Chí_Minh_Hà_Giang.html
2026-09-26 00:12:21,561 | INFO     | ======================================================================
2026-09-26 00:12:21,561 | INFO     | ROUTE 91/143: Hồ Chí Minh -> Lào Cai [bus]
2026-09-26 00:12:21,561 | INFO     | URL: https://vexere.com/vi-VN/ve-xe-khach-tu-sai-gon-di-lao-cai.html?date=26-09-2026&lt=1
2026-09-26 00:12:27,939 | WARNING  | Hồ Chí Minh -> Lào Cai: Không tìm thấy ticket (có thể hết chuyến ngày 26-09-2026 hoặc URL sai)
2026-09-26 00:12:28,016 | INFO     | Đã lưu HTML debug: D:\TIỂU LUẬN CHUYÊN NGÀNH\TLCN-Travel\ingestion\transport\logs\debug_html\Hồ_Chí_Minh_Lào_Cai.html
2026-09-26 00:12:31,018 | INFO     | ======================================================================
2026-09-26 00:12:31,018 | INFO     | ROUTE 92/143: Hồ Chí Minh -> Yên Bái [bus]
2026-09-26 00:12:31,019 | INFO     | URL: https://vexere.com/vi-VN/ve-xe-khach-tu-sai-gon-di-yen-bai.html?date=26-09-2026&lt=1
2026-09-26 00:12:37,280 | WARNING  | Hồ Chí Minh -> Yên Bái: Không tìm thấy ticket (có thể hết chuyến ngày 26-09-2026 hoặc URL sai)
2026-09-26 00:12:37,333 | INFO     | Đã lưu HTML debug: D:\TIỂU LUẬN CHUYÊN NGÀNH\TLCN-Travel\ingestion\transport\logs\debug_html\Hồ_Chí_Minh_Yên_Bái.html
2026-09-26 00:12:40,334 | INFO     | ======================================================================
2026-09-26 00:12:40,334 | INFO     | ROUTE 93/143: Hồ Chí Minh -> Điện Biên [bus]
2026-09-26 00:12:40,334 | INFO     | URL: https://vexere.com/vi-VN/ve-xe-khach-tu-sai-gon-di-dien-bien.html?date=26-09-2026&lt=1
2026-09-26 00:12:46,468 | WARNING  | Hồ Chí Minh -> Điện Biên: Không tìm thấy ticket (có thể hết chuyến ngày 26-09-2026 hoặc URL sai)
2026-09-26 00:12:46,519 | INFO     | Đã lưu HTML debug: D:\TIỂU LUẬN CHUYÊN NGÀNH\TLCN-Travel\ingestion\transport\logs\debug_html\Hồ_Chí_Minh_Điện_Biên.html
2026-09-26 00:12:49,520 | INFO     | ======================================================================
2026-09-26 00:12:49,520 | INFO     | ROUTE 94/143: Hồ Chí Minh -> Lai Châu [bus]
2026-09-26 00:12:49,521 | INFO     | URL: https://vexere.com/vi-VN/ve-xe-khach-tu-sai-gon-di-lai-chau.html?date=26-09-2026&lt=1
2026-09-26 00:12:55,831 | WARNING  | Hồ Chí Minh -> Lai Châu: Không tìm thấy ticket (có thể hết chuyến ngày 26-09-2026 hoặc URL sai)
2026-09-26 00:12:55,883 | INFO     | Đã lưu HTML debug: D:\TIỂU LUẬN CHUYÊN NGÀNH\TLCN-Travel\ingestion\transport\logs\debug_html\Hồ_Chí_Minh_Lai_Châu.html
2026-09-26 00:12:58,883 | INFO     | ======================================================================
2026-09-26 00:12:58,884 | INFO     | ROUTE 95/143: Hồ Chí Minh -> Sơn La [bus]
2026-09-26 00:12:58,884 | INFO     | URL: https://vexere.com/vi-VN/ve-xe-khach-tu-sai-gon-di-son-la.html?date=26-09-2026&lt=1
2026-09-26 00:13:05,202 | WARNING  | Hồ Chí Minh -> Sơn La: Không tìm thấy ticket (có thể hết chuyến ngày 26-09-2026 hoặc URL sai)
2026-09-26 00:13:05,237 | INFO     | Đã lưu HTML debug: D:\TIỂU LUẬN CHUYÊN NGÀNH\TLCN-Travel\ingestion\transport\logs\debug_html\Hồ_Chí_Minh_Sơn_La.html
2026-09-26 00:13:08,237 | INFO     | ======================================================================
2026-09-26 00:13:08,238 | INFO     | ROUTE 96/143: Hồ Chí Minh -> Hòa Bình [bus]
2026-09-26 00:13:08,239 | INFO     | URL: https://vexere.com/vi-VN/ve-xe-khach-tu-sai-gon-di-hoa-binh.html?date=26-09-2026&lt=1
2026-09-26 00:13:14,657 | WARNING  | Hồ Chí Minh -> Hòa Bình: Không tìm thấy ticket (có thể hết chuyến ngày 26-09-2026 hoặc URL sai)
2026-09-26 00:13:14,689 | INFO     | Đã lưu HTML debug: D:\TIỂU LUẬN CHUYÊN NGÀNH\TLCN-Travel\ingestion\transport\logs\debug_html\Hồ_Chí_Minh_Hòa_Bình.html
2026-09-26 00:13:17,690 | INFO     | ======================================================================
2026-09-26 00:13:17,691 | INFO     | ROUTE 97/143: Hồ Chí Minh -> Nam Định [bus]
2026-09-26 00:13:17,691 | INFO     | URL: https://vexere.com/vi-VN/ve-xe-khach-tu-sai-gon-di-nam-dinh.html?date=26-09-2026&lt=1
2026-09-26 00:13:24,085 | WARNING  | Hồ Chí Minh -> Nam Định: Không tìm thấy ticket (có thể hết chuyến ngày 26-09-2026 hoặc URL sai)
2026-09-26 00:13:24,125 | INFO     | Đã lưu HTML debug: D:\TIỂU LUẬN CHUYÊN NGÀNH\TLCN-Travel\ingestion\transport\logs\debug_html\Hồ_Chí_Minh_Nam_Định.html
2026-09-26 00:13:27,126 | INFO     | ======================================================================
2026-09-26 00:13:27,127 | INFO     | ROUTE 98/143: Hồ Chí Minh -> Thái Bình [bus]
2026-09-26 00:13:27,127 | INFO     | URL: https://vexere.com/vi-VN/ve-xe-khach-tu-sai-gon-di-thai-binh.html?date=26-09-2026&lt=1
2026-09-26 00:13:33,851 | WARNING  | Hồ Chí Minh -> Thái Bình: Không tìm thấy ticket (có thể hết chuyến ngày 26-09-2026 hoặc URL sai)
2026-09-26 00:13:33,889 | INFO     | Đã lưu HTML debug: D:\TIỂU LUẬN CHUYÊN NGÀNH\TLCN-Travel\ingestion\transport\logs\debug_html\Hồ_Chí_Minh_Thái_Bình.html
2026-09-26 00:13:36,890 | INFO     | ======================================================================
2026-09-26 00:13:36,891 | INFO     | ROUTE 99/143: Hồ Chí Minh -> Hà Nam [bus]
2026-09-26 00:13:36,891 | INFO     | URL: https://vexere.com/vi-VN/ve-xe-khach-tu-sai-gon-di-ha-nam.html?date=26-09-2026&lt=1
2026-09-26 00:13:43,388 | WARNING  | Hồ Chí Minh -> Hà Nam: Không tìm thấy ticket (có thể hết chuyến ngày 26-09-2026 hoặc URL sai)
2026-09-26 00:13:43,424 | INFO     | Đã lưu HTML debug: D:\TIỂU LUẬN CHUYÊN NGÀNH\TLCN-Travel\ingestion\transport\logs\debug_html\Hồ_Chí_Minh_Hà_Nam.html
2026-09-26 00:13:46,425 | INFO     | ======================================================================
2026-09-26 00:13:46,426 | INFO     | ROUTE 100/143: Hồ Chí Minh -> Hà Nội [flight]
2026-09-26 00:13:46,427 | INFO     | URL: https://vexere.com/vi-VN/ve-may-bay/tu-sai-gon-di-ha-noi.html?date=26-09-2026
2026-09-26 00:13:58,568 | INFO     | Tìm thấy 1 card (flight) | selector=div[class*='ticket']
2026-09-26 00:13:58,620 | INFO     | Đã lưu HTML debug: D:\TIỂU LUẬN CHUYÊN NGÀNH\TLCN-Travel\ingestion\transport\logs\debug_html\Hồ_Chí_Minh_Hà_Nội.html
2026-09-26 00:13:58,621 | INFO     | Hoàn thành Hồ Chí Minh -> Hà Nội [flight]: 0 records
2026-09-26 00:14:01,622 | INFO     | ======================================================================
2026-09-26 00:14:01,622 | INFO     | ROUTE 101/143: Hồ Chí Minh -> Đà Nẵng [flight]
2026-09-26 00:14:01,623 | INFO     | URL: https://vexere.com/vi-VN/ve-may-bay/tu-sai-gon-di-da-nang.html?date=26-09-2026
2026-09-26 00:14:11,272 | INFO     | Tìm thấy 1 card (flight) | selector=div[class*='ticket']
2026-09-26 00:14:11,328 | INFO     | Đã lưu HTML debug: D:\TIỂU LUẬN CHUYÊN NGÀNH\TLCN-Travel\ingestion\transport\logs\debug_html\Hồ_Chí_Minh_Đà_Nẵng.html
2026-09-26 00:14:11,329 | INFO     | Hoàn thành Hồ Chí Minh -> Đà Nẵng [flight]: 0 records
2026-09-26 00:14:14,330 | INFO     | ======================================================================
2026-09-26 00:14:14,330 | INFO     | ROUTE 102/143: Hồ Chí Minh -> Nha Trang [flight]
2026-09-26 00:14:14,330 | INFO     | URL: https://vexere.com/vi-VN/ve-may-bay/tu-sai-gon-di-nha-trang.html?date=26-09-2026
2026-09-26 00:14:24,272 | INFO     | Tìm thấy 1 card (flight) | selector=div[class*='ticket']
2026-09-26 00:14:24,308 | INFO     | Đã lưu HTML debug: D:\TIỂU LUẬN CHUYÊN NGÀNH\TLCN-Travel\ingestion\transport\logs\debug_html\Hồ_Chí_Minh_Nha_Trang.html
2026-09-26 00:14:24,308 | INFO     | Hoàn thành Hồ Chí Minh -> Nha Trang [flight]: 0 records
2026-09-26 00:14:27,309 | INFO     | ======================================================================
2026-09-26 00:14:27,309 | INFO     | ROUTE 103/143: Hồ Chí Minh -> Đà Lạt [flight]
2026-09-26 00:14:27,310 | INFO     | URL: https://vexere.com/vi-VN/ve-may-bay/tu-sai-gon-di-da-lat.html?date=26-09-2026
2026-09-26 00:14:37,085 | INFO     | Tìm thấy 1 card (flight) | selector=div[class*='ticket']
2026-09-26 00:14:37,124 | INFO     | Đã lưu HTML debug: D:\TIỂU LUẬN CHUYÊN NGÀNH\TLCN-Travel\ingestion\transport\logs\debug_html\Hồ_Chí_Minh_Đà_Lạt.html
2026-09-26 00:14:37,124 | INFO     | Hoàn thành Hồ Chí Minh -> Đà Lạt [flight]: 0 records
2026-09-26 00:14:40,124 | INFO     | ======================================================================
2026-09-26 00:14:40,124 | INFO     | ROUTE 104/143: Hồ Chí Minh -> Huế [flight]
2026-09-26 00:14:40,125 | INFO     | URL: https://vexere.com/vi-VN/ve-may-bay/tu-sai-gon-di-hue.html?date=26-09-2026
2026-09-26 00:14:49,888 | INFO     | Tìm thấy 1 card (flight) | selector=div[class*='ticket']
2026-09-26 00:14:49,930 | INFO     | Đã lưu HTML debug: D:\TIỂU LUẬN CHUYÊN NGÀNH\TLCN-Travel\ingestion\transport\logs\debug_html\Hồ_Chí_Minh_Huế.html
2026-09-26 00:14:49,930 | INFO     | Hoàn thành Hồ Chí Minh -> Huế [flight]: 0 records
2026-09-26 00:14:52,931 | INFO     | ======================================================================
2026-09-26 00:14:52,932 | INFO     | ROUTE 105/143: Hồ Chí Minh -> Quy Nhơn [flight]
2026-09-26 00:14:52,932 | INFO     | URL: https://vexere.com/vi-VN/ve-may-bay/tu-sai-gon-di-quy-nhon.html?date=26-09-2026
2026-09-26 00:15:01,523 | INFO     | Tìm thấy 1 card (flight) | selector=div[class*='ticket']
2026-09-26 00:15:01,562 | INFO     | Đã lưu HTML debug: D:\TIỂU LUẬN CHUYÊN NGÀNH\TLCN-Travel\ingestion\transport\logs\debug_html\Hồ_Chí_Minh_Quy_Nhơn.html
2026-09-26 00:15:01,563 | INFO     | Hoàn thành Hồ Chí Minh -> Quy Nhơn [flight]: 0 records
2026-09-26 00:15:04,564 | INFO     | ======================================================================
2026-09-26 00:15:04,564 | INFO     | ROUTE 106/143: Hồ Chí Minh -> Buôn Ma Thuột [flight]
2026-09-26 00:15:04,564 | INFO     | URL: https://vexere.com/vi-VN/ve-may-bay/tu-sai-gon-di-buon-ma-thuot.html?date=26-09-2026
2026-09-26 00:15:14,499 | WARNING  | FLIGHT | Hồ Chí Minh -> Buôn Ma Thuột: Không tìm thấy card. Cần inspect DOM.
2026-09-26 00:15:14,664 | INFO     | Đã lưu HTML debug: D:\TIỂU LUẬN CHUYÊN NGÀNH\TLCN-Travel\ingestion\transport\logs\debug_html\Hồ_Chí_Minh_Buôn_Ma_Thuột.html
2026-09-26 00:15:14,665 | INFO     | Hoàn thành Hồ Chí Minh -> Buôn Ma Thuột [flight]: 0 records
2026-09-26 00:15:17,666 | INFO     | ======================================================================
2026-09-26 00:15:17,667 | INFO     | ROUTE 107/143: Hồ Chí Minh -> Pleiku [flight]
2026-09-26 00:15:17,668 | INFO     | URL: https://vexere.com/vi-VN/ve-may-bay/tu-sai-gon-di-pleiku.html?date=26-09-2026
2026-09-26 00:15:27,710 | INFO     | Tìm thấy 1 card (flight) | selector=div[class*='ticket']
2026-09-26 00:15:27,849 | INFO     | Đã lưu HTML debug: D:\TIỂU LUẬN CHUYÊN NGÀNH\TLCN-Travel\ingestion\transport\logs\debug_html\Hồ_Chí_Minh_Pleiku.html
2026-09-26 00:15:27,849 | INFO     | Hoàn thành Hồ Chí Minh -> Pleiku [flight]: 0 records
2026-09-26 00:15:30,850 | INFO     | ======================================================================
2026-09-26 00:15:30,850 | INFO     | ROUTE 108/143: Hồ Chí Minh -> Phú Quốc [flight]
2026-09-26 00:15:30,851 | INFO     | URL: https://vexere.com/vi-VN/ve-may-bay/tu-sai-gon-di-phu-quoc.html?date=26-09-2026
2026-09-26 00:15:40,638 | INFO     | Tìm thấy 1 card (flight) | selector=div[class*='ticket']
2026-09-26 00:15:40,746 | INFO     | Đã lưu HTML debug: D:\TIỂU LUẬN CHUYÊN NGÀNH\TLCN-Travel\ingestion\transport\logs\debug_html\Hồ_Chí_Minh_Phú_Quốc.html
2026-09-26 00:15:40,746 | INFO     | Hoàn thành Hồ Chí Minh -> Phú Quốc [flight]: 0 records
2026-09-26 00:15:43,747 | INFO     | ======================================================================
2026-09-26 00:15:43,748 | INFO     | ROUTE 109/143: Hồ Chí Minh -> Cần Thơ [flight]
2026-09-26 00:15:43,748 | INFO     | URL: https://vexere.com/vi-VN/ve-may-bay/tu-sai-gon-di-can-tho.html?date=26-09-2026
2026-09-26 00:15:53,497 | INFO     | Tìm thấy 1 card (flight) | selector=div[class*='ticket']
2026-09-26 00:15:53,538 | INFO     | Đã lưu HTML debug: D:\TIỂU LUẬN CHUYÊN NGÀNH\TLCN-Travel\ingestion\transport\logs\debug_html\Hồ_Chí_Minh_Cần_Thơ.html
2026-09-26 00:15:53,538 | INFO     | Hoàn thành Hồ Chí Minh -> Cần Thơ [flight]: 0 records
2026-09-26 00:15:56,539 | INFO     | ======================================================================
2026-09-26 00:15:56,540 | INFO     | ROUTE 110/143: Hồ Chí Minh -> Vinh [flight]
2026-09-26 00:15:56,540 | INFO     | URL: https://vexere.com/vi-VN/ve-may-bay/tu-sai-gon-di-vinh.html?date=26-09-2026
2026-09-26 00:16:06,224 | INFO     | Tìm thấy 1 card (flight) | selector=div[class*='ticket']
2026-09-26 00:16:06,272 | INFO     | Đã lưu HTML debug: D:\TIỂU LUẬN CHUYÊN NGÀNH\TLCN-Travel\ingestion\transport\logs\debug_html\Hồ_Chí_Minh_Vinh.html
2026-09-26 00:16:06,273 | INFO     | Hoàn thành Hồ Chí Minh -> Vinh [flight]: 0 records
2026-09-26 00:16:09,273 | INFO     | ======================================================================
2026-09-26 00:16:09,274 | INFO     | ROUTE 111/143: Hồ Chí Minh -> Thanh Hóa [flight]
2026-09-26 00:16:09,274 | INFO     | URL: https://vexere.com/vi-VN/ve-may-bay/tu-sai-gon-di-thanh-hoa.html?date=26-09-2026
2026-09-26 00:16:18,936 | INFO     | Tìm thấy 1 card (flight) | selector=div[class*='ticket']
2026-09-26 00:16:18,956 | INFO     | Đã lưu HTML debug: D:\TIỂU LUẬN CHUYÊN NGÀNH\TLCN-Travel\ingestion\transport\logs\debug_html\Hồ_Chí_Minh_Thanh_Hóa.html
2026-09-26 00:16:18,956 | INFO     | Hoàn thành Hồ Chí Minh -> Thanh Hóa [flight]: 0 records
2026-09-26 00:16:21,957 | INFO     | ======================================================================
2026-09-26 00:16:21,958 | INFO     | ROUTE 112/143: Hồ Chí Minh -> Hải Phòng [flight]
2026-09-26 00:16:21,958 | INFO     | URL: https://vexere.com/vi-VN/ve-may-bay/tu-sai-gon-di-hai-phong.html?date=26-09-2026
2026-09-26 00:16:31,682 | INFO     | Tìm thấy 1 card (flight) | selector=div[class*='ticket']
2026-09-26 00:16:31,728 | INFO     | Đã lưu HTML debug: D:\TIỂU LUẬN CHUYÊN NGÀNH\TLCN-Travel\ingestion\transport\logs\debug_html\Hồ_Chí_Minh_Hải_Phòng.html
2026-09-26 00:16:31,728 | INFO     | Hoàn thành Hồ Chí Minh -> Hải Phòng [flight]: 0 records
2026-09-26 00:16:34,729 | INFO     | ======================================================================
2026-09-26 00:16:34,730 | INFO     | ROUTE 113/143: Hồ Chí Minh -> Đồng Hới [flight]
2026-09-26 00:16:34,730 | INFO     | URL: https://vexere.com/vi-VN/ve-may-bay/tu-sai-gon-di-dong-hoi.html?date=26-09-2026
2026-09-26 00:16:44,223 | INFO     | Tìm thấy 1 card (flight) | selector=div[class*='ticket']
2026-09-26 00:16:44,258 | INFO     | Đã lưu HTML debug: D:\TIỂU LUẬN CHUYÊN NGÀNH\TLCN-Travel\ingestion\transport\logs\debug_html\Hồ_Chí_Minh_Đồng_Hới.html
2026-09-26 00:16:44,258 | INFO     | Hoàn thành Hồ Chí Minh -> Đồng Hới [flight]: 0 records
2026-09-26 00:16:47,259 | INFO     | ======================================================================
2026-09-26 00:16:47,260 | INFO     | ROUTE 114/143: Hồ Chí Minh -> Tuy Hòa [flight]
2026-09-26 00:16:47,260 | INFO     | URL: https://vexere.com/vi-VN/ve-may-bay/tu-sai-gon-di-tuy-hoa.html?date=26-09-2026
2026-09-26 00:16:56,756 | INFO     | Tìm thấy 1 card (flight) | selector=div[class*='ticket']
2026-09-26 00:16:56,826 | INFO     | Đã lưu HTML debug: D:\TIỂU LUẬN CHUYÊN NGÀNH\TLCN-Travel\ingestion\transport\logs\debug_html\Hồ_Chí_Minh_Tuy_Hòa.html
2026-09-26 00:16:56,826 | INFO     | Hoàn thành Hồ Chí Minh -> Tuy Hòa [flight]: 0 records
2026-09-26 00:16:59,827 | INFO     | ======================================================================
2026-09-26 00:16:59,828 | INFO     | ROUTE 115/143: Hồ Chí Minh -> Cam Ranh [flight]
2026-09-26 00:16:59,828 | INFO     | URL: https://vexere.com/vi-VN/ve-may-bay/tu-sai-gon-di-cam-ranh.html?date=26-09-2026
2026-09-26 00:17:09,852 | INFO     | Tìm thấy 1 card (flight) | selector=div[class*='ticket']
2026-09-26 00:17:09,882 | INFO     | Đã lưu HTML debug: D:\TIỂU LUẬN CHUYÊN NGÀNH\TLCN-Travel\ingestion\transport\logs\debug_html\Hồ_Chí_Minh_Cam_Ranh.html
2026-09-26 00:17:09,882 | INFO     | Hoàn thành Hồ Chí Minh -> Cam Ranh [flight]: 0 records
2026-09-26 00:17:12,883 | INFO     | ======================================================================
2026-09-26 00:17:12,884 | INFO     | ROUTE 116/143: Hồ Chí Minh -> Chu Lai [flight]
2026-09-26 00:17:12,884 | INFO     | URL: https://vexere.com/vi-VN/ve-may-bay/tu-sai-gon-di-chu-lai.html?date=26-09-2026
2026-09-26 00:17:22,368 | INFO     | Tìm thấy 1 card (flight) | selector=div[class*='ticket']
2026-09-26 00:17:22,425 | INFO     | Đã lưu HTML debug: D:\TIỂU LUẬN CHUYÊN NGÀNH\TLCN-Travel\ingestion\transport\logs\debug_html\Hồ_Chí_Minh_Chu_Lai.html
2026-09-26 00:17:22,425 | INFO     | Hoàn thành Hồ Chí Minh -> Chu Lai [flight]: 0 records
2026-09-26 00:17:25,426 | INFO     | ======================================================================
2026-09-26 00:17:25,427 | INFO     | ROUTE 117/143: Hồ Chí Minh -> Cà Mau [flight]
2026-09-26 00:17:25,427 | INFO     | URL: https://vexere.com/vi-VN/ve-may-bay/tu-sai-gon-di-ca-mau.html?date=26-09-2026
2026-09-26 00:17:35,232 | INFO     | Tìm thấy 1 card (flight) | selector=div[class*='ticket']
2026-09-26 00:17:35,262 | INFO     | Đã lưu HTML debug: D:\TIỂU LUẬN CHUYÊN NGÀNH\TLCN-Travel\ingestion\transport\logs\debug_html\Hồ_Chí_Minh_Cà_Mau.html
2026-09-26 00:17:35,262 | INFO     | Hoàn thành Hồ Chí Minh -> Cà Mau [flight]: 0 records
2026-09-26 00:17:38,263 | INFO     | ======================================================================
2026-09-26 00:17:38,264 | INFO     | ROUTE 118/143: Hồ Chí Minh -> Rạch Giá [flight]
2026-09-26 00:17:38,264 | INFO     | URL: https://vexere.com/vi-VN/ve-may-bay/tu-sai-gon-di-rach-gia.html?date=26-09-2026
2026-09-26 00:17:48,573 | INFO     | Tìm thấy 1 card (flight) | selector=div[class*='ticket']
2026-09-26 00:17:48,597 | INFO     | Đã lưu HTML debug: D:\TIỂU LUẬN CHUYÊN NGÀNH\TLCN-Travel\ingestion\transport\logs\debug_html\Hồ_Chí_Minh_Rạch_Giá.html
2026-09-26 00:17:48,597 | INFO     | Hoàn thành Hồ Chí Minh -> Rạch Giá [flight]: 0 records
2026-09-26 00:17:51,598 | INFO     | ======================================================================
2026-09-26 00:17:51,599 | INFO     | ROUTE 119/143: Hồ Chí Minh -> Côn Đảo [flight]
2026-09-26 00:17:51,600 | INFO     | URL: https://vexere.com/vi-VN/ve-may-bay/tu-sai-gon-di-con-dao.html?date=26-09-2026
2026-09-26 00:18:01,208 | INFO     | Tìm thấy 1 card (flight) | selector=div[class*='ticket']
2026-09-26 00:18:01,240 | INFO     | Đã lưu HTML debug: D:\TIỂU LUẬN CHUYÊN NGÀNH\TLCN-Travel\ingestion\transport\logs\debug_html\Hồ_Chí_Minh_Côn_Đảo.html
2026-09-26 00:18:01,240 | INFO     | Hoàn thành Hồ Chí Minh -> Côn Đảo [flight]: 0 records
2026-09-26 00:18:04,241 | INFO     | ======================================================================
2026-09-26 00:18:04,241 | INFO     | ROUTE 120/143: Hồ Chí Minh -> Hà Nội [train]
2026-09-26 00:18:04,242 | INFO     | URL: https://vexere.com/vi-VN/ve-tau-hoa/tu-sai-gon-di-ha-noi.html?date=26-09-2026
2026-09-26 00:18:13,781 | INFO     | Tìm thấy 1 card (train) | selector=div[class*='ticket']
2026-09-26 00:18:13,803 | INFO     | Đã lưu HTML debug: D:\TIỂU LUẬN CHUYÊN NGÀNH\TLCN-Travel\ingestion\transport\logs\debug_html\Hồ_Chí_Minh_Hà_Nội.html
2026-09-26 00:18:13,803 | INFO     | Hoàn thành Hồ Chí Minh -> Hà Nội [train]: 0 records
2026-09-26 00:18:16,805 | INFO     | ======================================================================
2026-09-26 00:18:16,805 | INFO     | ROUTE 121/143: Hồ Chí Minh -> Huế [train]
2026-09-26 00:18:16,806 | INFO     | URL: https://vexere.com/vi-VN/ve-tau-hoa/tu-sai-gon-di-hue.html?date=26-09-2026
2026-09-26 00:18:26,416 | INFO     | Tìm thấy 1 card (train) | selector=div[class*='ticket']
2026-09-26 00:18:26,516 | INFO     | Đã lưu HTML debug: D:\TIỂU LUẬN CHUYÊN NGÀNH\TLCN-Travel\ingestion\transport\logs\debug_html\Hồ_Chí_Minh_Huế.html
2026-09-26 00:18:26,516 | INFO     | Hoàn thành Hồ Chí Minh -> Huế [train]: 0 records
2026-09-26 00:18:29,517 | INFO     | ======================================================================
2026-09-26 00:18:29,518 | INFO     | ROUTE 122/143: Hồ Chí Minh -> Đà Nẵng [train]
2026-09-26 00:18:29,518 | INFO     | URL: https://vexere.com/vi-VN/ve-tau-hoa/tu-sai-gon-di-da-nang.html?date=26-09-2026
2026-09-26 00:18:39,042 | INFO     | Tìm thấy 1 card (train) | selector=div[class*='ticket']
2026-09-26 00:18:39,090 | INFO     | Đã lưu HTML debug: D:\TIỂU LUẬN CHUYÊN NGÀNH\TLCN-Travel\ingestion\transport\logs\debug_html\Hồ_Chí_Minh_Đà_Nẵng.html
2026-09-26 00:18:39,090 | INFO     | Hoàn thành Hồ Chí Minh -> Đà Nẵng [train]: 0 records
2026-09-26 00:18:42,091 | INFO     | ======================================================================
2026-09-26 00:18:42,091 | INFO     | ROUTE 123/143: Hồ Chí Minh -> Nha Trang [train]
2026-09-26 00:18:42,091 | INFO     | URL: https://vexere.com/vi-VN/ve-tau-hoa/tu-sai-gon-di-nha-trang.html?date=26-09-2026
2026-09-26 00:18:51,671 | INFO     | Tìm thấy 1 card (train) | selector=div[class*='ticket']
2026-09-26 00:18:51,706 | INFO     | Đã lưu HTML debug: D:\TIỂU LUẬN CHUYÊN NGÀNH\TLCN-Travel\ingestion\transport\logs\debug_html\Hồ_Chí_Minh_Nha_Trang.html
2026-09-26 00:18:51,706 | INFO     | Hoàn thành Hồ Chí Minh -> Nha Trang [train]: 0 records
2026-09-26 00:18:54,707 | INFO     | ======================================================================
2026-09-26 00:18:54,708 | INFO     | ROUTE 124/143: Hồ Chí Minh -> Quy Nhơn [train]
2026-09-26 00:18:54,709 | INFO     | URL: https://vexere.com/vi-VN/ve-tau-hoa/tu-sai-gon-di-quy-nhon.html?date=26-09-2026
2026-09-26 00:19:04,645 | INFO     | Tìm thấy 1 card (train) | selector=div[class*='ticket']
2026-09-26 00:19:04,689 | INFO     | Đã lưu HTML debug: D:\TIỂU LUẬN CHUYÊN NGÀNH\TLCN-Travel\ingestion\transport\logs\debug_html\Hồ_Chí_Minh_Quy_Nhơn.html
2026-09-26 00:19:04,690 | INFO     | Hoàn thành Hồ Chí Minh -> Quy Nhơn [train]: 0 records
2026-09-26 00:19:07,691 | INFO     | ======================================================================
2026-09-26 00:19:07,691 | INFO     | ROUTE 125/143: Hồ Chí Minh -> Vinh [train]
2026-09-26 00:19:07,691 | INFO     | URL: https://vexere.com/vi-VN/ve-tau-hoa/tu-sai-gon-di-vinh.html?date=26-09-2026
2026-09-26 00:19:17,447 | INFO     | Tìm thấy 1 card (train) | selector=div[class*='ticket']
2026-09-26 00:19:17,517 | INFO     | Đã lưu HTML debug: D:\TIỂU LUẬN CHUYÊN NGÀNH\TLCN-Travel\ingestion\transport\logs\debug_html\Hồ_Chí_Minh_Vinh.html
2026-09-26 00:19:17,517 | INFO     | Hoàn thành Hồ Chí Minh -> Vinh [train]: 0 records
2026-09-26 00:19:20,518 | INFO     | ======================================================================
2026-09-26 00:19:20,518 | INFO     | ROUTE 126/143: Hồ Chí Minh -> Thanh Hóa [train]
2026-09-26 00:19:20,518 | INFO     | URL: https://vexere.com/vi-VN/ve-tau-hoa/tu-sai-gon-di-thanh-hoa.html?date=26-09-2026
2026-09-26 00:19:30,226 | INFO     | Tìm thấy 1 card (train) | selector=div[class*='ticket']
2026-09-26 00:19:30,246 | INFO     | Đã lưu HTML debug: D:\TIỂU LUẬN CHUYÊN NGÀNH\TLCN-Travel\ingestion\transport\logs\debug_html\Hồ_Chí_Minh_Thanh_Hóa.html
2026-09-26 00:19:30,246 | INFO     | Hoàn thành Hồ Chí Minh -> Thanh Hóa [train]: 0 records
2026-09-26 00:19:33,247 | INFO     | ======================================================================
2026-09-26 00:19:33,248 | INFO     | ROUTE 127/143: Hồ Chí Minh -> Đồng Hới [train]
2026-09-26 00:19:33,248 | INFO     | URL: https://vexere.com/vi-VN/ve-tau-hoa/tu-sai-gon-di-dong-hoi.html?date=26-09-2026
2026-09-26 00:19:42,812 | INFO     | Tìm thấy 1 card (train) | selector=div[class*='ticket']
2026-09-26 00:19:42,859 | INFO     | Đã lưu HTML debug: D:\TIỂU LUẬN CHUYÊN NGÀNH\TLCN-Travel\ingestion\transport\logs\debug_html\Hồ_Chí_Minh_Đồng_Hới.html
2026-09-26 00:19:42,859 | INFO     | Hoàn thành Hồ Chí Minh -> Đồng Hới [train]: 0 records
2026-09-26 00:19:45,860 | INFO     | ======================================================================
2026-09-26 00:19:45,860 | INFO     | ROUTE 128/143: Hồ Chí Minh -> Phan Thiết [train]
2026-09-26 00:19:45,861 | INFO     | URL: https://vexere.com/vi-VN/ve-tau-hoa/tu-sai-gon-di-phan-thiet.html?date=26-09-2026
2026-09-26 00:19:55,810 | INFO     | Tìm thấy 1 card (train) | selector=div[class*='ticket']
2026-09-26 00:19:55,859 | INFO     | Đã lưu HTML debug: D:\TIỂU LUẬN CHUYÊN NGÀNH\TLCN-Travel\ingestion\transport\logs\debug_html\Hồ_Chí_Minh_Phan_Thiết.html
2026-09-26 00:19:55,860 | INFO     | Hoàn thành Hồ Chí Minh -> Phan Thiết [train]: 0 records
2026-09-26 00:19:58,861 | INFO     | ======================================================================
2026-09-26 00:19:58,861 | INFO     | ROUTE 129/143: Hồ Chí Minh -> Bình Thuận [train]
2026-09-26 00:19:58,861 | INFO     | URL: https://vexere.com/vi-VN/ve-tau-hoa/tu-sai-gon-di-binh-thuan.html?date=26-09-2026
2026-09-26 00:20:08,649 | INFO     | Tìm thấy 1 card (train) | selector=div[class*='ticket']
2026-09-26 00:20:08,695 | INFO     | Đã lưu HTML debug: D:\TIỂU LUẬN CHUYÊN NGÀNH\TLCN-Travel\ingestion\transport\logs\debug_html\Hồ_Chí_Minh_Bình_Thuận.html
2026-09-26 00:20:08,695 | INFO     | Hoàn thành Hồ Chí Minh -> Bình Thuận [train]: 0 records
2026-09-26 00:20:11,697 | INFO     | ======================================================================
2026-09-26 00:20:11,697 | INFO     | ROUTE 130/143: Hồ Chí Minh -> Ninh Thuận [train]
2026-09-26 00:20:11,698 | INFO     | URL: https://vexere.com/vi-VN/ve-tau-hoa/tu-sai-gon-di-ninh-thuan.html?date=26-09-2026
2026-09-26 00:20:21,476 | INFO     | Tìm thấy 1 card (train) | selector=div[class*='ticket']
2026-09-26 00:20:21,504 | INFO     | Đã lưu HTML debug: D:\TIỂU LUẬN CHUYÊN NGÀNH\TLCN-Travel\ingestion\transport\logs\debug_html\Hồ_Chí_Minh_Ninh_Thuận.html
2026-09-26 00:20:21,505 | INFO     | Hoàn thành Hồ Chí Minh -> Ninh Thuận [train]: 0 records
2026-09-26 00:20:24,505 | INFO     | ======================================================================
2026-09-26 00:20:24,506 | INFO     | ROUTE 131/143: Hồ Chí Minh -> Khánh Hòa [train]
2026-09-26 00:20:24,506 | INFO     | URL: https://vexere.com/vi-VN/ve-tau-hoa/tu-sai-gon-di-khanh-hoa.html?date=26-09-2026
2026-09-26 00:20:34,248 | INFO     | Tìm thấy 1 card (train) | selector=div[class*='ticket']
2026-09-26 00:20:34,286 | INFO     | Đã lưu HTML debug: D:\TIỂU LUẬN CHUYÊN NGÀNH\TLCN-Travel\ingestion\transport\logs\debug_html\Hồ_Chí_Minh_Khánh_Hòa.html
2026-09-26 00:20:34,286 | INFO     | Hoàn thành Hồ Chí Minh -> Khánh Hòa [train]: 0 records
2026-09-26 00:20:37,287 | INFO     | ======================================================================
2026-09-26 00:20:37,287 | INFO     | ROUTE 132/143: Hồ Chí Minh -> Quảng Ngãi [train]
2026-09-26 00:20:37,287 | INFO     | URL: https://vexere.com/vi-VN/ve-tau-hoa/tu-sai-gon-di-quang-ngai.html?date=26-09-2026
2026-09-26 00:20:46,933 | INFO     | Tìm thấy 1 card (train) | selector=div[class*='ticket']
2026-09-26 00:20:46,967 | INFO     | Đã lưu HTML debug: D:\TIỂU LUẬN CHUYÊN NGÀNH\TLCN-Travel\ingestion\transport\logs\debug_html\Hồ_Chí_Minh_Quảng_Ngãi.html
2026-09-26 00:20:46,967 | INFO     | Hoàn thành Hồ Chí Minh -> Quảng Ngãi [train]: 0 records
2026-09-26 00:20:49,968 | INFO     | ======================================================================
2026-09-26 00:20:49,968 | INFO     | ROUTE 133/143: Hồ Chí Minh -> Quảng Nam [train]
2026-09-26 00:20:49,969 | INFO     | URL: https://vexere.com/vi-VN/ve-tau-hoa/tu-sai-gon-di-quang-nam.html?date=26-09-2026
2026-09-26 00:20:58,518 | INFO     | Tìm thấy 1 card (train) | selector=div[class*='ticket']
2026-09-26 00:20:58,559 | INFO     | Đã lưu HTML debug: D:\TIỂU LUẬN CHUYÊN NGÀNH\TLCN-Travel\ingestion\transport\logs\debug_html\Hồ_Chí_Minh_Quảng_Nam.html
2026-09-26 00:20:58,560 | INFO     | Hoàn thành Hồ Chí Minh -> Quảng Nam [train]: 0 records
2026-09-26 00:21:01,560 | INFO     | ======================================================================
2026-09-26 00:21:01,561 | INFO     | ROUTE 134/143: Hồ Chí Minh -> Quảng Bình [train]
2026-09-26 00:21:01,561 | INFO     | URL: https://vexere.com/vi-VN/ve-tau-hoa/tu-sai-gon-di-quang-binh.html?date=26-09-2026
2026-09-26 00:21:10,989 | INFO     | Tìm thấy 1 card (train) | selector=div[class*='ticket']
2026-09-26 00:21:11,030 | INFO     | Đã lưu HTML debug: D:\TIỂU LUẬN CHUYÊN NGÀNH\TLCN-Travel\ingestion\transport\logs\debug_html\Hồ_Chí_Minh_Quảng_Bình.html
2026-09-26 00:21:11,030 | INFO     | Hoàn thành Hồ Chí Minh -> Quảng Bình [train]: 0 records
2026-09-26 00:21:14,031 | INFO     | ======================================================================
2026-09-26 00:21:14,031 | INFO     | ROUTE 135/143: Hồ Chí Minh -> Hà Tĩnh [train]
2026-09-26 00:21:14,031 | INFO     | URL: https://vexere.com/vi-VN/ve-tau-hoa/tu-sai-gon-di-ha-tinh.html?date=26-09-2026
2026-09-26 00:21:23,869 | INFO     | Tìm thấy 1 card (train) | selector=div[class*='ticket']
2026-09-26 00:21:23,913 | INFO     | Đã lưu HTML debug: D:\TIỂU LUẬN CHUYÊN NGÀNH\TLCN-Travel\ingestion\transport\logs\debug_html\Hồ_Chí_Minh_Hà_Tĩnh.html
2026-09-26 00:21:23,913 | INFO     | Hoàn thành Hồ Chí Minh -> Hà Tĩnh [train]: 0 records
2026-09-26 00:21:26,914 | INFO     | ======================================================================
2026-09-26 00:21:26,914 | INFO     | ROUTE 136/143: Hồ Chí Minh -> Nghệ An [train]
2026-09-26 00:21:26,915 | INFO     | URL: https://vexere.com/vi-VN/ve-tau-hoa/tu-sai-gon-di-nghe-an.html?date=26-09-2026
2026-09-26 00:21:38,048 | INFO     | Tìm thấy 1 card (train) | selector=div[class*='ticket']
2026-09-26 00:21:38,159 | INFO     | Đã lưu HTML debug: D:\TIỂU LUẬN CHUYÊN NGÀNH\TLCN-Travel\ingestion\transport\logs\debug_html\Hồ_Chí_Minh_Nghệ_An.html
2026-09-26 00:21:38,159 | INFO     | Hoàn thành Hồ Chí Minh -> Nghệ An [train]: 0 records
2026-09-26 00:21:41,159 | INFO     | ======================================================================
2026-09-26 00:21:41,160 | INFO     | ROUTE 137/143: Hồ Chí Minh -> Ninh Bình [train]
2026-09-26 00:21:41,160 | INFO     | URL: https://vexere.com/vi-VN/ve-tau-hoa/tu-sai-gon-di-ninh-binh.html?date=26-09-2026
2026-09-26 00:21:51,361 | INFO     | Tìm thấy 1 card (train) | selector=div[class*='ticket']
2026-09-26 00:21:51,470 | INFO     | Đã lưu HTML debug: D:\TIỂU LUẬN CHUYÊN NGÀNH\TLCN-Travel\ingestion\transport\logs\debug_html\Hồ_Chí_Minh_Ninh_Bình.html
2026-09-26 00:21:51,471 | INFO     | Hoàn thành Hồ Chí Minh -> Ninh Bình [train]: 0 records
2026-09-26 00:21:54,472 | INFO     | ======================================================================
2026-09-26 00:21:54,472 | INFO     | ROUTE 138/143: Hồ Chí Minh -> Nam Định [train]
2026-09-26 00:21:54,473 | INFO     | URL: https://vexere.com/vi-VN/ve-tau-hoa/tu-sai-gon-di-nam-dinh.html?date=26-09-2026
2026-09-26 00:22:04,399 | INFO     | Tìm thấy 1 card (train) | selector=div[class*='ticket']
2026-09-26 00:22:04,458 | INFO     | Đã lưu HTML debug: D:\TIỂU LUẬN CHUYÊN NGÀNH\TLCN-Travel\ingestion\transport\logs\debug_html\Hồ_Chí_Minh_Nam_Định.html
2026-09-26 00:22:04,458 | INFO     | Hoàn thành Hồ Chí Minh -> Nam Định [train]: 0 records
2026-09-26 00:22:07,459 | INFO     | ======================================================================
2026-09-26 00:22:07,459 | INFO     | ROUTE 139/143: Hồ Chí Minh -> Biên Hòa [train]
2026-09-26 00:22:07,460 | INFO     | URL: https://vexere.com/vi-VN/ve-tau-hoa/tu-sai-gon-di-bien-hoa.html?date=26-09-2026
2026-09-26 00:22:16,881 | INFO     | Tìm thấy 1 card (train) | selector=div[class*='ticket']
2026-09-26 00:22:16,990 | INFO     | Đã lưu HTML debug: D:\TIỂU LUẬN CHUYÊN NGÀNH\TLCN-Travel\ingestion\transport\logs\debug_html\Hồ_Chí_Minh_Biên_Hòa.html
2026-09-26 00:22:16,991 | INFO     | Hoàn thành Hồ Chí Minh -> Biên Hòa [train]: 0 records
2026-09-26 00:22:19,992 | INFO     | ======================================================================
2026-09-26 00:22:19,992 | INFO     | ROUTE 140/143: Hồ Chí Minh -> Long Khánh [train]
2026-09-26 00:22:19,993 | INFO     | URL: https://vexere.com/vi-VN/ve-tau-hoa/tu-sai-gon-di-long-khanh.html?date=26-09-2026
2026-09-26 00:22:29,930 | INFO     | Tìm thấy 1 card (train) | selector=div[class*='ticket']
2026-09-26 00:22:29,996 | INFO     | Đã lưu HTML debug: D:\TIỂU LUẬN CHUYÊN NGÀNH\TLCN-Travel\ingestion\transport\logs\debug_html\Hồ_Chí_Minh_Long_Khánh.html
2026-09-26 00:22:29,997 | INFO     | Hoàn thành Hồ Chí Minh -> Long Khánh [train]: 0 records
2026-09-26 00:22:32,997 | INFO     | ======================================================================
2026-09-26 00:22:32,998 | INFO     | ROUTE 141/143: Hồ Chí Minh -> Tháp Chàm [train]
2026-09-26 00:22:32,998 | INFO     | URL: https://vexere.com/vi-VN/ve-tau-hoa/tu-sai-gon-di-thap-cham.html?date=26-09-2026
2026-09-26 00:22:43,002 | INFO     | Tìm thấy 1 card (train) | selector=div[class*='ticket']
2026-09-26 00:22:43,063 | INFO     | Đã lưu HTML debug: D:\TIỂU LUẬN CHUYÊN NGÀNH\TLCN-Travel\ingestion\transport\logs\debug_html\Hồ_Chí_Minh_Tháp_Chàm.html
2026-09-26 00:22:43,063 | INFO     | Hoàn thành Hồ Chí Minh -> Tháp Chàm [train]: 0 records
2026-09-26 00:22:46,064 | INFO     | ======================================================================
2026-09-26 00:22:46,065 | INFO     | ROUTE 142/143: Hồ Chí Minh -> Diêu Trì [train]
2026-09-26 00:22:46,065 | INFO     | URL: https://vexere.com/vi-VN/ve-tau-hoa/tu-sai-gon-di-dieu-tri.html?date=26-09-2026
2026-09-26 00:22:55,833 | INFO     | Tìm thấy 1 card (train) | selector=div[class*='ticket']
2026-09-26 00:22:55,894 | INFO     | Đã lưu HTML debug: D:\TIỂU LUẬN CHUYÊN NGÀNH\TLCN-Travel\ingestion\transport\logs\debug_html\Hồ_Chí_Minh_Diêu_Trì.html
2026-09-26 00:22:55,895 | INFO     | Hoàn thành Hồ Chí Minh -> Diêu Trì [train]: 0 records
2026-09-26 00:22:58,896 | INFO     | ======================================================================
2026-09-26 00:22:58,896 | INFO     | ROUTE 143/143: Hồ Chí Minh -> Đông Hà [train]
2026-09-26 00:22:58,896 | INFO     | URL: https://vexere.com/vi-VN/ve-tau-hoa/tu-sai-gon-di-dong-ha.html?date=26-09-2026
2026-09-26 00:23:08,778 | INFO     | Tìm thấy 1 card (train) | selector=div[class*='ticket']
2026-09-26 00:23:08,818 | INFO     | Đã lưu HTML debug: D:\TIỂU LUẬN CHUYÊN NGÀNH\TLCN-Travel\ingestion\transport\logs\debug_html\Hồ_Chí_Minh_Đông_Hà.html
2026-09-26 00:23:08,818 | INFO     | Hoàn thành Hồ Chí Minh -> Đông Hà [train]: 0 records
2026-09-26 00:23:15,292 | INFO     | Đã đóng Chrome driver.
2026-09-26 00:23:15,297 | INFO     | Đã lưu 30 records vào: D:\TIỂU LUẬN CHUYÊN NGÀNH\TLCN-Travel\ingestion\transport\data\raw\transport\vexere_transport.json
2026-09-26 00:23:15,297 | INFO     | ======================================================================
2026-09-26 00:23:15,298 | INFO     | CRAWLER HOÀN TẤT
2026-09-26 00:23:15,298 | INFO     | Tổng route: 143
2026-09-26 00:23:15,298 | INFO     | Tổng records: 30
2026-09-26 00:23:15,299 | INFO     |   - bus: 30
2026-09-26 00:23:15,299 | INFO     | Output: D:\TIỂU LUẬN CHUYÊN NGÀNH\TLCN-Travel\ingestion\transport\data\raw\transport\vexere_transport.json
2026-09-26 00:23:15,299 | INFO     | Debug HTML (nếu fail): D:\TIỂU LUẬN CHUYÊN NGÀNH\TLCN-Travel\ingestion\transport\logs\debug_html
2026-09-26 00:23:15,299 | INFO     | ======================================================================
2026-09-26 15:44:36,507 | INFO     | ======================================================================
2026-09-26 15:44:36,507 | INFO     | VEXERE TRANSPORT CRAWLER (fixed)
2026-09-26 15:44:36,508 | INFO     | Ngày crawl: 27-09-2026 (ngày MAI)
2026-09-26 15:44:36,508 | INFO     | Max: 10 chuyến / tuyến
2026-09-26 15:44:36,508 | INFO     | ======================================================================
2026-09-26 15:44:36,510 | INFO     | Đã đọc 143 tuyến từ CSV
2026-09-26 15:44:42,672 | INFO     | ======================================================================
2026-09-26 15:44:42,673 | INFO     | ROUTE 1/143: Hồ Chí Minh -> Đà Lạt [bus]
2026-09-26 15:44:42,673 | INFO     | URL: https://vexere.com/vi-VN/ve-xe-khach-tu-sai-gon-di-da-lat-129t457.html?date=27-09-2026&lt=1
2026-09-26 15:44:51,662 | INFO     | Ticket ban đầu: 20
2026-09-26 15:44:51,679 | INFO     | Ticket hiện tại: 20/10
2026-09-26 15:44:51,696 | INFO     | Tổng ticket cuối: 20
2026-09-26 15:44:51,711 | INFO     | Tìm thấy 20 ticket bus
2026-09-26 15:44:51,936 | INFO     | [1] Hoa Mai | Limousine 9 chỗ | 11:30 -> 14:05 | 230,000 VND
2026-09-26 15:44:52,201 | INFO     | [2] Huệ Nghĩa Limousine | Ghế ngồi 16 chỗ | 22:32 -> 23:20 | 130,000 VND
2026-09-26 15:44:52,462 | INFO     | [3] Toàn Thắng - Vũng Tàu | Ghế ngồi 16 chỗ | 14:30 -> 17:00 | 170,000 VND
2026-09-26 15:44:52,851 | INFO     | [4] Hoa Mai | Ghế ngồi 16 chỗ | 13:00 -> 15:10 | 180,000 VND
2026-09-26 15:44:53,191 | INFO     | [5] Hoa Mai | Ghế ngồi 16 chỗ | 05:30 -> 07:40 | 180,000 VND
2026-09-26 15:44:53,782 | INFO     | [6] Huệ Nghĩa Limousine | Ghế ngồi 16 chỗ | 15:02 -> 15:50 | 130,000 VND
2026-09-26 15:44:54,565 | INFO     | [7] Huệ Nghĩa Limousine | Ghế ngồi 16 chỗ | 14:32 -> 15:20 | 130,000 VND
2026-09-26 15:44:55,035 | INFO     | [8] Toàn Thắng - Vũng Tàu | Limousine 9 chỗ | 13:00 -> 15:30 | 220,000 VND
2026-09-26 15:44:55,258 | INFO     | [9] Toàn Thắng - Vũng Tàu | Ghế ngồi 16 chỗ | 07:30 -> 10:00 | 170,000 VND
2026-09-26 15:44:55,834 | INFO     | [10] Hoa Mai | Ghế ngồi 16 chỗ | 15:00 -> 17:40 | 180,000 VND
2026-09-26 15:44:55,834 | INFO     | Hoàn thành Hồ Chí Minh -> Đà Lạt [bus]: 10 records
2026-09-26 15:44:58,836 | INFO     | ======================================================================
2026-09-26 15:44:58,837 | INFO     | ROUTE 2/143: Hồ Chí Minh -> Nha Trang [bus]
2026-09-26 15:44:58,837 | INFO     | URL: https://vexere.com/vi-VN/ve-xe-khach-tu-sai-gon-di-nha-trang-129t417.html?date=27-09-2026&lt=1
2026-09-26 15:45:09,149 | INFO     | Ticket ban đầu: 20
2026-09-26 15:45:09,162 | INFO     | Ticket hiện tại: 20/10
2026-09-26 15:45:09,175 | INFO     | Tổng ticket cuối: 20
2026-09-26 15:45:09,202 | INFO     | Tìm thấy 20 ticket bus
2026-09-26 15:45:09,357 | INFO     | [1] Hoa Mai | Ghế ngồi 10 chỗ | 12:30 -> 14:45 | 180,000 VND
2026-09-26 15:45:09,589 | INFO     | [2] Hoa Mai | Ghế ngồi 10 chỗ | 07:00 -> 09:15 | 180,000 VND
2026-09-26 15:45:09,784 | INFO     | [3] Hoa Mai | Ghế ngồi 10 chỗ | 12:00 -> 14:15 | 180,000 VND
2026-09-26 15:45:10,012 | INFO     | [4] Hoa Mai | Ghế ngồi 10 chỗ | 11:00 -> 13:15 | 180,000 VND
2026-09-26 15:45:10,250 | INFO     | [5] Hoa Mai | Ghế ngồi 10 chỗ | 05:00 -> 07:15 | 180,000 VND
2026-09-26 15:45:10,613 | INFO     | [6] Hoa Mai | Ghế ngồi 10 chỗ | 16:00 -> 18:15 | 180,000 VND
2026-09-26 15:45:10,811 | INFO     | [7] Hoa Mai | Ghế ngồi 10 chỗ | 14:00 -> 15:45 | 180,000 VND
2026-09-26 15:45:11,044 | INFO     | [8] Hoa Mai | Ghế ngồi 10 chỗ | 06:00 -> 08:15 | 180,000 VND
2026-09-26 15:45:11,243 | INFO     | [9] Hoa Mai | Ghế ngồi 10 chỗ | 17:00 -> 19:15 | 180,000 VND
2026-09-26 15:45:11,510 | INFO     | [10] Hoa Mai | Ghế ngồi 10 chỗ | 15:00 -> 17:15 | 180,000 VND
2026-09-26 15:45:11,510 | INFO     | Hoàn thành Hồ Chí Minh -> Nha Trang [bus]: 10 records
2026-09-26 15:45:14,511 | INFO     | ======================================================================
2026-09-26 15:45:14,511 | INFO     | ROUTE 3/143: Hồ Chí Minh -> Đà Nẵng [bus]
2026-09-26 15:45:14,512 | INFO     | URL: https://vexere.com/vi-VN/ve-xe-khach-tu-sai-gon-di-da-nang-129t1151.html?date=27-09-2026&lt=1
2026-09-26 15:45:24,679 | INFO     | Ticket ban đầu: 20
2026-09-26 15:45:24,691 | INFO     | Ticket hiện tại: 20/10
2026-09-26 15:45:24,707 | INFO     | Tổng ticket cuối: 20
2026-09-26 15:45:24,726 | INFO     | Tìm thấy 20 ticket bus
2026-09-26 15:45:24,895 | INFO     | [1] Tân Hiệp | Giường nằm 34 chỗ | 13:00 -> 08:30 | 450,000 VND
2026-09-26 15:45:25,055 | INFO     | [2] Bảo Ngọc | Limousine giường phòng 22 chỗ (WC) | 19:30 -> 11:30 | 700,000 VND
2026-09-26 15:45:25,191 | INFO     | [3] Đình Nhân | Limousine 32 Phòng (WC) | 16:30 -> 10:05 | 450,000 VND
2026-09-26 15:45:25,319 | INFO     | [4] Hạnh Cafe - Hà Phương Limousine | Luxury 34 Phòng Vip | 07:45 -> 08:30 | 710,000 VND
2026-09-26 15:45:25,445 | INFO     | [5] Minh Phương (MP Bus) | Limousine 22 phòng (WC) | 15:01 -> 10:31 | 644,000 VND
2026-09-26 15:45:25,621 | INFO     | [6] Phi Hiệp | Limouisne 34 phòng | 13:25 -> 08:55 | 600,000 VND
2026-09-26 15:45:25,731 | INFO     | [7] Tân Kim Chi | Limousine giường phòng 22 chỗ (CABIN) (WC) | 17:35 -> 11:05 | 700,000 VND
2026-09-26 15:45:25,958 | INFO     | [8] Phương Trang | Limousine giường nằm 34 chỗ | 18:35 -> 15:25 | 560,000 VND
2026-09-26 15:45:26,096 | INFO     | [9] Bốn Luyện Express | Giường nằm 34 chỗ Luxury | 23:00 -> 15:25 | 630,000 VND
2026-09-26 15:45:26,324 | INFO     | [10] Hoàng Long - Hà Nội | Limousine 22 phòng đôi | 17:00 -> 12:52 | 1,300,000 VND
2026-09-26 15:45:26,324 | INFO     | Hoàn thành Hồ Chí Minh -> Đà Nẵng [bus]: 10 records
2026-09-26 15:45:29,326 | INFO     | ======================================================================
2026-09-26 15:45:29,326 | INFO     | ROUTE 4/143: Hồ Chí Minh -> Cần Thơ [bus]
2026-09-26 15:45:29,327 | INFO     | URL: https://vexere.com/vi-VN/ve-xe-khach-tu-sai-gon-di-can-tho-129t13.html?date=27-09-2026&lt=1
2026-09-26 15:45:37,670 | WARNING  | Hồ Chí Minh -> Cần Thơ: Không tìm thấy ticket (có thể hết chuyến ngày 27-09-2026 hoặc URL sai)
2026-09-26 15:45:37,839 | INFO     | Đã lưu HTML debug: D:\TIỂU LUẬN CHUYÊN NGÀNH\TLCN-Travel\ingestion\transport\logs\debug_html\Hồ_Chí_Minh_Cần_Thơ.html
2026-09-26 15:45:40,840 | INFO     | ======================================================================
2026-09-26 15:45:40,841 | INFO     | ROUTE 5/143: Hồ Chí Minh -> Phan Thiết [bus]
2026-09-26 15:45:40,841 | INFO     | URL: https://vexere.com/vi-VN/ve-xe-khach-tu-sai-gon-di-phan-thiet.html?date=27-09-2026&lt=1
2026-09-26 15:45:47,512 | WARNING  | Hồ Chí Minh -> Phan Thiết: Không tìm thấy ticket (có thể hết chuyến ngày 27-09-2026 hoặc URL sai)
2026-09-26 15:45:47,552 | INFO     | Đã lưu HTML debug: D:\TIỂU LUẬN CHUYÊN NGÀNH\TLCN-Travel\ingestion\transport\logs\debug_html\Hồ_Chí_Minh_Phan_Thiết.html
2026-09-26 15:45:50,553 | INFO     | ======================================================================
2026-09-26 15:45:50,554 | INFO     | ROUTE 6/143: Hồ Chí Minh -> Vũng Tàu [bus]
2026-09-26 15:45:50,554 | INFO     | URL: https://vexere.com/vi-VN/ve-xe-khach-tu-sai-gon-di-vung-tau.html?date=27-09-2026&lt=1
2026-09-26 15:45:57,065 | WARNING  | Hồ Chí Minh -> Vũng Tàu: Không tìm thấy ticket (có thể hết chuyến ngày 27-09-2026 hoặc URL sai)
2026-09-26 15:45:57,095 | INFO     | Đã lưu HTML debug: D:\TIỂU LUẬN CHUYÊN NGÀNH\TLCN-Travel\ingestion\transport\logs\debug_html\Hồ_Chí_Minh_Vũng_Tàu.html
2026-09-26 15:46:00,096 | INFO     | ======================================================================
2026-09-26 15:46:00,096 | INFO     | ROUTE 7/143: Hồ Chí Minh -> Quy Nhơn [bus]
2026-09-26 15:46:00,096 | INFO     | URL: https://vexere.com/vi-VN/ve-xe-khach-tu-sai-gon-di-quy-nhon.html?date=27-09-2026&lt=1
2026-09-26 15:46:06,166 | WARNING  | Hồ Chí Minh -> Quy Nhơn: Không tìm thấy ticket (có thể hết chuyến ngày 27-09-2026 hoặc URL sai)
2026-09-26 15:46:06,185 | INFO     | Đã lưu HTML debug: D:\TIỂU LUẬN CHUYÊN NGÀNH\TLCN-Travel\ingestion\transport\logs\debug_html\Hồ_Chí_Minh_Quy_Nhơn.html
2026-09-26 15:46:09,186 | INFO     | ======================================================================
2026-09-26 15:46:09,187 | INFO     | ROUTE 8/143: Hồ Chí Minh -> Phú Quốc [bus]
2026-09-26 15:46:09,187 | INFO     | URL: https://vexere.com/vi-VN/ve-xe-khach-tu-sai-gon-di-phu-quoc.html?date=27-09-2026&lt=1
2026-09-26 15:46:14,008 | WARNING  | Hồ Chí Minh -> Phú Quốc: Không tìm thấy ticket (có thể hết chuyến ngày 27-09-2026 hoặc URL sai)
2026-09-26 15:46:14,033 | INFO     | Đã lưu HTML debug: D:\TIỂU LUẬN CHUYÊN NGÀNH\TLCN-Travel\ingestion\transport\logs\debug_html\Hồ_Chí_Minh_Phú_Quốc.html
2026-09-26 15:46:17,034 | INFO     | ======================================================================
2026-09-26 15:46:17,034 | INFO     | ROUTE 9/143: Hồ Chí Minh -> Buôn Ma Thuột [bus]
2026-09-26 15:46:17,034 | INFO     | URL: https://vexere.com/vi-VN/ve-xe-khach-tu-sai-gon-di-buon-ma-thuot.html?date=27-09-2026&lt=1
2026-09-26 15:46:21,867 | WARNING  | Hồ Chí Minh -> Buôn Ma Thuột: Không tìm thấy ticket (có thể hết chuyến ngày 27-09-2026 hoặc URL sai)
2026-09-26 15:46:21,898 | INFO     | Đã lưu HTML debug: D:\TIỂU LUẬN CHUYÊN NGÀNH\TLCN-Travel\ingestion\transport\logs\debug_html\Hồ_Chí_Minh_Buôn_Ma_Thuột.html
2026-09-26 15:46:24,899 | INFO     | ======================================================================
2026-09-26 15:46:24,899 | INFO     | ROUTE 10/143: Hồ Chí Minh -> Huế [bus]
2026-09-26 15:46:24,899 | INFO     | URL: https://vexere.com/vi-VN/ve-xe-khach-tu-sai-gon-di-hue.html?date=27-09-2026&lt=1
2026-09-26 15:46:29,886 | WARNING  | Hồ Chí Minh -> Huế: Không tìm thấy ticket (có thể hết chuyến ngày 27-09-2026 hoặc URL sai)
2026-09-26 15:46:29,915 | INFO     | Đã lưu HTML debug: D:\TIỂU LUẬN CHUYÊN NGÀNH\TLCN-Travel\ingestion\transport\logs\debug_html\Hồ_Chí_Minh_Huế.html
2026-09-26 15:46:32,917 | INFO     | ======================================================================
2026-09-26 15:46:32,918 | INFO     | ROUTE 11/143: Hồ Chí Minh -> Hà Nội [bus]
2026-09-26 15:46:32,919 | INFO     | URL: https://vexere.com/vi-VN/ve-xe-khach-tu-sai-gon-di-ha-noi.html?date=27-09-2026&lt=1
2026-09-26 15:46:38,046 | WARNING  | Hồ Chí Minh -> Hà Nội: Không tìm thấy ticket (có thể hết chuyến ngày 27-09-2026 hoặc URL sai)
2026-09-26 15:46:38,066 | INFO     | Đã lưu HTML debug: D:\TIỂU LUẬN CHUYÊN NGÀNH\TLCN-Travel\ingestion\transport\logs\debug_html\Hồ_Chí_Minh_Hà_Nội.html
2026-09-26 15:46:41,067 | INFO     | ======================================================================
2026-09-26 15:46:41,068 | INFO     | ROUTE 12/143: Hồ Chí Minh -> Mũi Né [bus]
2026-09-26 15:46:41,069 | INFO     | URL: https://vexere.com/vi-VN/ve-xe-khach-tu-sai-gon-di-mui-ne.html?date=27-09-2026&lt=1
2026-09-26 15:46:46,029 | WARNING  | Hồ Chí Minh -> Mũi Né: Không tìm thấy ticket (có thể hết chuyến ngày 27-09-2026 hoặc URL sai)
2026-09-26 15:46:46,050 | INFO     | Đã lưu HTML debug: D:\TIỂU LUẬN CHUYÊN NGÀNH\TLCN-Travel\ingestion\transport\logs\debug_html\Hồ_Chí_Minh_Mũi_Né.html
2026-09-26 15:46:49,051 | INFO     | ======================================================================
2026-09-26 15:46:49,052 | INFO     | ROUTE 13/143: Hồ Chí Minh -> Hội An [bus]
2026-09-26 15:46:49,052 | INFO     | URL: https://vexere.com/vi-VN/ve-xe-khach-tu-sai-gon-di-hoi-an.html?date=27-09-2026&lt=1
2026-09-26 15:46:53,863 | WARNING  | Hồ Chí Minh -> Hội An: Không tìm thấy ticket (có thể hết chuyến ngày 27-09-2026 hoặc URL sai)
2026-09-26 15:46:53,887 | INFO     | Đã lưu HTML debug: D:\TIỂU LUẬN CHUYÊN NGÀNH\TLCN-Travel\ingestion\transport\logs\debug_html\Hồ_Chí_Minh_Hội_An.html
2026-09-26 15:46:56,888 | INFO     | ======================================================================
2026-09-26 15:46:56,889 | INFO     | ROUTE 14/143: Hồ Chí Minh -> Pleiku [bus]
2026-09-26 15:46:56,889 | INFO     | URL: https://vexere.com/vi-VN/ve-xe-khach-tu-sai-gon-di-pleiku.html?date=27-09-2026&lt=1
2026-09-26 15:47:01,777 | WARNING  | Hồ Chí Minh -> Pleiku: Không tìm thấy ticket (có thể hết chuyến ngày 27-09-2026 hoặc URL sai)
2026-09-26 15:47:01,801 | INFO     | Đã lưu HTML debug: D:\TIỂU LUẬN CHUYÊN NGÀNH\TLCN-Travel\ingestion\transport\logs\debug_html\Hồ_Chí_Minh_Pleiku.html
2026-09-26 15:47:04,802 | INFO     | ======================================================================
2026-09-26 15:47:04,803 | INFO     | ROUTE 15/143: Hồ Chí Minh -> Sa Pa [bus]
2026-09-26 15:47:04,803 | INFO     | URL: https://vexere.com/vi-VN/ve-xe-khach-tu-sai-gon-di-sa-pa.html?date=27-09-2026&lt=1
2026-09-26 15:47:09,628 | WARNING  | Hồ Chí Minh -> Sa Pa: Không tìm thấy ticket (có thể hết chuyến ngày 27-09-2026 hoặc URL sai)
2026-09-26 15:47:09,658 | INFO     | Đã lưu HTML debug: D:\TIỂU LUẬN CHUYÊN NGÀNH\TLCN-Travel\ingestion\transport\logs\debug_html\Hồ_Chí_Minh_Sa_Pa.html
2026-09-26 15:47:12,659 | INFO     | ======================================================================
2026-09-26 15:47:12,659 | INFO     | ROUTE 16/143: Hồ Chí Minh -> Hạ Long [bus]
2026-09-26 15:47:12,660 | INFO     | URL: https://vexere.com/vi-VN/ve-xe-khach-tu-sai-gon-di-ha-long.html?date=27-09-2026&lt=1
2026-09-26 15:47:17,704 | WARNING  | Hồ Chí Minh -> Hạ Long: Không tìm thấy ticket (có thể hết chuyến ngày 27-09-2026 hoặc URL sai)
2026-09-26 15:47:17,728 | INFO     | Đã lưu HTML debug: D:\TIỂU LUẬN CHUYÊN NGÀNH\TLCN-Travel\ingestion\transport\logs\debug_html\Hồ_Chí_Minh_Hạ_Long.html
2026-09-26 15:47:20,729 | INFO     | ======================================================================
2026-09-26 15:47:20,729 | INFO     | ROUTE 17/143: Hồ Chí Minh -> Cát Bà [bus]
2026-09-26 15:47:20,730 | INFO     | URL: https://vexere.com/vi-VN/ve-xe-khach-tu-sai-gon-di-cat-ba.html?date=27-09-2026&lt=1
2026-09-26 15:47:25,529 | WARNING  | Hồ Chí Minh -> Cát Bà: Không tìm thấy ticket (có thể hết chuyến ngày 27-09-2026 hoặc URL sai)
2026-09-26 15:47:25,550 | INFO     | Đã lưu HTML debug: D:\TIỂU LUẬN CHUYÊN NGÀNH\TLCN-Travel\ingestion\transport\logs\debug_html\Hồ_Chí_Minh_Cát_Bà.html
2026-09-26 15:47:28,550 | INFO     | ======================================================================
2026-09-26 15:47:28,551 | INFO     | ROUTE 18/143: Hồ Chí Minh -> Hải Phòng [bus]
2026-09-26 15:47:28,552 | INFO     | URL: https://vexere.com/vi-VN/ve-xe-khach-tu-sai-gon-di-hai-phong.html?date=27-09-2026&lt=1
2026-09-26 15:47:33,353 | WARNING  | Hồ Chí Minh -> Hải Phòng: Không tìm thấy ticket (có thể hết chuyến ngày 27-09-2026 hoặc URL sai)
2026-09-26 15:47:33,397 | INFO     | Đã lưu HTML debug: D:\TIỂU LUẬN CHUYÊN NGÀNH\TLCN-Travel\ingestion\transport\logs\debug_html\Hồ_Chí_Minh_Hải_Phòng.html
2026-09-26 15:47:36,398 | INFO     | ======================================================================
2026-09-26 15:47:36,399 | INFO     | ROUTE 19/143: Hồ Chí Minh -> Quảng Ninh [bus]
2026-09-26 15:47:36,399 | INFO     | URL: https://vexere.com/vi-VN/ve-xe-khach-tu-sai-gon-di-quang-ninh.html?date=27-09-2026&lt=1
2026-09-26 15:47:41,148 | WARNING  | Hồ Chí Minh -> Quảng Ninh: Không tìm thấy ticket (có thể hết chuyến ngày 27-09-2026 hoặc URL sai)
2026-09-26 15:47:41,176 | INFO     | Đã lưu HTML debug: D:\TIỂU LUẬN CHUYÊN NGÀNH\TLCN-Travel\ingestion\transport\logs\debug_html\Hồ_Chí_Minh_Quảng_Ninh.html
2026-09-26 15:47:44,177 | INFO     | ======================================================================
2026-09-26 15:47:44,178 | INFO     | ROUTE 20/143: Hồ Chí Minh -> Ninh Bình [bus]
2026-09-26 15:47:44,178 | INFO     | URL: https://vexere.com/vi-VN/ve-xe-khach-tu-sai-gon-di-ninh-binh.html?date=27-09-2026&lt=1
2026-09-26 15:47:48,998 | WARNING  | Hồ Chí Minh -> Ninh Bình: Không tìm thấy ticket (có thể hết chuyến ngày 27-09-2026 hoặc URL sai)
2026-09-26 15:47:49,024 | INFO     | Đã lưu HTML debug: D:\TIỂU LUẬN CHUYÊN NGÀNH\TLCN-Travel\ingestion\transport\logs\debug_html\Hồ_Chí_Minh_Ninh_Bình.html
2026-09-26 15:47:52,025 | INFO     | ======================================================================
2026-09-26 15:47:52,026 | INFO     | ROUTE 21/143: Hồ Chí Minh -> Thanh Hóa [bus]
2026-09-26 15:47:52,026 | INFO     | URL: https://vexere.com/vi-VN/ve-xe-khach-tu-sai-gon-di-thanh-hoa.html?date=27-09-2026&lt=1
2026-09-26 15:47:56,841 | WARNING  | Hồ Chí Minh -> Thanh Hóa: Không tìm thấy ticket (có thể hết chuyến ngày 27-09-2026 hoặc URL sai)
2026-09-26 15:47:56,863 | INFO     | Đã lưu HTML debug: D:\TIỂU LUẬN CHUYÊN NGÀNH\TLCN-Travel\ingestion\transport\logs\debug_html\Hồ_Chí_Minh_Thanh_Hóa.html
2026-09-26 15:47:59,863 | INFO     | ======================================================================
2026-09-26 15:47:59,864 | INFO     | ROUTE 22/143: Hồ Chí Minh -> Nghệ An [bus]
2026-09-26 15:47:59,864 | INFO     | URL: https://vexere.com/vi-VN/ve-xe-khach-tu-sai-gon-di-nghe-an.html?date=27-09-2026&lt=1
2026-09-26 15:48:04,775 | WARNING  | Hồ Chí Minh -> Nghệ An: Không tìm thấy ticket (có thể hết chuyến ngày 27-09-2026 hoặc URL sai)
2026-09-26 15:48:04,820 | INFO     | Đã lưu HTML debug: D:\TIỂU LUẬN CHUYÊN NGÀNH\TLCN-Travel\ingestion\transport\logs\debug_html\Hồ_Chí_Minh_Nghệ_An.html
2026-09-26 15:48:07,821 | INFO     | ======================================================================
2026-09-26 15:48:07,821 | INFO     | ROUTE 23/143: Hồ Chí Minh -> Vinh [bus]
2026-09-26 15:48:07,822 | INFO     | URL: https://vexere.com/vi-VN/ve-xe-khach-tu-sai-gon-di-vinh.html?date=27-09-2026&lt=1
2026-09-26 15:48:12,707 | WARNING  | Hồ Chí Minh -> Vinh: Không tìm thấy ticket (có thể hết chuyến ngày 27-09-2026 hoặc URL sai)
2026-09-26 15:48:12,731 | INFO     | Đã lưu HTML debug: D:\TIỂU LUẬN CHUYÊN NGÀNH\TLCN-Travel\ingestion\transport\logs\debug_html\Hồ_Chí_Minh_Vinh.html
2026-09-26 15:48:15,732 | INFO     | ======================================================================
2026-09-26 15:48:15,733 | INFO     | ROUTE 24/143: Hồ Chí Minh -> Hà Tĩnh [bus]
2026-09-26 15:48:15,733 | INFO     | URL: https://vexere.com/vi-VN/ve-xe-khach-tu-sai-gon-di-ha-tinh.html?date=27-09-2026&lt=1
2026-09-26 15:48:20,632 | WARNING  | Hồ Chí Minh -> Hà Tĩnh: Không tìm thấy ticket (có thể hết chuyến ngày 27-09-2026 hoặc URL sai)
2026-09-26 15:48:20,656 | INFO     | Đã lưu HTML debug: D:\TIỂU LUẬN CHUYÊN NGÀNH\TLCN-Travel\ingestion\transport\logs\debug_html\Hồ_Chí_Minh_Hà_Tĩnh.html
2026-09-26 15:48:23,657 | INFO     | ======================================================================
2026-09-26 15:48:23,658 | INFO     | ROUTE 25/143: Hồ Chí Minh -> Quảng Bình [bus]
2026-09-26 15:48:23,658 | INFO     | URL: https://vexere.com/vi-VN/ve-xe-khach-tu-sai-gon-di-quang-binh.html?date=27-09-2026&lt=1
2026-09-26 15:48:28,489 | WARNING  | Hồ Chí Minh -> Quảng Bình: Không tìm thấy ticket (có thể hết chuyến ngày 27-09-2026 hoặc URL sai)
2026-09-26 15:48:28,509 | INFO     | Đã lưu HTML debug: D:\TIỂU LUẬN CHUYÊN NGÀNH\TLCN-Travel\ingestion\transport\logs\debug_html\Hồ_Chí_Minh_Quảng_Bình.html
2026-09-26 15:48:31,510 | INFO     | ======================================================================
2026-09-26 15:48:31,511 | INFO     | ROUTE 26/143: Hồ Chí Minh -> Đồng Hới [bus]
2026-09-26 15:48:31,511 | INFO     | URL: https://vexere.com/vi-VN/ve-xe-khach-tu-sai-gon-di-dong-hoi.html?date=27-09-2026&lt=1
2026-09-26 15:48:36,630 | WARNING  | Hồ Chí Minh -> Đồng Hới: Không tìm thấy ticket (có thể hết chuyến ngày 27-09-2026 hoặc URL sai)
2026-09-26 15:48:36,653 | INFO     | Đã lưu HTML debug: D:\TIỂU LUẬN CHUYÊN NGÀNH\TLCN-Travel\ingestion\transport\logs\debug_html\Hồ_Chí_Minh_Đồng_Hới.html
2026-09-26 15:48:39,654 | INFO     | ======================================================================
2026-09-26 15:48:39,655 | INFO     | ROUTE 27/143: Hồ Chí Minh -> Quảng Trị [bus]
2026-09-26 15:48:39,655 | INFO     | URL: https://vexere.com/vi-VN/ve-xe-khach-tu-sai-gon-di-quang-tri.html?date=27-09-2026&lt=1
2026-09-26 15:48:44,481 | WARNING  | Hồ Chí Minh -> Quảng Trị: Không tìm thấy ticket (có thể hết chuyến ngày 27-09-2026 hoặc URL sai)
2026-09-26 15:48:44,511 | INFO     | Đã lưu HTML debug: D:\TIỂU LUẬN CHUYÊN NGÀNH\TLCN-Travel\ingestion\transport\logs\debug_html\Hồ_Chí_Minh_Quảng_Trị.html
2026-09-26 15:48:47,511 | INFO     | ======================================================================
2026-09-26 15:48:47,512 | INFO     | ROUTE 28/143: Hồ Chí Minh -> Đông Hà [bus]
2026-09-26 15:48:47,512 | INFO     | URL: https://vexere.com/vi-VN/ve-xe-khach-tu-sai-gon-di-dong-ha.html?date=27-09-2026&lt=1
2026-09-26 15:48:52,364 | WARNING  | Hồ Chí Minh -> Đông Hà: Không tìm thấy ticket (có thể hết chuyến ngày 27-09-2026 hoặc URL sai)
2026-09-26 15:48:52,388 | INFO     | Đã lưu HTML debug: D:\TIỂU LUẬN CHUYÊN NGÀNH\TLCN-Travel\ingestion\transport\logs\debug_html\Hồ_Chí_Minh_Đông_Hà.html
2026-09-26 15:48:55,389 | INFO     | ======================================================================
2026-09-26 15:48:55,390 | INFO     | ROUTE 29/143: Hồ Chí Minh -> Thừa Thiên Huế [bus]
2026-09-26 15:48:55,391 | INFO     | URL: https://vexere.com/vi-VN/ve-xe-khach-tu-sai-gon-di-thua-thien-hue.html?date=27-09-2026&lt=1
2026-09-26 15:49:00,327 | WARNING  | Hồ Chí Minh -> Thừa Thiên Huế: Không tìm thấy ticket (có thể hết chuyến ngày 27-09-2026 hoặc URL sai)
2026-09-26 15:49:00,349 | INFO     | Đã lưu HTML debug: D:\TIỂU LUẬN CHUYÊN NGÀNH\TLCN-Travel\ingestion\transport\logs\debug_html\Hồ_Chí_Minh_Thừa_Thiên_Huế.html
2026-09-26 15:49:03,350 | INFO     | ======================================================================
2026-09-26 15:49:03,350 | INFO     | ROUTE 30/143: Hồ Chí Minh -> Quảng Nam [bus]
2026-09-26 15:49:03,351 | INFO     | URL: https://vexere.com/vi-VN/ve-xe-khach-tu-sai-gon-di-quang-nam.html?date=27-09-2026&lt=1
2026-09-26 15:49:08,268 | WARNING  | Hồ Chí Minh -> Quảng Nam: Không tìm thấy ticket (có thể hết chuyến ngày 27-09-2026 hoặc URL sai)
2026-09-26 15:49:08,315 | INFO     | Đã lưu HTML debug: D:\TIỂU LUẬN CHUYÊN NGÀNH\TLCN-Travel\ingestion\transport\logs\debug_html\Hồ_Chí_Minh_Quảng_Nam.html
2026-09-26 15:49:11,317 | INFO     | ======================================================================
2026-09-26 15:49:11,317 | INFO     | ROUTE 31/143: Hồ Chí Minh -> Tam Kỳ [bus]
2026-09-26 15:49:11,318 | INFO     | URL: https://vexere.com/vi-VN/ve-xe-khach-tu-sai-gon-di-tam-ky.html?date=27-09-2026&lt=1
2026-09-26 15:49:16,152 | WARNING  | Hồ Chí Minh -> Tam Kỳ: Không tìm thấy ticket (có thể hết chuyến ngày 27-09-2026 hoặc URL sai)
2026-09-26 15:49:16,192 | INFO     | Đã lưu HTML debug: D:\TIỂU LUẬN CHUYÊN NGÀNH\TLCN-Travel\ingestion\transport\logs\debug_html\Hồ_Chí_Minh_Tam_Kỳ.html
2026-09-26 15:49:19,193 | INFO     | ======================================================================
2026-09-26 15:49:19,194 | INFO     | ROUTE 32/143: Hồ Chí Minh -> Quảng Ngãi [bus]
2026-09-26 15:49:19,194 | INFO     | URL: https://vexere.com/vi-VN/ve-xe-khach-tu-sai-gon-di-quang-ngai.html?date=27-09-2026&lt=1
2026-09-26 15:49:24,016 | WARNING  | Hồ Chí Minh -> Quảng Ngãi: Không tìm thấy ticket (có thể hết chuyến ngày 27-09-2026 hoặc URL sai)
2026-09-26 15:49:24,047 | INFO     | Đã lưu HTML debug: D:\TIỂU LUẬN CHUYÊN NGÀNH\TLCN-Travel\ingestion\transport\logs\debug_html\Hồ_Chí_Minh_Quảng_Ngãi.html
2026-09-26 15:49:27,048 | INFO     | ======================================================================
2026-09-26 15:49:27,049 | INFO     | ROUTE 33/143: Hồ Chí Minh -> Bình Định [bus]
2026-09-26 15:49:27,049 | INFO     | URL: https://vexere.com/vi-VN/ve-xe-khach-tu-sai-gon-di-binh-dinh.html?date=27-09-2026&lt=1
2026-09-26 15:49:31,881 | WARNING  | Hồ Chí Minh -> Bình Định: Không tìm thấy ticket (có thể hết chuyến ngày 27-09-2026 hoặc URL sai)
2026-09-26 15:49:31,909 | INFO     | Đã lưu HTML debug: D:\TIỂU LUẬN CHUYÊN NGÀNH\TLCN-Travel\ingestion\transport\logs\debug_html\Hồ_Chí_Minh_Bình_Định.html
2026-09-26 15:49:34,910 | INFO     | ======================================================================
2026-09-26 15:49:34,911 | INFO     | ROUTE 34/143: Hồ Chí Minh -> Phú Yên [bus]
2026-09-26 15:49:34,911 | INFO     | URL: https://vexere.com/vi-VN/ve-xe-khach-tu-sai-gon-di-phu-yen.html?date=27-09-2026&lt=1
2026-09-26 15:49:39,841 | WARNING  | Hồ Chí Minh -> Phú Yên: Không tìm thấy ticket (có thể hết chuyến ngày 27-09-2026 hoặc URL sai)
2026-09-26 15:49:39,868 | INFO     | Đã lưu HTML debug: D:\TIỂU LUẬN CHUYÊN NGÀNH\TLCN-Travel\ingestion\transport\logs\debug_html\Hồ_Chí_Minh_Phú_Yên.html
2026-09-26 15:49:42,869 | INFO     | ======================================================================
2026-09-26 15:49:42,869 | INFO     | ROUTE 35/143: Hồ Chí Minh -> Tuy Hòa [bus]
2026-09-26 15:49:42,870 | INFO     | URL: https://vexere.com/vi-VN/ve-xe-khach-tu-sai-gon-di-tuy-hoa.html?date=27-09-2026&lt=1
2026-09-26 15:49:47,779 | WARNING  | Hồ Chí Minh -> Tuy Hòa: Không tìm thấy ticket (có thể hết chuyến ngày 27-09-2026 hoặc URL sai)
2026-09-26 15:49:47,809 | INFO     | Đã lưu HTML debug: D:\TIỂU LUẬN CHUYÊN NGÀNH\TLCN-Travel\ingestion\transport\logs\debug_html\Hồ_Chí_Minh_Tuy_Hòa.html
2026-09-26 15:49:50,810 | INFO     | ======================================================================
2026-09-26 15:49:50,810 | INFO     | ROUTE 36/143: Hồ Chí Minh -> Khánh Hòa [bus]
2026-09-26 15:49:50,811 | INFO     | URL: https://vexere.com/vi-VN/ve-xe-khach-tu-sai-gon-di-khanh-hoa.html?date=27-09-2026&lt=1
2026-09-26 15:49:55,622 | WARNING  | Hồ Chí Minh -> Khánh Hòa: Không tìm thấy ticket (có thể hết chuyến ngày 27-09-2026 hoặc URL sai)
2026-09-26 15:49:55,652 | INFO     | Đã lưu HTML debug: D:\TIỂU LUẬN CHUYÊN NGÀNH\TLCN-Travel\ingestion\transport\logs\debug_html\Hồ_Chí_Minh_Khánh_Hòa.html
2026-09-26 15:49:58,653 | INFO     | ======================================================================
2026-09-26 15:49:58,654 | INFO     | ROUTE 37/143: Hồ Chí Minh -> Cam Ranh [bus]
2026-09-26 15:49:58,655 | INFO     | URL: https://vexere.com/vi-VN/ve-xe-khach-tu-sai-gon-di-cam-ranh.html?date=27-09-2026&lt=1
2026-09-26 15:50:03,503 | WARNING  | Hồ Chí Minh -> Cam Ranh: Không tìm thấy ticket (có thể hết chuyến ngày 27-09-2026 hoặc URL sai)
2026-09-26 15:50:03,527 | INFO     | Đã lưu HTML debug: D:\TIỂU LUẬN CHUYÊN NGÀNH\TLCN-Travel\ingestion\transport\logs\debug_html\Hồ_Chí_Minh_Cam_Ranh.html
2026-09-26 15:50:06,528 | INFO     | ======================================================================
2026-09-26 15:50:06,529 | INFO     | ROUTE 38/143: Hồ Chí Minh -> Ninh Thuận [bus]
2026-09-26 15:50:06,529 | INFO     | URL: https://vexere.com/vi-VN/ve-xe-khach-tu-sai-gon-di-ninh-thuan.html?date=27-09-2026&lt=1
2026-09-26 15:50:11,383 | WARNING  | Hồ Chí Minh -> Ninh Thuận: Không tìm thấy ticket (có thể hết chuyến ngày 27-09-2026 hoặc URL sai)
2026-09-26 15:50:11,407 | INFO     | Đã lưu HTML debug: D:\TIỂU LUẬN CHUYÊN NGÀNH\TLCN-Travel\ingestion\transport\logs\debug_html\Hồ_Chí_Minh_Ninh_Thuận.html
2026-09-26 15:50:14,408 | INFO     | ======================================================================
2026-09-26 15:50:14,408 | INFO     | ROUTE 39/143: Hồ Chí Minh -> Phan Rang [bus]
2026-09-26 15:50:14,408 | INFO     | URL: https://vexere.com/vi-VN/ve-xe-khach-tu-sai-gon-di-phan-rang.html?date=27-09-2026&lt=1
2026-09-26 15:50:19,173 | WARNING  | Hồ Chí Minh -> Phan Rang: Không tìm thấy ticket (có thể hết chuyến ngày 27-09-2026 hoặc URL sai)
2026-09-26 15:50:19,191 | INFO     | Đã lưu HTML debug: D:\TIỂU LUẬN CHUYÊN NGÀNH\TLCN-Travel\ingestion\transport\logs\debug_html\Hồ_Chí_Minh_Phan_Rang.html
2026-09-26 15:50:22,192 | INFO     | ======================================================================
2026-09-26 15:50:22,193 | INFO     | ROUTE 40/143: Hồ Chí Minh -> Bình Thuận [bus]
2026-09-26 15:50:22,194 | INFO     | URL: https://vexere.com/vi-VN/ve-xe-khach-tu-sai-gon-di-binh-thuan.html?date=27-09-2026&lt=1
2026-09-26 15:50:27,024 | WARNING  | Hồ Chí Minh -> Bình Thuận: Không tìm thấy ticket (có thể hết chuyến ngày 27-09-2026 hoặc URL sai)
2026-09-26 15:50:27,066 | INFO     | Đã lưu HTML debug: D:\TIỂU LUẬN CHUYÊN NGÀNH\TLCN-Travel\ingestion\transport\logs\debug_html\Hồ_Chí_Minh_Bình_Thuận.html
2026-09-26 15:50:30,067 | INFO     | ======================================================================
2026-09-26 15:50:30,067 | INFO     | ROUTE 41/143: Hồ Chí Minh -> Kon Tum [bus]
2026-09-26 15:50:30,068 | INFO     | URL: https://vexere.com/vi-VN/ve-xe-khach-tu-sai-gon-di-kon-tum.html?date=27-09-2026&lt=1
2026-09-26 15:50:34,940 | WARNING  | Hồ Chí Minh -> Kon Tum: Không tìm thấy ticket (có thể hết chuyến ngày 27-09-2026 hoặc URL sai)
2026-09-26 15:50:34,967 | INFO     | Đã lưu HTML debug: D:\TIỂU LUẬN CHUYÊN NGÀNH\TLCN-Travel\ingestion\transport\logs\debug_html\Hồ_Chí_Minh_Kon_Tum.html
2026-09-26 15:50:37,968 | INFO     | ======================================================================
2026-09-26 15:50:37,968 | INFO     | ROUTE 42/143: Hồ Chí Minh -> Gia Lai [bus]
2026-09-26 15:50:37,968 | INFO     | URL: https://vexere.com/vi-VN/ve-xe-khach-tu-sai-gon-di-gia-lai.html?date=27-09-2026&lt=1
2026-09-26 15:50:42,813 | WARNING  | Hồ Chí Minh -> Gia Lai: Không tìm thấy ticket (có thể hết chuyến ngày 27-09-2026 hoặc URL sai)
2026-09-26 15:50:42,832 | INFO     | Đã lưu HTML debug: D:\TIỂU LUẬN CHUYÊN NGÀNH\TLCN-Travel\ingestion\transport\logs\debug_html\Hồ_Chí_Minh_Gia_Lai.html
2026-09-26 15:50:45,833 | INFO     | ======================================================================
2026-09-26 15:50:45,834 | INFO     | ROUTE 43/143: Hồ Chí Minh -> Đắk Lắk [bus]
2026-09-26 15:50:45,834 | INFO     | URL: https://vexere.com/vi-VN/ve-xe-khach-tu-sai-gon-di-dak-lak.html?date=27-09-2026&lt=1
2026-09-26 15:50:50,604 | WARNING  | Hồ Chí Minh -> Đắk Lắk: Không tìm thấy ticket (có thể hết chuyến ngày 27-09-2026 hoặc URL sai)
2026-09-26 15:50:50,623 | INFO     | Đã lưu HTML debug: D:\TIỂU LUẬN CHUYÊN NGÀNH\TLCN-Travel\ingestion\transport\logs\debug_html\Hồ_Chí_Minh_Đắk_Lắk.html
2026-09-26 15:50:53,624 | INFO     | ======================================================================
2026-09-26 15:50:53,625 | INFO     | ROUTE 44/143: Hồ Chí Minh -> Đắk Nông [bus]
2026-09-26 15:50:53,625 | INFO     | URL: https://vexere.com/vi-VN/ve-xe-khach-tu-sai-gon-di-dak-nong.html?date=27-09-2026&lt=1
2026-09-26 15:50:58,513 | WARNING  | Hồ Chí Minh -> Đắk Nông: Không tìm thấy ticket (có thể hết chuyến ngày 27-09-2026 hoặc URL sai)
2026-09-26 15:50:58,556 | INFO     | Đã lưu HTML debug: D:\TIỂU LUẬN CHUYÊN NGÀNH\TLCN-Travel\ingestion\transport\logs\debug_html\Hồ_Chí_Minh_Đắk_Nông.html
2026-09-26 15:51:01,557 | INFO     | ======================================================================
2026-09-26 15:51:01,557 | INFO     | ROUTE 45/143: Hồ Chí Minh -> Lâm Đồng [bus]
2026-09-26 15:51:01,558 | INFO     | URL: https://vexere.com/vi-VN/ve-xe-khach-tu-sai-gon-di-lam-dong.html?date=27-09-2026&lt=1
2026-09-26 15:51:06,335 | WARNING  | Hồ Chí Minh -> Lâm Đồng: Không tìm thấy ticket (có thể hết chuyến ngày 27-09-2026 hoặc URL sai)
2026-09-26 15:51:06,355 | INFO     | Đã lưu HTML debug: D:\TIỂU LUẬN CHUYÊN NGÀNH\TLCN-Travel\ingestion\transport\logs\debug_html\Hồ_Chí_Minh_Lâm_Đồng.html
2026-09-26 15:51:09,356 | INFO     | ======================================================================
2026-09-26 15:51:09,356 | INFO     | ROUTE 46/143: Hồ Chí Minh -> Bảo Lộc [bus]
2026-09-26 15:51:09,356 | INFO     | URL: https://vexere.com/vi-VN/ve-xe-khach-tu-sai-gon-di-bao-loc.html?date=27-09-2026&lt=1
2026-09-26 15:51:14,249 | WARNING  | Hồ Chí Minh -> Bảo Lộc: Không tìm thấy ticket (có thể hết chuyến ngày 27-09-2026 hoặc URL sai)
2026-09-26 15:51:14,290 | INFO     | Đã lưu HTML debug: D:\TIỂU LUẬN CHUYÊN NGÀNH\TLCN-Travel\ingestion\transport\logs\debug_html\Hồ_Chí_Minh_Bảo_Lộc.html
2026-09-26 15:51:17,291 | INFO     | ======================================================================
2026-09-26 15:51:17,292 | INFO     | ROUTE 47/143: Hồ Chí Minh -> Bình Phước [bus]
2026-09-26 15:51:17,292 | INFO     | URL: https://vexere.com/vi-VN/ve-xe-khach-tu-sai-gon-di-binh-phuoc.html?date=27-09-2026&lt=1
2026-09-26 15:51:22,104 | WARNING  | Hồ Chí Minh -> Bình Phước: Không tìm thấy ticket (có thể hết chuyến ngày 27-09-2026 hoặc URL sai)
2026-09-26 15:51:22,127 | INFO     | Đã lưu HTML debug: D:\TIỂU LUẬN CHUYÊN NGÀNH\TLCN-Travel\ingestion\transport\logs\debug_html\Hồ_Chí_Minh_Bình_Phước.html
2026-09-26 15:51:25,128 | INFO     | ======================================================================
2026-09-26 15:51:25,128 | INFO     | ROUTE 48/143: Hồ Chí Minh -> Đồng Xoài [bus]
2026-09-26 15:51:25,129 | INFO     | URL: https://vexere.com/vi-VN/ve-xe-khach-tu-sai-gon-di-dong-xoai.html?date=27-09-2026&lt=1
2026-09-26 15:51:30,058 | WARNING  | Hồ Chí Minh -> Đồng Xoài: Không tìm thấy ticket (có thể hết chuyến ngày 27-09-2026 hoặc URL sai)
2026-09-26 15:51:30,076 | INFO     | Đã lưu HTML debug: D:\TIỂU LUẬN CHUYÊN NGÀNH\TLCN-Travel\ingestion\transport\logs\debug_html\Hồ_Chí_Minh_Đồng_Xoài.html
2026-09-26 15:51:33,077 | INFO     | ======================================================================
2026-09-26 15:51:33,077 | INFO     | ROUTE 49/143: Hồ Chí Minh -> Tây Ninh [bus]
2026-09-26 15:51:33,078 | INFO     | URL: https://vexere.com/vi-VN/ve-xe-khach-tu-sai-gon-di-tay-ninh.html?date=27-09-2026&lt=1
2026-09-26 15:51:38,045 | WARNING  | Hồ Chí Minh -> Tây Ninh: Không tìm thấy ticket (có thể hết chuyến ngày 27-09-2026 hoặc URL sai)
2026-09-26 15:51:38,080 | INFO     | Đã lưu HTML debug: D:\TIỂU LUẬN CHUYÊN NGÀNH\TLCN-Travel\ingestion\transport\logs\debug_html\Hồ_Chí_Minh_Tây_Ninh.html
2026-09-26 15:51:41,080 | INFO     | ======================================================================
2026-09-26 15:51:41,081 | INFO     | ROUTE 50/143: Hồ Chí Minh -> Bình Dương [bus]
2026-09-26 15:51:41,081 | INFO     | URL: https://vexere.com/vi-VN/ve-xe-khach-tu-sai-gon-di-binh-duong.html?date=27-09-2026&lt=1
2026-09-26 15:51:45,926 | WARNING  | Hồ Chí Minh -> Bình Dương: Không tìm thấy ticket (có thể hết chuyến ngày 27-09-2026 hoặc URL sai)
2026-09-26 15:51:45,955 | INFO     | Đã lưu HTML debug: D:\TIỂU LUẬN CHUYÊN NGÀNH\TLCN-Travel\ingestion\transport\logs\debug_html\Hồ_Chí_Minh_Bình_Dương.html
2026-09-26 15:51:48,956 | INFO     | ======================================================================
2026-09-26 15:51:48,957 | INFO     | ROUTE 51/143: Hồ Chí Minh -> Thủ Dầu Một [bus]
2026-09-26 15:51:48,957 | INFO     | URL: https://vexere.com/vi-VN/ve-xe-khach-tu-sai-gon-di-thu-dau-mot.html?date=27-09-2026&lt=1
2026-09-26 15:51:53,832 | WARNING  | Hồ Chí Minh -> Thủ Dầu Một: Không tìm thấy ticket (có thể hết chuyến ngày 27-09-2026 hoặc URL sai)
2026-09-26 15:51:53,858 | INFO     | Đã lưu HTML debug: D:\TIỂU LUẬN CHUYÊN NGÀNH\TLCN-Travel\ingestion\transport\logs\debug_html\Hồ_Chí_Minh_Thủ_Dầu_Một.html
2026-09-26 15:51:56,858 | INFO     | ======================================================================
2026-09-26 15:51:56,859 | INFO     | ROUTE 52/143: Hồ Chí Minh -> Dĩ An [bus]
2026-09-26 15:51:56,859 | INFO     | URL: https://vexere.com/vi-VN/ve-xe-khach-tu-sai-gon-di-di-an.html?date=27-09-2026&lt=1
2026-09-26 15:52:01,638 | WARNING  | Hồ Chí Minh -> Dĩ An: Không tìm thấy ticket (có thể hết chuyến ngày 27-09-2026 hoặc URL sai)
2026-09-26 15:52:01,665 | INFO     | Đã lưu HTML debug: D:\TIỂU LUẬN CHUYÊN NGÀNH\TLCN-Travel\ingestion\transport\logs\debug_html\Hồ_Chí_Minh_Dĩ_An.html
2026-09-26 15:52:04,665 | INFO     | ======================================================================
2026-09-26 15:52:04,666 | INFO     | ROUTE 53/143: Hồ Chí Minh -> Thuận An [bus]
2026-09-26 15:52:04,666 | INFO     | URL: https://vexere.com/vi-VN/ve-xe-khach-tu-sai-gon-di-thuan-an.html?date=27-09-2026&lt=1
2026-09-26 15:52:09,433 | WARNING  | Hồ Chí Minh -> Thuận An: Không tìm thấy ticket (có thể hết chuyến ngày 27-09-2026 hoặc URL sai)
2026-09-26 15:52:09,458 | INFO     | Đã lưu HTML debug: D:\TIỂU LUẬN CHUYÊN NGÀNH\TLCN-Travel\ingestion\transport\logs\debug_html\Hồ_Chí_Minh_Thuận_An.html
2026-09-26 15:52:12,459 | INFO     | ======================================================================
2026-09-26 15:52:12,459 | INFO     | ROUTE 54/143: Hồ Chí Minh -> Đồng Nai [bus]
2026-09-26 15:52:12,459 | INFO     | URL: https://vexere.com/vi-VN/ve-xe-khach-tu-sai-gon-di-dong-nai.html?date=27-09-2026&lt=1
2026-09-26 15:52:17,744 | WARNING  | Hồ Chí Minh -> Đồng Nai: Không tìm thấy ticket (có thể hết chuyến ngày 27-09-2026 hoặc URL sai)
2026-09-26 15:52:17,770 | INFO     | Đã lưu HTML debug: D:\TIỂU LUẬN CHUYÊN NGÀNH\TLCN-Travel\ingestion\transport\logs\debug_html\Hồ_Chí_Minh_Đồng_Nai.html
2026-09-26 15:52:20,771 | INFO     | ======================================================================
2026-09-26 15:52:20,771 | INFO     | ROUTE 55/143: Hồ Chí Minh -> Biên Hòa [bus]
2026-09-26 15:52:20,772 | INFO     | URL: https://vexere.com/vi-VN/ve-xe-khach-tu-sai-gon-di-bien-hoa.html?date=27-09-2026&lt=1
2026-09-26 15:52:25,668 | WARNING  | Hồ Chí Minh -> Biên Hòa: Không tìm thấy ticket (có thể hết chuyến ngày 27-09-2026 hoặc URL sai)
2026-09-26 15:52:25,685 | INFO     | Đã lưu HTML debug: D:\TIỂU LUẬN CHUYÊN NGÀNH\TLCN-Travel\ingestion\transport\logs\debug_html\Hồ_Chí_Minh_Biên_Hòa.html
2026-09-26 15:52:28,685 | INFO     | ======================================================================
2026-09-26 15:52:28,686 | INFO     | ROUTE 56/143: Hồ Chí Minh -> Long Khánh [bus]
2026-09-26 15:52:28,686 | INFO     | URL: https://vexere.com/vi-VN/ve-xe-khach-tu-sai-gon-di-long-khanh.html?date=27-09-2026&lt=1
2026-09-26 15:52:33,089 | WARNING  | Hồ Chí Minh -> Long Khánh: Không tìm thấy ticket (có thể hết chuyến ngày 27-09-2026 hoặc URL sai)
2026-09-26 15:52:33,109 | INFO     | Đã lưu HTML debug: D:\TIỂU LUẬN CHUYÊN NGÀNH\TLCN-Travel\ingestion\transport\logs\debug_html\Hồ_Chí_Minh_Long_Khánh.html
2026-09-26 15:52:36,110 | INFO     | ======================================================================
2026-09-26 15:52:36,110 | INFO     | ROUTE 57/143: Hồ Chí Minh -> Bà Rịa [bus]
2026-09-26 15:52:36,111 | INFO     | URL: https://vexere.com/vi-VN/ve-xe-khach-tu-sai-gon-di-ba-ria.html?date=27-09-2026&lt=1
2026-09-26 15:52:40,978 | WARNING  | Hồ Chí Minh -> Bà Rịa: Không tìm thấy ticket (có thể hết chuyến ngày 27-09-2026 hoặc URL sai)
2026-09-26 15:52:41,001 | INFO     | Đã lưu HTML debug: D:\TIỂU LUẬN CHUYÊN NGÀNH\TLCN-Travel\ingestion\transport\logs\debug_html\Hồ_Chí_Minh_Bà_Rịa.html
2026-09-26 15:52:44,002 | INFO     | ======================================================================
2026-09-26 15:52:44,002 | INFO     | ROUTE 58/143: Hồ Chí Minh -> Long An [bus]
2026-09-26 15:52:44,003 | INFO     | URL: https://vexere.com/vi-VN/ve-xe-khach-tu-sai-gon-di-long-an.html?date=27-09-2026&lt=1
2026-09-26 15:52:48,725 | WARNING  | Hồ Chí Minh -> Long An: Không tìm thấy ticket (có thể hết chuyến ngày 27-09-2026 hoặc URL sai)
2026-09-26 15:52:48,749 | INFO     | Đã lưu HTML debug: D:\TIỂU LUẬN CHUYÊN NGÀNH\TLCN-Travel\ingestion\transport\logs\debug_html\Hồ_Chí_Minh_Long_An.html
2026-09-26 15:52:51,750 | INFO     | ======================================================================
2026-09-26 15:52:51,750 | INFO     | ROUTE 59/143: Hồ Chí Minh -> Tân An [bus]
2026-09-26 15:52:51,751 | INFO     | URL: https://vexere.com/vi-VN/ve-xe-khach-tu-sai-gon-di-tan-an.html?date=27-09-2026&lt=1
2026-09-26 15:52:56,555 | WARNING  | Hồ Chí Minh -> Tân An: Không tìm thấy ticket (có thể hết chuyến ngày 27-09-2026 hoặc URL sai)
2026-09-26 15:52:56,585 | INFO     | Đã lưu HTML debug: D:\TIỂU LUẬN CHUYÊN NGÀNH\TLCN-Travel\ingestion\transport\logs\debug_html\Hồ_Chí_Minh_Tân_An.html
2026-09-26 15:52:59,586 | INFO     | ======================================================================
2026-09-26 15:52:59,586 | INFO     | ROUTE 60/143: Hồ Chí Minh -> Tiền Giang [bus]
2026-09-26 15:52:59,586 | INFO     | URL: https://vexere.com/vi-VN/ve-xe-khach-tu-sai-gon-di-tien-giang.html?date=27-09-2026&lt=1
2026-09-26 15:53:04,541 | WARNING  | Hồ Chí Minh -> Tiền Giang: Không tìm thấy ticket (có thể hết chuyến ngày 27-09-2026 hoặc URL sai)
2026-09-26 15:53:04,591 | INFO     | Đã lưu HTML debug: D:\TIỂU LUẬN CHUYÊN NGÀNH\TLCN-Travel\ingestion\transport\logs\debug_html\Hồ_Chí_Minh_Tiền_Giang.html
2026-09-26 15:53:07,592 | INFO     | ======================================================================
2026-09-26 15:53:07,593 | INFO     | ROUTE 61/143: Hồ Chí Minh -> Mỹ Tho [bus]
2026-09-26 15:53:07,593 | INFO     | URL: https://vexere.com/vi-VN/ve-xe-khach-tu-sai-gon-di-my-tho.html?date=27-09-2026&lt=1
2026-09-26 15:53:12,536 | WARNING  | Hồ Chí Minh -> Mỹ Tho: Không tìm thấy ticket (có thể hết chuyến ngày 27-09-2026 hoặc URL sai)
2026-09-26 15:53:12,564 | INFO     | Đã lưu HTML debug: D:\TIỂU LUẬN CHUYÊN NGÀNH\TLCN-Travel\ingestion\transport\logs\debug_html\Hồ_Chí_Minh_Mỹ_Tho.html
2026-09-26 15:53:15,564 | INFO     | ======================================================================
2026-09-26 15:53:15,565 | INFO     | ROUTE 62/143: Hồ Chí Minh -> Bến Tre [bus]
2026-09-26 15:53:15,565 | INFO     | URL: https://vexere.com/vi-VN/ve-xe-khach-tu-sai-gon-di-ben-tre.html?date=27-09-2026&lt=1
2026-09-26 15:53:20,508 | WARNING  | Hồ Chí Minh -> Bến Tre: Không tìm thấy ticket (có thể hết chuyến ngày 27-09-2026 hoặc URL sai)
2026-09-26 15:53:20,554 | INFO     | Đã lưu HTML debug: D:\TIỂU LUẬN CHUYÊN NGÀNH\TLCN-Travel\ingestion\transport\logs\debug_html\Hồ_Chí_Minh_Bến_Tre.html
2026-09-26 15:53:23,555 | INFO     | ======================================================================
2026-09-26 15:53:23,555 | INFO     | ROUTE 63/143: Hồ Chí Minh -> Trà Vinh [bus]
2026-09-26 15:53:23,555 | INFO     | URL: https://vexere.com/vi-VN/ve-xe-khach-tu-sai-gon-di-tra-vinh.html?date=27-09-2026&lt=1
2026-09-26 15:53:28,313 | WARNING  | Hồ Chí Minh -> Trà Vinh: Không tìm thấy ticket (có thể hết chuyến ngày 27-09-2026 hoặc URL sai)
2026-09-26 15:53:28,392 | INFO     | Đã lưu HTML debug: D:\TIỂU LUẬN CHUYÊN NGÀNH\TLCN-Travel\ingestion\transport\logs\debug_html\Hồ_Chí_Minh_Trà_Vinh.html
2026-09-26 15:53:31,393 | INFO     | ======================================================================
2026-09-26 15:53:31,394 | INFO     | ROUTE 64/143: Hồ Chí Minh -> Vĩnh Long [bus]
2026-09-26 15:53:31,394 | INFO     | URL: https://vexere.com/vi-VN/ve-xe-khach-tu-sai-gon-di-vinh-long.html?date=27-09-2026&lt=1
2026-09-26 15:53:36,173 | WARNING  | Hồ Chí Minh -> Vĩnh Long: Không tìm thấy ticket (có thể hết chuyến ngày 27-09-2026 hoặc URL sai)
2026-09-26 15:53:36,197 | INFO     | Đã lưu HTML debug: D:\TIỂU LUẬN CHUYÊN NGÀNH\TLCN-Travel\ingestion\transport\logs\debug_html\Hồ_Chí_Minh_Vĩnh_Long.html
2026-09-26 15:53:39,198 | INFO     | ======================================================================
2026-09-26 15:53:39,198 | INFO     | ROUTE 65/143: Hồ Chí Minh -> Đồng Tháp [bus]
2026-09-26 15:53:39,199 | INFO     | URL: https://vexere.com/vi-VN/ve-xe-khach-tu-sai-gon-di-dong-thap.html?date=27-09-2026&lt=1
2026-09-26 15:53:44,023 | WARNING  | Hồ Chí Minh -> Đồng Tháp: Không tìm thấy ticket (có thể hết chuyến ngày 27-09-2026 hoặc URL sai)
2026-09-26 15:53:44,048 | INFO     | Đã lưu HTML debug: D:\TIỂU LUẬN CHUYÊN NGÀNH\TLCN-Travel\ingestion\transport\logs\debug_html\Hồ_Chí_Minh_Đồng_Tháp.html
2026-09-26 15:53:47,048 | INFO     | ======================================================================
2026-09-26 15:53:47,049 | INFO     | ROUTE 66/143: Hồ Chí Minh -> Cao Lãnh [bus]
2026-09-26 15:53:47,049 | INFO     | URL: https://vexere.com/vi-VN/ve-xe-khach-tu-sai-gon-di-cao-lanh.html?date=27-09-2026&lt=1
2026-09-26 15:53:51,890 | WARNING  | Hồ Chí Minh -> Cao Lãnh: Không tìm thấy ticket (có thể hết chuyến ngày 27-09-2026 hoặc URL sai)
2026-09-26 15:53:51,916 | INFO     | Đã lưu HTML debug: D:\TIỂU LUẬN CHUYÊN NGÀNH\TLCN-Travel\ingestion\transport\logs\debug_html\Hồ_Chí_Minh_Cao_Lãnh.html
2026-09-26 15:53:54,917 | INFO     | ======================================================================
2026-09-26 15:53:54,917 | INFO     | ROUTE 67/143: Hồ Chí Minh -> Sa Đéc [bus]
2026-09-26 15:53:54,918 | INFO     | URL: https://vexere.com/vi-VN/ve-xe-khach-tu-sai-gon-di-sa-dec.html?date=27-09-2026&lt=1
2026-09-26 15:54:02,472 | WARNING  | Hồ Chí Minh -> Sa Đéc: Không tìm thấy ticket (có thể hết chuyến ngày 27-09-2026 hoặc URL sai)
2026-09-26 15:54:02,521 | INFO     | Đã lưu HTML debug: D:\TIỂU LUẬN CHUYÊN NGÀNH\TLCN-Travel\ingestion\transport\logs\debug_html\Hồ_Chí_Minh_Sa_Đéc.html
2026-09-26 15:54:05,522 | INFO     | ======================================================================
2026-09-26 15:54:05,522 | INFO     | ROUTE 68/143: Hồ Chí Minh -> An Giang [bus]
2026-09-26 15:54:05,522 | INFO     | URL: https://vexere.com/vi-VN/ve-xe-khach-tu-sai-gon-di-an-giang.html?date=27-09-2026&lt=1
2026-09-26 15:54:10,640 | WARNING  | Hồ Chí Minh -> An Giang: Không tìm thấy ticket (có thể hết chuyến ngày 27-09-2026 hoặc URL sai)
2026-09-26 15:54:10,666 | INFO     | Đã lưu HTML debug: D:\TIỂU LUẬN CHUYÊN NGÀNH\TLCN-Travel\ingestion\transport\logs\debug_html\Hồ_Chí_Minh_An_Giang.html
2026-09-26 15:54:13,667 | INFO     | ======================================================================
2026-09-26 15:54:13,668 | INFO     | ROUTE 69/143: Hồ Chí Minh -> Long Xuyên [bus]
2026-09-26 15:54:13,668 | INFO     | URL: https://vexere.com/vi-VN/ve-xe-khach-tu-sai-gon-di-long-xuyen.html?date=27-09-2026&lt=1
2026-09-26 15:54:18,465 | WARNING  | Hồ Chí Minh -> Long Xuyên: Không tìm thấy ticket (có thể hết chuyến ngày 27-09-2026 hoặc URL sai)
2026-09-26 15:54:18,489 | INFO     | Đã lưu HTML debug: D:\TIỂU LUẬN CHUYÊN NGÀNH\TLCN-Travel\ingestion\transport\logs\debug_html\Hồ_Chí_Minh_Long_Xuyên.html
2026-09-26 15:54:21,490 | INFO     | ======================================================================
2026-09-26 15:54:21,490 | INFO     | ROUTE 70/143: Hồ Chí Minh -> Châu Đốc [bus]
2026-09-26 15:54:21,491 | INFO     | URL: https://vexere.com/vi-VN/ve-xe-khach-tu-sai-gon-di-chau-doc.html?date=27-09-2026&lt=1
2026-09-26 15:54:27,978 | WARNING  | Hồ Chí Minh -> Châu Đốc: Không tìm thấy ticket (có thể hết chuyến ngày 27-09-2026 hoặc URL sai)
2026-09-26 15:54:28,012 | INFO     | Đã lưu HTML debug: D:\TIỂU LUẬN CHUYÊN NGÀNH\TLCN-Travel\ingestion\transport\logs\debug_html\Hồ_Chí_Minh_Châu_Đốc.html
2026-09-26 15:54:31,013 | INFO     | ======================================================================
2026-09-26 15:54:31,013 | INFO     | ROUTE 71/143: Hồ Chí Minh -> Kiên Giang [bus]
2026-09-26 15:54:31,013 | INFO     | URL: https://vexere.com/vi-VN/ve-xe-khach-tu-sai-gon-di-kien-giang.html?date=27-09-2026&lt=1
2026-09-26 15:54:36,559 | WARNING  | Hồ Chí Minh -> Kiên Giang: Không tìm thấy ticket (có thể hết chuyến ngày 27-09-2026 hoặc URL sai)
2026-09-26 15:54:36,593 | INFO     | Đã lưu HTML debug: D:\TIỂU LUẬN CHUYÊN NGÀNH\TLCN-Travel\ingestion\transport\logs\debug_html\Hồ_Chí_Minh_Kiên_Giang.html
2026-09-26 15:54:39,594 | INFO     | ======================================================================
2026-09-26 15:54:39,594 | INFO     | ROUTE 72/143: Hồ Chí Minh -> Rạch Giá [bus]
2026-09-26 15:54:39,594 | INFO     | URL: https://vexere.com/vi-VN/ve-xe-khach-tu-sai-gon-di-rach-gia.html?date=27-09-2026&lt=1
2026-09-26 15:54:52,081 | WARNING  | Hồ Chí Minh -> Rạch Giá: Không tìm thấy ticket (có thể hết chuyến ngày 27-09-2026 hoặc URL sai)
2026-09-26 15:54:52,114 | INFO     | Đã lưu HTML debug: D:\TIỂU LUẬN CHUYÊN NGÀNH\TLCN-Travel\ingestion\transport\logs\debug_html\Hồ_Chí_Minh_Rạch_Giá.html
2026-09-26 15:54:55,116 | INFO     | ======================================================================
2026-09-26 15:54:55,116 | INFO     | ROUTE 73/143: Hồ Chí Minh -> Hà Tiên [bus]
2026-09-26 15:54:55,116 | INFO     | URL: https://vexere.com/vi-VN/ve-xe-khach-tu-sai-gon-di-ha-tien.html?date=27-09-2026&lt=1
2026-09-26 15:55:02,365 | WARNING  | Hồ Chí Minh -> Hà Tiên: Không tìm thấy ticket (có thể hết chuyến ngày 27-09-2026 hoặc URL sai)
2026-09-26 15:55:02,388 | INFO     | Đã lưu HTML debug: D:\TIỂU LUẬN CHUYÊN NGÀNH\TLCN-Travel\ingestion\transport\logs\debug_html\Hồ_Chí_Minh_Hà_Tiên.html
2026-09-26 15:55:05,389 | INFO     | ======================================================================
2026-09-26 15:55:05,390 | INFO     | ROUTE 74/143: Hồ Chí Minh -> Hậu Giang [bus]
2026-09-26 15:55:05,390 | INFO     | URL: https://vexere.com/vi-VN/ve-xe-khach-tu-sai-gon-di-hau-giang.html?date=27-09-2026&lt=1
2026-09-26 15:55:10,167 | WARNING  | Hồ Chí Minh -> Hậu Giang: Không tìm thấy ticket (có thể hết chuyến ngày 27-09-2026 hoặc URL sai)
2026-09-26 15:55:10,210 | INFO     | Đã lưu HTML debug: D:\TIỂU LUẬN CHUYÊN NGÀNH\TLCN-Travel\ingestion\transport\logs\debug_html\Hồ_Chí_Minh_Hậu_Giang.html
2026-09-26 15:55:13,211 | INFO     | ======================================================================
2026-09-26 15:55:13,211 | INFO     | ROUTE 75/143: Hồ Chí Minh -> Vị Thanh [bus]
2026-09-26 15:55:13,211 | INFO     | URL: https://vexere.com/vi-VN/ve-xe-khach-tu-sai-gon-di-vi-thanh.html?date=27-09-2026&lt=1
2026-09-26 15:55:18,296 | WARNING  | Hồ Chí Minh -> Vị Thanh: Không tìm thấy ticket (có thể hết chuyến ngày 27-09-2026 hoặc URL sai)
2026-09-26 15:55:18,338 | INFO     | Đã lưu HTML debug: D:\TIỂU LUẬN CHUYÊN NGÀNH\TLCN-Travel\ingestion\transport\logs\debug_html\Hồ_Chí_Minh_Vị_Thanh.html
2026-09-26 15:55:21,339 | INFO     | ======================================================================
2026-09-26 15:55:21,340 | INFO     | ROUTE 76/143: Hồ Chí Minh -> Sóc Trăng [bus]
2026-09-26 15:55:21,340 | INFO     | URL: https://vexere.com/vi-VN/ve-xe-khach-tu-sai-gon-di-soc-trang.html?date=27-09-2026&lt=1
2026-09-26 15:55:26,152 | WARNING  | Hồ Chí Minh -> Sóc Trăng: Không tìm thấy ticket (có thể hết chuyến ngày 27-09-2026 hoặc URL sai)
2026-09-26 15:55:26,177 | INFO     | Đã lưu HTML debug: D:\TIỂU LUẬN CHUYÊN NGÀNH\TLCN-Travel\ingestion\transport\logs\debug_html\Hồ_Chí_Minh_Sóc_Trăng.html
2026-09-26 15:55:29,177 | INFO     | ======================================================================
2026-09-26 15:55:29,177 | INFO     | ROUTE 77/143: Hồ Chí Minh -> Bạc Liêu [bus]
2026-09-26 15:55:29,178 | INFO     | URL: https://vexere.com/vi-VN/ve-xe-khach-tu-sai-gon-di-bac-lieu.html?date=27-09-2026&lt=1
2026-09-26 15:55:33,918 | WARNING  | Hồ Chí Minh -> Bạc Liêu: Không tìm thấy ticket (có thể hết chuyến ngày 27-09-2026 hoặc URL sai)
2026-09-26 15:55:33,945 | INFO     | Đã lưu HTML debug: D:\TIỂU LUẬN CHUYÊN NGÀNH\TLCN-Travel\ingestion\transport\logs\debug_html\Hồ_Chí_Minh_Bạc_Liêu.html
2026-09-26 15:55:36,945 | INFO     | ======================================================================
2026-09-26 15:55:36,946 | INFO     | ROUTE 78/143: Hồ Chí Minh -> Cà Mau [bus]
2026-09-26 15:55:36,946 | INFO     | URL: https://vexere.com/vi-VN/ve-xe-khach-tu-sai-gon-di-ca-mau.html?date=27-09-2026&lt=1
2026-09-26 15:55:41,808 | WARNING  | Hồ Chí Minh -> Cà Mau: Không tìm thấy ticket (có thể hết chuyến ngày 27-09-2026 hoặc URL sai)
2026-09-26 15:55:41,826 | INFO     | Đã lưu HTML debug: D:\TIỂU LUẬN CHUYÊN NGÀNH\TLCN-Travel\ingestion\transport\logs\debug_html\Hồ_Chí_Minh_Cà_Mau.html
2026-09-26 15:55:44,827 | INFO     | ======================================================================
2026-09-26 15:55:44,828 | INFO     | ROUTE 79/143: Hồ Chí Minh -> Hải Dương [bus]
2026-09-26 15:55:44,829 | INFO     | URL: https://vexere.com/vi-VN/ve-xe-khach-tu-sai-gon-di-hai-duong.html?date=27-09-2026&lt=1
2026-09-26 15:55:49,594 | WARNING  | Hồ Chí Minh -> Hải Dương: Không tìm thấy ticket (có thể hết chuyến ngày 27-09-2026 hoặc URL sai)
2026-09-26 15:55:49,637 | INFO     | Đã lưu HTML debug: D:\TIỂU LUẬN CHUYÊN NGÀNH\TLCN-Travel\ingestion\transport\logs\debug_html\Hồ_Chí_Minh_Hải_Dương.html
2026-09-26 15:55:52,638 | INFO     | ======================================================================
2026-09-26 15:55:52,638 | INFO     | ROUTE 80/143: Hồ Chí Minh -> Hưng Yên [bus]
2026-09-26 15:55:52,639 | INFO     | URL: https://vexere.com/vi-VN/ve-xe-khach-tu-sai-gon-di-hung-yen.html?date=27-09-2026&lt=1
2026-09-26 15:55:57,645 | WARNING  | Hồ Chí Minh -> Hưng Yên: Không tìm thấy ticket (có thể hết chuyến ngày 27-09-2026 hoặc URL sai)
2026-09-26 15:55:57,705 | INFO     | Đã lưu HTML debug: D:\TIỂU LUẬN CHUYÊN NGÀNH\TLCN-Travel\ingestion\transport\logs\debug_html\Hồ_Chí_Minh_Hưng_Yên.html
2026-09-26 15:56:00,706 | INFO     | ======================================================================
2026-09-26 15:56:00,706 | INFO     | ROUTE 81/143: Hồ Chí Minh -> Bắc Ninh [bus]
2026-09-26 15:56:00,707 | INFO     | URL: https://vexere.com/vi-VN/ve-xe-khach-tu-sai-gon-di-bac-ninh.html?date=27-09-2026&lt=1
2026-09-26 15:56:05,516 | WARNING  | Hồ Chí Minh -> Bắc Ninh: Không tìm thấy ticket (có thể hết chuyến ngày 27-09-2026 hoặc URL sai)
2026-09-26 15:56:05,583 | INFO     | Đã lưu HTML debug: D:\TIỂU LUẬN CHUYÊN NGÀNH\TLCN-Travel\ingestion\transport\logs\debug_html\Hồ_Chí_Minh_Bắc_Ninh.html
2026-09-26 15:56:08,584 | INFO     | ======================================================================
2026-09-26 15:56:08,585 | INFO     | ROUTE 82/143: Hồ Chí Minh -> Vĩnh Phúc [bus]
2026-09-26 15:56:08,585 | INFO     | URL: https://vexere.com/vi-VN/ve-xe-khach-tu-sai-gon-di-vinh-phuc.html?date=27-09-2026&lt=1
2026-09-26 15:56:13,385 | WARNING  | Hồ Chí Minh -> Vĩnh Phúc: Không tìm thấy ticket (có thể hết chuyến ngày 27-09-2026 hoặc URL sai)
2026-09-26 15:56:13,411 | INFO     | Đã lưu HTML debug: D:\TIỂU LUẬN CHUYÊN NGÀNH\TLCN-Travel\ingestion\transport\logs\debug_html\Hồ_Chí_Minh_Vĩnh_Phúc.html
2026-09-26 15:56:16,412 | INFO     | ======================================================================
2026-09-26 15:56:16,412 | INFO     | ROUTE 83/143: Hồ Chí Minh -> Thái Nguyên [bus]
2026-09-26 15:56:16,412 | INFO     | URL: https://vexere.com/vi-VN/ve-xe-khach-tu-sai-gon-di-thai-nguyen.html?date=27-09-2026&lt=1
2026-09-26 15:56:21,240 | WARNING  | Hồ Chí Minh -> Thái Nguyên: Không tìm thấy ticket (có thể hết chuyến ngày 27-09-2026 hoặc URL sai)
2026-09-26 15:56:21,276 | INFO     | Đã lưu HTML debug: D:\TIỂU LUẬN CHUYÊN NGÀNH\TLCN-Travel\ingestion\transport\logs\debug_html\Hồ_Chí_Minh_Thái_Nguyên.html
2026-09-26 15:56:24,277 | INFO     | ======================================================================
2026-09-26 15:56:24,277 | INFO     | ROUTE 84/143: Hồ Chí Minh -> Phú Thọ [bus]
2026-09-26 15:56:24,278 | INFO     | URL: https://vexere.com/vi-VN/ve-xe-khach-tu-sai-gon-di-phu-tho.html?date=27-09-2026&lt=1
2026-09-26 15:56:29,185 | WARNING  | Hồ Chí Minh -> Phú Thọ: Không tìm thấy ticket (có thể hết chuyến ngày 27-09-2026 hoặc URL sai)
2026-09-26 15:56:29,233 | INFO     | Đã lưu HTML debug: D:\TIỂU LUẬN CHUYÊN NGÀNH\TLCN-Travel\ingestion\transport\logs\debug_html\Hồ_Chí_Minh_Phú_Thọ.html
2026-09-26 15:56:32,234 | INFO     | ======================================================================
2026-09-26 15:56:32,234 | INFO     | ROUTE 85/143: Hồ Chí Minh -> Bắc Giang [bus]
2026-09-26 15:56:32,235 | INFO     | URL: https://vexere.com/vi-VN/ve-xe-khach-tu-sai-gon-di-bac-giang.html?date=27-09-2026&lt=1
2026-09-26 15:56:36,996 | WARNING  | Hồ Chí Minh -> Bắc Giang: Không tìm thấy ticket (có thể hết chuyến ngày 27-09-2026 hoặc URL sai)
2026-09-26 15:56:37,021 | INFO     | Đã lưu HTML debug: D:\TIỂU LUẬN CHUYÊN NGÀNH\TLCN-Travel\ingestion\transport\logs\debug_html\Hồ_Chí_Minh_Bắc_Giang.html
2026-09-26 15:56:40,021 | INFO     | ======================================================================
2026-09-26 15:56:40,022 | INFO     | ROUTE 86/143: Hồ Chí Minh -> Lạng Sơn [bus]
2026-09-26 15:56:40,023 | INFO     | URL: https://vexere.com/vi-VN/ve-xe-khach-tu-sai-gon-di-lang-son.html?date=27-09-2026&lt=1
2026-09-26 15:56:44,864 | WARNING  | Hồ Chí Minh -> Lạng Sơn: Không tìm thấy ticket (có thể hết chuyến ngày 27-09-2026 hoặc URL sai)
2026-09-26 15:56:44,887 | INFO     | Đã lưu HTML debug: D:\TIỂU LUẬN CHUYÊN NGÀNH\TLCN-Travel\ingestion\transport\logs\debug_html\Hồ_Chí_Minh_Lạng_Sơn.html
2026-09-26 15:56:47,887 | INFO     | ======================================================================
2026-09-26 15:56:47,888 | INFO     | ROUTE 87/143: Hồ Chí Minh -> Cao Bằng [bus]
2026-09-26 15:56:47,888 | INFO     | URL: https://vexere.com/vi-VN/ve-xe-khach-tu-sai-gon-di-cao-bang.html?date=27-09-2026&lt=1
2026-09-26 15:56:52,688 | WARNING  | Hồ Chí Minh -> Cao Bằng: Không tìm thấy ticket (có thể hết chuyến ngày 27-09-2026 hoặc URL sai)
2026-09-26 15:56:52,738 | INFO     | Đã lưu HTML debug: D:\TIỂU LUẬN CHUYÊN NGÀNH\TLCN-Travel\ingestion\transport\logs\debug_html\Hồ_Chí_Minh_Cao_Bằng.html
2026-09-26 15:56:55,740 | INFO     | ======================================================================
2026-09-26 15:56:55,740 | INFO     | ROUTE 88/143: Hồ Chí Minh -> Bắc Kạn [bus]
2026-09-26 15:56:55,740 | INFO     | URL: https://vexere.com/vi-VN/ve-xe-khach-tu-sai-gon-di-bac-kan.html?date=27-09-2026&lt=1
2026-09-26 15:57:00,620 | WARNING  | Hồ Chí Minh -> Bắc Kạn: Không tìm thấy ticket (có thể hết chuyến ngày 27-09-2026 hoặc URL sai)
2026-09-26 15:57:00,650 | INFO     | Đã lưu HTML debug: D:\TIỂU LUẬN CHUYÊN NGÀNH\TLCN-Travel\ingestion\transport\logs\debug_html\Hồ_Chí_Minh_Bắc_Kạn.html
2026-09-26 15:57:03,651 | INFO     | ======================================================================
2026-09-26 15:57:03,652 | INFO     | ROUTE 89/143: Hồ Chí Minh -> Tuyên Quang [bus]
2026-09-26 15:57:03,652 | INFO     | URL: https://vexere.com/vi-VN/ve-xe-khach-tu-sai-gon-di-tuyen-quang.html?date=27-09-2026&lt=1
2026-09-26 15:57:08,623 | WARNING  | Hồ Chí Minh -> Tuyên Quang: Không tìm thấy ticket (có thể hết chuyến ngày 27-09-2026 hoặc URL sai)
2026-09-26 15:57:08,662 | INFO     | Đã lưu HTML debug: D:\TIỂU LUẬN CHUYÊN NGÀNH\TLCN-Travel\ingestion\transport\logs\debug_html\Hồ_Chí_Minh_Tuyên_Quang.html
2026-09-26 15:57:11,664 | INFO     | ======================================================================
2026-09-26 15:57:11,664 | INFO     | ROUTE 90/143: Hồ Chí Minh -> Hà Giang [bus]
2026-09-26 15:57:11,664 | INFO     | URL: https://vexere.com/vi-VN/ve-xe-khach-tu-sai-gon-di-ha-giang.html?date=27-09-2026&lt=1
2026-09-26 15:57:16,481 | WARNING  | Hồ Chí Minh -> Hà Giang: Không tìm thấy ticket (có thể hết chuyến ngày 27-09-2026 hoặc URL sai)
2026-09-26 15:57:16,545 | INFO     | Đã lưu HTML debug: D:\TIỂU LUẬN CHUYÊN NGÀNH\TLCN-Travel\ingestion\transport\logs\debug_html\Hồ_Chí_Minh_Hà_Giang.html
2026-09-26 15:57:19,546 | INFO     | ======================================================================
2026-09-26 15:57:19,546 | INFO     | ROUTE 91/143: Hồ Chí Minh -> Lào Cai [bus]
2026-09-26 15:57:19,546 | INFO     | URL: https://vexere.com/vi-VN/ve-xe-khach-tu-sai-gon-di-lao-cai.html?date=27-09-2026&lt=1
2026-09-26 15:57:24,287 | WARNING  | Hồ Chí Minh -> Lào Cai: Không tìm thấy ticket (có thể hết chuyến ngày 27-09-2026 hoặc URL sai)
2026-09-26 15:57:24,317 | INFO     | Đã lưu HTML debug: D:\TIỂU LUẬN CHUYÊN NGÀNH\TLCN-Travel\ingestion\transport\logs\debug_html\Hồ_Chí_Minh_Lào_Cai.html
2026-09-26 15:57:27,318 | INFO     | ======================================================================
2026-09-26 15:57:27,319 | INFO     | ROUTE 92/143: Hồ Chí Minh -> Yên Bái [bus]
2026-09-26 15:57:27,319 | INFO     | URL: https://vexere.com/vi-VN/ve-xe-khach-tu-sai-gon-di-yen-bai.html?date=27-09-2026&lt=1
2026-09-26 15:57:32,111 | WARNING  | Hồ Chí Minh -> Yên Bái: Không tìm thấy ticket (có thể hết chuyến ngày 27-09-2026 hoặc URL sai)
2026-09-26 15:57:32,134 | INFO     | Đã lưu HTML debug: D:\TIỂU LUẬN CHUYÊN NGÀNH\TLCN-Travel\ingestion\transport\logs\debug_html\Hồ_Chí_Minh_Yên_Bái.html
2026-09-26 15:57:35,135 | INFO     | ======================================================================
2026-09-26 15:57:35,136 | INFO     | ROUTE 93/143: Hồ Chí Minh -> Điện Biên [bus]
2026-09-26 15:57:35,137 | INFO     | URL: https://vexere.com/vi-VN/ve-xe-khach-tu-sai-gon-di-dien-bien.html?date=27-09-2026&lt=1
2026-09-26 15:57:39,945 | WARNING  | Hồ Chí Minh -> Điện Biên: Không tìm thấy ticket (có thể hết chuyến ngày 27-09-2026 hoặc URL sai)
2026-09-26 15:57:39,968 | INFO     | Đã lưu HTML debug: D:\TIỂU LUẬN CHUYÊN NGÀNH\TLCN-Travel\ingestion\transport\logs\debug_html\Hồ_Chí_Minh_Điện_Biên.html
2026-09-26 15:57:42,968 | INFO     | ======================================================================
2026-09-26 15:57:42,968 | INFO     | ROUTE 94/143: Hồ Chí Minh -> Lai Châu [bus]
2026-09-26 15:57:42,969 | INFO     | URL: https://vexere.com/vi-VN/ve-xe-khach-tu-sai-gon-di-lai-chau.html?date=27-09-2026&lt=1
2026-09-26 15:57:47,688 | WARNING  | Hồ Chí Minh -> Lai Châu: Không tìm thấy ticket (có thể hết chuyến ngày 27-09-2026 hoặc URL sai)
2026-09-26 15:57:47,708 | INFO     | Đã lưu HTML debug: D:\TIỂU LUẬN CHUYÊN NGÀNH\TLCN-Travel\ingestion\transport\logs\debug_html\Hồ_Chí_Minh_Lai_Châu.html
2026-09-26 15:57:50,708 | INFO     | ======================================================================
2026-09-26 15:57:50,709 | INFO     | ROUTE 95/143: Hồ Chí Minh -> Sơn La [bus]
2026-09-26 15:57:50,709 | INFO     | URL: https://vexere.com/vi-VN/ve-xe-khach-tu-sai-gon-di-son-la.html?date=27-09-2026&lt=1
2026-09-26 15:57:55,586 | WARNING  | Hồ Chí Minh -> Sơn La: Không tìm thấy ticket (có thể hết chuyến ngày 27-09-2026 hoặc URL sai)
2026-09-26 15:57:55,608 | INFO     | Đã lưu HTML debug: D:\TIỂU LUẬN CHUYÊN NGÀNH\TLCN-Travel\ingestion\transport\logs\debug_html\Hồ_Chí_Minh_Sơn_La.html
2026-09-26 15:57:58,608 | INFO     | ======================================================================
2026-09-26 15:57:58,609 | INFO     | ROUTE 96/143: Hồ Chí Minh -> Hòa Bình [bus]
2026-09-26 15:57:58,609 | INFO     | URL: https://vexere.com/vi-VN/ve-xe-khach-tu-sai-gon-di-hoa-binh.html?date=27-09-2026&lt=1
2026-09-26 15:58:03,535 | WARNING  | Hồ Chí Minh -> Hòa Bình: Không tìm thấy ticket (có thể hết chuyến ngày 27-09-2026 hoặc URL sai)
2026-09-26 15:58:03,557 | INFO     | Đã lưu HTML debug: D:\TIỂU LUẬN CHUYÊN NGÀNH\TLCN-Travel\ingestion\transport\logs\debug_html\Hồ_Chí_Minh_Hòa_Bình.html
2026-09-26 15:58:06,557 | INFO     | ======================================================================
2026-09-26 15:58:06,557 | INFO     | ROUTE 97/143: Hồ Chí Minh -> Nam Định [bus]
2026-09-26 15:58:06,558 | INFO     | URL: https://vexere.com/vi-VN/ve-xe-khach-tu-sai-gon-di-nam-dinh.html?date=27-09-2026&lt=1
2026-09-26 15:58:11,342 | WARNING  | Hồ Chí Minh -> Nam Định: Không tìm thấy ticket (có thể hết chuyến ngày 27-09-2026 hoặc URL sai)
2026-09-26 15:58:11,368 | INFO     | Đã lưu HTML debug: D:\TIỂU LUẬN CHUYÊN NGÀNH\TLCN-Travel\ingestion\transport\logs\debug_html\Hồ_Chí_Minh_Nam_Định.html
2026-09-26 15:58:14,369 | INFO     | ======================================================================
2026-09-26 15:58:14,369 | INFO     | ROUTE 98/143: Hồ Chí Minh -> Thái Bình [bus]
2026-09-26 15:58:14,369 | INFO     | URL: https://vexere.com/vi-VN/ve-xe-khach-tu-sai-gon-di-thai-binh.html?date=27-09-2026&lt=1
2026-09-26 15:58:19,216 | WARNING  | Hồ Chí Minh -> Thái Bình: Không tìm thấy ticket (có thể hết chuyến ngày 27-09-2026 hoặc URL sai)
2026-09-26 15:58:19,241 | INFO     | Đã lưu HTML debug: D:\TIỂU LUẬN CHUYÊN NGÀNH\TLCN-Travel\ingestion\transport\logs\debug_html\Hồ_Chí_Minh_Thái_Bình.html
2026-09-26 15:58:22,241 | INFO     | ======================================================================
2026-09-26 15:58:22,242 | INFO     | ROUTE 99/143: Hồ Chí Minh -> Hà Nam [bus]
2026-09-26 15:58:22,242 | INFO     | URL: https://vexere.com/vi-VN/ve-xe-khach-tu-sai-gon-di-ha-nam.html?date=27-09-2026&lt=1
2026-09-26 15:58:31,042 | WARNING  | Hồ Chí Minh -> Hà Nam: Không tìm thấy ticket (có thể hết chuyến ngày 27-09-2026 hoặc URL sai)
2026-09-26 15:58:31,075 | INFO     | Đã lưu HTML debug: D:\TIỂU LUẬN CHUYÊN NGÀNH\TLCN-Travel\ingestion\transport\logs\debug_html\Hồ_Chí_Minh_Hà_Nam.html
2026-09-26 15:58:34,075 | INFO     | ======================================================================
2026-09-26 15:58:34,075 | INFO     | ROUTE 100/143: Hồ Chí Minh -> Hà Nội [flight]
2026-09-26 15:58:34,076 | INFO     | URL: https://vexere.com/vi-VN/ve-may-bay/tu-sai-gon-di-ha-noi.html?date=27-09-2026
2026-09-26 15:58:44,784 | INFO     | Tìm thấy 1 card (flight) | selector=div[class*='ticket']
2026-09-26 15:58:44,810 | INFO     | Đã lưu HTML debug: D:\TIỂU LUẬN CHUYÊN NGÀNH\TLCN-Travel\ingestion\transport\logs\debug_html\Hồ_Chí_Minh_Hà_Nội.html
2026-09-26 15:58:44,811 | INFO     | Hoàn thành Hồ Chí Minh -> Hà Nội [flight]: 0 records
2026-09-26 15:58:47,813 | INFO     | ======================================================================
2026-09-26 15:58:47,820 | INFO     | ROUTE 101/143: Hồ Chí Minh -> Đà Nẵng [flight]
2026-09-26 15:58:47,821 | INFO     | URL: https://vexere.com/vi-VN/ve-may-bay/tu-sai-gon-di-da-nang.html?date=27-09-2026
2026-09-26 15:58:57,067 | INFO     | Tìm thấy 1 card (flight) | selector=div[class*='ticket']
2026-09-26 15:58:57,137 | INFO     | Đã lưu HTML debug: D:\TIỂU LUẬN CHUYÊN NGÀNH\TLCN-Travel\ingestion\transport\logs\debug_html\Hồ_Chí_Minh_Đà_Nẵng.html
2026-09-26 15:58:57,138 | INFO     | Hoàn thành Hồ Chí Minh -> Đà Nẵng [flight]: 0 records
2026-09-26 15:59:00,138 | INFO     | ======================================================================
2026-09-26 15:59:00,139 | INFO     | ROUTE 102/143: Hồ Chí Minh -> Nha Trang [flight]
2026-09-26 15:59:00,139 | INFO     | URL: https://vexere.com/vi-VN/ve-may-bay/tu-sai-gon-di-nha-trang.html?date=27-09-2026
2026-09-26 15:59:09,693 | INFO     | Tìm thấy 1 card (flight) | selector=div[class*='ticket']
2026-09-26 15:59:09,732 | INFO     | Đã lưu HTML debug: D:\TIỂU LUẬN CHUYÊN NGÀNH\TLCN-Travel\ingestion\transport\logs\debug_html\Hồ_Chí_Minh_Nha_Trang.html
2026-09-26 15:59:09,733 | INFO     | Hoàn thành Hồ Chí Minh -> Nha Trang [flight]: 0 records
2026-09-26 15:59:12,733 | INFO     | ======================================================================
2026-09-26 15:59:12,734 | INFO     | ROUTE 103/143: Hồ Chí Minh -> Đà Lạt [flight]
2026-09-26 15:59:12,734 | INFO     | URL: https://vexere.com/vi-VN/ve-may-bay/tu-sai-gon-di-da-lat.html?date=27-09-2026
2026-09-26 15:59:23,627 | INFO     | Tìm thấy 1 card (flight) | selector=div[class*='ticket']
2026-09-26 15:59:23,672 | INFO     | Đã lưu HTML debug: D:\TIỂU LUẬN CHUYÊN NGÀNH\TLCN-Travel\ingestion\transport\logs\debug_html\Hồ_Chí_Minh_Đà_Lạt.html
2026-09-26 15:59:23,673 | INFO     | Hoàn thành Hồ Chí Minh -> Đà Lạt [flight]: 0 records
2026-09-26 15:59:26,674 | INFO     | ======================================================================
2026-09-26 15:59:26,674 | INFO     | ROUTE 104/143: Hồ Chí Minh -> Huế [flight]
2026-09-26 15:59:26,674 | INFO     | URL: https://vexere.com/vi-VN/ve-may-bay/tu-sai-gon-di-hue.html?date=27-09-2026
2026-09-26 15:59:36,256 | INFO     | Tìm thấy 1 card (flight) | selector=div[class*='ticket']
2026-09-26 15:59:36,310 | INFO     | Đã lưu HTML debug: D:\TIỂU LUẬN CHUYÊN NGÀNH\TLCN-Travel\ingestion\transport\logs\debug_html\Hồ_Chí_Minh_Huế.html
2026-09-26 15:59:36,312 | INFO     | Hoàn thành Hồ Chí Minh -> Huế [flight]: 0 records
2026-09-26 15:59:39,315 | INFO     | ======================================================================
2026-09-26 15:59:39,317 | INFO     | ROUTE 105/143: Hồ Chí Minh -> Quy Nhơn [flight]
2026-09-26 15:59:39,318 | INFO     | URL: https://vexere.com/vi-VN/ve-may-bay/tu-sai-gon-di-quy-nhon.html?date=27-09-2026
2026-09-26 15:59:48,625 | INFO     | Tìm thấy 1 card (flight) | selector=div[class*='ticket']
2026-09-26 15:59:48,637 | INFO     | Đã lưu HTML debug: D:\TIỂU LUẬN CHUYÊN NGÀNH\TLCN-Travel\ingestion\transport\logs\debug_html\Hồ_Chí_Minh_Quy_Nhơn.html
2026-09-26 15:59:48,637 | INFO     | Hoàn thành Hồ Chí Minh -> Quy Nhơn [flight]: 0 records
2026-09-26 15:59:51,637 | INFO     | ======================================================================
2026-09-26 15:59:51,638 | INFO     | ROUTE 106/143: Hồ Chí Minh -> Buôn Ma Thuột [flight]
2026-09-26 15:59:51,639 | INFO     | URL: https://vexere.com/vi-VN/ve-may-bay/tu-sai-gon-di-buon-ma-thuot.html?date=27-09-2026
2026-09-26 16:00:00,851 | WARNING  | FLIGHT | Hồ Chí Minh -> Buôn Ma Thuột: Không tìm thấy card. Cần inspect DOM.
2026-09-26 16:00:00,974 | INFO     | Đã lưu HTML debug: D:\TIỂU LUẬN CHUYÊN NGÀNH\TLCN-Travel\ingestion\transport\logs\debug_html\Hồ_Chí_Minh_Buôn_Ma_Thuột.html
2026-09-26 16:00:00,974 | INFO     | Hoàn thành Hồ Chí Minh -> Buôn Ma Thuột [flight]: 0 records
2026-09-26 16:00:03,975 | INFO     | ======================================================================
2026-09-26 16:00:03,988 | INFO     | ROUTE 107/143: Hồ Chí Minh -> Pleiku [flight]
2026-09-26 16:00:03,988 | INFO     | URL: https://vexere.com/vi-VN/ve-may-bay/tu-sai-gon-di-pleiku.html?date=27-09-2026
2026-09-26 16:00:13,350 | INFO     | Tìm thấy 1 card (flight) | selector=div[class*='ticket']
2026-09-26 16:00:13,360 | INFO     | Đã lưu HTML debug: D:\TIỂU LUẬN CHUYÊN NGÀNH\TLCN-Travel\ingestion\transport\logs\debug_html\Hồ_Chí_Minh_Pleiku.html
2026-09-26 16:00:13,360 | INFO     | Hoàn thành Hồ Chí Minh -> Pleiku [flight]: 0 records
2026-09-26 16:00:16,360 | INFO     | ======================================================================
2026-09-26 16:00:16,360 | INFO     | ROUTE 108/143: Hồ Chí Minh -> Phú Quốc [flight]
2026-09-26 16:00:16,361 | INFO     | URL: https://vexere.com/vi-VN/ve-may-bay/tu-sai-gon-di-phu-quoc.html?date=27-09-2026
2026-09-26 16:00:24,952 | INFO     | Tìm thấy 1 card (flight) | selector=div[class*='ticket']
2026-09-26 16:00:24,997 | INFO     | Đã lưu HTML debug: D:\TIỂU LUẬN CHUYÊN NGÀNH\TLCN-Travel\ingestion\transport\logs\debug_html\Hồ_Chí_Minh_Phú_Quốc.html
2026-09-26 16:00:24,999 | INFO     | Hoàn thành Hồ Chí Minh -> Phú Quốc [flight]: 0 records
2026-09-26 16:00:28,000 | INFO     | ======================================================================
2026-09-26 16:00:28,000 | INFO     | ROUTE 109/143: Hồ Chí Minh -> Cần Thơ [flight]
2026-09-26 16:00:28,001 | INFO     | URL: https://vexere.com/vi-VN/ve-may-bay/tu-sai-gon-di-can-tho.html?date=27-09-2026
2026-09-26 16:00:37,385 | INFO     | Tìm thấy 1 card (flight) | selector=div[class*='ticket']
2026-09-26 16:00:37,423 | INFO     | Đã lưu HTML debug: D:\TIỂU LUẬN CHUYÊN NGÀNH\TLCN-Travel\ingestion\transport\logs\debug_html\Hồ_Chí_Minh_Cần_Thơ.html
2026-09-26 16:00:37,425 | INFO     | Hoàn thành Hồ Chí Minh -> Cần Thơ [flight]: 0 records
2026-09-26 16:00:40,426 | INFO     | ======================================================================
2026-09-26 16:00:40,427 | INFO     | ROUTE 110/143: Hồ Chí Minh -> Vinh [flight]
2026-09-26 16:00:40,427 | INFO     | URL: https://vexere.com/vi-VN/ve-may-bay/tu-sai-gon-di-vinh.html?date=27-09-2026
2026-09-26 16:00:50,119 | INFO     | Tìm thấy 1 card (flight) | selector=div[class*='ticket']
2026-09-26 16:00:50,161 | INFO     | Đã lưu HTML debug: D:\TIỂU LUẬN CHUYÊN NGÀNH\TLCN-Travel\ingestion\transport\logs\debug_html\Hồ_Chí_Minh_Vinh.html
2026-09-26 16:00:50,163 | INFO     | Hoàn thành Hồ Chí Minh -> Vinh [flight]: 0 records
2026-09-26 16:00:53,165 | INFO     | ======================================================================
2026-09-26 16:00:53,166 | INFO     | ROUTE 111/143: Hồ Chí Minh -> Thanh Hóa [flight]
2026-09-26 16:00:53,166 | INFO     | URL: https://vexere.com/vi-VN/ve-may-bay/tu-sai-gon-di-thanh-hoa.html?date=27-09-2026
2026-09-26 16:01:02,802 | INFO     | Tìm thấy 1 card (flight) | selector=div[class*='ticket']
2026-09-26 16:01:02,821 | INFO     | Đã lưu HTML debug: D:\TIỂU LUẬN CHUYÊN NGÀNH\TLCN-Travel\ingestion\transport\logs\debug_html\Hồ_Chí_Minh_Thanh_Hóa.html
2026-09-26 16:01:02,821 | INFO     | Hoàn thành Hồ Chí Minh -> Thanh Hóa [flight]: 0 records
2026-09-26 16:01:05,821 | INFO     | ======================================================================
2026-09-26 16:01:05,822 | INFO     | ROUTE 112/143: Hồ Chí Minh -> Hải Phòng [flight]
2026-09-26 16:01:05,822 | INFO     | URL: https://vexere.com/vi-VN/ve-may-bay/tu-sai-gon-di-hai-phong.html?date=27-09-2026
2026-09-26 16:01:15,295 | INFO     | Tìm thấy 1 card (flight) | selector=div[class*='ticket']
2026-09-26 16:01:15,372 | INFO     | Đã lưu HTML debug: D:\TIỂU LUẬN CHUYÊN NGÀNH\TLCN-Travel\ingestion\transport\logs\debug_html\Hồ_Chí_Minh_Hải_Phòng.html
2026-09-26 16:01:15,373 | INFO     | Hoàn thành Hồ Chí Minh -> Hải Phòng [flight]: 0 records
2026-09-26 16:01:18,374 | INFO     | ======================================================================
2026-09-26 16:01:18,375 | INFO     | ROUTE 113/143: Hồ Chí Minh -> Đồng Hới [flight]
2026-09-26 16:01:18,375 | INFO     | URL: https://vexere.com/vi-VN/ve-may-bay/tu-sai-gon-di-dong-hoi.html?date=27-09-2026
2026-09-26 16:01:27,866 | INFO     | Tìm thấy 1 card (flight) | selector=div[class*='ticket']
2026-09-26 16:01:27,921 | INFO     | Đã lưu HTML debug: D:\TIỂU LUẬN CHUYÊN NGÀNH\TLCN-Travel\ingestion\transport\logs\debug_html\Hồ_Chí_Minh_Đồng_Hới.html
2026-09-26 16:01:27,922 | INFO     | Hoàn thành Hồ Chí Minh -> Đồng Hới [flight]: 0 records
2026-09-26 16:01:30,923 | INFO     | ======================================================================
2026-09-26 16:01:30,923 | INFO     | ROUTE 114/143: Hồ Chí Minh -> Tuy Hòa [flight]
2026-09-26 16:01:30,923 | INFO     | URL: https://vexere.com/vi-VN/ve-may-bay/tu-sai-gon-di-tuy-hoa.html?date=27-09-2026
2026-09-26 16:01:39,437 | INFO     | Tìm thấy 1 card (flight) | selector=div[class*='ticket']
2026-09-26 16:01:39,468 | INFO     | Đã lưu HTML debug: D:\TIỂU LUẬN CHUYÊN NGÀNH\TLCN-Travel\ingestion\transport\logs\debug_html\Hồ_Chí_Minh_Tuy_Hòa.html
2026-09-26 16:01:39,469 | INFO     | Hoàn thành Hồ Chí Minh -> Tuy Hòa [flight]: 0 records
2026-09-26 16:01:42,472 | INFO     | ======================================================================
2026-09-26 16:01:42,473 | INFO     | ROUTE 115/143: Hồ Chí Minh -> Cam Ranh [flight]
2026-09-26 16:01:42,474 | INFO     | URL: https://vexere.com/vi-VN/ve-may-bay/tu-sai-gon-di-cam-ranh.html?date=27-09-2026
2026-09-26 16:01:51,801 | INFO     | Tìm thấy 1 card (flight) | selector=div[class*='ticket']
2026-09-26 16:01:51,827 | INFO     | Đã lưu HTML debug: D:\TIỂU LUẬN CHUYÊN NGÀNH\TLCN-Travel\ingestion\transport\logs\debug_html\Hồ_Chí_Minh_Cam_Ranh.html
2026-09-26 16:01:51,831 | INFO     | Hoàn thành Hồ Chí Minh -> Cam Ranh [flight]: 0 records
2026-09-26 16:01:54,832 | INFO     | ======================================================================
2026-09-26 16:01:54,833 | INFO     | ROUTE 116/143: Hồ Chí Minh -> Chu Lai [flight]
2026-09-26 16:01:54,834 | INFO     | URL: https://vexere.com/vi-VN/ve-may-bay/tu-sai-gon-di-chu-lai.html?date=27-09-2026
2026-09-26 16:02:03,665 | INFO     | Tìm thấy 1 card (flight) | selector=div[class*='ticket']
2026-09-26 16:02:03,724 | INFO     | Đã lưu HTML debug: D:\TIỂU LUẬN CHUYÊN NGÀNH\TLCN-Travel\ingestion\transport\logs\debug_html\Hồ_Chí_Minh_Chu_Lai.html
2026-09-26 16:02:03,725 | INFO     | Hoàn thành Hồ Chí Minh -> Chu Lai [flight]: 0 records
2026-09-26 16:02:06,726 | INFO     | ======================================================================
2026-09-26 16:02:06,726 | INFO     | ROUTE 117/143: Hồ Chí Minh -> Cà Mau [flight]
2026-09-26 16:02:06,727 | INFO     | URL: https://vexere.com/vi-VN/ve-may-bay/tu-sai-gon-di-ca-mau.html?date=27-09-2026
2026-09-26 16:02:15,239 | INFO     | Tìm thấy 1 card (flight) | selector=div[class*='ticket']
2026-09-26 16:02:15,284 | INFO     | Đã lưu HTML debug: D:\TIỂU LUẬN CHUYÊN NGÀNH\TLCN-Travel\ingestion\transport\logs\debug_html\Hồ_Chí_Minh_Cà_Mau.html
2026-09-26 16:02:15,286 | INFO     | Hoàn thành Hồ Chí Minh -> Cà Mau [flight]: 0 records
2026-09-26 16:02:18,287 | INFO     | ======================================================================
2026-09-26 16:02:18,288 | INFO     | ROUTE 118/143: Hồ Chí Minh -> Rạch Giá [flight]
2026-09-26 16:02:18,288 | INFO     | URL: https://vexere.com/vi-VN/ve-may-bay/tu-sai-gon-di-rach-gia.html?date=27-09-2026
2026-09-26 16:02:27,091 | INFO     | Tìm thấy 1 card (flight) | selector=div[class*='ticket']
2026-09-26 16:02:27,128 | INFO     | Đã lưu HTML debug: D:\TIỂU LUẬN CHUYÊN NGÀNH\TLCN-Travel\ingestion\transport\logs\debug_html\Hồ_Chí_Minh_Rạch_Giá.html
2026-09-26 16:02:27,128 | INFO     | Hoàn thành Hồ Chí Minh -> Rạch Giá [flight]: 0 records
2026-09-26 16:02:30,128 | INFO     | ======================================================================
2026-09-26 16:02:30,129 | INFO     | ROUTE 119/143: Hồ Chí Minh -> Côn Đảo [flight]
2026-09-26 16:02:30,129 | INFO     | URL: https://vexere.com/vi-VN/ve-may-bay/tu-sai-gon-di-con-dao.html?date=27-09-2026
2026-09-26 16:02:39,470 | INFO     | Tìm thấy 1 card (flight) | selector=div[class*='ticket']
2026-09-26 16:02:39,513 | INFO     | Đã lưu HTML debug: D:\TIỂU LUẬN CHUYÊN NGÀNH\TLCN-Travel\ingestion\transport\logs\debug_html\Hồ_Chí_Minh_Côn_Đảo.html
2026-09-26 16:02:39,514 | INFO     | Hoàn thành Hồ Chí Minh -> Côn Đảo [flight]: 0 records
2026-09-26 16:02:42,514 | INFO     | ======================================================================
2026-09-26 16:02:42,515 | INFO     | ROUTE 120/143: Hồ Chí Minh -> Hà Nội [train]
2026-09-26 16:02:42,515 | INFO     | URL: https://vexere.com/vi-VN/ve-tau-hoa/tu-sai-gon-di-ha-noi.html?date=27-09-2026
2026-09-26 16:02:51,976 | INFO     | Tìm thấy 1 card (train) | selector=div[class*='ticket']
2026-09-26 16:02:52,001 | INFO     | Đã lưu HTML debug: D:\TIỂU LUẬN CHUYÊN NGÀNH\TLCN-Travel\ingestion\transport\logs\debug_html\Hồ_Chí_Minh_Hà_Nội.html
2026-09-26 16:02:52,003 | INFO     | Hoàn thành Hồ Chí Minh -> Hà Nội [train]: 0 records
2026-09-26 16:02:55,005 | INFO     | ======================================================================
2026-09-26 16:02:55,006 | INFO     | ROUTE 121/143: Hồ Chí Minh -> Huế [train]
2026-09-26 16:02:55,006 | INFO     | URL: https://vexere.com/vi-VN/ve-tau-hoa/tu-sai-gon-di-hue.html?date=27-09-2026
2026-09-26 16:03:04,573 | INFO     | Tìm thấy 1 card (train) | selector=div[class*='ticket']
2026-09-26 16:03:04,607 | INFO     | Đã lưu HTML debug: D:\TIỂU LUẬN CHUYÊN NGÀNH\TLCN-Travel\ingestion\transport\logs\debug_html\Hồ_Chí_Minh_Huế.html
2026-09-26 16:03:04,608 | INFO     | Hoàn thành Hồ Chí Minh -> Huế [train]: 0 records
2026-09-26 16:03:07,609 | INFO     | ======================================================================
2026-09-26 16:03:07,610 | INFO     | ROUTE 122/143: Hồ Chí Minh -> Đà Nẵng [train]
2026-09-26 16:03:07,611 | INFO     | URL: https://vexere.com/vi-VN/ve-tau-hoa/tu-sai-gon-di-da-nang.html?date=27-09-2026
2026-09-26 16:03:16,183 | INFO     | Tìm thấy 1 card (train) | selector=div[class*='ticket']
2026-09-26 16:03:16,197 | INFO     | Đã lưu HTML debug: D:\TIỂU LUẬN CHUYÊN NGÀNH\TLCN-Travel\ingestion\transport\logs\debug_html\Hồ_Chí_Minh_Đà_Nẵng.html
2026-09-26 16:03:16,197 | INFO     | Hoàn thành Hồ Chí Minh -> Đà Nẵng [train]: 0 records
2026-09-26 16:03:19,207 | INFO     | ======================================================================
2026-09-26 16:03:19,208 | INFO     | ROUTE 123/143: Hồ Chí Minh -> Nha Trang [train]
2026-09-26 16:03:19,208 | INFO     | URL: https://vexere.com/vi-VN/ve-tau-hoa/tu-sai-gon-di-nha-trang.html?date=27-09-2026
2026-09-26 16:03:27,816 | INFO     | Tìm thấy 1 card (train) | selector=div[class*='ticket']
2026-09-26 16:03:27,841 | INFO     | Đã lưu HTML debug: D:\TIỂU LUẬN CHUYÊN NGÀNH\TLCN-Travel\ingestion\transport\logs\debug_html\Hồ_Chí_Minh_Nha_Trang.html
2026-09-26 16:03:27,842 | INFO     | Hoàn thành Hồ Chí Minh -> Nha Trang [train]: 0 records
2026-09-26 16:03:30,843 | INFO     | ======================================================================
2026-09-26 16:03:30,843 | INFO     | ROUTE 124/143: Hồ Chí Minh -> Quy Nhơn [train]
2026-09-26 16:03:30,843 | INFO     | URL: https://vexere.com/vi-VN/ve-tau-hoa/tu-sai-gon-di-quy-nhon.html?date=27-09-2026
2026-09-26 16:03:41,421 | INFO     | Tìm thấy 1 card (train) | selector=div[class*='ticket']
2026-09-26 16:03:41,494 | INFO     | Đã lưu HTML debug: D:\TIỂU LUẬN CHUYÊN NGÀNH\TLCN-Travel\ingestion\transport\logs\debug_html\Hồ_Chí_Minh_Quy_Nhơn.html
2026-09-26 16:03:41,495 | INFO     | Hoàn thành Hồ Chí Minh -> Quy Nhơn [train]: 0 records
2026-09-26 16:03:44,507 | INFO     | ======================================================================
2026-09-26 16:03:44,509 | INFO     | ROUTE 125/143: Hồ Chí Minh -> Vinh [train]
2026-09-26 16:03:44,510 | INFO     | URL: https://vexere.com/vi-VN/ve-tau-hoa/tu-sai-gon-di-vinh.html?date=27-09-2026
2026-09-26 16:03:53,803 | INFO     | Tìm thấy 1 card (train) | selector=div[class*='ticket']
2026-09-26 16:03:53,812 | INFO     | Đã lưu HTML debug: D:\TIỂU LUẬN CHUYÊN NGÀNH\TLCN-Travel\ingestion\transport\logs\debug_html\Hồ_Chí_Minh_Vinh.html
2026-09-26 16:03:53,812 | INFO     | Hoàn thành Hồ Chí Minh -> Vinh [train]: 0 records
2026-09-26 16:03:56,813 | INFO     | ======================================================================
2026-09-26 16:03:56,821 | INFO     | ROUTE 126/143: Hồ Chí Minh -> Thanh Hóa [train]
2026-09-26 16:03:56,821 | INFO     | URL: https://vexere.com/vi-VN/ve-tau-hoa/tu-sai-gon-di-thanh-hoa.html?date=27-09-2026
2026-09-26 16:04:06,536 | INFO     | Tìm thấy 1 card (train) | selector=div[class*='ticket']
2026-09-26 16:04:06,583 | INFO     | Đã lưu HTML debug: D:\TIỂU LUẬN CHUYÊN NGÀNH\TLCN-Travel\ingestion\transport\logs\debug_html\Hồ_Chí_Minh_Thanh_Hóa.html
2026-09-26 16:04:06,583 | INFO     | Hoàn thành Hồ Chí Minh -> Thanh Hóa [train]: 0 records
2026-09-26 16:04:09,584 | INFO     | ======================================================================
2026-09-26 16:04:09,585 | INFO     | ROUTE 127/143: Hồ Chí Minh -> Đồng Hới [train]
2026-09-26 16:04:09,586 | INFO     | URL: https://vexere.com/vi-VN/ve-tau-hoa/tu-sai-gon-di-dong-hoi.html?date=27-09-2026
2026-09-26 16:04:19,047 | INFO     | Tìm thấy 1 card (train) | selector=div[class*='ticket']
2026-09-26 16:04:19,093 | INFO     | Đã lưu HTML debug: D:\TIỂU LUẬN CHUYÊN NGÀNH\TLCN-Travel\ingestion\transport\logs\debug_html\Hồ_Chí_Minh_Đồng_Hới.html
2026-09-26 16:04:19,094 | INFO     | Hoàn thành Hồ Chí Minh -> Đồng Hới [train]: 0 records
2026-09-26 16:04:22,094 | INFO     | ======================================================================
2026-09-26 16:04:22,095 | INFO     | ROUTE 128/143: Hồ Chí Minh -> Phan Thiết [train]
2026-09-26 16:04:22,095 | INFO     | URL: https://vexere.com/vi-VN/ve-tau-hoa/tu-sai-gon-di-phan-thiet.html?date=27-09-2026
2026-09-26 16:04:31,493 | INFO     | Tìm thấy 1 card (train) | selector=div[class*='ticket']
2026-09-26 16:04:31,538 | INFO     | Đã lưu HTML debug: D:\TIỂU LUẬN CHUYÊN NGÀNH\TLCN-Travel\ingestion\transport\logs\debug_html\Hồ_Chí_Minh_Phan_Thiết.html
2026-09-26 16:04:31,539 | INFO     | Hoàn thành Hồ Chí Minh -> Phan Thiết [train]: 0 records
2026-09-26 16:04:34,540 | INFO     | ======================================================================
2026-09-26 16:04:34,542 | INFO     | ROUTE 129/143: Hồ Chí Minh -> Bình Thuận [train]
2026-09-26 16:04:34,542 | INFO     | URL: https://vexere.com/vi-VN/ve-tau-hoa/tu-sai-gon-di-binh-thuan.html?date=27-09-2026
2026-09-26 16:04:43,234 | INFO     | Tìm thấy 1 card (train) | selector=div[class*='ticket']
2026-09-26 16:04:43,273 | INFO     | Đã lưu HTML debug: D:\TIỂU LUẬN CHUYÊN NGÀNH\TLCN-Travel\ingestion\transport\logs\debug_html\Hồ_Chí_Minh_Bình_Thuận.html
2026-09-26 16:04:43,274 | INFO     | Hoàn thành Hồ Chí Minh -> Bình Thuận [train]: 0 records
2026-09-26 16:04:46,274 | INFO     | ======================================================================
2026-09-26 16:04:46,275 | INFO     | ROUTE 130/143: Hồ Chí Minh -> Ninh Thuận [train]
2026-09-26 16:04:46,276 | INFO     | URL: https://vexere.com/vi-VN/ve-tau-hoa/tu-sai-gon-di-ninh-thuan.html?date=27-09-2026
2026-09-26 16:04:55,465 | INFO     | Tìm thấy 1 card (train) | selector=div[class*='ticket']
2026-09-26 16:04:55,493 | INFO     | Đã lưu HTML debug: D:\TIỂU LUẬN CHUYÊN NGÀNH\TLCN-Travel\ingestion\transport\logs\debug_html\Hồ_Chí_Minh_Ninh_Thuận.html
2026-09-26 16:04:55,495 | INFO     | Hoàn thành Hồ Chí Minh -> Ninh Thuận [train]: 0 records
2026-09-26 16:04:58,508 | INFO     | ======================================================================
2026-09-26 16:04:58,508 | INFO     | ROUTE 131/143: Hồ Chí Minh -> Khánh Hòa [train]
2026-09-26 16:04:58,509 | INFO     | URL: https://vexere.com/vi-VN/ve-tau-hoa/tu-sai-gon-di-khanh-hoa.html?date=27-09-2026
2026-09-26 16:05:07,786 | INFO     | Tìm thấy 1 card (train) | selector=div[class*='ticket']
2026-09-26 16:05:07,803 | INFO     | Đã lưu HTML debug: D:\TIỂU LUẬN CHUYÊN NGÀNH\TLCN-Travel\ingestion\transport\logs\debug_html\Hồ_Chí_Minh_Khánh_Hòa.html
2026-09-26 16:05:07,804 | INFO     | Hoàn thành Hồ Chí Minh -> Khánh Hòa [train]: 0 records
2026-09-26 16:05:10,814 | INFO     | ======================================================================
2026-09-26 16:05:10,827 | INFO     | ROUTE 132/143: Hồ Chí Minh -> Quảng Ngãi [train]
2026-09-26 16:05:10,827 | INFO     | URL: https://vexere.com/vi-VN/ve-tau-hoa/tu-sai-gon-di-quang-ngai.html?date=27-09-2026
2026-09-26 16:05:20,251 | INFO     | Tìm thấy 1 card (train) | selector=div[class*='ticket']
2026-09-26 16:05:20,320 | INFO     | Đã lưu HTML debug: D:\TIỂU LUẬN CHUYÊN NGÀNH\TLCN-Travel\ingestion\transport\logs\debug_html\Hồ_Chí_Minh_Quảng_Ngãi.html
2026-09-26 16:05:20,321 | INFO     | Hoàn thành Hồ Chí Minh -> Quảng Ngãi [train]: 0 records
2026-09-26 16:05:23,322 | INFO     | ======================================================================
2026-09-26 16:05:23,323 | INFO     | ROUTE 133/143: Hồ Chí Minh -> Quảng Nam [train]
2026-09-26 16:05:23,323 | INFO     | URL: https://vexere.com/vi-VN/ve-tau-hoa/tu-sai-gon-di-quang-nam.html?date=27-09-2026
2026-09-26 16:05:32,559 | INFO     | Tìm thấy 1 card (train) | selector=div[class*='ticket']
2026-09-26 16:05:32,589 | INFO     | Đã lưu HTML debug: D:\TIỂU LUẬN CHUYÊN NGÀNH\TLCN-Travel\ingestion\transport\logs\debug_html\Hồ_Chí_Minh_Quảng_Nam.html
2026-09-26 16:05:32,589 | INFO     | Hoàn thành Hồ Chí Minh -> Quảng Nam [train]: 0 records
2026-09-26 16:05:35,590 | INFO     | ======================================================================
2026-09-26 16:05:35,591 | INFO     | ROUTE 134/143: Hồ Chí Minh -> Quảng Bình [train]
2026-09-26 16:05:35,592 | INFO     | URL: https://vexere.com/vi-VN/ve-tau-hoa/tu-sai-gon-di-quang-binh.html?date=27-09-2026
2026-09-26 16:05:44,890 | INFO     | Tìm thấy 1 card (train) | selector=div[class*='ticket']
2026-09-26 16:05:44,922 | INFO     | Đã lưu HTML debug: D:\TIỂU LUẬN CHUYÊN NGÀNH\TLCN-Travel\ingestion\transport\logs\debug_html\Hồ_Chí_Minh_Quảng_Bình.html
2026-09-26 16:05:44,923 | INFO     | Hoàn thành Hồ Chí Minh -> Quảng Bình [train]: 0 records
2026-09-26 16:05:47,924 | INFO     | ======================================================================
2026-09-26 16:05:47,924 | INFO     | ROUTE 135/143: Hồ Chí Minh -> Hà Tĩnh [train]
2026-09-26 16:05:47,924 | INFO     | URL: https://vexere.com/vi-VN/ve-tau-hoa/tu-sai-gon-di-ha-tinh.html?date=27-09-2026
2026-09-26 16:05:57,236 | INFO     | Tìm thấy 1 card (train) | selector=div[class*='ticket']
2026-09-26 16:05:57,270 | INFO     | Đã lưu HTML debug: D:\TIỂU LUẬN CHUYÊN NGÀNH\TLCN-Travel\ingestion\transport\logs\debug_html\Hồ_Chí_Minh_Hà_Tĩnh.html
2026-09-26 16:05:57,270 | INFO     | Hoàn thành Hồ Chí Minh -> Hà Tĩnh [train]: 0 records
2026-09-26 16:06:00,271 | INFO     | ======================================================================
2026-09-26 16:06:00,271 | INFO     | ROUTE 136/143: Hồ Chí Minh -> Nghệ An [train]
2026-09-26 16:06:00,272 | INFO     | URL: https://vexere.com/vi-VN/ve-tau-hoa/tu-sai-gon-di-nghe-an.html?date=27-09-2026
2026-09-26 16:06:09,630 | INFO     | Tìm thấy 1 card (train) | selector=div[class*='ticket']
2026-09-26 16:06:09,660 | INFO     | Đã lưu HTML debug: D:\TIỂU LUẬN CHUYÊN NGÀNH\TLCN-Travel\ingestion\transport\logs\debug_html\Hồ_Chí_Minh_Nghệ_An.html
2026-09-26 16:06:09,661 | INFO     | Hoàn thành Hồ Chí Minh -> Nghệ An [train]: 0 records
2026-09-26 16:06:12,661 | INFO     | ======================================================================
2026-09-26 16:06:12,662 | INFO     | ROUTE 137/143: Hồ Chí Minh -> Ninh Bình [train]
2026-09-26 16:06:12,662 | INFO     | URL: https://vexere.com/vi-VN/ve-tau-hoa/tu-sai-gon-di-ninh-binh.html?date=27-09-2026
2026-09-26 16:06:22,143 | INFO     | Tìm thấy 1 card (train) | selector=div[class*='ticket']
2026-09-26 16:06:22,216 | INFO     | Đã lưu HTML debug: D:\TIỂU LUẬN CHUYÊN NGÀNH\TLCN-Travel\ingestion\transport\logs\debug_html\Hồ_Chí_Minh_Ninh_Bình.html
2026-09-26 16:06:22,221 | INFO     | Hoàn thành Hồ Chí Minh -> Ninh Bình [train]: 0 records
2026-09-26 16:06:25,227 | INFO     | ======================================================================
2026-09-26 16:06:25,228 | INFO     | ROUTE 138/143: Hồ Chí Minh -> Nam Định [train]
2026-09-26 16:06:25,229 | INFO     | URL: https://vexere.com/vi-VN/ve-tau-hoa/tu-sai-gon-di-nam-dinh.html?date=27-09-2026
2026-09-26 16:06:35,282 | INFO     | Tìm thấy 1 card (train) | selector=div[class*='ticket']
2026-09-26 16:06:35,294 | INFO     | Đã lưu HTML debug: D:\TIỂU LUẬN CHUYÊN NGÀNH\TLCN-Travel\ingestion\transport\logs\debug_html\Hồ_Chí_Minh_Nam_Định.html
2026-09-26 16:06:35,294 | INFO     | Hoàn thành Hồ Chí Minh -> Nam Định [train]: 0 records
2026-09-26 16:06:38,295 | INFO     | ======================================================================
2026-09-26 16:06:38,296 | INFO     | ROUTE 139/143: Hồ Chí Minh -> Biên Hòa [train]
2026-09-26 16:06:38,297 | INFO     | URL: https://vexere.com/vi-VN/ve-tau-hoa/tu-sai-gon-di-bien-hoa.html?date=27-09-2026
2026-09-26 16:06:47,574 | INFO     | Tìm thấy 1 card (train) | selector=div[class*='ticket']
2026-09-26 16:06:47,604 | INFO     | Đã lưu HTML debug: D:\TIỂU LUẬN CHUYÊN NGÀNH\TLCN-Travel\ingestion\transport\logs\debug_html\Hồ_Chí_Minh_Biên_Hòa.html
2026-09-26 16:06:47,606 | INFO     | Hoàn thành Hồ Chí Minh -> Biên Hòa [train]: 0 records
2026-09-26 16:06:50,609 | INFO     | ======================================================================
2026-09-26 16:06:50,609 | INFO     | ROUTE 140/143: Hồ Chí Minh -> Long Khánh [train]
2026-09-26 16:06:50,610 | INFO     | URL: https://vexere.com/vi-VN/ve-tau-hoa/tu-sai-gon-di-long-khanh.html?date=27-09-2026
2026-09-26 16:06:59,994 | INFO     | Tìm thấy 1 card (train) | selector=div[class*='ticket']
2026-09-26 16:07:00,031 | INFO     | Đã lưu HTML debug: D:\TIỂU LUẬN CHUYÊN NGÀNH\TLCN-Travel\ingestion\transport\logs\debug_html\Hồ_Chí_Minh_Long_Khánh.html
2026-09-26 16:07:00,033 | INFO     | Hoàn thành Hồ Chí Minh -> Long Khánh [train]: 0 records
2026-09-26 16:07:03,035 | INFO     | ======================================================================
2026-09-26 16:07:03,035 | INFO     | ROUTE 141/143: Hồ Chí Minh -> Tháp Chàm [train]
2026-09-26 16:07:03,036 | INFO     | URL: https://vexere.com/vi-VN/ve-tau-hoa/tu-sai-gon-di-thap-cham.html?date=27-09-2026
2026-09-26 16:07:12,263 | INFO     | Tìm thấy 1 card (train) | selector=div[class*='ticket']
2026-09-26 16:07:12,282 | INFO     | Đã lưu HTML debug: D:\TIỂU LUẬN CHUYÊN NGÀNH\TLCN-Travel\ingestion\transport\logs\debug_html\Hồ_Chí_Minh_Tháp_Chàm.html
2026-09-26 16:07:12,283 | INFO     | Hoàn thành Hồ Chí Minh -> Tháp Chàm [train]: 0 records
2026-09-26 16:07:15,283 | INFO     | ======================================================================
2026-09-26 16:07:15,284 | INFO     | ROUTE 142/143: Hồ Chí Minh -> Diêu Trì [train]
2026-09-26 16:07:15,285 | INFO     | URL: https://vexere.com/vi-VN/ve-tau-hoa/tu-sai-gon-di-dieu-tri.html?date=27-09-2026
2026-09-26 16:07:24,652 | INFO     | Tìm thấy 1 card (train) | selector=div[class*='ticket']
2026-09-26 16:07:24,681 | INFO     | Đã lưu HTML debug: D:\TIỂU LUẬN CHUYÊN NGÀNH\TLCN-Travel\ingestion\transport\logs\debug_html\Hồ_Chí_Minh_Diêu_Trì.html
2026-09-26 16:07:24,681 | INFO     | Hoàn thành Hồ Chí Minh -> Diêu Trì [train]: 0 records
2026-09-26 16:07:27,689 | INFO     | ======================================================================
2026-09-26 16:07:27,694 | INFO     | ROUTE 143/143: Hồ Chí Minh -> Đông Hà [train]
2026-09-26 16:07:27,694 | INFO     | URL: https://vexere.com/vi-VN/ve-tau-hoa/tu-sai-gon-di-dong-ha.html?date=27-09-2026
2026-09-26 16:07:37,011 | INFO     | Tìm thấy 1 card (train) | selector=div[class*='ticket']
2026-09-26 16:07:37,053 | INFO     | Đã lưu HTML debug: D:\TIỂU LUẬN CHUYÊN NGÀNH\TLCN-Travel\ingestion\transport\logs\debug_html\Hồ_Chí_Minh_Đông_Hà.html
2026-09-26 16:07:37,054 | INFO     | Hoàn thành Hồ Chí Minh -> Đông Hà [train]: 0 records
2026-09-26 16:07:41,885 | INFO     | Đã đóng Chrome driver.
2026-09-26 16:07:41,891 | INFO     | Đã lưu 30 records vào: D:\TIỂU LUẬN CHUYÊN NGÀNH\TLCN-Travel\ingestion\transport\data\raw\transport\vexere_transport.json
2026-09-26 16:07:41,892 | INFO     | ======================================================================
2026-09-26 16:07:41,893 | INFO     | CRAWLER HOÀN TẤT
2026-09-26 16:07:41,894 | INFO     | Tổng route: 143
2026-09-26 16:07:41,894 | INFO     | Tổng records: 30
2026-09-26 16:07:41,894 | INFO     |   - bus: 30
2026-09-26 16:07:41,895 | INFO     | Output: D:\TIỂU LUẬN CHUYÊN NGÀNH\TLCN-Travel\ingestion\transport\data\raw\transport\vexere_transport.json
2026-09-26 16:07:41,896 | INFO     | Debug HTML (nếu fail): D:\TIỂU LUẬN CHUYÊN NGÀNH\TLCN-Travel\ingestion\transport\logs\debug_html
2026-09-26 16:07:41,896 | INFO     | ======================================================================
2026-09-26 16:18:58,654 | INFO     | ======================================================================
2026-09-26 16:18:58,655 | INFO     | VEXERE TRANSPORT CRAWLER (fixed)
2026-09-26 16:18:58,655 | INFO     | Ngày crawl: 27-09-2026 (ngày MAI)
2026-09-26 16:18:58,655 | INFO     | Max: 10 chuyến / tuyến
2026-09-26 16:18:58,655 | INFO     | ======================================================================
2026-09-26 16:18:58,656 | INFO     | Đã đọc 48 tuyến từ CSV
2026-09-26 16:19:03,041 | INFO     | ======================================================================
2026-09-26 16:19:03,042 | INFO     | ROUTE 1/48: Hồ Chí Minh -> Đà Lạt [bus]
2026-09-26 16:19:03,042 | INFO     | URL: https://vexere.com/vi-VN/ve-xe-khach-tu-sai-gon-di-da-lat-lam-dong-129t23991.html?date=27-09-2026&lt=1
2026-09-26 16:19:10,561 | INFO     | Ticket ban đầu: 20
2026-09-26 16:19:10,573 | INFO     | Ticket hiện tại: 20/10
2026-09-26 16:19:10,590 | INFO     | Tổng ticket cuối: 20
2026-09-26 16:19:10,604 | INFO     | Tìm thấy 20 ticket bus
2026-09-26 16:19:10,784 | INFO     | [1] Đà Lạt ơi | Limousine 24 Phòng ĐÔI | 23:45 -> 06:15 | 370,000 VND
2026-09-26 16:19:11,182 | INFO     | [2] Bình Minh Tải | Limousine 22 Phòng Luxury | 23:15 -> 05:51 | 350,000 VND
2026-09-26 16:19:11,318 | INFO     | [3] Phong Phú | Limousine 24 phòng đôi | 03:00 -> 08:35 | 150,000 VND
2026-09-26 16:19:11,630 | INFO     | [4] Trọng Minh | Limousine 21 phòng (WC) | 23:00 -> 07:00 | 450,000 VND
2026-09-26 16:19:12,047 | INFO     | [5] An Anh Limousine | Limousine 24 Phòng Đôi | 23:30 -> 07:30 | 24 VND
2026-09-26 16:19:12,230 | INFO     | [6] Thiện Thành Limousine | Limousine 24 phòng | 01:59 -> 07:29 | 360,000 VND
2026-09-26 16:19:12,341 | INFO     | [7] Hoàng Thủy | Limousine 22 phòng (WC) | 22:29 -> 05:19 | 300,000 VND
2026-09-26 16:19:12,466 | INFO     | [8] Tư Tiến | Limousine 24 Phòng Đôi | 01:15 -> 08:30 | 315,000 VND
2026-09-26 16:19:12,580 | INFO     | [9] Tiến Oanh | Limousine 22 Phòng (WC) | 05:00 -> 12:50 | 279,000 VND
2026-09-26 16:19:12,660 | INFO     | [10] Điều Hòa | Limousine 22 Phòng (WC) | 00:19 -> 05:59 | 299,000 VND
2026-09-26 16:19:12,660 | INFO     | Hoàn thành Hồ Chí Minh -> Đà Lạt [bus]: 10 records
2026-09-26 16:19:15,660 | INFO     | ======================================================================
2026-09-26 16:19:15,660 | INFO     | ROUTE 2/48: Hồ Chí Minh -> Nha Trang [bus]
2026-09-26 16:19:15,661 | INFO     | URL: https://vexere.com/vi-VN/ve-xe-khach-tu-sai-gon-di-nha-trang-khanh-hoa-129t23591.html?date=27-09-2026&lt=1
2026-09-26 16:19:26,941 | INFO     | Ticket ban đầu: 20
2026-09-26 16:19:26,954 | INFO     | Ticket hiện tại: 20/10
2026-09-26 16:19:26,974 | INFO     | Tổng ticket cuối: 20
2026-09-26 16:19:26,987 | INFO     | Tìm thấy 20 ticket bus
2026-09-26 16:19:27,258 | INFO     | [1] Nhật Dương - Bình Minh Bus | Limousine 22 Phòng Đôi Luxury (WC) | 12:30 -> 19:21 | 330,000 VND
2026-09-26 16:19:27,416 | INFO     | [2] Đà Lạt ơi | Limousine 24 Phòng ĐÔI | 23:45 -> 06:15 | 400,000 VND
2026-09-26 16:19:27,535 | INFO     | [3] Phong Phú | Limousine 24 phòng đôi | 23:00 -> 06:40 | 249,000 VND
2026-09-26 16:19:27,654 | INFO     | [4] Bình Minh Tải | Limousine 32 Phòng VIP (WC) | 14:30 -> 21:15 | 250,000 VND
2026-09-26 16:19:27,781 | INFO     | [5] An Anh Limousine | Limousine 22 Phòng WC | 21:45 -> 07:00 | 429,000 VND
2026-09-26 16:19:27,916 | INFO     | [6] Nam Hải Limousine | Limousine 34 giường | 05:30 -> 12:50 | 280,000 VND
2026-09-26 16:19:28,052 | INFO     | [7] Huỳnh Gia | Giường nằm 34 chỗ (WC) | 23:00 -> 04:50 | 250,000 VND
2026-09-26 16:19:28,299 | INFO     | [8] Phúc An Express | Limousine 22 giường phòng (WC) | 20:30 -> 04:00 | 450,000 VND
2026-09-26 16:19:28,441 | INFO     | [9] Khanh Phong | Limousine 32 giường nằm (WC) | 22:20 -> 04:30 | 330,000 VND
2026-09-26 16:19:28,560 | INFO     | [10] Trọng Thủy Limousine | Limousine 24 phòng Đôi | 18:20 -> 01:00 | 520,000 VND
2026-09-26 16:19:28,560 | INFO     | Hoàn thành Hồ Chí Minh -> Nha Trang [bus]: 10 records
2026-09-26 16:19:31,560 | INFO     | ======================================================================
2026-09-26 16:19:31,561 | INFO     | ROUTE 3/48: Hồ Chí Minh -> Vũng Tàu [bus]
2026-09-26 16:19:31,561 | INFO     | URL: https://vexere.com/vi-VN/ve-xe-khach-tu-sai-gon-di-vung-tau-ba-ria-vung-tau-129t2131.html?date=27-09-2026&lt=1
2026-09-26 16:19:42,343 | INFO     | Ticket ban đầu: 20
2026-09-26 16:19:42,376 | INFO     | Ticket hiện tại: 20/10
2026-09-26 16:19:42,404 | INFO     | Tổng ticket cuối: 20
2026-09-26 16:19:42,423 | INFO     | Tìm thấy 20 ticket bus
2026-09-26 16:19:42,609 | INFO     | [1] Hoa Mai | Ghế ngồi 16 chỗ | 11:00 -> 13:25 | 170,000 VND
2026-09-26 16:19:42,881 | INFO     | [2] Anh Quốc Limousine | Limousine 9 chỗ | 20:30 -> 22:50 | 210,000 VND
2026-09-26 16:19:43,162 | INFO     | [3] Huy Hoàng | Limousine 9 chỗ | 09:30 -> 11:50 | 200,000 VND
2026-09-26 16:19:43,377 | INFO     | [4] Bến Thành Travel | Limousine 9 chỗ | 09:30 -> 11:05 | 310,000 VND
2026-09-26 16:19:43,654 | INFO     | [5] Phương Trang | Ghế ngồi 28 chỗ | 08:30 -> 12:00 | 170,000 VND
2026-09-26 16:19:43,935 | INFO     | [6] Thành Vinh (Vũng Tàu) | Limousine 9 chỗ | 11:10 -> 13:30 | 210,000 VND
2026-09-26 16:19:44,108 | INFO     | [7] Hồng Minh Travel | Ghế ngồi 7 chỗ | 06:00 -> 09:00 | 160,000 VND
2026-09-26 16:19:44,373 | INFO     | [8] Toàn Thắng - Vũng Tàu | Ghế ngồi 16 chỗ | 13:30 -> 16:30 | 180,000 VND
2026-09-26 16:19:44,656 | INFO     | [9] Hải Vân Vũng Tàu | Limousine 9 chỗ | 08:30 -> 11:25 | 230,000 VND
2026-09-26 16:19:44,827 | INFO     | [10] Hoa Mai | Limousine 9 chỗ | 07:30 -> 09:55 | 220,000 VND
2026-09-26 16:19:44,829 | INFO     | Hoàn thành Hồ Chí Minh -> Vũng Tàu [bus]: 10 records
2026-09-26 16:19:47,829 | INFO     | ======================================================================
2026-09-26 16:19:47,829 | INFO     | ROUTE 4/48: Hồ Chí Minh -> Buôn Ma Thuột [bus]
2026-09-26 16:19:47,829 | INFO     | URL: https://vexere.com/vi-VN/ve-xe-khach-tu-sai-gon-di-buon-ma-thuot-dak-lak-129t21431.html?date=27-09-2026&lt=1
2026-09-26 16:19:58,754 | INFO     | Ticket ban đầu: 20
2026-09-26 16:19:58,767 | INFO     | Ticket hiện tại: 20/10
2026-09-26 16:19:58,782 | INFO     | Tổng ticket cuối: 20
2026-09-26 16:19:58,801 | INFO     | Tìm thấy 20 ticket bus
2026-09-26 16:19:58,973 | INFO     | [1] Hoàng Thuỷ | Limousine 22 phòng (WC) | 23:00 -> 05:15 | 350,000 VND
2026-09-26 16:19:59,153 | INFO     | [2] Long Vân Limousine | Mia Royal 22 phòng (WC) | 21:30 -> 05:25 | 2 VND
2026-09-26 16:19:59,299 | INFO     | [3] Tiến Oanh | Giường nằm 34 chỗ | 21:45 -> 05:45 | 350,000 VND
2026-09-26 16:19:59,471 | INFO     | [4] Hải Luân | Limousine 34 giường | 21:01 -> 04:26 | 330,000 VND
2026-09-26 16:19:59,622 | INFO     | [5] Tuấn Trung | Limousine 22 phòng | 19:00 -> 02:45 | 450,000 VND
2026-09-26 16:19:59,838 | INFO     | [6] Cường Ny | Limousine MILIAN 22 phòng (WC) | 22:05 -> 06:45 | 1 VND
2026-09-26 16:20:00,138 | INFO     | [7] Nguyên Dịu | Limousine 34 phòng | 22:00 -> 06:50 | 350,000 VND
2026-09-26 16:20:00,357 | INFO     | [8] Nhất Anh | Limousine 34P | 18:45 -> 02:45 | 329,000 VND
2026-09-26 16:20:00,628 | INFO     | [9] Đức Hiếu (Cư Mgar) | Giường nằm 34 phòng | 20:00 -> 04:00 | 360,000 VND
2026-09-26 16:20:00,954 | INFO     | [10] Quý Thảo (Đắk Lắk) | Limousine 24 Phòng | 21:15 -> 04:50 | 477,000 VND
2026-09-26 16:20:00,955 | INFO     | Hoàn thành Hồ Chí Minh -> Buôn Ma Thuột [bus]: 10 records
2026-09-26 16:20:03,955 | INFO     | ======================================================================
2026-09-26 16:20:03,955 | INFO     | ROUTE 5/48: Hồ Chí Minh -> Đà Nẵng [bus]
2026-09-26 16:20:03,956 | INFO     | URL: https://vexere.com/vi-VN/ve-xe-khach-tu-sai-gon-di-da-nang-129t1151.html?date=27-09-2026&lt=1
2026-09-26 16:20:13,908 | INFO     | Ticket ban đầu: 20
2026-09-26 16:20:13,920 | INFO     | Ticket hiện tại: 20/10
2026-09-26 16:20:13,945 | INFO     | Tổng ticket cuối: 20
2026-09-26 16:20:13,965 | INFO     | Tìm thấy 20 ticket bus
2026-09-26 16:20:14,178 | INFO     | [1] Tân Hiệp | Giường nằm 34 chỗ | 13:00 -> 08:30 | 450,000 VND
2026-09-26 16:20:14,313 | INFO     | [2] Bảo Ngọc | Limousine giường phòng 22 chỗ (WC) | 19:30 -> 11:30 | 700,000 VND
2026-09-26 16:20:14,528 | INFO     | [3] Đình Nhân | Limousine 32 Phòng (WC) | 16:30 -> 10:05 | 450,000 VND
2026-09-26 16:20:14,677 | INFO     | [4] Hạnh Cafe - Hà Phương Limousine | Luxury 34 Phòng Vip | 07:45 -> 08:30 | 710,000 VND
2026-09-26 16:20:14,832 | INFO     | [5] Minh Phương (MP Bus) | Limousine 22 phòng (WC) | 15:01 -> 10:31 | 644,000 VND
2026-09-26 16:20:15,032 | INFO     | [6] Phi Hiệp | Limouisne 34 phòng | 13:25 -> 08:55 | 600,000 VND
2026-09-26 16:20:15,216 | INFO     | [7] Tân Kim Chi | Limousine giường phòng 22 chỗ (CABIN) (WC) | 17:35 -> 11:05 | 700,000 VND
2026-09-26 16:20:15,507 | INFO     | [8] Phương Trang | Limousine giường nằm 34 chỗ | 18:35 -> 15:25 | 560,000 VND
2026-09-26 16:20:15,682 | INFO     | [9] Bốn Luyện Express | Giường nằm 34 chỗ Luxury | 23:00 -> 15:25 | 630,000 VND
2026-09-26 16:20:15,832 | INFO     | [10] Hoàng Long - Hà Nội | Limousine 22 phòng đôi | 17:00 -> 12:52 | 1,300,000 VND
2026-09-26 16:20:15,833 | INFO     | Hoàn thành Hồ Chí Minh -> Đà Nẵng [bus]: 10 records
2026-09-26 16:20:18,833 | INFO     | ======================================================================
2026-09-26 16:20:18,835 | INFO     | ROUTE 6/48: Hồ Chí Minh -> Bình Định [bus]
2026-09-26 16:20:18,835 | INFO     | URL: https://vexere.com/vi-VN/ve-xe-khach-tu-sai-gon-di-binh-dinh-129t181.html?date=27-09-2026&lt=1
2026-09-26 16:20:31,260 | INFO     | Ticket ban đầu: 20
2026-09-26 16:20:31,281 | INFO     | Ticket hiện tại: 20/10
2026-09-26 16:20:31,298 | INFO     | Tổng ticket cuối: 20
2026-09-26 16:20:31,318 | INFO     | Tìm thấy 20 ticket bus
2026-09-26 16:20:31,567 | INFO     | [1] Tài Phát Limousine | Limousine 24 Phòng Đôi | 19:30 -> 06:55 | 430,000 VND
2026-09-26 16:20:31,816 | INFO     | [2] Trọng Thủy Limousine | Limousine 24 phòng Đôi | 20:30 -> 07:00 | 450,000 VND
2026-09-26 16:20:32,037 | INFO     | [3] Bình Minh Tải | Limousine 22 Phòng | 19:00 -> 06:00 | 441,000 VND
2026-09-26 16:20:32,217 | INFO     | [4] Ba Quy | Limousine 22 chỗ | 18:40 -> 06:25 | 450,000 VND
2026-09-26 16:20:32,547 | INFO     | [5] Dũng Thuỷ Express | Limousine 24 Phòng | 18:00 -> 05:50 | 550,000 VND
2026-09-26 16:20:32,764 | INFO     | [6] An Phú Buslines | Limousine 24 Phòng Đơn | 19:00 -> 05:30 | 498,800 VND
2026-09-26 16:20:33,074 | INFO     | [7] Hồng Dung (Tân Hoa Châu) | Limousine 24 phòng | 18:50 -> 05:00 | 495,000 VND
2026-09-26 16:20:33,281 | INFO     | [8] Tín Phát Limousine | Limousine 24 Phòng | 17:45 -> 06:00 | 665,000 VND
2026-09-26 16:20:33,545 | INFO     | [9] Quốc Phong Limousine | Limousine 24 phòng | 17:15 -> 06:00 | 500,000 VND
2026-09-26 16:20:33,782 | INFO     | [10] Khang Thịnh | Limousine 34 phòng | 20:30 -> 06:00 | 500,000 VND
2026-09-26 16:20:33,783 | INFO     | Hoàn thành Hồ Chí Minh -> Bình Định [bus]: 10 records
2026-09-26 16:20:36,783 | INFO     | ======================================================================
2026-09-26 16:20:36,785 | INFO     | ROUTE 7/48: Hồ Chí Minh -> Cần Thơ [bus]
2026-09-26 16:20:36,785 | INFO     | URL: https://vexere.com/vi-VN/ve-xe-khach-tu-sai-gon-di-can-tho-129t13.html?date=27-09-2026&lt=1
2026-09-26 16:20:44,706 | WARNING  | Hồ Chí Minh -> Cần Thơ: Không tìm thấy ticket (có thể hết chuyến ngày 27-09-2026 hoặc URL sai)
2026-09-26 16:20:44,916 | INFO     | Đã lưu HTML debug: D:\TIỂU LUẬN CHUYÊN NGÀNH\TLCN-Travel\ingestion\transport\logs\debug_html\Hồ_Chí_Minh_Cần_Thơ.html
2026-09-26 16:20:47,916 | INFO     | ======================================================================
2026-09-26 16:20:47,918 | INFO     | ROUTE 8/48: Hồ Chí Minh -> Phan Thiết [bus]
2026-09-26 16:20:47,918 | INFO     | URL: https://vexere.com/vi-VN/ve-xe-khach-tu-sai-gon-di-phan-thiet-binh-thuan-129t1591.html?date=27-09-2026&lt=1
2026-09-26 16:20:58,356 | INFO     | Ticket ban đầu: 20
2026-09-26 16:20:58,370 | INFO     | Ticket hiện tại: 20/10
2026-09-26 16:20:58,391 | INFO     | Tổng ticket cuối: 20
2026-09-26 16:20:58,415 | INFO     | Tìm thấy 20 ticket bus
2026-09-26 16:20:58,666 | INFO     | [1] Tân Thanh Thuỷ | Giường nằm 45 chỗ (TV) | 18:00 -> 20:45 | 190,000 VND
2026-09-26 16:20:58,965 | INFO     | [2] Phương Trang | Limousine giường nằm 34 chỗ | 11:00 -> 15:00 | 210,000 VND
2026-09-26 16:20:59,307 | INFO     | [3] Kim Hoàng | Giường Nằm 41 chỗ | 17:01 -> 21:01 | 200,000 VND
2026-09-26 16:20:59,525 | INFO     | [4] Phát Tài | Giường nằm 41 chỗ | 18:00 -> 23:30 | 300,000 VND
2026-09-26 16:20:59,645 | INFO     | [5] Thúy Điệp | Ghế ngã 28 chỗ | 06:25 -> 11:00 | 246,400 VND
2026-09-26 16:20:59,786 | INFO     | [6] Tân Niên | Limousine Phòng Đôi 24 chỗ | 22:15 -> 03:00 | 210,000 VND
2026-09-26 16:21:00,302 | INFO     | [7] Tân Thanh Thuỷ | Giường nằm 45 chỗ (TV) | 12:00 -> 16:05 | 190,000 VND
2026-09-26 16:21:00,549 | INFO     | [8] Tân Thanh Thuỷ | Giường nằm 45 chỗ (TV) | 11:00 -> 15:05 | 190,000 VND
2026-09-26 16:21:00,786 | INFO     | [9] Phương Trang | Limousine giường nằm 34 chỗ | 04:15 -> 08:15 | 210,000 VND
2026-09-26 16:21:00,996 | INFO     | [10] Phương Trang | Limousine giường nằm 34 chỗ | 07:00 -> 11:00 | 210,000 VND
2026-09-26 16:21:00,997 | INFO     | Hoàn thành Hồ Chí Minh -> Phan Thiết [bus]: 10 records
2026-09-26 16:21:03,998 | INFO     | ======================================================================
2026-09-26 16:21:03,998 | INFO     | ROUTE 9/48: Hồ Chí Minh -> Quy Nhơn [bus]
2026-09-26 16:21:03,999 | INFO     | URL: https://vexere.com/vi-VN/ve-xe-khach-tu-sai-gon-di-quy-nhon-binh-dinh-129t1811.html?date=27-09-2026&lt=1
2026-09-26 16:21:19,660 | WARNING  | Hồ Chí Minh -> Quy Nhơn: Không tìm thấy ticket (có thể hết chuyến ngày 27-09-2026 hoặc URL sai)
2026-09-26 16:21:19,766 | INFO     | Đã lưu HTML debug: D:\TIỂU LUẬN CHUYÊN NGÀNH\TLCN-Travel\ingestion\transport\logs\debug_html\Hồ_Chí_Minh_Quy_Nhơn.html
2026-09-26 16:21:22,767 | INFO     | ======================================================================
2026-09-26 16:21:22,768 | INFO     | ROUTE 10/48: Hồ Chí Minh -> Huế [bus]
2026-09-26 16:21:22,775 | INFO     | URL: https://vexere.com/vi-VN/ve-xe-khach-tu-sai-gon-di-hue-thua-thien-hue-129t331.html?date=27-09-2026&lt=1
2026-09-26 16:21:33,452 | INFO     | Ticket ban đầu: 20
2026-09-26 16:21:33,511 | INFO     | Ticket hiện tại: 20/10
2026-09-26 16:21:33,526 | INFO     | Tổng ticket cuối: 20
2026-09-26 16:21:33,543 | INFO     | Tìm thấy 20 ticket bus
2026-09-26 16:21:33,727 | INFO     | [1] Tân Quang Dũng | Limousine 22 Phòng Đôi (WC) | 14:00 -> 09:30 | 810,000 VND
2026-09-26 16:21:34,104 | INFO     | [2] Tân Kim Chi | Limousine giường phòng 22 chỗ (CABIN) (WC) | 17:35 -> 11:05 | 700,000 VND
2026-09-26 16:21:34,395 | INFO     | [3] Quang Dũng VIP Limousine | Limousine 22 phòng (Có WC) | 11:00 -> 03:30 | 70 VND
2026-09-26 16:21:34,581 | INFO     | [4] Tân Quang Dũng | Limousine 32 phòng (WC) | 08:00 -> 03:30 | 540,000 VND
2026-09-26 16:21:34,766 | INFO     | [5] Quang Dũng VIP Limousine | Giường phòng 32 chỗ (Có WC) | 07:00 -> 00:00 | 70 VND
2026-09-26 16:21:34,988 | INFO     | [6] Quang Dũng VIP Limousine | Limousine 22 phòng (Có WC) | 10:30 -> 03:30 | 70 VND
2026-09-26 16:21:35,172 | INFO     | [7] Tân Kim Chi | Limousine giường phòng 22 chỗ (CABIN) (WC) | 18:20 -> 11:05 | 700,000 VND
2026-09-26 16:21:35,463 | INFO     | [8] Quang Dũng VIP Limousine | Giường phòng 32 chỗ (Có WC) | 07:30 -> 00:00 | 70 VND
2026-09-26 16:21:35,644 | INFO     | [9] Quang Dũng VIP Limousine | Limousine 22 phòng (Có WC) | 11:00 -> 02:50 | 70 VND
2026-09-26 16:21:35,844 | INFO     | [10] Tân Hiệp | Giường nằm 34 chỗ | 13:00 -> 08:30 | 450,000 VND
2026-09-26 16:21:35,845 | INFO     | Hoàn thành Hồ Chí Minh -> Huế [bus]: 10 records
2026-09-26 16:21:38,846 | INFO     | ======================================================================
2026-09-26 16:21:38,846 | INFO     | ROUTE 11/48: Hồ Chí Minh -> Hà Nội [bus]
2026-09-26 16:21:38,847 | INFO     | URL: https://vexere.com/vi-VN/ve-xe-khach-tu-sai-gon-di-ha-noi-129t241.html?date=27-09-2026&lt=1
2026-09-26 16:21:49,836 | INFO     | Ticket ban đầu: 20
2026-09-26 16:21:49,856 | INFO     | Ticket hiện tại: 20/10
2026-09-26 16:21:49,886 | INFO     | Tổng ticket cuối: 20
2026-09-26 16:21:49,913 | INFO     | Tìm thấy 20 ticket bus
2026-09-26 16:21:50,139 | INFO     | [1] Phương Trang | Limousine giường nằm 34 chỗ | 23:30 -> 06:00 | 250,000 VND
2026-09-26 16:21:50,333 | INFO     | [2] Huệ Nghĩa | Limousine 34 Giường | 02:00 -> 08:00 | 270,000 VND
2026-09-26 16:21:50,509 | INFO     | [3] Tân Niên | Limousine Phòng Đôi 24 chỗ | 21:15 -> 02:55 | 360,000 VND
2026-09-26 16:21:50,741 | INFO     | [4] Phương Trang | Limousine giường nằm 34 chỗ | 23:30 -> 05:30 | 240,000 VND
2026-09-26 16:21:50,974 | INFO     | [5] Phương Trang | Limousine giường nằm 34 chỗ | 23:00 -> 05:00 | 240,000 VND
2026-09-26 16:21:51,167 | INFO     | [6] Huệ Nghĩa | Limousine 36 giường | 10:30 -> 16:30 | 250,000 VND
2026-09-26 16:21:51,407 | INFO     | [7] Huệ Nghĩa | Limousine 34 Giường | 22:00 -> 04:00 | 270,000 VND
2026-09-26 16:21:51,667 | INFO     | [8] Phương Trang | Limousine giường nằm 34 chỗ | 22:15 -> 07:00 | 290,000 VND
2026-09-26 16:21:51,886 | INFO     | [9] Phương Trang | Limousine giường nằm 34 chỗ | 23:01 -> 05:01 | 250,000 VND
2026-09-26 16:21:52,189 | INFO     | [10] Phương Trang | Limousine giường nằm 34 chỗ | 22:00 -> 04:00 | 240,000 VND
2026-09-26 16:21:52,189 | INFO     | Hoàn thành Hồ Chí Minh -> Hà Nội [bus]: 10 records
2026-09-26 16:21:55,190 | INFO     | ======================================================================
2026-09-26 16:21:55,191 | INFO     | ROUTE 12/48: Hồ Chí Minh -> Pleiku [bus]
2026-09-26 16:21:55,191 | INFO     | URL: https://vexere.com/vi-VN/ve-xe-khach-tu-sai-gon-di-pleiku-gia-lai-129t2741.html?date=27-09-2026&lt=1
2026-09-26 16:22:05,533 | WARNING  | Hồ Chí Minh -> Pleiku: Không tìm thấy ticket (có thể hết chuyến ngày 27-09-2026 hoặc URL sai)
2026-09-26 16:22:05,656 | INFO     | Đã lưu HTML debug: D:\TIỂU LUẬN CHUYÊN NGÀNH\TLCN-Travel\ingestion\transport\logs\debug_html\Hồ_Chí_Minh_Pleiku.html
2026-09-26 16:22:08,657 | INFO     | ======================================================================
2026-09-26 16:22:08,657 | INFO     | ROUTE 13/48: Hồ Chí Minh -> Mũi Né [bus]
2026-09-26 16:22:08,658 | INFO     | URL: https://vexere.com/vi-VN/ve-xe-khach-tu-sai-gon-di-mui-ne-binh-thuan-129t1592.html?date=27-09-2026&lt=1
2026-09-26 16:22:19,812 | INFO     | Ticket ban đầu: 20
2026-09-26 16:22:19,823 | INFO     | Ticket hiện tại: 20/10
2026-09-26 16:22:19,839 | INFO     | Tổng ticket cuối: 20
2026-09-26 16:22:19,858 | INFO     | Tìm thấy 20 ticket bus
2026-09-26 16:22:20,089 | INFO     | [1] Mai Quyên | Limousine 34 Phòng | 11:00 -> 19:30 | 550,000 VND
2026-09-26 16:22:20,335 | INFO     | [2] Mười Phương Express | Luxury 34 phòng | 18:15 -> 01:15 | 450,000 VND
2026-09-26 16:22:20,537 | INFO     | [3] Rạng Đông Buslines | Limousine 24 Phòng VIP | 21:10 -> 05:30 | 550,000 VND
2026-09-26 16:22:20,707 | INFO     | [4] Trọng Thủy Limousine | Limousine 24 phòng Đôi | 19:20 -> 02:05 | 490,000 VND
2026-09-26 16:22:20,886 | INFO     | [5] Thùy Trang Bình Định | Limousine 24 phòng | 17:20 -> 01:10 | 550,000 VND
2026-09-26 16:22:21,225 | INFO     | [6] Tín Phát Limousine | Limousine 24 Phòng | 17:00 -> 02:20 | 665,000 VND
2026-09-26 16:22:21,399 | INFO     | [7] Tuấn Tú Express | Luxury 34 phòng | 21:15 -> 05:30 | 540,000 VND
2026-09-26 16:22:21,740 | INFO     | [8] Trung Thành | Limousine 24 phòng | 19:41 -> 01:41 | 600,000 VND
2026-09-26 16:22:21,960 | INFO     | [9] Phong Nhung | Limousine 24 Phòng Đôi | 20:00 -> 03:55 | 24 VND
2026-09-26 16:22:22,240 | INFO     | [10] Mai Quyên | Limousine 24 Phòng | 08:30 -> 16:00 | 650,000 VND
2026-09-26 16:22:22,240 | INFO     | Hoàn thành Hồ Chí Minh -> Mũi Né [bus]: 10 records
2026-09-26 16:22:25,241 | INFO     | ======================================================================
2026-09-26 16:22:25,241 | INFO     | ROUTE 14/48: Hồ Chí Minh -> Phú Quốc [bus]
2026-09-26 16:22:25,241 | INFO     | URL: https://vexere.com/vi-VN/ve-xe-khach-tu-sai-gon-di-phu-quoc-kien-giang-129t911.html?date=27-09-2026&lt=1
2026-09-26 16:22:36,018 | INFO     | Ticket ban đầu: 20
2026-09-26 16:22:36,037 | INFO     | Ticket hiện tại: 20/10
2026-09-26 16:22:36,071 | INFO     | Tổng ticket cuối: 20
2026-09-26 16:22:36,090 | INFO     | Tìm thấy 20 ticket bus
2026-09-26 16:22:36,354 | INFO     | [1] Hoa Mai | Ghế ngồi 10 chỗ | 12:30 -> 14:45 | 180,000 VND
2026-09-26 16:22:36,654 | INFO     | [2] Hoa Mai | Ghế ngồi 10 chỗ | 07:00 -> 09:15 | 180,000 VND
2026-09-26 16:22:36,888 | INFO     | [3] Hoa Mai | Ghế ngồi 10 chỗ | 12:00 -> 14:15 | 180,000 VND
2026-09-26 16:22:37,171 | INFO     | [4] Hoa Mai | Ghế ngồi 10 chỗ | 11:00 -> 13:15 | 180,000 VND
2026-09-26 16:22:37,464 | INFO     | [5] Hoa Mai | Ghế ngồi 10 chỗ | 05:00 -> 07:15 | 180,000 VND
2026-09-26 16:22:37,623 | INFO     | [6] Hoa Mai | Ghế ngồi 10 chỗ | 16:00 -> 18:15 | 180,000 VND
2026-09-26 16:22:37,816 | INFO     | [7] Hoa Mai | Ghế ngồi 10 chỗ | 14:00 -> 15:45 | 180,000 VND
2026-09-26 16:22:38,047 | INFO     | [8] Hoa Mai | Ghế ngồi 10 chỗ | 06:00 -> 08:15 | 180,000 VND
2026-09-26 16:22:38,258 | INFO     | [9] Hoa Mai | Ghế ngồi 10 chỗ | 17:00 -> 19:15 | 180,000 VND
2026-09-26 16:22:38,573 | INFO     | [10] Hoa Mai | Ghế ngồi 10 chỗ | 15:00 -> 17:15 | 180,000 VND
2026-09-26 16:22:38,573 | INFO     | Hoàn thành Hồ Chí Minh -> Phú Quốc [bus]: 10 records
2026-09-26 16:22:41,574 | INFO     | ======================================================================
2026-09-26 16:22:41,575 | INFO     | ROUTE 15/48: Hồ Chí Minh -> Rạch Giá [bus]
2026-09-26 16:22:41,576 | INFO     | URL: https://vexere.com/vi-VN/ve-xe-khach-tu-sai-gon-di-rach-gia-kien-giang-129t911.html?date=27-09-2026&lt=1
2026-09-26 16:22:53,183 | INFO     | Ticket ban đầu: 20
2026-09-26 16:22:53,198 | INFO     | Ticket hiện tại: 20/10
2026-09-26 16:22:53,217 | INFO     | Tổng ticket cuối: 20
2026-09-26 16:22:53,237 | INFO     | Tìm thấy 20 ticket bus
2026-09-26 16:22:53,541 | INFO     | [1] Hoa Mai | Ghế ngồi 10 chỗ | 12:30 -> 14:45 | 180,000 VND
2026-09-26 16:22:53,729 | INFO     | [2] Hoa Mai | Ghế ngồi 10 chỗ | 07:00 -> 09:15 | 180,000 VND
2026-09-26 16:22:53,983 | INFO     | [3] Hoa Mai | Ghế ngồi 10 chỗ | 12:00 -> 14:15 | 180,000 VND
2026-09-26 16:22:54,323 | INFO     | [4] Hoa Mai | Ghế ngồi 10 chỗ | 11:00 -> 13:15 | 180,000 VND
2026-09-26 16:22:54,598 | INFO     | [5] Hoa Mai | Ghế ngồi 10 chỗ | 05:00 -> 07:15 | 180,000 VND
2026-09-26 16:22:54,810 | INFO     | [6] Hoa Mai | Ghế ngồi 10 chỗ | 16:00 -> 18:15 | 180,000 VND
2026-09-26 16:22:55,004 | INFO     | [7] Hoa Mai | Ghế ngồi 10 chỗ | 14:00 -> 15:45 | 180,000 VND
2026-09-26 16:22:55,218 | INFO     | [8] Hoa Mai | Ghế ngồi 10 chỗ | 06:00 -> 08:15 | 180,000 VND
2026-09-26 16:22:55,420 | INFO     | [9] Hoa Mai | Ghế ngồi 10 chỗ | 17:00 -> 19:15 | 180,000 VND
2026-09-26 16:22:55,678 | INFO     | [10] Hoa Mai | Ghế ngồi 10 chỗ | 15:00 -> 17:15 | 180,000 VND
2026-09-26 16:22:55,679 | INFO     | Hoàn thành Hồ Chí Minh -> Rạch Giá [bus]: 10 records
2026-09-26 16:22:58,683 | INFO     | ======================================================================
2026-09-26 16:22:58,690 | INFO     | ROUTE 16/48: Hồ Chí Minh -> Long Xuyên [bus]
2026-09-26 16:22:58,696 | INFO     | URL: https://vexere.com/vi-VN/ve-xe-khach-tu-sai-gon-di-long-xuyen-an-giang-129t891.html?date=27-09-2026&lt=1
2026-09-26 16:23:10,337 | INFO     | Ticket ban đầu: 20
2026-09-26 16:23:10,355 | INFO     | Ticket hiện tại: 20/10
2026-09-26 16:23:10,374 | INFO     | Tổng ticket cuối: 20
2026-09-26 16:23:10,402 | INFO     | Tìm thấy 20 ticket bus
2026-09-26 16:23:10,615 | INFO     | [1] Phương Anh (Phan Thiết) | Giường nằm 40 chỗ | 08:00 -> 08:00 | 180,000 VND
2026-09-26 16:23:10,846 | INFO     | [2] Hoàng Yến Logistics | Ghế ngồi 16 chỗ | 19:05 -> 20:20 | 170,000 VND
2026-09-26 16:23:11,074 | INFO     | [3] Toàn Thắng - Vũng Tàu | Ghế ngồi 16 chỗ | 17:00 -> 20:30 | 160,000 VND
2026-09-26 16:23:11,250 | INFO     | [4] Petro Bình Phước | Solati Limousine 10 chỗ | 09:30 -> 11:30 | 230,000 VND
2026-09-26 16:23:11,424 | INFO     | [5] Thịnh Phát Xanh | Ghế 7 chỗ ngồi | 06:00 -> 10:00 | 297,500 VND
2026-09-26 16:23:11,746 | INFO     | [6] Tuấn Hiệp | Limousine 22 phòng đôi | 17:00 -> 19:30 | 22 VND
2026-09-26 16:23:12,125 | INFO     | [7] Trường Thịnh Limousine | Limousine 11 chỗ | 19:00 -> 19:30 | 120,000 VND
2026-09-26 16:23:12,300 | INFO     | [8] Hoàng Yến Logistics | Ghế ngồi 16 chỗ | 17:00 -> 18:15 | 170,000 VND
2026-09-26 16:23:12,551 | INFO     | [9] Hoàng Yến Logistics | Ghế ngồi 16 chỗ | 19:32 -> 20:17 | 150,000 VND
2026-09-26 16:23:12,729 | INFO     | [10] Toàn Thắng - Vũng Tàu | Ghế ngồi 16 chỗ | 15:00 -> 18:30 | 160,000 VND
2026-09-26 16:23:12,730 | INFO     | Hoàn thành Hồ Chí Minh -> Long Xuyên [bus]: 10 records
2026-09-26 16:23:15,733 | INFO     | ======================================================================
2026-09-26 16:23:15,735 | INFO     | ROUTE 17/48: Hồ Chí Minh -> Châu Đốc [bus]
2026-09-26 16:23:15,736 | INFO     | URL: https://vexere.com/vi-VN/ve-xe-khach-tu-sai-gon-di-chau-doc-an-giang-129t892.html?date=27-09-2026&lt=1
2026-09-26 16:23:26,880 | WARNING  | Hồ Chí Minh -> Châu Đốc: Không tìm thấy ticket (có thể hết chuyến ngày 27-09-2026 hoặc URL sai)
2026-09-26 16:23:27,000 | INFO     | Đã lưu HTML debug: D:\TIỂU LUẬN CHUYÊN NGÀNH\TLCN-Travel\ingestion\transport\logs\debug_html\Hồ_Chí_Minh_Châu_Đốc.html
2026-09-26 16:23:30,001 | INFO     | ======================================================================
2026-09-26 16:23:30,002 | INFO     | ROUTE 18/48: Hồ Chí Minh -> Cà Mau [bus]
2026-09-26 16:23:30,003 | INFO     | URL: https://vexere.com/vi-VN/ve-xe-khach-tu-sai-gon-di-ca-mau-129t961.html?date=27-09-2026&lt=1
2026-09-26 16:23:43,147 | INFO     | Ticket ban đầu: 20
2026-09-26 16:23:43,174 | INFO     | Ticket hiện tại: 20/10
2026-09-26 16:23:43,207 | INFO     | Tổng ticket cuối: 20
2026-09-26 16:23:43,223 | INFO     | Tìm thấy 20 ticket bus
2026-09-26 16:23:43,379 | INFO     | [1] Hà Linh | Limousine 32 Phòng Đơn (WC) | 18:00 -> 03:45 | 350,000 VND
2026-09-26 16:23:43,537 | INFO     | [2] Hà Linh | Limousine 22 Phòng | 18:00 -> 03:30 | 420,000 VND
2026-09-26 16:23:44,220 | INFO     | [3] Hà Linh | Limousine 32 Phòng Đơn (WC) | 18:45 -> 03:45 | 350,000 VND
2026-09-26 16:23:44,454 | INFO     | [4] Hà Linh | Limousine 32 Phòng Đơn (WC) | 19:15 -> 03:45 | 330,000 VND
2026-09-26 16:23:44,716 | INFO     | [5] Hà Linh | Limousine 24 Phòng - Không WC | 18:15 -> 03:15 | 680,000 VND
2026-09-26 16:23:44,925 | INFO     | [6] Hà Linh | Limousine 22 Phòng | 18:30 -> 03:30 | 420,000 VND
2026-09-26 16:23:45,173 | INFO     | [7] Hà Linh | Limousine 22 Phòng | 20:16 -> 05:16 | 385,000 VND
2026-09-26 16:23:45,423 | INFO     | [8] Huỳnh Gia | Giường nằm 34 chỗ (WC) | 23:00 -> 04:50 | 250,000 VND
2026-09-26 16:23:45,559 | INFO     | [9] Bình Minh Tải | Limousine 32 Phòng VIP (WC) | 12:30 -> 18:30 | 250,000 VND
2026-09-26 16:23:45,946 | INFO     | [10] Bình Minh Tải | Limousine 32 Phòng VIP (WC) | 14:30 -> 21:15 | 250,000 VND
2026-09-26 16:23:45,947 | INFO     | Hoàn thành Hồ Chí Minh -> Cà Mau [bus]: 10 records
2026-09-26 16:23:48,948 | INFO     | ======================================================================
2026-09-26 16:23:48,949 | INFO     | ROUTE 19/48: Hồ Chí Minh -> Sóc Trăng [bus]
2026-09-26 16:23:48,949 | INFO     | URL: https://vexere.com/vi-VN/ve-xe-khach-tu-sai-gon-di-soc-trang-129t941.html?date=27-09-2026&lt=1
2026-09-26 16:23:57,933 | WARNING  | Hồ Chí Minh -> Sóc Trăng: Không tìm thấy ticket (có thể hết chuyến ngày 27-09-2026 hoặc URL sai)
2026-09-26 16:23:58,107 | INFO     | Đã lưu HTML debug: D:\TIỂU LUẬN CHUYÊN NGÀNH\TLCN-Travel\ingestion\transport\logs\debug_html\Hồ_Chí_Minh_Sóc_Trăng.html
2026-09-26 16:24:01,108 | INFO     | ======================================================================
2026-09-26 16:24:01,108 | INFO     | ROUTE 20/48: Hồ Chí Minh -> Bạc Liêu [bus]
2026-09-26 16:24:01,109 | INFO     | URL: https://vexere.com/vi-VN/ve-xe-khach-tu-sai-gon-di-bac-lieu-129t951.html?date=27-09-2026&lt=1
2026-09-26 16:24:12,178 | INFO     | Ticket ban đầu: 20
2026-09-26 16:24:12,194 | INFO     | Ticket hiện tại: 20/10
2026-09-26 16:24:12,206 | INFO     | Tổng ticket cuối: 20
2026-09-26 16:24:12,218 | INFO     | Tìm thấy 20 ticket bus
2026-09-26 16:24:12,385 | INFO     | [1] Hoa Mai | Limousine 9 chỗ | 11:30 -> 14:05 | 230,000 VND
2026-09-26 16:24:12,595 | INFO     | [2] Huệ Nghĩa Limousine | Ghế ngồi 16 chỗ | 22:32 -> 23:20 | 130,000 VND
2026-09-26 16:24:12,703 | INFO     | [3] Toàn Thắng - Vũng Tàu | Ghế ngồi 16 chỗ | 14:30 -> 17:00 | 170,000 VND
2026-09-26 16:24:12,878 | INFO     | [4] Hoa Mai | Ghế ngồi 16 chỗ | 13:00 -> 15:10 | 180,000 VND
2026-09-26 16:24:13,261 | INFO     | [5] Hoa Mai | Ghế ngồi 16 chỗ | 05:30 -> 07:40 | 180,000 VND
2026-09-26 16:24:13,544 | INFO     | [6] Huệ Nghĩa Limousine | Ghế ngồi 16 chỗ | 15:02 -> 15:50 | 130,000 VND
2026-09-26 16:24:13,706 | INFO     | [7] Huệ Nghĩa Limousine | Ghế ngồi 16 chỗ | 14:32 -> 15:20 | 130,000 VND
2026-09-26 16:24:13,904 | INFO     | [8] Toàn Thắng - Vũng Tàu | Limousine 9 chỗ | 13:00 -> 15:30 | 220,000 VND
2026-09-26 16:24:14,102 | INFO     | [9] Toàn Thắng - Vũng Tàu | Ghế ngồi 16 chỗ | 07:30 -> 10:00 | 170,000 VND
2026-09-26 16:24:14,291 | INFO     | [10] Hoa Mai | Ghế ngồi 16 chỗ | 15:00 -> 17:40 | 180,000 VND
2026-09-26 16:24:14,292 | INFO     | Hoàn thành Hồ Chí Minh -> Bạc Liêu [bus]: 10 records
2026-09-26 16:24:17,292 | INFO     | ======================================================================
2026-09-26 16:24:17,293 | INFO     | ROUTE 21/48: Hồ Chí Minh -> Đồng Tháp [bus]
2026-09-26 16:24:17,293 | INFO     | URL: https://vexere.com/vi-VN/ve-xe-khach-tu-sai-gon-di-dong-thap-129t871.html?date=27-09-2026&lt=1
2026-09-26 16:24:27,817 | INFO     | Ticket ban đầu: 20
2026-09-26 16:24:27,829 | INFO     | Ticket hiện tại: 20/10
2026-09-26 16:24:27,844 | INFO     | Tổng ticket cuối: 20
2026-09-26 16:24:27,862 | INFO     | Tìm thấy 20 ticket bus
2026-09-26 16:24:28,137 | INFO     | [1] Chí Dũng | Ghế ngồi 16 chỗ | 18:00 -> 20:30 | 120,000 VND
2026-09-26 16:24:28,410 | INFO     | [2] Tiến Đạt (Bến Tre) | Ghế ngồi 16 chỗ | 07:00 -> 09:50 | 120,000 VND
2026-09-26 16:24:28,591 | INFO     | [3] Phương Trang | Limousine giường nằm 34 chỗ | 16:00 -> 20:00 | 170,000 VND
2026-09-26 16:24:28,835 | INFO     | [4] Kim Anh (Bến Tre) | Ghế ngồi 16 chỗ | 13:00 -> 15:45 | 140,000 VND
2026-09-26 16:24:29,048 | INFO     | [5] Kim Hoàng | Giường Nằm 41 chỗ | 08:00 -> 10:00 | 160,000 VND
2026-09-26 16:24:29,250 | INFO     | [6] Phát Tài | Giường nằm 41 chỗ | 18:30 -> 22:15 | 13 VND
2026-09-26 16:24:29,431 | INFO     | [7] Tân Thanh Thuỷ | Giường nằm 45 chỗ (TV) | 12:00 -> 13:50 | 120,000 VND
2026-09-26 16:24:29,548 | INFO     | [8] Tân Niên | Limousine Phòng Đôi 24 chỗ | 22:45 -> 00:30 | 210,000 VND
2026-09-26 16:24:29,766 | INFO     | [9] Tiến Đạt (Bến Tre) | Ghế ngồi 16 chỗ | 08:30 -> 10:30 | 120,000 VND
2026-09-26 16:24:29,995 | INFO     | [10] Tiến Đạt (Bến Tre) | Ghế ngồi 16 chỗ | 18:30 -> 20:30 | 120,000 VND
2026-09-26 16:24:29,995 | INFO     | Hoàn thành Hồ Chí Minh -> Đồng Tháp [bus]: 10 records
2026-09-26 16:24:32,996 | INFO     | ======================================================================
2026-09-26 16:24:32,996 | INFO     | ROUTE 22/48: Hồ Chí Minh -> Vĩnh Long [bus]
2026-09-26 16:24:32,996 | INFO     | URL: https://vexere.com/vi-VN/ve-xe-khach-tu-sai-gon-di-vinh-long-129t861.html?date=27-09-2026&lt=1
2026-09-26 16:24:44,731 | INFO     | Ticket ban đầu: 20
2026-09-26 16:24:44,759 | INFO     | Ticket hiện tại: 20/10
2026-09-26 16:24:44,777 | INFO     | Tổng ticket cuối: 20
2026-09-26 16:24:44,809 | INFO     | Tìm thấy 20 ticket bus
2026-09-26 16:24:44,969 | INFO     | [1] Hà Linh | Limousine 32 Phòng Đơn (WC) | 18:00 -> 03:45 | 350,000 VND
2026-09-26 16:24:45,109 | INFO     | [2] Hà Linh | Limousine 22 Phòng | 18:00 -> 03:30 | 420,000 VND
2026-09-26 16:24:45,239 | INFO     | [3] Hà Linh | Limousine 32 Phòng Đơn (WC) | 18:45 -> 03:45 | 350,000 VND
2026-09-26 16:24:45,380 | INFO     | [4] Hà Linh | Limousine 32 Phòng Đơn (WC) | 19:15 -> 03:45 | 330,000 VND
2026-09-26 16:24:45,669 | INFO     | [5] Hà Linh | Limousine 24 Phòng - Không WC | 18:15 -> 03:15 | 680,000 VND
2026-09-26 16:24:45,798 | INFO     | [6] Hà Linh | Limousine 22 Phòng | 18:30 -> 03:30 | 420,000 VND
2026-09-26 16:24:46,174 | INFO     | [7] Hà Linh | Limousine 22 Phòng | 20:16 -> 05:16 | 385,000 VND
2026-09-26 16:24:46,320 | INFO     | [8] Huỳnh Gia | Giường nằm 34 chỗ (WC) | 23:00 -> 04:50 | 250,000 VND
2026-09-26 16:24:46,504 | INFO     | [9] Bình Minh Tải | Limousine 32 Phòng VIP (WC) | 12:30 -> 18:30 | 250,000 VND
2026-09-26 16:24:46,771 | INFO     | [10] Bình Minh Tải | Limousine 32 Phòng VIP (WC) | 14:30 -> 21:15 | 250,000 VND
2026-09-26 16:24:46,771 | INFO     | Hoàn thành Hồ Chí Minh -> Vĩnh Long [bus]: 10 records
2026-09-26 16:24:49,771 | INFO     | ======================================================================
2026-09-26 16:24:49,772 | INFO     | ROUTE 23/48: Hồ Chí Minh -> Bến Tre [bus]
2026-09-26 16:24:49,772 | INFO     | URL: https://vexere.com/vi-VN/ve-xe-khach-tu-sai-gon-di-ben-tre-129t831.html?date=27-09-2026&lt=1
2026-09-26 16:25:00,745 | INFO     | Ticket ban đầu: 20
2026-09-26 16:25:00,759 | INFO     | Ticket hiện tại: 20/10
2026-09-26 16:25:00,776 | INFO     | Tổng ticket cuối: 20
2026-09-26 16:25:00,789 | INFO     | Tìm thấy 20 ticket bus
2026-09-26 16:25:00,953 | INFO     | [1] Tân Quang Dũng | Limousine 22 Phòng Đôi (WC) | 14:00 -> 09:30 | 810,000 VND
2026-09-26 16:25:01,103 | INFO     | [2] Tân Kim Chi | Limousine giường phòng 22 chỗ (CABIN) (WC) | 17:35 -> 11:05 | 700,000 VND
2026-09-26 16:25:01,306 | INFO     | [3] Quang Dũng VIP Limousine | Limousine 22 phòng (Có WC) | 11:00 -> 03:30 | 70 VND
2026-09-26 16:25:01,459 | INFO     | [4] Tân Quang Dũng | Limousine 32 phòng (WC) | 08:00 -> 03:30 | 540,000 VND
2026-09-26 16:25:01,546 | INFO     | [5] Quang Dũng VIP Limousine | Giường phòng 32 chỗ (Có WC) | 07:00 -> 00:00 | 70 VND
2026-09-26 16:25:01,726 | INFO     | [6] Quang Dũng VIP Limousine | Limousine 22 phòng (Có WC) | 10:30 -> 03:30 | 70 VND
2026-09-26 16:25:01,838 | INFO     | [7] Tân Kim Chi | Limousine giường phòng 22 chỗ (CABIN) (WC) | 18:20 -> 11:05 | 700,000 VND
2026-09-26 16:25:01,992 | INFO     | [8] Quang Dũng VIP Limousine | Giường phòng 32 chỗ (Có WC) | 07:30 -> 00:00 | 70 VND
2026-09-26 16:25:02,247 | INFO     | [9] Quang Dũng VIP Limousine | Limousine 22 phòng (Có WC) | 11:00 -> 02:50 | 70 VND
2026-09-26 16:25:02,514 | INFO     | [10] Tân Hiệp | Giường nằm 34 chỗ | 13:00 -> 08:30 | 450,000 VND
2026-09-26 16:25:02,514 | INFO     | Hoàn thành Hồ Chí Minh -> Bến Tre [bus]: 10 records
2026-09-26 16:25:05,515 | INFO     | ======================================================================
2026-09-26 16:25:05,515 | INFO     | ROUTE 24/48: Hồ Chí Minh -> Mỹ Tho [bus]
2026-09-26 16:25:05,515 | INFO     | URL: https://vexere.com/vi-VN/ve-xe-khach-tu-sai-gon-di-my-tho-tien-giang-129t821.html?date=27-09-2026&lt=1
2026-09-26 16:25:18,089 | INFO     | Ticket ban đầu: 20
2026-09-26 16:25:18,123 | INFO     | Ticket hiện tại: 20/10
2026-09-26 16:25:18,137 | INFO     | Tổng ticket cuối: 20
2026-09-26 16:25:18,148 | INFO     | Tìm thấy 20 ticket bus
2026-09-26 16:25:18,606 | INFO     | [1] Minh Đức (Huế) | Limousine 32 phòng (WC) | 05:30 -> 01:30 | 580,000 VND
2026-09-26 16:25:18,830 | INFO     | [2] Quang Dũng VIP Limousine | Limousine 22 phòng (Có WC) | 10:30 -> 05:30 | 1,000,000 VND
2026-09-26 16:25:18,947 | INFO     | [3] Phi Long (Mậu Hường) | Giường nằm 40 chỗ | 05:45 -> 02:20 | 500,000 VND
2026-09-26 16:25:19,182 | INFO     | [4] Minh Đức (Huế) | Limousine 32 phòng (WC) | 06:30 -> 01:30 | 580,000 VND
2026-09-26 16:25:19,304 | INFO     | [5] Phi Long (Mậu Hường) | Giường nằm 40 chỗ | 06:15 -> 02:20 | 500,000 VND
2026-09-26 16:25:19,715 | INFO     | [6] Quang Dũng VIP Limousine | Limousine 22 phòng (Có WC) | 11:00 -> 05:30 | 1,000,000 VND
2026-09-26 16:25:19,885 | INFO     | [7] Quang Dũng VIP Limousine | Giường phòng 32 chỗ (Có WC) | 07:00 -> 02:00 | 750,000 VND
2026-09-26 16:25:20,122 | INFO     | [8] Quang Dũng VIP Limousine | Giường phòng 32 chỗ (Có WC) | 07:30 -> 02:00 | 750,000 VND
2026-09-26 16:25:20,391 | INFO     | [9] Quang Dũng VIP Limousine | Limousine 22 phòng (Có WC) | 11:00 -> 05:50 | 850,000 VND
2026-09-26 16:25:20,591 | INFO     | [10] Tân Quang Dũng | Limousine 32 phòng (WC) | 11:00 -> 10:30 | 630,000 VND
2026-09-26 16:25:20,591 | INFO     | Hoàn thành Hồ Chí Minh -> Mỹ Tho [bus]: 10 records
2026-09-26 16:25:23,592 | INFO     | ======================================================================
2026-09-26 16:25:23,592 | INFO     | ROUTE 25/48: Hồ Chí Minh -> Tây Ninh [bus]
2026-09-26 16:25:23,592 | INFO     | URL: https://vexere.com/vi-VN/ve-xe-khach-tu-sai-gon-di-tay-ninh-129t701.html?date=27-09-2026&lt=1
2026-09-26 16:25:34,067 | WARNING  | Hồ Chí Minh -> Tây Ninh: Không tìm thấy ticket (có thể hết chuyến ngày 27-09-2026 hoặc URL sai)
2026-09-26 16:25:34,157 | INFO     | Đã lưu HTML debug: D:\TIỂU LUẬN CHUYÊN NGÀNH\TLCN-Travel\ingestion\transport\logs\debug_html\Hồ_Chí_Minh_Tây_Ninh.html
2026-09-26 16:25:37,157 | INFO     | ======================================================================
2026-09-26 16:25:37,158 | INFO     | ROUTE 26/48: Hồ Chí Minh -> Biên Hòa [bus]
2026-09-26 16:25:37,159 | INFO     | URL: https://vexere.com/vi-VN/ve-xe-khach-tu-sai-gon-di-bien-hoa-dong-nai-129t751.html?date=27-09-2026&lt=1
2026-09-26 16:25:48,961 | INFO     | Ticket ban đầu: 20
2026-09-26 16:25:48,972 | INFO     | Ticket hiện tại: 20/10
2026-09-26 16:25:48,983 | INFO     | Tổng ticket cuối: 20
2026-09-26 16:25:48,992 | INFO     | Tìm thấy 20 ticket bus
2026-09-26 16:25:49,154 | INFO     | [1] Hoa Mai | Limousine 9 chỗ | 11:30 -> 14:05 | 230,000 VND
2026-09-26 16:25:49,443 | INFO     | [2] Huệ Nghĩa Limousine | Ghế ngồi 16 chỗ | 22:32 -> 23:20 | 130,000 VND
2026-09-26 16:25:49,648 | INFO     | [3] Toàn Thắng - Vũng Tàu | Ghế ngồi 16 chỗ | 14:30 -> 17:00 | 170,000 VND
2026-09-26 16:25:49,836 | INFO     | [4] Hoa Mai | Ghế ngồi 16 chỗ | 13:00 -> 15:10 | 180,000 VND
2026-09-26 16:25:49,978 | INFO     | [5] Hoa Mai | Ghế ngồi 16 chỗ | 05:30 -> 07:40 | 180,000 VND
2026-09-26 16:25:50,293 | INFO     | [6] Huệ Nghĩa Limousine | Ghế ngồi 16 chỗ | 15:02 -> 15:50 | 130,000 VND
2026-09-26 16:25:50,441 | INFO     | [7] Huệ Nghĩa Limousine | Ghế ngồi 16 chỗ | 14:32 -> 15:20 | 130,000 VND
2026-09-26 16:25:50,585 | INFO     | [8] Toàn Thắng - Vũng Tàu | Limousine 9 chỗ | 13:00 -> 15:30 | 220,000 VND
2026-09-26 16:25:51,065 | INFO     | [9] Toàn Thắng - Vũng Tàu | Ghế ngồi 16 chỗ | 07:30 -> 10:00 | 170,000 VND
2026-09-26 16:25:51,276 | INFO     | [10] Hoa Mai | Ghế ngồi 16 chỗ | 15:00 -> 17:40 | 180,000 VND
2026-09-26 16:25:51,276 | INFO     | Hoàn thành Hồ Chí Minh -> Biên Hòa [bus]: 10 records
2026-09-26 16:25:54,277 | INFO     | ======================================================================
2026-09-26 16:25:54,277 | INFO     | ROUTE 27/48: Hồ Chí Minh -> Đà Nẵng [flight]
2026-09-26 16:25:54,277 | INFO     | URL: https://vexere.com/vn/ve-may-bay/tu-sai-gon-di-da-nang.29.15.vi?date=27-09-2026
2026-09-26 16:26:05,212 | INFO     | Đã click nút Tìm kiếm
2026-09-26 16:26:14,911 | INFO     | Tìm thấy 4 flight card | selector=[class*="FlightTicketItem__FlightTicketItemContainer"]
2026-09-26 16:26:15,020 | INFO     | [1] [flight] Unknown | Eco | 20:45 -> 22:10 | 1165181
2026-09-26 16:26:15,127 | INFO     | [2] [flight] Unknown | Eco | 20:45 -> 22:10 | 1778181
2026-09-26 16:26:15,295 | INFO     | [3] [flight] Unknown | Eco | 20:45 -> 22:10 | 2286181
2026-09-26 16:26:15,388 | INFO     | [4] [flight] Unknown | Eco | 20:45 -> 22:10 | 3633181
2026-09-26 16:26:15,388 | INFO     | Hoàn thành Hồ Chí Minh -> Đà Nẵng [flight]: 4 records
2026-09-26 16:26:18,389 | INFO     | ======================================================================
2026-09-26 16:26:18,389 | INFO     | ROUTE 28/48: Hồ Chí Minh -> Hà Nội [flight]
2026-09-26 16:26:18,390 | INFO     | URL: https://vexere.com/vn/ve-may-bay/tu-sai-gon-di-ha-noi.29.24.vi?date=27-09-2026
2026-09-26 16:26:28,195 | INFO     | Đã click nút Tìm kiếm
2026-09-26 16:26:44,939 | INFO     | Tìm thấy 50 flight card | selector=[class*="FlightTicketItem__FlightTicketItemContainer"]
2026-09-26 16:26:45,135 | INFO     | [1] [flight] Unknown | Eco | 23:30 -> 01:40 | 1143181
2026-09-26 16:26:45,255 | INFO     | [2] [flight] VietJet Air | VJ160 | 20:30 -> 22:40 | 1362341
2026-09-26 16:26:45,654 | INFO     | [3] [flight] VietJet Air | VJ1156 | 21:40 -> 23:30 | 1362341
2026-09-26 16:26:45,846 | INFO     | [4] [flight] VietJet Air | VJ1128 | 22:15 -> 00:25 | 1362341
2026-09-26 16:26:45,968 | INFO     | [5] [flight] VietJet Air | VJ162 | 22:40 -> 00:50 | 1362341
2026-09-26 16:26:46,081 | INFO     | [6] [flight] VietJet Air | VJ168 | 23:05 -> 01:10 | 1362341
2026-09-26 16:26:46,239 | INFO     | [7] [flight] Unknown | Eco | 21:55 -> 00:05 | 1411181
2026-09-26 16:26:46,335 | INFO     | [8] [flight] VietJet Air | VJ160 | 20:30 -> 22:40 | 1597781
2026-09-26 16:26:46,423 | INFO     | [9] [flight] VietJet Air | VJ1156 | 21:40 -> 23:30 | 1597781
2026-09-26 16:26:46,533 | INFO     | [10] [flight] VietJet Air | VJ1128 | 22:15 -> 00:25 | 1597781
2026-09-26 16:26:46,533 | INFO     | Hoàn thành Hồ Chí Minh -> Hà Nội [flight]: 10 records
2026-09-26 16:26:49,533 | INFO     | ======================================================================
2026-09-26 16:26:49,534 | INFO     | ROUTE 29/48: Hồ Chí Minh -> Nha Trang [flight]
2026-09-26 16:26:49,534 | INFO     | URL: https://vexere.com/vn/ve-may-bay/tu-sai-gon-di-nha-trang-khanh-hoa.29.417.vi?date=27-09-2026
2026-09-26 16:26:58,868 | INFO     | Đã click nút Tìm kiếm
2026-09-26 16:27:08,025 | WARNING  | FLIGHT | Hồ Chí Minh -> Nha Trang: không thấy FlightTicketItem
2026-09-26 16:27:08,223 | INFO     | Đã lưu HTML debug: D:\TIỂU LUẬN CHUYÊN NGÀNH\TLCN-Travel\ingestion\transport\logs\debug_html\Hồ_Chí_Minh_Nha_Trang.html
2026-09-26 16:27:08,223 | INFO     | Hoàn thành Hồ Chí Minh -> Nha Trang [flight]: 0 records
2026-09-26 16:27:11,223 | INFO     | ======================================================================
2026-09-26 16:27:11,224 | INFO     | ROUTE 30/48: Hồ Chí Minh -> Đà Lạt [flight]
2026-09-26 16:27:11,224 | INFO     | URL: https://vexere.com/vn/ve-may-bay/tu-sai-gon-di-da-lat-lam-dong.29.457.vi?date=27-09-2026
2026-09-26 16:27:21,312 | INFO     | Đã click nút Tìm kiếm
2026-09-26 16:27:30,575 | WARNING  | FLIGHT | Hồ Chí Minh -> Đà Lạt: không thấy FlightTicketItem
2026-09-26 16:27:30,746 | INFO     | Đã lưu HTML debug: D:\TIỂU LUẬN CHUYÊN NGÀNH\TLCN-Travel\ingestion\transport\logs\debug_html\Hồ_Chí_Minh_Đà_Lạt.html
2026-09-26 16:27:30,746 | INFO     | Hoàn thành Hồ Chí Minh -> Đà Lạt [flight]: 0 records
2026-09-26 16:27:33,747 | INFO     | ======================================================================
2026-09-26 16:27:33,747 | INFO     | ROUTE 31/48: Hồ Chí Minh -> Phú Quốc [flight]
2026-09-26 16:27:33,748 | INFO     | URL: https://vexere.com/vn/ve-may-bay/tu-sai-gon-di-phu-quoc-kien-giang.29.912.vi?date=27-09-2026
2026-09-26 16:27:45,578 | INFO     | Đã click nút Tìm kiếm
2026-09-26 16:27:54,831 | WARNING  | FLIGHT | Hồ Chí Minh -> Phú Quốc: không thấy FlightTicketItem
2026-09-26 16:27:55,044 | INFO     | Đã lưu HTML debug: D:\TIỂU LUẬN CHUYÊN NGÀNH\TLCN-Travel\ingestion\transport\logs\debug_html\Hồ_Chí_Minh_Phú_Quốc.html
2026-09-26 16:27:55,045 | INFO     | Hoàn thành Hồ Chí Minh -> Phú Quốc [flight]: 0 records
2026-09-26 16:27:58,045 | INFO     | ======================================================================
2026-09-26 16:27:58,046 | INFO     | ROUTE 32/48: Hồ Chí Minh -> Buôn Ma Thuột [flight]
2026-09-26 16:27:58,046 | INFO     | URL: https://vexere.com/vn/ve-may-bay/tu-sai-gon-di-buon-ma-thuot-dak-lak-buon-ma-thuot.29.204.vi?date=27-09-2026
2026-09-26 16:28:07,826 | INFO     | Đã click nút Tìm kiếm
2026-09-26 16:28:16,968 | WARNING  | FLIGHT | Hồ Chí Minh -> Buôn Ma Thuột: không thấy FlightTicketItem
2026-09-26 16:28:17,179 | INFO     | Đã lưu HTML debug: D:\TIỂU LUẬN CHUYÊN NGÀNH\TLCN-Travel\ingestion\transport\logs\debug_html\Hồ_Chí_Minh_Buôn_Ma_Thuột.html
2026-09-26 16:28:17,180 | INFO     | Hoàn thành Hồ Chí Minh -> Buôn Ma Thuột [flight]: 0 records
2026-09-26 16:28:20,180 | INFO     | ======================================================================
2026-09-26 16:28:20,181 | INFO     | ROUTE 33/48: Hồ Chí Minh -> Pleiku [flight]
2026-09-26 16:28:20,181 | INFO     | URL: https://vexere.com/vn/ve-may-bay/tu-sai-gon-di-pleiku-gia-lai-gia-lai.29.274.vi?date=27-09-2026
2026-09-26 16:28:29,334 | INFO     | Đã click nút Tìm kiếm
2026-09-26 16:28:39,378 | WARNING  | FLIGHT | Hồ Chí Minh -> Pleiku: không thấy FlightTicketItem
2026-09-26 16:28:39,911 | INFO     | Đã lưu HTML debug: D:\TIỂU LUẬN CHUYÊN NGÀNH\TLCN-Travel\ingestion\transport\logs\debug_html\Hồ_Chí_Minh_Pleiku.html
2026-09-26 16:28:39,911 | INFO     | Hoàn thành Hồ Chí Minh -> Pleiku [flight]: 0 records
2026-09-26 16:28:42,911 | INFO     | ======================================================================
2026-09-26 16:28:42,912 | INFO     | ROUTE 34/48: Hồ Chí Minh -> Huế [flight]
2026-09-26 16:28:42,912 | INFO     | URL: https://vexere.com/vn/ve-may-bay/tu-sai-gon-di-hue-thua-thien-hue.29.331.vi?date=27-09-2026
2026-09-26 16:28:51,417 | INFO     | Đã click nút Tìm kiếm
2026-09-26 16:29:00,771 | INFO     | Tìm thấy 2 flight card | selector=[class*="FlightTicketItem__FlightTicketItemContainer"]
2026-09-26 16:29:00,869 | INFO     | [1] [flight] VietJet Air | VJ1216 | 20:35 -> 22:15 | 1423061
2026-09-26 16:29:00,954 | INFO     | [2] [flight] VietJet Air | VJ1216 | 20:35 -> 22:15 | 1727381
2026-09-26 16:29:00,954 | INFO     | Hoàn thành Hồ Chí Minh -> Huế [flight]: 2 records
2026-09-26 16:29:03,954 | INFO     | ======================================================================
2026-09-26 16:29:03,954 | INFO     | ROUTE 35/48: Hồ Chí Minh -> Quy Nhơn [flight]
2026-09-26 16:29:03,954 | INFO     | URL: https://vexere.com/vn/ve-may-bay/tu-sai-gon-di-quy-nhon-binh-dinh.29.181.vi?date=27-09-2026
2026-09-26 16:29:12,603 | INFO     | Đã click nút Tìm kiếm
2026-09-26 16:29:21,729 | WARNING  | FLIGHT | Hồ Chí Minh -> Quy Nhơn: không thấy FlightTicketItem
2026-09-26 16:29:21,862 | INFO     | Đã lưu HTML debug: D:\TIỂU LUẬN CHUYÊN NGÀNH\TLCN-Travel\ingestion\transport\logs\debug_html\Hồ_Chí_Minh_Quy_Nhơn.html
2026-09-26 16:29:21,862 | INFO     | Hoàn thành Hồ Chí Minh -> Quy Nhơn [flight]: 0 records
2026-09-26 16:29:24,862 | INFO     | ======================================================================
2026-09-26 16:29:24,863 | INFO     | ROUTE 36/48: Hồ Chí Minh -> Cần Thơ [flight]
2026-09-26 16:29:24,863 | INFO     | URL: https://vexere.com/vn/ve-may-bay/tu-sai-gon-di-can-tho.29.13.vi?date=27-09-2026
2026-09-26 16:29:36,057 | INFO     | Đã click nút Tìm kiếm
2026-09-26 16:29:45,170 | WARNING  | FLIGHT | Hồ Chí Minh -> Cần Thơ: không thấy FlightTicketItem
2026-09-26 16:29:45,321 | INFO     | Đã lưu HTML debug: D:\TIỂU LUẬN CHUYÊN NGÀNH\TLCN-Travel\ingestion\transport\logs\debug_html\Hồ_Chí_Minh_Cần_Thơ.html
2026-09-26 16:29:45,321 | INFO     | Hoàn thành Hồ Chí Minh -> Cần Thơ [flight]: 0 records
2026-09-26 16:29:48,322 | INFO     | ======================================================================
2026-09-26 16:29:48,322 | INFO     | ROUTE 37/48: Hồ Chí Minh -> Vinh [flight]
2026-09-26 16:29:48,322 | INFO     | URL: https://vexere.com/vn/ve-may-bay/tu-sai-gon-di-vinh-nghe-an.29.247.vi?date=27-09-2026
2026-09-26 16:29:59,341 | INFO     | Đã click nút Tìm kiếm
2026-09-26 16:30:08,597 | WARNING  | FLIGHT | Hồ Chí Minh -> Vinh: không thấy FlightTicketItem
2026-09-26 16:30:08,739 | INFO     | Đã lưu HTML debug: D:\TIỂU LUẬN CHUYÊN NGÀNH\TLCN-Travel\ingestion\transport\logs\debug_html\Hồ_Chí_Minh_Vinh.html
2026-09-26 16:30:08,740 | INFO     | Hoàn thành Hồ Chí Minh -> Vinh [flight]: 0 records
2026-09-26 16:30:11,740 | INFO     | ======================================================================
2026-09-26 16:30:11,741 | INFO     | ROUTE 38/48: Hồ Chí Minh -> Hải Phòng [flight]
2026-09-26 16:30:11,741 | INFO     | URL: https://vexere.com/vn/ve-may-bay/tu-sai-gon-di-hai-phong.29.31.vi?date=27-09-2026
2026-09-26 16:30:22,166 | INFO     | Đã click nút Tìm kiếm
2026-09-26 16:30:31,344 | WARNING  | FLIGHT | Hồ Chí Minh -> Hải Phòng: không thấy FlightTicketItem
2026-09-26 16:30:31,510 | INFO     | Đã lưu HTML debug: D:\TIỂU LUẬN CHUYÊN NGÀNH\TLCN-Travel\ingestion\transport\logs\debug_html\Hồ_Chí_Minh_Hải_Phòng.html
2026-09-26 16:30:31,510 | INFO     | Hoàn thành Hồ Chí Minh -> Hải Phòng [flight]: 0 records
2026-09-26 16:30:34,511 | INFO     | ======================================================================
2026-09-26 16:30:34,511 | INFO     | ROUTE 39/48: Hồ Chí Minh -> Nha Trang [train]
2026-09-26 16:30:34,512 | INFO     | URL: https://vexere.com/vn/ve-tau-hoa/tu-ho-chi-minh-di-nha-trang-khanh-hoa.29.417.vi?date=27-09-2026
2026-09-26 16:30:44,805 | INFO     | Đã click nút Tìm kiếm
2026-09-26 16:30:52,873 | INFO     | Tìm thấy 3 train card | selector=[class*="TrainTicketItem__Container"]
2026-09-26 16:30:52,969 | INFO     | [1] [train] Tàu SNT2 | Ngồi mềm | 21:45 -> 05:40 | 367000
2026-09-26 16:30:53,145 | INFO     | [2] [train] Tàu SE2 | Ngồi mềm | 20:35 -> 03:44 | 487000
2026-09-26 16:30:53,297 | INFO     | [3] [train] Tàu SE4 | Giường khoang 4 | 19:20 -> 02:40 | 778000
2026-09-26 16:30:53,298 | INFO     | Hoàn thành Hồ Chí Minh -> Nha Trang [train]: 3 records
2026-09-26 16:30:56,299 | INFO     | ======================================================================
2026-09-26 16:30:56,299 | INFO     | ROUTE 40/48: Hồ Chí Minh -> Hà Nội [train]
2026-09-26 16:30:56,300 | INFO     | URL: https://vexere.com/vn/ve-tau-hoa/tu-ho-chi-minh-di-ha-noi.29.24.vi?date=27-09-2026
2026-09-26 16:31:08,716 | INFO     | Đã click nút Tìm kiếm
2026-09-26 16:31:16,823 | INFO     | Tìm thấy 2 train card | selector=[class*="TrainTicketItem__Container"]
2026-09-26 16:31:16,934 | INFO     | [1] [train] Tàu SE2 | Ngồi mềm | 20:35 -> 05:42 | 1401
2026-09-26 16:31:17,018 | INFO     | [2] [train] Tàu SE4 | Giường khoang 4 | 19:20 -> 04:36 | 1835
2026-09-26 16:31:17,018 | INFO     | Hoàn thành Hồ Chí Minh -> Hà Nội [train]: 2 records
2026-09-26 16:31:20,019 | INFO     | ======================================================================
2026-09-26 16:31:20,019 | INFO     | ROUTE 41/48: Hồ Chí Minh -> Đà Nẵng [train]
2026-09-26 16:31:20,019 | INFO     | URL: https://vexere.com/vn/ve-tau-hoa/tu-ho-chi-minh-di-da-nang.29.15.vi?date=27-09-2026
2026-09-26 16:31:29,621 | INFO     | Đã click nút Tìm kiếm
2026-09-26 16:31:37,713 | INFO     | Tìm thấy 2 train card | selector=[class*="TrainTicketItem__Container"]
2026-09-26 16:31:37,804 | INFO     | [1] [train] Tàu SE2 | Ngồi mềm | 20:35 -> 13:06 | 903000
2026-09-26 16:31:37,845 | INFO     | [2] [train] Tàu SE4 | Giường khoang 4 | 19:20 -> 12:13 | 1312
2026-09-26 16:31:37,845 | INFO     | Hoàn thành Hồ Chí Minh -> Đà Nẵng [train]: 2 records
2026-09-26 16:31:40,845 | INFO     | ======================================================================
2026-09-26 16:31:40,846 | INFO     | ROUTE 42/48: Hồ Chí Minh -> Huế [train]
2026-09-26 16:31:40,846 | INFO     | URL: https://vexere.com/vn/ve-tau-hoa/tu-ho-chi-minh-di-hue-thua-thien-hue.29.331.vi?date=27-09-2026
2026-09-26 16:31:50,557 | INFO     | Đã click nút Tìm kiếm
2026-09-26 16:31:58,827 | WARNING  | TRAIN | Hồ Chí Minh -> Huế: không thấy TrainTicketItem
2026-09-26 16:31:59,123 | INFO     | Đã lưu HTML debug: D:\TIỂU LUẬN CHUYÊN NGÀNH\TLCN-Travel\ingestion\transport\logs\debug_html\Hồ_Chí_Minh_Huế.html
2026-09-26 16:31:59,123 | INFO     | Hoàn thành Hồ Chí Minh -> Huế [train]: 0 records
2026-09-26 16:32:02,123 | INFO     | ======================================================================
2026-09-26 16:32:02,124 | INFO     | ROUTE 43/48: Hồ Chí Minh -> Phan Thiết [train]
2026-09-26 16:32:02,124 | INFO     | URL: https://vexere.com/vn/ve-tau-hoa/tu-ho-chi-minh-di-phan-thiet-binh-thuan.29.159.vi?date=27-09-2026
2026-09-26 16:32:12,063 | INFO     | Đã click nút Tìm kiếm
2026-09-26 16:32:20,375 | WARNING  | TRAIN | Hồ Chí Minh -> Phan Thiết: không thấy TrainTicketItem
2026-09-26 16:32:20,777 | INFO     | Đã lưu HTML debug: D:\TIỂU LUẬN CHUYÊN NGÀNH\TLCN-Travel\ingestion\transport\logs\debug_html\Hồ_Chí_Minh_Phan_Thiết.html
2026-09-26 16:32:20,777 | INFO     | Hoàn thành Hồ Chí Minh -> Phan Thiết [train]: 0 records
2026-09-26 16:32:23,778 | INFO     | ======================================================================
2026-09-26 16:32:23,778 | INFO     | ROUTE 44/48: Hồ Chí Minh -> Vinh [train]
2026-09-26 16:32:23,779 | INFO     | URL: https://vexere.com/vn/ve-tau-hoa/tu-ho-chi-minh-di-vinh-nghe-an.29.247.vi?date=27-09-2026
2026-09-26 16:32:33,533 | INFO     | Đã click nút Tìm kiếm
2026-09-26 16:32:41,638 | WARNING  | TRAIN | Hồ Chí Minh -> Vinh: không thấy TrainTicketItem
2026-09-26 16:32:41,946 | INFO     | Đã lưu HTML debug: D:\TIỂU LUẬN CHUYÊN NGÀNH\TLCN-Travel\ingestion\transport\logs\debug_html\Hồ_Chí_Minh_Vinh.html
2026-09-26 16:32:41,947 | INFO     | Hoàn thành Hồ Chí Minh -> Vinh [train]: 0 records
2026-09-26 16:32:44,947 | INFO     | ======================================================================
2026-09-26 16:32:44,948 | INFO     | ROUTE 45/48: Hồ Chí Minh -> Quy Nhơn [train]
2026-09-26 16:32:44,948 | INFO     | URL: https://vexere.com/vn/ve-tau-hoa/tu-ho-chi-minh-di-quy-nhon-binh-dinh.29.181.vi?date=27-09-2026
2026-09-26 16:32:54,357 | INFO     | Đã click nút Tìm kiếm
2026-09-26 16:33:02,495 | WARNING  | TRAIN | Hồ Chí Minh -> Quy Nhơn: không thấy TrainTicketItem
2026-09-26 16:33:02,886 | INFO     | Đã lưu HTML debug: D:\TIỂU LUẬN CHUYÊN NGÀNH\TLCN-Travel\ingestion\transport\logs\debug_html\Hồ_Chí_Minh_Quy_Nhơn.html
2026-09-26 16:33:02,886 | INFO     | Hoàn thành Hồ Chí Minh -> Quy Nhơn [train]: 0 records
2026-09-26 16:33:05,887 | INFO     | ======================================================================
2026-09-26 16:33:05,887 | INFO     | ROUTE 46/48: Hồ Chí Minh -> Đồng Hới [train]
2026-09-26 16:33:05,888 | INFO     | URL: https://vexere.com/vn/ve-tau-hoa/tu-ho-chi-minh-di-dong-hoi-quang-binh.29.311.vi?date=27-09-2026
2026-09-26 16:33:15,228 | INFO     | Đã click nút Tìm kiếm
2026-09-26 16:33:23,319 | INFO     | Tìm thấy 2 train card | selector=[class*="TrainTicketItem__Container"]
2026-09-26 16:33:23,421 | INFO     | [1] [train] Tàu SE2 | Ngồi mềm | 20:35 -> 05:42 | 1401
2026-09-26 16:33:23,526 | INFO     | [2] [train] Tàu SE4 | Giường khoang 4 | 19:20 -> 04:36 | 1835
2026-09-26 16:33:23,527 | INFO     | Hoàn thành Hồ Chí Minh -> Đồng Hới [train]: 2 records
2026-09-26 16:33:26,527 | INFO     | ======================================================================
2026-09-26 16:33:26,528 | INFO     | ROUTE 47/48: Hồ Chí Minh -> Ninh Bình [train]
2026-09-26 16:33:26,529 | INFO     | URL: https://vexere.com/vn/ve-tau-hoa/tu-ho-chi-minh-di-ninh-binh.29.37.vi?date=27-09-2026
2026-09-26 16:33:35,521 | INFO     | Đã click nút Tìm kiếm
2026-09-26 16:33:43,848 | WARNING  | TRAIN | Hồ Chí Minh -> Ninh Bình: không thấy TrainTicketItem
2026-09-26 16:33:44,190 | INFO     | Đã lưu HTML debug: D:\TIỂU LUẬN CHUYÊN NGÀNH\TLCN-Travel\ingestion\transport\logs\debug_html\Hồ_Chí_Minh_Ninh_Bình.html
2026-09-26 16:33:44,190 | INFO     | Hoàn thành Hồ Chí Minh -> Ninh Bình [train]: 0 records
2026-09-26 16:33:47,191 | INFO     | ======================================================================
2026-09-26 16:33:47,192 | INFO     | ROUTE 48/48: Hồ Chí Minh -> Thanh Hóa [train]
2026-09-26 16:33:47,192 | INFO     | URL: https://vexere.com/vn/ve-tau-hoa/tu-ho-chi-minh-di-thanh-hoa.29.38.vi?date=27-09-2026
2026-09-26 16:33:56,874 | INFO     | Đã click nút Tìm kiếm
2026-09-26 16:34:05,134 | WARNING  | TRAIN | Hồ Chí Minh -> Thanh Hóa: không thấy TrainTicketItem
2026-09-26 16:34:05,514 | INFO     | Đã lưu HTML debug: D:\TIỂU LUẬN CHUYÊN NGÀNH\TLCN-Travel\ingestion\transport\logs\debug_html\Hồ_Chí_Minh_Thanh_Hóa.html
2026-09-26 16:34:05,514 | INFO     | Hoàn thành Hồ Chí Minh -> Thanh Hóa [train]: 0 records
2026-09-26 16:34:12,051 | INFO     | Đã đóng Chrome driver.
2026-09-26 16:34:12,059 | INFO     | Đã lưu 225 records vào: D:\TIỂU LUẬN CHUYÊN NGÀNH\TLCN-Travel\ingestion\transport\data\raw\transport\vexere_transport.json
2026-09-26 16:34:12,059 | INFO     | ======================================================================
2026-09-26 16:34:12,060 | INFO     | CRAWLER HOÀN TẤT
2026-09-26 16:34:12,060 | INFO     | Tổng route: 48
2026-09-26 16:34:12,060 | INFO     | Tổng records: 225
2026-09-26 16:34:12,061 | INFO     |   - bus: 200
2026-09-26 16:34:12,061 | INFO     |   - flight: 16
2026-09-26 16:34:12,061 | INFO     |   - train: 9
2026-09-26 16:34:12,062 | INFO     | Output: D:\TIỂU LUẬN CHUYÊN NGÀNH\TLCN-Travel\ingestion\transport\data\raw\transport\vexere_transport.json
2026-09-26 16:34:12,063 | INFO     | Debug HTML (nếu fail): D:\TIỂU LUẬN CHUYÊN NGÀNH\TLCN-Travel\ingestion\transport\logs\debug_html
2026-09-26 16:34:12,063 | INFO     | ======================================================================
2026-09-26 16:54:51,123 | INFO     | ======================================================================
2026-09-26 16:54:51,124 | INFO     | VEXERE TRANSPORT CRAWLER (fixed)
2026-09-26 16:54:51,124 | INFO     | Ngày crawl: 27-09-2026 (ngày MAI)
2026-09-26 16:54:51,125 | INFO     | Max: 10 chuyến / tuyến
2026-09-26 16:54:51,125 | INFO     | ======================================================================
2026-09-26 16:54:51,126 | INFO     | Đã đọc 123 tuyến từ CSV
2026-09-26 16:54:58,412 | INFO     | ======================================================================
2026-09-26 16:54:58,412 | INFO     | ROUTE 1/123: Hồ Chí Minh -> Vũng Tàu [bus]
2026-09-26 16:54:58,412 | INFO     | URL: https://vexere.com/vi-VN/ve-xe-khach-tu-sai-gon-di-vung-tau-ba-ria-vung-tau-129t2131.html?date=27-09-2026&lt=1
2026-09-26 16:55:06,919 | INFO     | Ticket ban đầu: 20
2026-09-26 16:55:06,931 | INFO     | Ticket hiện tại: 20/10
2026-09-26 16:55:06,955 | INFO     | Tổng ticket cuối: 20
2026-09-26 16:55:07,001 | INFO     | Tìm thấy 20 ticket bus
2026-09-26 16:55:07,480 | INFO     | [1] Hoa Mai | Ghế ngồi 16 chỗ | 11:00 -> 13:25 | 170,000 VND
2026-09-26 16:55:07,864 | INFO     | [2] Anh Quốc Limousine | Limousine 9 chỗ | 20:30 -> 22:50 | 210,000 VND
2026-09-26 16:55:08,161 | INFO     | [3] Huy Hoàng | Limousine 9 chỗ | 09:30 -> 11:50 | 200,000 VND
2026-09-26 16:55:08,575 | INFO     | [4] Bến Thành Travel | Limousine 9 chỗ | 09:30 -> 11:05 | 310,000 VND
2026-09-26 16:55:09,054 | INFO     | [5] Phương Trang | Ghế ngồi 28 chỗ | 08:30 -> 12:00 | 170,000 VND
2026-09-26 16:55:09,316 | INFO     | [6] Thành Vinh (Vũng Tàu) | Limousine 9 chỗ | 11:10 -> 13:30 | 210,000 VND
2026-09-26 16:55:09,467 | INFO     | [7] Hồng Minh Travel | Ghế ngồi 7 chỗ | 06:00 -> 09:00 | 160,000 VND
2026-09-26 16:55:09,743 | INFO     | [8] Toàn Thắng - Vũng Tàu | Ghế ngồi 16 chỗ | 13:30 -> 16:30 | 180,000 VND
2026-09-26 16:55:10,061 | INFO     | [9] Hải Vân Vũng Tàu | Limousine 9 chỗ | 08:30 -> 11:25 | 230,000 VND
2026-09-26 16:55:10,349 | INFO     | [10] Hoa Mai | Limousine 9 chỗ | 07:30 -> 09:55 | 220,000 VND
2026-09-26 16:55:10,349 | INFO     | Hoàn thành Hồ Chí Minh -> Vũng Tàu [bus]: 10 records
2026-09-26 16:55:13,350 | INFO     | ======================================================================
2026-09-26 16:55:13,351 | INFO     | ROUTE 2/123: Hồ Chí Minh -> Bà Rịa [bus]
2026-09-26 16:55:13,351 | INFO     | URL: https://vexere.com/vi-VN/ve-xe-khach-tu-sai-gon-di-ba-ria-ba-ria-vung-tau-129t2132.html?date=27-09-2026&lt=1
2026-09-26 16:55:20,101 | WARNING  | Hồ Chí Minh -> Bà Rịa: Không tìm thấy ticket (có thể hết chuyến ngày 27-09-2026 hoặc URL sai)
2026-09-26 16:55:20,206 | INFO     | Đã lưu HTML debug: D:\TIỂU LUẬN CHUYÊN NGÀNH\TLCN-Travel\ingestion\transport\logs\debug_html\Hồ_Chí_Minh_Bà_Rịa.html
2026-09-26 16:55:23,207 | INFO     | ======================================================================
2026-09-26 16:55:23,207 | INFO     | ROUTE 3/123: Hồ Chí Minh -> Biên Hòa [bus]
2026-09-26 16:55:23,207 | INFO     | URL: https://vexere.com/vi-VN/ve-xe-khach-tu-sai-gon-di-bien-hoa-dong-nai-129t751.html?date=27-09-2026&lt=1
2026-09-26 16:55:33,518 | INFO     | Ticket ban đầu: 20
2026-09-26 16:55:33,529 | INFO     | Ticket hiện tại: 20/10
2026-09-26 16:55:33,550 | INFO     | Tổng ticket cuối: 20
2026-09-26 16:55:33,565 | INFO     | Tìm thấy 20 ticket bus
2026-09-26 16:55:34,001 | INFO     | [1] Hoa Mai | Limousine 9 chỗ | 11:30 -> 14:05 | 230,000 VND
2026-09-26 16:55:34,225 | INFO     | [2] Huệ Nghĩa Limousine | Ghế ngồi 16 chỗ | 22:32 -> 23:20 | 130,000 VND
2026-09-26 16:55:34,485 | INFO     | [3] Toàn Thắng - Vũng Tàu | Ghế ngồi 16 chỗ | 14:30 -> 17:00 | 170,000 VND
2026-09-26 16:55:34,664 | INFO     | [4] Hoa Mai | Ghế ngồi 16 chỗ | 13:00 -> 15:10 | 180,000 VND
2026-09-26 16:55:34,745 | INFO     | [5] Hoa Mai | Ghế ngồi 16 chỗ | 05:30 -> 07:40 | 180,000 VND
2026-09-26 16:55:35,089 | INFO     | [6] Huệ Nghĩa Limousine | Ghế ngồi 16 chỗ | 15:02 -> 15:50 | 130,000 VND
2026-09-26 16:55:35,266 | INFO     | [7] Huệ Nghĩa Limousine | Ghế ngồi 16 chỗ | 14:32 -> 15:20 | 130,000 VND
2026-09-26 16:55:35,639 | INFO     | [8] Toàn Thắng - Vũng Tàu | Limousine 9 chỗ | 13:00 -> 15:30 | 220,000 VND
2026-09-26 16:55:35,863 | INFO     | [9] Toàn Thắng - Vũng Tàu | Ghế ngồi 16 chỗ | 07:30 -> 10:00 | 170,000 VND
2026-09-26 16:55:36,129 | INFO     | [10] Hoa Mai | Ghế ngồi 16 chỗ | 15:00 -> 17:40 | 180,000 VND
2026-09-26 16:55:36,129 | INFO     | Hoàn thành Hồ Chí Minh -> Biên Hòa [bus]: 10 records
2026-09-26 16:55:39,130 | INFO     | ======================================================================
2026-09-26 16:55:39,131 | INFO     | ROUTE 4/123: Hồ Chí Minh -> Đồng Nai [bus]
2026-09-26 16:55:39,131 | INFO     | URL: https://vexere.com/vi-VN/ve-xe-khach-tu-sai-gon-di-dong-nai-129t75.html?date=27-09-2026&lt=1
2026-09-26 16:55:47,333 | WARNING  | Hồ Chí Minh -> Đồng Nai: Không tìm thấy ticket (có thể hết chuyến ngày 27-09-2026 hoặc URL sai)
2026-09-26 16:55:47,420 | INFO     | Đã lưu HTML debug: D:\TIỂU LUẬN CHUYÊN NGÀNH\TLCN-Travel\ingestion\transport\logs\debug_html\Hồ_Chí_Minh_Đồng_Nai.html
2026-09-26 16:55:50,421 | INFO     | ======================================================================
2026-09-26 16:55:50,421 | INFO     | ROUTE 5/123: Hồ Chí Minh -> Long Khánh [bus]
2026-09-26 16:55:50,422 | INFO     | URL: https://vexere.com/vi-VN/ve-xe-khach-tu-sai-gon-di-long-khanh-dong-nai-129t752.html?date=27-09-2026&lt=1
2026-09-26 16:56:00,981 | WARNING  | Hồ Chí Minh -> Long Khánh: Không tìm thấy ticket (có thể hết chuyến ngày 27-09-2026 hoặc URL sai)
2026-09-26 16:56:01,099 | INFO     | Đã lưu HTML debug: D:\TIỂU LUẬN CHUYÊN NGÀNH\TLCN-Travel\ingestion\transport\logs\debug_html\Hồ_Chí_Minh_Long_Khánh.html
2026-09-26 16:56:04,100 | INFO     | ======================================================================
2026-09-26 16:56:04,100 | INFO     | ROUTE 6/123: Hồ Chí Minh -> Bình Dương [bus]
2026-09-26 16:56:04,100 | INFO     | URL: https://vexere.com/vi-VN/ve-xe-khach-tu-sai-gon-di-binh-duong-129t74.html?date=27-09-2026&lt=1
2026-09-26 16:56:12,753 | WARNING  | Hồ Chí Minh -> Bình Dương: Không tìm thấy ticket (có thể hết chuyến ngày 27-09-2026 hoặc URL sai)
2026-09-26 16:56:12,854 | INFO     | Đã lưu HTML debug: D:\TIỂU LUẬN CHUYÊN NGÀNH\TLCN-Travel\ingestion\transport\logs\debug_html\Hồ_Chí_Minh_Bình_Dương.html
2026-09-26 16:56:15,855 | INFO     | ======================================================================
2026-09-26 16:56:15,856 | INFO     | ROUTE 7/123: Hồ Chí Minh -> Thủ Dầu Một [bus]
2026-09-26 16:56:15,856 | INFO     | URL: https://vexere.com/vi-VN/ve-xe-khach-tu-sai-gon-di-thu-dau-mot-binh-duong-129t741.html?date=27-09-2026&lt=1
2026-09-26 16:56:25,393 | WARNING  | Hồ Chí Minh -> Thủ Dầu Một: Không tìm thấy ticket (có thể hết chuyến ngày 27-09-2026 hoặc URL sai)
2026-09-26 16:56:25,506 | INFO     | Đã lưu HTML debug: D:\TIỂU LUẬN CHUYÊN NGÀNH\TLCN-Travel\ingestion\transport\logs\debug_html\Hồ_Chí_Minh_Thủ_Dầu_Một.html
2026-09-26 16:56:28,507 | INFO     | ======================================================================
2026-09-26 16:56:28,507 | INFO     | ROUTE 8/123: Hồ Chí Minh -> Tây Ninh [bus]
2026-09-26 16:56:28,508 | INFO     | URL: https://vexere.com/vi-VN/ve-xe-khach-tu-sai-gon-di-tay-ninh-129t70.html?date=27-09-2026&lt=1
2026-09-26 16:56:37,776 | WARNING  | Hồ Chí Minh -> Tây Ninh: Không tìm thấy ticket (có thể hết chuyến ngày 27-09-2026 hoặc URL sai)
2026-09-26 16:56:37,856 | INFO     | Đã lưu HTML debug: D:\TIỂU LUẬN CHUYÊN NGÀNH\TLCN-Travel\ingestion\transport\logs\debug_html\Hồ_Chí_Minh_Tây_Ninh.html
2026-09-26 16:56:40,856 | INFO     | ======================================================================
2026-09-26 16:56:40,857 | INFO     | ROUTE 9/123: Hồ Chí Minh -> Bình Phước [bus]
2026-09-26 16:56:40,857 | INFO     | URL: https://vexere.com/vi-VN/ve-xe-khach-tu-sai-gon-di-binh-phuoc-129t70.html?date=27-09-2026&lt=1
2026-09-26 16:56:49,280 | WARNING  | Hồ Chí Minh -> Bình Phước: Không tìm thấy ticket (có thể hết chuyến ngày 27-09-2026 hoặc URL sai)
2026-09-26 16:56:49,411 | INFO     | Đã lưu HTML debug: D:\TIỂU LUẬN CHUYÊN NGÀNH\TLCN-Travel\ingestion\transport\logs\debug_html\Hồ_Chí_Minh_Bình_Phước.html
2026-09-26 16:56:52,412 | INFO     | ======================================================================
2026-09-26 16:56:52,412 | INFO     | ROUTE 10/123: Hồ Chí Minh -> Long An [bus]
2026-09-26 16:56:52,413 | INFO     | URL: https://vexere.com/vi-VN/ve-xe-khach-tu-sai-gon-di-long-an-129t80.html?date=27-09-2026&lt=1
2026-09-26 16:57:00,704 | WARNING  | Hồ Chí Minh -> Long An: Không tìm thấy ticket (có thể hết chuyến ngày 27-09-2026 hoặc URL sai)
2026-09-26 16:57:00,805 | INFO     | Đã lưu HTML debug: D:\TIỂU LUẬN CHUYÊN NGÀNH\TLCN-Travel\ingestion\transport\logs\debug_html\Hồ_Chí_Minh_Long_An.html
2026-09-26 16:57:03,805 | INFO     | ======================================================================
2026-09-26 16:57:03,806 | INFO     | ROUTE 11/123: Hồ Chí Minh -> Tân An [bus]
2026-09-26 16:57:03,806 | INFO     | URL: https://vexere.com/vi-VN/ve-xe-khach-tu-sai-gon-di-tan-an-long-an-129t801.html?date=27-09-2026&lt=1
2026-09-26 16:57:12,849 | WARNING  | Hồ Chí Minh -> Tân An: Không tìm thấy ticket (có thể hết chuyến ngày 27-09-2026 hoặc URL sai)
2026-09-26 16:57:12,932 | INFO     | Đã lưu HTML debug: D:\TIỂU LUẬN CHUYÊN NGÀNH\TLCN-Travel\ingestion\transport\logs\debug_html\Hồ_Chí_Minh_Tân_An.html
2026-09-26 16:57:15,932 | INFO     | ======================================================================
2026-09-26 16:57:15,933 | INFO     | ROUTE 12/123: Hồ Chí Minh -> Tiền Giang [bus]
2026-09-26 16:57:15,933 | INFO     | URL: https://vexere.com/vi-VN/ve-xe-khach-tu-sai-gon-di-tien-giang-129t82.html?date=27-09-2026&lt=1
2026-09-26 16:57:27,187 | INFO     | Ticket ban đầu: 3
2026-09-26 16:57:27,197 | INFO     | Ticket hiện tại: 3/10
2026-09-26 16:57:27,278 | INFO     | Không còn nút 'Xem thêm chuyến'
2026-09-26 16:57:27,285 | INFO     | Tổng ticket cuối: 3
2026-09-26 16:57:27,306 | INFO     | Tìm thấy 3 ticket bus
2026-09-26 16:57:27,768 | INFO     | [1] Vương Chi HP | Limousine 22 phòng VIP | 03:30 -> 04:30 | 1 VND
2026-09-26 16:57:27,959 | INFO     | [2] Vương Chi HP | Limousine 22 phòng VIP | 03:30 -> 05:20 | 1 VND
2026-09-26 16:57:28,125 | INFO     | [3] Vương Chi HP | Limousine 22 phòng VIP | 03:30 -> 04:00 | 1 VND
2026-09-26 16:57:28,125 | INFO     | Hoàn thành Hồ Chí Minh -> Tiền Giang [bus]: 3 records
2026-09-26 16:57:31,126 | INFO     | ======================================================================
2026-09-26 16:57:31,126 | INFO     | ROUTE 13/123: Hồ Chí Minh -> Mỹ Tho [bus]
2026-09-26 16:57:31,126 | INFO     | URL: https://vexere.com/vi-VN/ve-xe-khach-tu-sai-gon-di-my-tho-tien-giang-129t821.html?date=27-09-2026&lt=1
2026-09-26 16:57:41,597 | INFO     | Ticket ban đầu: 20
2026-09-26 16:57:41,607 | INFO     | Ticket hiện tại: 20/10
2026-09-26 16:57:41,621 | INFO     | Tổng ticket cuối: 20
2026-09-26 16:57:41,631 | INFO     | Tìm thấy 20 ticket bus
2026-09-26 16:57:41,913 | INFO     | [1] Minh Đức (Huế) | Limousine 32 phòng (WC) | 05:30 -> 01:30 | 580,000 VND
2026-09-26 16:57:42,097 | INFO     | [2] Quang Dũng VIP Limousine | Limousine 22 phòng (Có WC) | 10:30 -> 05:30 | 1,000,000 VND
2026-09-26 16:57:42,222 | INFO     | [3] Phi Long (Mậu Hường) | Giường nằm 40 chỗ | 05:45 -> 02:20 | 500,000 VND
2026-09-26 16:57:42,741 | INFO     | [4] Minh Đức (Huế) | Limousine 32 phòng (WC) | 06:30 -> 01:30 | 580,000 VND
2026-09-26 16:57:42,987 | INFO     | [5] Phi Long (Mậu Hường) | Giường nằm 40 chỗ | 06:15 -> 02:20 | 500,000 VND
2026-09-26 16:57:43,360 | INFO     | [6] Quang Dũng VIP Limousine | Limousine 22 phòng (Có WC) | 11:00 -> 05:30 | 1,000,000 VND
2026-09-26 16:57:43,654 | INFO     | [7] Quang Dũng VIP Limousine | Giường phòng 32 chỗ (Có WC) | 07:00 -> 02:00 | 750,000 VND
2026-09-26 16:57:43,856 | INFO     | [8] Quang Dũng VIP Limousine | Giường phòng 32 chỗ (Có WC) | 07:30 -> 02:00 | 750,000 VND
2026-09-26 16:57:44,057 | INFO     | [9] Quang Dũng VIP Limousine | Limousine 22 phòng (Có WC) | 11:00 -> 05:50 | 850,000 VND
2026-09-26 16:57:44,146 | INFO     | [10] Tân Quang Dũng | Limousine 32 phòng (WC) | 11:00 -> 10:30 | 630,000 VND
2026-09-26 16:57:44,146 | INFO     | Hoàn thành Hồ Chí Minh -> Mỹ Tho [bus]: 10 records
2026-09-26 16:57:47,147 | INFO     | ======================================================================
2026-09-26 16:57:47,147 | INFO     | ROUTE 14/123: Hồ Chí Minh -> Bến Tre [bus]
2026-09-26 16:57:47,147 | INFO     | URL: https://vexere.com/vi-VN/ve-xe-khach-tu-sai-gon-di-ben-tre-129t83.html?date=27-09-2026&lt=1
2026-09-26 16:57:55,950 | WARNING  | Hồ Chí Minh -> Bến Tre: Không tìm thấy ticket (có thể hết chuyến ngày 27-09-2026 hoặc URL sai)
2026-09-26 16:57:56,035 | INFO     | Đã lưu HTML debug: D:\TIỂU LUẬN CHUYÊN NGÀNH\TLCN-Travel\ingestion\transport\logs\debug_html\Hồ_Chí_Minh_Bến_Tre.html
2026-09-26 16:57:59,036 | INFO     | ======================================================================
2026-09-26 16:57:59,037 | INFO     | ROUTE 15/123: Hồ Chí Minh -> Trà Vinh [bus]
2026-09-26 16:57:59,037 | INFO     | URL: https://vexere.com/vi-VN/ve-xe-khach-tu-sai-gon-di-tra-vinh-129t84.html?date=27-09-2026&lt=1
2026-09-26 16:58:06,268 | WARNING  | Hồ Chí Minh -> Trà Vinh: Không tìm thấy ticket (có thể hết chuyến ngày 27-09-2026 hoặc URL sai)
2026-09-26 16:58:06,338 | INFO     | Đã lưu HTML debug: D:\TIỂU LUẬN CHUYÊN NGÀNH\TLCN-Travel\ingestion\transport\logs\debug_html\Hồ_Chí_Minh_Trà_Vinh.html
2026-09-26 16:58:09,338 | INFO     | ======================================================================
2026-09-26 16:58:09,339 | INFO     | ROUTE 16/123: Hồ Chí Minh -> Vĩnh Long [bus]
2026-09-26 16:58:09,339 | INFO     | URL: https://vexere.com/vi-VN/ve-xe-khach-tu-sai-gon-di-vinh-long-129t86.html?date=27-09-2026&lt=1
2026-09-26 16:58:17,193 | WARNING  | Hồ Chí Minh -> Vĩnh Long: Không tìm thấy ticket (có thể hết chuyến ngày 27-09-2026 hoặc URL sai)
2026-09-26 16:58:17,261 | INFO     | Đã lưu HTML debug: D:\TIỂU LUẬN CHUYÊN NGÀNH\TLCN-Travel\ingestion\transport\logs\debug_html\Hồ_Chí_Minh_Vĩnh_Long.html
2026-09-26 16:58:20,262 | INFO     | ======================================================================
2026-09-26 16:58:20,262 | INFO     | ROUTE 17/123: Hồ Chí Minh -> Đồng Tháp [bus]
2026-09-26 16:58:20,262 | INFO     | URL: https://vexere.com/vi-VN/ve-xe-khach-tu-sai-gon-di-dong-thap-129t87.html?date=27-09-2026&lt=1
2026-09-26 16:58:28,992 | WARNING  | Hồ Chí Minh -> Đồng Tháp: Không tìm thấy ticket (có thể hết chuyến ngày 27-09-2026 hoặc URL sai)
2026-09-26 16:58:29,118 | INFO     | Đã lưu HTML debug: D:\TIỂU LUẬN CHUYÊN NGÀNH\TLCN-Travel\ingestion\transport\logs\debug_html\Hồ_Chí_Minh_Đồng_Tháp.html
2026-09-26 16:58:32,119 | INFO     | ======================================================================
2026-09-26 16:58:32,119 | INFO     | ROUTE 18/123: Hồ Chí Minh -> Cao Lãnh [bus]
2026-09-26 16:58:32,119 | INFO     | URL: https://vexere.com/vi-VN/ve-xe-khach-tu-sai-gon-di-cao-lanh-dong-thap-129t871.html?date=27-09-2026&lt=1
2026-09-26 16:58:43,164 | INFO     | Ticket ban đầu: 20
2026-09-26 16:58:43,173 | INFO     | Ticket hiện tại: 20/10
2026-09-26 16:58:43,185 | INFO     | Tổng ticket cuối: 20
2026-09-26 16:58:43,193 | INFO     | Tìm thấy 20 ticket bus
2026-09-26 16:58:43,395 | INFO     | [1] Chí Dũng | Ghế ngồi 16 chỗ | 18:00 -> 20:30 | 120,000 VND
2026-09-26 16:58:43,728 | INFO     | [2] Tiến Đạt (Bến Tre) | Ghế ngồi 16 chỗ | 07:00 -> 09:50 | 120,000 VND
2026-09-26 16:58:43,988 | INFO     | [3] Phương Trang | Limousine giường nằm 34 chỗ | 16:00 -> 20:00 | 170,000 VND
2026-09-26 16:58:44,296 | INFO     | [4] Kim Anh (Bến Tre) | Ghế ngồi 16 chỗ | 13:00 -> 15:45 | 140,000 VND
2026-09-26 16:58:44,554 | INFO     | [5] Kim Hoàng | Giường Nằm 41 chỗ | 08:00 -> 10:00 | 160,000 VND
2026-09-26 16:58:44,831 | INFO     | [6] Phát Tài | Giường nằm 41 chỗ | 18:30 -> 22:15 | 13 VND
2026-09-26 16:58:45,158 | INFO     | [7] Tân Thanh Thuỷ | Giường nằm 45 chỗ (TV) | 12:00 -> 13:50 | 120,000 VND
2026-09-26 16:58:45,335 | INFO     | [8] Tân Niên | Limousine Phòng Đôi 24 chỗ | 22:45 -> 00:30 | 210,000 VND
2026-09-26 16:58:45,821 | INFO     | [9] Tiến Đạt (Bến Tre) | Ghế ngồi 16 chỗ | 08:30 -> 10:30 | 120,000 VND
2026-09-26 16:58:46,088 | INFO     | [10] Tiến Đạt (Bến Tre) | Ghế ngồi 16 chỗ | 18:30 -> 20:30 | 120,000 VND
2026-09-26 16:58:46,088 | INFO     | Hoàn thành Hồ Chí Minh -> Cao Lãnh [bus]: 10 records
2026-09-26 16:58:49,089 | INFO     | ======================================================================
2026-09-26 16:58:49,089 | INFO     | ROUTE 19/123: Hồ Chí Minh -> Sa Đéc [bus]
2026-09-26 16:58:49,090 | INFO     | URL: https://vexere.com/vi-VN/ve-xe-khach-tu-sai-gon-di-sa-dec-dong-thap-129t872.html?date=27-09-2026&lt=1
2026-09-26 16:58:59,723 | WARNING  | Hồ Chí Minh -> Sa Đéc: Không tìm thấy ticket (có thể hết chuyến ngày 27-09-2026 hoặc URL sai)
2026-09-26 16:58:59,799 | INFO     | Đã lưu HTML debug: D:\TIỂU LUẬN CHUYÊN NGÀNH\TLCN-Travel\ingestion\transport\logs\debug_html\Hồ_Chí_Minh_Sa_Đéc.html
2026-09-26 16:59:02,799 | INFO     | ======================================================================
2026-09-26 16:59:02,800 | INFO     | ROUTE 20/123: Hồ Chí Minh -> An Giang [bus]
2026-09-26 16:59:02,800 | INFO     | URL: https://vexere.com/vi-VN/ve-xe-khach-tu-sai-gon-di-an-giang-129t89.html?date=27-09-2026&lt=1
2026-09-26 16:59:11,437 | WARNING  | Hồ Chí Minh -> An Giang: Không tìm thấy ticket (có thể hết chuyến ngày 27-09-2026 hoặc URL sai)
2026-09-26 16:59:11,519 | INFO     | Đã lưu HTML debug: D:\TIỂU LUẬN CHUYÊN NGÀNH\TLCN-Travel\ingestion\transport\logs\debug_html\Hồ_Chí_Minh_An_Giang.html
2026-09-26 16:59:14,519 | INFO     | ======================================================================
2026-09-26 16:59:14,520 | INFO     | ROUTE 21/123: Hồ Chí Minh -> Long Xuyên [bus]
2026-09-26 16:59:14,520 | INFO     | URL: https://vexere.com/vi-VN/ve-xe-khach-tu-sai-gon-di-long-xuyen-an-giang-129t891.html?date=27-09-2026&lt=1
2026-09-26 16:59:24,597 | INFO     | Ticket ban đầu: 20
2026-09-26 16:59:24,632 | INFO     | Ticket hiện tại: 20/10
2026-09-26 16:59:24,645 | INFO     | Tổng ticket cuối: 20
2026-09-26 16:59:24,668 | INFO     | Tìm thấy 20 ticket bus
2026-09-26 16:59:24,935 | INFO     | [1] Phương Anh (Phan Thiết) | Giường nằm 40 chỗ | 08:00 -> 08:00 | 180,000 VND
2026-09-26 16:59:25,152 | INFO     | [2] Hoàng Yến Logistics | Ghế ngồi 16 chỗ | 19:05 -> 20:20 | 170,000 VND
2026-09-26 16:59:25,428 | INFO     | [3] Toàn Thắng - Vũng Tàu | Ghế ngồi 16 chỗ | 17:00 -> 20:30 | 160,000 VND
2026-09-26 16:59:25,597 | INFO     | [4] Petro Bình Phước | Solati Limousine 10 chỗ | 09:30 -> 11:30 | 230,000 VND
2026-09-26 16:59:25,699 | INFO     | [5] Thịnh Phát Xanh | Ghế 7 chỗ ngồi | 06:00 -> 10:00 | 297,500 VND
2026-09-26 16:59:25,870 | INFO     | [6] Tuấn Hiệp | Limousine 22 phòng đôi | 17:00 -> 19:30 | 22 VND
2026-09-26 16:59:26,267 | INFO     | [7] Trường Thịnh Limousine | Limousine 11 chỗ | 19:00 -> 19:30 | 120,000 VND
2026-09-26 16:59:26,553 | INFO     | [8] Hoàng Yến Logistics | Ghế ngồi 16 chỗ | 17:00 -> 18:15 | 170,000 VND
2026-09-26 16:59:26,730 | INFO     | [9] Hoàng Yến Logistics | Ghế ngồi 16 chỗ | 19:32 -> 20:17 | 150,000 VND
2026-09-26 16:59:27,030 | INFO     | [10] Toàn Thắng - Vũng Tàu | Ghế ngồi 16 chỗ | 15:00 -> 18:30 | 160,000 VND
2026-09-26 16:59:27,030 | INFO     | Hoàn thành Hồ Chí Minh -> Long Xuyên [bus]: 10 records
2026-09-26 16:59:30,031 | INFO     | ======================================================================
2026-09-26 16:59:30,031 | INFO     | ROUTE 22/123: Hồ Chí Minh -> Châu Đốc [bus]
2026-09-26 16:59:30,032 | INFO     | URL: https://vexere.com/vi-VN/ve-xe-khach-tu-sai-gon-di-chau-doc-an-giang-129t892.html?date=27-09-2026&lt=1
2026-09-26 16:59:37,769 | WARNING  | Hồ Chí Minh -> Châu Đốc: Không tìm thấy ticket (có thể hết chuyến ngày 27-09-2026 hoặc URL sai)
2026-09-26 16:59:37,858 | INFO     | Đã lưu HTML debug: D:\TIỂU LUẬN CHUYÊN NGÀNH\TLCN-Travel\ingestion\transport\logs\debug_html\Hồ_Chí_Minh_Châu_Đốc.html
2026-09-26 16:59:40,859 | INFO     | ======================================================================
2026-09-26 16:59:40,859 | INFO     | ROUTE 23/123: Hồ Chí Minh -> Kiên Giang [bus]
2026-09-26 16:59:40,860 | INFO     | URL: https://vexere.com/vi-VN/ve-xe-khach-tu-sai-gon-di-kien-giang-129t91.html?date=27-09-2026&lt=1
2026-09-26 16:59:49,631 | WARNING  | Hồ Chí Minh -> Kiên Giang: Không tìm thấy ticket (có thể hết chuyến ngày 27-09-2026 hoặc URL sai)
2026-09-26 16:59:49,737 | INFO     | Đã lưu HTML debug: D:\TIỂU LUẬN CHUYÊN NGÀNH\TLCN-Travel\ingestion\transport\logs\debug_html\Hồ_Chí_Minh_Kiên_Giang.html
2026-09-26 16:59:52,738 | INFO     | ======================================================================
2026-09-26 16:59:52,739 | INFO     | ROUTE 24/123: Hồ Chí Minh -> Rạch Giá [bus]
2026-09-26 16:59:52,739 | INFO     | URL: https://vexere.com/vi-VN/ve-xe-khach-tu-sai-gon-di-rach-gia-kien-giang-129t911.html?date=27-09-2026&lt=1
2026-09-26 17:00:03,175 | INFO     | Ticket ban đầu: 20
2026-09-26 17:00:03,187 | INFO     | Ticket hiện tại: 20/10
2026-09-26 17:00:03,199 | INFO     | Tổng ticket cuối: 20
2026-09-26 17:00:03,213 | INFO     | Tìm thấy 20 ticket bus
2026-09-26 17:00:03,524 | INFO     | [1] Hoa Mai | Ghế ngồi 10 chỗ | 12:30 -> 14:45 | 180,000 VND
2026-09-26 17:00:03,819 | INFO     | [2] Hoa Mai | Ghế ngồi 10 chỗ | 07:00 -> 09:15 | 180,000 VND
2026-09-26 17:00:04,196 | INFO     | [3] Hoa Mai | Ghế ngồi 10 chỗ | 12:00 -> 14:15 | 180,000 VND
2026-09-26 17:00:04,432 | INFO     | [4] Hoa Mai | Ghế ngồi 10 chỗ | 11:00 -> 13:15 | 180,000 VND
2026-09-26 17:00:04,674 | INFO     | [5] Hoa Mai | Ghế ngồi 10 chỗ | 05:00 -> 07:15 | 180,000 VND
2026-09-26 17:00:04,801 | INFO     | [6] Hoa Mai | Ghế ngồi 10 chỗ | 16:00 -> 18:15 | 180,000 VND
2026-09-26 17:00:04,878 | INFO     | [7] Hoa Mai | Ghế ngồi 10 chỗ | 14:00 -> 15:45 | 180,000 VND
2026-09-26 17:00:05,011 | INFO     | [8] Hoa Mai | Ghế ngồi 10 chỗ | 06:00 -> 08:15 | 180,000 VND
2026-09-26 17:00:05,182 | INFO     | [9] Hoa Mai | Ghế ngồi 10 chỗ | 17:00 -> 19:15 | 180,000 VND
2026-09-26 17:00:05,424 | INFO     | [10] Hoa Mai | Ghế ngồi 10 chỗ | 15:00 -> 17:15 | 180,000 VND
2026-09-26 17:00:05,424 | INFO     | Hoàn thành Hồ Chí Minh -> Rạch Giá [bus]: 10 records
2026-09-26 17:00:08,425 | INFO     | ======================================================================
2026-09-26 17:00:08,426 | INFO     | ROUTE 25/123: Hồ Chí Minh -> Hà Tiên [bus]
2026-09-26 17:00:08,426 | INFO     | URL: https://vexere.com/vi-VN/ve-xe-khach-tu-sai-gon-di-ha-tien-kien-giang-129t912.html?date=27-09-2026&lt=1
2026-09-26 17:00:18,568 | WARNING  | Hồ Chí Minh -> Hà Tiên: Không tìm thấy ticket (có thể hết chuyến ngày 27-09-2026 hoặc URL sai)
2026-09-26 17:00:18,662 | INFO     | Đã lưu HTML debug: D:\TIỂU LUẬN CHUYÊN NGÀNH\TLCN-Travel\ingestion\transport\logs\debug_html\Hồ_Chí_Minh_Hà_Tiên.html
2026-09-26 17:00:21,662 | INFO     | ======================================================================
2026-09-26 17:00:21,663 | INFO     | ROUTE 26/123: Hồ Chí Minh -> Cần Thơ [bus]
2026-09-26 17:00:21,663 | INFO     | URL: https://vexere.com/vi-VN/ve-xe-khach-tu-sai-gon-di-can-tho-129t13.html?date=27-09-2026&lt=1
2026-09-26 17:00:29,846 | WARNING  | Hồ Chí Minh -> Cần Thơ: Không tìm thấy ticket (có thể hết chuyến ngày 27-09-2026 hoặc URL sai)
2026-09-26 17:00:29,936 | INFO     | Đã lưu HTML debug: D:\TIỂU LUẬN CHUYÊN NGÀNH\TLCN-Travel\ingestion\transport\logs\debug_html\Hồ_Chí_Minh_Cần_Thơ.html
2026-09-26 17:00:32,948 | INFO     | ======================================================================
2026-09-26 17:00:32,948 | INFO     | ROUTE 27/123: Hồ Chí Minh -> Hậu Giang [bus]
2026-09-26 17:00:32,949 | INFO     | URL: https://vexere.com/vi-VN/ve-xe-khach-tu-sai-gon-di-hau-giang-129t93.html?date=27-09-2026&lt=1
2026-09-26 17:00:42,591 | WARNING  | Hồ Chí Minh -> Hậu Giang: Không tìm thấy ticket (có thể hết chuyến ngày 27-09-2026 hoặc URL sai)
2026-09-26 17:00:42,688 | INFO     | Đã lưu HTML debug: D:\TIỂU LUẬN CHUYÊN NGÀNH\TLCN-Travel\ingestion\transport\logs\debug_html\Hồ_Chí_Minh_Hậu_Giang.html
2026-09-26 17:00:45,689 | INFO     | ======================================================================
2026-09-26 17:00:45,689 | INFO     | ROUTE 28/123: Hồ Chí Minh -> Sóc Trăng [bus]
2026-09-26 17:00:45,690 | INFO     | URL: https://vexere.com/vi-VN/ve-xe-khach-tu-sai-gon-di-soc-trang-129t94.html?date=27-09-2026&lt=1
2026-09-26 17:00:54,035 | WARNING  | Hồ Chí Minh -> Sóc Trăng: Không tìm thấy ticket (có thể hết chuyến ngày 27-09-2026 hoặc URL sai)
2026-09-26 17:00:54,130 | INFO     | Đã lưu HTML debug: D:\TIỂU LUẬN CHUYÊN NGÀNH\TLCN-Travel\ingestion\transport\logs\debug_html\Hồ_Chí_Minh_Sóc_Trăng.html
2026-09-26 17:00:57,131 | INFO     | ======================================================================
2026-09-26 17:00:57,132 | INFO     | ROUTE 29/123: Hồ Chí Minh -> Bạc Liêu [bus]
2026-09-26 17:00:57,132 | INFO     | URL: https://vexere.com/vi-VN/ve-xe-khach-tu-sai-gon-di-bac-lieu-129t95.html?date=27-09-2026&lt=1
2026-09-26 17:01:06,104 | WARNING  | Hồ Chí Minh -> Bạc Liêu: Không tìm thấy ticket (có thể hết chuyến ngày 27-09-2026 hoặc URL sai)
2026-09-26 17:01:06,189 | INFO     | Đã lưu HTML debug: D:\TIỂU LUẬN CHUYÊN NGÀNH\TLCN-Travel\ingestion\transport\logs\debug_html\Hồ_Chí_Minh_Bạc_Liêu.html
2026-09-26 17:01:09,189 | INFO     | ======================================================================
2026-09-26 17:01:09,190 | INFO     | ROUTE 30/123: Hồ Chí Minh -> Cà Mau [bus]
2026-09-26 17:01:09,190 | INFO     | URL: https://vexere.com/vi-VN/ve-xe-khach-tu-sai-gon-di-ca-mau-129t96.html?date=27-09-2026&lt=1
2026-09-26 17:01:17,500 | WARNING  | Hồ Chí Minh -> Cà Mau: Không tìm thấy ticket (có thể hết chuyến ngày 27-09-2026 hoặc URL sai)
2026-09-26 17:01:17,582 | INFO     | Đã lưu HTML debug: D:\TIỂU LUẬN CHUYÊN NGÀNH\TLCN-Travel\ingestion\transport\logs\debug_html\Hồ_Chí_Minh_Cà_Mau.html
2026-09-26 17:01:20,582 | INFO     | ======================================================================
2026-09-26 17:01:20,583 | INFO     | ROUTE 31/123: Hồ Chí Minh -> Phan Thiết [bus]
2026-09-26 17:01:20,583 | INFO     | URL: https://vexere.com/vi-VN/ve-xe-khach-tu-sai-gon-di-phan-thiet-binh-thuan-129t159.html?date=27-09-2026&lt=1
2026-09-26 17:01:31,695 | INFO     | Ticket ban đầu: 20
2026-09-26 17:01:31,708 | INFO     | Ticket hiện tại: 20/10
2026-09-26 17:01:31,718 | INFO     | Tổng ticket cuối: 20
2026-09-26 17:01:31,734 | INFO     | Tìm thấy 20 ticket bus
2026-09-26 17:01:31,905 | INFO     | [1] Hảo | Giường nằm 40 chỗ | 10:55 -> 17:25 | 210,000 VND
2026-09-26 17:01:32,057 | INFO     | [2] Anh Tuấn (Bạc Liêu) | Limousine 22 phòng đơn | 11:30 -> 17:30 | 280,000 VND
2026-09-26 17:01:32,285 | INFO     | [3] Ngọc Ánh (Sài Gòn) | Giường nằm 44 chỗ | 07:00 -> 14:15 | 210,000 VND
2026-09-26 17:01:32,428 | INFO     | [4] Tuấn Hưng | Giường nằm 40 chỗ | 19:30 -> 01:30 | 200,000 VND
2026-09-26 17:01:32,618 | INFO     | [5] Phương Trang | Limousine giường nằm 34 chỗ | 02:00 -> 08:00 | 260,000 VND
2026-09-26 17:01:32,895 | INFO     | [6] Trí Nhân | Giường nằm 41 chỗ | 08:30 -> 15:02 | 210,000 VND
2026-09-26 17:01:33,132 | INFO     | [7] Tuấn Hiệp | Limousine giường nằm 36 chỗ | 18:00 -> 03:00 | 300,000 VND
2026-09-26 17:01:33,465 | INFO     | [8] Giáp Diệp | Giường nằm 40 chỗ | 16:00 -> 02:20 | 260,000 VND
2026-09-26 17:01:33,605 | INFO     | [9] Cúc Tùng | Limousine giường nằm đơn 21 chỗ (WC) | 23:00 -> 04:15 | 500,000 VND
2026-09-26 17:01:33,874 | INFO     | [10] Hảo | Giường nằm 40 chỗ | 14:45 -> 20:35 | 210,000 VND
2026-09-26 17:01:33,875 | INFO     | Hoàn thành Hồ Chí Minh -> Phan Thiết [bus]: 10 records
2026-09-26 17:01:36,875 | INFO     | ======================================================================
2026-09-26 17:01:36,876 | INFO     | ROUTE 32/123: Hồ Chí Minh -> Mũi Né [bus]
2026-09-26 17:01:36,876 | INFO     | URL: https://vexere.com/vi-VN/ve-xe-khach-tu-sai-gon-di-mui-ne-binh-thuan-129t1592.html?date=27-09-2026&lt=1
2026-09-26 17:01:46,866 | INFO     | Ticket ban đầu: 20
2026-09-26 17:01:46,877 | INFO     | Ticket hiện tại: 20/10
2026-09-26 17:01:46,899 | INFO     | Tổng ticket cuối: 20
2026-09-26 17:01:46,914 | INFO     | Tìm thấy 20 ticket bus
2026-09-26 17:01:47,221 | INFO     | [1] Mai Quyên | Limousine 34 Phòng | 11:00 -> 19:30 | 550,000 VND
2026-09-26 17:01:47,443 | INFO     | [2] Mười Phương Express | Luxury 34 phòng | 18:15 -> 01:15 | 450,000 VND
2026-09-26 17:01:47,569 | INFO     | [3] Rạng Đông Buslines | Limousine 24 Phòng VIP | 21:10 -> 05:30 | 550,000 VND
2026-09-26 17:01:47,637 | INFO     | [4] Trọng Thủy Limousine | Limousine 24 phòng Đôi | 19:20 -> 02:05 | 490,000 VND
2026-09-26 17:01:47,725 | INFO     | [5] Thùy Trang Bình Định | Limousine 24 phòng | 17:20 -> 01:10 | 550,000 VND
2026-09-26 17:01:47,801 | INFO     | [6] Tín Phát Limousine | Limousine 24 Phòng | 17:00 -> 02:20 | 665,000 VND
2026-09-26 17:01:47,894 | INFO     | [7] Tuấn Tú Express | Luxury 34 phòng | 21:15 -> 05:30 | 540,000 VND
2026-09-26 17:01:48,039 | INFO     | [8] Trung Thành | Limousine 24 phòng | 19:41 -> 01:41 | 600,000 VND
2026-09-26 17:01:48,187 | INFO     | [9] Phong Nhung | Limousine 24 Phòng Đôi | 20:00 -> 03:55 | 24 VND
2026-09-26 17:01:48,425 | INFO     | [10] Mai Quyên | Limousine 24 Phòng | 08:30 -> 16:00 | 650,000 VND
2026-09-26 17:01:48,425 | INFO     | Hoàn thành Hồ Chí Minh -> Mũi Né [bus]: 10 records
2026-09-26 17:01:51,426 | INFO     | ======================================================================
2026-09-26 17:01:51,426 | INFO     | ROUTE 33/123: Hồ Chí Minh -> Bình Thuận [bus]
2026-09-26 17:01:51,427 | INFO     | URL: https://vexere.com/vi-VN/ve-xe-khach-tu-sai-gon-di-binh-thuan-129t15.html?date=27-09-2026&lt=1
2026-09-26 17:02:00,363 | WARNING  | Hồ Chí Minh -> Bình Thuận: Không tìm thấy ticket (có thể hết chuyến ngày 27-09-2026 hoặc URL sai)
2026-09-26 17:02:00,448 | INFO     | Đã lưu HTML debug: D:\TIỂU LUẬN CHUYÊN NGÀNH\TLCN-Travel\ingestion\transport\logs\debug_html\Hồ_Chí_Minh_Bình_Thuận.html
2026-09-26 17:02:03,448 | INFO     | ======================================================================
2026-09-26 17:02:03,449 | INFO     | ROUTE 34/123: Hồ Chí Minh -> Phan Rang [bus]
2026-09-26 17:02:03,449 | INFO     | URL: https://vexere.com/vi-VN/ve-xe-khach-tu-sai-gon-di-phan-rang-ninh-thuan-129t58.html?date=27-09-2026&lt=1
2026-09-26 17:02:11,745 | WARNING  | Hồ Chí Minh -> Phan Rang: Không tìm thấy ticket (có thể hết chuyến ngày 27-09-2026 hoặc URL sai)
2026-09-26 17:02:11,849 | INFO     | Đã lưu HTML debug: D:\TIỂU LUẬN CHUYÊN NGÀNH\TLCN-Travel\ingestion\transport\logs\debug_html\Hồ_Chí_Minh_Phan_Rang.html
2026-09-26 17:02:14,850 | INFO     | ======================================================================
2026-09-26 17:02:14,850 | INFO     | ROUTE 35/123: Hồ Chí Minh -> Ninh Thuận [bus]
2026-09-26 17:02:14,851 | INFO     | URL: https://vexere.com/vi-VN/ve-xe-khach-tu-sai-gon-di-ninh-thuan-129t58.html?date=27-09-2026&lt=1
2026-09-26 17:02:23,043 | WARNING  | Hồ Chí Minh -> Ninh Thuận: Không tìm thấy ticket (có thể hết chuyến ngày 27-09-2026 hoặc URL sai)
2026-09-26 17:02:23,143 | INFO     | Đã lưu HTML debug: D:\TIỂU LUẬN CHUYÊN NGÀNH\TLCN-Travel\ingestion\transport\logs\debug_html\Hồ_Chí_Minh_Ninh_Thuận.html
2026-09-26 17:02:26,143 | INFO     | ======================================================================
2026-09-26 17:02:26,144 | INFO     | ROUTE 36/123: Hồ Chí Minh -> Nha Trang [bus]
2026-09-26 17:02:26,144 | INFO     | URL: https://vexere.com/vi-VN/ve-xe-khach-tu-sai-gon-di-nha-trang-khanh-hoa-129t23591.html?date=27-09-2026&lt=1
2026-09-26 17:02:36,131 | INFO     | Ticket ban đầu: 20
2026-09-26 17:02:36,145 | INFO     | Ticket hiện tại: 20/10
2026-09-26 17:02:36,161 | INFO     | Tổng ticket cuối: 20
2026-09-26 17:02:36,176 | INFO     | Tìm thấy 20 ticket bus
2026-09-26 17:02:36,338 | INFO     | [1] Nhật Dương - Bình Minh Bus | Limousine 22 Phòng Đôi Luxury (WC) | 12:30 -> 19:21 | 330,000 VND
2026-09-26 17:02:36,487 | INFO     | [2] Đà Lạt ơi | Limousine 24 Phòng ĐÔI | 23:45 -> 06:15 | 400,000 VND
2026-09-26 17:02:36,680 | INFO     | [3] Phong Phú | Limousine 24 phòng đôi | 23:00 -> 06:40 | 249,000 VND
2026-09-26 17:02:36,812 | INFO     | [4] Bình Minh Tải | Limousine 32 Phòng VIP (WC) | 14:30 -> 21:15 | 250,000 VND
2026-09-26 17:02:36,965 | INFO     | [5] An Anh Limousine | Limousine 22 Phòng WC | 21:45 -> 07:00 | 429,000 VND
2026-09-26 17:02:37,079 | INFO     | [6] Nam Hải Limousine | Limousine 34 giường | 05:30 -> 12:50 | 280,000 VND
2026-09-26 17:02:37,182 | INFO     | [7] Huỳnh Gia | Giường nằm 34 chỗ (WC) | 23:00 -> 04:50 | 250,000 VND
2026-09-26 17:02:37,284 | INFO     | [8] Phúc An Express | Limousine 22 giường phòng (WC) | 20:30 -> 04:00 | 450,000 VND
2026-09-26 17:02:37,384 | INFO     | [9] Khanh Phong | Limousine 32 giường nằm (WC) | 22:20 -> 04:30 | 330,000 VND
2026-09-26 17:02:37,497 | INFO     | [10] Trọng Thủy Limousine | Limousine 24 phòng Đôi | 18:20 -> 01:00 | 520,000 VND
2026-09-26 17:02:37,498 | INFO     | Hoàn thành Hồ Chí Minh -> Nha Trang [bus]: 10 records
2026-09-26 17:02:40,498 | INFO     | ======================================================================
2026-09-26 17:02:40,499 | INFO     | ROUTE 37/123: Hồ Chí Minh -> Khánh Hòa [bus]
2026-09-26 17:02:40,500 | INFO     | URL: https://vexere.com/vi-VN/ve-xe-khach-tu-sai-gon-di-khanh-hoa-129t58.html?date=27-09-2026&lt=1
2026-09-26 17:02:49,168 | WARNING  | Hồ Chí Minh -> Khánh Hòa: Không tìm thấy ticket (có thể hết chuyến ngày 27-09-2026 hoặc URL sai)
2026-09-26 17:02:49,271 | INFO     | Đã lưu HTML debug: D:\TIỂU LUẬN CHUYÊN NGÀNH\TLCN-Travel\ingestion\transport\logs\debug_html\Hồ_Chí_Minh_Khánh_Hòa.html
2026-09-26 17:02:52,272 | INFO     | ======================================================================
2026-09-26 17:02:52,272 | INFO     | ROUTE 38/123: Hồ Chí Minh -> Cam Ranh [bus]
2026-09-26 17:02:52,272 | INFO     | URL: https://vexere.com/vi-VN/ve-xe-khach-tu-sai-gon-di-cam-ranh-khanh-hoa-129t582.html?date=27-09-2026&lt=1
2026-09-26 17:03:04,148 | INFO     | Ticket ban đầu: 4
2026-09-26 17:03:04,155 | INFO     | Ticket hiện tại: 4/10
2026-09-26 17:03:04,228 | INFO     | Không còn nút 'Xem thêm chuyến'
2026-09-26 17:03:04,239 | INFO     | Tổng ticket cuối: 4
2026-09-26 17:03:04,255 | INFO     | Tìm thấy 4 ticket bus
2026-09-26 17:03:04,458 | INFO     | [1] Trọng Thủy Limousine | Limousine 24 phòng Đôi | 17:30 -> 07:55 | 670,000 VND
2026-09-26 17:03:04,657 | INFO     | [2] Bốn Luyện Express | Limousine 24 Phòng | 10:30 -> 01:45 | 855,000 VND
2026-09-26 17:03:04,804 | INFO     | [3] Mai Quyên | Limousine 34 Phòng | 11:00 -> 23:30 | 600,000 VND
2026-09-26 17:03:04,931 | INFO     | [4] Trọng Thủy Limousine | Limousine 24 phòng Đôi | 17:30 -> 07:25 | 670,000 VND
2026-09-26 17:03:04,931 | INFO     | Hoàn thành Hồ Chí Minh -> Cam Ranh [bus]: 4 records
2026-09-26 17:03:07,932 | INFO     | ======================================================================
2026-09-26 17:03:07,932 | INFO     | ROUTE 39/123: Hồ Chí Minh -> Đà Lạt [bus]
2026-09-26 17:03:07,933 | INFO     | URL: https://vexere.com/vi-VN/ve-xe-khach-tu-sai-gon-di-da-lat-lam-dong-129t23991.html?date=27-09-2026&lt=1
2026-09-26 17:03:18,441 | INFO     | Ticket ban đầu: 20
2026-09-26 17:03:18,515 | INFO     | Ticket hiện tại: 20/10
2026-09-26 17:03:18,539 | INFO     | Tổng ticket cuối: 20
2026-09-26 17:03:18,559 | INFO     | Tìm thấy 20 ticket bus
2026-09-26 17:03:18,701 | INFO     | [1] Đà Lạt ơi | Limousine 24 Phòng ĐÔI | 23:45 -> 06:15 | 370,000 VND
2026-09-26 17:03:18,806 | INFO     | [2] Bình Minh Tải | Limousine 22 Phòng Luxury | 23:15 -> 05:51 | 350,000 VND
2026-09-26 17:03:18,960 | INFO     | [3] Phong Phú | Limousine 24 phòng đôi | 03:00 -> 08:35 | 150,000 VND
2026-09-26 17:03:19,126 | INFO     | [4] Long Vân Limousine | Limousine phòng đôi 22 chỗ (WC) | 15:00 -> 21:30 | 22 VND
2026-09-26 17:03:19,250 | INFO     | [5] Trọng Minh | Limousine 21 phòng (WC) | 23:00 -> 07:00 | 450,000 VND
2026-09-26 17:03:19,378 | INFO     | [6] An Anh Limousine | Limousine 24 Phòng Đôi | 23:30 -> 07:30 | 24 VND
2026-09-26 17:03:19,697 | INFO     | [7] Thiện Thành Limousine | Limousine 24 phòng | 01:59 -> 07:29 | 360,000 VND
2026-09-26 17:03:19,864 | INFO     | [8] Hoàng Thủy | Limousine 22 phòng (WC) | 22:29 -> 05:19 | 300,000 VND
2026-09-26 17:03:20,084 | INFO     | [9] Tư Tiến | Limousine 24 Phòng Đôi | 01:15 -> 08:30 | 315,000 VND
2026-09-26 17:03:20,195 | INFO     | [10] Tiến Oanh | Limousine 22 Phòng (WC) | 05:00 -> 12:50 | 279,000 VND
2026-09-26 17:03:20,195 | INFO     | Hoàn thành Hồ Chí Minh -> Đà Lạt [bus]: 10 records
2026-09-26 17:03:23,196 | INFO     | ======================================================================
2026-09-26 17:03:23,197 | INFO     | ROUTE 40/123: Hồ Chí Minh -> Lâm Đồng [bus]
2026-09-26 17:03:23,197 | INFO     | URL: https://vexere.com/vi-VN/ve-xe-khach-tu-sai-gon-di-lam-dong-129t23.html?date=27-09-2026&lt=1
2026-09-26 17:03:31,423 | WARNING  | Hồ Chí Minh -> Lâm Đồng: Không tìm thấy ticket (có thể hết chuyến ngày 27-09-2026 hoặc URL sai)
2026-09-26 17:03:31,520 | INFO     | Đã lưu HTML debug: D:\TIỂU LUẬN CHUYÊN NGÀNH\TLCN-Travel\ingestion\transport\logs\debug_html\Hồ_Chí_Minh_Lâm_Đồng.html
2026-09-26 17:03:34,521 | INFO     | ======================================================================
2026-09-26 17:03:34,522 | INFO     | ROUTE 41/123: Hồ Chí Minh -> Bảo Lộc [bus]
2026-09-26 17:03:34,522 | INFO     | URL: https://vexere.com/vi-VN/ve-xe-khach-tu-sai-gon-di-bao-loc-lam-dong-129t231.html?date=27-09-2026&lt=1
2026-09-26 17:03:45,213 | INFO     | Ticket ban đầu: 20
2026-09-26 17:03:45,250 | INFO     | Ticket hiện tại: 20/10
2026-09-26 17:03:45,289 | INFO     | Tổng ticket cuối: 20
2026-09-26 17:03:45,310 | INFO     | Tìm thấy 20 ticket bus
2026-09-26 17:03:45,501 | INFO     | [1] Phương Trang | Limousine giường nằm 34 chỗ | 23:30 -> 06:00 | 250,000 VND
2026-09-26 17:03:45,790 | INFO     | [2] Huệ Nghĩa | Limousine 34 Giường | 21:00 -> 03:30 | 270,000 VND
2026-09-26 17:03:45,929 | INFO     | [3] Tân Niên | Limousine Phòng Đôi 24 chỗ | 21:15 -> 03:15 | 360,000 VND
2026-09-26 17:03:46,076 | INFO     | [4] Phương Trang | Limousine giường nằm 34 chỗ | 23:30 -> 05:30 | 240,000 VND
2026-09-26 17:03:46,173 | INFO     | [5] Phương Trang | Limousine giường nằm 34 chỗ | 23:00 -> 05:00 | 240,000 VND
2026-09-26 17:03:46,350 | INFO     | [6] Huệ Nghĩa | Limousine 34 Giường | 19:30 -> 01:40 | 270,000 VND
2026-09-26 17:03:46,742 | INFO     | [7] Huệ Nghĩa | Limousine 36 giường | 10:30 -> 17:00 | 250,000 VND
2026-09-26 17:03:46,854 | INFO     | [8] Tân Niên | Limousine Phòng Đôi 24 chỗ | 21:15 -> 03:45 | 360,000 VND
2026-09-26 17:03:46,960 | INFO     | [9] Tân Niên | Limousine Phòng Đôi 24 chỗ | 21:15 -> 02:55 | 360,000 VND
2026-09-26 17:03:47,083 | INFO     | [10] Phương Trang | Limousine giường nằm 34 chỗ | 22:15 -> 07:00 | 290,000 VND
2026-09-26 17:03:47,084 | INFO     | Hoàn thành Hồ Chí Minh -> Bảo Lộc [bus]: 10 records
2026-09-26 17:03:50,084 | INFO     | ======================================================================
2026-09-26 17:03:50,085 | INFO     | ROUTE 42/123: Hồ Chí Minh -> Buôn Ma Thuột [bus]
2026-09-26 17:03:50,085 | INFO     | URL: https://vexere.com/vi-VN/ve-xe-khach-tu-sai-gon-di-buon-ma-thuot-dak-lak-129t21431.html?date=27-09-2026&lt=1
2026-09-26 17:04:00,034 | INFO     | Ticket ban đầu: 20
2026-09-26 17:04:00,065 | INFO     | Ticket hiện tại: 20/10
2026-09-26 17:04:00,081 | INFO     | Tổng ticket cuối: 20
2026-09-26 17:04:00,108 | INFO     | Tìm thấy 20 ticket bus
2026-09-26 17:04:00,461 | INFO     | [1] Hoàng Thuỷ | Limousine 22 phòng (WC) | 23:00 -> 05:15 | 350,000 VND
2026-09-26 17:04:00,758 | INFO     | [2] Long Vân Limousine | Mia Royal 22 phòng (WC) | 21:30 -> 05:25 | 2 VND
2026-09-26 17:04:00,895 | INFO     | [3] Tiến Oanh | Giường nằm 34 chỗ | 21:45 -> 05:45 | 350,000 VND
2026-09-26 17:04:01,005 | INFO     | [4] Hải Luân | Limousine 34 giường | 21:01 -> 04:26 | 330,000 VND
2026-09-26 17:04:01,157 | INFO     | [5] Cường Ny | Limousine MILIAN 22 phòng (WC) | 22:05 -> 06:45 | 1 VND
2026-09-26 17:04:01,302 | INFO     | [6] Nguyên Dịu | Limousine 34 phòng | 22:00 -> 06:50 | 350,000 VND
2026-09-26 17:04:01,406 | INFO     | [7] Tuấn Trung | Limousine 22 phòng | 19:00 -> 02:45 | 450,000 VND
2026-09-26 17:04:01,519 | INFO     | [8] Nhất Anh | Limousine 34P | 18:45 -> 02:45 | 329,000 VND
2026-09-26 17:04:01,697 | INFO     | [9] Đức Hiếu (Cư Mgar) | Giường nằm 34 phòng | 20:00 -> 04:00 | 360,000 VND
2026-09-26 17:04:01,876 | INFO     | [10] Quý Thảo (Đắk Lắk) | Limousine 24 Phòng | 21:15 -> 04:50 | 477,000 VND
2026-09-26 17:04:01,876 | INFO     | Hoàn thành Hồ Chí Minh -> Buôn Ma Thuột [bus]: 10 records
2026-09-26 17:04:04,877 | INFO     | ======================================================================
2026-09-26 17:04:04,877 | INFO     | ROUTE 43/123: Hồ Chí Minh -> Đắk Lắk [bus]
2026-09-26 17:04:04,878 | INFO     | URL: https://vexere.com/vi-VN/ve-xe-khach-tu-sai-gon-di-dak-lak-129t21.html?date=27-09-2026&lt=1
2026-09-26 17:04:14,427 | WARNING  | Hồ Chí Minh -> Đắk Lắk: Không tìm thấy ticket (có thể hết chuyến ngày 27-09-2026 hoặc URL sai)
2026-09-26 17:04:14,533 | INFO     | Đã lưu HTML debug: D:\TIỂU LUẬN CHUYÊN NGÀNH\TLCN-Travel\ingestion\transport\logs\debug_html\Hồ_Chí_Minh_Đắk_Lắk.html
2026-09-26 17:04:17,534 | INFO     | ======================================================================
2026-09-26 17:04:17,535 | INFO     | ROUTE 44/123: Hồ Chí Minh -> Đắk Nông [bus]
2026-09-26 17:04:17,536 | INFO     | URL: https://vexere.com/vi-VN/ve-xe-khach-tu-sai-gon-di-dak-nong-129t72.html?date=27-09-2026&lt=1
2026-09-26 17:04:28,285 | WARNING  | Hồ Chí Minh -> Đắk Nông: Không tìm thấy ticket (có thể hết chuyến ngày 27-09-2026 hoặc URL sai)
2026-09-26 17:04:28,375 | INFO     | Đã lưu HTML debug: D:\TIỂU LUẬN CHUYÊN NGÀNH\TLCN-Travel\ingestion\transport\logs\debug_html\Hồ_Chí_Minh_Đắk_Nông.html
2026-09-26 17:04:31,376 | INFO     | ======================================================================
2026-09-26 17:04:31,376 | INFO     | ROUTE 45/123: Hồ Chí Minh -> Gia Lai [bus]
2026-09-26 17:04:31,377 | INFO     | URL: https://vexere.com/vi-VN/ve-xe-khach-tu-sai-gon-di-gia-lai-129t27.html?date=27-09-2026&lt=1
2026-09-26 17:04:39,940 | WARNING  | Hồ Chí Minh -> Gia Lai: Không tìm thấy ticket (có thể hết chuyến ngày 27-09-2026 hoặc URL sai)
2026-09-26 17:04:40,022 | INFO     | Đã lưu HTML debug: D:\TIỂU LUẬN CHUYÊN NGÀNH\TLCN-Travel\ingestion\transport\logs\debug_html\Hồ_Chí_Minh_Gia_Lai.html
2026-09-26 17:04:43,022 | INFO     | ======================================================================
2026-09-26 17:04:43,023 | INFO     | ROUTE 46/123: Hồ Chí Minh -> Pleiku [bus]
2026-09-26 17:04:43,023 | INFO     | URL: https://vexere.com/vi-VN/ve-xe-khach-tu-sai-gon-di-pleiku-gia-lai-129t274.html?date=27-09-2026&lt=1
2026-09-26 17:04:53,426 | INFO     | Ticket ban đầu: 20
2026-09-26 17:04:53,434 | INFO     | Ticket hiện tại: 20/10
2026-09-26 17:04:53,479 | INFO     | Tổng ticket cuối: 20
2026-09-26 17:04:53,489 | INFO     | Tìm thấy 20 ticket bus
2026-09-26 17:04:53,618 | INFO     | [1] Mai Thảo | Limousine 34 phòng | 13:00 -> 18:30 | 162,000 VND
2026-09-26 17:04:53,932 | INFO     | [2] Phương Trang | Limousine giường nằm 34 chỗ | 23:00 -> 05:30 | 210,000 VND
2026-09-26 17:04:54,173 | INFO     | [3] Hiệp Thành | Limousine 34 phòng đơn | 08:00 -> 12:00 | 34 VND
2026-09-26 17:04:54,366 | INFO     | [4] Thanh Bình ĐP | Limousine 34 phòng | 14:00 -> 17:50 | 180,000 VND
2026-09-26 17:04:54,551 | INFO     | [5] Thiên Thiên Hương | Limousine 34 Phòng Đơn | 20:00 -> 02:20 | 34 VND
2026-09-26 17:04:54,775 | INFO     | [6] Phương Trang | Limousine giường nằm 34 chỗ | 08:30 -> 14:00 | 200,000 VND
2026-09-26 17:04:54,872 | INFO     | [7] Phương Trang | Limousine giường nằm 34 chỗ | 22:00 -> 03:30 | 200,000 VND
2026-09-26 17:04:54,994 | INFO     | [8] Mai Thảo | Limousine 34 phòng | 18:00 -> 23:30 | 162,000 VND
2026-09-26 17:04:55,067 | INFO     | [9] Mai Thảo | Limousine 34 phòng | 10:00 -> 15:35 | 162,000 VND
2026-09-26 17:04:55,200 | INFO     | [10] Thanh Bình ĐP | Limousine 34 phòng | 19:30 -> 23:20 | 180,000 VND
2026-09-26 17:04:55,200 | INFO     | Hoàn thành Hồ Chí Minh -> Pleiku [bus]: 10 records
2026-09-26 17:04:58,201 | INFO     | ======================================================================
2026-09-26 17:04:58,201 | INFO     | ROUTE 47/123: Hồ Chí Minh -> Kon Tum [bus]
2026-09-26 17:04:58,202 | INFO     | URL: https://vexere.com/vi-VN/ve-xe-khach-tu-sai-gon-di-kon-tum-129t28.html?date=27-09-2026&lt=1
2026-09-26 17:05:06,417 | WARNING  | Hồ Chí Minh -> Kon Tum: Không tìm thấy ticket (có thể hết chuyến ngày 27-09-2026 hoặc URL sai)
2026-09-26 17:05:06,502 | INFO     | Đã lưu HTML debug: D:\TIỂU LUẬN CHUYÊN NGÀNH\TLCN-Travel\ingestion\transport\logs\debug_html\Hồ_Chí_Minh_Kon_Tum.html
2026-09-26 17:05:09,502 | INFO     | ======================================================================
2026-09-26 17:05:09,503 | INFO     | ROUTE 48/123: Hồ Chí Minh -> Phú Yên [bus]
2026-09-26 17:05:09,503 | INFO     | URL: https://vexere.com/vi-VN/ve-xe-khach-tu-sai-gon-di-phu-yen-129t22.html?date=27-09-2026&lt=1
2026-09-26 17:05:20,204 | WARNING  | Hồ Chí Minh -> Phú Yên: Không tìm thấy ticket (có thể hết chuyến ngày 27-09-2026 hoặc URL sai)
2026-09-26 17:05:20,346 | INFO     | Đã lưu HTML debug: D:\TIỂU LUẬN CHUYÊN NGÀNH\TLCN-Travel\ingestion\transport\logs\debug_html\Hồ_Chí_Minh_Phú_Yên.html
2026-09-26 17:05:23,348 | INFO     | ======================================================================
2026-09-26 17:05:23,349 | INFO     | ROUTE 49/123: Hồ Chí Minh -> Tuy Hòa [bus]
2026-09-26 17:05:23,350 | INFO     | URL: https://vexere.com/vi-VN/ve-xe-khach-tu-sai-gon-di-tuy-hoa-phu-yen-129t221.html?date=27-09-2026&lt=1
2026-09-26 17:05:33,400 | INFO     | Ticket ban đầu: 20
2026-09-26 17:05:33,409 | INFO     | Ticket hiện tại: 20/10
2026-09-26 17:05:33,421 | INFO     | Tổng ticket cuối: 20
2026-09-26 17:05:33,431 | INFO     | Tìm thấy 20 ticket bus
2026-09-26 17:05:33,558 | INFO     | [1] Phương Trang | Limousine giường nằm 34 chỗ | 23:30 -> 05:30 | 240,000 VND
2026-09-26 17:05:33,681 | INFO     | [2] Huệ Nghĩa | Limousine 34 Giường | 21:00 -> 04:00 | 270,000 VND
2026-09-26 17:05:33,807 | INFO     | [3] Tân Niên | Limousine Phòng Đôi 24 chỗ | 21:15 -> 03:15 | 360,000 VND
2026-09-26 17:05:33,911 | INFO     | [4] Bốn Luyện Express | Giường nằm 34 chỗ Luxury | 21:31 -> 02:31 | 270,000 VND
2026-09-26 17:05:34,084 | INFO     | [5] Phương Trang | Limousine giường nằm 34 chỗ | 23:30 -> 06:00 | 250,000 VND
2026-09-26 17:05:34,423 | INFO     | [6] Phương Trang | Limousine giường nằm 34 chỗ | 23:00 -> 05:00 | 240,000 VND
2026-09-26 17:05:34,772 | INFO     | [7] Huệ Nghĩa | Limousine 34 Giường | 08:00 -> 15:00 | 270,000 VND
2026-09-26 17:05:34,895 | INFO     | [8] Phương Trang | Limousine giường nằm 34 chỗ | 22:15 -> 07:00 | 290,000 VND
2026-09-26 17:05:35,051 | INFO     | [9] Phương Trang | Limousine giường nằm 34 chỗ | 23:01 -> 05:01 | 250,000 VND
2026-09-26 17:05:35,200 | INFO     | [10] Phương Trang | Limousine giường nằm 34 chỗ | 22:00 -> 04:00 | 240,000 VND
2026-09-26 17:05:35,200 | INFO     | Hoàn thành Hồ Chí Minh -> Tuy Hòa [bus]: 10 records
2026-09-26 17:05:38,201 | INFO     | ======================================================================
2026-09-26 17:05:38,201 | INFO     | ROUTE 50/123: Hồ Chí Minh -> Bình Định [bus]
2026-09-26 17:05:38,201 | INFO     | URL: https://vexere.com/vi-VN/ve-xe-khach-tu-sai-gon-di-binh-dinh-129t181.html?date=27-09-2026&lt=1
2026-09-26 17:05:48,625 | INFO     | Ticket ban đầu: 20
2026-09-26 17:05:48,641 | INFO     | Ticket hiện tại: 20/10
2026-09-26 17:05:48,654 | INFO     | Tổng ticket cuối: 20
2026-09-26 17:05:48,666 | INFO     | Tìm thấy 20 ticket bus
2026-09-26 17:05:48,916 | INFO     | [1] Tài Phát Limousine | Limousine 24 Phòng Đôi | 19:30 -> 06:55 | 430,000 VND
2026-09-26 17:05:49,022 | INFO     | [2] Trọng Thủy Limousine | Limousine 24 phòng Đôi | 20:30 -> 07:00 | 450,000 VND
2026-09-26 17:05:49,115 | INFO     | [3] Bình Minh Tải | Limousine 22 Phòng | 19:00 -> 06:00 | 441,000 VND
2026-09-26 17:05:49,294 | INFO     | [4] Ba Quy | Limousine 22 chỗ | 18:40 -> 06:25 | 450,000 VND
2026-09-26 17:05:49,633 | INFO     | [5] Dũng Thuỷ Express | Limousine 24 Phòng | 18:00 -> 05:50 | 550,000 VND
2026-09-26 17:05:49,757 | INFO     | [6] An Phú Buslines | Limousine 24 Phòng Đơn | 19:00 -> 05:30 | 498,800 VND
2026-09-26 17:05:49,999 | INFO     | [7] Hồng Dung (Tân Hoa Châu) | Limousine 24 phòng | 18:50 -> 05:00 | 495,000 VND
2026-09-26 17:05:50,129 | INFO     | [8] Tín Phát Limousine | Limousine 24 Phòng | 17:45 -> 06:00 | 665,000 VND
2026-09-26 17:05:50,245 | INFO     | [9] Quốc Phong Limousine | Limousine 24 phòng | 17:15 -> 06:00 | 500,000 VND
2026-09-26 17:05:50,374 | INFO     | [10] Khang Thịnh | Limousine 34 phòng | 20:30 -> 06:00 | 500,000 VND
2026-09-26 17:05:50,374 | INFO     | Hoàn thành Hồ Chí Minh -> Bình Định [bus]: 10 records
2026-09-26 17:05:53,374 | INFO     | ======================================================================
2026-09-26 17:05:53,375 | INFO     | ROUTE 51/123: Hồ Chí Minh -> Quy Nhơn [bus]
2026-09-26 17:05:53,375 | INFO     | URL: https://vexere.com/vi-VN/ve-xe-khach-tu-sai-gon-di-quy-nhon-binh-dinh-129t181.html?date=27-09-2026&lt=1
2026-09-26 17:06:04,627 | INFO     | Ticket ban đầu: 20
2026-09-26 17:06:04,637 | INFO     | Ticket hiện tại: 20/10
2026-09-26 17:06:04,653 | INFO     | Tổng ticket cuối: 20
2026-09-26 17:06:04,668 | INFO     | Tìm thấy 20 ticket bus
2026-09-26 17:06:04,870 | INFO     | [1] Tài Phát Limousine | Limousine 24 Phòng Đôi | 19:30 -> 06:55 | 430,000 VND
2026-09-26 17:06:05,299 | INFO     | [2] Trọng Thủy Limousine | Limousine 24 phòng Đôi | 20:30 -> 07:00 | 450,000 VND
2026-09-26 17:06:05,664 | INFO     | [3] Bình Minh Tải | Limousine 22 Phòng | 19:00 -> 06:00 | 441,000 VND
2026-09-26 17:06:06,037 | INFO     | [4] Ba Quy | Limousine 22 chỗ | 18:40 -> 06:25 | 450,000 VND
2026-09-26 17:06:06,439 | INFO     | [5] Dũng Thuỷ Express | Limousine 24 Phòng | 18:00 -> 05:50 | 550,000 VND
2026-09-26 17:06:06,613 | INFO     | [6] An Phú Buslines | Limousine 24 Phòng Đơn | 19:00 -> 05:30 | 498,800 VND
2026-09-26 17:06:06,778 | INFO     | [7] Hồng Dung (Tân Hoa Châu) | Limousine 24 phòng | 18:50 -> 05:00 | 495,000 VND
2026-09-26 17:06:07,206 | INFO     | [8] Tín Phát Limousine | Limousine 24 Phòng | 17:45 -> 06:00 | 665,000 VND
2026-09-26 17:06:07,389 | INFO     | [9] Quốc Phong Limousine | Limousine 24 phòng | 17:15 -> 06:00 | 500,000 VND
2026-09-26 17:06:07,732 | INFO     | [10] Khang Thịnh | Limousine 34 phòng | 20:30 -> 06:00 | 500,000 VND
2026-09-26 17:06:07,733 | INFO     | Hoàn thành Hồ Chí Minh -> Quy Nhơn [bus]: 10 records
2026-09-26 17:06:10,734 | INFO     | ======================================================================
2026-09-26 17:06:10,734 | INFO     | ROUTE 52/123: Hồ Chí Minh -> Quảng Ngãi [bus]
2026-09-26 17:06:10,734 | INFO     | URL: https://vexere.com/vi-VN/ve-xe-khach-tu-sai-gon-di-quang-ngai-129t51.html?date=27-09-2026&lt=1
2026-09-26 17:06:19,134 | WARNING  | Hồ Chí Minh -> Quảng Ngãi: Không tìm thấy ticket (có thể hết chuyến ngày 27-09-2026 hoặc URL sai)
2026-09-26 17:06:19,211 | INFO     | Đã lưu HTML debug: D:\TIỂU LUẬN CHUYÊN NGÀNH\TLCN-Travel\ingestion\transport\logs\debug_html\Hồ_Chí_Minh_Quảng_Ngãi.html
2026-09-26 17:06:22,212 | INFO     | ======================================================================
2026-09-26 17:06:22,212 | INFO     | ROUTE 53/123: Hồ Chí Minh -> Quảng Nam [bus]
2026-09-26 17:06:22,213 | INFO     | URL: https://vexere.com/vi-VN/ve-xe-khach-tu-sai-gon-di-quang-nam-129t49.html?date=27-09-2026&lt=1
2026-09-26 17:06:30,763 | WARNING  | Hồ Chí Minh -> Quảng Nam: Không tìm thấy ticket (có thể hết chuyến ngày 27-09-2026 hoặc URL sai)
2026-09-26 17:06:30,888 | INFO     | Đã lưu HTML debug: D:\TIỂU LUẬN CHUYÊN NGÀNH\TLCN-Travel\ingestion\transport\logs\debug_html\Hồ_Chí_Minh_Quảng_Nam.html
2026-09-26 17:06:33,889 | INFO     | ======================================================================
2026-09-26 17:06:33,889 | INFO     | ROUTE 54/123: Hồ Chí Minh -> Hội An [bus]
2026-09-26 17:06:33,889 | INFO     | URL: https://vexere.com/vi-VN/ve-xe-khach-tu-sai-gon-di-hoi-an-quang-nam-129t491.html?date=27-09-2026&lt=1
2026-09-26 17:06:44,925 | INFO     | Ticket ban đầu: 20
2026-09-26 17:06:44,934 | INFO     | Ticket hiện tại: 20/10
2026-09-26 17:06:44,947 | INFO     | Tổng ticket cuối: 20
2026-09-26 17:06:44,955 | INFO     | Tìm thấy 20 ticket bus
2026-09-26 17:06:45,133 | INFO     | [1] Phương Anh (Phan Thiết) | Giường nằm 40 chỗ | 08:00 -> 08:00 | 180,000 VND
2026-09-26 17:06:45,343 | INFO     | [2] Hoàng Yến Logistics | Limousine 9 chỗ | 10:00 -> 11:15 | 220,000 VND
2026-09-26 17:06:45,569 | INFO     | [3] Petro Bình Phước | Solati Limousine 10 chỗ | 09:30 -> 11:30 | 230,000 VND
2026-09-26 17:06:45,752 | INFO     | [4] Toàn Thắng - Vũng Tàu | Ghế ngồi 16 chỗ | 17:00 -> 20:30 | 160,000 VND
2026-09-26 17:06:45,866 | INFO     | [5] Thịnh Phát Xanh | Ghế 7 chỗ ngồi | 06:00 -> 10:00 | 297,500 VND
2026-09-26 17:06:45,985 | INFO     | [6] Trường Thịnh Limousine | Limousine 11 chỗ | 11:00 -> 11:30 | 120,000 VND
2026-09-26 17:06:46,070 | INFO     | [7] Tuấn Hiệp | Limousine giường nằm 36 chỗ | 00:50 -> 08:50 | 290,000 VND
2026-09-26 17:06:46,534 | INFO     | [8] Hoàng Yến Logistics | Ghế ngồi 16 chỗ | 12:05 -> 13:20 | 170,000 VND
2026-09-26 17:06:46,742 | INFO     | [9] Hoàng Yến Logistics | Ghế ngồi 16 chỗ | 19:30 -> 20:15 | 150,000 VND
2026-09-26 17:06:47,114 | INFO     | [10] Toàn Thắng - Vũng Tàu | Ghế ngồi 16 chỗ | 12:00 -> 14:30 | 160,000 VND
2026-09-26 17:06:47,115 | INFO     | Hoàn thành Hồ Chí Minh -> Hội An [bus]: 10 records
2026-09-26 17:06:50,116 | INFO     | ======================================================================
2026-09-26 17:06:50,117 | INFO     | ROUTE 55/123: Hồ Chí Minh -> Tam Kỳ [bus]
2026-09-26 17:06:50,117 | INFO     | URL: https://vexere.com/vi-VN/ve-xe-khach-tu-sai-gon-di-tam-ky-quang-nam-129t492.html?date=27-09-2026&lt=1
2026-09-26 17:07:00,445 | WARNING  | Hồ Chí Minh -> Tam Kỳ: Không tìm thấy ticket (có thể hết chuyến ngày 27-09-2026 hoặc URL sai)
2026-09-26 17:07:00,525 | INFO     | Đã lưu HTML debug: D:\TIỂU LUẬN CHUYÊN NGÀNH\TLCN-Travel\ingestion\transport\logs\debug_html\Hồ_Chí_Minh_Tam_Kỳ.html
2026-09-26 17:07:03,526 | INFO     | ======================================================================
2026-09-26 17:07:03,527 | INFO     | ROUTE 56/123: Hồ Chí Minh -> Đà Nẵng [bus]
2026-09-26 17:07:03,527 | INFO     | URL: https://vexere.com/vi-VN/ve-xe-khach-tu-sai-gon-di-da-nang-129t1151.html?date=27-09-2026&lt=1
2026-09-26 17:07:13,352 | INFO     | Ticket ban đầu: 20
2026-09-26 17:07:13,363 | INFO     | Ticket hiện tại: 20/10
2026-09-26 17:07:13,374 | INFO     | Tổng ticket cuối: 20
2026-09-26 17:07:13,380 | INFO     | Tìm thấy 20 ticket bus
2026-09-26 17:07:13,468 | INFO     | [1] Tân Hiệp | Giường nằm 34 chỗ | 13:00 -> 08:30 | 450,000 VND
2026-09-26 17:07:13,751 | INFO     | [2] Bảo Ngọc | Limousine giường phòng 22 chỗ (WC) | 19:30 -> 11:30 | 700,000 VND
2026-09-26 17:07:13,930 | INFO     | [3] Đình Nhân | Limousine 32 Phòng (WC) | 16:30 -> 10:05 | 450,000 VND
2026-09-26 17:07:14,174 | INFO     | [4] Hạnh Cafe - Hà Phương Limousine | Luxury 34 Phòng Vip | 07:45 -> 08:30 | 710,000 VND
2026-09-26 17:07:14,315 | INFO     | [5] Minh Phương (MP Bus) | Limousine 22 phòng (WC) | 15:01 -> 10:31 | 644,000 VND
2026-09-26 17:07:14,469 | INFO     | [6] Phi Hiệp | Limouisne 34 phòng | 13:25 -> 08:55 | 600,000 VND
2026-09-26 17:07:14,696 | INFO     | [7] Tân Kim Chi | Limousine giường phòng 22 chỗ (CABIN) (WC) | 17:35 -> 11:05 | 700,000 VND
2026-09-26 17:07:14,871 | INFO     | [8] Phương Trang | Limousine giường nằm 34 chỗ | 18:35 -> 15:25 | 560,000 VND
2026-09-26 17:07:15,117 | INFO     | [9] Bốn Luyện Express | Giường nằm 34 chỗ Luxury | 23:00 -> 15:25 | 630,000 VND
2026-09-26 17:07:15,248 | INFO     | [10] Hoàng Long - Hà Nội | Limousine 22 phòng đôi | 17:00 -> 12:52 | 1,300,000 VND
2026-09-26 17:07:15,249 | INFO     | Hoàn thành Hồ Chí Minh -> Đà Nẵng [bus]: 10 records
2026-09-26 17:07:18,249 | INFO     | ======================================================================
2026-09-26 17:07:18,250 | INFO     | ROUTE 57/123: Hồ Chí Minh -> Huế [bus]
2026-09-26 17:07:18,250 | INFO     | URL: https://vexere.com/vi-VN/ve-xe-khach-tu-sai-gon-di-hue-thua-thien-hue-129t33.html?date=27-09-2026&lt=1
2026-09-26 17:07:28,284 | WARNING  | Hồ Chí Minh -> Huế: Không tìm thấy ticket (có thể hết chuyến ngày 27-09-2026 hoặc URL sai)
2026-09-26 17:07:28,371 | INFO     | Đã lưu HTML debug: D:\TIỂU LUẬN CHUYÊN NGÀNH\TLCN-Travel\ingestion\transport\logs\debug_html\Hồ_Chí_Minh_Huế.html
2026-09-26 17:07:31,372 | INFO     | ======================================================================
2026-09-26 17:07:31,372 | INFO     | ROUTE 58/123: Hồ Chí Minh -> Thừa Thiên Huế [bus]
2026-09-26 17:07:31,373 | INFO     | URL: https://vexere.com/vi-VN/ve-xe-khach-tu-sai-gon-di-thua-thien-hue-129t33.html?date=27-09-2026&lt=1
2026-09-26 17:07:40,953 | WARNING  | Hồ Chí Minh -> Thừa Thiên Huế: Không tìm thấy ticket (có thể hết chuyến ngày 27-09-2026 hoặc URL sai)
2026-09-26 17:07:41,035 | INFO     | Đã lưu HTML debug: D:\TIỂU LUẬN CHUYÊN NGÀNH\TLCN-Travel\ingestion\transport\logs\debug_html\Hồ_Chí_Minh_Thừa_Thiên_Huế.html
2026-09-26 17:07:44,036 | INFO     | ======================================================================
2026-09-26 17:07:44,036 | INFO     | ROUTE 59/123: Hồ Chí Minh -> Quảng Trị [bus]
2026-09-26 17:07:44,037 | INFO     | URL: https://vexere.com/vi-VN/ve-xe-khach-tu-sai-gon-di-quang-tri-129t32.html?date=27-09-2026&lt=1
2026-09-26 17:07:51,627 | WARNING  | Hồ Chí Minh -> Quảng Trị: Không tìm thấy ticket (có thể hết chuyến ngày 27-09-2026 hoặc URL sai)
2026-09-26 17:07:51,760 | INFO     | Đã lưu HTML debug: D:\TIỂU LUẬN CHUYÊN NGÀNH\TLCN-Travel\ingestion\transport\logs\debug_html\Hồ_Chí_Minh_Quảng_Trị.html
2026-09-26 17:07:54,761 | INFO     | ======================================================================
2026-09-26 17:07:54,761 | INFO     | ROUTE 60/123: Hồ Chí Minh -> Đông Hà [bus]
2026-09-26 17:07:54,762 | INFO     | URL: https://vexere.com/vi-VN/ve-xe-khach-tu-sai-gon-di-dong-ha-quang-tri-129t321.html?date=27-09-2026&lt=1
2026-09-26 17:08:05,110 | INFO     | Ticket ban đầu: 20
2026-09-26 17:08:05,120 | INFO     | Ticket hiện tại: 20/10
2026-09-26 17:08:05,133 | INFO     | Tổng ticket cuối: 20
2026-09-26 17:08:05,163 | INFO     | Tìm thấy 20 ticket bus
2026-09-26 17:08:05,365 | INFO     | [1] Minh Đức (Huế) | Limousine 32 phòng (WC) | 05:30 -> 01:30 | 580,000 VND
2026-09-26 17:08:05,516 | INFO     | [2] Quang Dũng VIP Limousine | Limousine 22 phòng (Có WC) | 10:30 -> 05:30 | 1,000,000 VND
2026-09-26 17:08:05,639 | INFO     | [3] Phi Long (Mậu Hường) | Giường nằm 40 chỗ | 05:45 -> 02:20 | 500,000 VND
2026-09-26 17:08:05,808 | INFO     | [4] Minh Đức (Huế) | Limousine 32 phòng (WC) | 06:30 -> 01:30 | 580,000 VND
2026-09-26 17:08:05,946 | INFO     | [5] Phi Long (Mậu Hường) | Giường nằm 40 chỗ | 06:15 -> 02:20 | 500,000 VND
2026-09-26 17:08:06,311 | INFO     | [6] Quang Dũng VIP Limousine | Limousine 22 phòng (Có WC) | 11:00 -> 05:30 | 1,000,000 VND
2026-09-26 17:08:06,487 | INFO     | [7] Quang Dũng VIP Limousine | Giường phòng 32 chỗ (Có WC) | 07:00 -> 02:00 | 750,000 VND
2026-09-26 17:08:06,813 | INFO     | [8] Quang Dũng VIP Limousine | Giường phòng 32 chỗ (Có WC) | 07:30 -> 02:00 | 750,000 VND
2026-09-26 17:08:07,082 | INFO     | [9] Quang Dũng VIP Limousine | Limousine 22 phòng (Có WC) | 11:00 -> 05:50 | 850,000 VND
2026-09-26 17:08:07,176 | INFO     | [10] Tân Quang Dũng | Limousine 32 phòng (WC) | 11:00 -> 10:30 | 630,000 VND
2026-09-26 17:08:07,176 | INFO     | Hoàn thành Hồ Chí Minh -> Đông Hà [bus]: 10 records
2026-09-26 17:08:10,177 | INFO     | ======================================================================
2026-09-26 17:08:10,178 | INFO     | ROUTE 61/123: Hồ Chí Minh -> Quảng Bình [bus]
2026-09-26 17:08:10,178 | INFO     | URL: https://vexere.com/vi-VN/ve-xe-khach-tu-sai-gon-di-quang-binh-129t31.html?date=27-09-2026&lt=1
2026-09-26 17:08:18,952 | WARNING  | Hồ Chí Minh -> Quảng Bình: Không tìm thấy ticket (có thể hết chuyến ngày 27-09-2026 hoặc URL sai)
2026-09-26 17:08:19,052 | INFO     | Đã lưu HTML debug: D:\TIỂU LUẬN CHUYÊN NGÀNH\TLCN-Travel\ingestion\transport\logs\debug_html\Hồ_Chí_Minh_Quảng_Bình.html
2026-09-26 17:08:22,053 | INFO     | ======================================================================
2026-09-26 17:08:22,054 | INFO     | ROUTE 62/123: Hồ Chí Minh -> Đồng Hới [bus]
2026-09-26 17:08:22,054 | INFO     | URL: https://vexere.com/vi-VN/ve-xe-khach-tu-sai-gon-di-dong-hoi-quang-binh-129t311.html?date=27-09-2026&lt=1
2026-09-26 17:08:33,013 | INFO     | Ticket ban đầu: 20
2026-09-26 17:08:33,024 | INFO     | Ticket hiện tại: 20/10
2026-09-26 17:08:33,045 | INFO     | Tổng ticket cuối: 20
2026-09-26 17:08:33,062 | INFO     | Tìm thấy 20 ticket bus
2026-09-26 17:08:33,268 | INFO     | [1] Hoa Mai | Ghế ngồi 10 chỗ | 12:30 -> 14:45 | 180,000 VND
2026-09-26 17:08:33,504 | INFO     | [2] Hoa Mai | Ghế ngồi 10 chỗ | 07:00 -> 09:15 | 180,000 VND
2026-09-26 17:08:33,740 | INFO     | [3] Hoa Mai | Ghế ngồi 10 chỗ | 12:00 -> 14:15 | 180,000 VND
2026-09-26 17:08:33,900 | INFO     | [4] Hoa Mai | Ghế ngồi 10 chỗ | 11:00 -> 13:15 | 180,000 VND
2026-09-26 17:08:34,096 | INFO     | [5] Hoa Mai | Ghế ngồi 10 chỗ | 05:00 -> 07:15 | 180,000 VND
2026-09-26 17:08:34,381 | INFO     | [6] Hoa Mai | Ghế ngồi 10 chỗ | 16:00 -> 18:15 | 180,000 VND
2026-09-26 17:08:34,601 | INFO     | [7] Hoa Mai | Ghế ngồi 10 chỗ | 14:00 -> 15:45 | 180,000 VND
2026-09-26 17:08:34,827 | INFO     | [8] Hoa Mai | Ghế ngồi 10 chỗ | 06:00 -> 08:15 | 180,000 VND
2026-09-26 17:08:35,188 | INFO     | [9] Hoa Mai | Ghế ngồi 10 chỗ | 17:00 -> 19:15 | 180,000 VND
2026-09-26 17:08:35,335 | INFO     | [10] Hoa Mai | Ghế ngồi 10 chỗ | 15:00 -> 17:15 | 180,000 VND
2026-09-26 17:08:35,335 | INFO     | Hoàn thành Hồ Chí Minh -> Đồng Hới [bus]: 10 records
2026-09-26 17:08:38,336 | INFO     | ======================================================================
2026-09-26 17:08:38,337 | INFO     | ROUTE 63/123: Hồ Chí Minh -> Hà Tĩnh [bus]
2026-09-26 17:08:38,337 | INFO     | URL: https://vexere.com/vi-VN/ve-xe-khach-tu-sai-gon-di-ha-tinh-129t30.html?date=27-09-2026&lt=1
2026-09-26 17:08:46,761 | WARNING  | Hồ Chí Minh -> Hà Tĩnh: Không tìm thấy ticket (có thể hết chuyến ngày 27-09-2026 hoặc URL sai)
2026-09-26 17:08:46,848 | INFO     | Đã lưu HTML debug: D:\TIỂU LUẬN CHUYÊN NGÀNH\TLCN-Travel\ingestion\transport\logs\debug_html\Hồ_Chí_Minh_Hà_Tĩnh.html
2026-09-26 17:08:49,848 | INFO     | ======================================================================
2026-09-26 17:08:49,849 | INFO     | ROUTE 64/123: Hồ Chí Minh -> Nghệ An [bus]
2026-09-26 17:08:49,850 | INFO     | URL: https://vexere.com/vi-VN/ve-xe-khach-tu-sai-gon-di-nghe-an-129t29.html?date=27-09-2026&lt=1
2026-09-26 17:08:58,074 | WARNING  | Hồ Chí Minh -> Nghệ An: Không tìm thấy ticket (có thể hết chuyến ngày 27-09-2026 hoặc URL sai)
2026-09-26 17:08:58,182 | INFO     | Đã lưu HTML debug: D:\TIỂU LUẬN CHUYÊN NGÀNH\TLCN-Travel\ingestion\transport\logs\debug_html\Hồ_Chí_Minh_Nghệ_An.html
2026-09-26 17:09:01,183 | INFO     | ======================================================================
2026-09-26 17:09:01,184 | INFO     | ROUTE 65/123: Hồ Chí Minh -> Vinh [bus]
2026-09-26 17:09:01,184 | INFO     | URL: https://vexere.com/vi-VN/ve-xe-khach-tu-sai-gon-di-vinh-nghe-an-129t291.html?date=27-09-2026&lt=1
2026-09-26 17:09:11,474 | INFO     | Ticket ban đầu: 19
2026-09-26 17:09:11,495 | INFO     | Ticket hiện tại: 19/10
2026-09-26 17:09:11,520 | INFO     | Tổng ticket cuối: 19
2026-09-26 17:09:11,544 | INFO     | Tìm thấy 19 ticket bus
2026-09-26 17:09:11,675 | INFO     | [1] Phương Trang | Limousine giường nằm 34 chỗ | 23:00 -> 05:00 | 240,000 VND
2026-09-26 17:09:11,817 | INFO     | [2] Phương Trang | Limousine giường nằm 34 chỗ | 12:00 -> 18:00 | 240,000 VND
2026-09-26 17:09:11,909 | INFO     | [3] Phương Trang | Limousine giường nằm 34 chỗ | 06:00 -> 12:00 | 240,000 VND
2026-09-26 17:09:12,162 | INFO     | [4] Phương Trang | Limousine giường nằm 34 chỗ | 16:00 -> 22:00 | 240,000 VND
2026-09-26 17:09:12,400 | INFO     | [5] Huệ Nghĩa | Limousine 34 Giường | 21:30 -> 04:30 | 270,000 VND
2026-09-26 17:09:12,548 | INFO     | [6] Huệ Nghĩa | Limousine 34 Giường | 22:00 -> 04:00 | 270,000 VND
2026-09-26 17:09:12,708 | INFO     | [7] Huệ Nghĩa | Limousine 34 Giường | 22:00 -> 04:30 | 270,000 VND
2026-09-26 17:09:12,930 | INFO     | [8] Huệ Nghĩa | Limousine 34 Giường | 21:30 -> 04:00 | 270,000 VND
2026-09-26 17:09:13,106 | INFO     | [9] Huệ Nghĩa | Limousine 34 Giường | 19:30 -> 01:30 | 230,000 VND
2026-09-26 17:09:13,461 | INFO     | [10] Huệ Nghĩa | Limousine 34 Giường | 19:30 -> 01:00 | 230,000 VND
2026-09-26 17:09:13,461 | INFO     | Hoàn thành Hồ Chí Minh -> Vinh [bus]: 10 records
2026-09-26 17:09:16,462 | INFO     | ======================================================================
2026-09-26 17:09:16,462 | INFO     | ROUTE 66/123: Hồ Chí Minh -> Thanh Hóa [bus]
2026-09-26 17:09:16,462 | INFO     | URL: https://vexere.com/vi-VN/ve-xe-khach-tu-sai-gon-di-thanh-hoa-129t38.html?date=27-09-2026&lt=1
2026-09-26 17:09:24,749 | WARNING  | Hồ Chí Minh -> Thanh Hóa: Không tìm thấy ticket (có thể hết chuyến ngày 27-09-2026 hoặc URL sai)
2026-09-26 17:09:24,856 | INFO     | Đã lưu HTML debug: D:\TIỂU LUẬN CHUYÊN NGÀNH\TLCN-Travel\ingestion\transport\logs\debug_html\Hồ_Chí_Minh_Thanh_Hóa.html
2026-09-26 17:09:27,856 | INFO     | ======================================================================
2026-09-26 17:09:27,857 | INFO     | ROUTE 67/123: Hồ Chí Minh -> Ninh Bình [bus]
2026-09-26 17:09:27,857 | INFO     | URL: https://vexere.com/vi-VN/ve-xe-khach-tu-sai-gon-di-ninh-binh-129t37.html?date=27-09-2026&lt=1
2026-09-26 17:09:37,194 | WARNING  | Hồ Chí Minh -> Ninh Bình: Không tìm thấy ticket (có thể hết chuyến ngày 27-09-2026 hoặc URL sai)
2026-09-26 17:09:37,283 | INFO     | Đã lưu HTML debug: D:\TIỂU LUẬN CHUYÊN NGÀNH\TLCN-Travel\ingestion\transport\logs\debug_html\Hồ_Chí_Minh_Ninh_Bình.html
2026-09-26 17:09:40,284 | INFO     | ======================================================================
2026-09-26 17:09:40,285 | INFO     | ROUTE 68/123: Hồ Chí Minh -> Nam Định [bus]
2026-09-26 17:09:40,285 | INFO     | URL: https://vexere.com/vi-VN/ve-xe-khach-tu-sai-gon-di-nam-dinh-129t36.html?date=27-09-2026&lt=1
2026-09-26 17:09:49,558 | WARNING  | Hồ Chí Minh -> Nam Định: Không tìm thấy ticket (có thể hết chuyến ngày 27-09-2026 hoặc URL sai)
2026-09-26 17:09:49,646 | INFO     | Đã lưu HTML debug: D:\TIỂU LUẬN CHUYÊN NGÀNH\TLCN-Travel\ingestion\transport\logs\debug_html\Hồ_Chí_Minh_Nam_Định.html
2026-09-26 17:09:52,647 | INFO     | ======================================================================
2026-09-26 17:09:52,647 | INFO     | ROUTE 69/123: Hồ Chí Minh -> Thái Bình [bus]
2026-09-26 17:09:52,647 | INFO     | URL: https://vexere.com/vi-VN/ve-xe-khach-tu-sai-gon-di-thai-binh-129t34.html?date=27-09-2026&lt=1
2026-09-26 17:10:00,460 | WARNING  | Hồ Chí Minh -> Thái Bình: Không tìm thấy ticket (có thể hết chuyến ngày 27-09-2026 hoặc URL sai)
2026-09-26 17:10:00,539 | INFO     | Đã lưu HTML debug: D:\TIỂU LUẬN CHUYÊN NGÀNH\TLCN-Travel\ingestion\transport\logs\debug_html\Hồ_Chí_Minh_Thái_Bình.html
2026-09-26 17:10:03,539 | INFO     | ======================================================================
2026-09-26 17:10:03,539 | INFO     | ROUTE 70/123: Hồ Chí Minh -> Hà Nam [bus]
2026-09-26 17:10:03,540 | INFO     | URL: https://vexere.com/vi-VN/ve-xe-khach-tu-sai-gon-di-ha-nam-129t35.html?date=27-09-2026&lt=1
2026-09-26 17:10:11,695 | WARNING  | Hồ Chí Minh -> Hà Nam: Không tìm thấy ticket (có thể hết chuyến ngày 27-09-2026 hoặc URL sai)
2026-09-26 17:10:11,768 | INFO     | Đã lưu HTML debug: D:\TIỂU LUẬN CHUYÊN NGÀNH\TLCN-Travel\ingestion\transport\logs\debug_html\Hồ_Chí_Minh_Hà_Nam.html
2026-09-26 17:10:14,769 | INFO     | ======================================================================
2026-09-26 17:10:14,770 | INFO     | ROUTE 71/123: Hồ Chí Minh -> Hà Nội [bus]
2026-09-26 17:10:14,770 | INFO     | URL: https://vexere.com/vi-VN/ve-xe-khach-tu-sai-gon-di-ha-noi-129t24.html?date=27-09-2026&lt=1
2026-09-26 17:10:22,762 | WARNING  | Hồ Chí Minh -> Hà Nội: Không tìm thấy ticket (có thể hết chuyến ngày 27-09-2026 hoặc URL sai)
2026-09-26 17:10:22,887 | INFO     | Đã lưu HTML debug: D:\TIỂU LUẬN CHUYÊN NGÀNH\TLCN-Travel\ingestion\transport\logs\debug_html\Hồ_Chí_Minh_Hà_Nội.html
2026-09-26 17:10:25,888 | INFO     | ======================================================================
2026-09-26 17:10:25,888 | INFO     | ROUTE 72/123: Hồ Chí Minh -> Hải Phòng [bus]
2026-09-26 17:10:25,889 | INFO     | URL: https://vexere.com/vi-VN/ve-xe-khach-tu-sai-gon-di-hai-phong-129t31.html?date=27-09-2026&lt=1
2026-09-26 17:10:33,770 | WARNING  | Hồ Chí Minh -> Hải Phòng: Không tìm thấy ticket (có thể hết chuyến ngày 27-09-2026 hoặc URL sai)
2026-09-26 17:10:33,898 | INFO     | Đã lưu HTML debug: D:\TIỂU LUẬN CHUYÊN NGÀNH\TLCN-Travel\ingestion\transport\logs\debug_html\Hồ_Chí_Minh_Hải_Phòng.html
2026-09-26 17:10:36,899 | INFO     | ======================================================================
2026-09-26 17:10:36,900 | INFO     | ROUTE 73/123: Hồ Chí Minh -> Quảng Ninh [bus]
2026-09-26 17:10:36,901 | INFO     | URL: https://vexere.com/vi-VN/ve-xe-khach-tu-sai-gon-di-quang-ninh-129t22.html?date=27-09-2026&lt=1
2026-09-26 17:10:45,337 | WARNING  | Hồ Chí Minh -> Quảng Ninh: Không tìm thấy ticket (có thể hết chuyến ngày 27-09-2026 hoặc URL sai)
2026-09-26 17:10:45,461 | INFO     | Đã lưu HTML debug: D:\TIỂU LUẬN CHUYÊN NGÀNH\TLCN-Travel\ingestion\transport\logs\debug_html\Hồ_Chí_Minh_Quảng_Ninh.html
2026-09-26 17:10:48,462 | INFO     | ======================================================================
2026-09-26 17:10:48,463 | INFO     | ROUTE 74/123: Hồ Chí Minh -> Hạ Long [bus]
2026-09-26 17:10:48,463 | INFO     | URL: https://vexere.com/vi-VN/ve-xe-khach-tu-sai-gon-di-ha-long-quang-ninh-129t221.html?date=27-09-2026&lt=1
2026-09-26 17:10:58,919 | INFO     | Ticket ban đầu: 20
2026-09-26 17:10:58,937 | INFO     | Ticket hiện tại: 20/10
2026-09-26 17:10:58,953 | INFO     | Tổng ticket cuối: 20
2026-09-26 17:10:58,965 | INFO     | Tìm thấy 20 ticket bus
2026-09-26 17:10:59,110 | INFO     | [1] Phương Trang | Limousine giường nằm 34 chỗ | 23:30 -> 05:30 | 240,000 VND
2026-09-26 17:10:59,314 | INFO     | [2] Huệ Nghĩa | Limousine 34 Giường | 21:00 -> 04:00 | 270,000 VND
2026-09-26 17:10:59,591 | INFO     | [3] Tân Niên | Limousine Phòng Đôi 24 chỗ | 21:15 -> 03:15 | 360,000 VND
2026-09-26 17:10:59,945 | INFO     | [4] Bốn Luyện Express | Giường nằm 34 chỗ Luxury | 21:31 -> 02:31 | 270,000 VND
2026-09-26 17:11:00,095 | INFO     | [5] Phương Trang | Limousine giường nằm 34 chỗ | 23:30 -> 06:00 | 250,000 VND
2026-09-26 17:11:00,238 | INFO     | [6] Phương Trang | Limousine giường nằm 34 chỗ | 23:00 -> 05:00 | 240,000 VND
2026-09-26 17:11:00,711 | INFO     | [7] Huệ Nghĩa | Limousine 34 Giường | 08:00 -> 15:00 | 270,000 VND
2026-09-26 17:11:01,230 | INFO     | [8] Phương Trang | Limousine giường nằm 34 chỗ | 22:15 -> 07:00 | 290,000 VND
2026-09-26 17:11:01,507 | INFO     | [9] Phương Trang | Limousine giường nằm 34 chỗ | 23:01 -> 05:01 | 250,000 VND
2026-09-26 17:11:01,698 | INFO     | [10] Phương Trang | Limousine giường nằm 34 chỗ | 22:00 -> 04:00 | 240,000 VND
2026-09-26 17:11:01,698 | INFO     | Hoàn thành Hồ Chí Minh -> Hạ Long [bus]: 10 records
2026-09-26 17:11:04,699 | INFO     | ======================================================================
2026-09-26 17:11:04,700 | INFO     | ROUTE 75/123: Hồ Chí Minh -> Cát Bà [bus]
2026-09-26 17:11:04,700 | INFO     | URL: https://vexere.com/vi-VN/ve-xe-khach-tu-sai-gon-di-cat-ba-hai-phong-129t312.html?date=27-09-2026&lt=1
2026-09-26 17:11:15,255 | WARNING  | Hồ Chí Minh -> Cát Bà: Không tìm thấy ticket (có thể hết chuyến ngày 27-09-2026 hoặc URL sai)
2026-09-26 17:11:15,335 | INFO     | Đã lưu HTML debug: D:\TIỂU LUẬN CHUYÊN NGÀNH\TLCN-Travel\ingestion\transport\logs\debug_html\Hồ_Chí_Minh_Cát_Bà.html
2026-09-26 17:11:18,335 | INFO     | ======================================================================
2026-09-26 17:11:18,336 | INFO     | ROUTE 76/123: Hồ Chí Minh -> Hải Dương [bus]
2026-09-26 17:11:18,336 | INFO     | URL: https://vexere.com/vi-VN/ve-xe-khach-tu-sai-gon-di-hai-duong-129t30.html?date=27-09-2026&lt=1
2026-09-26 17:11:26,944 | WARNING  | Hồ Chí Minh -> Hải Dương: Không tìm thấy ticket (có thể hết chuyến ngày 27-09-2026 hoặc URL sai)
2026-09-26 17:11:27,027 | INFO     | Đã lưu HTML debug: D:\TIỂU LUẬN CHUYÊN NGÀNH\TLCN-Travel\ingestion\transport\logs\debug_html\Hồ_Chí_Minh_Hải_Dương.html
2026-09-26 17:11:30,028 | INFO     | ======================================================================
2026-09-26 17:11:30,028 | INFO     | ROUTE 77/123: Hồ Chí Minh -> Hưng Yên [bus]
2026-09-26 17:11:30,028 | INFO     | URL: https://vexere.com/vi-VN/ve-xe-khach-tu-sai-gon-di-hung-yen-129t33.html?date=27-09-2026&lt=1
2026-09-26 17:11:38,772 | WARNING  | Hồ Chí Minh -> Hưng Yên: Không tìm thấy ticket (có thể hết chuyến ngày 27-09-2026 hoặc URL sai)
2026-09-26 17:11:38,893 | INFO     | Đã lưu HTML debug: D:\TIỂU LUẬN CHUYÊN NGÀNH\TLCN-Travel\ingestion\transport\logs\debug_html\Hồ_Chí_Minh_Hưng_Yên.html
2026-09-26 17:11:41,894 | INFO     | ======================================================================
2026-09-26 17:11:41,894 | INFO     | ROUTE 78/123: Hồ Chí Minh -> Bắc Ninh [bus]
2026-09-26 17:11:41,894 | INFO     | URL: https://vexere.com/vi-VN/ve-xe-khach-tu-sai-gon-di-bac-ninh-129t27.html?date=27-09-2026&lt=1
2026-09-26 17:11:50,560 | WARNING  | Hồ Chí Minh -> Bắc Ninh: Không tìm thấy ticket (có thể hết chuyến ngày 27-09-2026 hoặc URL sai)
2026-09-26 17:11:50,642 | INFO     | Đã lưu HTML debug: D:\TIỂU LUẬN CHUYÊN NGÀNH\TLCN-Travel\ingestion\transport\logs\debug_html\Hồ_Chí_Minh_Bắc_Ninh.html
2026-09-26 17:11:53,643 | INFO     | ======================================================================
2026-09-26 17:11:53,643 | INFO     | ROUTE 79/123: Hồ Chí Minh -> Vĩnh Phúc [bus]
2026-09-26 17:11:53,644 | INFO     | URL: https://vexere.com/vi-VN/ve-xe-khach-tu-sai-gon-di-vinh-phuc-129t26.html?date=27-09-2026&lt=1
2026-09-26 17:12:02,534 | WARNING  | Hồ Chí Minh -> Vĩnh Phúc: Không tìm thấy ticket (có thể hết chuyến ngày 27-09-2026 hoặc URL sai)
2026-09-26 17:12:02,630 | INFO     | Đã lưu HTML debug: D:\TIỂU LUẬN CHUYÊN NGÀNH\TLCN-Travel\ingestion\transport\logs\debug_html\Hồ_Chí_Minh_Vĩnh_Phúc.html
2026-09-26 17:12:05,631 | INFO     | ======================================================================
2026-09-26 17:12:05,631 | INFO     | ROUTE 80/123: Hồ Chí Minh -> Phú Thọ [bus]
2026-09-26 17:12:05,631 | INFO     | URL: https://vexere.com/vi-VN/ve-xe-khach-tu-sai-gon-di-phu-tho-129t25.html?date=27-09-2026&lt=1
2026-09-26 17:12:13,775 | WARNING  | Hồ Chí Minh -> Phú Thọ: Không tìm thấy ticket (có thể hết chuyến ngày 27-09-2026 hoặc URL sai)
2026-09-26 17:12:13,860 | INFO     | Đã lưu HTML debug: D:\TIỂU LUẬN CHUYÊN NGÀNH\TLCN-Travel\ingestion\transport\logs\debug_html\Hồ_Chí_Minh_Phú_Thọ.html
2026-09-26 17:12:16,861 | INFO     | ======================================================================
2026-09-26 17:12:16,862 | INFO     | ROUTE 81/123: Hồ Chí Minh -> Thái Nguyên [bus]
2026-09-26 17:12:16,862 | INFO     | URL: https://vexere.com/vi-VN/ve-xe-khach-tu-sai-gon-di-thai-nguyen-129t19.html?date=27-09-2026&lt=1
2026-09-26 17:12:25,133 | WARNING  | Hồ Chí Minh -> Thái Nguyên: Không tìm thấy ticket (có thể hết chuyến ngày 27-09-2026 hoặc URL sai)
2026-09-26 17:12:25,208 | INFO     | Đã lưu HTML debug: D:\TIỂU LUẬN CHUYÊN NGÀNH\TLCN-Travel\ingestion\transport\logs\debug_html\Hồ_Chí_Minh_Thái_Nguyên.html
2026-09-26 17:12:28,209 | INFO     | ======================================================================
2026-09-26 17:12:28,209 | INFO     | ROUTE 82/123: Hồ Chí Minh -> Bắc Giang [bus]
2026-09-26 17:12:28,209 | INFO     | URL: https://vexere.com/vi-VN/ve-xe-khach-tu-sai-gon-di-bac-giang-129t24.html?date=27-09-2026&lt=1
2026-09-26 17:12:36,959 | WARNING  | Hồ Chí Minh -> Bắc Giang: Không tìm thấy ticket (có thể hết chuyến ngày 27-09-2026 hoặc URL sai)
2026-09-26 17:12:37,051 | INFO     | Đã lưu HTML debug: D:\TIỂU LUẬN CHUYÊN NGÀNH\TLCN-Travel\ingestion\transport\logs\debug_html\Hồ_Chí_Minh_Bắc_Giang.html
2026-09-26 17:12:40,052 | INFO     | ======================================================================
2026-09-26 17:12:40,053 | INFO     | ROUTE 83/123: Hồ Chí Minh -> Lạng Sơn [bus]
2026-09-26 17:12:40,053 | INFO     | URL: https://vexere.com/vi-VN/ve-xe-khach-tu-sai-gon-di-lang-son-129t20.html?date=27-09-2026&lt=1
2026-09-26 17:12:48,374 | WARNING  | Hồ Chí Minh -> Lạng Sơn: Không tìm thấy ticket (có thể hết chuyến ngày 27-09-2026 hoặc URL sai)
2026-09-26 17:12:48,442 | INFO     | Đã lưu HTML debug: D:\TIỂU LUẬN CHUYÊN NGÀNH\TLCN-Travel\ingestion\transport\logs\debug_html\Hồ_Chí_Minh_Lạng_Sơn.html
2026-09-26 17:12:51,443 | INFO     | ======================================================================
2026-09-26 17:12:51,443 | INFO     | ROUTE 84/123: Hồ Chí Minh -> Cao Bằng [bus]
2026-09-26 17:12:51,443 | INFO     | URL: https://vexere.com/vi-VN/ve-xe-khach-tu-sai-gon-di-cao-bang-129t4.html?date=27-09-2026&lt=1
2026-09-26 17:12:59,001 | WARNING  | Hồ Chí Minh -> Cao Bằng: Không tìm thấy ticket (có thể hết chuyến ngày 27-09-2026 hoặc URL sai)
2026-09-26 17:12:59,116 | INFO     | Đã lưu HTML debug: D:\TIỂU LUẬN CHUYÊN NGÀNH\TLCN-Travel\ingestion\transport\logs\debug_html\Hồ_Chí_Minh_Cao_Bằng.html
2026-09-26 17:13:02,117 | INFO     | ======================================================================
2026-09-26 17:13:02,118 | INFO     | ROUTE 85/123: Hồ Chí Minh -> Bắc Kạn [bus]
2026-09-26 17:13:02,118 | INFO     | URL: https://vexere.com/vi-VN/ve-xe-khach-tu-sai-gon-di-bac-kan-129t6.html?date=27-09-2026&lt=1
2026-09-26 17:13:08,974 | WARNING  | Hồ Chí Minh -> Bắc Kạn: Không tìm thấy ticket (có thể hết chuyến ngày 27-09-2026 hoặc URL sai)
2026-09-26 17:13:09,137 | INFO     | Đã lưu HTML debug: D:\TIỂU LUẬN CHUYÊN NGÀNH\TLCN-Travel\ingestion\transport\logs\debug_html\Hồ_Chí_Minh_Bắc_Kạn.html
2026-09-26 17:13:12,138 | INFO     | ======================================================================
2026-09-26 17:13:12,138 | INFO     | ROUTE 86/123: Hồ Chí Minh -> Tuyên Quang [bus]
2026-09-26 17:13:12,138 | INFO     | URL: https://vexere.com/vi-VN/ve-xe-khach-tu-sai-gon-di-tuyen-quang-129t8.html?date=27-09-2026&lt=1
2026-09-26 17:13:18,862 | WARNING  | Hồ Chí Minh -> Tuyên Quang: Không tìm thấy ticket (có thể hết chuyến ngày 27-09-2026 hoặc URL sai)
2026-09-26 17:13:18,989 | INFO     | Đã lưu HTML debug: D:\TIỂU LUẬN CHUYÊN NGÀNH\TLCN-Travel\ingestion\transport\logs\debug_html\Hồ_Chí_Minh_Tuyên_Quang.html
2026-09-26 17:13:21,990 | INFO     | ======================================================================
2026-09-26 17:13:21,990 | INFO     | ROUTE 87/123: Hồ Chí Minh -> Hà Giang [bus]
2026-09-26 17:13:21,991 | INFO     | URL: https://vexere.com/vi-VN/ve-xe-khach-tu-sai-gon-di-ha-giang-129t2.html?date=27-09-2026&lt=1
2026-09-26 17:13:28,821 | WARNING  | Hồ Chí Minh -> Hà Giang: Không tìm thấy ticket (có thể hết chuyến ngày 27-09-2026 hoặc URL sai)
2026-09-26 17:13:28,935 | INFO     | Đã lưu HTML debug: D:\TIỂU LUẬN CHUYÊN NGÀNH\TLCN-Travel\ingestion\transport\logs\debug_html\Hồ_Chí_Minh_Hà_Giang.html
2026-09-26 17:13:31,936 | INFO     | ======================================================================
2026-09-26 17:13:31,936 | INFO     | ROUTE 88/123: Hồ Chí Minh -> Lào Cai [bus]
2026-09-26 17:13:31,937 | INFO     | URL: https://vexere.com/vi-VN/ve-xe-khach-tu-sai-gon-di-lao-cai-129t10.html?date=27-09-2026&lt=1
2026-09-26 17:13:40,373 | WARNING  | Hồ Chí Minh -> Lào Cai: Không tìm thấy ticket (có thể hết chuyến ngày 27-09-2026 hoặc URL sai)
2026-09-26 17:13:40,477 | INFO     | Đã lưu HTML debug: D:\TIỂU LUẬN CHUYÊN NGÀNH\TLCN-Travel\ingestion\transport\logs\debug_html\Hồ_Chí_Minh_Lào_Cai.html
2026-09-26 17:13:43,478 | INFO     | ======================================================================
2026-09-26 17:13:43,478 | INFO     | ROUTE 89/123: Hồ Chí Minh -> Sa Pa [bus]
2026-09-26 17:13:43,479 | INFO     | URL: https://vexere.com/vi-VN/ve-xe-khach-tu-sai-gon-di-sa-pa-lao-cai-129t101.html?date=27-09-2026&lt=1
2026-09-26 17:13:52,193 | WARNING  | Hồ Chí Minh -> Sa Pa: Không tìm thấy ticket (có thể hết chuyến ngày 27-09-2026 hoặc URL sai)
2026-09-26 17:13:52,306 | INFO     | Đã lưu HTML debug: D:\TIỂU LUẬN CHUYÊN NGÀNH\TLCN-Travel\ingestion\transport\logs\debug_html\Hồ_Chí_Minh_Sa_Pa.html
2026-09-26 17:13:55,307 | INFO     | ======================================================================
2026-09-26 17:13:55,308 | INFO     | ROUTE 90/123: Hồ Chí Minh -> Yên Bái [bus]
2026-09-26 17:13:55,308 | INFO     | URL: https://vexere.com/vi-VN/ve-xe-khach-tu-sai-gon-di-yen-bai-129t15.html?date=27-09-2026&lt=1
2026-09-26 17:14:04,205 | WARNING  | Hồ Chí Minh -> Yên Bái: Không tìm thấy ticket (có thể hết chuyến ngày 27-09-2026 hoặc URL sai)
2026-09-26 17:14:04,361 | INFO     | Đã lưu HTML debug: D:\TIỂU LUẬN CHUYÊN NGÀNH\TLCN-Travel\ingestion\transport\logs\debug_html\Hồ_Chí_Minh_Yên_Bái.html
2026-09-26 17:14:07,362 | INFO     | ======================================================================
2026-09-26 17:14:07,363 | INFO     | ROUTE 91/123: Hồ Chí Minh -> Sơn La [bus]
2026-09-26 17:14:07,364 | INFO     | URL: https://vexere.com/vi-VN/ve-xe-khach-tu-sai-gon-di-son-la-129t14.html?date=27-09-2026&lt=1
2026-09-26 17:14:16,529 | WARNING  | Hồ Chí Minh -> Sơn La: Không tìm thấy ticket (có thể hết chuyến ngày 27-09-2026 hoặc URL sai)
2026-09-26 17:14:16,638 | INFO     | Đã lưu HTML debug: D:\TIỂU LUẬN CHUYÊN NGÀNH\TLCN-Travel\ingestion\transport\logs\debug_html\Hồ_Chí_Minh_Sơn_La.html
2026-09-26 17:14:19,639 | INFO     | ======================================================================
2026-09-26 17:14:19,639 | INFO     | ROUTE 92/123: Hồ Chí Minh -> Điện Biên [bus]
2026-09-26 17:14:19,639 | INFO     | URL: https://vexere.com/vi-VN/ve-xe-khach-tu-sai-gon-di-dien-bien-129t11.html?date=27-09-2026&lt=1
2026-09-26 17:14:27,527 | WARNING  | Hồ Chí Minh -> Điện Biên: Không tìm thấy ticket (có thể hết chuyến ngày 27-09-2026 hoặc URL sai)
2026-09-26 17:14:27,622 | INFO     | Đã lưu HTML debug: D:\TIỂU LUẬN CHUYÊN NGÀNH\TLCN-Travel\ingestion\transport\logs\debug_html\Hồ_Chí_Minh_Điện_Biên.html
2026-09-26 17:14:30,623 | INFO     | ======================================================================
2026-09-26 17:14:30,624 | INFO     | ROUTE 93/123: Hồ Chí Minh -> Lai Châu [bus]
2026-09-26 17:14:30,624 | INFO     | URL: https://vexere.com/vi-VN/ve-xe-khach-tu-sai-gon-di-lai-chau-129t12.html?date=27-09-2026&lt=1
2026-09-26 17:14:41,341 | WARNING  | Hồ Chí Minh -> Lai Châu: Không tìm thấy ticket (có thể hết chuyến ngày 27-09-2026 hoặc URL sai)
2026-09-26 17:14:41,439 | INFO     | Đã lưu HTML debug: D:\TIỂU LUẬN CHUYÊN NGÀNH\TLCN-Travel\ingestion\transport\logs\debug_html\Hồ_Chí_Minh_Lai_Châu.html
2026-09-26 17:14:44,439 | INFO     | ======================================================================
2026-09-26 17:14:44,439 | INFO     | ROUTE 94/123: Hồ Chí Minh -> Hòa Bình [bus]
2026-09-26 17:14:44,440 | INFO     | URL: https://vexere.com/vi-VN/ve-xe-khach-tu-sai-gon-di-hoa-binh-129t17.html?date=27-09-2026&lt=1
2026-09-26 17:14:53,342 | WARNING  | Hồ Chí Minh -> Hòa Bình: Không tìm thấy ticket (có thể hết chuyến ngày 27-09-2026 hoặc URL sai)
2026-09-26 17:14:53,428 | INFO     | Đã lưu HTML debug: D:\TIỂU LUẬN CHUYÊN NGÀNH\TLCN-Travel\ingestion\transport\logs\debug_html\Hồ_Chí_Minh_Hòa_Bình.html
2026-09-26 17:14:56,429 | INFO     | ======================================================================
2026-09-26 17:14:56,430 | INFO     | ROUTE 95/123: Hồ Chí Minh -> Phú Quốc [bus]
2026-09-26 17:14:56,430 | INFO     | URL: https://vexere.com/vi-VN/ve-xe-khach-tu-sai-gon-di-phu-quoc-kien-giang-129t912.html?date=27-09-2026&lt=1
2026-09-26 17:15:05,864 | WARNING  | Hồ Chí Minh -> Phú Quốc: Không tìm thấy ticket (có thể hết chuyến ngày 27-09-2026 hoặc URL sai)
2026-09-26 17:15:05,962 | INFO     | Đã lưu HTML debug: D:\TIỂU LUẬN CHUYÊN NGÀNH\TLCN-Travel\ingestion\transport\logs\debug_html\Hồ_Chí_Minh_Phú_Quốc.html
2026-09-26 17:15:08,963 | INFO     | ======================================================================
2026-09-26 17:15:08,963 | INFO     | ROUTE 96/123: Hồ Chí Minh -> Hà Nội [flight]
2026-09-26 17:15:08,963 | INFO     | URL: https://vexere.com/vn/ve-may-bay/dat-ve-may-bay.vi?from=29_area&to=24_area&from_airport=28284&to_airport=102188&from_station=SGO&to_station=HNO&passenger%5Badt%5D=1&passenger%5Bchd%5D=0&passenger%5Binf%5D=0&fare_class=PT&date%5Bdepart%5D=2026-09-27
2026-09-26 17:15:35,903 | INFO     | Tìm thấy 50 flight card | selector=[class*="FlightTicketItem__FlightTicketItemContainer"]
2026-09-26 17:15:36,028 | INFO     | [1] [flight] Vietravel Airlines | VU750 | 05:35 -> 07:45 | 1204221
2026-09-26 17:15:36,170 | INFO     | [2] [flight] VietJet Air | VJ162 | 22:40 -> 00:50 | 1362341
2026-09-26 17:15:36,300 | INFO     | [3] [flight] Vietravel Airlines | VU750 | 05:35 -> 07:45 | 1374621
2026-09-26 17:15:36,472 | INFO     | [4] [flight] Unknown | Eco | 05:45 -> 07:55 | 1411181
2026-09-26 17:15:36,666 | INFO     | [5] [flight] Unknown | Eco | 05:15 -> 07:25 | 1411181
2026-09-26 17:15:36,821 | INFO     | [6] [flight] VietJet Air | VJ160 | 21:00 -> 23:10 | 1453061
2026-09-26 17:15:36,965 | INFO     | [7] [flight] VietJet Air | VJ168 | 23:00 -> 01:10 | 1453061
2026-09-26 17:15:37,103 | INFO     | [8] [flight] Vietravel Airlines | VU750 | 05:35 -> 07:45 | 1493421
2026-09-26 17:15:37,245 | INFO     | [9] [flight] Vietravel Airlines | VU774 | 07:00 -> 09:10 | 1493421
2026-09-26 17:15:37,383 | INFO     | [10] [flight] VietJet Air | VJ162 | 22:40 -> 00:50 | 1597781
2026-09-26 17:15:37,384 | INFO     | Hoàn thành Hồ Chí Minh -> Hà Nội [flight]: 10 records
2026-09-26 17:15:40,385 | INFO     | ======================================================================
2026-09-26 17:15:40,386 | INFO     | ROUTE 97/123: Hồ Chí Minh -> Đà Nẵng [flight]
2026-09-26 17:15:40,387 | INFO     | URL: https://vexere.com/vn/ve-may-bay/dat-ve-may-bay.vi?from=29_area&to=15_area&from_airport=28284&to_airport=135548&from_station=SGO&to_station=DAD&passenger%5Badt%5D=1&passenger%5Bchd%5D=0&passenger%5Binf%5D=0&fare_class=PT&date%5Bdepart%5D=2026-09-27
2026-09-26 17:16:05,482 | INFO     | Tìm thấy 50 flight card | selector=[class*="FlightTicketItem__FlightTicketItemContainer"]
2026-09-26 17:16:05,657 | INFO     | [1] [flight] Vietravel Airlines | VU684 | 18:20 -> 19:45 | 934221
2026-09-26 17:16:05,802 | INFO     | [2] [flight] VietJet Air | VJ640 | 15:10 -> 16:30 | 1052381
2026-09-26 17:16:05,920 | INFO     | [3] [flight] Vietravel Airlines | VU672 | 08:50 -> 10:15 | 1061421
2026-09-26 17:16:06,054 | INFO     | [4] [flight] Vietravel Airlines | VU684 | 18:20 -> 19:45 | 1061421
2026-09-26 17:16:06,216 | INFO     | [5] [flight] Vietnam Airlines | VN106 | 05:45 -> 07:05 | 1050181
2026-09-26 17:16:06,341 | INFO     | [6] [flight] VietJet Air | VJ640 | 15:10 -> 16:30 | 1165781
2026-09-26 17:16:06,494 | INFO     | [7] [flight] Vietravel Airlines | VU672 | 08:50 -> 10:15 | 1191021
2026-09-26 17:16:06,606 | INFO     | [8] [flight] Vietravel Airlines | VU684 | 18:20 -> 19:45 | 1191021
2026-09-26 17:16:06,734 | INFO     | [9] [flight] VietJet Air | VJ642 | 18:30 -> 19:50 | 1241381
2026-09-26 17:16:06,902 | INFO     | [10] [flight] Vietnam Airlines | VN110 | 06:45 -> 08:05 | 1255181
2026-09-26 17:16:06,902 | INFO     | Hoàn thành Hồ Chí Minh -> Đà Nẵng [flight]: 10 records
2026-09-26 17:16:09,903 | INFO     | ======================================================================
2026-09-26 17:16:09,903 | INFO     | ROUTE 98/123: Hồ Chí Minh -> Nha Trang [flight]
2026-09-26 17:16:09,903 | INFO     | URL: https://vexere.com/vn/ve-may-bay/dat-ve-may-bay.vi?from=29_area&to=417_area&from_airport=28284&to_airport=135552&from_station=SGO&to_station=NTR&passenger%5Badt%5D=1&passenger%5Bchd%5D=0&passenger%5Binf%5D=0&fare_class=PT&date%5Bdepart%5D=2026-09-27
2026-09-26 17:16:30,467 | INFO     | Tìm thấy 35 flight card | selector=[class*="FlightTicketItem__FlightTicketItemContainer"]
2026-09-26 17:16:30,592 | INFO     | [1] [flight] Vietnam Airlines | VN6242 | 12:10 -> 13:15 | 898181
2026-09-26 17:16:30,713 | INFO     | [2] [flight] Vietnam Airlines | VN1342 | 09:05 -> 10:10 | 985181
2026-09-26 17:16:30,851 | INFO     | [3] [flight] Vietnam Airlines | VN7340 | 12:50 -> 13:55 | 985181
2026-09-26 17:16:31,155 | INFO     | [4] [flight] VietJet Air | VJ608 | 10:00 -> 11:00 | 1044821
2026-09-26 17:16:31,281 | INFO     | [5] [flight] Vietnam Airlines | VN6242 | 12:10 -> 13:15 | 1047181
2026-09-26 17:16:31,419 | INFO     | [6] [flight] Vietnam Airlines | VN1342 | 09:05 -> 10:10 | 1126181
2026-09-26 17:16:31,543 | INFO     | [7] [flight] Vietnam Airlines | VN7340 | 12:50 -> 13:55 | 1126181
2026-09-26 17:16:31,651 | INFO     | [8] [flight] Vietnam Airlines | VN1344 | 13:05 -> 14:05 | 1126181
2026-09-26 17:16:31,761 | INFO     | [9] [flight] VietJet Air | VJ608 | 10:00 -> 11:00 | 1165781
2026-09-26 17:16:31,880 | INFO     | [10] [flight] Vietnam Airlines | VN6242 | 12:10 -> 13:15 | 1157181
2026-09-26 17:16:31,881 | INFO     | Hoàn thành Hồ Chí Minh -> Nha Trang [flight]: 10 records
2026-09-26 17:16:34,882 | INFO     | ======================================================================
2026-09-26 17:16:34,882 | INFO     | ROUTE 99/123: Hồ Chí Minh -> Đà Lạt [flight]
2026-09-26 17:16:34,882 | INFO     | URL: https://vexere.com/vn/ve-may-bay/dat-ve-may-bay.vi?from=29_area&to=457_area&from_airport=28284&to_airport=135550&from_station=SGO&to_station=DLI&passenger%5Badt%5D=1&passenger%5Bchd%5D=0&passenger%5Binf%5D=0&fare_class=PT&date%5Bdepart%5D=2026-09-27
2026-09-26 17:16:49,690 | WARNING  | FLIGHT | Hồ Chí Minh -> Đà Lạt: không thấy FlightTicketItem
2026-09-26 17:16:49,935 | INFO     | Đã lưu HTML debug: D:\TIỂU LUẬN CHUYÊN NGÀNH\TLCN-Travel\ingestion\transport\logs\debug_html\Hồ_Chí_Minh_Đà_Lạt.html
2026-09-26 17:16:49,936 | INFO     | Hoàn thành Hồ Chí Minh -> Đà Lạt [flight]: 0 records
2026-09-26 17:16:52,937 | INFO     | ======================================================================
2026-09-26 17:16:52,937 | INFO     | ROUTE 100/123: Hồ Chí Minh -> Huế [flight]
2026-09-26 17:16:52,938 | INFO     | URL: https://vexere.com/vn/ve-may-bay/dat-ve-may-bay.vi?from=29_area&to=331_area&from_airport=28284&to_airport=135549&from_station=SGO&to_station=HUI&passenger%5Badt%5D=1&passenger%5Bchd%5D=0&passenger%5Binf%5D=0&fare_class=PT&date%5Bdepart%5D=2026-09-27
2026-09-26 17:17:06,370 | WARNING  | FLIGHT | Hồ Chí Minh -> Huế: không thấy FlightTicketItem
2026-09-26 17:17:06,644 | INFO     | Đã lưu HTML debug: D:\TIỂU LUẬN CHUYÊN NGÀNH\TLCN-Travel\ingestion\transport\logs\debug_html\Hồ_Chí_Minh_Huế.html
2026-09-26 17:17:06,645 | INFO     | Hoàn thành Hồ Chí Minh -> Huế [flight]: 0 records
2026-09-26 17:17:09,645 | INFO     | ======================================================================
2026-09-26 17:17:09,646 | INFO     | ROUTE 101/123: Hồ Chí Minh -> Hải Phòng [flight]
2026-09-26 17:17:09,646 | INFO     | URL: https://vexere.com/vn/ve-may-bay/dat-ve-may-bay.vi?from=29_area&to=31_area&from_airport=28284&to_airport=102190&from_station=SGO&to_station=HPH&passenger%5Badt%5D=1&passenger%5Bchd%5D=0&passenger%5Binf%5D=0&fare_class=PT&date%5Bdepart%5D=2026-09-27
2026-09-26 17:17:23,765 | WARNING  | FLIGHT | Hồ Chí Minh -> Hải Phòng: không thấy FlightTicketItem
2026-09-26 17:17:23,961 | INFO     | Đã lưu HTML debug: D:\TIỂU LUẬN CHUYÊN NGÀNH\TLCN-Travel\ingestion\transport\logs\debug_html\Hồ_Chí_Minh_Hải_Phòng.html
2026-09-26 17:17:23,961 | INFO     | Hoàn thành Hồ Chí Minh -> Hải Phòng [flight]: 0 records
2026-09-26 17:17:26,962 | INFO     | ======================================================================
2026-09-26 17:17:26,962 | INFO     | ROUTE 102/123: Hồ Chí Minh -> Vinh [flight]
2026-09-26 17:17:26,963 | INFO     | URL: https://vexere.com/vn/ve-may-bay/dat-ve-may-bay.vi?from=29_area&to=247_area&from_airport=28284&to_airport=135551&from_station=SGO&to_station=VII&passenger%5Badt%5D=1&passenger%5Bchd%5D=0&passenger%5Binf%5D=0&fare_class=PT&date%5Bdepart%5D=2026-09-27
2026-09-26 17:17:40,969 | WARNING  | FLIGHT | Hồ Chí Minh -> Vinh: không thấy FlightTicketItem
2026-09-26 17:17:41,161 | INFO     | Đã lưu HTML debug: D:\TIỂU LUẬN CHUYÊN NGÀNH\TLCN-Travel\ingestion\transport\logs\debug_html\Hồ_Chí_Minh_Vinh.html
2026-09-26 17:17:41,161 | INFO     | Hoàn thành Hồ Chí Minh -> Vinh [flight]: 0 records
2026-09-26 17:17:44,162 | INFO     | ======================================================================
2026-09-26 17:17:44,163 | INFO     | ROUTE 103/123: Hồ Chí Minh -> Quy Nhơn [flight]
2026-09-26 17:17:44,164 | INFO     | URL: https://vexere.com/vn/ve-may-bay/dat-ve-may-bay.vi?from=29_area&to=181_area&from_airport=28284&to_airport=135553&from_station=SGO&to_station=UIH&passenger%5Badt%5D=1&passenger%5Bchd%5D=0&passenger%5Binf%5D=0&fare_class=PT&date%5Bdepart%5D=2026-09-27
2026-09-26 17:17:58,506 | WARNING  | FLIGHT | Hồ Chí Minh -> Quy Nhơn: không thấy FlightTicketItem
2026-09-26 17:17:58,737 | INFO     | Đã lưu HTML debug: D:\TIỂU LUẬN CHUYÊN NGÀNH\TLCN-Travel\ingestion\transport\logs\debug_html\Hồ_Chí_Minh_Quy_Nhơn.html
2026-09-26 17:17:58,737 | INFO     | Hoàn thành Hồ Chí Minh -> Quy Nhơn [flight]: 0 records
2026-09-26 17:18:01,738 | INFO     | ======================================================================
2026-09-26 17:18:01,738 | INFO     | ROUTE 104/123: Hồ Chí Minh -> Buôn Ma Thuột [flight]
2026-09-26 17:18:01,739 | INFO     | URL: https://vexere.com/vn/ve-may-bay/dat-ve-may-bay.vi?from=29_area&to=204_area&from_airport=28284&to_airport=135554&from_station=SGO&to_station=BMV&passenger%5Badt%5D=1&passenger%5Bchd%5D=0&passenger%5Binf%5D=0&fare_class=PT&date%5Bdepart%5D=2026-09-27
2026-09-26 17:18:15,750 | WARNING  | FLIGHT | Hồ Chí Minh -> Buôn Ma Thuột: không thấy FlightTicketItem
2026-09-26 17:18:15,986 | INFO     | Đã lưu HTML debug: D:\TIỂU LUẬN CHUYÊN NGÀNH\TLCN-Travel\ingestion\transport\logs\debug_html\Hồ_Chí_Minh_Buôn_Ma_Thuột.html
2026-09-26 17:18:15,986 | INFO     | Hoàn thành Hồ Chí Minh -> Buôn Ma Thuột [flight]: 0 records
2026-09-26 17:18:18,987 | INFO     | ======================================================================
2026-09-26 17:18:18,987 | INFO     | ROUTE 105/123: Hồ Chí Minh -> Pleiku [flight]
2026-09-26 17:18:18,988 | INFO     | URL: https://vexere.com/vn/ve-may-bay/dat-ve-may-bay.vi?from=29_area&to=274_area&from_airport=28284&to_airport=135555&from_station=SGO&to_station=PXU&passenger%5Badt%5D=1&passenger%5Bchd%5D=0&passenger%5Binf%5D=0&fare_class=PT&date%5Bdepart%5D=2026-09-27
2026-09-26 17:18:33,293 | WARNING  | FLIGHT | Hồ Chí Minh -> Pleiku: không thấy FlightTicketItem
2026-09-26 17:18:33,607 | INFO     | Đã lưu HTML debug: D:\TIỂU LUẬN CHUYÊN NGÀNH\TLCN-Travel\ingestion\transport\logs\debug_html\Hồ_Chí_Minh_Pleiku.html
2026-09-26 17:18:33,607 | INFO     | Hoàn thành Hồ Chí Minh -> Pleiku [flight]: 0 records
2026-09-26 17:18:36,608 | INFO     | ======================================================================
2026-09-26 17:18:36,608 | INFO     | ROUTE 106/123: Hồ Chí Minh -> Phú Quốc [flight]
2026-09-26 17:18:36,609 | INFO     | URL: https://vexere.com/vn/ve-may-bay/dat-ve-may-bay.vi?from=29_area&to=912_area&from_airport=28284&to_airport=135556&from_station=SGO&to_station=PQC&passenger%5Badt%5D=1&passenger%5Bchd%5D=0&passenger%5Binf%5D=0&fare_class=PT&date%5Bdepart%5D=2026-09-27
2026-09-26 17:18:50,819 | WARNING  | FLIGHT | Hồ Chí Minh -> Phú Quốc: không thấy FlightTicketItem
2026-09-26 17:18:51,001 | INFO     | Đã lưu HTML debug: D:\TIỂU LUẬN CHUYÊN NGÀNH\TLCN-Travel\ingestion\transport\logs\debug_html\Hồ_Chí_Minh_Phú_Quốc.html
2026-09-26 17:18:51,001 | INFO     | Hoàn thành Hồ Chí Minh -> Phú Quốc [flight]: 0 records
2026-09-26 17:18:54,002 | INFO     | ======================================================================
2026-09-26 17:18:54,003 | INFO     | ROUTE 107/123: Hồ Chí Minh -> Cần Thơ [flight]
2026-09-26 17:18:54,003 | INFO     | URL: https://vexere.com/vn/ve-may-bay/dat-ve-may-bay.vi?from=29_area&to=13_area&from_airport=28284&to_airport=135557&from_station=SGO&to_station=VCA&passenger%5Badt%5D=1&passenger%5Bchd%5D=0&passenger%5Binf%5D=0&fare_class=PT&date%5Bdepart%5D=2026-09-27
2026-09-26 17:19:08,035 | WARNING  | FLIGHT | Hồ Chí Minh -> Cần Thơ: không thấy FlightTicketItem
2026-09-26 17:19:08,236 | INFO     | Đã lưu HTML debug: D:\TIỂU LUẬN CHUYÊN NGÀNH\TLCN-Travel\ingestion\transport\logs\debug_html\Hồ_Chí_Minh_Cần_Thơ.html
2026-09-26 17:19:08,236 | INFO     | Hoàn thành Hồ Chí Minh -> Cần Thơ [flight]: 0 records
2026-09-26 17:19:11,237 | INFO     | ======================================================================
2026-09-26 17:19:11,238 | INFO     | ROUTE 108/123: Hồ Chí Minh -> Cam Ranh [flight]
2026-09-26 17:19:11,238 | INFO     | URL: https://vexere.com/vn/ve-may-bay/dat-ve-may-bay.vi?from=29_area&to=417_area&from_airport=28284&to_airport=135552&from_station=SGO&to_station=CXR&passenger%5Badt%5D=1&passenger%5Bchd%5D=0&passenger%5Binf%5D=0&fare_class=PT&date%5Bdepart%5D=2026-09-27
2026-09-26 17:19:44,128 | INFO     | Tìm thấy 1 flight card | selector=[class*="FlightTicketItem__FlightTicketItemContainer"]
2026-09-26 17:19:44,239 | INFO     | [1] [flight] Vietnam Airlines | VN6242 | 12:10 -> 13:15 | 898181
2026-09-26 17:19:44,239 | INFO     | Hoàn thành Hồ Chí Minh -> Cam Ranh [flight]: 1 records
2026-09-26 17:19:47,240 | INFO     | ======================================================================
2026-09-26 17:19:47,241 | INFO     | ROUTE 109/123: Hồ Chí Minh -> Thanh Hóa [flight]
2026-09-26 17:19:47,242 | INFO     | URL: https://vexere.com/vn/ve-may-bay/dat-ve-may-bay.vi?from=29_area&to=38_area&from_airport=28284&to_airport=135558&from_station=SGO&to_station=THD&passenger%5Badt%5D=1&passenger%5Bchd%5D=0&passenger%5Binf%5D=0&fare_class=PT&date%5Bdepart%5D=2026-09-27
2026-09-26 17:20:01,376 | WARNING  | FLIGHT | Hồ Chí Minh -> Thanh Hóa: không thấy FlightTicketItem
2026-09-26 17:20:01,695 | INFO     | Đã lưu HTML debug: D:\TIỂU LUẬN CHUYÊN NGÀNH\TLCN-Travel\ingestion\transport\logs\debug_html\Hồ_Chí_Minh_Thanh_Hóa.html
2026-09-26 17:20:01,696 | INFO     | Hoàn thành Hồ Chí Minh -> Thanh Hóa [flight]: 0 records
2026-09-26 17:20:04,697 | INFO     | ======================================================================
2026-09-26 17:20:04,697 | INFO     | ROUTE 110/123: Hồ Chí Minh -> Đồng Hới [flight]
2026-09-26 17:20:04,697 | INFO     | URL: https://vexere.com/vn/ve-may-bay/dat-ve-may-bay.vi?from=29_area&to=311_area&from_airport=28284&to_airport=135559&from_station=SGO&to_station=VDH&passenger%5Badt%5D=1&passenger%5Bchd%5D=0&passenger%5Binf%5D=0&fare_class=PT&date%5Bdepart%5D=2026-09-27
2026-09-26 17:20:19,002 | WARNING  | FLIGHT | Hồ Chí Minh -> Đồng Hới: không thấy FlightTicketItem
2026-09-26 17:20:19,286 | INFO     | Đã lưu HTML debug: D:\TIỂU LUẬN CHUYÊN NGÀNH\TLCN-Travel\ingestion\transport\logs\debug_html\Hồ_Chí_Minh_Đồng_Hới.html
2026-09-26 17:20:19,286 | INFO     | Hoàn thành Hồ Chí Minh -> Đồng Hới [flight]: 0 records
2026-09-26 17:20:22,287 | INFO     | ======================================================================
2026-09-26 17:20:22,288 | INFO     | ROUTE 111/123: Hồ Chí Minh -> Côn Đảo [flight]
2026-09-26 17:20:22,288 | INFO     | URL: https://vexere.com/vn/ve-may-bay/dat-ve-may-bay.vi?from=29_area&to=213_area&from_airport=28284&to_airport=135560&from_station=SGO&to_station=VCS&passenger%5Badt%5D=1&passenger%5Bchd%5D=0&passenger%5Binf%5D=0&fare_class=PT&date%5Bdepart%5D=2026-09-27
2026-09-26 17:20:36,349 | WARNING  | FLIGHT | Hồ Chí Minh -> Côn Đảo: không thấy FlightTicketItem
2026-09-26 17:20:36,574 | INFO     | Đã lưu HTML debug: D:\TIỂU LUẬN CHUYÊN NGÀNH\TLCN-Travel\ingestion\transport\logs\debug_html\Hồ_Chí_Minh_Côn_Đảo.html
2026-09-26 17:20:36,574 | INFO     | Hoàn thành Hồ Chí Minh -> Côn Đảo [flight]: 0 records
2026-09-26 17:20:39,575 | INFO     | ======================================================================
2026-09-26 17:20:39,575 | INFO     | ROUTE 112/123: Hồ Chí Minh -> Hà Nội [train]
2026-09-26 17:20:39,576 | INFO     | URL: https://vexere.com/vn/ve-tau-hoa/dat-ve-tau.vi?from=29_area&to=24_area&from_airport=28284&to_airport=102188&from_station=SGO&to_station=HNO&passenger%5Badt%5D=1&passenger%5Bchd%5D=0&passenger%5Beld%5D=0&passenger%5Bstu%5D=0&passenger%5Buni%5D=0&date%5Bdepart%5D=2026-09-27
2026-09-26 17:20:55,629 | INFO     | Tìm thấy 5 train card | selector=[class*="TrainTicketItem__Container"]
2026-09-26 17:20:55,846 | INFO     | [1] [train] Tàu SE8 | Ngồi mềm | 06:00 -> 16:20 | 1164
2026-09-26 17:20:57,910 | INFO     | Hoàn thành Hồ Chí Minh -> Hà Nội [train]: 1 records
2026-09-26 17:21:00,911 | INFO     | ======================================================================
2026-09-26 17:21:00,911 | INFO     | ROUTE 113/123: Hồ Chí Minh -> Đà Nẵng [train]
2026-09-26 17:21:00,912 | INFO     | URL: https://vexere.com/vn/ve-tau-hoa/dat-ve-tau.vi?from=29_area&to=15_area&from_airport=28284&to_airport=135548&from_station=SGO&to_station=DAD&passenger%5Badt%5D=1&passenger%5Bchd%5D=0&passenger%5Beld%5D=0&passenger%5Bstu%5D=0&passenger%5Buni%5D=0&date%5Bdepart%5D=2026-09-27
2026-09-26 17:21:13,912 | WARNING  | TRAIN | Hồ Chí Minh -> Đà Nẵng: không thấy TrainTicketItem
2026-09-26 17:21:14,115 | INFO     | Đã lưu HTML debug: D:\TIỂU LUẬN CHUYÊN NGÀNH\TLCN-Travel\ingestion\transport\logs\debug_html\Hồ_Chí_Minh_Đà_Nẵng.html
2026-09-26 17:21:14,116 | INFO     | Hoàn thành Hồ Chí Minh -> Đà Nẵng [train]: 0 records
2026-09-26 17:21:17,116 | INFO     | ======================================================================
2026-09-26 17:21:17,117 | INFO     | ROUTE 114/123: Hồ Chí Minh -> Nha Trang [train]
2026-09-26 17:21:17,117 | INFO     | URL: https://vexere.com/vn/ve-tau-hoa/dat-ve-tau.vi?from=29_area&to=417_area&from_airport=28284&to_airport=135552&from_station=SGO&to_station=NTR&passenger%5Badt%5D=1&passenger%5Bchd%5D=0&passenger%5Beld%5D=0&passenger%5Bstu%5D=0&passenger%5Buni%5D=0&date%5Bdepart%5D=2026-09-27
2026-09-26 17:21:32,001 | INFO     | Tìm thấy 7 train card | selector=[class*="TrainTicketItem__Container"]
2026-09-26 17:21:32,165 | INFO     | [1] [train] Tàu SE8 | Ngồi mềm | 06:00 -> 13:43 | 315000
2026-09-26 17:21:34,710 | INFO     | Hoàn thành Hồ Chí Minh -> Nha Trang [train]: 1 records
2026-09-26 17:21:37,711 | INFO     | ======================================================================
2026-09-26 17:21:37,712 | INFO     | ROUTE 115/123: Hồ Chí Minh -> Huế [train]
2026-09-26 17:21:37,712 | INFO     | URL: https://vexere.com/vn/ve-tau-hoa/dat-ve-tau.vi?from=29_area&to=331_area&from_airport=28284&to_airport=135549&from_station=SGO&to_station=HUE&passenger%5Badt%5D=1&passenger%5Bchd%5D=0&passenger%5Beld%5D=0&passenger%5Bstu%5D=0&passenger%5Buni%5D=0&date%5Bdepart%5D=2026-09-27
2026-09-26 17:21:51,213 | WARNING  | TRAIN | Hồ Chí Minh -> Huế: không thấy TrainTicketItem
2026-09-26 17:21:51,402 | INFO     | Đã lưu HTML debug: D:\TIỂU LUẬN CHUYÊN NGÀNH\TLCN-Travel\ingestion\transport\logs\debug_html\Hồ_Chí_Minh_Huế.html
2026-09-26 17:21:51,402 | INFO     | Hoàn thành Hồ Chí Minh -> Huế [train]: 0 records
2026-09-26 17:21:54,402 | INFO     | ======================================================================
2026-09-26 17:21:54,403 | INFO     | ROUTE 116/123: Hồ Chí Minh -> Vinh [train]
2026-09-26 17:21:54,403 | INFO     | URL: https://vexere.com/vn/ve-tau-hoa/dat-ve-tau.vi?from=29_area&to=247_area&from_airport=28284&to_airport=135551&from_station=SGO&to_station=VIN&passenger%5Badt%5D=1&passenger%5Bchd%5D=0&passenger%5Beld%5D=0&passenger%5Bstu%5D=0&passenger%5Buni%5D=0&date%5Bdepart%5D=2026-09-27
2026-09-26 17:22:05,615 | WARNING  | TRAIN | Hồ Chí Minh -> Vinh: không thấy TrainTicketItem
2026-09-26 17:22:05,794 | INFO     | Đã lưu HTML debug: D:\TIỂU LUẬN CHUYÊN NGÀNH\TLCN-Travel\ingestion\transport\logs\debug_html\Hồ_Chí_Minh_Vinh.html
2026-09-26 17:22:05,794 | INFO     | Hoàn thành Hồ Chí Minh -> Vinh [train]: 0 records
2026-09-26 17:22:08,795 | INFO     | ======================================================================
2026-09-26 17:22:08,795 | INFO     | ROUTE 117/123: Hồ Chí Minh -> Thanh Hóa [train]
2026-09-26 17:22:08,796 | INFO     | URL: https://vexere.com/vn/ve-tau-hoa/dat-ve-tau.vi?from=29_area&to=38_area&from_airport=28284&to_airport=135558&from_station=SGO&to_station=THO&passenger%5Badt%5D=1&passenger%5Bchd%5D=0&passenger%5Beld%5D=0&passenger%5Bstu%5D=0&passenger%5Buni%5D=0&date%5Bdepart%5D=2026-09-27
2026-09-26 17:22:23,108 | WARNING  | TRAIN | Hồ Chí Minh -> Thanh Hóa: không thấy TrainTicketItem
2026-09-26 17:22:23,321 | INFO     | Đã lưu HTML debug: D:\TIỂU LUẬN CHUYÊN NGÀNH\TLCN-Travel\ingestion\transport\logs\debug_html\Hồ_Chí_Minh_Thanh_Hóa.html
2026-09-26 17:22:23,322 | INFO     | Hoàn thành Hồ Chí Minh -> Thanh Hóa [train]: 0 records
2026-09-26 17:22:26,322 | INFO     | ======================================================================
2026-09-26 17:22:26,323 | INFO     | ROUTE 118/123: Hồ Chí Minh -> Đồng Hới [train]
2026-09-26 17:22:26,324 | INFO     | URL: https://vexere.com/vn/ve-tau-hoa/dat-ve-tau.vi?from=29_area&to=311_area&from_airport=28284&to_airport=135559&from_station=SGO&to_station=DHO&passenger%5Badt%5D=1&passenger%5Bchd%5D=0&passenger%5Beld%5D=0&passenger%5Bstu%5D=0&passenger%5Buni%5D=0&date%5Bdepart%5D=2026-09-27
2026-09-26 17:22:41,080 | WARNING  | TRAIN | Hồ Chí Minh -> Đồng Hới: không thấy TrainTicketItem
2026-09-26 17:22:41,302 | INFO     | Đã lưu HTML debug: D:\TIỂU LUẬN CHUYÊN NGÀNH\TLCN-Travel\ingestion\transport\logs\debug_html\Hồ_Chí_Minh_Đồng_Hới.html
2026-09-26 17:22:41,303 | INFO     | Hoàn thành Hồ Chí Minh -> Đồng Hới [train]: 0 records
2026-09-26 17:22:44,304 | INFO     | ======================================================================
2026-09-26 17:22:44,304 | INFO     | ROUTE 119/123: Hồ Chí Minh -> Quy Nhơn [train]
2026-09-26 17:22:44,305 | INFO     | URL: https://vexere.com/vn/ve-tau-hoa/dat-ve-tau.vi?from=29_area&to=181_area&from_airport=28284&to_airport=135553&from_station=SGO&to_station=QNH&passenger%5Badt%5D=1&passenger%5Bchd%5D=0&passenger%5Beld%5D=0&passenger%5Bstu%5D=0&passenger%5Buni%5D=0&date%5Bdepart%5D=2026-09-27
2026-09-26 17:22:59,140 | WARNING  | TRAIN | Hồ Chí Minh -> Quy Nhơn: không thấy TrainTicketItem
2026-09-26 17:22:59,372 | INFO     | Đã lưu HTML debug: D:\TIỂU LUẬN CHUYÊN NGÀNH\TLCN-Travel\ingestion\transport\logs\debug_html\Hồ_Chí_Minh_Quy_Nhơn.html
2026-09-26 17:22:59,373 | INFO     | Hoàn thành Hồ Chí Minh -> Quy Nhơn [train]: 0 records
2026-09-26 17:23:02,373 | INFO     | ======================================================================
2026-09-26 17:23:02,373 | INFO     | ROUTE 120/123: Hồ Chí Minh -> Phan Thiết [train]
2026-09-26 17:23:02,373 | INFO     | URL: https://vexere.com/vn/ve-tau-hoa/dat-ve-tau.vi?from=29_area&to=159_area&from_airport=28284&to_airport=135561&from_station=SGO&to_station=PTH&passenger%5Badt%5D=1&passenger%5Bchd%5D=0&passenger%5Beld%5D=0&passenger%5Bstu%5D=0&passenger%5Buni%5D=0&date%5Bdepart%5D=2026-09-27
2026-09-26 17:23:17,969 | INFO     | Tìm thấy 1 train card | selector=[class*="TrainTicketItem__Container"]
2026-09-26 17:23:18,090 | INFO     | [1] [train] Tàu SPT2 | Ngồi mềm | 06:45 -> 10:42 | 171000
2026-09-26 17:23:18,091 | INFO     | Hoàn thành Hồ Chí Minh -> Phan Thiết [train]: 1 records
2026-09-26 17:23:21,092 | INFO     | ======================================================================
2026-09-26 17:23:21,092 | INFO     | ROUTE 121/123: Hồ Chí Minh -> Ninh Bình [train]
2026-09-26 17:23:21,092 | INFO     | URL: https://vexere.com/vn/ve-tau-hoa/dat-ve-tau.vi?from=29_area&to=37_area&from_airport=28284&to_airport=135562&from_station=SGO&to_station=NBI&passenger%5Badt%5D=1&passenger%5Bchd%5D=0&passenger%5Beld%5D=0&passenger%5Bstu%5D=0&passenger%5Buni%5D=0&date%5Bdepart%5D=2026-09-27
2026-09-26 17:23:34,625 | WARNING  | TRAIN | Hồ Chí Minh -> Ninh Bình: không thấy TrainTicketItem
2026-09-26 17:23:34,809 | INFO     | Đã lưu HTML debug: D:\TIỂU LUẬN CHUYÊN NGÀNH\TLCN-Travel\ingestion\transport\logs\debug_html\Hồ_Chí_Minh_Ninh_Bình.html
2026-09-26 17:23:34,810 | INFO     | Hoàn thành Hồ Chí Minh -> Ninh Bình [train]: 0 records
2026-09-26 17:23:37,811 | INFO     | ======================================================================
2026-09-26 17:23:37,811 | INFO     | ROUTE 122/123: Hồ Chí Minh -> Nam Định [train]
2026-09-26 17:23:37,812 | INFO     | URL: https://vexere.com/vn/ve-tau-hoa/dat-ve-tau.vi?from=29_area&to=36_area&from_airport=28284&to_airport=135563&from_station=SGO&to_station=NDI&passenger%5Badt%5D=1&passenger%5Bchd%5D=0&passenger%5Beld%5D=0&passenger%5Bstu%5D=0&passenger%5Buni%5D=0&date%5Bdepart%5D=2026-09-27
2026-09-26 17:23:54,635 | WARNING  | TRAIN | Hồ Chí Minh -> Nam Định: không thấy TrainTicketItem
2026-09-26 17:23:54,874 | INFO     | Đã lưu HTML debug: D:\TIỂU LUẬN CHUYÊN NGÀNH\TLCN-Travel\ingestion\transport\logs\debug_html\Hồ_Chí_Minh_Nam_Định.html
2026-09-26 17:23:54,874 | INFO     | Hoàn thành Hồ Chí Minh -> Nam Định [train]: 0 records
2026-09-26 17:23:57,875 | INFO     | ======================================================================
2026-09-26 17:23:57,875 | INFO     | ROUTE 123/123: Hồ Chí Minh -> Biên Hòa [train]
2026-09-26 17:23:57,876 | INFO     | URL: https://vexere.com/vn/ve-tau-hoa/dat-ve-tau.vi?from=29_area&to=75_area&from_airport=28284&to_airport=28284&from_station=SGO&to_station=BHO&passenger%5Badt%5D=1&passenger%5Bchd%5D=0&passenger%5Beld%5D=0&passenger%5Bstu%5D=0&passenger%5Buni%5D=0&date%5Bdepart%5D=2026-09-27
2026-09-26 17:24:12,195 | WARNING  | TRAIN | Hồ Chí Minh -> Biên Hòa: không thấy TrainTicketItem
2026-09-26 17:24:12,399 | INFO     | Đã lưu HTML debug: D:\TIỂU LUẬN CHUYÊN NGÀNH\TLCN-Travel\ingestion\transport\logs\debug_html\Hồ_Chí_Minh_Biên_Hòa.html
2026-09-26 17:24:12,399 | INFO     | Hoàn thành Hồ Chí Minh -> Biên Hòa [train]: 0 records
2026-09-26 17:24:18,172 | INFO     | Đã đóng Chrome driver.
2026-09-26 17:24:18,183 | INFO     | Đã lưu 261 records vào: D:\TIỂU LUẬN CHUYÊN NGÀNH\TLCN-Travel\ingestion\transport\data\raw\transport\vexere_transport.json
2026-09-26 17:24:18,183 | INFO     | ======================================================================
2026-09-26 17:24:18,184 | INFO     | CRAWLER HOÀN TẤT
2026-09-26 17:24:18,184 | INFO     | Tổng route: 123
2026-09-26 17:24:18,184 | INFO     | Tổng records: 261
2026-09-26 17:24:18,184 | INFO     |   - bus: 227
2026-09-26 17:24:18,184 | INFO     |   - flight: 31
2026-09-26 17:24:18,184 | INFO     |   - train: 3
2026-09-26 17:24:18,184 | INFO     | Output: D:\TIỂU LUẬN CHUYÊN NGÀNH\TLCN-Travel\ingestion\transport\data\raw\transport\vexere_transport.json
2026-09-26 17:24:18,185 | INFO     | Debug HTML (nếu fail): D:\TIỂU LUẬN CHUYÊN NGÀNH\TLCN-Travel\ingestion\transport\logs\debug_html
2026-09-26 17:24:18,185 | INFO     | ======================================================================
2026-09-26 18:22:42,851 | INFO     | ======================================================================
2026-09-26 18:22:42,854 | INFO     | VEXERE TRANSPORT CRAWLER (fixed)
2026-09-26 18:22:42,854 | INFO     | Ngày crawl: 27-09-2026 (ngày MAI)
2026-09-26 18:22:42,854 | INFO     | Max: 10 chuyến / tuyến
2026-09-26 18:22:42,855 | INFO     | ======================================================================
2026-09-26 18:22:47,000 | INFO     | ======================================================================
2026-09-26 18:22:47,001 | INFO     | VEXERE TRANSPORT CRAWLER (fixed)
2026-09-26 18:22:47,001 | INFO     | Ngày crawl: 27-09-2026 (ngày MAI)
2026-09-26 18:22:47,001 | INFO     | Max: 10 chuyến / tuyến
2026-09-26 18:22:47,002 | INFO     | ======================================================================
2026-09-26 18:47:17,988 | INFO     | ======================================================================
2026-09-26 18:47:17,988 | INFO     | VEXERE TRANSPORT CRAWLER (fixed)
2026-09-26 18:47:17,989 | INFO     | Ngày crawl: 27-09-2026 (ngày MAI)
2026-09-26 18:47:17,989 | INFO     | Max: 10 chuyến / tuyến
2026-09-26 18:47:17,989 | INFO     | ======================================================================
2026-09-26 18:47:17,990 | INFO     | Đã đọc 121 tuyến từ CSV
2026-09-26 18:47:25,731 | INFO     | ======================================================================
2026-09-26 18:47:25,731 | INFO     | ROUTE 1/121: Hồ Chí Minh -> Vũng Tàu [bus]
2026-09-26 18:47:25,732 | INFO     | URL: https://vexere.com/vi-VN/ve-xe-khach-tu-sai-gon-di-vung-tau-ba-ria-vung-tau-129t2131.html?date=27-09-2026&lt=1
2026-09-26 18:47:34,361 | INFO     | Ticket ban đầu: 20
2026-09-26 18:47:34,373 | INFO     | Ticket hiện tại: 20/10
2026-09-26 18:47:34,388 | INFO     | Tổng ticket cuối: 20
2026-09-26 18:47:34,405 | INFO     | Tìm thấy 20 ticket bus
2026-09-26 18:47:34,628 | INFO     | [1] Hoa Mai | Ghế ngồi 16 chỗ | 11:00 -> 13:25 | 170,000 VND
2026-09-26 18:47:34,850 | INFO     | [2] Anh Quốc Limousine | Limousine 9 chỗ | 20:30 -> 22:50 | 210,000 VND
2026-09-26 18:47:35,018 | INFO     | [3] Huy Hoàng | Limousine 9 chỗ | 09:30 -> 11:50 | 200,000 VND
2026-09-26 18:47:35,246 | INFO     | [4] Vie Limousine | Limousine 9 chỗ | 08:00 -> 10:00 | 230,000 VND
2026-09-26 18:47:35,496 | INFO     | [5] Bến Thành Travel | Limousine 9 chỗ | 09:30 -> 11:05 | 310,000 VND
2026-09-26 18:47:35,708 | INFO     | [6] Phương Trang | Ghế ngồi 28 chỗ | 08:30 -> 12:00 | 170,000 VND
2026-09-26 18:47:35,891 | INFO     | [7] Thành Vinh (Vũng Tàu) | Limousine 9 chỗ | 11:10 -> 13:30 | 210,000 VND
2026-09-26 18:47:36,026 | INFO     | [8] Hồng Minh Travel | Ghế ngồi 7 chỗ | 06:00 -> 09:00 | 160,000 VND
2026-09-26 18:47:36,278 | INFO     | [9] Toàn Thắng - Vũng Tàu | Ghế ngồi 16 chỗ | 13:30 -> 16:30 | 180,000 VND
2026-09-26 18:47:36,431 | INFO     | [10] Hải Vân Vũng Tàu | Limousine 9 chỗ | 08:30 -> 11:25 | 230,000 VND
2026-09-26 18:47:36,432 | INFO     | Hoàn thành Hồ Chí Minh -> Vũng Tàu [bus]: 10 records
2026-09-26 18:47:39,433 | INFO     | ======================================================================
2026-09-26 18:47:39,433 | INFO     | ROUTE 2/121: Hồ Chí Minh -> Bà Rịa [bus]
2026-09-26 18:47:39,433 | INFO     | URL: https://vexere.com/vi-VN/ve-xe-khach-tu-sai-gon-di-ba-ria-ba-ria-vung-tau-129t2132.html?date=27-09-2026&lt=1
2026-09-26 18:47:47,177 | WARNING  | Hồ Chí Minh -> Bà Rịa: Không tìm thấy ticket (có thể hết chuyến ngày 27-09-2026 hoặc URL sai)
2026-09-26 18:47:47,266 | INFO     | Đã lưu HTML debug: D:\TIỂU LUẬN CHUYÊN NGÀNH\TLCN-Travel\ingestion\transport\logs\debug_html\Hồ_Chí_Minh_Bà_Rịa.html
2026-09-26 18:47:50,267 | INFO     | ======================================================================
2026-09-26 18:47:50,268 | INFO     | ROUTE 3/121: Hồ Chí Minh -> Biên Hòa [bus]
2026-09-26 18:47:50,268 | INFO     | URL: https://vexere.com/vi-VN/ve-xe-khach-tu-sai-gon-di-bien-hoa-dong-nai-129t751.html?date=27-09-2026&lt=1
2026-09-26 18:47:59,834 | INFO     | Ticket ban đầu: 20
2026-09-26 18:47:59,845 | INFO     | Ticket hiện tại: 20/10
2026-09-26 18:47:59,859 | INFO     | Tổng ticket cuối: 20
2026-09-26 18:47:59,878 | INFO     | Tìm thấy 20 ticket bus
2026-09-26 18:48:00,050 | INFO     | [1] Hoa Mai | Limousine 9 chỗ | 11:30 -> 14:05 | 230,000 VND
2026-09-26 18:48:00,209 | INFO     | [2] Huệ Nghĩa Limousine | Ghế ngồi 16 chỗ | 22:32 -> 23:20 | 130,000 VND
2026-09-26 18:48:00,326 | INFO     | [3] Toàn Thắng - Vũng Tàu | Ghế ngồi 16 chỗ | 14:30 -> 17:00 | 170,000 VND
2026-09-26 18:48:00,512 | INFO     | [4] Hoa Mai | Ghế ngồi 16 chỗ | 13:00 -> 15:10 | 180,000 VND
2026-09-26 18:48:00,670 | INFO     | [5] Hoa Mai | Ghế ngồi 16 chỗ | 05:30 -> 07:40 | 180,000 VND
2026-09-26 18:48:00,869 | INFO     | [6] Huệ Nghĩa Limousine | Ghế ngồi 16 chỗ | 15:02 -> 15:50 | 130,000 VND
2026-09-26 18:48:01,061 | INFO     | [7] Huệ Nghĩa Limousine | Ghế ngồi 16 chỗ | 14:32 -> 15:20 | 130,000 VND
2026-09-26 18:48:01,285 | INFO     | [8] Toàn Thắng - Vũng Tàu | Limousine 9 chỗ | 13:00 -> 15:30 | 220,000 VND
2026-09-26 18:48:01,463 | INFO     | [9] Toàn Thắng - Vũng Tàu | Ghế ngồi 16 chỗ | 07:30 -> 10:00 | 170,000 VND
2026-09-26 18:48:01,653 | INFO     | [10] Hoa Mai | Ghế ngồi 16 chỗ | 15:00 -> 17:40 | 180,000 VND
2026-09-26 18:48:01,653 | INFO     | Hoàn thành Hồ Chí Minh -> Biên Hòa [bus]: 10 records
2026-09-26 18:48:04,654 | INFO     | ======================================================================
2026-09-26 18:48:04,655 | INFO     | ROUTE 4/121: Hồ Chí Minh -> Đồng Nai [bus]
2026-09-26 18:48:04,655 | INFO     | URL: https://vexere.com/vi-VN/ve-xe-khach-tu-sai-gon-di-dong-nai-129t75.html?date=27-09-2026&lt=1
2026-09-26 18:48:11,634 | WARNING  | Hồ Chí Minh -> Đồng Nai: Không tìm thấy ticket (có thể hết chuyến ngày 27-09-2026 hoặc URL sai)
2026-09-26 18:48:11,736 | INFO     | Đã lưu HTML debug: D:\TIỂU LUẬN CHUYÊN NGÀNH\TLCN-Travel\ingestion\transport\logs\debug_html\Hồ_Chí_Minh_Đồng_Nai.html
2026-09-26 18:48:14,736 | INFO     | ======================================================================
2026-09-26 18:48:14,737 | INFO     | ROUTE 5/121: Hồ Chí Minh -> Long Khánh [bus]
2026-09-26 18:48:14,737 | INFO     | URL: https://vexere.com/vi-VN/ve-xe-khach-tu-sai-gon-di-long-khanh-dong-nai-129t752.html?date=27-09-2026&lt=1
2026-09-26 18:48:22,511 | WARNING  | Hồ Chí Minh -> Long Khánh: Không tìm thấy ticket (có thể hết chuyến ngày 27-09-2026 hoặc URL sai)
2026-09-26 18:48:22,619 | INFO     | Đã lưu HTML debug: D:\TIỂU LUẬN CHUYÊN NGÀNH\TLCN-Travel\ingestion\transport\logs\debug_html\Hồ_Chí_Minh_Long_Khánh.html
2026-09-26 18:48:25,620 | INFO     | ======================================================================
2026-09-26 18:48:25,620 | INFO     | ROUTE 6/121: Hồ Chí Minh -> Bình Dương [bus]
2026-09-26 18:48:25,621 | INFO     | URL: https://vexere.com/vi-VN/ve-xe-khach-tu-sai-gon-di-binh-duong-129t74.html?date=27-09-2026&lt=1
2026-09-26 18:48:32,648 | WARNING  | Hồ Chí Minh -> Bình Dương: Không tìm thấy ticket (có thể hết chuyến ngày 27-09-2026 hoặc URL sai)
2026-09-26 18:48:32,759 | INFO     | Đã lưu HTML debug: D:\TIỂU LUẬN CHUYÊN NGÀNH\TLCN-Travel\ingestion\transport\logs\debug_html\Hồ_Chí_Minh_Bình_Dương.html
2026-09-26 18:48:35,759 | INFO     | ======================================================================
2026-09-26 18:48:35,760 | INFO     | ROUTE 7/121: Hồ Chí Minh -> Thủ Dầu Một [bus]
2026-09-26 18:48:35,760 | INFO     | URL: https://vexere.com/vi-VN/ve-xe-khach-tu-sai-gon-di-thu-dau-mot-binh-duong-129t741.html?date=27-09-2026&lt=1
2026-09-26 18:48:43,189 | WARNING  | Hồ Chí Minh -> Thủ Dầu Một: Không tìm thấy ticket (có thể hết chuyến ngày 27-09-2026 hoặc URL sai)
2026-09-26 18:48:43,305 | INFO     | Đã lưu HTML debug: D:\TIỂU LUẬN CHUYÊN NGÀNH\TLCN-Travel\ingestion\transport\logs\debug_html\Hồ_Chí_Minh_Thủ_Dầu_Một.html
2026-09-26 18:48:46,306 | INFO     | ======================================================================
2026-09-26 18:48:46,306 | INFO     | ROUTE 8/121: Hồ Chí Minh -> Tây Ninh [bus]
2026-09-26 18:48:46,306 | INFO     | URL: https://vexere.com/vi-VN/ve-xe-khach-tu-sai-gon-di-tay-ninh-129t70.html?date=27-09-2026&lt=1
2026-09-26 18:48:53,211 | WARNING  | Hồ Chí Minh -> Tây Ninh: Không tìm thấy ticket (có thể hết chuyến ngày 27-09-2026 hoặc URL sai)
2026-09-26 18:48:53,304 | INFO     | Đã lưu HTML debug: D:\TIỂU LUẬN CHUYÊN NGÀNH\TLCN-Travel\ingestion\transport\logs\debug_html\Hồ_Chí_Minh_Tây_Ninh.html
2026-09-26 18:48:56,304 | INFO     | ======================================================================
2026-09-26 18:48:56,304 | INFO     | ROUTE 9/121: Hồ Chí Minh -> Bình Phước [bus]
2026-09-26 18:48:56,305 | INFO     | URL: https://vexere.com/vi-VN/ve-xe-khach-tu-sai-gon-di-binh-phuoc-129t70.html?date=27-09-2026&lt=1
2026-09-26 18:49:03,414 | WARNING  | Hồ Chí Minh -> Bình Phước: Không tìm thấy ticket (có thể hết chuyến ngày 27-09-2026 hoặc URL sai)
2026-09-26 18:49:03,507 | INFO     | Đã lưu HTML debug: D:\TIỂU LUẬN CHUYÊN NGÀNH\TLCN-Travel\ingestion\transport\logs\debug_html\Hồ_Chí_Minh_Bình_Phước.html
2026-09-26 18:49:06,508 | INFO     | ======================================================================
2026-09-26 18:49:06,509 | INFO     | ROUTE 10/121: Hồ Chí Minh -> Long An [bus]
2026-09-26 18:49:06,509 | INFO     | URL: https://vexere.com/vi-VN/ve-xe-khach-tu-sai-gon-di-long-an-129t80.html?date=27-09-2026&lt=1
2026-09-26 18:49:13,376 | WARNING  | Hồ Chí Minh -> Long An: Không tìm thấy ticket (có thể hết chuyến ngày 27-09-2026 hoặc URL sai)
2026-09-26 18:49:13,451 | INFO     | Đã lưu HTML debug: D:\TIỂU LUẬN CHUYÊN NGÀNH\TLCN-Travel\ingestion\transport\logs\debug_html\Hồ_Chí_Minh_Long_An.html
2026-09-26 18:49:16,452 | INFO     | ======================================================================
2026-09-26 18:49:16,452 | INFO     | ROUTE 11/121: Hồ Chí Minh -> Tân An [bus]
2026-09-26 18:49:16,453 | INFO     | URL: https://vexere.com/vi-VN/ve-xe-khach-tu-sai-gon-di-tan-an-long-an-129t801.html?date=27-09-2026&lt=1
2026-09-26 18:49:23,568 | WARNING  | Hồ Chí Minh -> Tân An: Không tìm thấy ticket (có thể hết chuyến ngày 27-09-2026 hoặc URL sai)
2026-09-26 18:49:23,659 | INFO     | Đã lưu HTML debug: D:\TIỂU LUẬN CHUYÊN NGÀNH\TLCN-Travel\ingestion\transport\logs\debug_html\Hồ_Chí_Minh_Tân_An.html
2026-09-26 18:49:26,660 | INFO     | ======================================================================
2026-09-26 18:49:26,660 | INFO     | ROUTE 12/121: Hồ Chí Minh -> Tiền Giang [bus]
2026-09-26 18:49:26,660 | INFO     | URL: https://vexere.com/vi-VN/ve-xe-khach-tu-sai-gon-di-tien-giang-129t82.html?date=27-09-2026&lt=1
2026-09-26 18:49:35,729 | INFO     | Ticket ban đầu: 3
2026-09-26 18:49:35,735 | INFO     | Ticket hiện tại: 3/10
2026-09-26 18:49:35,807 | INFO     | Không còn nút 'Xem thêm chuyến'
2026-09-26 18:49:35,835 | INFO     | Tổng ticket cuối: 3
2026-09-26 18:49:35,860 | INFO     | Tìm thấy 3 ticket bus
2026-09-26 18:49:36,034 | INFO     | [1] Vương Chi HP | Limousine 22 phòng VIP | 03:30 -> 04:30 | 1 VND
2026-09-26 18:49:36,199 | INFO     | [2] Vương Chi HP | Limousine 22 phòng VIP | 03:30 -> 05:20 | 1 VND
2026-09-26 18:49:36,434 | INFO     | [3] Vương Chi HP | Limousine 22 phòng VIP | 03:30 -> 04:00 | 1 VND
2026-09-26 18:49:36,435 | INFO     | Hoàn thành Hồ Chí Minh -> Tiền Giang [bus]: 3 records
2026-09-26 18:49:39,435 | INFO     | ======================================================================
2026-09-26 18:49:39,435 | INFO     | ROUTE 13/121: Hồ Chí Minh -> Mỹ Tho [bus]
2026-09-26 18:49:39,436 | INFO     | URL: https://vexere.com/vi-VN/ve-xe-khach-tu-sai-gon-di-my-tho-tien-giang-129t821.html?date=27-09-2026&lt=1
2026-09-26 18:49:49,403 | INFO     | Ticket ban đầu: 20
2026-09-26 18:49:49,430 | INFO     | Ticket hiện tại: 20/10
2026-09-26 18:49:49,459 | INFO     | Tổng ticket cuối: 20
2026-09-26 18:49:49,492 | INFO     | Tìm thấy 20 ticket bus
2026-09-26 18:49:49,733 | INFO     | [1] Minh Đức (Huế) | Limousine 32 phòng (WC) | 05:30 -> 01:30 | 580,000 VND
2026-09-26 18:49:49,955 | INFO     | [2] Quang Dũng VIP Limousine | Limousine 22 phòng (Có WC) | 10:30 -> 05:30 | 1,000,000 VND
2026-09-26 18:49:50,091 | INFO     | [3] Phi Long (Mậu Hường) | Giường nằm 40 chỗ | 05:45 -> 02:20 | 500,000 VND
2026-09-26 18:49:50,280 | INFO     | [4] Minh Đức (Huế) | Limousine 32 phòng (WC) | 06:30 -> 01:30 | 580,000 VND
2026-09-26 18:49:50,403 | INFO     | [5] Phi Long (Mậu Hường) | Giường nằm 40 chỗ | 06:15 -> 02:20 | 500,000 VND
2026-09-26 18:49:50,567 | INFO     | [6] Quang Dũng VIP Limousine | Limousine 22 phòng (Có WC) | 11:00 -> 05:30 | 1,000,000 VND
2026-09-26 18:49:50,717 | INFO     | [7] Quang Dũng VIP Limousine | Giường phòng 32 chỗ (Có WC) | 07:00 -> 02:00 | 750,000 VND
2026-09-26 18:49:50,890 | INFO     | [8] Quang Dũng VIP Limousine | Giường phòng 32 chỗ (Có WC) | 07:30 -> 02:00 | 750,000 VND
2026-09-26 18:49:51,159 | INFO     | [9] Quang Dũng VIP Limousine | Limousine 22 phòng (Có WC) | 11:00 -> 05:50 | 850,000 VND
2026-09-26 18:49:51,303 | INFO     | [10] Tân Quang Dũng | Limousine 32 phòng (WC) | 11:00 -> 10:30 | 630,000 VND
2026-09-26 18:49:51,303 | INFO     | Hoàn thành Hồ Chí Minh -> Mỹ Tho [bus]: 10 records
2026-09-26 18:49:54,304 | INFO     | ======================================================================
2026-09-26 18:49:54,304 | INFO     | ROUTE 14/121: Hồ Chí Minh -> Bến Tre [bus]
2026-09-26 18:49:54,304 | INFO     | URL: https://vexere.com/vi-VN/ve-xe-khach-tu-sai-gon-di-ben-tre-129t83.html?date=27-09-2026&lt=1
2026-09-26 18:50:01,474 | WARNING  | Hồ Chí Minh -> Bến Tre: Không tìm thấy ticket (có thể hết chuyến ngày 27-09-2026 hoặc URL sai)
2026-09-26 18:50:01,558 | INFO     | Đã lưu HTML debug: D:\TIỂU LUẬN CHUYÊN NGÀNH\TLCN-Travel\ingestion\transport\logs\debug_html\Hồ_Chí_Minh_Bến_Tre.html
2026-09-26 18:50:04,559 | INFO     | ======================================================================
2026-09-26 18:50:04,560 | INFO     | ROUTE 15/121: Hồ Chí Minh -> Trà Vinh [bus]
2026-09-26 18:50:04,560 | INFO     | URL: https://vexere.com/vi-VN/ve-xe-khach-tu-sai-gon-di-tra-vinh-129t84.html?date=27-09-2026&lt=1
2026-09-26 18:50:11,341 | WARNING  | Hồ Chí Minh -> Trà Vinh: Không tìm thấy ticket (có thể hết chuyến ngày 27-09-2026 hoặc URL sai)
2026-09-26 18:50:11,428 | INFO     | Đã lưu HTML debug: D:\TIỂU LUẬN CHUYÊN NGÀNH\TLCN-Travel\ingestion\transport\logs\debug_html\Hồ_Chí_Minh_Trà_Vinh.html
2026-09-26 18:50:14,429 | INFO     | ======================================================================
2026-09-26 18:50:14,430 | INFO     | ROUTE 16/121: Hồ Chí Minh -> Vĩnh Long [bus]
2026-09-26 18:50:14,430 | INFO     | URL: https://vexere.com/vi-VN/ve-xe-khach-tu-sai-gon-di-vinh-long-129t86.html?date=27-09-2026&lt=1
2026-09-26 18:50:21,376 | WARNING  | Hồ Chí Minh -> Vĩnh Long: Không tìm thấy ticket (có thể hết chuyến ngày 27-09-2026 hoặc URL sai)
2026-09-26 18:50:21,468 | INFO     | Đã lưu HTML debug: D:\TIỂU LUẬN CHUYÊN NGÀNH\TLCN-Travel\ingestion\transport\logs\debug_html\Hồ_Chí_Minh_Vĩnh_Long.html
2026-09-26 18:50:24,468 | INFO     | ======================================================================
2026-09-26 18:50:24,469 | INFO     | ROUTE 17/121: Hồ Chí Minh -> Đồng Tháp [bus]
2026-09-26 18:50:24,469 | INFO     | URL: https://vexere.com/vi-VN/ve-xe-khach-tu-sai-gon-di-dong-thap-129t87.html?date=27-09-2026&lt=1
2026-09-26 18:50:31,333 | WARNING  | Hồ Chí Minh -> Đồng Tháp: Không tìm thấy ticket (có thể hết chuyến ngày 27-09-2026 hoặc URL sai)
2026-09-26 18:50:31,426 | INFO     | Đã lưu HTML debug: D:\TIỂU LUẬN CHUYÊN NGÀNH\TLCN-Travel\ingestion\transport\logs\debug_html\Hồ_Chí_Minh_Đồng_Tháp.html
2026-09-26 18:50:34,427 | INFO     | ======================================================================
2026-09-26 18:50:34,427 | INFO     | ROUTE 18/121: Hồ Chí Minh -> Cao Lãnh [bus]
2026-09-26 18:50:34,428 | INFO     | URL: https://vexere.com/vi-VN/ve-xe-khach-tu-sai-gon-di-cao-lanh-dong-thap-129t871.html?date=27-09-2026&lt=1
2026-09-26 18:50:44,095 | INFO     | Ticket ban đầu: 20
2026-09-26 18:50:44,118 | INFO     | Ticket hiện tại: 20/10
2026-09-26 18:50:44,141 | INFO     | Tổng ticket cuối: 20
2026-09-26 18:50:44,160 | INFO     | Tìm thấy 20 ticket bus
2026-09-26 18:50:44,341 | INFO     | [1] Chí Dũng | Ghế ngồi 16 chỗ | 18:00 -> 20:30 | 120,000 VND
2026-09-26 18:50:44,540 | INFO     | [2] Tiến Đạt (Bến Tre) | Ghế ngồi 16 chỗ | 07:00 -> 09:50 | 120,000 VND
2026-09-26 18:50:44,724 | INFO     | [3] Phương Trang | Limousine giường nằm 34 chỗ | 16:00 -> 20:00 | 170,000 VND
2026-09-26 18:50:44,982 | INFO     | [4] Kim Anh (Bến Tre) | Ghế ngồi 16 chỗ | 13:00 -> 15:45 | 140,000 VND
2026-09-26 18:50:45,151 | INFO     | [5] Kim Hoàng | Giường Nằm 41 chỗ | 08:00 -> 10:00 | 160,000 VND
2026-09-26 18:50:45,372 | INFO     | [6] Phát Tài | Giường nằm 41 chỗ | 18:30 -> 22:15 | 13 VND
2026-09-26 18:50:45,563 | INFO     | [7] Tân Thanh Thuỷ | Giường nằm 45 chỗ (TV) | 12:00 -> 13:50 | 120,000 VND
2026-09-26 18:50:45,711 | INFO     | [8] Tân Niên | Limousine Phòng Đôi 24 chỗ | 22:45 -> 00:30 | 210,000 VND
2026-09-26 18:50:45,896 | INFO     | [9] Tiến Đạt (Bến Tre) | Ghế ngồi 16 chỗ | 08:30 -> 10:30 | 120,000 VND
2026-09-26 18:50:46,040 | INFO     | [10] Tiến Đạt (Bến Tre) | Ghế ngồi 16 chỗ | 18:30 -> 20:30 | 120,000 VND
2026-09-26 18:50:46,041 | INFO     | Hoàn thành Hồ Chí Minh -> Cao Lãnh [bus]: 10 records
2026-09-26 18:50:49,041 | INFO     | ======================================================================
2026-09-26 18:50:49,042 | INFO     | ROUTE 19/121: Hồ Chí Minh -> Sa Đéc [bus]
2026-09-26 18:50:49,042 | INFO     | URL: https://vexere.com/vi-VN/ve-xe-khach-tu-sai-gon-di-sa-dec-dong-thap-129t872.html?date=27-09-2026&lt=1
2026-09-26 18:50:56,819 | WARNING  | Hồ Chí Minh -> Sa Đéc: Không tìm thấy ticket (có thể hết chuyến ngày 27-09-2026 hoặc URL sai)
2026-09-26 18:50:56,894 | INFO     | Đã lưu HTML debug: D:\TIỂU LUẬN CHUYÊN NGÀNH\TLCN-Travel\ingestion\transport\logs\debug_html\Hồ_Chí_Minh_Sa_Đéc.html
2026-09-26 18:50:59,895 | INFO     | ======================================================================
2026-09-26 18:50:59,895 | INFO     | ROUTE 20/121: Hồ Chí Minh -> An Giang [bus]
2026-09-26 18:50:59,896 | INFO     | URL: https://vexere.com/vi-VN/ve-xe-khach-tu-sai-gon-di-an-giang-129t89.html?date=27-09-2026&lt=1
2026-09-26 18:51:06,879 | WARNING  | Hồ Chí Minh -> An Giang: Không tìm thấy ticket (có thể hết chuyến ngày 27-09-2026 hoặc URL sai)
2026-09-26 18:51:06,971 | INFO     | Đã lưu HTML debug: D:\TIỂU LUẬN CHUYÊN NGÀNH\TLCN-Travel\ingestion\transport\logs\debug_html\Hồ_Chí_Minh_An_Giang.html
2026-09-26 18:51:09,972 | INFO     | ======================================================================
2026-09-26 18:51:09,973 | INFO     | ROUTE 21/121: Hồ Chí Minh -> Long Xuyên [bus]
2026-09-26 18:51:09,973 | INFO     | URL: https://vexere.com/vi-VN/ve-xe-khach-tu-sai-gon-di-long-xuyen-an-giang-129t891.html?date=27-09-2026&lt=1
2026-09-26 18:51:20,114 | INFO     | Ticket ban đầu: 20
2026-09-26 18:51:20,129 | INFO     | Ticket hiện tại: 20/10
2026-09-26 18:51:20,143 | INFO     | Tổng ticket cuối: 20
2026-09-26 18:51:20,157 | INFO     | Tìm thấy 20 ticket bus
2026-09-26 18:51:20,442 | INFO     | [1] Phương Anh (Phan Thiết) | Giường nằm 40 chỗ | 08:00 -> 08:00 | 180,000 VND
2026-09-26 18:51:20,670 | INFO     | [2] Hoàng Yến Logistics | Limousine 9 chỗ | 10:00 -> 11:15 | 220,000 VND
2026-09-26 18:51:20,858 | INFO     | [3] Petro Bình Phước | Solati Limousine 10 chỗ | 09:30 -> 11:30 | 230,000 VND
2026-09-26 18:51:21,009 | INFO     | [4] Toàn Thắng - Vũng Tàu | Ghế ngồi 16 chỗ | 17:00 -> 20:30 | 160,000 VND
2026-09-26 18:51:21,119 | INFO     | [5] Thịnh Phát Xanh | Ghế 7 chỗ ngồi | 06:00 -> 10:00 | 297,500 VND
2026-09-26 18:51:21,328 | INFO     | [6] Trường Thịnh Limousine | Limousine 11 chỗ | 11:00 -> 11:30 | 120,000 VND
2026-09-26 18:51:21,488 | INFO     | [7] Tuấn Hiệp | Limousine giường nằm 36 chỗ | 00:50 -> 08:50 | 290,000 VND
2026-09-26 18:51:21,711 | INFO     | [8] Hoàng Yến Logistics | Ghế ngồi 16 chỗ | 12:05 -> 13:20 | 170,000 VND
2026-09-26 18:51:22,101 | INFO     | [9] Hoàng Yến Logistics | Ghế ngồi 16 chỗ | 19:30 -> 20:15 | 150,000 VND
2026-09-26 18:51:22,385 | INFO     | [10] Toàn Thắng - Vũng Tàu | Ghế ngồi 16 chỗ | 12:00 -> 14:30 | 160,000 VND
2026-09-26 18:51:22,385 | INFO     | Hoàn thành Hồ Chí Minh -> Long Xuyên [bus]: 10 records
2026-09-26 18:51:25,386 | INFO     | ======================================================================
2026-09-26 18:51:25,386 | INFO     | ROUTE 22/121: Hồ Chí Minh -> Châu Đốc [bus]
2026-09-26 18:51:25,386 | INFO     | URL: https://vexere.com/vi-VN/ve-xe-khach-tu-sai-gon-di-chau-doc-an-giang-129t892.html?date=27-09-2026&lt=1
2026-09-26 18:51:33,028 | WARNING  | Hồ Chí Minh -> Châu Đốc: Không tìm thấy ticket (có thể hết chuyến ngày 27-09-2026 hoặc URL sai)
2026-09-26 18:51:33,169 | INFO     | Đã lưu HTML debug: D:\TIỂU LUẬN CHUYÊN NGÀNH\TLCN-Travel\ingestion\transport\logs\debug_html\Hồ_Chí_Minh_Châu_Đốc.html
2026-09-26 18:51:36,170 | INFO     | ======================================================================
2026-09-26 18:51:36,170 | INFO     | ROUTE 23/121: Hồ Chí Minh -> Kiên Giang [bus]
2026-09-26 18:51:36,170 | INFO     | URL: https://vexere.com/vi-VN/ve-xe-khach-tu-sai-gon-di-kien-giang-129t91.html?date=27-09-2026&lt=1
2026-09-26 18:51:43,436 | WARNING  | Hồ Chí Minh -> Kiên Giang: Không tìm thấy ticket (có thể hết chuyến ngày 27-09-2026 hoặc URL sai)
2026-09-26 18:51:43,535 | INFO     | Đã lưu HTML debug: D:\TIỂU LUẬN CHUYÊN NGÀNH\TLCN-Travel\ingestion\transport\logs\debug_html\Hồ_Chí_Minh_Kiên_Giang.html
2026-09-26 18:51:46,536 | INFO     | ======================================================================
2026-09-26 18:51:46,536 | INFO     | ROUTE 24/121: Hồ Chí Minh -> Rạch Giá [bus]
2026-09-26 18:51:46,536 | INFO     | URL: https://vexere.com/vi-VN/ve-xe-khach-tu-sai-gon-di-rach-gia-kien-giang-129t911.html?date=27-09-2026&lt=1
2026-09-26 18:51:56,716 | INFO     | Ticket ban đầu: 20
2026-09-26 18:51:56,725 | INFO     | Ticket hiện tại: 20/10
2026-09-26 18:51:56,752 | INFO     | Tổng ticket cuối: 20
2026-09-26 18:51:56,789 | INFO     | Tìm thấy 20 ticket bus
2026-09-26 18:51:56,985 | INFO     | [1] Hoa Mai | Ghế ngồi 10 chỗ | 12:30 -> 14:45 | 180,000 VND
2026-09-26 18:51:57,164 | INFO     | [2] Hoa Mai | Ghế ngồi 10 chỗ | 07:00 -> 09:15 | 180,000 VND
2026-09-26 18:51:57,415 | INFO     | [3] Hoa Mai | Ghế ngồi 10 chỗ | 12:00 -> 14:15 | 180,000 VND
2026-09-26 18:51:57,718 | INFO     | [4] Hoa Mai | Ghế ngồi 10 chỗ | 11:00 -> 13:15 | 180,000 VND
2026-09-26 18:51:57,959 | INFO     | [5] Hoa Mai | Ghế ngồi 10 chỗ | 05:00 -> 07:15 | 180,000 VND
2026-09-26 18:51:58,187 | INFO     | [6] Hoa Mai | Ghế ngồi 10 chỗ | 16:00 -> 18:15 | 180,000 VND
2026-09-26 18:51:58,394 | INFO     | [7] Hoa Mai | Ghế ngồi 10 chỗ | 14:00 -> 15:45 | 180,000 VND
2026-09-26 18:51:58,637 | INFO     | [8] Hoa Mai | Ghế ngồi 10 chỗ | 06:00 -> 08:15 | 180,000 VND
2026-09-26 18:51:59,018 | INFO     | [9] Hoa Mai | Ghế ngồi 10 chỗ | 17:00 -> 19:15 | 180,000 VND
2026-09-26 18:51:59,300 | INFO     | [10] Hoa Mai | Ghế ngồi 10 chỗ | 15:00 -> 17:15 | 180,000 VND
2026-09-26 18:51:59,300 | INFO     | Hoàn thành Hồ Chí Minh -> Rạch Giá [bus]: 10 records
2026-09-26 18:52:02,302 | INFO     | ======================================================================
2026-09-26 18:52:02,302 | INFO     | ROUTE 25/121: Hồ Chí Minh -> Hà Tiên [bus]
2026-09-26 18:52:02,302 | INFO     | URL: https://vexere.com/vi-VN/ve-xe-khach-tu-sai-gon-di-ha-tien-kien-giang-129t912.html?date=27-09-2026&lt=1
2026-09-26 18:52:10,495 | WARNING  | Hồ Chí Minh -> Hà Tiên: Không tìm thấy ticket (có thể hết chuyến ngày 27-09-2026 hoặc URL sai)
2026-09-26 18:52:10,609 | INFO     | Đã lưu HTML debug: D:\TIỂU LUẬN CHUYÊN NGÀNH\TLCN-Travel\ingestion\transport\logs\debug_html\Hồ_Chí_Minh_Hà_Tiên.html
2026-09-26 18:52:13,610 | INFO     | ======================================================================
2026-09-26 18:52:13,610 | INFO     | ROUTE 26/121: Hồ Chí Minh -> Cần Thơ [bus]
2026-09-26 18:52:13,610 | INFO     | URL: https://vexere.com/vi-VN/ve-xe-khach-tu-sai-gon-di-can-tho-129t13.html?date=27-09-2026&lt=1
2026-09-26 18:52:20,662 | WARNING  | Hồ Chí Minh -> Cần Thơ: Không tìm thấy ticket (có thể hết chuyến ngày 27-09-2026 hoặc URL sai)
2026-09-26 18:52:20,792 | INFO     | Đã lưu HTML debug: D:\TIỂU LUẬN CHUYÊN NGÀNH\TLCN-Travel\ingestion\transport\logs\debug_html\Hồ_Chí_Minh_Cần_Thơ.html
2026-09-26 18:52:23,793 | INFO     | ======================================================================
2026-09-26 18:52:23,793 | INFO     | ROUTE 27/121: Hồ Chí Minh -> Hậu Giang [bus]
2026-09-26 18:52:23,794 | INFO     | URL: https://vexere.com/vi-VN/ve-xe-khach-tu-sai-gon-di-hau-giang-129t93.html?date=27-09-2026&lt=1
2026-09-26 18:52:30,863 | WARNING  | Hồ Chí Minh -> Hậu Giang: Không tìm thấy ticket (có thể hết chuyến ngày 27-09-2026 hoặc URL sai)
2026-09-26 18:52:30,953 | INFO     | Đã lưu HTML debug: D:\TIỂU LUẬN CHUYÊN NGÀNH\TLCN-Travel\ingestion\transport\logs\debug_html\Hồ_Chí_Minh_Hậu_Giang.html
2026-09-26 18:52:33,953 | INFO     | ======================================================================
2026-09-26 18:52:33,954 | INFO     | ROUTE 28/121: Hồ Chí Minh -> Sóc Trăng [bus]
2026-09-26 18:52:33,954 | INFO     | URL: https://vexere.com/vi-VN/ve-xe-khach-tu-sai-gon-di-soc-trang-129t94.html?date=27-09-2026&lt=1
2026-09-26 18:52:40,905 | WARNING  | Hồ Chí Minh -> Sóc Trăng: Không tìm thấy ticket (có thể hết chuyến ngày 27-09-2026 hoặc URL sai)
2026-09-26 18:52:41,020 | INFO     | Đã lưu HTML debug: D:\TIỂU LUẬN CHUYÊN NGÀNH\TLCN-Travel\ingestion\transport\logs\debug_html\Hồ_Chí_Minh_Sóc_Trăng.html
2026-09-26 18:52:44,020 | INFO     | ======================================================================
2026-09-26 18:52:44,020 | INFO     | ROUTE 29/121: Hồ Chí Minh -> Bạc Liêu [bus]
2026-09-26 18:52:44,021 | INFO     | URL: https://vexere.com/vi-VN/ve-xe-khach-tu-sai-gon-di-bac-lieu-129t95.html?date=27-09-2026&lt=1
2026-09-26 18:52:51,602 | WARNING  | Hồ Chí Minh -> Bạc Liêu: Không tìm thấy ticket (có thể hết chuyến ngày 27-09-2026 hoặc URL sai)
2026-09-26 18:52:51,678 | INFO     | Đã lưu HTML debug: D:\TIỂU LUẬN CHUYÊN NGÀNH\TLCN-Travel\ingestion\transport\logs\debug_html\Hồ_Chí_Minh_Bạc_Liêu.html
2026-09-26 18:52:54,678 | INFO     | ======================================================================
2026-09-26 18:52:54,678 | INFO     | ROUTE 30/121: Hồ Chí Minh -> Cà Mau [bus]
2026-09-26 18:52:54,679 | INFO     | URL: https://vexere.com/vi-VN/ve-xe-khach-tu-sai-gon-di-ca-mau-129t96.html?date=27-09-2026&lt=1
2026-09-26 18:53:01,541 | WARNING  | Hồ Chí Minh -> Cà Mau: Không tìm thấy ticket (có thể hết chuyến ngày 27-09-2026 hoặc URL sai)
2026-09-26 18:53:01,622 | INFO     | Đã lưu HTML debug: D:\TIỂU LUẬN CHUYÊN NGÀNH\TLCN-Travel\ingestion\transport\logs\debug_html\Hồ_Chí_Minh_Cà_Mau.html
2026-09-26 18:53:04,623 | INFO     | ======================================================================
2026-09-26 18:53:04,623 | INFO     | ROUTE 31/121: Hồ Chí Minh -> Phan Thiết [bus]
2026-09-26 18:53:04,623 | INFO     | URL: https://vexere.com/vi-VN/ve-xe-khach-tu-sai-gon-di-phan-thiet-binh-thuan-129t159.html?date=27-09-2026&lt=1
2026-09-26 18:53:14,303 | INFO     | Ticket ban đầu: 20
2026-09-26 18:53:14,313 | INFO     | Ticket hiện tại: 20/10
2026-09-26 18:53:14,327 | INFO     | Tổng ticket cuối: 20
2026-09-26 18:53:14,341 | INFO     | Tìm thấy 20 ticket bus
2026-09-26 18:53:14,453 | INFO     | [1] Hảo | Giường nằm 40 chỗ | 10:55 -> 17:25 | 210,000 VND
2026-09-26 18:53:14,578 | INFO     | [2] Anh Tuấn (Bạc Liêu) | Limousine 22 phòng đơn | 11:30 -> 17:30 | 280,000 VND
2026-09-26 18:53:14,751 | INFO     | [3] Ngọc Ánh (Sài Gòn) | Giường nằm 44 chỗ | 07:00 -> 14:15 | 210,000 VND
2026-09-26 18:53:14,911 | INFO     | [4] Tuấn Hưng | Giường nằm 40 chỗ | 19:30 -> 01:30 | 200,000 VND
2026-09-26 18:53:15,067 | INFO     | [5] Phương Trang | Limousine giường nằm 34 chỗ | 02:00 -> 08:00 | 260,000 VND
2026-09-26 18:53:15,271 | INFO     | [6] Trí Nhân | Giường nằm 41 chỗ | 08:30 -> 15:02 | 210,000 VND
2026-09-26 18:53:15,423 | INFO     | [7] Tuấn Hiệp | Limousine giường nằm 36 chỗ | 18:00 -> 03:00 | 300,000 VND
2026-09-26 18:53:15,585 | INFO     | [8] Giáp Diệp | Giường nằm 40 chỗ | 16:00 -> 02:20 | 260,000 VND
2026-09-26 18:53:15,707 | INFO     | [9] Cúc Tùng | Limousine giường nằm đơn 21 chỗ (WC) | 23:00 -> 04:15 | 500,000 VND
2026-09-26 18:53:15,815 | INFO     | [10] Hảo | Giường nằm 40 chỗ | 14:45 -> 20:35 | 210,000 VND
2026-09-26 18:53:15,815 | INFO     | Hoàn thành Hồ Chí Minh -> Phan Thiết [bus]: 10 records
2026-09-26 18:53:18,816 | INFO     | ======================================================================
2026-09-26 18:53:18,816 | INFO     | ROUTE 32/121: Hồ Chí Minh -> Mũi Né [bus]
2026-09-26 18:53:18,816 | INFO     | URL: https://vexere.com/vi-VN/ve-xe-khach-tu-sai-gon-di-mui-ne-binh-thuan-129t1592.html?date=27-09-2026&lt=1
2026-09-26 18:53:29,090 | INFO     | Ticket ban đầu: 20
2026-09-26 18:53:29,134 | INFO     | Ticket hiện tại: 20/10
2026-09-26 18:53:29,142 | INFO     | Tổng ticket cuối: 20
2026-09-26 18:53:29,158 | INFO     | Tìm thấy 20 ticket bus
2026-09-26 18:53:29,308 | INFO     | [1] Mai Quyên | Limousine 34 Phòng | 11:00 -> 19:30 | 550,000 VND
2026-09-26 18:53:29,457 | INFO     | [2] Mười Phương Express | Luxury 34 phòng | 18:15 -> 01:15 | 450,000 VND
2026-09-26 18:53:29,589 | INFO     | [3] Rạng Đông Buslines | Limousine 24 Phòng VIP | 21:10 -> 05:30 | 550,000 VND
2026-09-26 18:53:29,724 | INFO     | [4] Trọng Thủy Limousine | Limousine 24 phòng Đôi | 19:20 -> 02:05 | 490,000 VND
2026-09-26 18:53:29,850 | INFO     | [5] Thùy Trang Bình Định | Limousine 24 phòng | 17:20 -> 01:10 | 550,000 VND
2026-09-26 18:53:29,967 | INFO     | [6] Tín Phát Limousine | Limousine 24 Phòng | 17:00 -> 02:20 | 455,000 VND
2026-09-26 18:53:30,085 | INFO     | [7] Tuấn Tú Express | Luxury 34 phòng | 21:15 -> 05:30 | 540,000 VND
2026-09-26 18:53:30,243 | INFO     | [8] Trung Thành | Limousine 24 phòng | 19:41 -> 01:41 | 600,000 VND
2026-09-26 18:53:30,360 | INFO     | [9] Phong Nhung | Limousine 24 Phòng Đôi | 20:00 -> 03:55 | 24 VND
2026-09-26 18:53:30,496 | INFO     | [10] Rạng Đông Buslines | Limousine 34 phòng | 18:10 -> 02:30 | 450,000 VND
2026-09-26 18:53:30,496 | INFO     | Hoàn thành Hồ Chí Minh -> Mũi Né [bus]: 10 records
2026-09-26 18:53:33,497 | INFO     | ======================================================================
2026-09-26 18:53:33,497 | INFO     | ROUTE 33/121: Hồ Chí Minh -> Bình Thuận [bus]
2026-09-26 18:53:33,498 | INFO     | URL: https://vexere.com/vi-VN/ve-xe-khach-tu-sai-gon-di-binh-thuan-129t15.html?date=27-09-2026&lt=1
2026-09-26 18:53:40,610 | WARNING  | Hồ Chí Minh -> Bình Thuận: Không tìm thấy ticket (có thể hết chuyến ngày 27-09-2026 hoặc URL sai)
2026-09-26 18:53:40,726 | INFO     | Đã lưu HTML debug: D:\TIỂU LUẬN CHUYÊN NGÀNH\TLCN-Travel\ingestion\transport\logs\debug_html\Hồ_Chí_Minh_Bình_Thuận.html
2026-09-26 18:53:43,726 | INFO     | ======================================================================
2026-09-26 18:53:43,727 | INFO     | ROUTE 34/121: Hồ Chí Minh -> Phan Rang [bus]
2026-09-26 18:53:43,727 | INFO     | URL: https://vexere.com/vi-VN/ve-xe-khach-tu-sai-gon-di-phan-rang-ninh-thuan-129t58.html?date=27-09-2026&lt=1
2026-09-26 18:53:50,677 | WARNING  | Hồ Chí Minh -> Phan Rang: Không tìm thấy ticket (có thể hết chuyến ngày 27-09-2026 hoặc URL sai)
2026-09-26 18:53:50,770 | INFO     | Đã lưu HTML debug: D:\TIỂU LUẬN CHUYÊN NGÀNH\TLCN-Travel\ingestion\transport\logs\debug_html\Hồ_Chí_Minh_Phan_Rang.html
2026-09-26 18:53:53,770 | INFO     | ======================================================================
2026-09-26 18:53:53,771 | INFO     | ROUTE 35/121: Hồ Chí Minh -> Ninh Thuận [bus]
2026-09-26 18:53:53,771 | INFO     | URL: https://vexere.com/vi-VN/ve-xe-khach-tu-sai-gon-di-ninh-thuan-129t58.html?date=27-09-2026&lt=1
2026-09-26 18:54:00,988 | WARNING  | Hồ Chí Minh -> Ninh Thuận: Không tìm thấy ticket (có thể hết chuyến ngày 27-09-2026 hoặc URL sai)
2026-09-26 18:54:01,073 | INFO     | Đã lưu HTML debug: D:\TIỂU LUẬN CHUYÊN NGÀNH\TLCN-Travel\ingestion\transport\logs\debug_html\Hồ_Chí_Minh_Ninh_Thuận.html
2026-09-26 18:54:04,074 | INFO     | ======================================================================
2026-09-26 18:54:04,074 | INFO     | ROUTE 36/121: Hồ Chí Minh -> Nha Trang [bus]
2026-09-26 18:54:04,075 | INFO     | URL: https://vexere.com/vi-VN/ve-xe-khach-tu-sai-gon-di-nha-trang-khanh-hoa-129t23591.html?date=27-09-2026&lt=1
2026-09-26 18:54:13,856 | INFO     | Ticket ban đầu: 20
2026-09-26 18:54:13,864 | INFO     | Ticket hiện tại: 20/10
2026-09-26 18:54:13,875 | INFO     | Tổng ticket cuối: 20
2026-09-26 18:54:13,884 | INFO     | Tìm thấy 20 ticket bus
2026-09-26 18:54:14,078 | INFO     | [1] Nhật Dương - Bình Minh Bus | Limousine 22 Phòng Đôi Luxury (WC) | 12:30 -> 19:21 | 330,000 VND
2026-09-26 18:54:14,225 | INFO     | [2] Đà Lạt ơi | Limousine 24 Phòng ĐÔI | 23:45 -> 06:15 | 400,000 VND
2026-09-26 18:54:14,382 | INFO     | [3] Phong Phú | Limousine 24 phòng đôi | 23:00 -> 06:40 | 249,000 VND
2026-09-26 18:54:14,582 | INFO     | [4] Huỳnh Gia | Giường nằm 34 chỗ (WC) | 23:00 -> 04:50 | 250,000 VND
2026-09-26 18:54:14,732 | INFO     | [5] Bình Minh Tải | Limousine 32 Phòng VIP (WC) | 14:30 -> 21:15 | 250,000 VND
2026-09-26 18:54:14,882 | INFO     | [6] An Anh Limousine | Limousine 22 Phòng WC | 21:45 -> 07:00 | 429,000 VND
2026-09-26 18:54:14,982 | INFO     | [7] Nam Hải Limousine | Limousine 34 giường | 05:30 -> 12:50 | 280,000 VND
2026-09-26 18:54:15,057 | INFO     | [8] Phúc An Express | Limousine 22 giường phòng (WC) | 20:30 -> 04:00 | 450,000 VND
2026-09-26 18:54:15,186 | INFO     | [9] Khanh Phong | Limousine 32 giường nằm (WC) | 22:20 -> 04:30 | 330,000 VND
2026-09-26 18:54:15,280 | INFO     | [10] Trọng Thủy Limousine | Limousine 24 phòng Đôi | 18:20 -> 01:00 | 520,000 VND
2026-09-26 18:54:15,280 | INFO     | Hoàn thành Hồ Chí Minh -> Nha Trang [bus]: 10 records
2026-09-26 18:54:18,281 | INFO     | ======================================================================
2026-09-26 18:54:18,281 | INFO     | ROUTE 37/121: Hồ Chí Minh -> Khánh Hòa [bus]
2026-09-26 18:54:18,281 | INFO     | URL: https://vexere.com/vi-VN/ve-xe-khach-tu-sai-gon-di-khanh-hoa-129t58.html?date=27-09-2026&lt=1
2026-09-26 18:54:25,234 | WARNING  | Hồ Chí Minh -> Khánh Hòa: Không tìm thấy ticket (có thể hết chuyến ngày 27-09-2026 hoặc URL sai)
2026-09-26 18:54:25,327 | INFO     | Đã lưu HTML debug: D:\TIỂU LUẬN CHUYÊN NGÀNH\TLCN-Travel\ingestion\transport\logs\debug_html\Hồ_Chí_Minh_Khánh_Hòa.html
2026-09-26 18:54:28,328 | INFO     | ======================================================================
2026-09-26 18:54:28,329 | INFO     | ROUTE 38/121: Hồ Chí Minh -> Cam Ranh [bus]
2026-09-26 18:54:28,330 | INFO     | URL: https://vexere.com/vi-VN/ve-xe-khach-tu-sai-gon-di-cam-ranh-khanh-hoa-129t582.html?date=27-09-2026&lt=1
2026-09-26 18:54:37,433 | INFO     | Ticket ban đầu: 4
2026-09-26 18:54:37,441 | INFO     | Ticket hiện tại: 4/10
2026-09-26 18:54:37,508 | INFO     | Không còn nút 'Xem thêm chuyến'
2026-09-26 18:54:37,516 | INFO     | Tổng ticket cuối: 4
2026-09-26 18:54:37,528 | INFO     | Tìm thấy 4 ticket bus
2026-09-26 18:54:37,655 | INFO     | [1] Trọng Thủy Limousine | Limousine 24 phòng Đôi | 17:30 -> 07:55 | 670,000 VND
2026-09-26 18:54:37,843 | INFO     | [2] Bốn Luyện Express | Limousine 24 Phòng | 10:30 -> 01:45 | 855,000 VND
2026-09-26 18:54:38,071 | INFO     | [3] Mai Quyên | Limousine 34 Phòng | 11:00 -> 23:30 | 600,000 VND
2026-09-26 18:54:38,316 | INFO     | [4] Trọng Thủy Limousine | Limousine 24 phòng Đôi | 17:30 -> 07:25 | 670,000 VND
2026-09-26 18:54:38,316 | INFO     | Hoàn thành Hồ Chí Minh -> Cam Ranh [bus]: 4 records
2026-09-26 18:54:41,317 | INFO     | ======================================================================
2026-09-26 18:54:41,317 | INFO     | ROUTE 39/121: Hồ Chí Minh -> Đà Lạt [bus]
2026-09-26 18:54:41,318 | INFO     | URL: https://vexere.com/vi-VN/ve-xe-khach-tu-sai-gon-di-da-lat-lam-dong-129t23991.html?date=27-09-2026&lt=1
2026-09-26 18:54:51,929 | INFO     | Ticket ban đầu: 20
2026-09-26 18:54:51,940 | INFO     | Ticket hiện tại: 20/10
2026-09-26 18:54:51,953 | INFO     | Tổng ticket cuối: 20
2026-09-26 18:54:51,964 | INFO     | Tìm thấy 20 ticket bus
2026-09-26 18:54:52,157 | INFO     | [1] Đà Lạt ơi | Limousine 24 Phòng ĐÔI | 23:45 -> 06:15 | 370,000 VND
2026-09-26 18:54:52,288 | INFO     | [2] Bình Minh Tải | Limousine 22 Phòng Luxury | 23:15 -> 05:51 | 350,000 VND
2026-09-26 18:54:52,527 | INFO     | [3] Phong Phú | Limousine 24 phòng đôi | 03:00 -> 08:35 | 150,000 VND
2026-09-26 18:54:52,678 | INFO     | [4] Long Vân Limousine | Limousine phòng đôi 22 chỗ (WC) | 15:00 -> 21:30 | 22 VND
2026-09-26 18:54:52,789 | INFO     | [5] Trọng Minh | Limousine 21 phòng (WC) | 23:00 -> 07:00 | 450,000 VND
2026-09-26 18:54:52,937 | INFO     | [6] An Anh Limousine | Limousine 24 Phòng Đôi | 23:30 -> 07:30 | 24 VND
2026-09-26 18:54:53,140 | INFO     | [7] Thiện Thành Limousine | Limousine 24 phòng | 01:59 -> 07:29 | 360,000 VND
2026-09-26 18:54:53,308 | INFO     | [8] Hoàng Thủy | Limousine 22 phòng (WC) | 22:29 -> 05:19 | 300,000 VND
2026-09-26 18:54:53,436 | INFO     | [9] Tư Tiến | Limousine 24 Phòng Đôi | 01:15 -> 08:30 | 315,000 VND
2026-09-26 18:54:53,632 | INFO     | [10] Tiến Oanh | Limousine 22 Phòng (WC) | 05:00 -> 12:50 | 279,000 VND
2026-09-26 18:54:53,632 | INFO     | Hoàn thành Hồ Chí Minh -> Đà Lạt [bus]: 10 records
2026-09-26 18:54:56,633 | INFO     | ======================================================================
2026-09-26 18:54:56,633 | INFO     | ROUTE 40/121: Hồ Chí Minh -> Lâm Đồng [bus]
2026-09-26 18:54:56,634 | INFO     | URL: https://vexere.com/vi-VN/ve-xe-khach-tu-sai-gon-di-lam-dong-129t23.html?date=27-09-2026&lt=1
2026-09-26 18:55:03,907 | WARNING  | Hồ Chí Minh -> Lâm Đồng: Không tìm thấy ticket (có thể hết chuyến ngày 27-09-2026 hoặc URL sai)
2026-09-26 18:55:04,010 | INFO     | Đã lưu HTML debug: D:\TIỂU LUẬN CHUYÊN NGÀNH\TLCN-Travel\ingestion\transport\logs\debug_html\Hồ_Chí_Minh_Lâm_Đồng.html
2026-09-26 18:55:07,011 | INFO     | ======================================================================
2026-09-26 18:55:07,012 | INFO     | ROUTE 41/121: Hồ Chí Minh -> Bảo Lộc [bus]
2026-09-26 18:55:07,012 | INFO     | URL: https://vexere.com/vi-VN/ve-xe-khach-tu-sai-gon-di-bao-loc-lam-dong-129t231.html?date=27-09-2026&lt=1
2026-09-26 18:55:15,567 | INFO     | Ticket ban đầu: 20
2026-09-26 18:55:15,587 | INFO     | Ticket hiện tại: 20/10
2026-09-26 18:55:15,611 | INFO     | Tổng ticket cuối: 20
2026-09-26 18:55:15,625 | INFO     | Tìm thấy 20 ticket bus
2026-09-26 18:55:15,785 | INFO     | [1] Phương Trang | Limousine giường nằm 34 chỗ | 23:30 -> 06:00 | 250,000 VND
2026-09-26 18:55:15,931 | INFO     | [2] Huệ Nghĩa | Limousine 34 Giường | 21:00 -> 03:30 | 270,000 VND
2026-09-26 18:55:16,060 | INFO     | [3] Tân Niên | Limousine Phòng Đôi 24 chỗ | 21:15 -> 03:15 | 360,000 VND
2026-09-26 18:55:16,227 | INFO     | [4] Phương Trang | Limousine giường nằm 34 chỗ | 23:30 -> 05:30 | 240,000 VND
2026-09-26 18:55:16,392 | INFO     | [5] Phương Trang | Limousine giường nằm 34 chỗ | 23:00 -> 05:00 | 240,000 VND
2026-09-26 18:55:16,539 | INFO     | [6] Huệ Nghĩa | Limousine 34 Giường | 19:30 -> 01:40 | 270,000 VND
2026-09-26 18:55:16,711 | INFO     | [7] Huệ Nghĩa | Limousine 36 giường | 10:30 -> 17:00 | 250,000 VND
2026-09-26 18:55:16,869 | INFO     | [8] Tân Niên | Limousine Phòng Đôi 24 chỗ | 21:15 -> 03:45 | 360,000 VND
2026-09-26 18:55:17,031 | INFO     | [9] Tân Niên | Limousine Phòng Đôi 24 chỗ | 21:15 -> 02:55 | 360,000 VND
2026-09-26 18:55:17,229 | INFO     | [10] Phương Trang | Limousine giường nằm 34 chỗ | 22:15 -> 07:00 | 290,000 VND
2026-09-26 18:55:17,229 | INFO     | Hoàn thành Hồ Chí Minh -> Bảo Lộc [bus]: 10 records
2026-09-26 18:55:20,230 | INFO     | ======================================================================
2026-09-26 18:55:20,231 | INFO     | ROUTE 42/121: Hồ Chí Minh -> Buôn Ma Thuột [bus]
2026-09-26 18:55:20,231 | INFO     | URL: https://vexere.com/vi-VN/ve-xe-khach-tu-sai-gon-di-buon-ma-thuot-dak-lak-129t21431.html?date=27-09-2026&lt=1
2026-09-26 18:55:30,339 | INFO     | Ticket ban đầu: 20
2026-09-26 18:55:30,348 | INFO     | Ticket hiện tại: 20/10
2026-09-26 18:55:30,362 | INFO     | Tổng ticket cuối: 20
2026-09-26 18:55:30,372 | INFO     | Tìm thấy 20 ticket bus
2026-09-26 18:55:30,509 | INFO     | [1] Hoàng Thuỷ | Limousine 22 phòng (WC) | 23:00 -> 05:15 | 350,000 VND
2026-09-26 18:55:30,784 | INFO     | [2] Long Vân Limousine | Mia Royal 22 phòng (WC) | 21:30 -> 05:25 | 2 VND
2026-09-26 18:55:31,000 | INFO     | [3] Tiến Oanh | Giường nằm 34 chỗ | 21:45 -> 05:45 | 350,000 VND
2026-09-26 18:55:31,156 | INFO     | [4] Hải Luân | Limousine 34 giường | 21:01 -> 04:26 | 330,000 VND
2026-09-26 18:55:31,305 | INFO     | [5] Cường Ny | Limousine MILIAN 22 phòng (WC) | 22:05 -> 06:45 | 1 VND
2026-09-26 18:55:31,435 | INFO     | [6] Nguyên Dịu | Limousine 34 phòng | 22:00 -> 06:50 | 350,000 VND
2026-09-26 18:55:31,528 | INFO     | [7] Tuấn Trung | Limousine 22 phòng | 19:00 -> 02:45 | 450,000 VND
2026-09-26 18:55:31,615 | INFO     | [8] Nhất Anh | Limousine 34P | 18:45 -> 02:45 | 329,000 VND
2026-09-26 18:55:31,861 | INFO     | [9] Đức Hiếu (Cư Mgar) | Giường nằm 34 phòng | 20:00 -> 04:00 | 360,000 VND
2026-09-26 18:55:31,981 | INFO     | [10] Quý Thảo (Đắk Lắk) | Limousine 24 Phòng | 21:15 -> 04:50 | 477,000 VND
2026-09-26 18:55:31,981 | INFO     | Hoàn thành Hồ Chí Minh -> Buôn Ma Thuột [bus]: 10 records
2026-09-26 18:55:34,982 | INFO     | ======================================================================
2026-09-26 18:55:34,983 | INFO     | ROUTE 43/121: Hồ Chí Minh -> Đắk Lắk [bus]
2026-09-26 18:55:34,983 | INFO     | URL: https://vexere.com/vi-VN/ve-xe-khach-tu-sai-gon-di-dak-lak-129t21.html?date=27-09-2026&lt=1
2026-09-26 18:55:42,113 | WARNING  | Hồ Chí Minh -> Đắk Lắk: Không tìm thấy ticket (có thể hết chuyến ngày 27-09-2026 hoặc URL sai)
2026-09-26 18:55:42,228 | INFO     | Đã lưu HTML debug: D:\TIỂU LUẬN CHUYÊN NGÀNH\TLCN-Travel\ingestion\transport\logs\debug_html\Hồ_Chí_Minh_Đắk_Lắk.html
2026-09-26 18:55:45,229 | INFO     | ======================================================================
2026-09-26 18:55:45,229 | INFO     | ROUTE 44/121: Hồ Chí Minh -> Đắk Nông [bus]
2026-09-26 18:55:45,230 | INFO     | URL: https://vexere.com/vi-VN/ve-xe-khach-tu-sai-gon-di-dak-nong-129t72.html?date=27-09-2026&lt=1
2026-09-26 18:55:52,855 | WARNING  | Hồ Chí Minh -> Đắk Nông: Không tìm thấy ticket (có thể hết chuyến ngày 27-09-2026 hoặc URL sai)
2026-09-26 18:55:52,944 | INFO     | Đã lưu HTML debug: D:\TIỂU LUẬN CHUYÊN NGÀNH\TLCN-Travel\ingestion\transport\logs\debug_html\Hồ_Chí_Minh_Đắk_Nông.html
2026-09-26 18:55:55,946 | INFO     | ======================================================================
2026-09-26 18:55:55,946 | INFO     | ROUTE 45/121: Hồ Chí Minh -> Gia Lai [bus]
2026-09-26 18:55:55,946 | INFO     | URL: https://vexere.com/vi-VN/ve-xe-khach-tu-sai-gon-di-gia-lai-129t27.html?date=27-09-2026&lt=1
2026-09-26 18:56:02,946 | WARNING  | Hồ Chí Minh -> Gia Lai: Không tìm thấy ticket (có thể hết chuyến ngày 27-09-2026 hoặc URL sai)
2026-09-26 18:56:03,031 | INFO     | Đã lưu HTML debug: D:\TIỂU LUẬN CHUYÊN NGÀNH\TLCN-Travel\ingestion\transport\logs\debug_html\Hồ_Chí_Minh_Gia_Lai.html
2026-09-26 18:56:06,032 | INFO     | ======================================================================
2026-09-26 18:56:06,032 | INFO     | ROUTE 46/121: Hồ Chí Minh -> Pleiku [bus]
2026-09-26 18:56:06,032 | INFO     | URL: https://vexere.com/vi-VN/ve-xe-khach-tu-sai-gon-di-pleiku-gia-lai-129t274.html?date=27-09-2026&lt=1
2026-09-26 18:56:15,277 | INFO     | Ticket ban đầu: 20
2026-09-26 18:56:15,285 | INFO     | Ticket hiện tại: 20/10
2026-09-26 18:56:15,300 | INFO     | Tổng ticket cuối: 20
2026-09-26 18:56:15,312 | INFO     | Tìm thấy 20 ticket bus
2026-09-26 18:56:15,419 | INFO     | [1] Mai Thảo | Limousine 34 phòng | 13:00 -> 18:30 | 162,000 VND
2026-09-26 18:56:15,566 | INFO     | [2] Phương Trang | Limousine giường nằm 34 chỗ | 23:00 -> 05:30 | 210,000 VND
2026-09-26 18:56:15,763 | INFO     | [3] Hiệp Thành | Limousine 34 phòng đơn | 08:00 -> 12:00 | 34 VND
2026-09-26 18:56:15,934 | INFO     | [4] Thanh Bình ĐP | Limousine 34 phòng | 14:00 -> 17:50 | 180,000 VND
2026-09-26 18:56:16,134 | INFO     | [5] Thiên Thiên Hương | Limousine 34 Phòng Đơn | 20:00 -> 02:20 | 34 VND
2026-09-26 18:56:16,325 | INFO     | [6] Phương Trang | Limousine giường nằm 34 chỗ | 08:30 -> 14:00 | 200,000 VND
2026-09-26 18:56:16,634 | INFO     | [7] Phương Trang | Limousine giường nằm 34 chỗ | 22:00 -> 03:30 | 200,000 VND
2026-09-26 18:56:16,762 | INFO     | [8] Mai Thảo | Limousine 34 phòng | 18:00 -> 23:30 | 162,000 VND
2026-09-26 18:56:16,906 | INFO     | [9] Mai Thảo | Limousine 34 phòng | 10:00 -> 15:35 | 162,000 VND
2026-09-26 18:56:17,159 | INFO     | [10] Thanh Bình ĐP | Limousine 34 phòng | 19:30 -> 23:20 | 180,000 VND
2026-09-26 18:56:17,160 | INFO     | Hoàn thành Hồ Chí Minh -> Pleiku [bus]: 10 records
2026-09-26 18:56:20,160 | INFO     | ======================================================================
2026-09-26 18:56:20,161 | INFO     | ROUTE 47/121: Hồ Chí Minh -> Kon Tum [bus]
2026-09-26 18:56:20,161 | INFO     | URL: https://vexere.com/vi-VN/ve-xe-khach-tu-sai-gon-di-kon-tum-129t28.html?date=27-09-2026&lt=1
2026-09-26 18:56:27,557 | WARNING  | Hồ Chí Minh -> Kon Tum: Không tìm thấy ticket (có thể hết chuyến ngày 27-09-2026 hoặc URL sai)
2026-09-26 18:56:27,668 | INFO     | Đã lưu HTML debug: D:\TIỂU LUẬN CHUYÊN NGÀNH\TLCN-Travel\ingestion\transport\logs\debug_html\Hồ_Chí_Minh_Kon_Tum.html
2026-09-26 18:56:30,669 | INFO     | ======================================================================
2026-09-26 18:56:30,669 | INFO     | ROUTE 48/121: Hồ Chí Minh -> Phú Yên [bus]
2026-09-26 18:56:30,669 | INFO     | URL: https://vexere.com/vi-VN/ve-xe-khach-tu-sai-gon-di-phu-yen-129t22.html?date=27-09-2026&lt=1
2026-09-26 18:56:37,981 | WARNING  | Hồ Chí Minh -> Phú Yên: Không tìm thấy ticket (có thể hết chuyến ngày 27-09-2026 hoặc URL sai)
2026-09-26 18:56:38,071 | INFO     | Đã lưu HTML debug: D:\TIỂU LUẬN CHUYÊN NGÀNH\TLCN-Travel\ingestion\transport\logs\debug_html\Hồ_Chí_Minh_Phú_Yên.html
2026-09-26 18:56:41,072 | INFO     | ======================================================================
2026-09-26 18:56:41,072 | INFO     | ROUTE 49/121: Hồ Chí Minh -> Tuy Hòa [bus]
2026-09-26 18:56:41,073 | INFO     | URL: https://vexere.com/vi-VN/ve-xe-khach-tu-sai-gon-di-tuy-hoa-phu-yen-129t221.html?date=27-09-2026&lt=1
2026-09-26 18:56:50,354 | INFO     | Ticket ban đầu: 20
2026-09-26 18:56:50,369 | INFO     | Ticket hiện tại: 20/10
2026-09-26 18:56:50,388 | INFO     | Tổng ticket cuối: 20
2026-09-26 18:56:50,406 | INFO     | Tìm thấy 20 ticket bus
2026-09-26 18:56:50,590 | INFO     | [1] Phương Trang | Limousine giường nằm 34 chỗ | 23:30 -> 05:30 | 240,000 VND
2026-09-26 18:56:50,779 | INFO     | [2] Huệ Nghĩa | Limousine 34 Giường | 21:00 -> 04:00 | 270,000 VND
2026-09-26 18:56:50,922 | INFO     | [3] Tân Niên | Limousine Phòng Đôi 24 chỗ | 21:15 -> 03:15 | 360,000 VND
2026-09-26 18:56:51,042 | INFO     | [4] Bốn Luyện Express | Giường nằm 34 chỗ Luxury | 21:31 -> 02:31 | 270,000 VND
2026-09-26 18:56:51,224 | INFO     | [5] Phương Trang | Limousine giường nằm 34 chỗ | 23:30 -> 06:00 | 250,000 VND
2026-09-26 18:56:51,438 | INFO     | [6] Phương Trang | Limousine giường nằm 34 chỗ | 23:00 -> 05:00 | 240,000 VND
2026-09-26 18:56:51,848 | INFO     | [7] Huệ Nghĩa | Limousine 34 Giường | 08:00 -> 15:00 | 270,000 VND
2026-09-26 18:56:52,013 | INFO     | [8] Phương Trang | Limousine giường nằm 34 chỗ | 22:15 -> 07:00 | 290,000 VND
2026-09-26 18:56:52,175 | INFO     | [9] Phương Trang | Limousine giường nằm 34 chỗ | 23:01 -> 05:01 | 250,000 VND
2026-09-26 18:56:52,314 | INFO     | [10] Phương Trang | Limousine giường nằm 34 chỗ | 22:00 -> 04:00 | 240,000 VND
2026-09-26 18:56:52,315 | INFO     | Hoàn thành Hồ Chí Minh -> Tuy Hòa [bus]: 10 records
2026-09-26 18:56:55,315 | INFO     | ======================================================================
2026-09-26 18:56:55,316 | INFO     | ROUTE 50/121: Hồ Chí Minh -> Bình Định [bus]
2026-09-26 18:56:55,317 | INFO     | URL: https://vexere.com/vi-VN/ve-xe-khach-tu-sai-gon-di-binh-dinh-129t181.html?date=27-09-2026&lt=1
2026-09-26 18:57:05,509 | INFO     | Ticket ban đầu: 20
2026-09-26 18:57:05,536 | INFO     | Ticket hiện tại: 20/10
2026-09-26 18:57:05,546 | INFO     | Tổng ticket cuối: 20
2026-09-26 18:57:05,571 | INFO     | Tìm thấy 20 ticket bus
2026-09-26 18:57:05,737 | INFO     | [1] Tài Phát Limousine | Limousine 24 Phòng Đôi | 19:30 -> 06:55 | 430,000 VND
2026-09-26 18:57:05,909 | INFO     | [2] Trọng Thủy Limousine | Limousine 24 phòng Đôi | 20:30 -> 07:00 | 450,000 VND
2026-09-26 18:57:06,022 | INFO     | [3] Bình Minh Tải | Limousine 22 Phòng | 19:00 -> 06:00 | 441,000 VND
2026-09-26 18:57:06,141 | INFO     | [4] Ba Quy | Limousine 22 chỗ | 18:40 -> 06:25 | 450,000 VND
2026-09-26 18:57:06,296 | INFO     | [5] Dũng Thuỷ Express | Limousine 24 Phòng | 18:00 -> 05:50 | 550,000 VND
2026-09-26 18:57:06,404 | INFO     | [6] An Phú Buslines | Limousine 24 Phòng Đơn | 19:00 -> 05:30 | 498,800 VND
2026-09-26 18:57:06,529 | INFO     | [7] Hồng Dung (Tân Hoa Châu) | Limousine 24 phòng | 18:50 -> 05:00 | 495,000 VND
2026-09-26 18:57:06,643 | INFO     | [8] Tín Phát Limousine | Limousine 24 Phòng | 17:45 -> 06:00 | 665,000 VND
2026-09-26 18:57:06,746 | INFO     | [9] Quốc Phong Limousine | Limousine 24 phòng | 17:15 -> 06:00 | 500,000 VND
2026-09-26 18:57:06,945 | INFO     | [10] Khang Thịnh | Limousine 34 phòng | 20:30 -> 06:00 | 500,000 VND
2026-09-26 18:57:06,945 | INFO     | Hoàn thành Hồ Chí Minh -> Bình Định [bus]: 10 records
2026-09-26 18:57:09,946 | INFO     | ======================================================================
2026-09-26 18:57:09,947 | INFO     | ROUTE 51/121: Hồ Chí Minh -> Quy Nhơn [bus]
2026-09-26 18:57:09,947 | INFO     | URL: https://vexere.com/vi-VN/ve-xe-khach-tu-sai-gon-di-quy-nhon-binh-dinh-129t181.html?date=27-09-2026&lt=1
2026-09-26 18:57:20,262 | INFO     | Ticket ban đầu: 20
2026-09-26 18:57:20,271 | INFO     | Ticket hiện tại: 20/10
2026-09-26 18:57:20,291 | INFO     | Tổng ticket cuối: 20
2026-09-26 18:57:20,303 | INFO     | Tìm thấy 20 ticket bus
2026-09-26 18:57:20,432 | INFO     | [1] Tài Phát Limousine | Limousine 24 Phòng Đôi | 19:30 -> 06:55 | 430,000 VND
2026-09-26 18:57:20,556 | INFO     | [2] Trọng Thủy Limousine | Limousine 24 phòng Đôi | 20:30 -> 07:00 | 450,000 VND
2026-09-26 18:57:20,764 | INFO     | [3] Bình Minh Tải | Limousine 22 Phòng | 19:00 -> 06:00 | 441,000 VND
2026-09-26 18:57:20,882 | INFO     | [4] Ba Quy | Limousine 22 chỗ | 18:40 -> 06:25 | 450,000 VND
2026-09-26 18:57:21,011 | INFO     | [5] Dũng Thuỷ Express | Limousine 24 Phòng | 18:00 -> 05:50 | 550,000 VND
2026-09-26 18:57:21,124 | INFO     | [6] An Phú Buslines | Limousine 24 Phòng Đơn | 19:00 -> 05:30 | 498,800 VND
2026-09-26 18:57:21,226 | INFO     | [7] Hồng Dung (Tân Hoa Châu) | Limousine 24 phòng | 18:50 -> 05:00 | 495,000 VND
2026-09-26 18:57:21,340 | INFO     | [8] Tín Phát Limousine | Limousine 24 Phòng | 17:45 -> 06:00 | 665,000 VND
2026-09-26 18:57:21,461 | INFO     | [9] Quốc Phong Limousine | Limousine 24 phòng | 17:15 -> 06:00 | 500,000 VND
2026-09-26 18:57:21,662 | INFO     | [10] Khang Thịnh | Limousine 34 phòng | 20:30 -> 06:00 | 500,000 VND
2026-09-26 18:57:21,663 | INFO     | Hoàn thành Hồ Chí Minh -> Quy Nhơn [bus]: 10 records
2026-09-26 18:57:24,663 | INFO     | ======================================================================
2026-09-26 18:57:24,664 | INFO     | ROUTE 52/121: Hồ Chí Minh -> Quảng Ngãi [bus]
2026-09-26 18:57:24,664 | INFO     | URL: https://vexere.com/vi-VN/ve-xe-khach-tu-sai-gon-di-quang-ngai-129t51.html?date=27-09-2026&lt=1
2026-09-26 18:57:31,908 | WARNING  | Hồ Chí Minh -> Quảng Ngãi: Không tìm thấy ticket (có thể hết chuyến ngày 27-09-2026 hoặc URL sai)
2026-09-26 18:57:32,013 | INFO     | Đã lưu HTML debug: D:\TIỂU LUẬN CHUYÊN NGÀNH\TLCN-Travel\ingestion\transport\logs\debug_html\Hồ_Chí_Minh_Quảng_Ngãi.html
2026-09-26 18:57:35,014 | INFO     | ======================================================================
2026-09-26 18:57:35,015 | INFO     | ROUTE 53/121: Hồ Chí Minh -> Quảng Nam [bus]
2026-09-26 18:57:35,015 | INFO     | URL: https://vexere.com/vi-VN/ve-xe-khach-tu-sai-gon-di-quang-nam-129t49.html?date=27-09-2026&lt=1
2026-09-26 18:57:41,796 | WARNING  | Hồ Chí Minh -> Quảng Nam: Không tìm thấy ticket (có thể hết chuyến ngày 27-09-2026 hoặc URL sai)
2026-09-26 18:57:41,874 | INFO     | Đã lưu HTML debug: D:\TIỂU LUẬN CHUYÊN NGÀNH\TLCN-Travel\ingestion\transport\logs\debug_html\Hồ_Chí_Minh_Quảng_Nam.html
2026-09-26 18:57:44,876 | INFO     | ======================================================================
2026-09-26 18:57:44,876 | INFO     | ROUTE 54/121: Hồ Chí Minh -> Hội An [bus]
2026-09-26 18:57:44,876 | INFO     | URL: https://vexere.com/vi-VN/ve-xe-khach-tu-sai-gon-di-hoi-an-quang-nam-129t491.html?date=27-09-2026&lt=1
2026-09-26 18:57:54,542 | INFO     | Ticket ban đầu: 20
2026-09-26 18:57:54,577 | INFO     | Ticket hiện tại: 20/10
2026-09-26 18:57:54,586 | INFO     | Tổng ticket cuối: 20
2026-09-26 18:57:54,595 | INFO     | Tìm thấy 20 ticket bus
2026-09-26 18:57:54,818 | INFO     | [1] Phương Anh (Phan Thiết) | Giường nằm 40 chỗ | 08:00 -> 08:00 | 180,000 VND
2026-09-26 18:57:55,157 | INFO     | [2] Hoàng Yến Logistics | Limousine 9 chỗ | 10:00 -> 11:15 | 220,000 VND
2026-09-26 18:57:55,320 | INFO     | [3] Petro Bình Phước | Solati Limousine 10 chỗ | 09:30 -> 11:30 | 230,000 VND
2026-09-26 18:57:55,505 | INFO     | [4] Toàn Thắng - Vũng Tàu | Ghế ngồi 16 chỗ | 17:00 -> 20:30 | 160,000 VND
2026-09-26 18:57:55,670 | INFO     | [5] Thịnh Phát Xanh | Ghế 7 chỗ ngồi | 06:00 -> 10:00 | 297,500 VND
2026-09-26 18:57:55,811 | INFO     | [6] Trường Thịnh Limousine | Limousine 11 chỗ | 11:00 -> 11:30 | 120,000 VND
2026-09-26 18:57:55,919 | INFO     | [7] Tuấn Hiệp | Limousine giường nằm 36 chỗ | 00:50 -> 08:50 | 290,000 VND
2026-09-26 18:57:56,051 | INFO     | [8] Hoàng Yến Logistics | Ghế ngồi 16 chỗ | 12:05 -> 13:20 | 170,000 VND
2026-09-26 18:57:56,255 | INFO     | [9] Hoàng Yến Logistics | Ghế ngồi 16 chỗ | 19:30 -> 20:15 | 150,000 VND
2026-09-26 18:57:56,586 | INFO     | [10] Toàn Thắng - Vũng Tàu | Ghế ngồi 16 chỗ | 12:00 -> 14:30 | 160,000 VND
2026-09-26 18:57:56,586 | INFO     | Hoàn thành Hồ Chí Minh -> Hội An [bus]: 10 records
2026-09-26 18:57:59,587 | INFO     | ======================================================================
2026-09-26 18:57:59,588 | INFO     | ROUTE 55/121: Hồ Chí Minh -> Tam Kỳ [bus]
2026-09-26 18:57:59,588 | INFO     | URL: https://vexere.com/vi-VN/ve-xe-khach-tu-sai-gon-di-tam-ky-quang-nam-129t492.html?date=27-09-2026&lt=1
2026-09-26 18:58:07,859 | WARNING  | Hồ Chí Minh -> Tam Kỳ: Không tìm thấy ticket (có thể hết chuyến ngày 27-09-2026 hoặc URL sai)
2026-09-26 18:58:07,939 | INFO     | Đã lưu HTML debug: D:\TIỂU LUẬN CHUYÊN NGÀNH\TLCN-Travel\ingestion\transport\logs\debug_html\Hồ_Chí_Minh_Tam_Kỳ.html
2026-09-26 18:58:10,940 | INFO     | ======================================================================
2026-09-26 18:58:10,941 | INFO     | ROUTE 56/121: Hồ Chí Minh -> Đà Nẵng [bus]
2026-09-26 18:58:10,941 | INFO     | URL: https://vexere.com/vi-VN/ve-xe-khach-tu-sai-gon-di-da-nang-129t1151.html?date=27-09-2026&lt=1
2026-09-26 18:58:20,907 | INFO     | Ticket ban đầu: 20
2026-09-26 18:58:20,934 | INFO     | Ticket hiện tại: 20/10
2026-09-26 18:58:20,956 | INFO     | Tổng ticket cuối: 20
2026-09-26 18:58:20,976 | INFO     | Tìm thấy 20 ticket bus
2026-09-26 18:58:21,112 | INFO     | [1] Tân Hiệp | Giường nằm 34 chỗ | 13:00 -> 08:30 | 450,000 VND
2026-09-26 18:58:21,296 | INFO     | [2] Bảo Ngọc | Limousine giường phòng 22 chỗ (WC) | 19:30 -> 11:30 | 700,000 VND
2026-09-26 18:58:21,408 | INFO     | [3] Đình Nhân | Limousine 32 Phòng (WC) | 16:30 -> 10:05 | 450,000 VND
2026-09-26 18:58:21,528 | INFO     | [4] Hạnh Cafe - Hà Phương Limousine | Luxury 34 Phòng Vip | 07:45 -> 08:30 | 710,000 VND
2026-09-26 18:58:21,702 | INFO     | [5] Minh Phương (MP Bus) | Limousine 22 phòng (WC) | 15:01 -> 10:31 | 644,000 VND
2026-09-26 18:58:21,917 | INFO     | [6] Phi Hiệp | Limouisne 34 phòng | 13:25 -> 08:55 | 600,000 VND
2026-09-26 18:58:22,046 | INFO     | [7] Tân Kim Chi | Limousine giường phòng 22 chỗ (CABIN) (WC) | 17:35 -> 11:05 | 700,000 VND
2026-09-26 18:58:22,301 | INFO     | [8] Phương Trang | Limousine giường nằm 34 chỗ | 18:35 -> 15:25 | 560,000 VND
2026-09-26 18:58:22,497 | INFO     | [9] Bốn Luyện Express | Giường nằm 34 chỗ Luxury | 23:00 -> 15:25 | 630,000 VND
2026-09-26 18:58:22,605 | INFO     | [10] Hoàng Long - Hà Nội | Limousine 22 phòng đôi | 17:00 -> 12:52 | 1,300,000 VND
2026-09-26 18:58:22,606 | INFO     | Hoàn thành Hồ Chí Minh -> Đà Nẵng [bus]: 10 records
2026-09-26 18:58:25,607 | INFO     | ======================================================================
2026-09-26 18:58:25,607 | INFO     | ROUTE 57/121: Hồ Chí Minh -> Huế [bus]
2026-09-26 18:58:25,608 | INFO     | URL: https://vexere.com/vi-VN/ve-xe-khach-tu-sai-gon-di-hue-thua-thien-hue-129t33.html?date=27-09-2026&lt=1
2026-09-26 18:58:33,025 | WARNING  | Hồ Chí Minh -> Huế: Không tìm thấy ticket (có thể hết chuyến ngày 27-09-2026 hoặc URL sai)
2026-09-26 18:58:33,118 | INFO     | Đã lưu HTML debug: D:\TIỂU LUẬN CHUYÊN NGÀNH\TLCN-Travel\ingestion\transport\logs\debug_html\Hồ_Chí_Minh_Huế.html
2026-09-26 18:58:36,119 | INFO     | ======================================================================
2026-09-26 18:58:36,120 | INFO     | ROUTE 58/121: Hồ Chí Minh -> Thừa Thiên Huế [bus]
2026-09-26 18:58:36,120 | INFO     | URL: https://vexere.com/vi-VN/ve-xe-khach-tu-sai-gon-di-thua-thien-hue-129t33.html?date=27-09-2026&lt=1
2026-09-26 18:58:42,981 | WARNING  | Hồ Chí Minh -> Thừa Thiên Huế: Không tìm thấy ticket (có thể hết chuyến ngày 27-09-2026 hoặc URL sai)
2026-09-26 18:58:43,093 | INFO     | Đã lưu HTML debug: D:\TIỂU LUẬN CHUYÊN NGÀNH\TLCN-Travel\ingestion\transport\logs\debug_html\Hồ_Chí_Minh_Thừa_Thiên_Huế.html
2026-09-26 18:58:46,094 | INFO     | ======================================================================
2026-09-26 18:58:46,095 | INFO     | ROUTE 59/121: Hồ Chí Minh -> Quảng Trị [bus]
2026-09-26 18:58:46,095 | INFO     | URL: https://vexere.com/vi-VN/ve-xe-khach-tu-sai-gon-di-quang-tri-129t32.html?date=27-09-2026&lt=1
2026-09-26 18:58:53,874 | WARNING  | Hồ Chí Minh -> Quảng Trị: Không tìm thấy ticket (có thể hết chuyến ngày 27-09-2026 hoặc URL sai)
2026-09-26 18:58:53,961 | INFO     | Đã lưu HTML debug: D:\TIỂU LUẬN CHUYÊN NGÀNH\TLCN-Travel\ingestion\transport\logs\debug_html\Hồ_Chí_Minh_Quảng_Trị.html
2026-09-26 18:58:56,962 | INFO     | ======================================================================
2026-09-26 18:58:56,962 | INFO     | ROUTE 60/121: Hồ Chí Minh -> Đông Hà [bus]
2026-09-26 18:58:56,963 | INFO     | URL: https://vexere.com/vi-VN/ve-xe-khach-tu-sai-gon-di-dong-ha-quang-tri-129t321.html?date=27-09-2026&lt=1
2026-09-26 18:59:06,868 | INFO     | Ticket ban đầu: 20
2026-09-26 18:59:06,900 | INFO     | Ticket hiện tại: 20/10
2026-09-26 18:59:06,916 | INFO     | Tổng ticket cuối: 20
2026-09-26 18:59:06,933 | INFO     | Tìm thấy 20 ticket bus
2026-09-26 18:59:07,136 | INFO     | [1] Minh Đức (Huế) | Limousine 32 phòng (WC) | 05:30 -> 01:30 | 580,000 VND
2026-09-26 18:59:07,342 | INFO     | [2] Quang Dũng VIP Limousine | Limousine 22 phòng (Có WC) | 10:30 -> 05:30 | 1,000,000 VND
2026-09-26 18:59:07,449 | INFO     | [3] Phi Long (Mậu Hường) | Giường nằm 40 chỗ | 05:45 -> 02:20 | 500,000 VND
2026-09-26 18:59:07,610 | INFO     | [4] Minh Đức (Huế) | Limousine 32 phòng (WC) | 06:30 -> 01:30 | 580,000 VND
2026-09-26 18:59:07,723 | INFO     | [5] Phi Long (Mậu Hường) | Giường nằm 40 chỗ | 06:15 -> 02:20 | 500,000 VND
2026-09-26 18:59:07,999 | INFO     | [6] Quang Dũng VIP Limousine | Limousine 22 phòng (Có WC) | 11:00 -> 05:30 | 1,000,000 VND
2026-09-26 18:59:08,200 | INFO     | [7] Quang Dũng VIP Limousine | Giường phòng 32 chỗ (Có WC) | 07:00 -> 02:00 | 750,000 VND
2026-09-26 18:59:08,438 | INFO     | [8] Quang Dũng VIP Limousine | Giường phòng 32 chỗ (Có WC) | 07:30 -> 02:00 | 750,000 VND
2026-09-26 18:59:08,607 | INFO     | [9] Quang Dũng VIP Limousine | Limousine 22 phòng (Có WC) | 11:00 -> 05:50 | 850,000 VND
2026-09-26 18:59:08,782 | INFO     | [10] Tân Quang Dũng | Limousine 32 phòng (WC) | 11:00 -> 10:30 | 630,000 VND
2026-09-26 18:59:08,782 | INFO     | Hoàn thành Hồ Chí Minh -> Đông Hà [bus]: 10 records
2026-09-26 18:59:11,783 | INFO     | ======================================================================
2026-09-26 18:59:11,783 | INFO     | ROUTE 61/121: Hồ Chí Minh -> Quảng Bình [bus]
2026-09-26 18:59:11,784 | INFO     | URL: https://vexere.com/vi-VN/ve-xe-khach-tu-sai-gon-di-quang-binh-129t31.html?date=27-09-2026&lt=1
2026-09-26 18:59:19,070 | WARNING  | Hồ Chí Minh -> Quảng Bình: Không tìm thấy ticket (có thể hết chuyến ngày 27-09-2026 hoặc URL sai)
2026-09-26 18:59:19,171 | INFO     | Đã lưu HTML debug: D:\TIỂU LUẬN CHUYÊN NGÀNH\TLCN-Travel\ingestion\transport\logs\debug_html\Hồ_Chí_Minh_Quảng_Bình.html
2026-09-26 18:59:22,172 | INFO     | ======================================================================
2026-09-26 18:59:22,172 | INFO     | ROUTE 62/121: Hồ Chí Minh -> Đồng Hới [bus]
2026-09-26 18:59:22,172 | INFO     | URL: https://vexere.com/vi-VN/ve-xe-khach-tu-sai-gon-di-dong-hoi-quang-binh-129t311.html?date=27-09-2026&lt=1
2026-09-26 18:59:32,010 | INFO     | Ticket ban đầu: 20
2026-09-26 18:59:32,020 | INFO     | Ticket hiện tại: 20/10
2026-09-26 18:59:32,033 | INFO     | Tổng ticket cuối: 20
2026-09-26 18:59:32,043 | INFO     | Tìm thấy 20 ticket bus
2026-09-26 18:59:32,245 | INFO     | [1] Hoa Mai | Ghế ngồi 10 chỗ | 12:30 -> 14:45 | 180,000 VND
2026-09-26 18:59:32,431 | INFO     | [2] Hoa Mai | Ghế ngồi 10 chỗ | 07:00 -> 09:15 | 180,000 VND
2026-09-26 18:59:32,627 | INFO     | [3] Hoa Mai | Ghế ngồi 10 chỗ | 12:00 -> 14:15 | 180,000 VND
2026-09-26 18:59:32,819 | INFO     | [4] Hoa Mai | Ghế ngồi 10 chỗ | 11:00 -> 13:15 | 180,000 VND
2026-09-26 18:59:32,994 | INFO     | [5] Hoa Mai | Ghế ngồi 10 chỗ | 05:00 -> 07:15 | 180,000 VND
2026-09-26 18:59:33,148 | INFO     | [6] Hoa Mai | Ghế ngồi 10 chỗ | 16:00 -> 18:15 | 180,000 VND
2026-09-26 18:59:33,311 | INFO     | [7] Hoa Mai | Ghế ngồi 10 chỗ | 14:00 -> 15:45 | 180,000 VND
2026-09-26 18:59:33,570 | INFO     | [8] Hoa Mai | Ghế ngồi 10 chỗ | 06:00 -> 08:15 | 180,000 VND
2026-09-26 18:59:33,731 | INFO     | [9] Hoa Mai | Ghế ngồi 10 chỗ | 17:00 -> 19:15 | 180,000 VND
2026-09-26 18:59:34,012 | INFO     | [10] Hoa Mai | Ghế ngồi 10 chỗ | 15:00 -> 17:15 | 180,000 VND
2026-09-26 18:59:34,013 | INFO     | Hoàn thành Hồ Chí Minh -> Đồng Hới [bus]: 10 records
2026-09-26 18:59:37,014 | INFO     | ======================================================================
2026-09-26 18:59:37,014 | INFO     | ROUTE 63/121: Hồ Chí Minh -> Hà Tĩnh [bus]
2026-09-26 18:59:37,015 | INFO     | URL: https://vexere.com/vi-VN/ve-xe-khach-tu-sai-gon-di-ha-tinh-129t30.html?date=27-09-2026&lt=1
2026-09-26 18:59:50,457 | WARNING  | Hồ Chí Minh -> Hà Tĩnh: Không tìm thấy ticket (có thể hết chuyến ngày 27-09-2026 hoặc URL sai)
2026-09-26 18:59:50,569 | INFO     | Đã lưu HTML debug: D:\TIỂU LUẬN CHUYÊN NGÀNH\TLCN-Travel\ingestion\transport\logs\debug_html\Hồ_Chí_Minh_Hà_Tĩnh.html
2026-09-26 18:59:53,570 | INFO     | ======================================================================
2026-09-26 18:59:53,570 | INFO     | ROUTE 64/121: Hồ Chí Minh -> Nghệ An [bus]
2026-09-26 18:59:53,570 | INFO     | URL: https://vexere.com/vi-VN/ve-xe-khach-tu-sai-gon-di-nghe-an-129t29.html?date=27-09-2026&lt=1
2026-09-26 19:00:00,396 | WARNING  | Hồ Chí Minh -> Nghệ An: Không tìm thấy ticket (có thể hết chuyến ngày 27-09-2026 hoặc URL sai)
2026-09-26 19:00:00,491 | INFO     | Đã lưu HTML debug: D:\TIỂU LUẬN CHUYÊN NGÀNH\TLCN-Travel\ingestion\transport\logs\debug_html\Hồ_Chí_Minh_Nghệ_An.html
2026-09-26 19:00:03,492 | INFO     | ======================================================================
2026-09-26 19:00:03,492 | INFO     | ROUTE 65/121: Hồ Chí Minh -> Vinh [bus]
2026-09-26 19:00:03,493 | INFO     | URL: https://vexere.com/vi-VN/ve-xe-khach-tu-sai-gon-di-vinh-nghe-an-129t291.html?date=27-09-2026&lt=1
2026-09-26 19:00:12,856 | INFO     | Ticket ban đầu: 19
2026-09-26 19:00:12,876 | INFO     | Ticket hiện tại: 19/10
2026-09-26 19:00:12,897 | INFO     | Tổng ticket cuối: 19
2026-09-26 19:00:12,926 | INFO     | Tìm thấy 19 ticket bus
2026-09-26 19:00:13,057 | INFO     | [1] Phương Trang | Limousine giường nằm 34 chỗ | 23:00 -> 05:00 | 240,000 VND
2026-09-26 19:00:13,149 | INFO     | [2] Phương Trang | Limousine giường nằm 34 chỗ | 12:00 -> 18:00 | 240,000 VND
2026-09-26 19:00:13,249 | INFO     | [3] Phương Trang | Limousine giường nằm 34 chỗ | 06:00 -> 12:00 | 240,000 VND
2026-09-26 19:00:13,414 | INFO     | [4] Phương Trang | Limousine giường nằm 34 chỗ | 16:00 -> 22:00 | 240,000 VND
2026-09-26 19:00:13,517 | INFO     | [5] Huệ Nghĩa | Limousine 34 Giường | 21:30 -> 04:30 | 270,000 VND
2026-09-26 19:00:13,650 | INFO     | [6] Huệ Nghĩa | Limousine 34 Giường | 22:00 -> 04:00 | 270,000 VND
2026-09-26 19:00:13,760 | INFO     | [7] Huệ Nghĩa | Limousine 34 Giường | 22:00 -> 04:30 | 270,000 VND
2026-09-26 19:00:13,909 | INFO     | [8] Huệ Nghĩa | Limousine 34 Giường | 21:30 -> 04:00 | 270,000 VND
2026-09-26 19:00:14,163 | INFO     | [9] Huệ Nghĩa | Limousine 34 Giường | 19:30 -> 01:30 | 230,000 VND
2026-09-26 19:00:14,343 | INFO     | [10] Huệ Nghĩa | Limousine 34 Giường | 19:30 -> 01:00 | 230,000 VND
2026-09-26 19:00:14,344 | INFO     | Hoàn thành Hồ Chí Minh -> Vinh [bus]: 10 records
2026-09-26 19:00:17,344 | INFO     | ======================================================================
2026-09-26 19:00:17,345 | INFO     | ROUTE 66/121: Hồ Chí Minh -> Thanh Hóa [bus]
2026-09-26 19:00:17,345 | INFO     | URL: https://vexere.com/vi-VN/ve-xe-khach-tu-sai-gon-di-thanh-hoa-129t38.html?date=27-09-2026&lt=1
2026-09-26 19:00:25,868 | WARNING  | Hồ Chí Minh -> Thanh Hóa: Không tìm thấy ticket (có thể hết chuyến ngày 27-09-2026 hoặc URL sai)
2026-09-26 19:00:25,984 | INFO     | Đã lưu HTML debug: D:\TIỂU LUẬN CHUYÊN NGÀNH\TLCN-Travel\ingestion\transport\logs\debug_html\Hồ_Chí_Minh_Thanh_Hóa.html
2026-09-26 19:00:28,985 | INFO     | ======================================================================
2026-09-26 19:00:28,985 | INFO     | ROUTE 67/121: Hồ Chí Minh -> Ninh Bình [bus]
2026-09-26 19:00:28,986 | INFO     | URL: https://vexere.com/vi-VN/ve-xe-khach-tu-sai-gon-di-ninh-binh-129t37.html?date=27-09-2026&lt=1
2026-09-26 19:00:35,872 | WARNING  | Hồ Chí Minh -> Ninh Bình: Không tìm thấy ticket (có thể hết chuyến ngày 27-09-2026 hoặc URL sai)
2026-09-26 19:00:35,973 | INFO     | Đã lưu HTML debug: D:\TIỂU LUẬN CHUYÊN NGÀNH\TLCN-Travel\ingestion\transport\logs\debug_html\Hồ_Chí_Minh_Ninh_Bình.html
2026-09-26 19:00:38,974 | INFO     | ======================================================================
2026-09-26 19:00:38,974 | INFO     | ROUTE 68/121: Hồ Chí Minh -> Nam Định [bus]
2026-09-26 19:00:38,975 | INFO     | URL: https://vexere.com/vi-VN/ve-xe-khach-tu-sai-gon-di-nam-dinh-129t36.html?date=27-09-2026&lt=1
2026-09-26 19:00:45,981 | WARNING  | Hồ Chí Minh -> Nam Định: Không tìm thấy ticket (có thể hết chuyến ngày 27-09-2026 hoặc URL sai)
2026-09-26 19:00:46,083 | INFO     | Đã lưu HTML debug: D:\TIỂU LUẬN CHUYÊN NGÀNH\TLCN-Travel\ingestion\transport\logs\debug_html\Hồ_Chí_Minh_Nam_Định.html
2026-09-26 19:00:49,084 | INFO     | ======================================================================
2026-09-26 19:00:49,085 | INFO     | ROUTE 69/121: Hồ Chí Minh -> Thái Bình [bus]
2026-09-26 19:00:49,085 | INFO     | URL: https://vexere.com/vi-VN/ve-xe-khach-tu-sai-gon-di-thai-binh-129t34.html?date=27-09-2026&lt=1
2026-09-26 19:00:55,957 | WARNING  | Hồ Chí Minh -> Thái Bình: Không tìm thấy ticket (có thể hết chuyến ngày 27-09-2026 hoặc URL sai)
2026-09-26 19:00:56,062 | INFO     | Đã lưu HTML debug: D:\TIỂU LUẬN CHUYÊN NGÀNH\TLCN-Travel\ingestion\transport\logs\debug_html\Hồ_Chí_Minh_Thái_Bình.html
2026-09-26 19:00:59,063 | INFO     | ======================================================================
2026-09-26 19:00:59,063 | INFO     | ROUTE 70/121: Hồ Chí Minh -> Hà Nam [bus]
2026-09-26 19:00:59,063 | INFO     | URL: https://vexere.com/vi-VN/ve-xe-khach-tu-sai-gon-di-ha-nam-129t35.html?date=27-09-2026&lt=1
2026-09-26 19:01:06,212 | WARNING  | Hồ Chí Minh -> Hà Nam: Không tìm thấy ticket (có thể hết chuyến ngày 27-09-2026 hoặc URL sai)
2026-09-26 19:01:06,313 | INFO     | Đã lưu HTML debug: D:\TIỂU LUẬN CHUYÊN NGÀNH\TLCN-Travel\ingestion\transport\logs\debug_html\Hồ_Chí_Minh_Hà_Nam.html
2026-09-26 19:01:09,314 | INFO     | ======================================================================
2026-09-26 19:01:09,314 | INFO     | ROUTE 71/121: Hồ Chí Minh -> Hà Nội [bus]
2026-09-26 19:01:09,314 | INFO     | URL: https://vexere.com/vi-VN/ve-xe-khach-tu-sai-gon-di-ha-noi-129t24.html?date=27-09-2026&lt=1
2026-09-26 19:01:16,288 | WARNING  | Hồ Chí Minh -> Hà Nội: Không tìm thấy ticket (có thể hết chuyến ngày 27-09-2026 hoặc URL sai)
2026-09-26 19:01:16,405 | INFO     | Đã lưu HTML debug: D:\TIỂU LUẬN CHUYÊN NGÀNH\TLCN-Travel\ingestion\transport\logs\debug_html\Hồ_Chí_Minh_Hà_Nội.html
2026-09-26 19:01:19,406 | INFO     | ======================================================================
2026-09-26 19:01:19,406 | INFO     | ROUTE 72/121: Hồ Chí Minh -> Hải Phòng [bus]
2026-09-26 19:01:19,407 | INFO     | URL: https://vexere.com/vi-VN/ve-xe-khach-tu-sai-gon-di-hai-phong-129t31.html?date=27-09-2026&lt=1
2026-09-26 19:01:26,324 | WARNING  | Hồ Chí Minh -> Hải Phòng: Không tìm thấy ticket (có thể hết chuyến ngày 27-09-2026 hoặc URL sai)
2026-09-26 19:01:26,413 | INFO     | Đã lưu HTML debug: D:\TIỂU LUẬN CHUYÊN NGÀNH\TLCN-Travel\ingestion\transport\logs\debug_html\Hồ_Chí_Minh_Hải_Phòng.html
2026-09-26 19:01:29,414 | INFO     | ======================================================================
2026-09-26 19:01:29,414 | INFO     | ROUTE 73/121: Hồ Chí Minh -> Quảng Ninh [bus]
2026-09-26 19:01:29,415 | INFO     | URL: https://vexere.com/vi-VN/ve-xe-khach-tu-sai-gon-di-quang-ninh-129t22.html?date=27-09-2026&lt=1
2026-09-26 19:01:37,450 | WARNING  | Hồ Chí Minh -> Quảng Ninh: Không tìm thấy ticket (có thể hết chuyến ngày 27-09-2026 hoặc URL sai)
2026-09-26 19:01:37,565 | INFO     | Đã lưu HTML debug: D:\TIỂU LUẬN CHUYÊN NGÀNH\TLCN-Travel\ingestion\transport\logs\debug_html\Hồ_Chí_Minh_Quảng_Ninh.html
2026-09-26 19:01:40,566 | INFO     | ======================================================================
2026-09-26 19:01:40,567 | INFO     | ROUTE 74/121: Hồ Chí Minh -> Hạ Long [bus]
2026-09-26 19:01:40,567 | INFO     | URL: https://vexere.com/vi-VN/ve-xe-khach-tu-sai-gon-di-ha-long-quang-ninh-129t221.html?date=27-09-2026&lt=1
2026-09-26 19:01:49,632 | INFO     | Ticket ban đầu: 20
2026-09-26 19:01:49,645 | INFO     | Ticket hiện tại: 20/10
2026-09-26 19:01:49,658 | INFO     | Tổng ticket cuối: 20
2026-09-26 19:01:49,673 | INFO     | Tìm thấy 20 ticket bus
2026-09-26 19:01:49,842 | INFO     | [1] Phương Trang | Limousine giường nằm 34 chỗ | 23:30 -> 05:30 | 240,000 VND
2026-09-26 19:01:50,092 | INFO     | [2] Huệ Nghĩa | Limousine 34 Giường | 21:00 -> 04:00 | 270,000 VND
2026-09-26 19:01:50,252 | INFO     | [3] Tân Niên | Limousine Phòng Đôi 24 chỗ | 21:15 -> 03:15 | 360,000 VND
2026-09-26 19:01:50,365 | INFO     | [4] Bốn Luyện Express | Giường nằm 34 chỗ Luxury | 21:31 -> 02:31 | 270,000 VND
2026-09-26 19:01:50,568 | INFO     | [5] Phương Trang | Limousine giường nằm 34 chỗ | 23:30 -> 06:00 | 250,000 VND
2026-09-26 19:01:50,721 | INFO     | [6] Phương Trang | Limousine giường nằm 34 chỗ | 23:00 -> 05:00 | 240,000 VND
2026-09-26 19:01:50,988 | INFO     | [7] Huệ Nghĩa | Limousine 34 Giường | 08:00 -> 15:00 | 270,000 VND
2026-09-26 19:01:51,081 | INFO     | [8] Phương Trang | Limousine giường nằm 34 chỗ | 22:15 -> 07:00 | 290,000 VND
2026-09-26 19:01:51,327 | INFO     | [9] Phương Trang | Limousine giường nằm 34 chỗ | 23:01 -> 05:01 | 250,000 VND
2026-09-26 19:01:51,642 | INFO     | [10] Phương Trang | Limousine giường nằm 34 chỗ | 22:00 -> 04:00 | 240,000 VND
2026-09-26 19:01:51,643 | INFO     | Hoàn thành Hồ Chí Minh -> Hạ Long [bus]: 10 records
2026-09-26 19:01:54,644 | INFO     | ======================================================================
2026-09-26 19:01:54,644 | INFO     | ROUTE 75/121: Hồ Chí Minh -> Cát Bà [bus]
2026-09-26 19:01:54,645 | INFO     | URL: https://vexere.com/vi-VN/ve-xe-khach-tu-sai-gon-di-cat-ba-hai-phong-129t312.html?date=27-09-2026&lt=1
2026-09-26 19:02:02,416 | WARNING  | Hồ Chí Minh -> Cát Bà: Không tìm thấy ticket (có thể hết chuyến ngày 27-09-2026 hoặc URL sai)
2026-09-26 19:02:02,528 | INFO     | Đã lưu HTML debug: D:\TIỂU LUẬN CHUYÊN NGÀNH\TLCN-Travel\ingestion\transport\logs\debug_html\Hồ_Chí_Minh_Cát_Bà.html
2026-09-26 19:02:05,529 | INFO     | ======================================================================
2026-09-26 19:02:05,529 | INFO     | ROUTE 76/121: Hồ Chí Minh -> Hải Dương [bus]
2026-09-26 19:02:05,529 | INFO     | URL: https://vexere.com/vi-VN/ve-xe-khach-tu-sai-gon-di-hai-duong-129t30.html?date=27-09-2026&lt=1
2026-09-26 19:02:12,369 | WARNING  | Hồ Chí Minh -> Hải Dương: Không tìm thấy ticket (có thể hết chuyến ngày 27-09-2026 hoặc URL sai)
2026-09-26 19:02:12,452 | INFO     | Đã lưu HTML debug: D:\TIỂU LUẬN CHUYÊN NGÀNH\TLCN-Travel\ingestion\transport\logs\debug_html\Hồ_Chí_Minh_Hải_Dương.html
2026-09-26 19:02:15,453 | INFO     | ======================================================================
2026-09-26 19:02:15,453 | INFO     | ROUTE 77/121: Hồ Chí Minh -> Hưng Yên [bus]
2026-09-26 19:02:15,454 | INFO     | URL: https://vexere.com/vi-VN/ve-xe-khach-tu-sai-gon-di-hung-yen-129t33.html?date=27-09-2026&lt=1
2026-09-26 19:02:22,490 | WARNING  | Hồ Chí Minh -> Hưng Yên: Không tìm thấy ticket (có thể hết chuyến ngày 27-09-2026 hoặc URL sai)
2026-09-26 19:02:22,573 | INFO     | Đã lưu HTML debug: D:\TIỂU LUẬN CHUYÊN NGÀNH\TLCN-Travel\ingestion\transport\logs\debug_html\Hồ_Chí_Minh_Hưng_Yên.html
2026-09-26 19:02:25,574 | INFO     | ======================================================================
2026-09-26 19:02:25,574 | INFO     | ROUTE 78/121: Hồ Chí Minh -> Bắc Ninh [bus]
2026-09-26 19:02:25,574 | INFO     | URL: https://vexere.com/vi-VN/ve-xe-khach-tu-sai-gon-di-bac-ninh-129t27.html?date=27-09-2026&lt=1
2026-09-26 19:02:32,208 | WARNING  | Hồ Chí Minh -> Bắc Ninh: Không tìm thấy ticket (có thể hết chuyến ngày 27-09-2026 hoặc URL sai)
2026-09-26 19:02:32,308 | INFO     | Đã lưu HTML debug: D:\TIỂU LUẬN CHUYÊN NGÀNH\TLCN-Travel\ingestion\transport\logs\debug_html\Hồ_Chí_Minh_Bắc_Ninh.html
2026-09-26 19:02:35,309 | INFO     | ======================================================================
2026-09-26 19:02:35,309 | INFO     | ROUTE 79/121: Hồ Chí Minh -> Vĩnh Phúc [bus]
2026-09-26 19:02:35,310 | INFO     | URL: https://vexere.com/vi-VN/ve-xe-khach-tu-sai-gon-di-vinh-phuc-129t26.html?date=27-09-2026&lt=1
2026-09-26 19:02:43,091 | WARNING  | Hồ Chí Minh -> Vĩnh Phúc: Không tìm thấy ticket (có thể hết chuyến ngày 27-09-2026 hoặc URL sai)
2026-09-26 19:02:43,176 | INFO     | Đã lưu HTML debug: D:\TIỂU LUẬN CHUYÊN NGÀNH\TLCN-Travel\ingestion\transport\logs\debug_html\Hồ_Chí_Minh_Vĩnh_Phúc.html
2026-09-26 19:02:46,177 | INFO     | ======================================================================
2026-09-26 19:02:46,177 | INFO     | ROUTE 80/121: Hồ Chí Minh -> Phú Thọ [bus]
2026-09-26 19:02:46,177 | INFO     | URL: https://vexere.com/vi-VN/ve-xe-khach-tu-sai-gon-di-phu-tho-129t25.html?date=27-09-2026&lt=1
2026-09-26 19:02:53,386 | WARNING  | Hồ Chí Minh -> Phú Thọ: Không tìm thấy ticket (có thể hết chuyến ngày 27-09-2026 hoặc URL sai)
2026-09-26 19:02:53,464 | INFO     | Đã lưu HTML debug: D:\TIỂU LUẬN CHUYÊN NGÀNH\TLCN-Travel\ingestion\transport\logs\debug_html\Hồ_Chí_Minh_Phú_Thọ.html
2026-09-26 19:02:56,465 | INFO     | ======================================================================
2026-09-26 19:02:56,465 | INFO     | ROUTE 81/121: Hồ Chí Minh -> Thái Nguyên [bus]
2026-09-26 19:02:56,465 | INFO     | URL: https://vexere.com/vi-VN/ve-xe-khach-tu-sai-gon-di-thai-nguyen-129t19.html?date=27-09-2026&lt=1
2026-09-26 19:03:03,438 | WARNING  | Hồ Chí Minh -> Thái Nguyên: Không tìm thấy ticket (có thể hết chuyến ngày 27-09-2026 hoặc URL sai)
2026-09-26 19:03:03,516 | INFO     | Đã lưu HTML debug: D:\TIỂU LUẬN CHUYÊN NGÀNH\TLCN-Travel\ingestion\transport\logs\debug_html\Hồ_Chí_Minh_Thái_Nguyên.html
2026-09-26 19:03:06,517 | INFO     | ======================================================================
2026-09-26 19:03:06,517 | INFO     | ROUTE 82/121: Hồ Chí Minh -> Bắc Giang [bus]
2026-09-26 19:03:06,518 | INFO     | URL: https://vexere.com/vi-VN/ve-xe-khach-tu-sai-gon-di-bac-giang-129t24.html?date=27-09-2026&lt=1
2026-09-26 19:03:13,221 | WARNING  | Hồ Chí Minh -> Bắc Giang: Không tìm thấy ticket (có thể hết chuyến ngày 27-09-2026 hoặc URL sai)
2026-09-26 19:03:13,299 | INFO     | Đã lưu HTML debug: D:\TIỂU LUẬN CHUYÊN NGÀNH\TLCN-Travel\ingestion\transport\logs\debug_html\Hồ_Chí_Minh_Bắc_Giang.html
2026-09-26 19:03:16,300 | INFO     | ======================================================================
2026-09-26 19:03:16,300 | INFO     | ROUTE 83/121: Hồ Chí Minh -> Lạng Sơn [bus]
2026-09-26 19:03:16,300 | INFO     | URL: https://vexere.com/vi-VN/ve-xe-khach-tu-sai-gon-di-lang-son-129t20.html?date=27-09-2026&lt=1
2026-09-26 19:03:23,035 | WARNING  | Hồ Chí Minh -> Lạng Sơn: Không tìm thấy ticket (có thể hết chuyến ngày 27-09-2026 hoặc URL sai)
2026-09-26 19:03:23,116 | INFO     | Đã lưu HTML debug: D:\TIỂU LUẬN CHUYÊN NGÀNH\TLCN-Travel\ingestion\transport\logs\debug_html\Hồ_Chí_Minh_Lạng_Sơn.html
2026-09-26 19:03:26,116 | INFO     | ======================================================================
2026-09-26 19:03:26,117 | INFO     | ROUTE 84/121: Hồ Chí Minh -> Cao Bằng [bus]
2026-09-26 19:03:26,117 | INFO     | URL: https://vexere.com/vi-VN/ve-xe-khach-tu-sai-gon-di-cao-bang-129t4.html?date=27-09-2026&lt=1
2026-09-26 19:03:33,343 | WARNING  | Hồ Chí Minh -> Cao Bằng: Không tìm thấy ticket (có thể hết chuyến ngày 27-09-2026 hoặc URL sai)
2026-09-26 19:03:33,453 | INFO     | Đã lưu HTML debug: D:\TIỂU LUẬN CHUYÊN NGÀNH\TLCN-Travel\ingestion\transport\logs\debug_html\Hồ_Chí_Minh_Cao_Bằng.html
2026-09-26 19:03:36,453 | INFO     | ======================================================================
2026-09-26 19:03:36,454 | INFO     | ROUTE 85/121: Hồ Chí Minh -> Bắc Kạn [bus]
2026-09-26 19:03:36,454 | INFO     | URL: https://vexere.com/vi-VN/ve-xe-khach-tu-sai-gon-di-bac-kan-129t6.html?date=27-09-2026&lt=1
2026-09-26 19:03:42,956 | WARNING  | Hồ Chí Minh -> Bắc Kạn: Không tìm thấy ticket (có thể hết chuyến ngày 27-09-2026 hoặc URL sai)
2026-09-26 19:03:43,081 | INFO     | Đã lưu HTML debug: D:\TIỂU LUẬN CHUYÊN NGÀNH\TLCN-Travel\ingestion\transport\logs\debug_html\Hồ_Chí_Minh_Bắc_Kạn.html
2026-09-26 19:03:46,082 | INFO     | ======================================================================
2026-09-26 19:03:46,083 | INFO     | ROUTE 86/121: Hồ Chí Minh -> Tuyên Quang [bus]
2026-09-26 19:03:46,083 | INFO     | URL: https://vexere.com/vi-VN/ve-xe-khach-tu-sai-gon-di-tuyen-quang-129t8.html?date=27-09-2026&lt=1
2026-09-26 19:03:52,747 | WARNING  | Hồ Chí Minh -> Tuyên Quang: Không tìm thấy ticket (có thể hết chuyến ngày 27-09-2026 hoặc URL sai)
2026-09-26 19:03:52,916 | INFO     | Đã lưu HTML debug: D:\TIỂU LUẬN CHUYÊN NGÀNH\TLCN-Travel\ingestion\transport\logs\debug_html\Hồ_Chí_Minh_Tuyên_Quang.html
2026-09-26 19:03:55,917 | INFO     | ======================================================================
2026-09-26 19:03:55,918 | INFO     | ROUTE 87/121: Hồ Chí Minh -> Hà Giang [bus]
2026-09-26 19:03:55,918 | INFO     | URL: https://vexere.com/vi-VN/ve-xe-khach-tu-sai-gon-di-ha-giang-129t2.html?date=27-09-2026&lt=1
2026-09-26 19:04:02,421 | WARNING  | Hồ Chí Minh -> Hà Giang: Không tìm thấy ticket (có thể hết chuyến ngày 27-09-2026 hoặc URL sai)
2026-09-26 19:04:02,562 | INFO     | Đã lưu HTML debug: D:\TIỂU LUẬN CHUYÊN NGÀNH\TLCN-Travel\ingestion\transport\logs\debug_html\Hồ_Chí_Minh_Hà_Giang.html
2026-09-26 19:04:05,563 | INFO     | ======================================================================
2026-09-26 19:04:05,563 | INFO     | ROUTE 88/121: Hồ Chí Minh -> Lào Cai [bus]
2026-09-26 19:04:05,563 | INFO     | URL: https://vexere.com/vi-VN/ve-xe-khach-tu-sai-gon-di-lao-cai-129t10.html?date=27-09-2026&lt=1
2026-09-26 19:04:12,187 | WARNING  | Hồ Chí Minh -> Lào Cai: Không tìm thấy ticket (có thể hết chuyến ngày 27-09-2026 hoặc URL sai)
2026-09-26 19:04:12,287 | INFO     | Đã lưu HTML debug: D:\TIỂU LUẬN CHUYÊN NGÀNH\TLCN-Travel\ingestion\transport\logs\debug_html\Hồ_Chí_Minh_Lào_Cai.html
2026-09-26 19:04:15,288 | INFO     | ======================================================================
2026-09-26 19:04:15,288 | INFO     | ROUTE 89/121: Hồ Chí Minh -> Sa Pa [bus]
2026-09-26 19:04:15,288 | INFO     | URL: https://vexere.com/vi-VN/ve-xe-khach-tu-sai-gon-di-sa-pa-lao-cai-129t101.html?date=27-09-2026&lt=1
2026-09-26 19:04:22,152 | WARNING  | Hồ Chí Minh -> Sa Pa: Không tìm thấy ticket (có thể hết chuyến ngày 27-09-2026 hoặc URL sai)
2026-09-26 19:04:22,223 | INFO     | Đã lưu HTML debug: D:\TIỂU LUẬN CHUYÊN NGÀNH\TLCN-Travel\ingestion\transport\logs\debug_html\Hồ_Chí_Minh_Sa_Pa.html
2026-09-26 19:04:25,224 | INFO     | ======================================================================
2026-09-26 19:04:25,224 | INFO     | ROUTE 90/121: Hồ Chí Minh -> Yên Bái [bus]
2026-09-26 19:04:25,224 | INFO     | URL: https://vexere.com/vi-VN/ve-xe-khach-tu-sai-gon-di-yen-bai-129t15.html?date=27-09-2026&lt=1
2026-09-26 19:04:31,933 | WARNING  | Hồ Chí Minh -> Yên Bái: Không tìm thấy ticket (có thể hết chuyến ngày 27-09-2026 hoặc URL sai)
2026-09-26 19:04:32,057 | INFO     | Đã lưu HTML debug: D:\TIỂU LUẬN CHUYÊN NGÀNH\TLCN-Travel\ingestion\transport\logs\debug_html\Hồ_Chí_Minh_Yên_Bái.html
2026-09-26 19:04:35,058 | INFO     | ======================================================================
2026-09-26 19:04:35,059 | INFO     | ROUTE 91/121: Hồ Chí Minh -> Sơn La [bus]
2026-09-26 19:04:35,059 | INFO     | URL: https://vexere.com/vi-VN/ve-xe-khach-tu-sai-gon-di-son-la-129t14.html?date=27-09-2026&lt=1
2026-09-26 19:04:41,824 | WARNING  | Hồ Chí Minh -> Sơn La: Không tìm thấy ticket (có thể hết chuyến ngày 27-09-2026 hoặc URL sai)
2026-09-26 19:04:41,943 | INFO     | Đã lưu HTML debug: D:\TIỂU LUẬN CHUYÊN NGÀNH\TLCN-Travel\ingestion\transport\logs\debug_html\Hồ_Chí_Minh_Sơn_La.html
2026-09-26 19:04:44,944 | INFO     | ======================================================================
2026-09-26 19:04:44,944 | INFO     | ROUTE 92/121: Hồ Chí Minh -> Điện Biên [bus]
2026-09-26 19:04:44,944 | INFO     | URL: https://vexere.com/vi-VN/ve-xe-khach-tu-sai-gon-di-dien-bien-129t11.html?date=27-09-2026&lt=1
2026-09-26 19:04:51,857 | WARNING  | Hồ Chí Minh -> Điện Biên: Không tìm thấy ticket (có thể hết chuyến ngày 27-09-2026 hoặc URL sai)
2026-09-26 19:04:52,010 | INFO     | Đã lưu HTML debug: D:\TIỂU LUẬN CHUYÊN NGÀNH\TLCN-Travel\ingestion\transport\logs\debug_html\Hồ_Chí_Minh_Điện_Biên.html
2026-09-26 19:04:55,011 | INFO     | ======================================================================
2026-09-26 19:04:55,011 | INFO     | ROUTE 93/121: Hồ Chí Minh -> Lai Châu [bus]
2026-09-26 19:04:55,012 | INFO     | URL: https://vexere.com/vi-VN/ve-xe-khach-tu-sai-gon-di-lai-chau-129t12.html?date=27-09-2026&lt=1
2026-09-26 19:05:02,596 | WARNING  | Hồ Chí Minh -> Lai Châu: Không tìm thấy ticket (có thể hết chuyến ngày 27-09-2026 hoặc URL sai)
2026-09-26 19:05:02,710 | INFO     | Đã lưu HTML debug: D:\TIỂU LUẬN CHUYÊN NGÀNH\TLCN-Travel\ingestion\transport\logs\debug_html\Hồ_Chí_Minh_Lai_Châu.html
2026-09-26 19:05:05,711 | INFO     | ======================================================================
2026-09-26 19:05:05,711 | INFO     | ROUTE 94/121: Hồ Chí Minh -> Hòa Bình [bus]
2026-09-26 19:05:05,712 | INFO     | URL: https://vexere.com/vi-VN/ve-xe-khach-tu-sai-gon-di-hoa-binh-129t17.html?date=27-09-2026&lt=1
2026-09-26 19:05:12,627 | WARNING  | Hồ Chí Minh -> Hòa Bình: Không tìm thấy ticket (có thể hết chuyến ngày 27-09-2026 hoặc URL sai)
2026-09-26 19:05:12,719 | INFO     | Đã lưu HTML debug: D:\TIỂU LUẬN CHUYÊN NGÀNH\TLCN-Travel\ingestion\transport\logs\debug_html\Hồ_Chí_Minh_Hòa_Bình.html
2026-09-26 19:05:15,720 | INFO     | ======================================================================
2026-09-26 19:05:15,721 | INFO     | ROUTE 95/121: Hồ Chí Minh -> Phú Quốc [bus]
2026-09-26 19:05:15,721 | INFO     | URL: https://vexere.com/vi-VN/ve-xe-khach-tu-sai-gon-di-phu-quoc-kien-giang-129t912.html?date=27-09-2026&lt=1
2026-09-26 19:05:22,880 | WARNING  | Hồ Chí Minh -> Phú Quốc: Không tìm thấy ticket (có thể hết chuyến ngày 27-09-2026 hoặc URL sai)
2026-09-26 19:05:22,975 | INFO     | Đã lưu HTML debug: D:\TIỂU LUẬN CHUYÊN NGÀNH\TLCN-Travel\ingestion\transport\logs\debug_html\Hồ_Chí_Minh_Phú_Quốc.html
2026-09-26 19:05:25,976 | INFO     | ======================================================================
2026-09-26 19:05:25,976 | INFO     | ROUTE 96/121: Hồ Chí Minh -> Hà Nội [flight]
2026-09-26 19:05:25,976 | INFO     | URL: https://vexere.com/vn/ve-may-bay/dat-ve-may-bay.vi?from=29_area&to=24_area&from_airport=28284&to_airport=102188&from_station=SGO&to_station=HNO&passenger%5Badt%5D=1&passenger%5Bchd%5D=0&passenger%5Binf%5D=0&fare_class=PT&date%5Bdepart%5D=2026-09-27
2026-09-26 19:05:50,635 | INFO     | Tìm thấy 50 flight card | selector=[class*="FlightTicketItem__FlightTicketItemContainer"]
2026-09-26 19:05:50,758 | INFO     | [1] [flight] VietJet Air | VJ120 | 05:00 -> 07:10 | 1332341
2026-09-26 19:05:50,896 | INFO     | [2] [flight] VietJet Air | VJ162 | 22:40 -> 00:50 | 1332341
2026-09-26 19:05:51,255 | INFO     | [3] [flight] VietJet Air | VJ168 | 23:00 -> 01:10 | 1332341
2026-09-26 19:05:51,346 | INFO     | [4] [flight] Vietravel Airlines | VU750 | 05:35 -> 07:45 | 1374621
2026-09-26 19:05:51,439 | INFO     | [5] [flight] Unknown | Eco | 05:15 -> 07:25 | 1411181
2026-09-26 19:05:51,563 | INFO     | [6] [flight] Unknown | Eco | 05:45 -> 07:55 | 1411181
2026-09-26 19:05:51,659 | INFO     | [7] [flight] Vietravel Airlines | VU750 | 05:35 -> 07:45 | 1493421
2026-09-26 19:05:51,752 | INFO     | [8] [flight] Vietravel Airlines | VU774 | 07:00 -> 09:10 | 1493421
2026-09-26 19:05:51,843 | INFO     | [9] [flight] VietJet Air | VJ160 | 21:00 -> 23:10 | 1543781
2026-09-26 19:05:51,911 | INFO     | [10] [flight] VietJet Air | VJ1156 | 21:00 -> 23:10 | 1543781
2026-09-26 19:05:51,911 | INFO     | Hoàn thành Hồ Chí Minh -> Hà Nội [flight]: 10 records
2026-09-26 19:05:54,912 | INFO     | ======================================================================
2026-09-26 19:05:54,912 | INFO     | ROUTE 97/121: Hồ Chí Minh -> Đà Nẵng [flight]
2026-09-26 19:05:54,913 | INFO     | URL: https://vexere.com/vn/ve-may-bay/dat-ve-may-bay.vi?from=29_area&to=15_area&from_airport=28284&to_airport=135548&from_station=SGO&to_station=DAD&passenger%5Badt%5D=1&passenger%5Bchd%5D=0&passenger%5Binf%5D=0&fare_class=PT&date%5Bdepart%5D=2026-09-27
2026-09-26 19:06:19,506 | INFO     | Tìm thấy 50 flight card | selector=[class*="FlightTicketItem__FlightTicketItemContainer"]
2026-09-26 19:06:19,653 | INFO     | [1] [flight] VietJet Air | VJ628 | 10:50 -> 12:15 | 648917
2026-09-26 19:06:19,920 | INFO     | [2] [flight] Vietravel Airlines | VU684 | 18:20 -> 19:45 | 964221
2026-09-26 19:06:20,052 | INFO     | [3] [flight] VietJet Air | VJ636 | 13:00 -> 14:20 | 1052381
2026-09-26 19:06:20,190 | INFO     | [4] [flight] VietJet Air | VJ640 | 15:10 -> 16:30 | 1052381
2026-09-26 19:06:20,310 | INFO     | [5] [flight] Vietravel Airlines | VU672 | 08:50 -> 10:15 | 1061421
2026-09-26 19:06:20,427 | INFO     | [6] [flight] Vietravel Airlines | VU684 | 18:20 -> 19:45 | 1061421
2026-09-26 19:06:20,547 | INFO     | [7] [flight] Vietnam Airlines | VN106 | 05:45 -> 07:05 | 1050181
2026-09-26 19:06:20,674 | INFO     | [8] [flight] VietJet Air | VJ636 | 13:00 -> 14:20 | 1165781
2026-09-26 19:06:20,790 | INFO     | [9] [flight] VietJet Air | VJ640 | 15:10 -> 16:30 | 1165781
2026-09-26 19:06:20,907 | INFO     | [10] [flight] Vietravel Airlines | VU672 | 08:50 -> 10:15 | 1191021
2026-09-26 19:06:20,907 | INFO     | Hoàn thành Hồ Chí Minh -> Đà Nẵng [flight]: 10 records
2026-09-26 19:06:23,908 | INFO     | ======================================================================
2026-09-26 19:06:23,909 | INFO     | ROUTE 98/121: Hồ Chí Minh -> Nha Trang [flight]
2026-09-26 19:06:23,909 | INFO     | URL: https://vexere.com/vn/ve-may-bay/dat-ve-may-bay.vi?from=29_area&to=417_area&from_airport=28284&to_airport=135552&from_station=SGO&to_station=NTR&passenger%5Badt%5D=1&passenger%5Bchd%5D=0&passenger%5Binf%5D=0&fare_class=PT&date%5Bdepart%5D=2026-09-27
2026-09-26 19:06:43,692 | INFO     | Tìm thấy 30 flight card | selector=[class*="FlightTicketItem__FlightTicketItemContainer"]
2026-09-26 19:06:43,984 | INFO     | [1] [flight] Vietnam Airlines | VN6242 | 12:10 -> 13:15 | 898181
2026-09-26 19:06:44,106 | INFO     | [2] [flight] Vietnam Airlines | VN1342 | 09:05 -> 10:10 | 985181
2026-09-26 19:06:44,232 | INFO     | [3] [flight] Vietnam Airlines | VN7340 | 12:50 -> 13:55 | 985181
2026-09-26 19:06:44,363 | INFO     | [4] [flight] VietJet Air | VJ608 | 10:00 -> 11:00 | 1044821
2026-09-26 19:06:44,522 | INFO     | [5] [flight] Vietnam Airlines | VN6242 | 12:10 -> 13:15 | 1047181
2026-09-26 19:06:44,670 | INFO     | [6] [flight] Vietnam Airlines | VN1342 | 09:05 -> 10:10 | 1126181
2026-09-26 19:06:44,805 | INFO     | [7] [flight] Vietnam Airlines | VN7340 | 12:50 -> 13:55 | 1126181
2026-09-26 19:06:44,922 | INFO     | [8] [flight] Vietnam Airlines | VN1344 | 13:05 -> 14:05 | 1126181
2026-09-26 19:06:45,072 | INFO     | [9] [flight] VietJet Air | VJ608 | 10:00 -> 11:00 | 1165781
2026-09-26 19:06:45,206 | INFO     | [10] [flight] Vietnam Airlines | VN6242 | 12:10 -> 13:15 | 1157181
2026-09-26 19:06:45,206 | INFO     | Hoàn thành Hồ Chí Minh -> Nha Trang [flight]: 10 records
2026-09-26 19:06:48,207 | INFO     | ======================================================================
2026-09-26 19:06:48,207 | INFO     | ROUTE 99/121: Hồ Chí Minh -> Đà Lạt [flight]
2026-09-26 19:06:48,208 | INFO     | URL: https://vexere.com/vn/ve-may-bay/dat-ve-may-bay.vi?from=29_area&to=457_area&from_airport=28284&to_airport=112068&from_station=SGO&to_station=DLI&passenger%5Badt%5D=1&passenger%5Bchd%5D=0&passenger%5Binf%5D=0&fare_class=PT&date%5Bdepart%5D=2026-09-27
2026-09-26 19:07:08,165 | INFO     | Tìm thấy 24 flight card | selector=[class*="FlightTicketItem__FlightTicketItemContainer"]
2026-09-26 19:07:08,288 | INFO     | [1] [flight] Vietnam Airlines | VN1380 | 05:50 -> 06:45 | 955181
2026-09-26 19:07:08,436 | INFO     | [2] [flight] VietJet Air | VJ1362 | 06:10 -> 07:05 | 1044821
2026-09-26 19:07:08,579 | INFO     | [3] [flight] Vietnam Airlines | VN1380 | 05:50 -> 06:45 | 1126181
2026-09-26 19:07:08,692 | INFO     | [4] [flight] VietJet Air | VJ1362 | 06:10 -> 07:05 | 1165781
2026-09-26 19:07:08,822 | INFO     | [5] [flight] VietJet Air | VJ362 | 14:35 -> 15:30 | 1233821
2026-09-26 19:07:08,983 | INFO     | [6] [flight] Vietnam Airlines | VN1380 | 05:50 -> 06:45 | 1255181
2026-09-26 19:07:09,204 | INFO     | [7] [flight] VietJet Air | VJ362 | 14:35 -> 15:30 | 1435781
2026-09-26 19:07:09,318 | INFO     | [8] [flight] Vietnam Airlines | VN7388 | 14:25 -> 15:20 | 1482181
2026-09-26 19:07:09,394 | INFO     | [9] [flight] Vietnam Airlines | VN7388 | 14:25 -> 15:20 | 1579181
2026-09-26 19:07:09,505 | INFO     | [10] [flight] Vietnam Airlines | VN1380 | 05:50 -> 06:45 | 1676181
2026-09-26 19:07:09,506 | INFO     | Hoàn thành Hồ Chí Minh -> Đà Lạt [flight]: 10 records
2026-09-26 19:07:12,507 | INFO     | ======================================================================
2026-09-26 19:07:12,508 | INFO     | ROUTE 100/121: Hồ Chí Minh -> Huế [flight]
2026-09-26 19:07:12,508 | INFO     | URL: https://vexere.com/vn/ve-may-bay/dat-ve-may-bay.vi?from=29_area&to=57_region&from_airport=28284&to_airport=135559&from_station=SGO&to_station=HUE&passenger%5Badt%5D=1&passenger%5Bchd%5D=0&passenger%5Binf%5D=0&fare_class=PT&date%5Bdepart%5D=2026-09-27
2026-09-26 19:07:32,878 | INFO     | Tìm thấy 42 flight card | selector=[class*="FlightTicketItem__FlightTicketItemContainer"]
2026-09-26 19:07:32,977 | INFO     | [1] [flight] Vietnam Airlines | VN6160 | 16:05 -> 17:40 | 953181
2026-09-26 19:07:33,070 | INFO     | [2] [flight] VietJet Air | VJ302 | 05:30 -> 06:55 | 1052381
2026-09-26 19:07:33,174 | INFO     | [3] [flight] VietJet Air | VJ304 | 09:05 -> 10:30 | 1052381
2026-09-26 19:07:33,279 | INFO     | [4] [flight] VietJet Air | VJ312 | 18:00 -> 19:25 | 1052381
2026-09-26 19:07:33,363 | INFO     | [5] [flight] Vietnam Airlines | VN1366 | 05:45 -> 07:15 | 1050181
2026-09-26 19:07:33,468 | INFO     | [6] [flight] VietJet Air | VJ308 | 14:15 -> 15:40 | 1143101
2026-09-26 19:07:33,552 | INFO     | [7] [flight] VietJet Air | VJ302 | 05:30 -> 06:55 | 1165781
2026-09-26 19:07:33,743 | INFO     | [8] [flight] VietJet Air | VJ304 | 09:05 -> 10:30 | 1165781
2026-09-26 19:07:33,946 | INFO     | [9] [flight] VietJet Air | VJ312 | 18:00 -> 19:25 | 1165781
2026-09-26 19:07:34,124 | INFO     | [10] [flight] Vietnam Airlines | VN6252 | 15:35 -> 17:05 | 1157181
2026-09-26 19:07:34,124 | INFO     | Hoàn thành Hồ Chí Minh -> Huế [flight]: 10 records
2026-09-26 19:07:37,125 | INFO     | ======================================================================
2026-09-26 19:07:37,126 | INFO     | ROUTE 101/121: Hồ Chí Minh -> Hải Phòng [flight]
2026-09-26 19:07:37,126 | INFO     | URL: https://vexere.com/vn/ve-may-bay/dat-ve-may-bay.vi?from=29_region&to=27_region&from_airport=28284&to_airport=135551&from_station=SGO&to_station=HPH&passenger%5Badt%5D=1&passenger%5Bchd%5D=0&passenger%5Binf%5D=0&fare_class=PT&date%5Bdepart%5D=2026-09-27
2026-09-26 19:07:59,447 | INFO     | Tìm thấy 40 flight card | selector=[class*="FlightTicketItem__FlightTicketItemContainer"]
2026-09-26 19:07:59,593 | INFO     | [1] [flight] Unknown | Eco | 07:05 -> 09:10 | 1143181
2026-09-26 19:07:59,863 | INFO     | [2] [flight] Vietnam Airlines | VN1176 | 07:35 -> 09:40 | 1266181
2026-09-26 19:07:59,993 | INFO     | [3] [flight] Unknown | Eco | 07:05 -> 09:10 | 1281181
2026-09-26 19:08:00,117 | INFO     | [4] [flight] VietJet Air | VJ272 | 09:00 -> 11:00 | 1362341
2026-09-26 19:08:00,221 | INFO     | [5] [flight] VietJet Air | VJ274 | 11:35 -> 13:35 | 1362341
2026-09-26 19:08:00,340 | INFO     | [6] [flight] VietJet Air | VJ278 | 13:55 -> 15:55 | 1453061
2026-09-26 19:08:00,461 | INFO     | [7] [flight] Unknown | Eco | 16:15 -> 18:20 | 1486181
2026-09-26 19:08:00,570 | INFO     | [8] [flight] VietJet Air | VJ1280 | 07:30 -> 09:30 | 1543781
2026-09-26 19:08:00,667 | INFO     | [9] [flight] VietJet Air | VJ282 | 17:40 -> 19:40 | 1543781
2026-09-26 19:08:00,769 | INFO     | [10] [flight] Vietnam Airlines | VN1176 | 07:35 -> 09:40 | 1547181
2026-09-26 19:08:00,769 | INFO     | Hoàn thành Hồ Chí Minh -> Hải Phòng [flight]: 10 records
2026-09-26 19:08:03,770 | INFO     | ======================================================================
2026-09-26 19:08:03,770 | INFO     | ROUTE 102/121: Hồ Chí Minh -> Phú Thọ [flight]
2026-09-26 19:08:03,770 | INFO     | URL: https://vexere.com/vn/ve-may-bay/dat-ve-may-bay.vi?from=29_area&to=44_region&from_airport=28284&to_airport=102188&from_station=SGO&to_station=CCH&passenger%5Badt%5D=1&passenger%5Bchd%5D=0&passenger%5Binf%5D=0&fare_class=PT&date%5Bdepart%5D=2026-09-27
2026-09-26 19:08:28,103 | INFO     | Tìm thấy 50 flight card | selector=[class*="FlightTicketItem__FlightTicketItemContainer"]
2026-09-26 19:08:28,206 | INFO     | [1] [flight] VietJet Air | VJ120 | 05:00 -> 07:10 | 1332341
2026-09-26 19:08:28,301 | INFO     | [2] [flight] VietJet Air | VJ162 | 22:40 -> 00:50 | 1332341
2026-09-26 19:08:28,404 | INFO     | [3] [flight] VietJet Air | VJ168 | 23:00 -> 01:10 | 1332341
2026-09-26 19:08:28,464 | INFO     | [4] [flight] Vietravel Airlines | VU750 | 05:35 -> 07:45 | 1374621
2026-09-26 19:08:28,550 | INFO     | [5] [flight] Unknown | Eco | 05:15 -> 07:25 | 1411181
2026-09-26 19:08:28,627 | INFO     | [6] [flight] Unknown | Eco | 05:45 -> 07:55 | 1411181
2026-09-26 19:08:28,715 | INFO     | [7] [flight] Vietravel Airlines | VU750 | 05:35 -> 07:45 | 1493421
2026-09-26 19:08:28,821 | INFO     | [8] [flight] Vietravel Airlines | VU774 | 07:00 -> 09:10 | 1493421
2026-09-26 19:08:28,944 | INFO     | [9] [flight] VietJet Air | VJ160 | 21:00 -> 23:10 | 1543781
2026-09-26 19:08:29,053 | INFO     | [10] [flight] VietJet Air | VJ1156 | 21:00 -> 23:10 | 1543781
2026-09-26 19:08:29,053 | INFO     | Hoàn thành Hồ Chí Minh -> Phú Thọ [flight]: 10 records
2026-09-26 19:08:32,054 | INFO     | ======================================================================
2026-09-26 19:08:32,054 | INFO     | ROUTE 103/121: Hồ Chí Minh -> Quy Nhơn [flight]
2026-09-26 19:08:32,055 | INFO     | URL: https://vexere.com/vn/ve-may-bay/dat-ve-may-bay.vi?from=29_area&to=131_area&from_airport=28284&to_airport=135545&from_station=SGO&to_station=DTR&passenger%5Badt%5D=1&passenger%5Bchd%5D=0&passenger%5Binf%5D=0&fare_class=PT&date%5Bdepart%5D=2026-09-27
2026-09-26 19:08:46,594 | INFO     | Tìm thấy 2 flight card | selector=[class*="FlightTicketItem__FlightTicketItemContainer"]
2026-09-26 19:08:46,797 | INFO     | [1] [flight] Vietnam Airlines | VN1392 | 06:00 -> 07:10 | 2875181
2026-09-26 19:08:46,951 | INFO     | [2] [flight] Vietnam Airlines | VN1394 | 13:50 -> 15:00 | 3553181
2026-09-26 19:08:46,951 | INFO     | Hoàn thành Hồ Chí Minh -> Quy Nhơn [flight]: 2 records
2026-09-26 19:08:49,952 | INFO     | ======================================================================
2026-09-26 19:08:49,952 | INFO     | ROUTE 104/121: Hồ Chí Minh -> Buôn Ma Thuột [flight]
2026-09-26 19:08:49,953 | INFO     | URL: https://vexere.com/vn/ve-may-bay/dat-ve-may-bay.vi?from=29_area&to=204_area&from_airport=28284&to_airport=133906&from_station=SGO&passenger%5Badt%5D=1&passenger%5Bchd%5D=0&passenger%5Binf%5D=0&fare_class=PT&date%5Bdepart%5D=2026-09-27
2026-09-26 19:09:06,171 | INFO     | Tìm thấy 11 flight card | selector=[class*="FlightTicketItem__FlightTicketItemContainer"]
2026-09-26 19:09:06,306 | INFO     | [1] [flight] VietJet Air | VJ350 | 06:30 -> 07:30 | 1014821
2026-09-26 19:09:06,404 | INFO     | [2] [flight] Vietnam Airlines | VN6200 | 10:05 -> 11:05 | 1082181
2026-09-26 19:09:06,512 | INFO     | [3] [flight] VietJet Air | VJ350 | 06:30 -> 07:30 | 1165781
2026-09-26 19:09:06,612 | INFO     | [4] [flight] Vietnam Airlines | VN6200 | 10:05 -> 11:05 | 1180181
2026-09-26 19:09:06,746 | INFO     | [5] [flight] VietJet Air | VJ352 | 17:55 -> 18:55 | 1233821
2026-09-26 19:09:06,875 | INFO     | [6] [flight] VietJet Air | VJ352 | 17:55 -> 18:55 | 1435781
2026-09-26 19:09:07,012 | INFO     | [7] [flight] Vietnam Airlines | VN6200 | 10:05 -> 11:05 | 1558181
2026-09-26 19:09:07,155 | INFO     | [8] [flight] Vietnam Airlines | VN6200 | 10:05 -> 11:05 | 1655181
2026-09-26 19:09:07,448 | INFO     | [9] [flight] Vietnam Airlines | VN6200 | 10:05 -> 11:05 | 1928181
2026-09-26 19:09:07,542 | INFO     | [10] [flight] Vietnam Airlines | VN6200 | 10:05 -> 11:05 | 1933181
2026-09-26 19:09:07,542 | INFO     | Hoàn thành Hồ Chí Minh -> Buôn Ma Thuột [flight]: 10 records
2026-09-26 19:09:10,543 | INFO     | ======================================================================
2026-09-26 19:09:10,544 | INFO     | ROUTE 105/121: Hồ Chí Minh -> Pleiku [flight]
2026-09-26 19:09:10,544 | INFO     | URL: https://vexere.com/vn/ve-may-bay/dat-ve-may-bay.vi?from=29_area&to=274_area&from_airport=28284&to_airport=135555&from_station=SGO&to_station=PXU&passenger%5Badt%5D=1&passenger%5Bchd%5D=0&passenger%5Binf%5D=0&fare_class=PT&date%5Bdepart%5D=2026-09-27
2026-09-26 19:09:25,032 | WARNING  | FLIGHT | Hồ Chí Minh -> Pleiku: không thấy FlightTicketItem
2026-09-26 19:09:25,298 | INFO     | Đã lưu HTML debug: D:\TIỂU LUẬN CHUYÊN NGÀNH\TLCN-Travel\ingestion\transport\logs\debug_html\Hồ_Chí_Minh_Pleiku.html
2026-09-26 19:09:25,299 | INFO     | Hoàn thành Hồ Chí Minh -> Pleiku [flight]: 0 records
2026-09-26 19:09:28,300 | INFO     | ======================================================================
2026-09-26 19:09:28,301 | INFO     | ROUTE 106/121: Hồ Chí Minh -> Phú Quốc [flight]
2026-09-26 19:09:28,301 | INFO     | URL: https://vexere.com/vn/ve-may-bay/dat-ve-may-bay.vi?from=29_area&to=189322_area&from_airport=28284&to_airport=135554&from_station=SGO&passenger%5Badt%5D=1&passenger%5Bchd%5D=0&passenger%5Binf%5D=0&fare_class=PT&date%5Bdepart%5D=2026-09-27
2026-09-26 19:10:05,064 | INFO     | Tìm thấy 1 flight card | selector=[class*="FlightTicketItem__FlightTicketItemContainer"]
2026-09-26 19:10:05,276 | INFO     | [1] [flight] VietJet Air | VJ339 | 07:50 -> 08:50 | 627749
2026-09-26 19:10:05,277 | INFO     | Hoàn thành Hồ Chí Minh -> Phú Quốc [flight]: 1 records
2026-09-26 19:10:08,279 | INFO     | ======================================================================
2026-09-26 19:10:08,279 | INFO     | ROUTE 107/121: Hồ Chí Minh -> Cam Ranh [flight]
2026-09-26 19:10:08,280 | INFO     | URL: https://vexere.com/vn/ve-may-bay/dat-ve-may-bay.vi?from=29_region&to=135552_area&from_airport=28284&to_airport=135552&from_station=SGO&to_station=NTR&passenger%5Badt%5D=1&passenger%5Bchd%5D=0&passenger%5Binf%5D=0&fare_class=PT&date%5Bdepart%5D=2026-09-27
2026-09-26 19:10:28,379 | INFO     | Tìm thấy 30 flight card | selector=[class*="FlightTicketItem__FlightTicketItemContainer"]
2026-09-26 19:10:28,651 | INFO     | [1] [flight] Vietnam Airlines | VN6242 | 12:10 -> 13:15 | 898181
2026-09-26 19:10:28,743 | INFO     | [2] [flight] Vietnam Airlines | VN1342 | 09:05 -> 10:10 | 985181
2026-09-26 19:10:28,843 | INFO     | [3] [flight] Vietnam Airlines | VN7340 | 12:50 -> 13:55 | 985181
2026-09-26 19:10:28,964 | INFO     | [4] [flight] VietJet Air | VJ608 | 10:00 -> 11:00 | 1044821
2026-09-26 19:10:29,067 | INFO     | [5] [flight] Vietnam Airlines | VN6242 | 12:10 -> 13:15 | 1047181
2026-09-26 19:10:29,182 | INFO     | [6] [flight] Vietnam Airlines | VN1342 | 09:05 -> 10:10 | 1126181
2026-09-26 19:10:29,300 | INFO     | [7] [flight] Vietnam Airlines | VN7340 | 12:50 -> 13:55 | 1126181
2026-09-26 19:10:29,419 | INFO     | [8] [flight] Vietnam Airlines | VN1344 | 13:05 -> 14:05 | 1126181
2026-09-26 19:10:29,509 | INFO     | [9] [flight] VietJet Air | VJ608 | 10:00 -> 11:00 | 1165781
2026-09-26 19:10:29,621 | INFO     | [10] [flight] Vietnam Airlines | VN6242 | 12:10 -> 13:15 | 1157181
2026-09-26 19:10:29,622 | INFO     | Hoàn thành Hồ Chí Minh -> Cam Ranh [flight]: 10 records
2026-09-26 19:10:32,623 | INFO     | ======================================================================
2026-09-26 19:10:32,623 | INFO     | ROUTE 108/121: Hồ Chí Minh -> Thanh Hóa [flight]
2026-09-26 19:10:32,623 | INFO     | URL: https://vexere.com/vn/ve-may-bay/dat-ve-may-bay.vi?from=29_area&to=56_region&from_airport=28284&to_airport=135558&from_station=SGO&to_station=THO&passenger%5Badt%5D=1&passenger%5Bchd%5D=0&passenger%5Binf%5D=0&fare_class=PT&date%5Bdepart%5D=2026-09-27
2026-09-26 19:10:52,438 | INFO     | Tìm thấy 31 flight card | selector=[class*="FlightTicketItem__FlightTicketItemContainer"]
2026-09-26 19:10:52,547 | INFO     | [1] [flight] Vietnam Airlines | VN7276 | 06:05 -> 08:05 | 1236181
2026-09-26 19:10:52,649 | INFO     | [2] [flight] Vietnam Airlines | VN1272 | 10:25 -> 12:25 | 1236181
2026-09-26 19:10:52,750 | INFO     | [3] [flight] Vietnam Airlines | VN1276 | 13:00 -> 15:00 | 1236181
2026-09-26 19:10:52,845 | INFO     | [4] [flight] VietJet Air | VJ244 | 12:15 -> 14:15 | 1362341
2026-09-26 19:10:52,947 | INFO     | [5] [flight] VietJet Air | VJ252 | 13:40 -> 15:40 | 1362341
2026-09-26 19:10:53,040 | INFO     | [6] [flight] VietJet Air | VJ254 | 17:20 -> 19:20 | 1362341
2026-09-26 19:10:53,126 | INFO     | [7] [flight] VietJet Air | VJ248 | 18:15 -> 20:15 | 1453061
2026-09-26 19:10:53,243 | INFO     | [8] [flight] Vietnam Airlines | VN7276 | 06:05 -> 08:05 | 1547181
2026-09-26 19:10:53,336 | INFO     | [9] [flight] Vietnam Airlines | VN1272 | 10:25 -> 12:25 | 1547181
2026-09-26 19:10:53,448 | INFO     | [10] [flight] Vietnam Airlines | VN1276 | 13:00 -> 15:00 | 1547181
2026-09-26 19:10:53,449 | INFO     | Hoàn thành Hồ Chí Minh -> Thanh Hóa [flight]: 10 records
2026-09-26 19:10:56,449 | INFO     | ======================================================================
2026-09-26 19:10:56,450 | INFO     | ROUTE 109/121: Hồ Chí Minh -> Đồng Hới [flight]
2026-09-26 19:10:56,450 | INFO     | URL: https://vexere.com/vn/ve-may-bay/dat-ve-may-bay.vi?from=29_area&to=568_area&from_airport=28284&to_airport=135557&from_station=SGO&to_station=DHO&passenger%5Badt%5D=1&passenger%5Bchd%5D=0&passenger%5Binf%5D=0&fare_class=PT&date%5Bdepart%5D=2026-09-27
2026-09-26 19:11:14,236 | INFO     | Tìm thấy 11 flight card | selector=[class*="FlightTicketItem__FlightTicketItemContainer"]
2026-09-26 19:11:14,386 | INFO     | [1] [flight] VietJet Air | VJ260 | 06:35 -> 08:10 | 825821
2026-09-26 19:11:14,663 | INFO     | [2] [flight] VietJet Air | VJ262 | 17:40 -> 19:15 | 1007021
2026-09-26 19:11:14,877 | INFO     | [3] [flight] Vietnam Airlines | VN1404 | 06:55 -> 08:30 | 1158181
2026-09-26 19:11:14,997 | INFO     | [4] [flight] Vietnam Airlines | VN1404 | 06:55 -> 08:30 | 1396181
2026-09-26 19:11:15,127 | INFO     | [5] [flight] Vietnam Airlines | VN1404 | 06:55 -> 08:30 | 1601181
2026-09-26 19:11:15,256 | INFO     | [6] [flight] Vietnam Airlines | VN1404 | 06:55 -> 08:30 | 2389181
2026-09-26 19:11:15,441 | INFO     | [7] [flight] Vietnam Airlines | VN1404 | 06:55 -> 08:30 | 2584181
2026-09-26 19:11:15,578 | INFO     | [8] [flight] Vietnam Airlines | VN1404 | 06:55 -> 08:30 | 3124181
2026-09-26 19:11:15,715 | INFO     | [9] [flight] Vietnam Airlines | VN1404 | 06:55 -> 08:30 | 3219181
2026-09-26 19:11:15,716 | INFO     | Hoàn thành Hồ Chí Minh -> Đồng Hới [flight]: 9 records
2026-09-26 19:11:18,716 | INFO     | ======================================================================
2026-09-26 19:11:18,717 | INFO     | ROUTE 110/121: Hồ Chí Minh -> Côn Đảo [flight]
2026-09-26 19:11:18,717 | INFO     | URL: https://vexere.com/vn/ve-may-bay/dat-ve-may-bay.vi?from=29_region&to=80_area&from_airport=28284&to_airport=135544&from_station=SGO&passenger%5Badt%5D=1&passenger%5Bchd%5D=0&passenger%5Binf%5D=0&fare_class=PT&date%5Bdepart%5D=2026-09-27
2026-09-26 19:11:44,805 | INFO     | Tìm thấy 50 flight card | selector=[class*="FlightTicketItem__FlightTicketItemContainer"]
2026-09-26 19:11:44,971 | INFO     | [1] [flight] Vietnam Airlines | VN8031 | 05:25 -> 06:15 | 1355181
2026-09-26 19:11:45,092 | INFO     | [2] [flight] Vietnam Airlines | VN8081 | 06:20 -> 07:10 | 1355181
2026-09-26 19:11:45,230 | INFO     | [3] [flight] Vietnam Airlines | VN8059 | 06:40 -> 07:30 | 1355181
2026-09-26 19:11:45,449 | INFO     | [4] [flight] Vietnam Airlines | VN8087 | 15:15 -> 16:10 | 1355181
2026-09-26 19:11:45,572 | INFO     | [5] [flight] Vietnam Airlines | VN8093 | 15:15 -> 16:10 | 1355181
2026-09-26 19:11:45,722 | INFO     | [6] [flight] Vietnam Airlines | VN8069 | 15:30 -> 16:25 | 1355181
2026-09-26 19:11:45,853 | INFO     | [7] [flight] Vietnam Airlines | VN8031 | 05:25 -> 06:15 | 1450181
2026-09-26 19:11:45,992 | INFO     | [8] [flight] Vietnam Airlines | VN8081 | 06:20 -> 07:10 | 1450181
2026-09-26 19:11:46,100 | INFO     | [9] [flight] Vietnam Airlines | VN8059 | 06:40 -> 07:30 | 1450181
2026-09-26 19:11:46,212 | INFO     | [10] [flight] Vietnam Airlines | VN8091 | 14:30 -> 15:25 | 1450181
2026-09-26 19:11:46,212 | INFO     | Hoàn thành Hồ Chí Minh -> Côn Đảo [flight]: 10 records
2026-09-26 19:11:49,213 | INFO     | ======================================================================
2026-09-26 19:11:49,213 | INFO     | ROUTE 111/121: Hồ Chí Minh -> Hà Nội [train]
2026-09-26 19:11:49,214 | INFO     | URL: https://vexere.com/vn/ve-tau-hoa/dat-ve-tau.vi?from=29_region&to=24_region&from_airport=28284&to_airport=102188&from_station=SGO&to_station=HNO&passenger%5Badt%5D=1&passenger%5Bchd%5D=0&passenger%5Beld%5D=0&passenger%5Bstu%5D=0&passenger%5Buni%5D=0&date%5Bdepart%5D=2026-09-27
2026-09-26 19:12:04,291 | INFO     | Tìm thấy 5 train card | selector=[class*="TrainTicketItem__Container"]
2026-09-26 19:12:04,447 | INFO     | [1] [train] Tàu SE10 | Ngồi mềm | 13:15 -> 03:40 | 1223
2026-09-26 19:12:06,332 | INFO     | Hoàn thành Hồ Chí Minh -> Hà Nội [train]: 1 records
2026-09-26 19:12:09,333 | INFO     | ======================================================================
2026-09-26 19:12:09,334 | INFO     | ROUTE 112/121: Hồ Chí Minh -> Đà Nẵng [train]
2026-09-26 19:12:09,334 | INFO     | URL: https://vexere.com/vn/ve-tau-hoa/dat-ve-tau.vi?from=29_area&to=15_area&from_airport=28284&to_airport=135548&from_station=SGO&to_station=DNA&passenger%5Badt%5D=1&passenger%5Bchd%5D=0&passenger%5Beld%5D=0&passenger%5Bstu%5D=0&passenger%5Buni%5D=0&date%5Bdepart%5D=2026-09-27
2026-09-26 19:12:23,791 | INFO     | Tìm thấy 6 train card | selector=[class*="TrainTicketItem__Container"]
2026-09-26 19:12:23,893 | INFO     | [1] [train] Tàu SE10 | Ngồi mềm | 13:15 -> 08:44 | 761000
2026-09-26 19:12:23,994 | INFO     | [2] [train] Tàu SE8 | Ngồi mềm | 06:00 -> 23:21 | 892000
2026-09-26 19:12:24,115 | INFO     | [3] [train] Tàu SE6 | Ngồi mềm | 08:45 -> 01:46 | 892000
2026-09-26 19:12:24,215 | INFO     | [4] [train] Tàu SE2 | Ngồi mềm | 20:35 -> 13:06 | 903000
2026-09-26 19:12:24,312 | INFO     | [5] [train] Tàu SE4 | Giường khoang 4 | 19:20 -> 12:13 | 1312
2026-09-26 19:12:24,385 | INFO     | [6] [train] Tàu SE22 | Giường khoang 4 | 10:15 -> 05:40 | 1385
2026-09-26 19:12:24,385 | INFO     | Hoàn thành Hồ Chí Minh -> Đà Nẵng [train]: 6 records
2026-09-26 19:12:27,386 | INFO     | ======================================================================
2026-09-26 19:12:27,387 | INFO     | ROUTE 113/121: Hồ Chí Minh -> Nha Trang [train]
2026-09-26 19:12:27,387 | INFO     | URL: https://vexere.com/vn/ve-tau-hoa/dat-ve-tau.vi?from=29_area&to=171699_area&from_airport=28284&to_airport=135552&from_station=SGO&to_station=NTR&passenger%5Badt%5D=1&passenger%5Bchd%5D=0&passenger%5Beld%5D=0&passenger%5Bstu%5D=0&passenger%5Buni%5D=0&date%5Bdepart%5D=2026-09-27
2026-09-26 19:12:42,689 | INFO     | Tìm thấy 7 train card | selector=[class*="TrainTicketItem__Container"]
2026-09-26 19:12:42,784 | INFO     | [1] [train] Tàu SE8 | Ngồi mềm | 06:00 -> 13:43 | 315000
2026-09-26 19:12:42,859 | INFO     | [2] [train] Tàu SE6 | Ngồi mềm | 08:45 -> 16:06 | 363000
2026-09-26 19:12:42,924 | INFO     | [3] [train] Tàu SNT2 | Ngồi mềm | 21:45 -> 05:40 | 367000
2026-09-26 19:12:43,013 | INFO     | [4] [train] Tàu SE10 | Ngồi mềm | 13:15 -> 21:51 | 406000
2026-09-26 19:12:43,105 | INFO     | [5] [train] Tàu SE2 | Ngồi mềm | 20:35 -> 03:44 | 487000
2026-09-26 19:12:43,177 | INFO     | [6] [train] Tàu SE4 | Giường khoang 4 | 19:20 -> 02:40 | 778000
2026-09-26 19:12:43,236 | INFO     | [7] [train] Tàu SE22 | Giường khoang 4 | 10:15 -> 18:05 | 793000
2026-09-26 19:12:43,236 | INFO     | Hoàn thành Hồ Chí Minh -> Nha Trang [train]: 7 records
2026-09-26 19:12:46,236 | INFO     | ======================================================================
2026-09-26 19:12:46,236 | INFO     | ROUTE 114/121: Hồ Chí Minh -> Huế [train]
2026-09-26 19:12:46,236 | INFO     | URL: https://vexere.com/vn/ve-tau-hoa/dat-ve-tau.vi?from=29_area&to=171657_area&from_airport=28284&to_airport=135559&from_station=SGO&to_station=HUE&passenger%5Badt%5D=1&passenger%5Bchd%5D=0&passenger%5Beld%5D=0&passenger%5Bstu%5D=0&passenger%5Buni%5D=0&date%5Bdepart%5D=2026-09-27
2026-09-26 19:13:00,461 | INFO     | Tìm thấy 5 train card | selector=[class*="TrainTicketItem__Container"]
2026-09-26 19:13:00,538 | INFO     | [1] [train] Tàu SE10 | Ngồi mềm | 13:15 -> 12:10 | 827000
2026-09-26 19:13:00,623 | INFO     | [2] [train] Tàu SE8 | Ngồi mềm | 06:00 -> 02:12 | 937000
2026-09-26 19:13:00,718 | INFO     | [3] [train] Tàu SE6 | Ngồi mềm | 08:45 -> 04:44 | 937000
2026-09-26 19:13:00,805 | INFO     | [4] [train] Tàu SE2 | Ngồi mềm | 20:35 -> 15:49 | 983000
2026-09-26 19:13:00,927 | INFO     | [5] [train] Tàu SE4 | Giường khoang 4 | 19:20 -> 15:05 | 1331
2026-09-26 19:13:00,927 | INFO     | Hoàn thành Hồ Chí Minh -> Huế [train]: 5 records
2026-09-26 19:13:03,928 | INFO     | ======================================================================
2026-09-26 19:13:03,929 | INFO     | ROUTE 115/121: Hồ Chí Minh -> Vinh [train]
2026-09-26 19:13:03,929 | INFO     | URL: https://vexere.com/vn/ve-tau-hoa/dat-ve-tau.vi?from=29_region&to=171758_area&from_airport=28284&to_airport=135555&from_station=SGO&to_station=VTH&passenger%5Badt%5D=1&passenger%5Bchd%5D=0&passenger%5Beld%5D=0&passenger%5Bstu%5D=0&passenger%5Buni%5D=0&date%5Bdepart%5D=2026-09-27
2026-09-26 19:13:18,461 | WARNING  | TRAIN | Hồ Chí Minh -> Vinh: không thấy TrainTicketItem
2026-09-26 19:13:18,644 | INFO     | Đã lưu HTML debug: D:\TIỂU LUẬN CHUYÊN NGÀNH\TLCN-Travel\ingestion\transport\logs\debug_html\Hồ_Chí_Minh_Vinh.html
2026-09-26 19:13:18,644 | INFO     | Hoàn thành Hồ Chí Minh -> Vinh [train]: 0 records
2026-09-26 19:13:21,645 | INFO     | ======================================================================
2026-09-26 19:13:21,645 | INFO     | ROUTE 116/121: Hồ Chí Minh -> Thanh Hóa [train]
2026-09-26 19:13:21,645 | INFO     | URL: https://vexere.com/vn/ve-tau-hoa/dat-ve-tau.vi?from=29_area&to=171738_area&from_airport=28284&to_airport=135558&from_station=SGO&to_station=THO&passenger%5Badt%5D=1&passenger%5Bchd%5D=0&passenger%5Beld%5D=0&passenger%5Bstu%5D=0&passenger%5Buni%5D=0&date%5Bdepart%5D=2026-09-27
2026-09-26 19:13:36,219 | INFO     | Tìm thấy 5 train card | selector=[class*="TrainTicketItem__Container"]
2026-09-26 19:13:36,317 | INFO     | [1] [train] Tàu SE10 | Ngồi mềm | 13:15 -> 23:51 | 1098
2026-09-26 19:13:36,424 | INFO     | [2] [train] Tàu SE8 | Ngồi mềm | 06:00 -> 12:50 | 1264
2026-09-26 19:13:36,517 | INFO     | [3] [train] Tàu SE6 | Ngồi mềm | 08:45 -> 15:26 | 1264
2026-09-26 19:13:36,604 | INFO     | [4] [train] Tàu SE2 | Ngồi mềm | 20:35 -> 02:14 | 1284
2026-09-26 19:13:36,679 | INFO     | [5] [train] Tàu SE4 | Giường khoang 4 | 19:20 -> 01:03 | 1679
2026-09-26 19:13:36,680 | INFO     | Hoàn thành Hồ Chí Minh -> Thanh Hóa [train]: 5 records
2026-09-26 19:13:39,681 | INFO     | ======================================================================
2026-09-26 19:13:39,681 | INFO     | ROUTE 117/121: Hồ Chí Minh -> Đồng Hới [train]
2026-09-26 19:13:39,681 | INFO     | URL: https://vexere.com/vn/ve-tau-hoa/dat-ve-tau.vi?from=29_region&to=171629_area&from_airport=28284&to_airport=135557&from_station=SGO&to_station=DHO&passenger%5Badt%5D=1&passenger%5Bchd%5D=0&passenger%5Beld%5D=0&passenger%5Bstu%5D=0&passenger%5Buni%5D=0&date%5Bdepart%5D=2026-09-27
2026-09-26 19:13:54,840 | INFO     | Tìm thấy 5 train card | selector=[class*="TrainTicketItem__Container"]
2026-09-26 19:13:54,960 | INFO     | [1] [train] Tàu SE10 | Ngồi mềm | 13:15 -> 15:18 | 1030
2026-09-26 19:13:55,060 | INFO     | [2] [train] Tàu SE8 | Ngồi mềm | 06:00 -> 05:22 | 1107
2026-09-26 19:13:55,154 | INFO     | [3] [train] Tàu SE6 | Ngồi mềm | 08:45 -> 08:13 | 1107
2026-09-26 19:13:55,249 | INFO     | [4] [train] Tàu SE2 | Ngồi mềm | 20:35 -> 18:56 | 1126
2026-09-26 19:13:55,364 | INFO     | [5] [train] Tàu SE4 | Giường khoang 4 | 19:20 -> 18:06 | 1473
2026-09-26 19:13:55,364 | INFO     | Hoàn thành Hồ Chí Minh -> Đồng Hới [train]: 5 records
2026-09-26 19:13:58,365 | INFO     | ======================================================================
2026-09-26 19:13:58,366 | INFO     | ROUTE 118/121: Hồ Chí Minh -> Phan Thiết [train]
2026-09-26 19:13:58,366 | INFO     | URL: https://vexere.com/vn/ve-tau-hoa/dat-ve-tau.vi?from=29_area&to=159_area&from_airport=28284&to_airport=135561&from_station=SGO&to_station=PTH&passenger%5Badt%5D=1&passenger%5Bchd%5D=0&passenger%5Beld%5D=0&passenger%5Bstu%5D=0&passenger%5Buni%5D=0&date%5Bdepart%5D=2026-09-27
2026-09-26 19:14:11,838 | INFO     | Tìm thấy 1 train card | selector=[class*="TrainTicketItem__Container"]
2026-09-26 19:14:11,926 | INFO     | [1] [train] Tàu SPT2 | Ngồi mềm | 06:45 -> 10:42 | 171000
2026-09-26 19:14:11,926 | INFO     | Hoàn thành Hồ Chí Minh -> Phan Thiết [train]: 1 records
2026-09-26 19:14:14,927 | INFO     | ======================================================================
2026-09-26 19:14:14,927 | INFO     | ROUTE 119/121: Hồ Chí Minh -> Ninh Bình [train]
2026-09-26 19:14:14,928 | INFO     | URL: https://vexere.com/vn/ve-tau-hoa/dat-ve-tau.vi?from=29_region&to=171691_area&from_airport=28284&to_airport=135558&from_station=SGO&to_station=NBI&passenger%5Badt%5D=1&passenger%5Bchd%5D=0&passenger%5Beld%5D=0&passenger%5Bstu%5D=0&passenger%5Buni%5D=0&date%5Bdepart%5D=2026-09-27
2026-09-26 19:14:29,442 | INFO     | Tìm thấy 4 train card | selector=[class*="TrainTicketItem__Container"]
2026-09-26 19:14:29,577 | INFO     | [1] [train] Tàu SE8 | Ngồi mềm | 06:00 -> 13:56 | 1278
2026-09-26 19:14:29,672 | INFO     | [2] [train] Tàu SE6 | Ngồi mềm | 08:45 -> 16:52 | 1278
2026-09-26 19:14:29,762 | INFO     | [3] [train] Tàu SE2 | Ngồi mềm | 20:35 -> 03:21 | 1335
2026-09-26 19:14:29,840 | INFO     | [4] [train] Tàu SE4 | Giường khoang 4 | 19:20 -> 02:11 | 1746
2026-09-26 19:14:29,840 | INFO     | Hoàn thành Hồ Chí Minh -> Ninh Bình [train]: 4 records
2026-09-26 19:14:32,841 | INFO     | ======================================================================
2026-09-26 19:14:32,842 | INFO     | ROUTE 120/121: Hồ Chí Minh -> Nam Định [train]
2026-09-26 19:14:32,842 | INFO     | URL: https://vexere.com/vn/ve-tau-hoa/dat-ve-tau.vi?from=29_area&to=171692_area&from_airport=28284&to_airport=135551&from_station=SGO&to_station=NDI&passenger%5Badt%5D=1&passenger%5Bchd%5D=0&passenger%5Beld%5D=0&passenger%5Bstu%5D=0&passenger%5Buni%5D=0&date%5Bdepart%5D=2026-09-27
2026-09-26 19:14:47,478 | INFO     | Tìm thấy 5 train card | selector=[class*="TrainTicketItem__Container"]
2026-09-26 19:14:47,576 | INFO     | [1] [train] Tàu SE10 | Ngồi mềm | 13:15 -> 01:54 | 1161
2026-09-26 19:14:47,701 | INFO     | [2] [train] Tàu SE8 | Ngồi mềm | 06:00 -> 14:34 | 1299
2026-09-26 19:14:47,787 | INFO     | [3] [train] Tàu SE6 | Ngồi mềm | 08:45 -> 17:30 | 1299
2026-09-26 19:14:47,879 | INFO     | [4] [train] Tàu SE2 | Ngồi mềm | 20:35 -> 03:59 | 1356
2026-09-26 19:14:47,969 | INFO     | [5] [train] Tàu SE4 | Giường khoang 4 | 19:20 -> 02:49 | 1776
2026-09-26 19:14:47,969 | INFO     | Hoàn thành Hồ Chí Minh -> Nam Định [train]: 5 records
2026-09-26 19:14:50,970 | INFO     | ======================================================================
2026-09-26 19:14:50,971 | INFO     | ROUTE 121/121: Hồ Chí Minh -> Biên Hòa [train]
2026-09-26 19:14:50,971 | INFO     | URL: https://vexere.com/vn/ve-tau-hoa/dat-ve-tau.vi?from=29_area&to=171607_area&from_airport=28284&to_airport=28284&from_station=SGO&to_station=BHO&passenger%5Badt%5D=1&passenger%5Bchd%5D=0&passenger%5Beld%5D=0&passenger%5Bstu%5D=0&passenger%5Buni%5D=0&date%5Bdepart%5D=2026-09-27
2026-09-26 19:15:08,997 | INFO     | Tìm thấy 8 train card | selector=[class*="TrainTicketItem__Container"]
2026-09-26 19:15:09,092 | INFO     | [1] [train] Tàu SE8 | Ngồi mềm | 06:00 -> 06:44 | 31000
2026-09-26 19:15:09,170 | INFO     | [2] [train] Tàu SE22 | Ngồi mềm | 10:15 -> 10:59 | 31000
2026-09-26 19:15:09,259 | INFO     | [3] [train] Tàu SE4 | Ngồi mềm | 19:20 -> 20:04 | 31000
2026-09-26 19:15:09,334 | INFO     | [4] [train] Tàu SE2 | Ngồi mềm | 20:35 -> 21:20 | 31000
2026-09-26 19:15:09,412 | INFO     | [5] [train] Tàu SNT2 | Ngồi mềm | 21:45 -> 22:31 | 31000
2026-09-26 19:15:09,514 | INFO     | [6] [train] Tàu SE6 | Ngồi mềm | 08:45 -> 09:29 | 33000
2026-09-26 19:15:09,607 | INFO     | [7] [train] Tàu SE10 | Ngồi mềm | 13:15 -> 13:59 | 36000
2026-09-26 19:15:09,681 | INFO     | [8] [train] Tàu SPT2 | Ngồi mềm | 06:45 -> 07:31 | 39000
2026-09-26 19:15:09,681 | INFO     | Hoàn thành Hồ Chí Minh -> Biên Hòa [train]: 8 records
2026-09-26 19:15:14,323 | INFO     | Đã đóng Chrome driver.
2026-09-26 19:15:14,343 | INFO     | Đã lưu 396 records vào: D:\TIỂU LUẬN CHUYÊN NGÀNH\TLCN-Travel\ingestion\transport\data\raw\transport\vexere_transport.json
2026-09-26 19:15:14,344 | INFO     | ======================================================================
2026-09-26 19:15:14,344 | INFO     | CRAWLER HOÀN TẤT
2026-09-26 19:15:14,345 | INFO     | Tổng route: 121
2026-09-26 19:15:14,345 | INFO     | Tổng records: 396
2026-09-26 19:15:14,345 | INFO     |   - bus: 227
2026-09-26 19:15:14,346 | INFO     |   - flight: 122
2026-09-26 19:15:14,346 | INFO     |   - train: 47
2026-09-26 19:15:14,346 | INFO     | Output: D:\TIỂU LUẬN CHUYÊN NGÀNH\TLCN-Travel\ingestion\transport\data\raw\transport\vexere_transport.json
2026-09-26 19:15:14,347 | INFO     | Debug HTML (nếu fail): D:\TIỂU LUẬN CHUYÊN NGÀNH\TLCN-Travel\ingestion\transport\logs\debug_html
2026-09-26 19:15:14,347 | INFO     | ======================================================================
