2026-09-14 18:03:45,575 | INFO | ======================================
2026-09-14 18:03:45,575 | INFO | TikTok metadata + comments crawler
2026-09-14 18:03:45,575 | INFO | ======================================
2026-09-14 18:03:49,201 | INFO | Searching: du lịch Đà Nẵng
2026-09-14 18:04:01,594 | INFO | Found 12 video URLs
2026-09-14 18:04:06,442 | INFO | Found 12 video URLs
2026-09-14 18:04:09,672 | INFO | Keyword 'du lịch Đà Nẵng': 12 videos
2026-09-14 18:04:09,673 | INFO | [1/12] https://www.tiktok.com/@dulichdanang24/video/7584334864464334101
2026-09-14 18:04:09,673 | INFO | Open video: https://www.tiktok.com/@dulichdanang24/video/7584334864464334101
2026-09-14 18:04:26,077 | INFO | Collecting comments...
2026-09-14 18:04:26,222 | INFO | Comment progress: 1/50
2026-09-14 18:04:30,338 | INFO | Comment progress: 1/50
2026-09-14 18:04:33,937 | INFO | Comment progress: 1/50
2026-09-14 18:04:36,503 | INFO | Comment progress: 1/50
2026-09-14 18:04:40,228 | INFO | Comment progress: 1/50
2026-09-14 18:04:45,226 | ERROR | Failed video: https://www.tiktok.com/@dulichdanang24/video/7584334864464334101
Traceback (most recent call last):
  File "D:\TIỂU LUẬN CHUYÊN NGÀNH\TLCN-Travel\ingestion\tiktok\crawler_comments.py", line 819, in main
    comments = get_comments(
        driver,
        MAX_COMMENTS_PER_VIDEO
    )
  File "D:\TIỂU LUẬN CHUYÊN NGÀNH\TLCN-Travel\ingestion\tiktok\crawler_comments.py", line 507, in get_comments
    elements = driver.find_elements(
        By.CSS_SELECTOR,
        '[data-e2e="comment-level-1"]'
    )
  File "C:\Users\ASUS\AppData\Local\Programs\Python\Python313\Lib\site-packages\selenium\webdriver\remote\webdriver.py", line 944, in find_elements
    return self.execute(Command.FIND_ELEMENTS, {"using": by, "value": value})["value"] or []
           ~~~~~~~~~~~~^^^^^^^^^^^^^^^^^^^^^^^^^^^^^^^^^^^^^^^^^^^^^^^^^^^^^^
  File "C:\Users\ASUS\AppData\Local\Programs\Python\Python313\Lib\site-packages\selenium\webdriver\remote\webdriver.py", line 506, in execute
    self.error_handler.check_response(response)
    ~~~~~~~~~~~~~~~~~~~~~~~~~~~~~~~~~^^^^^^^^^^
  File "C:\Users\ASUS\AppData\Local\Programs\Python\Python313\Lib\site-packages\selenium\webdriver\remote\errorhandler.py", line 232, in check_response
    raise exception_class(message, screen, stacktrace)
selenium.common.exceptions.InvalidSessionIdException: Message: invalid session id: session deleted as the browser has closed the connection
from disconnected: not connected to DevTools
  (Session info: chrome=153.0.8010.36); For documentation on this error, please visit: https://www.selenium.dev/documentation/webdriver/troubleshooting/errors#invalidsessionidexception
Stacktrace:
	chromedriver!GetHandleVerifier [0x7ff6be7bff25+5ae5]
	chromedriver!(No symbol) [0x7ff6be6e2210]
	chromedriver!(No symbol) [0x7ff6be504a9d]
	chromedriver!(No symbol) [0x7ff6be4f0432]
	chromedriver!(No symbol) [0x7ff6be516116]
	chromedriver!(No symbol) [0x7ff6be591260]
	chromedriver!(No symbol) [0x7ff6be5af9ad]
	chromedriver!(No symbol) [0x7ff6be552202]
	chromedriver!(No symbol) [0x7ff6be553013]
	chromedriver!GetHandleVerifier [0x7ff6bebe4231+429df1]
	chromedriver!GetHandleVerifier [0x7ff6bec0fce7+4558a7]
	chromedriver!GetHandleVerifier [0x7ff6bec0413e+449cfe]
	chromedriver!GetHandleVerifier [0x7ff6be8bc9ce+10258e]
	chromedriver!(No symbol) [0x7ff6be6f0545]
	chromedriver!(No symbol) [0x7ff6be6eb6a4]
	chromedriver!(No symbol) [0x7ff6be6eb834]
	chromedriver!(No symbol) [0x7ff6be6d601c]
	KERNEL32!BaseThreadInitThunk [0x7fff8cc3e8d7+17]
	ntdll!RtlUserThreadStart [0x7fff8dbbc34c+2c]

2026-09-14 18:04:45,229 | INFO | [2/12] https://www.tiktok.com/@bychimai/video/7681307608233348370
2026-09-14 18:04:45,229 | INFO | Open video: https://www.tiktok.com/@bychimai/video/7681307608233348370
2026-09-14 18:05:07,706 | ERROR | Failed video: https://www.tiktok.com/@bychimai/video/7681307608233348370
Traceback (most recent call last):
  File "D:\TIỂU LUẬN CHUYÊN NGÀNH\TLCN-Travel\ingestion\tiktok\crawler_comments.py", line 809, in main
    metadata = get_video_metadata(
        driver,
    ...<3 lines>...
        video_url
    )
  File "D:\TIỂU LUẬN CHUYÊN NGÀNH\TLCN-Travel\ingestion\tiktok\crawler_comments.py", line 326, in get_video_metadata
    driver.get(
    ~~~~~~~~~~^
        video_url
        ^^^^^^^^^
    )
    ^
  File "C:\Users\ASUS\AppData\Local\Programs\Python\Python313\Lib\site-packages\selenium\webdriver\remote\webdriver.py", line 526, in get
    self.execute(Command.GET, {"url": url})
    ~~~~~~~~~~~~^^^^^^^^^^^^^^^^^^^^^^^^^^^
  File "C:\Users\ASUS\AppData\Local\Programs\Python\Python313\Lib\site-packages\selenium\webdriver\remote\webdriver.py", line 506, in execute
    self.error_handler.check_response(response)
    ~~~~~~~~~~~~~~~~~~~~~~~~~~~~~~~~~^^^^^^^^^^
  File "C:\Users\ASUS\AppData\Local\Programs\Python\Python313\Lib\site-packages\selenium\webdriver\remote\errorhandler.py", line 232, in check_response
    raise exception_class(message, screen, stacktrace)
selenium.common.exceptions.InvalidSessionIdException: Message: invalid session id; For documentation on this error, please visit: https://www.selenium.dev/documentation/webdriver/troubleshooting/errors#invalidsessionidexception
Stacktrace:
	chromedriver!GetHandleVerifier [0x7ff6be7bff25+5ae5]
	chromedriver!(No symbol) [0x7ff6be6e2210]
	chromedriver!(No symbol) [0x7ff6be504896]
	chromedriver!(No symbol) [0x7ff6be551303]
	chromedriver!(No symbol) [0x7ff6be589802]
	chromedriver!(No symbol) [0x7ff6be5835d2]
	chromedriver!(No symbol) [0x7ff6be582d62]
	chromedriver!(No symbol) [0x7ff6be4ccddb]
	chromedriver!(No symbol) [0x7ff6be4cd432]
	chromedriver!(No symbol) [0x7ff6be4cda65]
	chromedriver!GetHandleVerifier [0x7ff6bebe4231+429df1]
	chromedriver!GetHandleVerifier [0x7ff6bec0fce7+4558a7]
	chromedriver!GetHandleVerifier [0x7ff6bec0413e+449cfe]
	chromedriver!GetHandleVerifier [0x7ff6be8bc9ce+10258e]
	chromedriver!(No symbol) [0x7ff6be6f0545]
	chromedriver!(No symbol) [0x7ff6be4cc20e]
	chromedriver!GetHandleVerifier [0x7ff6bec6b86f+4b142f]
	KERNEL32!BaseThreadInitThunk [0x7fff8cc3e8d7+17]
	ntdll!RtlUserThreadStart [0x7fff8dbbc34c+2c]

2026-09-14 18:05:07,707 | INFO | [3/12] https://www.tiktok.com/@yeudanang24/video/7646767981044780295
2026-09-14 18:05:07,707 | INFO | Open video: https://www.tiktok.com/@yeudanang24/video/7646767981044780295
2026-09-14 18:05:07,709 | ERROR | Failed video: https://www.tiktok.com/@yeudanang24/video/7646767981044780295
Traceback (most recent call last):
  File "D:\TIỂU LUẬN CHUYÊN NGÀNH\TLCN-Travel\ingestion\tiktok\crawler_comments.py", line 809, in main
    metadata = get_video_metadata(
        driver,
    ...<3 lines>...
        video_url
    )
  File "D:\TIỂU LUẬN CHUYÊN NGÀNH\TLCN-Travel\ingestion\tiktok\crawler_comments.py", line 326, in get_video_metadata
    driver.get(
    ~~~~~~~~~~^
        video_url
        ^^^^^^^^^
    )
    ^
  File "C:\Users\ASUS\AppData\Local\Programs\Python\Python313\Lib\site-packages\selenium\webdriver\remote\webdriver.py", line 526, in get
    self.execute(Command.GET, {"url": url})
    ~~~~~~~~~~~~^^^^^^^^^^^^^^^^^^^^^^^^^^^
  File "C:\Users\ASUS\AppData\Local\Programs\Python\Python313\Lib\site-packages\selenium\webdriver\remote\webdriver.py", line 506, in execute
    self.error_handler.check_response(response)
    ~~~~~~~~~~~~~~~~~~~~~~~~~~~~~~~~~^^^^^^^^^^
  File "C:\Users\ASUS\AppData\Local\Programs\Python\Python313\Lib\site-packages\selenium\webdriver\remote\errorhandler.py", line 232, in check_response
    raise exception_class(message, screen, stacktrace)
selenium.common.exceptions.InvalidSessionIdException: Message: invalid session id; For documentation on this error, please visit: https://www.selenium.dev/documentation/webdriver/troubleshooting/errors#invalidsessionidexception
Stacktrace:
	chromedriver!GetHandleVerifier [0x7ff6be7bff25+5ae5]
	chromedriver!(No symbol) [0x7ff6be6e2210]
	chromedriver!(No symbol) [0x7ff6be504896]
	chromedriver!(No symbol) [0x7ff6be551303]
	chromedriver!(No symbol) [0x7ff6be589802]
	chromedriver!(No symbol) [0x7ff6be5835d2]
	chromedriver!(No symbol) [0x7ff6be582d62]
	chromedriver!(No symbol) [0x7ff6be4ccddb]
	chromedriver!(No symbol) [0x7ff6be4cd432]
	chromedriver!(No symbol) [0x7ff6be4cda65]
	chromedriver!GetHandleVerifier [0x7ff6bebe4231+429df1]
	chromedriver!GetHandleVerifier [0x7ff6bec0fce7+4558a7]
	chromedriver!GetHandleVerifier [0x7ff6bec0413e+449cfe]
	chromedriver!GetHandleVerifier [0x7ff6be8bc9ce+10258e]
	chromedriver!(No symbol) [0x7ff6be6f0545]
	chromedriver!(No symbol) [0x7ff6be4cc20e]
	chromedriver!GetHandleVerifier [0x7ff6bec6b86f+4b142f]
	KERNEL32!BaseThreadInitThunk [0x7fff8cc3e8d7+17]
	ntdll!RtlUserThreadStart [0x7fff8dbbc34c+2c]

2026-09-14 18:05:07,710 | INFO | [4/12] https://www.tiktok.com/@thuexemaydanang43hovy/video/7608939490995981589
2026-09-14 18:05:07,710 | INFO | Open video: https://www.tiktok.com/@thuexemaydanang43hovy/video/7608939490995981589
2026-09-14 18:05:07,711 | ERROR | Failed video: https://www.tiktok.com/@thuexemaydanang43hovy/video/7608939490995981589
Traceback (most recent call last):
  File "D:\TIỂU LUẬN CHUYÊN NGÀNH\TLCN-Travel\ingestion\tiktok\crawler_comments.py", line 809, in main
    metadata = get_video_metadata(
        driver,
    ...<3 lines>...
        video_url
    )
  File "D:\TIỂU LUẬN CHUYÊN NGÀNH\TLCN-Travel\ingestion\tiktok\crawler_comments.py", line 326, in get_video_metadata
    driver.get(
    ~~~~~~~~~~^
        video_url
        ^^^^^^^^^
    )
    ^
  File "C:\Users\ASUS\AppData\Local\Programs\Python\Python313\Lib\site-packages\selenium\webdriver\remote\webdriver.py", line 526, in get
    self.execute(Command.GET, {"url": url})
    ~~~~~~~~~~~~^^^^^^^^^^^^^^^^^^^^^^^^^^^
  File "C:\Users\ASUS\AppData\Local\Programs\Python\Python313\Lib\site-packages\selenium\webdriver\remote\webdriver.py", line 506, in execute
    self.error_handler.check_response(response)
    ~~~~~~~~~~~~~~~~~~~~~~~~~~~~~~~~~^^^^^^^^^^
  File "C:\Users\ASUS\AppData\Local\Programs\Python\Python313\Lib\site-packages\selenium\webdriver\remote\errorhandler.py", line 232, in check_response
    raise exception_class(message, screen, stacktrace)
selenium.common.exceptions.InvalidSessionIdException: Message: invalid session id; For documentation on this error, please visit: https://www.selenium.dev/documentation/webdriver/troubleshooting/errors#invalidsessionidexception
Stacktrace:
	chromedriver!GetHandleVerifier [0x7ff6be7bff25+5ae5]
	chromedriver!(No symbol) [0x7ff6be6e2210]
	chromedriver!(No symbol) [0x7ff6be504896]
	chromedriver!(No symbol) [0x7ff6be551303]
	chromedriver!(No symbol) [0x7ff6be589802]
	chromedriver!(No symbol) [0x7ff6be5835d2]
	chromedriver!(No symbol) [0x7ff6be582d62]
	chromedriver!(No symbol) [0x7ff6be4ccddb]
	chromedriver!(No symbol) [0x7ff6be4cd432]
	chromedriver!(No symbol) [0x7ff6be4cda65]
	chromedriver!GetHandleVerifier [0x7ff6bebe4231+429df1]
	chromedriver!GetHandleVerifier [0x7ff6bec0fce7+4558a7]
	chromedriver!GetHandleVerifier [0x7ff6bec0413e+449cfe]
	chromedriver!GetHandleVerifier [0x7ff6be8bc9ce+10258e]
	chromedriver!(No symbol) [0x7ff6be6f0545]
	chromedriver!(No symbol) [0x7ff6be4cc20e]
	chromedriver!GetHandleVerifier [0x7ff6bec6b86f+4b142f]
	KERNEL32!BaseThreadInitThunk [0x7fff8cc3e8d7+17]
	ntdll!RtlUserThreadStart [0x7fff8dbbc34c+2c]

2026-09-14 18:05:07,711 | INFO | [5/12] https://www.tiktok.com/@thuexemaydanang43hovy/video/7628220945903144213
2026-09-14 18:05:07,712 | INFO | Open video: https://www.tiktok.com/@thuexemaydanang43hovy/video/7628220945903144213
2026-09-14 18:05:07,714 | ERROR | Failed video: https://www.tiktok.com/@thuexemaydanang43hovy/video/7628220945903144213
Traceback (most recent call last):
  File "D:\TIỂU LUẬN CHUYÊN NGÀNH\TLCN-Travel\ingestion\tiktok\crawler_comments.py", line 809, in main
    metadata = get_video_metadata(
        driver,
    ...<3 lines>...
        video_url
    )
  File "D:\TIỂU LUẬN CHUYÊN NGÀNH\TLCN-Travel\ingestion\tiktok\crawler_comments.py", line 326, in get_video_metadata
    driver.get(
    ~~~~~~~~~~^
        video_url
        ^^^^^^^^^
    )
    ^
  File "C:\Users\ASUS\AppData\Local\Programs\Python\Python313\Lib\site-packages\selenium\webdriver\remote\webdriver.py", line 526, in get
    self.execute(Command.GET, {"url": url})
    ~~~~~~~~~~~~^^^^^^^^^^^^^^^^^^^^^^^^^^^
  File "C:\Users\ASUS\AppData\Local\Programs\Python\Python313\Lib\site-packages\selenium\webdriver\remote\webdriver.py", line 506, in execute
    self.error_handler.check_response(response)
    ~~~~~~~~~~~~~~~~~~~~~~~~~~~~~~~~~^^^^^^^^^^
  File "C:\Users\ASUS\AppData\Local\Programs\Python\Python313\Lib\site-packages\selenium\webdriver\remote\errorhandler.py", line 232, in check_response
    raise exception_class(message, screen, stacktrace)
selenium.common.exceptions.InvalidSessionIdException: Message: invalid session id; For documentation on this error, please visit: https://www.selenium.dev/documentation/webdriver/troubleshooting/errors#invalidsessionidexception
Stacktrace:
	chromedriver!GetHandleVerifier [0x7ff6be7bff25+5ae5]
	chromedriver!(No symbol) [0x7ff6be6e2210]
	chromedriver!(No symbol) [0x7ff6be504896]
	chromedriver!(No symbol) [0x7ff6be551303]
	chromedriver!(No symbol) [0x7ff6be589802]
	chromedriver!(No symbol) [0x7ff6be5835d2]
	chromedriver!(No symbol) [0x7ff6be582d62]
	chromedriver!(No symbol) [0x7ff6be4ccddb]
	chromedriver!(No symbol) [0x7ff6be4cd432]
	chromedriver!(No symbol) [0x7ff6be4cda65]
	chromedriver!GetHandleVerifier [0x7ff6bebe4231+429df1]
	chromedriver!GetHandleVerifier [0x7ff6bec0fce7+4558a7]
	chromedriver!GetHandleVerifier [0x7ff6bec0413e+449cfe]
	chromedriver!GetHandleVerifier [0x7ff6be8bc9ce+10258e]
	chromedriver!(No symbol) [0x7ff6be6f0545]
	chromedriver!(No symbol) [0x7ff6be4cc20e]
	chromedriver!GetHandleVerifier [0x7ff6bec6b86f+4b142f]
	KERNEL32!BaseThreadInitThunk [0x7fff8cc3e8d7+17]
	ntdll!RtlUserThreadStart [0x7fff8dbbc34c+2c]

2026-09-14 18:05:07,715 | INFO | [6/12] https://www.tiktok.com/@vivudanang243/video/7669022622616669461
2026-09-14 18:05:07,715 | INFO | Open video: https://www.tiktok.com/@vivudanang243/video/7669022622616669461
2026-09-14 18:05:07,716 | ERROR | Failed video: https://www.tiktok.com/@vivudanang243/video/7669022622616669461
Traceback (most recent call last):
  File "D:\TIỂU LUẬN CHUYÊN NGÀNH\TLCN-Travel\ingestion\tiktok\crawler_comments.py", line 809, in main
    metadata = get_video_metadata(
        driver,
    ...<3 lines>...
        video_url
    )
  File "D:\TIỂU LUẬN CHUYÊN NGÀNH\TLCN-Travel\ingestion\tiktok\crawler_comments.py", line 326, in get_video_metadata
    driver.get(
    ~~~~~~~~~~^
        video_url
        ^^^^^^^^^
    )
    ^
  File "C:\Users\ASUS\AppData\Local\Programs\Python\Python313\Lib\site-packages\selenium\webdriver\remote\webdriver.py", line 526, in get
    self.execute(Command.GET, {"url": url})
    ~~~~~~~~~~~~^^^^^^^^^^^^^^^^^^^^^^^^^^^
  File "C:\Users\ASUS\AppData\Local\Programs\Python\Python313\Lib\site-packages\selenium\webdriver\remote\webdriver.py", line 506, in execute
    self.error_handler.check_response(response)
    ~~~~~~~~~~~~~~~~~~~~~~~~~~~~~~~~~^^^^^^^^^^
  File "C:\Users\ASUS\AppData\Local\Programs\Python\Python313\Lib\site-packages\selenium\webdriver\remote\errorhandler.py", line 232, in check_response
    raise exception_class(message, screen, stacktrace)
selenium.common.exceptions.InvalidSessionIdException: Message: invalid session id; For documentation on this error, please visit: https://www.selenium.dev/documentation/webdriver/troubleshooting/errors#invalidsessionidexception
Stacktrace:
	chromedriver!GetHandleVerifier [0x7ff6be7bff25+5ae5]
	chromedriver!(No symbol) [0x7ff6be6e2210]
	chromedriver!(No symbol) [0x7ff6be504896]
	chromedriver!(No symbol) [0x7ff6be551303]
	chromedriver!(No symbol) [0x7ff6be589802]
	chromedriver!(No symbol) [0x7ff6be5835d2]
	chromedriver!(No symbol) [0x7ff6be582d62]
	chromedriver!(No symbol) [0x7ff6be4ccddb]
	chromedriver!(No symbol) [0x7ff6be4cd432]
	chromedriver!(No symbol) [0x7ff6be4cda65]
	chromedriver!GetHandleVerifier [0x7ff6bebe4231+429df1]
	chromedriver!GetHandleVerifier [0x7ff6bec0fce7+4558a7]
	chromedriver!GetHandleVerifier [0x7ff6bec0413e+449cfe]
	chromedriver!GetHandleVerifier [0x7ff6be8bc9ce+10258e]
	chromedriver!(No symbol) [0x7ff6be6f0545]
	chromedriver!(No symbol) [0x7ff6be4cc20e]
	chromedriver!GetHandleVerifier [0x7ff6bec6b86f+4b142f]
	KERNEL32!BaseThreadInitThunk [0x7fff8cc3e8d7+17]
	ntdll!RtlUserThreadStart [0x7fff8dbbc34c+2c]

2026-09-14 18:05:07,716 | INFO | [7/12] https://www.tiktok.com/@review.danang24/video/7649247032120577298
2026-09-14 18:05:07,717 | INFO | Open video: https://www.tiktok.com/@review.danang24/video/7649247032120577298
2026-09-14 18:05:07,717 | ERROR | Failed video: https://www.tiktok.com/@review.danang24/video/7649247032120577298
Traceback (most recent call last):
  File "D:\TIỂU LUẬN CHUYÊN NGÀNH\TLCN-Travel\ingestion\tiktok\crawler_comments.py", line 809, in main
    metadata = get_video_metadata(
        driver,
    ...<3 lines>...
        video_url
    )
  File "D:\TIỂU LUẬN CHUYÊN NGÀNH\TLCN-Travel\ingestion\tiktok\crawler_comments.py", line 326, in get_video_metadata
    driver.get(
    ~~~~~~~~~~^
        video_url
        ^^^^^^^^^
    )
    ^
  File "C:\Users\ASUS\AppData\Local\Programs\Python\Python313\Lib\site-packages\selenium\webdriver\remote\webdriver.py", line 526, in get
    self.execute(Command.GET, {"url": url})
    ~~~~~~~~~~~~^^^^^^^^^^^^^^^^^^^^^^^^^^^
  File "C:\Users\ASUS\AppData\Local\Programs\Python\Python313\Lib\site-packages\selenium\webdriver\remote\webdriver.py", line 506, in execute
    self.error_handler.check_response(response)
    ~~~~~~~~~~~~~~~~~~~~~~~~~~~~~~~~~^^^^^^^^^^
  File "C:\Users\ASUS\AppData\Local\Programs\Python\Python313\Lib\site-packages\selenium\webdriver\remote\errorhandler.py", line 232, in check_response
    raise exception_class(message, screen, stacktrace)
selenium.common.exceptions.InvalidSessionIdException: Message: invalid session id; For documentation on this error, please visit: https://www.selenium.dev/documentation/webdriver/troubleshooting/errors#invalidsessionidexception
Stacktrace:
	chromedriver!GetHandleVerifier [0x7ff6be7bff25+5ae5]
	chromedriver!(No symbol) [0x7ff6be6e2210]
	chromedriver!(No symbol) [0x7ff6be504896]
	chromedriver!(No symbol) [0x7ff6be551303]
	chromedriver!(No symbol) [0x7ff6be589802]
	chromedriver!(No symbol) [0x7ff6be5835d2]
	chromedriver!(No symbol) [0x7ff6be582d62]
	chromedriver!(No symbol) [0x7ff6be4ccddb]
	chromedriver!(No symbol) [0x7ff6be4cd432]
	chromedriver!(No symbol) [0x7ff6be4cda65]
	chromedriver!GetHandleVerifier [0x7ff6bebe4231+429df1]
	chromedriver!GetHandleVerifier [0x7ff6bec0fce7+4558a7]
	chromedriver!GetHandleVerifier [0x7ff6bec0413e+449cfe]
	chromedriver!GetHandleVerifier [0x7ff6be8bc9ce+10258e]
	chromedriver!(No symbol) [0x7ff6be6f0545]
	chromedriver!(No symbol) [0x7ff6be4cc20e]
	chromedriver!GetHandleVerifier [0x7ff6bec6b86f+4b142f]
	KERNEL32!BaseThreadInitThunk [0x7fff8cc3e8d7+17]
	ntdll!RtlUserThreadStart [0x7fff8dbbc34c+2c]

2026-09-14 18:05:07,718 | INFO | [8/12] https://www.tiktok.com/@nhungbanahill/video/7669031107911863573
2026-09-14 18:05:07,718 | INFO | Open video: https://www.tiktok.com/@nhungbanahill/video/7669031107911863573
2026-09-14 18:05:07,719 | ERROR | Failed video: https://www.tiktok.com/@nhungbanahill/video/7669031107911863573
Traceback (most recent call last):
  File "D:\TIỂU LUẬN CHUYÊN NGÀNH\TLCN-Travel\ingestion\tiktok\crawler_comments.py", line 809, in main
    metadata = get_video_metadata(
        driver,
    ...<3 lines>...
        video_url
    )
  File "D:\TIỂU LUẬN CHUYÊN NGÀNH\TLCN-Travel\ingestion\tiktok\crawler_comments.py", line 326, in get_video_metadata
    driver.get(
    ~~~~~~~~~~^
        video_url
        ^^^^^^^^^
    )
    ^
  File "C:\Users\ASUS\AppData\Local\Programs\Python\Python313\Lib\site-packages\selenium\webdriver\remote\webdriver.py", line 526, in get
    self.execute(Command.GET, {"url": url})
    ~~~~~~~~~~~~^^^^^^^^^^^^^^^^^^^^^^^^^^^
  File "C:\Users\ASUS\AppData\Local\Programs\Python\Python313\Lib\site-packages\selenium\webdriver\remote\webdriver.py", line 506, in execute
    self.error_handler.check_response(response)
    ~~~~~~~~~~~~~~~~~~~~~~~~~~~~~~~~~^^^^^^^^^^
  File "C:\Users\ASUS\AppData\Local\Programs\Python\Python313\Lib\site-packages\selenium\webdriver\remote\errorhandler.py", line 232, in check_response
    raise exception_class(message, screen, stacktrace)
selenium.common.exceptions.InvalidSessionIdException: Message: invalid session id; For documentation on this error, please visit: https://www.selenium.dev/documentation/webdriver/troubleshooting/errors#invalidsessionidexception
Stacktrace:
	chromedriver!GetHandleVerifier [0x7ff6be7bff25+5ae5]
	chromedriver!(No symbol) [0x7ff6be6e2210]
	chromedriver!(No symbol) [0x7ff6be504896]
	chromedriver!(No symbol) [0x7ff6be551303]
	chromedriver!(No symbol) [0x7ff6be589802]
	chromedriver!(No symbol) [0x7ff6be5835d2]
	chromedriver!(No symbol) [0x7ff6be582d62]
	chromedriver!(No symbol) [0x7ff6be4ccddb]
	chromedriver!(No symbol) [0x7ff6be4cd432]
	chromedriver!(No symbol) [0x7ff6be4cda65]
	chromedriver!GetHandleVerifier [0x7ff6bebe4231+429df1]
	chromedriver!GetHandleVerifier [0x7ff6bec0fce7+4558a7]
	chromedriver!GetHandleVerifier [0x7ff6bec0413e+449cfe]
	chromedriver!GetHandleVerifier [0x7ff6be8bc9ce+10258e]
	chromedriver!(No symbol) [0x7ff6be6f0545]
	chromedriver!(No symbol) [0x7ff6be4cc20e]
	chromedriver!GetHandleVerifier [0x7ff6bec6b86f+4b142f]
	KERNEL32!BaseThreadInitThunk [0x7fff8cc3e8d7+17]
	ntdll!RtlUserThreadStart [0x7fff8dbbc34c+2c]

2026-09-14 18:05:07,720 | INFO | [9/12] https://www.tiktok.com/@hoangyen.shinetravel/video/7630455816352501012
2026-09-14 18:05:07,720 | INFO | Open video: https://www.tiktok.com/@hoangyen.shinetravel/video/7630455816352501012
2026-09-14 18:05:07,722 | ERROR | Failed video: https://www.tiktok.com/@hoangyen.shinetravel/video/7630455816352501012
Traceback (most recent call last):
  File "D:\TIỂU LUẬN CHUYÊN NGÀNH\TLCN-Travel\ingestion\tiktok\crawler_comments.py", line 809, in main
    metadata = get_video_metadata(
        driver,
    ...<3 lines>...
        video_url
    )
  File "D:\TIỂU LUẬN CHUYÊN NGÀNH\TLCN-Travel\ingestion\tiktok\crawler_comments.py", line 326, in get_video_metadata
    driver.get(
    ~~~~~~~~~~^
        video_url
        ^^^^^^^^^
    )
    ^
  File "C:\Users\ASUS\AppData\Local\Programs\Python\Python313\Lib\site-packages\selenium\webdriver\remote\webdriver.py", line 526, in get
    self.execute(Command.GET, {"url": url})
    ~~~~~~~~~~~~^^^^^^^^^^^^^^^^^^^^^^^^^^^
  File "C:\Users\ASUS\AppData\Local\Programs\Python\Python313\Lib\site-packages\selenium\webdriver\remote\webdriver.py", line 506, in execute
    self.error_handler.check_response(response)
    ~~~~~~~~~~~~~~~~~~~~~~~~~~~~~~~~~^^^^^^^^^^
  File "C:\Users\ASUS\AppData\Local\Programs\Python\Python313\Lib\site-packages\selenium\webdriver\remote\errorhandler.py", line 232, in check_response
    raise exception_class(message, screen, stacktrace)
selenium.common.exceptions.InvalidSessionIdException: Message: invalid session id; For documentation on this error, please visit: https://www.selenium.dev/documentation/webdriver/troubleshooting/errors#invalidsessionidexception
Stacktrace:
	chromedriver!GetHandleVerifier [0x7ff6be7bff25+5ae5]
	chromedriver!(No symbol) [0x7ff6be6e2210]
	chromedriver!(No symbol) [0x7ff6be504896]
	chromedriver!(No symbol) [0x7ff6be551303]
	chromedriver!(No symbol) [0x7ff6be589802]
	chromedriver!(No symbol) [0x7ff6be5835d2]
	chromedriver!(No symbol) [0x7ff6be582d62]
	chromedriver!(No symbol) [0x7ff6be4ccddb]
	chromedriver!(No symbol) [0x7ff6be4cd432]
	chromedriver!(No symbol) [0x7ff6be4cda65]
	chromedriver!GetHandleVerifier [0x7ff6bebe4231+429df1]
	chromedriver!GetHandleVerifier [0x7ff6bec0fce7+4558a7]
	chromedriver!GetHandleVerifier [0x7ff6bec0413e+449cfe]
	chromedriver!GetHandleVerifier [0x7ff6be8bc9ce+10258e]
	chromedriver!(No symbol) [0x7ff6be6f0545]
	chromedriver!(No symbol) [0x7ff6be4cc20e]
	chromedriver!GetHandleVerifier [0x7ff6bec6b86f+4b142f]
	KERNEL32!BaseThreadInitThunk [0x7fff8cc3e8d7+17]
	ntdll!RtlUserThreadStart [0x7fff8dbbc34c+2c]

2026-09-14 18:05:07,723 | INFO | [10/12] https://www.tiktok.com/@thuongodanang/video/7604092040615431442
2026-09-14 18:05:07,723 | INFO | Open video: https://www.tiktok.com/@thuongodanang/video/7604092040615431442
2026-09-14 18:05:07,724 | ERROR | Failed video: https://www.tiktok.com/@thuongodanang/video/7604092040615431442
Traceback (most recent call last):
  File "D:\TIỂU LUẬN CHUYÊN NGÀNH\TLCN-Travel\ingestion\tiktok\crawler_comments.py", line 809, in main
    metadata = get_video_metadata(
        driver,
    ...<3 lines>...
        video_url
    )
  File "D:\TIỂU LUẬN CHUYÊN NGÀNH\TLCN-Travel\ingestion\tiktok\crawler_comments.py", line 326, in get_video_metadata
    driver.get(
    ~~~~~~~~~~^
        video_url
        ^^^^^^^^^
    )
    ^
  File "C:\Users\ASUS\AppData\Local\Programs\Python\Python313\Lib\site-packages\selenium\webdriver\remote\webdriver.py", line 526, in get
    self.execute(Command.GET, {"url": url})
    ~~~~~~~~~~~~^^^^^^^^^^^^^^^^^^^^^^^^^^^
  File "C:\Users\ASUS\AppData\Local\Programs\Python\Python313\Lib\site-packages\selenium\webdriver\remote\webdriver.py", line 506, in execute
    self.error_handler.check_response(response)
    ~~~~~~~~~~~~~~~~~~~~~~~~~~~~~~~~~^^^^^^^^^^
  File "C:\Users\ASUS\AppData\Local\Programs\Python\Python313\Lib\site-packages\selenium\webdriver\remote\errorhandler.py", line 232, in check_response
    raise exception_class(message, screen, stacktrace)
selenium.common.exceptions.InvalidSessionIdException: Message: invalid session id; For documentation on this error, please visit: https://www.selenium.dev/documentation/webdriver/troubleshooting/errors#invalidsessionidexception
Stacktrace:
	chromedriver!GetHandleVerifier [0x7ff6be7bff25+5ae5]
	chromedriver!(No symbol) [0x7ff6be6e2210]
	chromedriver!(No symbol) [0x7ff6be504896]
	chromedriver!(No symbol) [0x7ff6be551303]
	chromedriver!(No symbol) [0x7ff6be589802]
	chromedriver!(No symbol) [0x7ff6be5835d2]
	chromedriver!(No symbol) [0x7ff6be582d62]
	chromedriver!(No symbol) [0x7ff6be4ccddb]
	chromedriver!(No symbol) [0x7ff6be4cd432]
	chromedriver!(No symbol) [0x7ff6be4cda65]
	chromedriver!GetHandleVerifier [0x7ff6bebe4231+429df1]
	chromedriver!GetHandleVerifier [0x7ff6bec0fce7+4558a7]
	chromedriver!GetHandleVerifier [0x7ff6bec0413e+449cfe]
	chromedriver!GetHandleVerifier [0x7ff6be8bc9ce+10258e]
	chromedriver!(No symbol) [0x7ff6be6f0545]
	chromedriver!(No symbol) [0x7ff6be4cc20e]
	chromedriver!GetHandleVerifier [0x7ff6bec6b86f+4b142f]
	KERNEL32!BaseThreadInitThunk [0x7fff8cc3e8d7+17]
	ntdll!RtlUserThreadStart [0x7fff8dbbc34c+2c]

2026-09-14 18:05:07,725 | INFO | [11/12] https://www.tiktok.com/@tourdanang43/video/7682643253388201236
2026-09-14 18:05:07,725 | INFO | Open video: https://www.tiktok.com/@tourdanang43/video/7682643253388201236
2026-09-14 18:05:07,727 | ERROR | Failed video: https://www.tiktok.com/@tourdanang43/video/7682643253388201236
Traceback (most recent call last):
  File "D:\TIỂU LUẬN CHUYÊN NGÀNH\TLCN-Travel\ingestion\tiktok\crawler_comments.py", line 809, in main
    metadata = get_video_metadata(
        driver,
    ...<3 lines>...
        video_url
    )
  File "D:\TIỂU LUẬN CHUYÊN NGÀNH\TLCN-Travel\ingestion\tiktok\crawler_comments.py", line 326, in get_video_metadata
    driver.get(
    ~~~~~~~~~~^
        video_url
        ^^^^^^^^^
    )
    ^
  File "C:\Users\ASUS\AppData\Local\Programs\Python\Python313\Lib\site-packages\selenium\webdriver\remote\webdriver.py", line 526, in get
    self.execute(Command.GET, {"url": url})
    ~~~~~~~~~~~~^^^^^^^^^^^^^^^^^^^^^^^^^^^
  File "C:\Users\ASUS\AppData\Local\Programs\Python\Python313\Lib\site-packages\selenium\webdriver\remote\webdriver.py", line 506, in execute
    self.error_handler.check_response(response)
    ~~~~~~~~~~~~~~~~~~~~~~~~~~~~~~~~~^^^^^^^^^^
  File "C:\Users\ASUS\AppData\Local\Programs\Python\Python313\Lib\site-packages\selenium\webdriver\remote\errorhandler.py", line 232, in check_response
    raise exception_class(message, screen, stacktrace)
selenium.common.exceptions.InvalidSessionIdException: Message: invalid session id; For documentation on this error, please visit: https://www.selenium.dev/documentation/webdriver/troubleshooting/errors#invalidsessionidexception
Stacktrace:
	chromedriver!GetHandleVerifier [0x7ff6be7bff25+5ae5]
	chromedriver!(No symbol) [0x7ff6be6e2210]
	chromedriver!(No symbol) [0x7ff6be504896]
	chromedriver!(No symbol) [0x7ff6be551303]
	chromedriver!(No symbol) [0x7ff6be589802]
	chromedriver!(No symbol) [0x7ff6be5835d2]
	chromedriver!(No symbol) [0x7ff6be582d62]
	chromedriver!(No symbol) [0x7ff6be4ccddb]
	chromedriver!(No symbol) [0x7ff6be4cd432]
	chromedriver!(No symbol) [0x7ff6be4cda65]
	chromedriver!GetHandleVerifier [0x7ff6bebe4231+429df1]
	chromedriver!GetHandleVerifier [0x7ff6bec0fce7+4558a7]
	chromedriver!GetHandleVerifier [0x7ff6bec0413e+449cfe]
	chromedriver!GetHandleVerifier [0x7ff6be8bc9ce+10258e]
	chromedriver!(No symbol) [0x7ff6be6f0545]
	chromedriver!(No symbol) [0x7ff6be4cc20e]
	chromedriver!GetHandleVerifier [0x7ff6bec6b86f+4b142f]
	KERNEL32!BaseThreadInitThunk [0x7fff8cc3e8d7+17]
	ntdll!RtlUserThreadStart [0x7fff8dbbc34c+2c]

2026-09-14 18:05:07,729 | INFO | [12/12] https://www.tiktok.com/@danangne24/video/7672639199597661447
2026-09-14 18:05:07,730 | INFO | Open video: https://www.tiktok.com/@danangne24/video/7672639199597661447
2026-09-14 18:05:07,731 | ERROR | Failed video: https://www.tiktok.com/@danangne24/video/7672639199597661447
Traceback (most recent call last):
  File "D:\TIỂU LUẬN CHUYÊN NGÀNH\TLCN-Travel\ingestion\tiktok\crawler_comments.py", line 809, in main
    metadata = get_video_metadata(
        driver,
    ...<3 lines>...
        video_url
    )
  File "D:\TIỂU LUẬN CHUYÊN NGÀNH\TLCN-Travel\ingestion\tiktok\crawler_comments.py", line 326, in get_video_metadata
    driver.get(
    ~~~~~~~~~~^
        video_url
        ^^^^^^^^^
    )
    ^
  File "C:\Users\ASUS\AppData\Local\Programs\Python\Python313\Lib\site-packages\selenium\webdriver\remote\webdriver.py", line 526, in get
    self.execute(Command.GET, {"url": url})
    ~~~~~~~~~~~~^^^^^^^^^^^^^^^^^^^^^^^^^^^
  File "C:\Users\ASUS\AppData\Local\Programs\Python\Python313\Lib\site-packages\selenium\webdriver\remote\webdriver.py", line 506, in execute
    self.error_handler.check_response(response)
    ~~~~~~~~~~~~~~~~~~~~~~~~~~~~~~~~~^^^^^^^^^^
  File "C:\Users\ASUS\AppData\Local\Programs\Python\Python313\Lib\site-packages\selenium\webdriver\remote\errorhandler.py", line 232, in check_response
    raise exception_class(message, screen, stacktrace)
selenium.common.exceptions.InvalidSessionIdException: Message: invalid session id; For documentation on this error, please visit: https://www.selenium.dev/documentation/webdriver/troubleshooting/errors#invalidsessionidexception
Stacktrace:
	chromedriver!GetHandleVerifier [0x7ff6be7bff25+5ae5]
	chromedriver!(No symbol) [0x7ff6be6e2210]
	chromedriver!(No symbol) [0x7ff6be504896]
	chromedriver!(No symbol) [0x7ff6be551303]
	chromedriver!(No symbol) [0x7ff6be589802]
	chromedriver!(No symbol) [0x7ff6be5835d2]
	chromedriver!(No symbol) [0x7ff6be582d62]
	chromedriver!(No symbol) [0x7ff6be4ccddb]
	chromedriver!(No symbol) [0x7ff6be4cd432]
	chromedriver!(No symbol) [0x7ff6be4cda65]
	chromedriver!GetHandleVerifier [0x7ff6bebe4231+429df1]
	chromedriver!GetHandleVerifier [0x7ff6bec0fce7+4558a7]
	chromedriver!GetHandleVerifier [0x7ff6bec0413e+449cfe]
	chromedriver!GetHandleVerifier [0x7ff6be8bc9ce+10258e]
	chromedriver!(No symbol) [0x7ff6be6f0545]
	chromedriver!(No symbol) [0x7ff6be4cc20e]
	chromedriver!GetHandleVerifier [0x7ff6bec6b86f+4b142f]
	KERNEL32!BaseThreadInitThunk [0x7fff8cc3e8d7+17]
	ntdll!RtlUserThreadStart [0x7fff8dbbc34c+2c]

2026-09-14 18:05:07,732 | INFO | Searching: địa điểm du lịch Đà Nẵng
2026-09-14 18:05:27,062 | INFO | ======================================
2026-09-14 18:05:27,063 | INFO | TikTok metadata + comments crawler
2026-09-14 18:05:27,063 | INFO | ======================================
2026-09-14 18:05:30,342 | INFO | Searching: du lịch Đà Nẵng
2026-09-14 18:05:41,580 | INFO | Found 12 video URLs
2026-09-14 18:05:46,421 | INFO | Found 12 video URLs
2026-09-14 18:05:51,076 | INFO | Keyword 'du lịch Đà Nẵng': 12 videos
2026-09-14 18:05:51,080 | INFO | [1/12] https://www.tiktok.com/@danangne24/video/7672639199597661447
2026-09-14 18:05:51,084 | INFO | Open video: https://www.tiktok.com/@danangne24/video/7672639199597661447
2026-09-14 18:06:08,409 | INFO | Collecting comments...
2026-09-14 18:06:08,604 | INFO | Comment progress: 1/50
2026-09-14 18:06:11,347 | INFO | Comment progress: 1/50
2026-09-14 18:06:14,663 | INFO | Comment progress: 1/50
2026-09-14 18:06:18,164 | INFO | Comment progress: 1/50
2026-09-14 18:06:21,027 | INFO | Comment progress: 1/50
2026-09-14 18:06:23,769 | INFO | Comment progress: 1/50
2026-09-14 18:06:27,420 | INFO | Comment progress: 1/50
2026-09-14 18:06:30,226 | INFO | Comment progress: 1/50
2026-09-14 18:06:32,936 | INFO | Comment progress: 1/50
2026-09-14 18:06:35,418 | INFO | Comment progress: 1/50
2026-09-14 18:06:39,298 | INFO | Comment progress: 1/50
2026-09-14 18:06:41,821 | INFO | Comment progress: 1/50
2026-09-14 18:06:45,458 | INFO | Comment progress: 1/50
2026-09-14 18:06:49,247 | INFO | Comment progress: 1/50
2026-09-14 18:06:52,947 | INFO | Comment progress: 1/50
2026-09-14 18:06:55,914 | INFO | Comment progress: 1/50
2026-09-14 18:06:59,696 | INFO | Comment progress: 1/50
2026-09-14 18:07:02,846 | INFO | Comment progress: 1/50
2026-09-14 18:07:05,894 | INFO | Comment progress: 1/50
2026-09-14 18:07:08,958 | INFO | Comment progress: 1/50
2026-09-14 18:07:11,122 | INFO | Saved JSON: D:\TIỂU LUẬN CHUYÊN NGÀNH\TLCN-Travel\data\raw\tiktok\tiktok_metadata_comments.json
2026-09-14 18:07:11,122 | INFO | Done: 1 comments
2026-09-14 18:07:13,577 | INFO | [2/12] https://www.tiktok.com/@bychimai/video/7681307608233348370
2026-09-14 18:07:13,578 | INFO | Open video: https://www.tiktok.com/@bychimai/video/7681307608233348370
2026-09-14 18:07:26,308 | INFO | Collecting comments...
2026-09-14 18:07:26,436 | INFO | Comment progress: 1/50
2026-09-14 18:07:29,080 | INFO | Comment progress: 1/50
2026-09-14 18:07:31,445 | INFO | Comment progress: 1/50
2026-09-14 18:07:35,429 | INFO | Comment progress: 1/50
2026-09-14 18:07:38,580 | INFO | Comment progress: 1/50
2026-09-14 18:07:42,547 | INFO | Comment progress: 1/50
2026-09-14 18:07:45,704 | INFO | Comment progress: 1/50
2026-09-14 18:07:48,969 | INFO | Comment progress: 1/50
2026-09-14 18:07:51,138 | INFO | Comment progress: 1/50
2026-09-14 18:07:53,290 | INFO | Comment progress: 1/50
2026-09-14 18:07:55,881 | INFO | Comment progress: 1/50
2026-09-14 18:07:59,119 | INFO | Comment progress: 1/50
2026-09-14 18:08:03,241 | INFO | Comment progress: 1/50
2026-09-14 18:08:05,362 | INFO | Comment progress: 1/50
2026-09-14 18:08:08,996 | INFO | Comment progress: 1/50
2026-09-14 18:08:11,441 | INFO | Comment progress: 1/50
2026-09-14 18:08:14,022 | INFO | Comment progress: 1/50
2026-09-14 18:08:16,643 | INFO | Comment progress: 1/50
2026-09-14 18:08:20,515 | INFO | Comment progress: 1/50
2026-09-14 18:08:23,885 | INFO | Comment progress: 1/50
2026-09-14 18:08:26,845 | INFO | Saved JSON: D:\TIỂU LUẬN CHUYÊN NGÀNH\TLCN-Travel\data\raw\tiktok\tiktok_metadata_comments.json
2026-09-14 18:08:26,846 | INFO | Done: 1 comments
2026-09-14 18:08:30,917 | INFO | [3/12] https://www.tiktok.com/@yeudanang24/video/7646767981044780295
2026-09-14 18:08:30,917 | INFO | Open video: https://www.tiktok.com/@yeudanang24/video/7646767981044780295
2026-09-14 18:08:46,962 | INFO | Collecting comments...
2026-09-14 18:08:47,073 | INFO | Comment progress: 1/50
2026-09-14 18:08:49,789 | INFO | Comment progress: 1/50
2026-09-14 18:08:53,872 | INFO | Comment progress: 1/50
2026-09-14 18:08:56,151 | INFO | Comment progress: 1/50
2026-09-14 18:08:58,284 | INFO | Comment progress: 1/50
2026-09-14 18:09:01,984 | INFO | Comment progress: 1/50
2026-09-14 18:09:05,648 | INFO | Comment progress: 1/50
2026-09-14 18:09:08,912 | INFO | Comment progress: 1/50
2026-09-14 18:09:12,967 | INFO | Comment progress: 1/50
2026-09-14 18:09:16,741 | INFO | Comment progress: 1/50
2026-09-14 18:09:19,524 | INFO | Comment progress: 1/50
2026-09-14 18:09:23,201 | INFO | Comment progress: 1/50
2026-09-14 18:09:26,896 | INFO | Comment progress: 1/50
2026-09-14 18:09:30,023 | INFO | Comment progress: 1/50
2026-09-14 18:09:33,674 | INFO | Comment progress: 1/50
2026-09-14 18:09:36,000 | INFO | Comment progress: 1/50
2026-09-14 18:09:39,297 | INFO | Comment progress: 1/50
2026-09-14 18:09:42,707 | INFO | Comment progress: 1/50
2026-09-14 18:09:45,004 | INFO | Comment progress: 1/50
2026-09-14 18:09:48,544 | INFO | Comment progress: 1/50
2026-09-14 18:09:50,707 | INFO | Saved JSON: D:\TIỂU LUẬN CHUYÊN NGÀNH\TLCN-Travel\data\raw\tiktok\tiktok_metadata_comments.json
2026-09-14 18:09:50,707 | INFO | Done: 1 comments
2026-09-14 18:09:52,945 | INFO | [4/12] https://www.tiktok.com/@vivudanang243/video/7669022622616669461
2026-09-14 18:09:52,945 | INFO | Open video: https://www.tiktok.com/@vivudanang243/video/7669022622616669461
2026-09-14 18:10:04,956 | INFO | Collecting comments...
2026-09-14 18:10:05,068 | INFO | Comment progress: 1/50
2026-09-14 18:10:07,821 | INFO | Comment progress: 1/50
2026-09-14 18:10:11,901 | INFO | Comment progress: 1/50
2026-09-14 18:10:15,391 | INFO | Comment progress: 1/50
2026-09-14 18:10:18,284 | INFO | Comment progress: 1/50
2026-09-14 18:10:21,387 | INFO | Comment progress: 1/50
2026-09-14 18:10:24,251 | INFO | Comment progress: 1/50
2026-09-14 18:10:26,477 | INFO | Comment progress: 1/50
2026-09-14 18:10:29,427 | INFO | Comment progress: 1/50
2026-09-14 18:10:32,348 | INFO | Comment progress: 1/50
2026-09-14 18:10:35,273 | INFO | Comment progress: 1/50
2026-09-14 18:10:39,067 | INFO | Comment progress: 1/50
2026-09-14 18:10:42,206 | INFO | Comment progress: 1/50
2026-09-14 18:10:45,517 | INFO | Comment progress: 1/50
2026-09-14 18:10:48,930 | INFO | Comment progress: 1/50
2026-09-14 18:10:52,344 | INFO | Comment progress: 1/50
2026-09-14 18:10:55,571 | INFO | Comment progress: 1/50
2026-09-14 18:10:58,491 | INFO | Comment progress: 1/50
2026-09-14 18:11:02,161 | INFO | Comment progress: 1/50
2026-09-14 18:11:04,996 | INFO | Comment progress: 1/50
2026-09-14 18:11:08,100 | INFO | Saved JSON: D:\TIỂU LUẬN CHUYÊN NGÀNH\TLCN-Travel\data\raw\tiktok\tiktok_metadata_comments.json
2026-09-14 18:11:08,101 | INFO | Done: 1 comments
2026-09-14 18:11:10,796 | INFO | [5/12] https://www.tiktok.com/@thuongodanang/video/7604092040615431442
2026-09-14 18:11:10,796 | INFO | Open video: https://www.tiktok.com/@thuongodanang/video/7604092040615431442
2026-09-14 18:11:26,736 | INFO | Collecting comments...
2026-09-14 18:11:26,867 | INFO | Comment progress: 1/50
2026-09-14 18:11:30,483 | INFO | Comment progress: 1/50
2026-09-14 18:11:33,628 | INFO | Comment progress: 1/50
2026-09-14 18:11:36,948 | INFO | Comment progress: 1/50
2026-09-14 18:11:39,666 | INFO | Comment progress: 1/50
2026-09-14 18:11:42,194 | INFO | Comment progress: 1/50
2026-09-14 18:11:45,973 | INFO | Comment progress: 1/50
2026-09-14 18:11:48,830 | INFO | Comment progress: 1/50
2026-09-14 18:11:51,062 | INFO | Comment progress: 1/50
2026-09-14 18:11:53,531 | INFO | Comment progress: 1/50
2026-09-14 18:11:57,341 | INFO | Comment progress: 1/50
2026-09-14 18:12:00,148 | INFO | Comment progress: 1/50
2026-09-14 18:12:03,122 | INFO | Comment progress: 1/50
2026-09-14 18:12:07,027 | INFO | Comment progress: 1/50
2026-09-14 18:12:09,538 | INFO | Comment progress: 1/50
2026-09-14 18:12:13,506 | INFO | Comment progress: 1/50
2026-09-14 18:12:17,570 | INFO | Comment progress: 1/50
2026-09-14 18:12:21,519 | INFO | Comment progress: 1/50
2026-09-14 18:12:24,265 | INFO | Comment progress: 1/50
2026-09-14 18:12:27,002 | INFO | Comment progress: 1/50
2026-09-14 18:12:29,155 | INFO | Saved JSON: D:\TIỂU LUẬN CHUYÊN NGÀNH\TLCN-Travel\data\raw\tiktok\tiktok_metadata_comments.json
2026-09-14 18:12:29,161 | INFO | Done: 1 comments
2026-09-14 18:12:33,442 | INFO | [6/12] https://www.tiktok.com/@nhungbanahill/video/7669031107911863573
2026-09-14 18:12:33,443 | INFO | Open video: https://www.tiktok.com/@nhungbanahill/video/7669031107911863573
2026-09-14 18:12:42,592 | INFO | Collecting comments...
2026-09-14 18:12:42,725 | INFO | Comment progress: 1/50
2026-09-14 18:12:46,501 | INFO | Comment progress: 1/50
2026-09-14 18:12:50,230 | INFO | Comment progress: 1/50
2026-09-14 18:12:53,042 | INFO | Comment progress: 1/50
2026-09-14 18:12:56,604 | INFO | Comment progress: 1/50
2026-09-14 18:12:59,610 | INFO | Comment progress: 1/50
2026-09-14 18:13:03,653 | INFO | Comment progress: 1/50
2026-09-14 18:13:07,702 | INFO | Comment progress: 1/50
2026-09-14 18:13:10,653 | INFO | Comment progress: 1/50
2026-09-14 18:13:14,487 | INFO | Comment progress: 1/50
2026-09-14 18:13:18,198 | INFO | Comment progress: 1/50
2026-09-14 18:13:20,704 | INFO | Comment progress: 1/50
2026-09-14 18:13:24,148 | INFO | Comment progress: 1/50
2026-09-14 18:13:26,700 | INFO | Comment progress: 1/50
2026-09-14 18:13:30,663 | INFO | Comment progress: 1/50
2026-09-14 18:13:33,092 | INFO | Comment progress: 1/50
2026-09-14 18:13:35,891 | INFO | Comment progress: 1/50
2026-09-14 18:13:39,443 | INFO | Comment progress: 1/50
2026-09-14 18:13:42,805 | INFO | Comment progress: 1/50
2026-09-14 18:13:46,775 | INFO | Comment progress: 1/50
2026-09-14 18:13:49,863 | INFO | Saved JSON: D:\TIỂU LUẬN CHUYÊN NGÀNH\TLCN-Travel\data\raw\tiktok\tiktok_metadata_comments.json
2026-09-14 18:13:49,864 | INFO | Done: 1 comments
2026-09-14 18:13:53,654 | INFO | [7/12] https://www.tiktok.com/@tourdanang43/video/7682643253388201236
2026-09-14 18:13:53,655 | INFO | Open video: https://www.tiktok.com/@tourdanang43/video/7682643253388201236
2026-09-14 18:14:05,788 | INFO | Collecting comments...
2026-09-14 18:14:05,883 | INFO | Comment progress: 1/50
2026-09-14 18:14:09,519 | INFO | Comment progress: 1/50
2026-09-14 18:14:12,141 | INFO | Comment progress: 1/50
2026-09-14 18:14:14,851 | INFO | Comment progress: 1/50
2026-09-14 18:14:18,455 | INFO | Comment progress: 1/50
2026-09-14 18:14:21,904 | INFO | Comment progress: 1/50
2026-09-14 18:14:25,634 | INFO | Comment progress: 1/50
2026-09-14 18:14:28,888 | INFO | Comment progress: 1/50
2026-09-14 18:14:32,231 | INFO | Comment progress: 1/50
2026-09-14 18:14:34,901 | INFO | Comment progress: 1/50
2026-09-14 18:14:38,388 | INFO | Comment progress: 1/50
2026-09-14 18:14:40,666 | INFO | Comment progress: 1/50
2026-09-14 18:14:43,649 | INFO | Comment progress: 1/50
2026-09-14 18:14:47,172 | INFO | Comment progress: 1/50
2026-09-14 18:14:51,149 | INFO | Comment progress: 1/50
2026-09-14 18:14:54,580 | INFO | Comment progress: 1/50
2026-09-14 18:14:58,446 | INFO | Comment progress: 1/50
2026-09-14 18:15:00,627 | INFO | Comment progress: 1/50
2026-09-14 18:15:03,186 | INFO | Comment progress: 1/50
2026-09-14 18:15:05,672 | INFO | Comment progress: 1/50
2026-09-14 18:15:09,124 | INFO | Saved JSON: D:\TIỂU LUẬN CHUYÊN NGÀNH\TLCN-Travel\data\raw\tiktok\tiktok_metadata_comments.json
2026-09-14 18:15:09,124 | INFO | Done: 1 comments
2026-09-14 18:15:11,418 | INFO | [8/12] https://www.tiktok.com/@dulichdanang24/video/7584334864464334101
2026-09-14 18:15:11,418 | INFO | Open video: https://www.tiktok.com/@dulichdanang24/video/7584334864464334101
2026-09-14 18:15:25,325 | INFO | Collecting comments...
2026-09-14 18:15:25,517 | INFO | Comment progress: 1/50
2026-09-14 18:15:29,428 | INFO | Comment progress: 1/50
2026-09-14 18:15:33,139 | INFO | Comment progress: 1/50
2026-09-14 18:15:36,730 | INFO | Comment progress: 1/50
2026-09-14 18:15:39,368 | INFO | Comment progress: 1/50
2026-09-14 18:15:43,189 | INFO | Comment progress: 1/50
2026-09-14 18:15:46,254 | INFO | Comment progress: 1/50
2026-09-14 18:15:49,802 | INFO | Comment progress: 1/50
2026-09-14 18:15:52,383 | INFO | Comment progress: 1/50
2026-09-14 18:15:55,364 | INFO | Comment progress: 1/50
2026-09-14 18:15:58,371 | INFO | Comment progress: 1/50
2026-09-14 18:16:00,685 | INFO | Comment progress: 1/50
2026-09-14 18:16:03,469 | INFO | Comment progress: 1/50
2026-09-14 18:16:06,545 | INFO | Comment progress: 1/50
2026-09-14 18:16:10,661 | INFO | Comment progress: 1/50
2026-09-14 18:16:12,822 | INFO | Comment progress: 1/50
2026-09-14 18:16:15,659 | INFO | Comment progress: 1/50
2026-09-14 18:16:18,899 | INFO | Comment progress: 1/50
2026-09-14 18:16:21,977 | INFO | Comment progress: 1/50
2026-09-14 18:16:25,590 | INFO | Comment progress: 1/50
2026-09-14 18:16:27,895 | INFO | Saved JSON: D:\TIỂU LUẬN CHUYÊN NGÀNH\TLCN-Travel\data\raw\tiktok\tiktok_metadata_comments.json
2026-09-14 18:16:27,895 | INFO | Done: 1 comments
2026-09-14 18:16:31,836 | INFO | [9/12] https://www.tiktok.com/@hoangyen.shinetravel/video/7630455816352501012
2026-09-14 18:16:31,837 | INFO | Open video: https://www.tiktok.com/@hoangyen.shinetravel/video/7630455816352501012
2026-09-14 18:16:44,821 | INFO | Collecting comments...
2026-09-14 18:16:44,935 | INFO | Comment progress: 1/50
2026-09-14 18:16:49,057 | INFO | Comment progress: 1/50
2026-09-14 18:16:53,146 | INFO | Comment progress: 1/50
2026-09-14 18:16:55,473 | INFO | Comment progress: 1/50
2026-09-14 18:16:59,215 | INFO | Comment progress: 1/50
2026-09-14 18:17:02,726 | INFO | Comment progress: 1/50
2026-09-14 18:17:06,698 | INFO | Comment progress: 1/50
2026-09-14 18:17:09,227 | INFO | Comment progress: 1/50
2026-09-14 18:17:11,965 | INFO | Comment progress: 1/50
2026-09-14 18:17:14,359 | INFO | Comment progress: 1/50
2026-09-14 18:17:16,701 | INFO | Comment progress: 1/50
2026-09-14 18:17:20,057 | INFO | Comment progress: 1/50
2026-09-14 18:17:23,301 | INFO | Comment progress: 1/50
2026-09-14 18:17:27,098 | INFO | Comment progress: 1/50
2026-09-14 18:17:30,049 | INFO | Comment progress: 1/50
2026-09-14 18:17:33,725 | INFO | Comment progress: 1/50
2026-09-14 18:17:37,283 | INFO | Comment progress: 1/50
2026-09-14 18:17:40,073 | INFO | Comment progress: 1/50
2026-09-14 18:17:43,179 | INFO | Comment progress: 1/50
2026-09-14 18:17:46,240 | INFO | Comment progress: 1/50
2026-09-14 18:17:50,214 | INFO | Saved JSON: D:\TIỂU LUẬN CHUYÊN NGÀNH\TLCN-Travel\data\raw\tiktok\tiktok_metadata_comments.json
2026-09-14 18:17:50,214 | INFO | Done: 1 comments
2026-09-14 18:17:54,400 | INFO | [10/12] https://www.tiktok.com/@thuexemaydanang43hovy/video/7628220945903144213
2026-09-14 18:17:54,401 | INFO | Open video: https://www.tiktok.com/@thuexemaydanang43hovy/video/7628220945903144213
2026-09-14 18:18:10,603 | INFO | Collecting comments...
2026-09-14 18:18:10,778 | INFO | Comment progress: 1/50
2026-09-14 18:18:14,868 | INFO | Comment progress: 1/50
2026-09-14 18:18:17,141 | INFO | Comment progress: 1/50
2026-09-14 18:18:20,919 | INFO | Comment progress: 1/50
2026-09-14 18:18:24,538 | INFO | Comment progress: 1/50
2026-09-14 18:18:27,084 | INFO | Comment progress: 1/50
2026-09-14 18:18:31,083 | INFO | Comment progress: 1/50
2026-09-14 18:18:33,357 | INFO | Comment progress: 1/50
2026-09-14 18:18:36,898 | INFO | Comment progress: 1/50
2026-09-14 18:18:39,780 | INFO | Comment progress: 1/50
2026-09-14 18:18:42,606 | INFO | Comment progress: 1/50
2026-09-14 18:18:46,415 | INFO | Comment progress: 1/50
2026-09-14 18:18:49,422 | INFO | Comment progress: 1/50
2026-09-14 18:18:51,930 | INFO | Comment progress: 1/50
2026-09-14 18:18:55,899 | INFO | Comment progress: 1/50
2026-09-14 18:18:59,600 | INFO | Comment progress: 1/50
2026-09-14 18:19:03,249 | INFO | Comment progress: 1/50
2026-09-14 18:19:05,448 | INFO | Comment progress: 1/50
2026-09-14 18:19:09,161 | INFO | Comment progress: 1/50
2026-09-14 18:19:11,490 | INFO | Comment progress: 1/50
2026-09-14 18:19:15,073 | INFO | Saved JSON: D:\TIỂU LUẬN CHUYÊN NGÀNH\TLCN-Travel\data\raw\tiktok\tiktok_metadata_comments.json
2026-09-14 18:19:15,074 | INFO | Done: 1 comments
2026-09-14 18:19:18,088 | INFO | [11/12] https://www.tiktok.com/@thoitietdanang.tiktok/video/7662988982795373832
2026-09-14 18:19:18,089 | INFO | Open video: https://www.tiktok.com/@thoitietdanang.tiktok/video/7662988982795373832
2026-09-14 18:19:34,367 | INFO | Collecting comments...
2026-09-14 18:19:34,592 | INFO | Comment progress: 1/50
2026-09-14 18:19:37,021 | INFO | Comment progress: 1/50
2026-09-14 18:19:40,749 | INFO | Comment progress: 1/50
2026-09-14 18:19:44,013 | INFO | Comment progress: 1/50
2026-09-14 18:19:46,751 | INFO | Comment progress: 1/50
2026-09-14 18:19:50,416 | INFO | Comment progress: 1/50
2026-09-14 18:19:53,271 | INFO | Comment progress: 1/50
2026-09-14 18:19:57,295 | INFO | Comment progress: 1/50
2026-09-14 18:20:01,098 | INFO | Comment progress: 1/50
2026-09-14 18:20:03,978 | INFO | Comment progress: 1/50
2026-09-14 18:20:07,656 | INFO | Comment progress: 1/50
2026-09-14 18:20:11,172 | INFO | Comment progress: 1/50
2026-09-14 18:20:13,357 | INFO | Comment progress: 1/50
2026-09-14 18:20:16,120 | INFO | Comment progress: 1/50
2026-09-14 18:20:20,017 | INFO | Comment progress: 1/50
2026-09-14 18:20:23,894 | INFO | Comment progress: 1/50
2026-09-14 18:20:27,333 | INFO | Comment progress: 1/50
2026-09-14 18:20:30,572 | INFO | Comment progress: 1/50
2026-09-14 18:20:32,723 | INFO | Comment progress: 1/50
2026-09-14 18:20:35,311 | INFO | Comment progress: 1/50
2026-09-14 18:20:38,686 | INFO | Saved JSON: D:\TIỂU LUẬN CHUYÊN NGÀNH\TLCN-Travel\data\raw\tiktok\tiktok_metadata_comments.json
2026-09-14 18:20:38,686 | INFO | Done: 1 comments
2026-09-14 18:20:40,883 | INFO | [12/12] https://www.tiktok.com/@review.danang24/video/7649247032120577298
2026-09-14 18:20:40,884 | INFO | Open video: https://www.tiktok.com/@review.danang24/video/7649247032120577298
2026-09-14 18:20:56,444 | INFO | Collecting comments...
2026-09-14 18:20:56,621 | INFO | Comment progress: 1/50
2026-09-14 18:20:58,896 | INFO | Comment progress: 1/50
2026-09-14 18:21:01,089 | INFO | Comment progress: 1/50
2026-09-14 18:21:03,936 | INFO | Comment progress: 1/50
2026-09-14 18:21:06,206 | INFO | Comment progress: 1/50
2026-09-14 18:21:09,078 | INFO | Comment progress: 1/50
2026-09-14 18:21:11,631 | INFO | Comment progress: 1/50
2026-09-14 18:21:14,613 | INFO | Comment progress: 1/50
2026-09-14 18:21:17,768 | INFO | Comment progress: 1/50
2026-09-14 18:21:19,993 | INFO | Comment progress: 1/50
2026-09-14 18:21:22,585 | INFO | Comment progress: 1/50
2026-09-14 18:21:26,108 | INFO | Comment progress: 1/50
2026-09-14 18:21:29,016 | INFO | Comment progress: 1/50
2026-09-14 18:21:32,049 | INFO | Comment progress: 1/50
2026-09-14 18:21:34,341 | INFO | Comment progress: 1/50
2026-09-14 18:21:38,046 | INFO | Comment progress: 1/50
2026-09-14 18:21:41,078 | INFO | Comment progress: 1/50
2026-09-14 18:21:43,902 | INFO | Comment progress: 1/50
2026-09-14 18:21:48,077 | INFO | Comment progress: 1/50
2026-09-14 18:21:50,989 | INFO | Comment progress: 1/50
2026-09-14 18:21:55,000 | INFO | Saved JSON: D:\TIỂU LUẬN CHUYÊN NGÀNH\TLCN-Travel\data\raw\tiktok\tiktok_metadata_comments.json
2026-09-14 18:21:55,000 | INFO | Done: 1 comments
2026-09-14 18:22:12,715 | INFO | Saved JSON: D:\TIỂU LUẬN CHUYÊN NGÀNH\TLCN-Travel\data\raw\tiktok\tiktok_metadata_comments.json
2026-09-14 18:22:12,715 | INFO | Finished. Videos: 12
2026-09-14 18:25:40,847 | INFO | ======================================
2026-09-14 18:25:40,848 | INFO | TikTok metadata + comments crawler
2026-09-14 18:25:40,848 | INFO | ======================================
2026-09-14 18:25:44,008 | INFO | Searching: du lịch Đà Nẵng
2026-09-14 18:25:56,137 | INFO | Found 0 video URLs
2026-09-14 18:25:59,661 | INFO | Keyword 'du lịch Đà Nẵng': 0 videos
2026-09-14 18:26:14,341 | INFO | Saved JSON: D:\TIỂU LUẬN CHUYÊN NGÀNH\TLCN-Travel\data\raw\tiktok\tiktok_metadata_comments.json
2026-09-14 18:26:14,342 | INFO | Finished. Videos: 0
2026-09-14 18:26:22,964 | INFO | ======================================
2026-09-14 18:26:22,965 | INFO | TikTok metadata + comments crawler
2026-09-14 18:26:22,965 | INFO | ======================================
2026-09-14 18:26:26,182 | INFO | Searching: du lịch Đà Nẵng
2026-09-14 18:26:38,089 | INFO | Found 12 video URLs
2026-09-14 18:26:41,834 | INFO | Found 12 video URLs
2026-09-14 18:26:46,382 | INFO | Keyword 'du lịch Đà Nẵng': 12 videos
2026-09-14 18:26:46,383 | INFO | [1/12] https://www.tiktok.com/@vietnam_expresstour/video/7664132251566869780
2026-09-14 18:26:46,384 | INFO | Open video: https://www.tiktok.com/@vietnam_expresstour/video/7664132251566869780
2026-09-14 18:27:03,404 | INFO | Collecting comments...
2026-09-14 18:27:04,139 | INFO | Comment progress: 1/50
2026-09-14 18:27:06,474 | INFO | Comment progress: 1/50
2026-09-14 18:27:11,107 | INFO | Comment progress: 1/50
2026-09-14 18:27:15,341 | INFO | Comment progress: 1/50
2026-09-14 18:27:19,869 | INFO | Comment progress: 1/50
2026-09-14 18:27:25,384 | INFO | Comment progress: 1/50
2026-09-14 18:27:31,491 | INFO | Comment progress: 1/50
2026-09-14 18:27:35,319 | INFO | Comment progress: 1/50
2026-09-14 18:27:40,075 | INFO | Comment progress: 1/50
2026-09-14 18:27:43,033 | INFO | Comment progress: 1/50
2026-09-14 18:27:46,907 | INFO | Comment progress: 1/50
2026-09-14 18:27:50,712 | INFO | Comment progress: 1/50
2026-09-14 18:27:53,839 | INFO | Comment progress: 1/50
2026-09-14 18:27:56,506 | INFO | Comment progress: 1/50
2026-09-14 18:27:59,913 | INFO | Comment progress: 1/50
2026-09-14 18:28:03,330 | INFO | Comment progress: 1/50
2026-09-14 18:28:07,169 | INFO | Comment progress: 1/50
2026-09-14 18:28:10,404 | INFO | Comment progress: 1/50
2026-09-14 18:28:14,544 | INFO | Comment progress: 1/50
2026-09-14 18:28:17,587 | INFO | Comment progress: 1/50
2026-09-14 18:28:20,672 | INFO | Saved JSON: D:\TIỂU LUẬN CHUYÊN NGÀNH\TLCN-Travel\data\raw\tiktok\tiktok_metadata_comments.json
2026-09-14 18:28:20,672 | INFO | Done: 1 comments
2026-09-14 18:28:23,932 | INFO | [2/12] https://www.tiktok.com/@thuexemaydanang43hovy/video/7608939490995981589
2026-09-14 18:28:23,933 | INFO | Open video: https://www.tiktok.com/@thuexemaydanang43hovy/video/7608939490995981589
2026-09-14 18:28:34,559 | INFO | Collecting comments...
2026-09-14 18:28:34,694 | INFO | Comment progress: 1/50
2026-09-14 18:28:36,901 | INFO | Comment progress: 1/50
2026-09-14 18:28:40,245 | INFO | Comment progress: 1/50
2026-09-14 18:28:43,007 | INFO | Comment progress: 1/50
2026-09-14 18:28:45,298 | INFO | Comment progress: 1/50
2026-09-14 18:28:48,792 | INFO | Comment progress: 1/50
2026-09-14 18:28:50,962 | INFO | Comment progress: 1/50
2026-09-14 18:28:53,942 | INFO | Comment progress: 1/50
2026-09-14 18:28:57,599 | INFO | Comment progress: 1/50
2026-09-14 18:29:00,008 | INFO | Comment progress: 1/50
2026-09-14 18:29:02,890 | INFO | Comment progress: 1/50
2026-09-14 18:29:05,589 | INFO | Comment progress: 1/50
2026-09-14 18:29:08,848 | INFO | Comment progress: 1/50
2026-09-14 18:29:12,366 | INFO | Comment progress: 1/50
2026-09-14 18:29:15,095 | INFO | Comment progress: 1/50
2026-09-14 18:29:18,999 | INFO | Comment progress: 1/50
2026-09-14 18:29:23,097 | INFO | Comment progress: 1/50
2026-09-14 18:29:25,389 | INFO | Comment progress: 1/50
2026-09-14 18:29:29,365 | INFO | Comment progress: 1/50
2026-09-14 18:29:31,828 | INFO | Comment progress: 1/50
2026-09-14 18:29:35,781 | INFO | Saved JSON: D:\TIỂU LUẬN CHUYÊN NGÀNH\TLCN-Travel\data\raw\tiktok\tiktok_metadata_comments.json
2026-09-14 18:29:35,782 | INFO | Done: 1 comments
2026-09-14 18:29:40,621 | INFO | [3/12] https://www.tiktok.com/@danangne24/video/7672639199597661447
2026-09-14 18:29:40,622 | INFO | Open video: https://www.tiktok.com/@danangne24/video/7672639199597661447
2026-09-14 18:29:54,754 | INFO | Collecting comments...
2026-09-14 18:29:54,893 | INFO | Comment progress: 1/50
2026-09-14 18:29:58,554 | INFO | Comment progress: 1/50
2026-09-14 18:30:00,763 | INFO | Comment progress: 1/50
2026-09-14 18:30:04,255 | INFO | Comment progress: 1/50
2026-09-14 18:30:08,081 | INFO | Comment progress: 1/50
2026-09-14 18:30:10,886 | INFO | Comment progress: 1/50
2026-09-14 18:30:13,713 | INFO | Comment progress: 1/50
2026-09-14 18:30:16,925 | INFO | Comment progress: 1/50
2026-09-14 18:30:20,673 | INFO | Comment progress: 1/50
2026-09-14 18:30:24,821 | INFO | Comment progress: 1/50
2026-09-14 18:30:27,051 | INFO | Comment progress: 1/50
2026-09-14 18:30:30,833 | INFO | Comment progress: 1/50
2026-09-14 18:30:34,691 | INFO | Comment progress: 1/50
2026-09-14 18:30:38,580 | INFO | Comment progress: 1/50
2026-09-14 18:30:41,426 | INFO | Comment progress: 1/50
2026-09-14 18:30:45,313 | INFO | Comment progress: 1/50
2026-09-14 18:30:49,066 | INFO | Comment progress: 1/50
2026-09-14 18:30:52,895 | INFO | Comment progress: 1/50
2026-09-14 18:30:55,840 | INFO | Comment progress: 1/50
2026-09-14 18:30:58,871 | INFO | Comment progress: 1/50
2026-09-14 18:31:01,604 | INFO | Saved JSON: D:\TIỂU LUẬN CHUYÊN NGÀNH\TLCN-Travel\data\raw\tiktok\tiktok_metadata_comments.json
2026-09-14 18:31:01,605 | INFO | Done: 1 comments
2026-09-14 18:31:05,232 | INFO | [4/12] https://www.tiktok.com/@thuexemaydanang43hovy/video/7628220945903144213
2026-09-14 18:31:05,233 | INFO | Open video: https://www.tiktok.com/@thuexemaydanang43hovy/video/7628220945903144213
2026-09-14 18:31:33,372 | INFO | Collecting comments...
2026-09-14 18:31:33,537 | INFO | Comment progress: 1/50
2026-09-14 18:31:36,322 | INFO | Comment progress: 1/50
2026-09-14 18:31:38,897 | INFO | Comment progress: 1/50
2026-09-14 18:31:41,147 | INFO | Comment progress: 1/50
2026-09-14 18:31:44,552 | INFO | Comment progress: 1/50
2026-09-14 18:31:48,301 | INFO | Comment progress: 1/50
2026-09-14 18:31:51,430 | INFO | Comment progress: 1/50
2026-09-14 18:31:54,485 | INFO | Comment progress: 1/50
2026-09-14 18:31:57,642 | INFO | Comment progress: 1/50
2026-09-14 18:32:04,292 | INFO | Comment progress: 1/50
2026-09-14 18:32:08,182 | INFO | Comment progress: 1/50
2026-09-14 18:32:10,457 | INFO | Comment progress: 1/50
2026-09-14 18:32:14,182 | INFO | Comment progress: 1/50
2026-09-14 18:32:17,568 | INFO | Comment progress: 1/50
2026-09-14 18:32:21,643 | INFO | Comment progress: 1/50
2026-09-14 18:32:24,353 | INFO | Comment progress: 1/50
2026-09-14 18:32:27,973 | INFO | Comment progress: 1/50
2026-09-14 18:32:30,369 | INFO | Comment progress: 1/50
2026-09-14 18:32:33,440 | INFO | Comment progress: 1/50
2026-09-14 18:32:35,965 | INFO | Comment progress: 1/50
2026-09-14 18:32:39,240 | INFO | Saved JSON: D:\TIỂU LUẬN CHUYÊN NGÀNH\TLCN-Travel\data\raw\tiktok\tiktok_metadata_comments.json
2026-09-14 18:32:39,241 | INFO | Done: 1 comments
2026-09-14 18:32:41,707 | INFO | [5/12] https://www.tiktok.com/@thuongodanang/video/7604092040615431442
2026-09-14 18:32:41,708 | INFO | Open video: https://www.tiktok.com/@thuongodanang/video/7604092040615431442
2026-09-14 18:33:05,214 | INFO | Collecting comments...
2026-09-14 18:33:05,391 | INFO | Comment progress: 1/50
2026-09-14 18:33:08,001 | INFO | Comment progress: 1/50
2026-09-14 18:33:12,113 | INFO | Comment progress: 1/50
2026-09-14 18:33:14,678 | INFO | Comment progress: 1/50
2026-09-14 18:33:17,483 | INFO | Comment progress: 1/50
2026-09-14 18:33:19,695 | INFO | Comment progress: 1/50
2026-09-14 18:33:23,020 | INFO | Comment progress: 1/50
2026-09-14 18:33:26,272 | INFO | Comment progress: 1/50
2026-09-14 18:33:29,461 | INFO | Comment progress: 1/50
2026-09-14 18:33:33,533 | INFO | Comment progress: 1/50
2026-09-14 18:33:37,796 | INFO | Comment progress: 1/50
2026-09-14 18:33:40,976 | INFO | Comment progress: 1/50
2026-09-14 18:33:44,079 | INFO | Comment progress: 1/50
2026-09-14 18:33:47,592 | INFO | Comment progress: 1/50
2026-09-14 18:33:51,051 | INFO | Comment progress: 1/50
2026-09-14 18:33:53,384 | INFO | Comment progress: 1/50
2026-09-14 18:33:55,769 | INFO | Comment progress: 1/50
2026-09-14 18:33:59,309 | INFO | Comment progress: 1/50
2026-09-14 18:34:02,327 | INFO | Comment progress: 1/50
2026-09-14 18:34:05,898 | INFO | Comment progress: 1/50
2026-09-14 18:34:09,213 | INFO | Saved JSON: D:\TIỂU LUẬN CHUYÊN NGÀNH\TLCN-Travel\data\raw\tiktok\tiktok_metadata_comments.json
2026-09-14 18:34:09,214 | INFO | Done: 1 comments
2026-09-14 18:34:11,344 | INFO | [6/12] https://www.tiktok.com/@canhdep.vithom/video/7671238023153077524
2026-09-14 18:34:11,345 | INFO | Open video: https://www.tiktok.com/@canhdep.vithom/video/7671238023153077524
2026-09-14 18:34:40,483 | INFO | Collecting comments...
2026-09-14 18:34:40,698 | INFO | Comment progress: 1/50
2026-09-14 18:34:43,494 | INFO | Comment progress: 1/50
2026-09-14 18:34:47,075 | INFO | Comment progress: 1/50
2026-09-14 18:34:50,705 | INFO | Comment progress: 1/50
2026-09-14 18:34:53,982 | INFO | Comment progress: 1/50
2026-09-14 18:34:57,539 | INFO | Comment progress: 1/50
2026-09-14 18:35:00,655 | INFO | Comment progress: 1/50
2026-09-14 18:35:03,771 | INFO | Comment progress: 1/50
2026-09-14 18:35:06,874 | INFO | Comment progress: 1/50
2026-09-14 18:35:11,162 | INFO | Comment progress: 1/50
2026-09-14 18:35:15,154 | INFO | Comment progress: 1/50
2026-09-14 18:35:17,728 | INFO | Comment progress: 1/50
2026-09-14 18:35:20,133 | INFO | Comment progress: 1/50
2026-09-14 18:35:24,723 | INFO | Comment progress: 1/50
2026-09-14 18:35:28,831 | INFO | Comment progress: 1/50
2026-09-14 18:35:32,740 | INFO | Comment progress: 1/50
2026-09-14 18:35:35,329 | INFO | Comment progress: 1/50
2026-09-14 18:35:38,109 | INFO | Comment progress: 1/50
2026-09-14 18:35:41,790 | INFO | Comment progress: 1/50
2026-09-14 18:35:44,507 | INFO | Comment progress: 1/50
2026-09-14 18:35:47,120 | INFO | Saved JSON: D:\TIỂU LUẬN CHUYÊN NGÀNH\TLCN-Travel\data\raw\tiktok\tiktok_metadata_comments.json
2026-09-14 18:35:47,121 | INFO | Done: 1 comments
2026-09-14 18:35:50,947 | INFO | [7/12] https://www.tiktok.com/@yeudanang24/video/7646767981044780295
2026-09-14 18:35:50,948 | INFO | Open video: https://www.tiktok.com/@yeudanang24/video/7646767981044780295
2026-09-14 18:36:11,990 | INFO | Collecting comments...
2026-09-14 18:36:12,103 | INFO | Comment progress: 1/50
2026-09-14 18:36:15,507 | INFO | Comment progress: 1/50
2026-09-14 18:36:19,533 | INFO | Comment progress: 1/50
2026-09-14 18:36:22,778 | INFO | Comment progress: 1/50
2026-09-14 18:36:26,336 | INFO | Comment progress: 1/50
2026-09-14 18:36:29,101 | INFO | Comment progress: 1/50
2026-09-14 18:36:32,005 | INFO | Comment progress: 1/50
2026-09-14 18:36:36,077 | INFO | Comment progress: 1/50
2026-09-14 18:36:39,082 | INFO | Comment progress: 1/50
2026-09-14 18:36:41,955 | INFO | Comment progress: 1/50
2026-09-14 18:36:45,952 | INFO | Comment progress: 1/50
2026-09-14 18:36:49,027 | INFO | Comment progress: 1/50
2026-09-14 18:36:52,588 | INFO | Comment progress: 1/50
2026-09-14 18:36:55,144 | INFO | Comment progress: 1/50
2026-09-14 18:36:58,780 | INFO | Comment progress: 1/50
2026-09-14 18:37:02,744 | INFO | Comment progress: 1/50
2026-09-14 18:37:05,107 | INFO | Comment progress: 1/50
2026-09-14 18:37:08,583 | INFO | Comment progress: 1/50
2026-09-14 18:37:12,018 | INFO | Comment progress: 1/50
2026-09-14 18:37:14,627 | INFO | Comment progress: 1/50
2026-09-14 18:37:17,985 | INFO | Saved JSON: D:\TIỂU LUẬN CHUYÊN NGÀNH\TLCN-Travel\data\raw\tiktok\tiktok_metadata_comments.json
2026-09-14 18:37:17,986 | INFO | Done: 1 comments
2026-09-14 18:37:21,888 | INFO | [8/12] https://www.tiktok.com/@review.danang24/video/7649247032120577298
2026-09-14 18:37:21,889 | INFO | Open video: https://www.tiktok.com/@review.danang24/video/7649247032120577298
2026-09-14 18:37:35,143 | INFO | Collecting comments...
2026-09-14 18:37:35,302 | INFO | Comment progress: 1/50
2026-09-14 18:37:35,900 | WARNING | Retrying (Retry(total=2, connect=None, read=None, redirect=None, status=None)) after connection broken by 'ConnectionResetError(10054, 'An existing connection was forcibly closed by the remote host', None, 10054, None)': /session/72efcc4e6bc4065e278521243837a65d
2026-09-14 18:37:39,980 | WARNING | Retrying (Retry(total=1, connect=None, read=None, redirect=None, status=None)) after connection broken by 'NewConnectionError("HTTPConnection(host='localhost', port=4138): Failed to establish a new connection: [WinError 10061] No connection could be made because the target machine actively refused it")': /session/72efcc4e6bc4065e278521243837a65d
2026-09-14 18:37:44,041 | WARNING | Retrying (Retry(total=0, connect=None, read=None, redirect=None, status=None)) after connection broken by 'NewConnectionError("HTTPConnection(host='localhost', port=4138): Failed to establish a new connection: [WinError 10061] No connection could be made because the target machine actively refused it")': /session/72efcc4e6bc4065e278521243837a65d
2026-09-14 18:37:56,234 | INFO | ======================================
2026-09-14 18:37:56,234 | INFO | TikTok metadata + comments crawler
2026-09-14 18:37:56,235 | INFO | ======================================
2026-09-14 18:37:59,914 | INFO | Searching: du lịch Đà Nẵng
2026-09-14 18:38:19,266 | INFO | Found 12 video URLs
2026-09-14 18:38:23,239 | INFO | Found 12 video URLs
2026-09-14 18:38:27,161 | INFO | Keyword 'du lịch Đà Nẵng': 12 videos
2026-09-14 18:38:27,162 | INFO | [1/12] https://www.tiktok.com/@nhungbanahill/video/7669031107911863573
2026-09-14 18:38:27,162 | INFO | Open video: https://www.tiktok.com/@nhungbanahill/video/7669031107911863573
2026-09-14 18:38:46,901 | INFO | Collecting real comments...
2026-09-14 18:38:46,925 | INFO | Round 1 - found 0 comment elements
2026-09-14 18:38:46,926 | INFO | Comments collected: 0/50
2026-09-14 18:38:49,723 | INFO | Round 2 - found 0 comment elements
2026-09-14 18:38:49,723 | INFO | Comments collected: 0/50
2026-09-14 18:38:53,534 | INFO | Round 3 - found 0 comment elements
2026-09-14 18:38:53,534 | INFO | Comments collected: 0/50
2026-09-14 18:38:56,406 | INFO | Round 4 - found 0 comment elements
2026-09-14 18:38:56,407 | INFO | Comments collected: 0/50
2026-09-14 18:38:59,887 | INFO | Round 5 - found 0 comment elements
2026-09-14 18:38:59,888 | INFO | Comments collected: 0/50
2026-09-14 18:38:59,888 | INFO | No new comments after several scrolls.
2026-09-14 18:38:59,888 | INFO | Finished comments: 0
2026-09-14 18:38:59,889 | INFO | Saved JSON: D:\TIỂU LUẬN CHUYÊN NGÀNH\TLCN-Travel\data\raw\tiktok\tiktok_metadata_comments.json
2026-09-14 18:38:59,889 | INFO | Done: 0 comments
2026-09-14 18:39:03,521 | INFO | [2/12] https://www.tiktok.com/@hoangyen.shinetravel/video/7630455816352501012
2026-09-14 18:39:03,522 | INFO | Open video: https://www.tiktok.com/@hoangyen.shinetravel/video/7630455816352501012
2026-09-14 18:39:16,905 | INFO | Collecting real comments...
2026-09-14 18:39:16,911 | INFO | Round 1 - found 0 comment elements
2026-09-14 18:39:16,912 | INFO | Comments collected: 0/50
2026-09-14 18:39:19,346 | INFO | Round 2 - found 0 comment elements
2026-09-14 18:39:19,347 | INFO | Comments collected: 0/50
2026-09-14 18:39:22,623 | INFO | Round 3 - found 0 comment elements
2026-09-14 18:39:22,623 | INFO | Comments collected: 0/50
2026-09-14 18:39:26,494 | INFO | Round 4 - found 0 comment elements
2026-09-14 18:39:26,495 | INFO | Comments collected: 0/50
2026-09-14 18:39:28,856 | INFO | Round 5 - found 0 comment elements
2026-09-14 18:39:28,856 | INFO | Comments collected: 0/50
2026-09-14 18:39:28,856 | INFO | No new comments after several scrolls.
2026-09-14 18:39:28,856 | INFO | Finished comments: 0
2026-09-14 18:39:28,950 | INFO | Saved JSON: D:\TIỂU LUẬN CHUYÊN NGÀNH\TLCN-Travel\data\raw\tiktok\tiktok_metadata_comments.json
2026-09-14 18:39:28,951 | INFO | Done: 0 comments
2026-09-14 18:39:32,869 | INFO | [3/12] https://www.tiktok.com/@review.danang24/video/7649247032120577298
2026-09-14 18:39:32,870 | INFO | Open video: https://www.tiktok.com/@review.danang24/video/7649247032120577298
2026-09-14 18:39:43,081 | INFO | Collecting real comments...
2026-09-14 18:39:43,092 | INFO | Round 1 - found 0 comment elements
2026-09-14 18:39:43,093 | INFO | Comments collected: 0/50
2026-09-14 18:39:46,609 | INFO | Round 2 - found 0 comment elements
2026-09-14 18:39:46,609 | INFO | Comments collected: 0/50
2026-09-14 18:39:50,325 | INFO | Round 3 - found 0 comment elements
2026-09-14 18:39:50,325 | INFO | Comments collected: 0/50
2026-09-14 18:39:53,326 | INFO | Round 4 - found 0 comment elements
2026-09-14 18:39:53,326 | INFO | Comments collected: 0/50
2026-09-14 18:39:56,663 | INFO | Round 5 - found 0 comment elements
2026-09-14 18:39:56,663 | INFO | Comments collected: 0/50
2026-09-14 18:39:56,663 | INFO | No new comments after several scrolls.
2026-09-14 18:39:56,663 | INFO | Finished comments: 0
2026-09-14 18:39:56,675 | INFO | Saved JSON: D:\TIỂU LUẬN CHUYÊN NGÀNH\TLCN-Travel\data\raw\tiktok\tiktok_metadata_comments.json
2026-09-14 18:39:56,675 | INFO | Done: 0 comments
2026-09-14 18:40:00,889 | INFO | [4/12] https://www.tiktok.com/@danangne24/video/7672639199597661447
2026-09-14 18:40:00,890 | INFO | Open video: https://www.tiktok.com/@danangne24/video/7672639199597661447
2026-09-14 18:40:13,232 | INFO | Collecting real comments...
2026-09-14 18:40:13,242 | INFO | Round 1 - found 0 comment elements
2026-09-14 18:40:13,242 | INFO | Comments collected: 0/50
2026-09-14 18:40:16,029 | INFO | Round 2 - found 0 comment elements
2026-09-14 18:40:16,029 | INFO | Comments collected: 0/50
2026-09-14 18:40:19,238 | INFO | Round 3 - found 0 comment elements
2026-09-14 18:40:19,240 | INFO | Comments collected: 0/50
2026-09-14 18:40:22,143 | INFO | Round 4 - found 0 comment elements
2026-09-14 18:40:22,143 | INFO | Comments collected: 0/50
2026-09-14 18:40:24,446 | INFO | Round 5 - found 0 comment elements
2026-09-14 18:40:24,447 | INFO | Comments collected: 0/50
2026-09-14 18:40:24,447 | INFO | No new comments after several scrolls.
2026-09-14 18:40:24,447 | INFO | Finished comments: 0
2026-09-14 18:40:24,464 | INFO | Saved JSON: D:\TIỂU LUẬN CHUYÊN NGÀNH\TLCN-Travel\data\raw\tiktok\tiktok_metadata_comments.json
2026-09-14 18:40:24,464 | INFO | Done: 0 comments
2026-09-14 18:40:28,525 | INFO | [5/12] https://www.tiktok.com/@dulichdanang24/video/7584334864464334101
2026-09-14 18:40:28,525 | INFO | Open video: https://www.tiktok.com/@dulichdanang24/video/7584334864464334101
2026-09-14 18:40:42,194 | INFO | Collecting real comments...
2026-09-14 18:40:42,255 | INFO | Round 1 - found 0 comment elements
2026-09-14 18:40:42,255 | INFO | Comments collected: 0/50
2026-09-14 18:40:45,679 | INFO | Round 2 - found 0 comment elements
2026-09-14 18:40:45,680 | INFO | Comments collected: 0/50
2026-09-14 18:40:49,177 | INFO | Round 3 - found 0 comment elements
2026-09-14 18:40:49,177 | INFO | Comments collected: 0/50
2026-09-14 18:40:52,418 | INFO | Round 4 - found 0 comment elements
2026-09-14 18:40:52,419 | INFO | Comments collected: 0/50
2026-09-14 18:40:54,914 | INFO | Round 5 - found 0 comment elements
2026-09-14 18:40:54,914 | INFO | Comments collected: 0/50
2026-09-14 18:40:54,914 | INFO | No new comments after several scrolls.
2026-09-14 18:40:54,915 | INFO | Finished comments: 0
2026-09-14 18:40:54,925 | INFO | Saved JSON: D:\TIỂU LUẬN CHUYÊN NGÀNH\TLCN-Travel\data\raw\tiktok\tiktok_metadata_comments.json
2026-09-14 18:40:54,926 | INFO | Done: 0 comments
2026-09-14 18:40:56,941 | INFO | [6/12] https://www.tiktok.com/@thuongodanang/video/7604092040615431442
2026-09-14 18:40:56,942 | INFO | Open video: https://www.tiktok.com/@thuongodanang/video/7604092040615431442
2026-09-14 18:41:09,552 | INFO | Collecting real comments...
2026-09-14 18:41:09,562 | INFO | Round 1 - found 0 comment elements
2026-09-14 18:41:09,562 | INFO | Comments collected: 0/50
2026-09-14 18:41:13,096 | INFO | Round 2 - found 0 comment elements
2026-09-14 18:41:13,097 | INFO | Comments collected: 0/50
2026-09-14 18:41:16,338 | INFO | Round 3 - found 0 comment elements
2026-09-14 18:41:16,339 | INFO | Comments collected: 0/50
2026-09-14 18:41:18,415 | INFO | Round 4 - found 0 comment elements
2026-09-14 18:41:18,415 | INFO | Comments collected: 0/50
2026-09-14 18:41:21,237 | INFO | Round 5 - found 0 comment elements
2026-09-14 18:41:21,238 | INFO | Comments collected: 0/50
2026-09-14 18:41:21,238 | INFO | No new comments after several scrolls.
2026-09-14 18:41:21,238 | INFO | Finished comments: 0
2026-09-14 18:41:21,276 | INFO | Saved JSON: D:\TIỂU LUẬN CHUYÊN NGÀNH\TLCN-Travel\data\raw\tiktok\tiktok_metadata_comments.json
2026-09-14 18:41:21,276 | INFO | Done: 0 comments
2026-09-14 18:41:23,534 | INFO | [7/12] https://www.tiktok.com/@dulichdanangg.43/video/7627460259149303058
2026-09-14 18:41:23,535 | INFO | Open video: https://www.tiktok.com/@dulichdanangg.43/video/7627460259149303058
2026-09-14 18:41:35,793 | INFO | Collecting real comments...
2026-09-14 18:41:36,191 | INFO | Round 1 - found 0 comment elements
2026-09-14 18:41:36,192 | INFO | Comments collected: 0/50
2026-09-14 18:41:38,609 | INFO | Round 2 - found 0 comment elements
2026-09-14 18:41:38,609 | INFO | Comments collected: 0/50
2026-09-14 18:41:41,713 | INFO | Round 3 - found 0 comment elements
2026-09-14 18:41:41,713 | INFO | Comments collected: 0/50
2026-09-14 18:41:44,715 | INFO | Round 4 - found 0 comment elements
2026-09-14 18:41:44,715 | INFO | Comments collected: 0/50
2026-09-14 18:41:47,038 | INFO | Round 5 - found 0 comment elements
2026-09-14 18:41:47,039 | INFO | Comments collected: 0/50
2026-09-14 18:41:47,039 | INFO | No new comments after several scrolls.
2026-09-14 18:41:47,039 | INFO | Finished comments: 0
2026-09-14 18:41:47,053 | INFO | Saved JSON: D:\TIỂU LUẬN CHUYÊN NGÀNH\TLCN-Travel\data\raw\tiktok\tiktok_metadata_comments.json
2026-09-14 18:41:47,053 | INFO | Done: 0 comments
2026-09-14 18:41:50,895 | INFO | [8/12] https://www.tiktok.com/@canhdep.vithom/video/7671238023153077524
2026-09-14 18:41:50,896 | INFO | Open video: https://www.tiktok.com/@canhdep.vithom/video/7671238023153077524
2026-09-14 18:42:02,833 | INFO | Collecting real comments...
2026-09-14 18:42:02,844 | INFO | Round 1 - found 0 comment elements
2026-09-14 18:42:02,845 | INFO | Comments collected: 0/50
2026-09-14 18:42:06,443 | INFO | Round 2 - found 0 comment elements
2026-09-14 18:42:06,443 | INFO | Comments collected: 0/50
2026-09-14 18:42:09,318 | INFO | Round 3 - found 0 comment elements
2026-09-14 18:42:09,318 | INFO | Comments collected: 0/50
2026-09-14 18:42:12,868 | INFO | Round 4 - found 0 comment elements
2026-09-14 18:42:12,869 | INFO | Comments collected: 0/50
2026-09-14 18:42:16,262 | INFO | Round 5 - found 0 comment elements
2026-09-14 18:42:16,262 | INFO | Comments collected: 0/50
2026-09-14 18:42:16,262 | INFO | No new comments after several scrolls.
2026-09-14 18:42:16,262 | INFO | Finished comments: 0
2026-09-14 18:42:16,304 | INFO | Saved JSON: D:\TIỂU LUẬN CHUYÊN NGÀNH\TLCN-Travel\data\raw\tiktok\tiktok_metadata_comments.json
2026-09-14 18:42:16,304 | INFO | Done: 0 comments
2026-09-14 18:42:18,612 | INFO | [9/12] https://www.tiktok.com/@vivudanang243/video/7669022622616669461
2026-09-14 18:42:18,612 | INFO | Open video: https://www.tiktok.com/@vivudanang243/video/7669022622616669461
2026-09-14 18:42:22,465 | WARNING | Retrying (Retry(total=2, connect=None, read=None, redirect=None, status=None)) after connection broken by 'ConnectionResetError(10054, 'An existing connection was forcibly closed by the remote host', None, 10054, None)': /session/627a6e0a885cfaa48b04bdad7122df02
2026-09-14 18:42:22,486 | WARNING | Retrying (Retry(total=1, connect=None, read=None, redirect=None, status=None)) after connection broken by 'ConnectionResetError(10054, 'An existing connection was forcibly closed by the remote host', None, 10054, None)': /session/627a6e0a885cfaa48b04bdad7122df02
2026-09-14 18:42:26,526 | WARNING | Retrying (Retry(total=0, connect=None, read=None, redirect=None, status=None)) after connection broken by 'NewConnectionError("HTTPConnection(host='localhost', port=13726): Failed to establish a new connection: [WinError 10061] No connection could be made because the target machine actively refused it")': /session/627a6e0a885cfaa48b04bdad7122df02
2026-09-14 18:42:44,455 | INFO | ======================================
2026-09-14 18:42:44,456 | INFO | TikTok metadata + comments crawler
2026-09-14 18:42:44,456 | INFO | ======================================
2026-09-14 18:42:47,527 | INFO | Searching: du lịch Đà Nẵng
2026-09-14 18:42:58,087 | INFO | Found 12 video URLs
2026-09-14 18:43:01,531 | INFO | Found 12 video URLs
2026-09-14 18:43:05,969 | INFO | Keyword 'du lịch Đà Nẵng': 12 videos
2026-09-14 18:43:05,969 | INFO | [1/12] https://www.tiktok.com/@danangtravel24/video/7664465113881136404
2026-09-14 18:43:05,970 | INFO | Open video: https://www.tiktok.com/@danangtravel24/video/7664465113881136404
2026-09-14 18:43:19,639 | INFO | ======================================
2026-09-14 18:43:19,639 | INFO | START COMMENT CRAWLING
2026-09-14 18:43:19,639 | INFO | ======================================
2026-09-14 18:43:19,639 | INFO | Opening TikTok comment panel...
2026-09-14 18:43:20,775 | INFO | Clicked comment button: [data-e2e="comment-icon"]
2026-09-14 18:43:39,170 | WARNING | Comment DOM not detected.
2026-09-14 18:43:39,171 | WARNING | Could not open/load comment section.
2026-09-14 18:43:39,177 | INFO | Saved JSON: D:\TIỂU LUẬN CHUYÊN NGÀNH\TLCN-Travel\data\raw\tiktok\tiktok_metadata_comments.json
2026-09-14 18:43:39,177 | INFO | Done: 0 comments
2026-09-14 18:43:42,496 | INFO | [2/12] https://www.tiktok.com/@vivudanang243/video/7669022622616669461
2026-09-14 18:43:42,496 | INFO | Open video: https://www.tiktok.com/@vivudanang243/video/7669022622616669461
2026-09-14 18:43:55,010 | INFO | ======================================
2026-09-14 18:43:55,011 | INFO | START COMMENT CRAWLING
2026-09-14 18:43:55,011 | INFO | ======================================
2026-09-14 18:43:55,011 | INFO | Opening TikTok comment panel...
2026-09-14 18:43:56,155 | INFO | Clicked comment button: [data-e2e="comment-icon"]
2026-09-14 18:44:14,526 | WARNING | Comment DOM not detected.
2026-09-14 18:44:14,527 | WARNING | Could not open/load comment section.
2026-09-14 18:44:14,570 | INFO | Saved JSON: D:\TIỂU LUẬN CHUYÊN NGÀNH\TLCN-Travel\data\raw\tiktok\tiktok_metadata_comments.json
2026-09-14 18:44:14,570 | INFO | Done: 0 comments
2026-09-14 18:44:19,236 | INFO | [3/12] https://www.tiktok.com/@nhungbanahill/video/7669031107911863573
2026-09-14 18:44:19,236 | INFO | Open video: https://www.tiktok.com/@nhungbanahill/video/7669031107911863573
2026-09-14 18:44:29,897 | INFO | ======================================
2026-09-14 18:44:29,897 | INFO | START COMMENT CRAWLING
2026-09-14 18:44:29,897 | INFO | ======================================
2026-09-14 18:44:29,897 | INFO | Opening TikTok comment panel...
2026-09-14 18:44:31,030 | INFO | Clicked comment button: [data-e2e="comment-icon"]
2026-09-14 18:44:49,431 | WARNING | Comment DOM not detected.
2026-09-14 18:44:49,432 | WARNING | Could not open/load comment section.
2026-09-14 18:44:49,468 | INFO | Saved JSON: D:\TIỂU LUẬN CHUYÊN NGÀNH\TLCN-Travel\data\raw\tiktok\tiktok_metadata_comments.json
2026-09-14 18:44:49,468 | INFO | Done: 0 comments
2026-09-14 18:44:54,128 | INFO | [4/12] https://www.tiktok.com/@review.danang24/video/7649247032120577298
2026-09-14 18:44:54,128 | INFO | Open video: https://www.tiktok.com/@review.danang24/video/7649247032120577298
2026-09-14 18:45:09,023 | INFO | ======================================
2026-09-14 18:45:09,024 | INFO | START COMMENT CRAWLING
2026-09-14 18:45:09,024 | INFO | ======================================
2026-09-14 18:45:09,024 | INFO | Opening TikTok comment panel...
2026-09-14 18:45:10,175 | INFO | Clicked comment button: [data-e2e="comment-icon"]
2026-09-14 18:45:28,303 | WARNING | Comment DOM not detected.
2026-09-14 18:45:28,304 | WARNING | Could not open/load comment section.
2026-09-14 18:45:28,310 | INFO | Saved JSON: D:\TIỂU LUẬN CHUYÊN NGÀNH\TLCN-Travel\data\raw\tiktok\tiktok_metadata_comments.json
2026-09-14 18:45:28,311 | INFO | Done: 0 comments
2026-09-14 18:45:32,457 | INFO | [5/12] https://www.tiktok.com/@thuongodanang/video/7604092040615431442
2026-09-14 18:45:32,458 | INFO | Open video: https://www.tiktok.com/@thuongodanang/video/7604092040615431442
2026-09-14 18:45:44,371 | INFO | ======================================
2026-09-14 18:45:44,371 | INFO | START COMMENT CRAWLING
2026-09-14 18:45:44,371 | INFO | ======================================
2026-09-14 18:45:44,371 | INFO | Opening TikTok comment panel...
2026-09-14 18:45:48,985 | WARNING | Retrying (Retry(total=2, connect=None, read=None, redirect=None, status=None)) after connection broken by 'NewConnectionError("HTTPConnection(host='localhost', port=2535): Failed to establish a new connection: [WinError 10061] No connection could be made because the target machine actively refused it")': /session/21a4c2fd33fb6d3f397073d9f58b971d
2026-09-14 18:45:55,323 | INFO | ======================================
2026-09-14 18:45:55,324 | INFO | TikTok metadata + comments crawler
2026-09-14 18:45:55,324 | INFO | ======================================
2026-09-14 18:46:00,508 | INFO | Searching: du lịch Đà Nẵng
2026-09-14 18:46:12,062 | INFO | Search round 1 | videos: 12
2026-09-14 18:46:15,953 | INFO | Search round 2 | videos: 22
2026-09-14 18:46:15,953 | INFO | Keyword 'du lịch Đà Nẵng': 20 videos
2026-09-14 18:46:15,954 | INFO | [1/20] https://www.tiktok.com/@dulichdanang24/video/7584334864464334101
2026-09-14 18:46:15,954 | INFO | Open video: https://www.tiktok.com/@dulichdanang24/video/7584334864464334101
2026-09-14 18:46:30,696 | INFO | ======================================
2026-09-14 18:46:30,697 | INFO | START COMMENT CRAWLING
2026-09-14 18:46:30,697 | INFO | ======================================
2026-09-14 18:46:30,698 | INFO | Opening TikTok comment panel...
2026-09-14 18:46:31,112 | INFO | Selector [data-e2e="comment-icon"] -> 0 elements
2026-09-14 18:46:31,373 | INFO | Selector [data-e2e="comment-count"] -> 0 elements
2026-09-14 18:46:31,390 | INFO | Selector [data-e2e="browse-comment-icon"] -> 0 elements
2026-09-14 18:46:31,400 | INFO | Selector [data-e2e="browse-comment-count"] -> 0 elements
2026-09-14 18:46:31,415 | INFO | Selector button[aria-label*="comment" i] -> 0 elements
2026-09-14 18:46:31,437 | INFO | Selector button[aria-label*="bình luận" i] -> 0 elements
2026-09-14 18:46:31,463 | INFO | Selector button[aria-label*="comments" i] -> 0 elements
2026-09-14 18:46:47,941 | WARNING | Comment DOM not detected.
2026-09-14 18:46:47,942 | WARNING | Could not open/load comment section.
2026-09-14 18:46:47,969 | INFO | Saved JSON: D:\TIỂU LUẬN CHUYÊN NGÀNH\TLCN-Travel\data\raw\tiktok\tiktok_metadata_comments.json
2026-09-14 18:46:47,970 | INFO | Done: 0 comments
2026-09-14 18:46:51,339 | INFO | [2/20] https://www.tiktok.com/@dulichdanang24/video/7683199540727385365
2026-09-14 18:46:51,340 | INFO | Open video: https://www.tiktok.com/@dulichdanang24/video/7683199540727385365
2026-09-14 18:47:06,193 | INFO | ======================================
2026-09-14 18:47:06,195 | INFO | START COMMENT CRAWLING
2026-09-14 18:47:06,195 | INFO | ======================================
2026-09-14 18:47:06,195 | INFO | Opening TikTok comment panel...
2026-09-14 18:47:06,204 | INFO | Selector [data-e2e="comment-icon"] -> 1 elements
2026-09-14 18:47:07,436 | INFO | Clicked comment button: [data-e2e="comment-icon"]
2026-09-14 18:47:10,455 | INFO | Comment DOM loaded: [data-e2e="comment-level-1"] | 2 elements
2026-09-14 18:47:10,470 | INFO | Round 1 | DOM comments: 2
2026-09-14 18:47:10,673 | INFO | Comment 1/50: 🥰
2026-09-14 18:47:10,840 | INFO | Comment 2/50: 🥰🥰🥰
2026-09-14 18:47:10,840 | INFO | DOM growth: 0 -> 2
2026-09-14 18:47:10,847 | INFO | Scroll mode: NO_COMMENT
2026-09-14 18:47:13,647 | INFO | Round 2 | DOM comments: 2
2026-09-14 18:47:13,899 | INFO | DOM growth: 2 -> 2
2026-09-14 18:47:13,905 | INFO | Scroll mode: NO_COMMENT
2026-09-14 18:47:17,651 | INFO | Round 3 | DOM comments: 2
2026-09-14 18:47:17,892 | INFO | DOM growth: 2 -> 2
2026-09-14 18:47:17,896 | INFO | Scroll mode: NO_COMMENT
2026-09-14 18:47:20,952 | INFO | Round 4 | DOM comments: 2
2026-09-14 18:47:21,164 | INFO | DOM growth: 2 -> 2
2026-09-14 18:47:21,169 | INFO | Scroll mode: NO_COMMENT
2026-09-14 18:47:25,026 | INFO | Round 5 | DOM comments: 2
2026-09-14 18:47:25,225 | INFO | DOM growth: 2 -> 2
2026-09-14 18:47:25,233 | INFO | Scroll mode: NO_COMMENT
2026-09-14 18:47:28,610 | INFO | Round 6 | DOM comments: 2
2026-09-14 18:47:28,809 | INFO | No new comments after 5 rounds.
2026-09-14 18:47:28,810 | INFO | ======================================
2026-09-14 18:47:28,810 | INFO | COMMENT RESULT: 2/50
2026-09-14 18:47:28,810 | INFO | ======================================
2026-09-14 18:47:28,838 | INFO | Saved JSON: D:\TIỂU LUẬN CHUYÊN NGÀNH\TLCN-Travel\data\raw\tiktok\tiktok_metadata_comments.json
2026-09-14 18:47:28,838 | INFO | Done: 2 comments
2026-09-14 18:47:32,723 | INFO | [3/20] https://www.tiktok.com/@dulichdanang24/video/7678756194915339540
2026-09-14 18:47:32,723 | INFO | Open video: https://www.tiktok.com/@dulichdanang24/video/7678756194915339540
2026-09-14 18:47:44,595 | INFO | ======================================
2026-09-14 18:47:44,596 | INFO | START COMMENT CRAWLING
2026-09-14 18:47:44,596 | INFO | ======================================
2026-09-14 18:47:44,597 | INFO | Opening TikTok comment panel...
2026-09-14 18:47:44,608 | INFO | Selector [data-e2e="comment-icon"] -> 1 elements
2026-09-14 18:47:45,789 | INFO | Clicked comment button: [data-e2e="comment-icon"]
2026-09-14 18:47:48,824 | INFO | Comment DOM loaded: [data-e2e="comment-level-1"] | 3 elements
2026-09-14 18:47:48,848 | INFO | Round 1 | DOM comments: 3
2026-09-14 18:47:49,011 | INFO | Comment 1/50: Mình xin thông tin ạ
2026-09-14 18:47:49,125 | INFO | Comment 2/50: 1-2/9 còn phòng ko ạ
2026-09-14 18:47:49,230 | INFO | Comment 3/50: 🥰🥰🥰
2026-09-14 18:47:49,231 | INFO | DOM growth: 0 -> 3
2026-09-14 18:47:49,236 | INFO | Scroll mode: NO_COMMENT
2026-09-14 18:47:52,574 | INFO | Round 2 | DOM comments: 3
2026-09-14 18:47:52,919 | INFO | DOM growth: 3 -> 3
2026-09-14 18:47:52,925 | INFO | Scroll mode: NO_COMMENT
2026-09-14 18:47:55,614 | INFO | Round 3 | DOM comments: 3
2026-09-14 18:47:55,953 | INFO | DOM growth: 3 -> 3
2026-09-14 18:47:55,962 | INFO | Scroll mode: NO_COMMENT
2026-09-14 18:47:59,684 | INFO | Round 4 | DOM comments: 3
2026-09-14 18:48:00,037 | INFO | DOM growth: 3 -> 3
2026-09-14 18:48:00,044 | INFO | Scroll mode: NO_COMMENT
2026-09-14 18:48:02,910 | INFO | Round 5 | DOM comments: 3
2026-09-14 18:48:03,399 | INFO | DOM growth: 3 -> 3
2026-09-14 18:48:03,403 | INFO | Scroll mode: NO_COMMENT
2026-09-14 18:48:05,978 | INFO | Round 6 | DOM comments: 3
2026-09-14 18:48:06,300 | INFO | No new comments after 5 rounds.
2026-09-14 18:48:06,300 | INFO | ======================================
2026-09-14 18:48:06,300 | INFO | COMMENT RESULT: 3/50
2026-09-14 18:48:06,300 | INFO | ======================================
2026-09-14 18:48:06,336 | INFO | Saved JSON: D:\TIỂU LUẬN CHUYÊN NGÀNH\TLCN-Travel\data\raw\tiktok\tiktok_metadata_comments.json
2026-09-14 18:48:06,336 | INFO | Done: 3 comments
2026-09-14 18:48:10,187 | INFO | [4/20] https://www.tiktok.com/@dulichdanang24/video/7679493519358053652
2026-09-14 18:48:10,187 | INFO | Open video: https://www.tiktok.com/@dulichdanang24/video/7679493519358053652
2026-09-14 18:48:21,816 | INFO | ======================================
2026-09-14 18:48:21,816 | INFO | START COMMENT CRAWLING
2026-09-14 18:48:21,816 | INFO | ======================================
2026-09-14 18:48:21,816 | INFO | Opening TikTok comment panel...
2026-09-14 18:48:21,826 | INFO | Selector [data-e2e="comment-icon"] -> 1 elements
2026-09-14 18:48:23,011 | INFO | Clicked comment button: [data-e2e="comment-icon"]
2026-09-14 18:48:26,034 | INFO | Comment DOM loaded: [data-e2e="comment-level-1"] | 1 elements
2026-09-14 18:48:26,054 | INFO | Round 1 | DOM comments: 1
2026-09-14 18:48:26,180 | INFO | Comment 1/50: 🥰🥰🥰
2026-09-14 18:48:26,180 | INFO | DOM growth: 0 -> 1
2026-09-14 18:48:26,187 | INFO | Scroll mode: NO_COMMENT
2026-09-14 18:48:29,774 | INFO | Round 2 | DOM comments: 1
2026-09-14 18:48:29,891 | INFO | DOM growth: 1 -> 1
2026-09-14 18:48:29,897 | INFO | Scroll mode: NO_COMMENT
2026-09-14 18:48:33,610 | INFO | Round 3 | DOM comments: 1
2026-09-14 18:48:33,728 | INFO | DOM growth: 1 -> 1
2026-09-14 18:48:33,735 | INFO | Scroll mode: NO_COMMENT
2026-09-14 18:48:36,688 | INFO | Round 4 | DOM comments: 1
2026-09-14 18:48:36,806 | INFO | DOM growth: 1 -> 1
2026-09-14 18:48:36,811 | INFO | Scroll mode: NO_COMMENT
2026-09-14 18:48:39,882 | INFO | Round 5 | DOM comments: 1
2026-09-14 18:48:40,036 | INFO | DOM growth: 1 -> 1
2026-09-14 18:48:40,042 | INFO | Scroll mode: NO_COMMENT
2026-09-14 18:48:43,930 | INFO | Round 6 | DOM comments: 1
2026-09-14 18:48:44,068 | INFO | No new comments after 5 rounds.
2026-09-14 18:48:44,069 | INFO | ======================================
2026-09-14 18:48:44,069 | INFO | COMMENT RESULT: 1/50
2026-09-14 18:48:44,069 | INFO | ======================================
2026-09-14 18:48:44,088 | INFO | Saved JSON: D:\TIỂU LUẬN CHUYÊN NGÀNH\TLCN-Travel\data\raw\tiktok\tiktok_metadata_comments.json
2026-09-14 18:48:44,088 | INFO | Done: 1 comments
2026-09-14 18:48:47,984 | INFO | [5/20] https://www.tiktok.com/@review.danang24/video/7649247032120577298
2026-09-14 18:48:47,985 | INFO | Open video: https://www.tiktok.com/@review.danang24/video/7649247032120577298
2026-09-14 18:49:07,995 | INFO | ======================================
2026-09-14 18:49:07,996 | INFO | START COMMENT CRAWLING
2026-09-14 18:49:07,996 | INFO | ======================================
2026-09-14 18:49:07,996 | INFO | Opening TikTok comment panel...
2026-09-14 18:49:08,008 | INFO | Selector [data-e2e="comment-icon"] -> 1 elements
2026-09-14 18:49:09,249 | INFO | Clicked comment button: [data-e2e="comment-icon"]
2026-09-14 18:49:12,272 | INFO | Comment DOM loaded: [data-e2e="comment-level-1"] | 19 elements
2026-09-14 18:49:12,291 | INFO | Round 1 | DOM comments: 19
2026-09-14 18:49:12,533 | INFO | Comment 1/50: Đ𝐀̀ 𝐍𝐀̆̃𝐍𝐆 – 𝐇𝐎̣̂𝐈 𝐀𝐍 – Bà Nà - Huế Xe 4 chôỗ __ 219.k ☘️Xe 7 chôỗ___ 2.69k 🌿 Xe 16 chôỗ____ 3.99k 🍃
2026-09-14 18:49:12,638 | INFO | Comment 2/50: Mình xin giá tua ạ cho 6 người 2 người lớn 4 trẻ em ạ
2026-09-14 18:49:12,753 | INFO | Comment 3/50: Tư vấn giúp mình ạ
2026-09-14 18:49:12,866 | INFO | Comment 4/50: 2/8 e và đà nẵng tv e
2026-09-14 18:49:12,988 | INFO | Comment 5/50: Ib mình
2026-09-14 18:49:13,089 | INFO | Comment 6/50: đã
2026-09-14 18:49:13,189 | INFO | Comment 7/50: Mình xin giá vé bà nà với ạ
2026-09-14 18:49:13,294 | INFO | Comment 8/50: Tu vấn cho mình combo đi 2 người từ ngày 8/9 đi 2 ngày tu sai gon
2026-09-14 18:49:13,400 | INFO | Comment 9/50: Tháng này trời đẹp không ạ
2026-09-14 18:49:13,521 | INFO | Comment 10/50: Giá vế ba nà niêu
2026-09-14 18:49:13,650 | INFO | Comment 11/50: Có shop nào bán đồ nữ gần sông hàn ko ạ
2026-09-14 18:49:13,779 | INFO | Comment 12/50: Ib
2026-09-14 18:49:13,900 | INFO | Comment 13/50: Nội dung hay đó.
2026-09-14 18:49:14,008 | INFO | Comment 14/50: cho mình xin giá tour cho 9 người ạh
2026-09-14 18:49:14,144 | INFO | Comment 15/50: đẹp nhỉ
2026-09-14 18:49:14,262 | INFO | Comment 16/50: Xin dép lào
2026-09-14 18:49:14,368 | INFO | Comment 17/50: Ib tour 5/8 ạ
2026-09-14 18:49:14,480 | INFO | Comment 18/50: xin giá tour tháng 9 ạ
2026-09-14 18:49:14,481 | INFO | DOM growth: 0 -> 19
2026-09-14 18:49:14,488 | INFO | Scroll mode: NO_COMMENT
2026-09-14 18:49:17,877 | INFO | Round 2 | DOM comments: 19
2026-09-14 18:49:20,277 | INFO | DOM growth: 19 -> 19
2026-09-14 18:49:20,285 | INFO | Scroll mode: NO_COMMENT
2026-09-14 18:49:23,986 | INFO | Round 3 | DOM comments: 19
2026-09-14 18:49:26,122 | INFO | DOM growth: 19 -> 19
2026-09-14 18:49:26,128 | INFO | Scroll mode: NO_COMMENT
2026-09-14 18:49:29,231 | INFO | Round 4 | DOM comments: 19
2026-09-14 18:49:31,448 | INFO | DOM growth: 19 -> 19
2026-09-14 18:49:31,455 | INFO | Scroll mode: NO_COMMENT
2026-09-14 18:49:35,383 | INFO | Round 5 | DOM comments: 19
2026-09-14 18:49:37,588 | INFO | DOM growth: 19 -> 19
2026-09-14 18:49:37,595 | INFO | Scroll mode: NO_COMMENT
2026-09-14 18:49:40,616 | INFO | Round 6 | DOM comments: 19
2026-09-14 18:49:42,899 | INFO | No new comments after 5 rounds.
2026-09-14 18:49:42,899 | INFO | ======================================
2026-09-14 18:49:42,900 | INFO | COMMENT RESULT: 18/50
2026-09-14 18:49:42,900 | INFO | ======================================
2026-09-14 18:49:42,918 | INFO | Saved JSON: D:\TIỂU LUẬN CHUYÊN NGÀNH\TLCN-Travel\data\raw\tiktok\tiktok_metadata_comments.json
2026-09-14 18:49:42,919 | INFO | Done: 18 comments
2026-09-14 18:49:46,786 | INFO | [6/20] https://www.tiktok.com/@yeudanang24/video/7646767981044780295
2026-09-14 18:49:46,786 | INFO | Open video: https://www.tiktok.com/@yeudanang24/video/7646767981044780295
2026-09-14 18:50:00,920 | INFO | ======================================
2026-09-14 18:50:00,921 | INFO | START COMMENT CRAWLING
2026-09-14 18:50:00,921 | INFO | ======================================
2026-09-14 18:50:00,921 | INFO | Opening TikTok comment panel...
2026-09-14 18:50:00,933 | INFO | Selector [data-e2e="comment-icon"] -> 1 elements
2026-09-14 18:50:02,145 | INFO | Clicked comment button: [data-e2e="comment-icon"]
2026-09-14 18:50:05,170 | INFO | Comment DOM loaded: [data-e2e="comment-level-1"] | 20 elements
2026-09-14 18:50:05,197 | INFO | Round 1 | DOM comments: 20
2026-09-14 18:50:05,446 | INFO | Comment 1/50: Tui dân địa phương đi hoài chán luôn😂
2026-09-14 18:50:05,551 | INFO | Comment 2/50: vé bao nhiêu ạ
2026-09-14 18:50:05,680 | INFO | Comment 3/50: Kinh nghiệm của t là có mặt 7h30 tại cap treo thì lên bàn tay nha. Còn quă xíu là đông r, chuyển qua
2026-09-14 18:50:05,793 | INFO | Comment 4/50: tôi vừa két thúc chuyến đi bà nà giá combo 1tr3 mà công viên có chỗ miễn nhìu chỗ vẫn thu tiền vé, b
2026-09-14 18:50:05,900 | INFO | Comment 5/50: Đi nhiều ngày mới khoẻ đi trong 1 ngày t sẽ mợt chớt mất😂😂😂
2026-09-14 18:50:06,008 | INFO | Comment 6/50: E cần pass gấp vé bà nà ngày 8/6 đã bao gồm buffet ( khách ngoại tỉnh ạ ) giá 1tr ạ
2026-09-14 18:50:06,108 | INFO | Comment 7/50: Bạn ơi, bạn mang mấy bộ theo để thay ạ?
2026-09-14 18:50:06,212 | INFO | Comment 8/50: Ngày nèo cũng đi chán 🥺, đi làm
2026-09-14 18:50:06,319 | INFO | Comment 9/50: Đ𝐀̀ 𝐍𝐀̆̃𝐍𝐆 – 𝐇𝐎̣̂𝐈 𝐀𝐍 – Bà Nà - Huế • Xe 4 chỗ —— 2.19k • xe 7 chỗ ——- 2.69k • xe 16 chỗ —— 399k Zá 
2026-09-14 18:50:06,433 | INFO | Comment 10/50: Buffe có cần mua sẵn vé từ lúc mua vé cap treo k bạn hay là lên mua ruêng đc
2026-09-14 18:50:06,542 | INFO | Comment 11/50: Vé bn vậy ạ
2026-09-14 18:50:06,641 | INFO | Comment 12/50: Trên bà là hi có chỗ thuê đồ không shop
2026-09-14 18:50:06,751 | INFO | Comment 13/50: Vé ngày mai ntn
2026-09-14 18:50:06,866 | INFO | Comment 14/50: đi ntn thì giá như nào v ạ
2026-09-14 18:50:06,979 | INFO | Comment 15/50: đông nghẹt luôn
2026-09-14 18:50:07,102 | INFO | Comment 16/50: khu fantasy park có tính phí trò chơi riêng k ạ
2026-09-14 18:50:07,213 | INFO | Comment 17/50: minh chuan bi di ban cho minh xin chut kinh nghiem nhe
2026-09-14 18:50:07,324 | INFO | Comment 18/50: Đi quài cũng chán🥰
2026-09-14 18:50:07,421 | INFO | Comment 19/50: trên đấy lạnh k ạ
2026-09-14 18:50:07,528 | INFO | Comment 20/50: Vé chỉ dùng đc trong 1 ngày à mn
2026-09-14 18:50:07,528 | INFO | DOM growth: 0 -> 20
2026-09-14 18:50:07,535 | INFO | Scroll mode: NO_COMMENT
2026-09-14 18:50:10,716 | INFO | Round 2 | DOM comments: 20
2026-09-14 18:50:13,952 | INFO | DOM growth: 20 -> 20
2026-09-14 18:50:13,959 | INFO | Scroll mode: NO_COMMENT
2026-09-14 18:50:17,972 | INFO | Round 3 | DOM comments: 20
2026-09-14 18:50:21,214 | INFO | DOM growth: 20 -> 20
2026-09-14 18:50:21,226 | INFO | Scroll mode: NO_COMMENT
2026-09-14 18:50:24,566 | INFO | Round 4 | DOM comments: 20
2026-09-14 18:50:26,941 | INFO | DOM growth: 20 -> 20
2026-09-14 18:50:26,959 | INFO | Scroll mode: NO_COMMENT
2026-09-14 18:50:29,718 | INFO | Round 5 | DOM comments: 20
2026-09-14 18:50:32,407 | INFO | DOM growth: 20 -> 20
2026-09-14 18:50:32,412 | INFO | Scroll mode: NO_COMMENT
2026-09-14 18:50:36,087 | INFO | Round 6 | DOM comments: 20
2026-09-14 18:50:38,686 | INFO | No new comments after 5 rounds.
2026-09-14 18:50:38,686 | INFO | ======================================
2026-09-14 18:50:38,686 | INFO | COMMENT RESULT: 20/50
2026-09-14 18:50:38,686 | INFO | ======================================
2026-09-14 18:50:38,718 | INFO | Saved JSON: D:\TIỂU LUẬN CHUYÊN NGÀNH\TLCN-Travel\data\raw\tiktok\tiktok_metadata_comments.json
2026-09-14 18:50:38,718 | INFO | Done: 20 comments
2026-09-14 18:50:40,931 | INFO | [7/20] https://www.tiktok.com/@vivudanang243/video/7669022622616669461
2026-09-14 18:50:40,931 | INFO | Open video: https://www.tiktok.com/@vivudanang243/video/7669022622616669461
2026-09-14 18:50:55,533 | INFO | ======================================
2026-09-14 18:50:55,534 | INFO | START COMMENT CRAWLING
2026-09-14 18:50:55,534 | INFO | ======================================
2026-09-14 18:50:55,535 | INFO | Opening TikTok comment panel...
2026-09-14 18:50:55,548 | INFO | Selector [data-e2e="comment-icon"] -> 1 elements
2026-09-14 18:50:56,802 | INFO | Clicked comment button: [data-e2e="comment-icon"]
2026-09-14 18:50:59,827 | INFO | Comment DOM loaded: [data-e2e="comment-level-1"] | 19 elements
2026-09-14 18:50:59,856 | INFO | Round 1 | DOM comments: 19
2026-09-14 18:51:00,105 | INFO | Comment 1/50: Ai 14-15-16/8 đà nẵng ko lập team đi chung cho zuiii
2026-09-14 18:51:00,254 | INFO | Comment 2/50: Gian hàng này bên ngoài chợ ạ, mình đi trong chợ thì k thấy gian này
2026-09-14 18:51:00,398 | INFO | Comment 3/50: Chợ cồn mấy h là có đồ ăn v bạn
2026-09-14 18:51:00,549 | INFO | Comment 4/50: Mình ghé bi mĩ rồi
2026-09-14 18:51:00,700 | INFO | Comment 5/50: Mấy giờ mở bán vậy ạ
2026-09-14 18:51:00,803 | INFO | Comment 6/50: #anhvu
2026-09-14 18:51:00,919 | INFO | Comment 7/50: bánh tráng thịt heo bi mỹ bao nhiêu phần vậy b
2026-09-14 18:51:01,107 | INFO | Comment 8/50: Điểm trừ là quá trật hẹp
2026-09-14 18:51:01,268 | INFO | Comment 9/50: Đồ ăn tính ra ít tẹo, bánh canh 1 bát đc 3-4 sợi gắp là hết , bánh căn bé ko bõ dính răng khá dở hôi
2026-09-14 18:51:01,405 | INFO | Comment 10/50: Ngon
2026-09-14 18:51:01,551 | INFO | Comment 11/50: B chia sẻ KN, ks và địa điểm chơi đi ạ
2026-09-14 18:51:01,692 | INFO | Comment 12/50: chen mệt xỉu
2026-09-14 18:51:01,862 | INFO | Comment 13/50: mình vừa ăn
2026-09-14 18:51:02,022 | INFO | Comment 14/50: Xôi gà đâuuuuuu ngon vcđ mà
2026-09-14 18:51:02,159 | INFO | Comment 15/50: nóng như cái lò
2026-09-14 18:51:02,289 | INFO | Comment 16/50: Quá nóng. Đồ ăn cũng khô, k ngon 😳
2026-09-14 18:51:02,467 | INFO | Comment 17/50: Để mk ghé review cho cả nhà hehe, mn ghé trang mình coi review nhooo🥰
2026-09-14 18:51:02,644 | INFO | Comment 18/50: Mới về vô ngộp
2026-09-14 18:51:02,784 | INFO | Comment 19/50: Thèm
2026-09-14 18:51:02,785 | INFO | DOM growth: 0 -> 19
2026-09-14 18:51:02,799 | INFO | Scroll mode: NO_COMMENT
2026-09-14 18:51:05,742 | INFO | Round 2 | DOM comments: 19
2026-09-14 18:51:08,870 | INFO | DOM growth: 19 -> 19
2026-09-14 18:51:08,879 | INFO | Scroll mode: NO_COMMENT
2026-09-14 18:51:11,412 | INFO | Round 3 | DOM comments: 19
2026-09-14 18:51:14,239 | INFO | DOM growth: 19 -> 19
2026-09-14 18:51:14,247 | INFO | Scroll mode: NO_COMMENT
2026-09-14 18:51:16,860 | INFO | Round 4 | DOM comments: 19
2026-09-14 18:52:06,809 | INFO | DOM growth: 19 -> 19
2026-09-14 18:52:06,812 | WARNING | Scroll container failed: Message: invalid session id; For documentation on this error, please visit: https://www.selenium.dev/documentation/webdriver/troubleshooting/errors#invalidsessionidexception
Stacktrace:
	chromedriver!GetHandleVerifier [0x7ff6be7bff25+5ae5]
	chromedriver!(No symbol) [0x7ff6be6e2210]
	chromedriver!(No symbol) [0x7ff6be504896]
	chromedriver!(No symbol) [0x7ff6be551303]
	chromedriver!(No symbol) [0x7ff6be589802]
	chromedriver!(No symbol) [0x7ff6be5835d2]
	chromedriver!(No symbol) [0x7ff6be582d62]
	chromedriver!(No symbol) [0x7ff6be4ccddb]
	chromedriver!(No symbol) [0x7ff6be4cd432]
	chromedriver!(No symbol) [0x7ff6be4cda65]
	chromedriver!GetHandleVerifier [0x7ff6bebe4231+429df1]
	chromedriver!GetHandleVerifier [0x7ff6bec0fce7+4558a7]
	chromedriver!GetHandleVerifier [0x7ff6bec0413e+449cfe]
	chromedriver!GetHandleVerifier [0x7ff6be8bc9ce+10258e]
	chromedriver!(No symbol) [0x7ff6be6f0545]
	chromedriver!(No symbol) [0x7ff6be4cc20e]
	chromedriver!GetHandleVerifier [0x7ff6bec6b86f+4b142f]
	KERNEL32!BaseThreadInitThunk [0x7fff8cc3e8d7+17]
	ntdll!RtlUserThreadStart [0x7fff8dbbc34c+2c]

2026-09-14 18:52:06,813 | INFO | Scroll mode: ERROR
2026-09-14 18:52:09,877 | INFO | Round 5 | DOM comments: 0
2026-09-14 18:52:09,877 | INFO | DOM growth: 19 -> 0
2026-09-14 18:52:09,880 | WARNING | Scroll container failed: Message: invalid session id; For documentation on this error, please visit: https://www.selenium.dev/documentation/webdriver/troubleshooting/errors#invalidsessionidexception
Stacktrace:
	chromedriver!GetHandleVerifier [0x7ff6be7bff25+5ae5]
	chromedriver!(No symbol) [0x7ff6be6e2210]
	chromedriver!(No symbol) [0x7ff6be504896]
	chromedriver!(No symbol) [0x7ff6be551303]
	chromedriver!(No symbol) [0x7ff6be589802]
	chromedriver!(No symbol) [0x7ff6be5835d2]
	chromedriver!(No symbol) [0x7ff6be582d62]
	chromedriver!(No symbol) [0x7ff6be4ccddb]
	chromedriver!(No symbol) [0x7ff6be4cd432]
	chromedriver!(No symbol) [0x7ff6be4cda65]
	chromedriver!GetHandleVerifier [0x7ff6bebe4231+429df1]
	chromedriver!GetHandleVerifier [0x7ff6bec0fce7+4558a7]
	chromedriver!GetHandleVerifier [0x7ff6bec0413e+449cfe]
	chromedriver!GetHandleVerifier [0x7ff6be8bc9ce+10258e]
	chromedriver!(No symbol) [0x7ff6be6f0545]
	chromedriver!(No symbol) [0x7ff6be4cc20e]
	chromedriver!GetHandleVerifier [0x7ff6bec6b86f+4b142f]
	KERNEL32!BaseThreadInitThunk [0x7fff8cc3e8d7+17]
	ntdll!RtlUserThreadStart [0x7fff8dbbc34c+2c]

2026-09-14 18:52:09,881 | INFO | Scroll mode: ERROR
2026-09-14 18:52:12,647 | INFO | Round 6 | DOM comments: 0
2026-09-14 18:52:12,647 | INFO | No new comments after 5 rounds.
2026-09-14 18:52:12,648 | INFO | ======================================
2026-09-14 18:52:12,648 | INFO | COMMENT RESULT: 19/50
2026-09-14 18:52:12,649 | INFO | ======================================
2026-09-14 18:52:12,760 | INFO | Saved JSON: D:\TIỂU LUẬN CHUYÊN NGÀNH\TLCN-Travel\data\raw\tiktok\tiktok_metadata_comments.json
2026-09-14 18:52:12,761 | INFO | Done: 19 comments
2026-09-14 18:52:15,171 | INFO | [8/20] https://www.tiktok.com/@dulichdanang24/video/7683950945725615381
2026-09-14 18:52:15,172 | INFO | Open video: https://www.tiktok.com/@dulichdanang24/video/7683950945725615381
2026-09-14 18:52:15,176 | ERROR | Failed video: https://www.tiktok.com/@dulichdanang24/video/7683950945725615381
Traceback (most recent call last):
  File "D:\TIỂU LUẬN CHUYÊN NGÀNH\TLCN-Travel\ingestion\tiktok\crawler_comments.py", line 1345, in main
    metadata = get_video_metadata(
        driver,
    ...<3 lines>...
        video_url
    )
  File "D:\TIỂU LUẬN CHUYÊN NGÀNH\TLCN-Travel\ingestion\tiktok\crawler_comments.py", line 358, in get_video_metadata
    driver.get(
    ~~~~~~~~~~^
        video_url
        ^^^^^^^^^
    )
    ^
  File "C:\Users\ASUS\AppData\Local\Programs\Python\Python313\Lib\site-packages\selenium\webdriver\remote\webdriver.py", line 526, in get
    self.execute(Command.GET, {"url": url})
    ~~~~~~~~~~~~^^^^^^^^^^^^^^^^^^^^^^^^^^^
  File "C:\Users\ASUS\AppData\Local\Programs\Python\Python313\Lib\site-packages\selenium\webdriver\remote\webdriver.py", line 506, in execute
    self.error_handler.check_response(response)
    ~~~~~~~~~~~~~~~~~~~~~~~~~~~~~~~~~^^^^^^^^^^
  File "C:\Users\ASUS\AppData\Local\Programs\Python\Python313\Lib\site-packages\selenium\webdriver\remote\errorhandler.py", line 232, in check_response
    raise exception_class(message, screen, stacktrace)
selenium.common.exceptions.InvalidSessionIdException: Message: invalid session id; For documentation on this error, please visit: https://www.selenium.dev/documentation/webdriver/troubleshooting/errors#invalidsessionidexception
Stacktrace:
	chromedriver!GetHandleVerifier [0x7ff6be7bff25+5ae5]
	chromedriver!(No symbol) [0x7ff6be6e2210]
	chromedriver!(No symbol) [0x7ff6be504896]
	chromedriver!(No symbol) [0x7ff6be551303]
	chromedriver!(No symbol) [0x7ff6be589802]
	chromedriver!(No symbol) [0x7ff6be5835d2]
	chromedriver!(No symbol) [0x7ff6be582d62]
	chromedriver!(No symbol) [0x7ff6be4ccddb]
	chromedriver!(No symbol) [0x7ff6be4cd432]
	chromedriver!(No symbol) [0x7ff6be4cda65]
	chromedriver!GetHandleVerifier [0x7ff6bebe4231+429df1]
	chromedriver!GetHandleVerifier [0x7ff6bec0fce7+4558a7]
	chromedriver!GetHandleVerifier [0x7ff6bec0413e+449cfe]
	chromedriver!GetHandleVerifier [0x7ff6be8bc9ce+10258e]
	chromedriver!(No symbol) [0x7ff6be6f0545]
	chromedriver!(No symbol) [0x7ff6be4cc20e]
	chromedriver!GetHandleVerifier [0x7ff6bec6b86f+4b142f]
	KERNEL32!BaseThreadInitThunk [0x7fff8cc3e8d7+17]
	ntdll!RtlUserThreadStart [0x7fff8dbbc34c+2c]

2026-09-14 18:52:15,191 | INFO | [9/20] https://www.tiktok.com/@dulichdanangg.43/video/7627460259149303058
2026-09-14 18:52:15,192 | INFO | Open video: https://www.tiktok.com/@dulichdanangg.43/video/7627460259149303058
2026-09-14 18:52:15,197 | ERROR | Failed video: https://www.tiktok.com/@dulichdanangg.43/video/7627460259149303058
Traceback (most recent call last):
  File "D:\TIỂU LUẬN CHUYÊN NGÀNH\TLCN-Travel\ingestion\tiktok\crawler_comments.py", line 1345, in main
    metadata = get_video_metadata(
        driver,
    ...<3 lines>...
        video_url
    )
  File "D:\TIỂU LUẬN CHUYÊN NGÀNH\TLCN-Travel\ingestion\tiktok\crawler_comments.py", line 358, in get_video_metadata
    driver.get(
    ~~~~~~~~~~^
        video_url
        ^^^^^^^^^
    )
    ^
  File "C:\Users\ASUS\AppData\Local\Programs\Python\Python313\Lib\site-packages\selenium\webdriver\remote\webdriver.py", line 526, in get
    self.execute(Command.GET, {"url": url})
    ~~~~~~~~~~~~^^^^^^^^^^^^^^^^^^^^^^^^^^^
  File "C:\Users\ASUS\AppData\Local\Programs\Python\Python313\Lib\site-packages\selenium\webdriver\remote\webdriver.py", line 506, in execute
    self.error_handler.check_response(response)
    ~~~~~~~~~~~~~~~~~~~~~~~~~~~~~~~~~^^^^^^^^^^
  File "C:\Users\ASUS\AppData\Local\Programs\Python\Python313\Lib\site-packages\selenium\webdriver\remote\errorhandler.py", line 232, in check_response
    raise exception_class(message, screen, stacktrace)
selenium.common.exceptions.InvalidSessionIdException: Message: invalid session id; For documentation on this error, please visit: https://www.selenium.dev/documentation/webdriver/troubleshooting/errors#invalidsessionidexception
Stacktrace:
	chromedriver!GetHandleVerifier [0x7ff6be7bff25+5ae5]
	chromedriver!(No symbol) [0x7ff6be6e2210]
	chromedriver!(No symbol) [0x7ff6be504896]
	chromedriver!(No symbol) [0x7ff6be551303]
	chromedriver!(No symbol) [0x7ff6be589802]
	chromedriver!(No symbol) [0x7ff6be5835d2]
	chromedriver!(No symbol) [0x7ff6be582d62]
	chromedriver!(No symbol) [0x7ff6be4ccddb]
	chromedriver!(No symbol) [0x7ff6be4cd432]
	chromedriver!(No symbol) [0x7ff6be4cda65]
	chromedriver!GetHandleVerifier [0x7ff6bebe4231+429df1]
	chromedriver!GetHandleVerifier [0x7ff6bec0fce7+4558a7]
	chromedriver!GetHandleVerifier [0x7ff6bec0413e+449cfe]
	chromedriver!GetHandleVerifier [0x7ff6be8bc9ce+10258e]
	chromedriver!(No symbol) [0x7ff6be6f0545]
	chromedriver!(No symbol) [0x7ff6be4cc20e]
	chromedriver!GetHandleVerifier [0x7ff6bec6b86f+4b142f]
	KERNEL32!BaseThreadInitThunk [0x7fff8cc3e8d7+17]
	ntdll!RtlUserThreadStart [0x7fff8dbbc34c+2c]

2026-09-14 18:52:15,202 | INFO | [10/20] https://www.tiktok.com/@lana.fashion06/video/7652361874704485639
2026-09-14 18:52:15,203 | INFO | Open video: https://www.tiktok.com/@lana.fashion06/video/7652361874704485639
2026-09-14 18:52:15,207 | ERROR | Failed video: https://www.tiktok.com/@lana.fashion06/video/7652361874704485639
Traceback (most recent call last):
  File "D:\TIỂU LUẬN CHUYÊN NGÀNH\TLCN-Travel\ingestion\tiktok\crawler_comments.py", line 1345, in main
    metadata = get_video_metadata(
        driver,
    ...<3 lines>...
        video_url
    )
  File "D:\TIỂU LUẬN CHUYÊN NGÀNH\TLCN-Travel\ingestion\tiktok\crawler_comments.py", line 358, in get_video_metadata
    driver.get(
    ~~~~~~~~~~^
        video_url
        ^^^^^^^^^
    )
    ^
  File "C:\Users\ASUS\AppData\Local\Programs\Python\Python313\Lib\site-packages\selenium\webdriver\remote\webdriver.py", line 526, in get
    self.execute(Command.GET, {"url": url})
    ~~~~~~~~~~~~^^^^^^^^^^^^^^^^^^^^^^^^^^^
  File "C:\Users\ASUS\AppData\Local\Programs\Python\Python313\Lib\site-packages\selenium\webdriver\remote\webdriver.py", line 506, in execute
    self.error_handler.check_response(response)
    ~~~~~~~~~~~~~~~~~~~~~~~~~~~~~~~~~^^^^^^^^^^
  File "C:\Users\ASUS\AppData\Local\Programs\Python\Python313\Lib\site-packages\selenium\webdriver\remote\errorhandler.py", line 232, in check_response
    raise exception_class(message, screen, stacktrace)
selenium.common.exceptions.InvalidSessionIdException: Message: invalid session id; For documentation on this error, please visit: https://www.selenium.dev/documentation/webdriver/troubleshooting/errors#invalidsessionidexception
Stacktrace:
	chromedriver!GetHandleVerifier [0x7ff6be7bff25+5ae5]
	chromedriver!(No symbol) [0x7ff6be6e2210]
	chromedriver!(No symbol) [0x7ff6be504896]
	chromedriver!(No symbol) [0x7ff6be551303]
	chromedriver!(No symbol) [0x7ff6be589802]
	chromedriver!(No symbol) [0x7ff6be5835d2]
	chromedriver!(No symbol) [0x7ff6be582d62]
	chromedriver!(No symbol) [0x7ff6be4ccddb]
	chromedriver!(No symbol) [0x7ff6be4cd432]
	chromedriver!(No symbol) [0x7ff6be4cda65]
	chromedriver!GetHandleVerifier [0x7ff6bebe4231+429df1]
	chromedriver!GetHandleVerifier [0x7ff6bec0fce7+4558a7]
	chromedriver!GetHandleVerifier [0x7ff6bec0413e+449cfe]
	chromedriver!GetHandleVerifier [0x7ff6be8bc9ce+10258e]
	chromedriver!(No symbol) [0x7ff6be6f0545]
	chromedriver!(No symbol) [0x7ff6be4cc20e]
	chromedriver!GetHandleVerifier [0x7ff6bec6b86f+4b142f]
	KERNEL32!BaseThreadInitThunk [0x7fff8cc3e8d7+17]
	ntdll!RtlUserThreadStart [0x7fff8dbbc34c+2c]

2026-09-14 18:52:15,211 | INFO | [11/20] https://www.tiktok.com/@bychimai/video/7681307608233348370
2026-09-14 18:52:15,212 | INFO | Open video: https://www.tiktok.com/@bychimai/video/7681307608233348370
2026-09-14 18:52:15,217 | ERROR | Failed video: https://www.tiktok.com/@bychimai/video/7681307608233348370
Traceback (most recent call last):
  File "D:\TIỂU LUẬN CHUYÊN NGÀNH\TLCN-Travel\ingestion\tiktok\crawler_comments.py", line 1345, in main
    metadata = get_video_metadata(
        driver,
    ...<3 lines>...
        video_url
    )
  File "D:\TIỂU LUẬN CHUYÊN NGÀNH\TLCN-Travel\ingestion\tiktok\crawler_comments.py", line 358, in get_video_metadata
    driver.get(
    ~~~~~~~~~~^
        video_url
        ^^^^^^^^^
    )
    ^
  File "C:\Users\ASUS\AppData\Local\Programs\Python\Python313\Lib\site-packages\selenium\webdriver\remote\webdriver.py", line 526, in get
    self.execute(Command.GET, {"url": url})
    ~~~~~~~~~~~~^^^^^^^^^^^^^^^^^^^^^^^^^^^
  File "C:\Users\ASUS\AppData\Local\Programs\Python\Python313\Lib\site-packages\selenium\webdriver\remote\webdriver.py", line 506, in execute
    self.error_handler.check_response(response)
    ~~~~~~~~~~~~~~~~~~~~~~~~~~~~~~~~~^^^^^^^^^^
  File "C:\Users\ASUS\AppData\Local\Programs\Python\Python313\Lib\site-packages\selenium\webdriver\remote\errorhandler.py", line 232, in check_response
    raise exception_class(message, screen, stacktrace)
selenium.common.exceptions.InvalidSessionIdException: Message: invalid session id; For documentation on this error, please visit: https://www.selenium.dev/documentation/webdriver/troubleshooting/errors#invalidsessionidexception
Stacktrace:
	chromedriver!GetHandleVerifier [0x7ff6be7bff25+5ae5]
	chromedriver!(No symbol) [0x7ff6be6e2210]
	chromedriver!(No symbol) [0x7ff6be504896]
	chromedriver!(No symbol) [0x7ff6be551303]
	chromedriver!(No symbol) [0x7ff6be589802]
	chromedriver!(No symbol) [0x7ff6be5835d2]
	chromedriver!(No symbol) [0x7ff6be582d62]
	chromedriver!(No symbol) [0x7ff6be4ccddb]
	chromedriver!(No symbol) [0x7ff6be4cd432]
	chromedriver!(No symbol) [0x7ff6be4cda65]
	chromedriver!GetHandleVerifier [0x7ff6bebe4231+429df1]
	chromedriver!GetHandleVerifier [0x7ff6bec0fce7+4558a7]
	chromedriver!GetHandleVerifier [0x7ff6bec0413e+449cfe]
	chromedriver!GetHandleVerifier [0x7ff6be8bc9ce+10258e]
	chromedriver!(No symbol) [0x7ff6be6f0545]
	chromedriver!(No symbol) [0x7ff6be4cc20e]
	chromedriver!GetHandleVerifier [0x7ff6bec6b86f+4b142f]
	KERNEL32!BaseThreadInitThunk [0x7fff8cc3e8d7+17]
	ntdll!RtlUserThreadStart [0x7fff8dbbc34c+2c]

2026-09-14 18:52:15,221 | INFO | [12/20] https://www.tiktok.com/@hoangyen.shinetravel/video/7630455816352501012
2026-09-14 18:52:15,222 | INFO | Open video: https://www.tiktok.com/@hoangyen.shinetravel/video/7630455816352501012
2026-09-14 18:52:15,226 | ERROR | Failed video: https://www.tiktok.com/@hoangyen.shinetravel/video/7630455816352501012
Traceback (most recent call last):
  File "D:\TIỂU LUẬN CHUYÊN NGÀNH\TLCN-Travel\ingestion\tiktok\crawler_comments.py", line 1345, in main
    metadata = get_video_metadata(
        driver,
    ...<3 lines>...
        video_url
    )
  File "D:\TIỂU LUẬN CHUYÊN NGÀNH\TLCN-Travel\ingestion\tiktok\crawler_comments.py", line 358, in get_video_metadata
    driver.get(
    ~~~~~~~~~~^
        video_url
        ^^^^^^^^^
    )
    ^
  File "C:\Users\ASUS\AppData\Local\Programs\Python\Python313\Lib\site-packages\selenium\webdriver\remote\webdriver.py", line 526, in get
    self.execute(Command.GET, {"url": url})
    ~~~~~~~~~~~~^^^^^^^^^^^^^^^^^^^^^^^^^^^
  File "C:\Users\ASUS\AppData\Local\Programs\Python\Python313\Lib\site-packages\selenium\webdriver\remote\webdriver.py", line 506, in execute
    self.error_handler.check_response(response)
    ~~~~~~~~~~~~~~~~~~~~~~~~~~~~~~~~~^^^^^^^^^^
  File "C:\Users\ASUS\AppData\Local\Programs\Python\Python313\Lib\site-packages\selenium\webdriver\remote\errorhandler.py", line 232, in check_response
    raise exception_class(message, screen, stacktrace)
selenium.common.exceptions.InvalidSessionIdException: Message: invalid session id; For documentation on this error, please visit: https://www.selenium.dev/documentation/webdriver/troubleshooting/errors#invalidsessionidexception
Stacktrace:
	chromedriver!GetHandleVerifier [0x7ff6be7bff25+5ae5]
	chromedriver!(No symbol) [0x7ff6be6e2210]
	chromedriver!(No symbol) [0x7ff6be504896]
	chromedriver!(No symbol) [0x7ff6be551303]
	chromedriver!(No symbol) [0x7ff6be589802]
	chromedriver!(No symbol) [0x7ff6be5835d2]
	chromedriver!(No symbol) [0x7ff6be582d62]
	chromedriver!(No symbol) [0x7ff6be4ccddb]
	chromedriver!(No symbol) [0x7ff6be4cd432]
	chromedriver!(No symbol) [0x7ff6be4cda65]
	chromedriver!GetHandleVerifier [0x7ff6bebe4231+429df1]
	chromedriver!GetHandleVerifier [0x7ff6bec0fce7+4558a7]
	chromedriver!GetHandleVerifier [0x7ff6bec0413e+449cfe]
	chromedriver!GetHandleVerifier [0x7ff6be8bc9ce+10258e]
	chromedriver!(No symbol) [0x7ff6be6f0545]
	chromedriver!(No symbol) [0x7ff6be4cc20e]
	chromedriver!GetHandleVerifier [0x7ff6bec6b86f+4b142f]
	KERNEL32!BaseThreadInitThunk [0x7fff8cc3e8d7+17]
	ntdll!RtlUserThreadStart [0x7fff8dbbc34c+2c]

2026-09-14 18:52:15,231 | INFO | [13/20] https://www.tiktok.com/@canhdep.vithom/video/7671238023153077524
2026-09-14 18:52:15,235 | INFO | Open video: https://www.tiktok.com/@canhdep.vithom/video/7671238023153077524
2026-09-14 18:52:15,239 | ERROR | Failed video: https://www.tiktok.com/@canhdep.vithom/video/7671238023153077524
Traceback (most recent call last):
  File "D:\TIỂU LUẬN CHUYÊN NGÀNH\TLCN-Travel\ingestion\tiktok\crawler_comments.py", line 1345, in main
    metadata = get_video_metadata(
        driver,
    ...<3 lines>...
        video_url
    )
  File "D:\TIỂU LUẬN CHUYÊN NGÀNH\TLCN-Travel\ingestion\tiktok\crawler_comments.py", line 358, in get_video_metadata
    driver.get(
    ~~~~~~~~~~^
        video_url
        ^^^^^^^^^
    )
    ^
  File "C:\Users\ASUS\AppData\Local\Programs\Python\Python313\Lib\site-packages\selenium\webdriver\remote\webdriver.py", line 526, in get
    self.execute(Command.GET, {"url": url})
    ~~~~~~~~~~~~^^^^^^^^^^^^^^^^^^^^^^^^^^^
  File "C:\Users\ASUS\AppData\Local\Programs\Python\Python313\Lib\site-packages\selenium\webdriver\remote\webdriver.py", line 506, in execute
    self.error_handler.check_response(response)
    ~~~~~~~~~~~~~~~~~~~~~~~~~~~~~~~~~^^^^^^^^^^
  File "C:\Users\ASUS\AppData\Local\Programs\Python\Python313\Lib\site-packages\selenium\webdriver\remote\errorhandler.py", line 232, in check_response
    raise exception_class(message, screen, stacktrace)
selenium.common.exceptions.InvalidSessionIdException: Message: invalid session id; For documentation on this error, please visit: https://www.selenium.dev/documentation/webdriver/troubleshooting/errors#invalidsessionidexception
Stacktrace:
	chromedriver!GetHandleVerifier [0x7ff6be7bff25+5ae5]
	chromedriver!(No symbol) [0x7ff6be6e2210]
	chromedriver!(No symbol) [0x7ff6be504896]
	chromedriver!(No symbol) [0x7ff6be551303]
	chromedriver!(No symbol) [0x7ff6be589802]
	chromedriver!(No symbol) [0x7ff6be5835d2]
	chromedriver!(No symbol) [0x7ff6be582d62]
	chromedriver!(No symbol) [0x7ff6be4ccddb]
	chromedriver!(No symbol) [0x7ff6be4cd432]
	chromedriver!(No symbol) [0x7ff6be4cda65]
	chromedriver!GetHandleVerifier [0x7ff6bebe4231+429df1]
	chromedriver!GetHandleVerifier [0x7ff6bec0fce7+4558a7]
	chromedriver!GetHandleVerifier [0x7ff6bec0413e+449cfe]
	chromedriver!GetHandleVerifier [0x7ff6be8bc9ce+10258e]
	chromedriver!(No symbol) [0x7ff6be6f0545]
	chromedriver!(No symbol) [0x7ff6be4cc20e]
	chromedriver!GetHandleVerifier [0x7ff6bec6b86f+4b142f]
	KERNEL32!BaseThreadInitThunk [0x7fff8cc3e8d7+17]
	ntdll!RtlUserThreadStart [0x7fff8dbbc34c+2c]

2026-09-14 18:52:15,245 | INFO | [14/20] https://www.tiktok.com/@thuongodanang/video/7604092040615431442
2026-09-14 18:52:15,245 | INFO | Open video: https://www.tiktok.com/@thuongodanang/video/7604092040615431442
2026-09-14 18:52:15,253 | ERROR | Failed video: https://www.tiktok.com/@thuongodanang/video/7604092040615431442
Traceback (most recent call last):
  File "D:\TIỂU LUẬN CHUYÊN NGÀNH\TLCN-Travel\ingestion\tiktok\crawler_comments.py", line 1345, in main
    metadata = get_video_metadata(
        driver,
    ...<3 lines>...
        video_url
    )
  File "D:\TIỂU LUẬN CHUYÊN NGÀNH\TLCN-Travel\ingestion\tiktok\crawler_comments.py", line 358, in get_video_metadata
    driver.get(
    ~~~~~~~~~~^
        video_url
        ^^^^^^^^^
    )
    ^
  File "C:\Users\ASUS\AppData\Local\Programs\Python\Python313\Lib\site-packages\selenium\webdriver\remote\webdriver.py", line 526, in get
    self.execute(Command.GET, {"url": url})
    ~~~~~~~~~~~~^^^^^^^^^^^^^^^^^^^^^^^^^^^
  File "C:\Users\ASUS\AppData\Local\Programs\Python\Python313\Lib\site-packages\selenium\webdriver\remote\webdriver.py", line 506, in execute
    self.error_handler.check_response(response)
    ~~~~~~~~~~~~~~~~~~~~~~~~~~~~~~~~~^^^^^^^^^^
  File "C:\Users\ASUS\AppData\Local\Programs\Python\Python313\Lib\site-packages\selenium\webdriver\remote\errorhandler.py", line 232, in check_response
    raise exception_class(message, screen, stacktrace)
selenium.common.exceptions.InvalidSessionIdException: Message: invalid session id; For documentation on this error, please visit: https://www.selenium.dev/documentation/webdriver/troubleshooting/errors#invalidsessionidexception
Stacktrace:
	chromedriver!GetHandleVerifier [0x7ff6be7bff25+5ae5]
	chromedriver!(No symbol) [0x7ff6be6e2210]
	chromedriver!(No symbol) [0x7ff6be504896]
	chromedriver!(No symbol) [0x7ff6be551303]
	chromedriver!(No symbol) [0x7ff6be589802]
	chromedriver!(No symbol) [0x7ff6be5835d2]
	chromedriver!(No symbol) [0x7ff6be582d62]
	chromedriver!(No symbol) [0x7ff6be4ccddb]
	chromedriver!(No symbol) [0x7ff6be4cd432]
	chromedriver!(No symbol) [0x7ff6be4cda65]
	chromedriver!GetHandleVerifier [0x7ff6bebe4231+429df1]
	chromedriver!GetHandleVerifier [0x7ff6bec0fce7+4558a7]
	chromedriver!GetHandleVerifier [0x7ff6bec0413e+449cfe]
	chromedriver!GetHandleVerifier [0x7ff6be8bc9ce+10258e]
	chromedriver!(No symbol) [0x7ff6be6f0545]
	chromedriver!(No symbol) [0x7ff6be4cc20e]
	chromedriver!GetHandleVerifier [0x7ff6bec6b86f+4b142f]
	KERNEL32!BaseThreadInitThunk [0x7fff8cc3e8d7+17]
	ntdll!RtlUserThreadStart [0x7fff8dbbc34c+2c]

2026-09-14 18:52:15,258 | INFO | [15/20] https://www.tiktok.com/@dulichdanang24/video/7680578063473691925
2026-09-14 18:52:15,259 | INFO | Open video: https://www.tiktok.com/@dulichdanang24/video/7680578063473691925
2026-09-14 18:52:15,270 | ERROR | Failed video: https://www.tiktok.com/@dulichdanang24/video/7680578063473691925
Traceback (most recent call last):
  File "D:\TIỂU LUẬN CHUYÊN NGÀNH\TLCN-Travel\ingestion\tiktok\crawler_comments.py", line 1345, in main
    metadata = get_video_metadata(
        driver,
    ...<3 lines>...
        video_url
    )
  File "D:\TIỂU LUẬN CHUYÊN NGÀNH\TLCN-Travel\ingestion\tiktok\crawler_comments.py", line 358, in get_video_metadata
    driver.get(
    ~~~~~~~~~~^
        video_url
        ^^^^^^^^^
    )
    ^
  File "C:\Users\ASUS\AppData\Local\Programs\Python\Python313\Lib\site-packages\selenium\webdriver\remote\webdriver.py", line 526, in get
    self.execute(Command.GET, {"url": url})
    ~~~~~~~~~~~~^^^^^^^^^^^^^^^^^^^^^^^^^^^
  File "C:\Users\ASUS\AppData\Local\Programs\Python\Python313\Lib\site-packages\selenium\webdriver\remote\webdriver.py", line 506, in execute
    self.error_handler.check_response(response)
    ~~~~~~~~~~~~~~~~~~~~~~~~~~~~~~~~~^^^^^^^^^^
  File "C:\Users\ASUS\AppData\Local\Programs\Python\Python313\Lib\site-packages\selenium\webdriver\remote\errorhandler.py", line 232, in check_response
    raise exception_class(message, screen, stacktrace)
selenium.common.exceptions.InvalidSessionIdException: Message: invalid session id; For documentation on this error, please visit: https://www.selenium.dev/documentation/webdriver/troubleshooting/errors#invalidsessionidexception
Stacktrace:
	chromedriver!GetHandleVerifier [0x7ff6be7bff25+5ae5]
	chromedriver!(No symbol) [0x7ff6be6e2210]
	chromedriver!(No symbol) [0x7ff6be504896]
	chromedriver!(No symbol) [0x7ff6be551303]
	chromedriver!(No symbol) [0x7ff6be589802]
	chromedriver!(No symbol) [0x7ff6be5835d2]
	chromedriver!(No symbol) [0x7ff6be582d62]
	chromedriver!(No symbol) [0x7ff6be4ccddb]
	chromedriver!(No symbol) [0x7ff6be4cd432]
	chromedriver!(No symbol) [0x7ff6be4cda65]
	chromedriver!GetHandleVerifier [0x7ff6bebe4231+429df1]
	chromedriver!GetHandleVerifier [0x7ff6bec0fce7+4558a7]
	chromedriver!GetHandleVerifier [0x7ff6bec0413e+449cfe]
	chromedriver!GetHandleVerifier [0x7ff6be8bc9ce+10258e]
	chromedriver!(No symbol) [0x7ff6be6f0545]
	chromedriver!(No symbol) [0x7ff6be4cc20e]
	chromedriver!GetHandleVerifier [0x7ff6bec6b86f+4b142f]
	KERNEL32!BaseThreadInitThunk [0x7fff8cc3e8d7+17]
	ntdll!RtlUserThreadStart [0x7fff8dbbc34c+2c]

2026-09-14 18:52:15,282 | INFO | [16/20] https://www.tiktok.com/@dulichdanang24/video/7679869481505672469
2026-09-14 18:52:15,285 | INFO | Open video: https://www.tiktok.com/@dulichdanang24/video/7679869481505672469
2026-09-14 18:52:15,295 | ERROR | Failed video: https://www.tiktok.com/@dulichdanang24/video/7679869481505672469
Traceback (most recent call last):
  File "D:\TIỂU LUẬN CHUYÊN NGÀNH\TLCN-Travel\ingestion\tiktok\crawler_comments.py", line 1345, in main
    metadata = get_video_metadata(
        driver,
    ...<3 lines>...
        video_url
    )
  File "D:\TIỂU LUẬN CHUYÊN NGÀNH\TLCN-Travel\ingestion\tiktok\crawler_comments.py", line 358, in get_video_metadata
    driver.get(
    ~~~~~~~~~~^
        video_url
        ^^^^^^^^^
    )
    ^
  File "C:\Users\ASUS\AppData\Local\Programs\Python\Python313\Lib\site-packages\selenium\webdriver\remote\webdriver.py", line 526, in get
    self.execute(Command.GET, {"url": url})
    ~~~~~~~~~~~~^^^^^^^^^^^^^^^^^^^^^^^^^^^
  File "C:\Users\ASUS\AppData\Local\Programs\Python\Python313\Lib\site-packages\selenium\webdriver\remote\webdriver.py", line 506, in execute
    self.error_handler.check_response(response)
    ~~~~~~~~~~~~~~~~~~~~~~~~~~~~~~~~~^^^^^^^^^^
  File "C:\Users\ASUS\AppData\Local\Programs\Python\Python313\Lib\site-packages\selenium\webdriver\remote\errorhandler.py", line 232, in check_response
    raise exception_class(message, screen, stacktrace)
selenium.common.exceptions.InvalidSessionIdException: Message: invalid session id; For documentation on this error, please visit: https://www.selenium.dev/documentation/webdriver/troubleshooting/errors#invalidsessionidexception
Stacktrace:
	chromedriver!GetHandleVerifier [0x7ff6be7bff25+5ae5]
	chromedriver!(No symbol) [0x7ff6be6e2210]
	chromedriver!(No symbol) [0x7ff6be504896]
	chromedriver!(No symbol) [0x7ff6be551303]
	chromedriver!(No symbol) [0x7ff6be589802]
	chromedriver!(No symbol) [0x7ff6be5835d2]
	chromedriver!(No symbol) [0x7ff6be582d62]
	chromedriver!(No symbol) [0x7ff6be4ccddb]
	chromedriver!(No symbol) [0x7ff6be4cd432]
	chromedriver!(No symbol) [0x7ff6be4cda65]
	chromedriver!GetHandleVerifier [0x7ff6bebe4231+429df1]
	chromedriver!GetHandleVerifier [0x7ff6bec0fce7+4558a7]
	chromedriver!GetHandleVerifier [0x7ff6bec0413e+449cfe]
	chromedriver!GetHandleVerifier [0x7ff6be8bc9ce+10258e]
	chromedriver!(No symbol) [0x7ff6be6f0545]
	chromedriver!(No symbol) [0x7ff6be4cc20e]
	chromedriver!GetHandleVerifier [0x7ff6bec6b86f+4b142f]
	KERNEL32!BaseThreadInitThunk [0x7fff8cc3e8d7+17]
	ntdll!RtlUserThreadStart [0x7fff8dbbc34c+2c]

2026-09-14 18:52:15,303 | INFO | [17/20] https://www.tiktok.com/@dulichdanang24/video/7684685781293698325
2026-09-14 18:52:15,307 | INFO | Open video: https://www.tiktok.com/@dulichdanang24/video/7684685781293698325
2026-09-14 18:52:15,314 | ERROR | Failed video: https://www.tiktok.com/@dulichdanang24/video/7684685781293698325
Traceback (most recent call last):
  File "D:\TIỂU LUẬN CHUYÊN NGÀNH\TLCN-Travel\ingestion\tiktok\crawler_comments.py", line 1345, in main
    metadata = get_video_metadata(
        driver,
    ...<3 lines>...
        video_url
    )
  File "D:\TIỂU LUẬN CHUYÊN NGÀNH\TLCN-Travel\ingestion\tiktok\crawler_comments.py", line 358, in get_video_metadata
    driver.get(
    ~~~~~~~~~~^
        video_url
        ^^^^^^^^^
    )
    ^
  File "C:\Users\ASUS\AppData\Local\Programs\Python\Python313\Lib\site-packages\selenium\webdriver\remote\webdriver.py", line 526, in get
    self.execute(Command.GET, {"url": url})
    ~~~~~~~~~~~~^^^^^^^^^^^^^^^^^^^^^^^^^^^
  File "C:\Users\ASUS\AppData\Local\Programs\Python\Python313\Lib\site-packages\selenium\webdriver\remote\webdriver.py", line 506, in execute
    self.error_handler.check_response(response)
    ~~~~~~~~~~~~~~~~~~~~~~~~~~~~~~~~~^^^^^^^^^^
  File "C:\Users\ASUS\AppData\Local\Programs\Python\Python313\Lib\site-packages\selenium\webdriver\remote\errorhandler.py", line 232, in check_response
    raise exception_class(message, screen, stacktrace)
selenium.common.exceptions.InvalidSessionIdException: Message: invalid session id; For documentation on this error, please visit: https://www.selenium.dev/documentation/webdriver/troubleshooting/errors#invalidsessionidexception
Stacktrace:
	chromedriver!GetHandleVerifier [0x7ff6be7bff25+5ae5]
	chromedriver!(No symbol) [0x7ff6be6e2210]
	chromedriver!(No symbol) [0x7ff6be504896]
	chromedriver!(No symbol) [0x7ff6be551303]
	chromedriver!(No symbol) [0x7ff6be589802]
	chromedriver!(No symbol) [0x7ff6be5835d2]
	chromedriver!(No symbol) [0x7ff6be582d62]
	chromedriver!(No symbol) [0x7ff6be4ccddb]
	chromedriver!(No symbol) [0x7ff6be4cd432]
	chromedriver!(No symbol) [0x7ff6be4cda65]
	chromedriver!GetHandleVerifier [0x7ff6bebe4231+429df1]
	chromedriver!GetHandleVerifier [0x7ff6bec0fce7+4558a7]
	chromedriver!GetHandleVerifier [0x7ff6bec0413e+449cfe]
	chromedriver!GetHandleVerifier [0x7ff6be8bc9ce+10258e]
	chromedriver!(No symbol) [0x7ff6be6f0545]
	chromedriver!(No symbol) [0x7ff6be4cc20e]
	chromedriver!GetHandleVerifier [0x7ff6bec6b86f+4b142f]
	KERNEL32!BaseThreadInitThunk [0x7fff8cc3e8d7+17]
	ntdll!RtlUserThreadStart [0x7fff8dbbc34c+2c]

2026-09-14 18:52:15,321 | INFO | [18/20] https://www.tiktok.com/@dulichdanang24/video/7680979631213661460
2026-09-14 18:52:15,322 | INFO | Open video: https://www.tiktok.com/@dulichdanang24/video/7680979631213661460
2026-09-14 18:52:15,329 | ERROR | Failed video: https://www.tiktok.com/@dulichdanang24/video/7680979631213661460
Traceback (most recent call last):
  File "D:\TIỂU LUẬN CHUYÊN NGÀNH\TLCN-Travel\ingestion\tiktok\crawler_comments.py", line 1345, in main
    metadata = get_video_metadata(
        driver,
    ...<3 lines>...
        video_url
    )
  File "D:\TIỂU LUẬN CHUYÊN NGÀNH\TLCN-Travel\ingestion\tiktok\crawler_comments.py", line 358, in get_video_metadata
    driver.get(
    ~~~~~~~~~~^
        video_url
        ^^^^^^^^^
    )
    ^
  File "C:\Users\ASUS\AppData\Local\Programs\Python\Python313\Lib\site-packages\selenium\webdriver\remote\webdriver.py", line 526, in get
    self.execute(Command.GET, {"url": url})
    ~~~~~~~~~~~~^^^^^^^^^^^^^^^^^^^^^^^^^^^
  File "C:\Users\ASUS\AppData\Local\Programs\Python\Python313\Lib\site-packages\selenium\webdriver\remote\webdriver.py", line 506, in execute
    self.error_handler.check_response(response)
    ~~~~~~~~~~~~~~~~~~~~~~~~~~~~~~~~~^^^^^^^^^^
  File "C:\Users\ASUS\AppData\Local\Programs\Python\Python313\Lib\site-packages\selenium\webdriver\remote\errorhandler.py", line 232, in check_response
    raise exception_class(message, screen, stacktrace)
selenium.common.exceptions.InvalidSessionIdException: Message: invalid session id; For documentation on this error, please visit: https://www.selenium.dev/documentation/webdriver/troubleshooting/errors#invalidsessionidexception
Stacktrace:
	chromedriver!GetHandleVerifier [0x7ff6be7bff25+5ae5]
	chromedriver!(No symbol) [0x7ff6be6e2210]
	chromedriver!(No symbol) [0x7ff6be504896]
	chromedriver!(No symbol) [0x7ff6be551303]
	chromedriver!(No symbol) [0x7ff6be589802]
	chromedriver!(No symbol) [0x7ff6be5835d2]
	chromedriver!(No symbol) [0x7ff6be582d62]
	chromedriver!(No symbol) [0x7ff6be4ccddb]
	chromedriver!(No symbol) [0x7ff6be4cd432]
	chromedriver!(No symbol) [0x7ff6be4cda65]
	chromedriver!GetHandleVerifier [0x7ff6bebe4231+429df1]
	chromedriver!GetHandleVerifier [0x7ff6bec0fce7+4558a7]
	chromedriver!GetHandleVerifier [0x7ff6bec0413e+449cfe]
	chromedriver!GetHandleVerifier [0x7ff6be8bc9ce+10258e]
	chromedriver!(No symbol) [0x7ff6be6f0545]
	chromedriver!(No symbol) [0x7ff6be4cc20e]
	chromedriver!GetHandleVerifier [0x7ff6bec6b86f+4b142f]
	KERNEL32!BaseThreadInitThunk [0x7fff8cc3e8d7+17]
	ntdll!RtlUserThreadStart [0x7fff8dbbc34c+2c]

2026-09-14 18:52:15,334 | INFO | [19/20] https://www.tiktok.com/@alo.nng.nghe3/video/7652592505845730578
2026-09-14 18:52:15,336 | INFO | Open video: https://www.tiktok.com/@alo.nng.nghe3/video/7652592505845730578
2026-09-14 18:52:15,345 | ERROR | Failed video: https://www.tiktok.com/@alo.nng.nghe3/video/7652592505845730578
Traceback (most recent call last):
  File "D:\TIỂU LUẬN CHUYÊN NGÀNH\TLCN-Travel\ingestion\tiktok\crawler_comments.py", line 1345, in main
    metadata = get_video_metadata(
        driver,
    ...<3 lines>...
        video_url
    )
  File "D:\TIỂU LUẬN CHUYÊN NGÀNH\TLCN-Travel\ingestion\tiktok\crawler_comments.py", line 358, in get_video_metadata
    driver.get(
    ~~~~~~~~~~^
        video_url
        ^^^^^^^^^
    )
    ^
  File "C:\Users\ASUS\AppData\Local\Programs\Python\Python313\Lib\site-packages\selenium\webdriver\remote\webdriver.py", line 526, in get
    self.execute(Command.GET, {"url": url})
    ~~~~~~~~~~~~^^^^^^^^^^^^^^^^^^^^^^^^^^^
  File "C:\Users\ASUS\AppData\Local\Programs\Python\Python313\Lib\site-packages\selenium\webdriver\remote\webdriver.py", line 506, in execute
    self.error_handler.check_response(response)
    ~~~~~~~~~~~~~~~~~~~~~~~~~~~~~~~~~^^^^^^^^^^
  File "C:\Users\ASUS\AppData\Local\Programs\Python\Python313\Lib\site-packages\selenium\webdriver\remote\errorhandler.py", line 232, in check_response
    raise exception_class(message, screen, stacktrace)
selenium.common.exceptions.InvalidSessionIdException: Message: invalid session id; For documentation on this error, please visit: https://www.selenium.dev/documentation/webdriver/troubleshooting/errors#invalidsessionidexception
Stacktrace:
	chromedriver!GetHandleVerifier [0x7ff6be7bff25+5ae5]
	chromedriver!(No symbol) [0x7ff6be6e2210]
	chromedriver!(No symbol) [0x7ff6be504896]
	chromedriver!(No symbol) [0x7ff6be551303]
	chromedriver!(No symbol) [0x7ff6be589802]
	chromedriver!(No symbol) [0x7ff6be5835d2]
	chromedriver!(No symbol) [0x7ff6be582d62]
	chromedriver!(No symbol) [0x7ff6be4ccddb]
	chromedriver!(No symbol) [0x7ff6be4cd432]
	chromedriver!(No symbol) [0x7ff6be4cda65]
	chromedriver!GetHandleVerifier [0x7ff6bebe4231+429df1]
	chromedriver!GetHandleVerifier [0x7ff6bec0fce7+4558a7]
	chromedriver!GetHandleVerifier [0x7ff6bec0413e+449cfe]
	chromedriver!GetHandleVerifier [0x7ff6be8bc9ce+10258e]
	chromedriver!(No symbol) [0x7ff6be6f0545]
	chromedriver!(No symbol) [0x7ff6be4cc20e]
	chromedriver!GetHandleVerifier [0x7ff6bec6b86f+4b142f]
	KERNEL32!BaseThreadInitThunk [0x7fff8cc3e8d7+17]
	ntdll!RtlUserThreadStart [0x7fff8dbbc34c+2c]

2026-09-14 18:52:15,351 | INFO | [20/20] https://www.tiktok.com/@thuexemaydanang43hovy/video/7628220945903144213
2026-09-14 18:52:15,353 | INFO | Open video: https://www.tiktok.com/@thuexemaydanang43hovy/video/7628220945903144213
2026-09-14 18:52:15,360 | ERROR | Failed video: https://www.tiktok.com/@thuexemaydanang43hovy/video/7628220945903144213
Traceback (most recent call last):
  File "D:\TIỂU LUẬN CHUYÊN NGÀNH\TLCN-Travel\ingestion\tiktok\crawler_comments.py", line 1345, in main
    metadata = get_video_metadata(
        driver,
    ...<3 lines>...
        video_url
    )
  File "D:\TIỂU LUẬN CHUYÊN NGÀNH\TLCN-Travel\ingestion\tiktok\crawler_comments.py", line 358, in get_video_metadata
    driver.get(
    ~~~~~~~~~~^
        video_url
        ^^^^^^^^^
    )
    ^
  File "C:\Users\ASUS\AppData\Local\Programs\Python\Python313\Lib\site-packages\selenium\webdriver\remote\webdriver.py", line 526, in get
    self.execute(Command.GET, {"url": url})
    ~~~~~~~~~~~~^^^^^^^^^^^^^^^^^^^^^^^^^^^
  File "C:\Users\ASUS\AppData\Local\Programs\Python\Python313\Lib\site-packages\selenium\webdriver\remote\webdriver.py", line 506, in execute
    self.error_handler.check_response(response)
    ~~~~~~~~~~~~~~~~~~~~~~~~~~~~~~~~~^^^^^^^^^^
  File "C:\Users\ASUS\AppData\Local\Programs\Python\Python313\Lib\site-packages\selenium\webdriver\remote\errorhandler.py", line 232, in check_response
    raise exception_class(message, screen, stacktrace)
selenium.common.exceptions.InvalidSessionIdException: Message: invalid session id; For documentation on this error, please visit: https://www.selenium.dev/documentation/webdriver/troubleshooting/errors#invalidsessionidexception
Stacktrace:
	chromedriver!GetHandleVerifier [0x7ff6be7bff25+5ae5]
	chromedriver!(No symbol) [0x7ff6be6e2210]
	chromedriver!(No symbol) [0x7ff6be504896]
	chromedriver!(No symbol) [0x7ff6be551303]
	chromedriver!(No symbol) [0x7ff6be589802]
	chromedriver!(No symbol) [0x7ff6be5835d2]
	chromedriver!(No symbol) [0x7ff6be582d62]
	chromedriver!(No symbol) [0x7ff6be4ccddb]
	chromedriver!(No symbol) [0x7ff6be4cd432]
	chromedriver!(No symbol) [0x7ff6be4cda65]
	chromedriver!GetHandleVerifier [0x7ff6bebe4231+429df1]
	chromedriver!GetHandleVerifier [0x7ff6bec0fce7+4558a7]
	chromedriver!GetHandleVerifier [0x7ff6bec0413e+449cfe]
	chromedriver!GetHandleVerifier [0x7ff6be8bc9ce+10258e]
	chromedriver!(No symbol) [0x7ff6be6f0545]
	chromedriver!(No symbol) [0x7ff6be4cc20e]
	chromedriver!GetHandleVerifier [0x7ff6bec6b86f+4b142f]
	KERNEL32!BaseThreadInitThunk [0x7fff8cc3e8d7+17]
	ntdll!RtlUserThreadStart [0x7fff8dbbc34c+2c]

2026-09-14 18:52:18,374 | INFO | Saved JSON: D:\TIỂU LUẬN CHUYÊN NGÀNH\TLCN-Travel\data\raw\tiktok\tiktok_metadata_comments.json
2026-09-14 18:52:18,374 | INFO | Finished. Videos: 7
2026-09-15 15:47:13,446 | INFO | ======================================
2026-09-15 15:47:13,447 | INFO | TikTok metadata + comments crawler
2026-09-15 15:47:13,447 | INFO | ======================================
2026-09-15 15:47:16,706 | INFO | Searching: du lịch Đà Nẵng
2026-09-15 15:47:28,676 | INFO | Search round 1 | videos: 12
2026-09-15 15:47:31,833 | INFO | Search round 2 | videos: 12
2026-09-15 15:47:36,662 | INFO | Keyword 'du lịch Đà Nẵng': 12 videos
2026-09-15 15:47:36,667 | INFO | [1/12] https://www.tiktok.com/@tep2002_/video/7631957597859482901
2026-09-15 15:47:36,672 | INFO | Open video: https://www.tiktok.com/@tep2002_/video/7631957597859482901
2026-09-15 15:47:45,913 | INFO | ======================================
2026-09-15 15:47:45,914 | INFO | START COMMENT CRAWLING
2026-09-15 15:47:45,914 | INFO | ======================================
2026-09-15 15:47:45,914 | INFO | Opening TikTok comment panel...
2026-09-15 15:47:45,934 | INFO | Selector [data-e2e="comment-icon"] -> 1 elements
2026-09-15 15:47:47,241 | INFO | Clicked comment button: [data-e2e="comment-icon"]
2026-09-15 15:47:50,278 | INFO | Comment DOM loaded: [data-e2e="comment-level-1"] | 20 elements
2026-09-15 15:47:50,304 | INFO | Round 1 | DOM comments: 20
2026-09-15 15:47:50,385 | INFO | Comment 1/50: Tui dân Đà Nẵng nè, có thể ăn sáng bằng mỳ quảng 7 ngày trong tuần. Mỗi ngày mỗi quán cách nấu khác 
2026-09-15 15:47:50,443 | INFO | Comment 2/50: ăn ở chợ dở vãii, các bà ghé đặc sản trần ăn sạch sẽ, đầy đặn nên tính ra rẻ hơn ở chợ nhé
2026-09-15 15:47:50,507 | INFO | Comment 3/50: Mì quảng dung này cũng siêu ngon mà đông lắm luôn
2026-09-15 15:47:50,567 | INFO | Comment 4/50: Mì quảng bà Dinh ngọt liệm. Ko ngon nhé
2026-09-15 15:47:50,619 | INFO | Comment 5/50: Bánh tráng thịt heo ĐN ở đâu ok nhất v ạ
2026-09-15 15:47:50,665 | INFO | Comment 6/50: 10k 1 chén bánh bèo á 😳😳😳, thiệt hay giỡn
2026-09-15 15:47:50,713 | INFO | Comment 7/50: Mỳ quảng bà dinh bán tối k b
2026-09-15 15:47:51,012 | INFO | Comment 8/50: Đà Nẵng - Hội An - Bà Nà - Huế • Xe 4 chỗ: 2.2.9 cá • xe 7 chỗ : 2.7.9 cá • xe 16 chỗ : 4.1.9 cá Cal
2026-09-15 15:47:51,098 | INFO | Comment 9/50: Xe du lịch Đà Nẵng - Hội An - Bà Nà - Huế chỉ từ: Đà Nẵng - Hội An xe 4 chỗ : 2.1.9k Đà Nẵng - Hội A
2026-09-15 15:47:51,166 | INFO | Comment 10/50: Bánh xèo cô Ba với bánh xèo bà Dưỡng quán nào okela hơn vậy mn???
2026-09-15 15:47:51,252 | INFO | Comment 11/50: 𝗫𝗲 Đà 𝐍ẵ𝐧𝐠 - 𝐇ộ𝐢 𝐀𝐧 - 𝐁à 𝐍à - 𝐇𝐮ế 🌿Xe 4 chỗ giá 219k 1 chiều ( bao xe ) 🌿Xe 7 chỗ giá 269k 1 chiều (
2026-09-15 15:47:51,322 | INFO | Comment 12/50: Mình xin quán ăn hải sản ngon để đem gia đình đi ạ, thành tâm xin rì viu chân thật ạ
2026-09-15 15:47:51,387 | INFO | Comment 13/50: Rcm mấy bà ăn cá đuối nướng ở ĐN đi ngon lắm
2026-09-15 15:47:51,454 | INFO | Comment 14/50: Quán này mẹ của chủ shop
2026-09-15 15:47:51,520 | INFO | Comment 15/50: mng cho em hỏi đi ĐN nên ở khu nào thì dễ di chuyển và tiện nhất ạ
2026-09-15 15:47:51,572 | INFO | Comment 16/50: Xe du lịch Đà Nẵng - Hội An - Bà Nà - Huế Đà Nẵng - Hội An xe 4 chỗ : 2.1.9k Đà Nẵng - Hội An xe 7 c
2026-09-15 15:47:51,629 | INFO | Comment 17/50: Đi ĐN thì ở khu nào là tiện, gần biển ạ
2026-09-15 15:47:51,680 | INFO | Comment 18/50: bánh tráng cuốn thịt heo ở quán bi mỹ nghe mng rv mà ăn k có hợp thấy mặn sao á
2026-09-15 15:47:51,732 | INFO | Comment 19/50: Mình vô ăn bánh tráng Đại Lộc với hải sản Mộc ngon nhé !😋
2026-09-15 15:47:51,785 | INFO | Comment 20/50: 𝗫𝗲 Đà 𝐍ẵ𝐧𝐠 - 𝐇ộ𝐢 𝐀𝐧 - 𝐁à 𝐍à - 𝐇𝐮ế 🌿Xe 4 chỗ giá 219k 1 chiều ( bao xe ) 🌿Xe 7 chỗ giá 269k 1 chiều (
2026-09-15 15:47:51,786 | INFO | DOM growth: 0 -> 20
2026-09-15 15:47:51,799 | INFO | Scroll mode: NO_COMMENT
2026-09-15 15:47:54,976 | INFO | Round 2 | DOM comments: 20
2026-09-15 15:47:56,522 | INFO | DOM growth: 20 -> 20
2026-09-15 15:47:56,534 | INFO | Scroll mode: NO_COMMENT
2026-09-15 15:47:59,973 | INFO | Round 3 | DOM comments: 20
2026-09-15 15:48:01,038 | INFO | DOM growth: 20 -> 20
2026-09-15 15:48:01,054 | INFO | Scroll mode: NO_COMMENT
2026-09-15 15:48:03,607 | INFO | Round 4 | DOM comments: 20
2026-09-15 15:48:04,969 | INFO | DOM growth: 20 -> 20
2026-09-15 15:48:04,982 | INFO | Scroll mode: NO_COMMENT
2026-09-15 15:48:08,416 | INFO | Round 5 | DOM comments: 20
2026-09-15 15:48:09,900 | INFO | DOM growth: 20 -> 20
2026-09-15 15:48:09,914 | INFO | Scroll mode: NO_COMMENT
2026-09-15 15:48:13,667 | INFO | Round 6 | DOM comments: 20
2026-09-15 15:48:14,916 | INFO | No new comments after 5 rounds.
2026-09-15 15:48:14,917 | INFO | ======================================
2026-09-15 15:48:14,917 | INFO | COMMENT RESULT: 20/50
2026-09-15 15:48:14,917 | INFO | ======================================
2026-09-15 15:48:14,918 | INFO | Saved JSON: D:\TIỂU LUẬN CHUYÊN NGÀNH\TLCN-Travel\data\raw\tiktok\tiktok_metadata_comments.json
2026-09-15 15:48:14,918 | INFO | Done: 20 comments
2026-09-15 15:48:18,925 | INFO | [2/12] https://www.tiktok.com/@nhungbanahill/video/7669031107911863573
2026-09-15 15:48:18,928 | INFO | Open video: https://www.tiktok.com/@nhungbanahill/video/7669031107911863573
2026-09-15 15:48:30,552 | INFO | ======================================
2026-09-15 15:48:30,552 | INFO | START COMMENT CRAWLING
2026-09-15 15:48:30,552 | INFO | ======================================
2026-09-15 15:48:30,553 | INFO | Opening TikTok comment panel...
2026-09-15 15:48:30,571 | INFO | Selector [data-e2e="comment-icon"] -> 1 elements
2026-09-15 15:48:31,842 | INFO | Clicked comment button: [data-e2e="comment-icon"]
2026-09-15 15:48:34,873 | INFO | Comment DOM loaded: [data-e2e="comment-level-1"] | 20 elements
2026-09-15 15:48:34,899 | INFO | Round 1 | DOM comments: 20
2026-09-15 15:48:34,949 | INFO | Comment 1/50: cho mình xin giá 2 ngươig
2026-09-15 15:48:35,000 | INFO | Comment 2/50: Tour này giá bn/ng ạ
2026-09-15 15:48:35,054 | INFO | Comment 3/50: Em ơi, 29/8 đi rừng dừa buổi chiều xong vào hội an có oki em
2026-09-15 15:48:35,105 | INFO | Comment 4/50: Ibi chị nhé
2026-09-15 15:48:35,168 | INFO | Comment 5/50: xin thông tin tour
2026-09-15 15:48:35,227 | INFO | Comment 6/50: E xin giá tour 1 ng lớn 1 trẻ em ạ
2026-09-15 15:48:35,282 | INFO | Comment 7/50: bn vậy bn
2026-09-15 15:48:35,329 | INFO | Comment 8/50: Xin giá 2 ng ngày 29
2026-09-15 15:48:35,380 | INFO | Comment 9/50: xin giá tour
2026-09-15 15:48:35,433 | INFO | Comment 10/50: Bn 1 ng vậy c
2026-09-15 15:48:35,485 | INFO | Comment 11/50: Cho mh xin vé 2ng
2026-09-15 15:48:35,576 | INFO | Comment 12/50: Tour này nhiều 1 người
2026-09-15 15:48:35,640 | INFO | Comment 13/50: .. tư vấn em ah
2026-09-15 15:48:35,696 | INFO | Comment 14/50: Ib
2026-09-15 15:48:35,750 | INFO | Comment 15/50: Đây là tự đi hay theo tour vậy ạ
2026-09-15 15:48:35,802 | INFO | Comment 16/50: Xin giá
2026-09-15 15:48:35,854 | INFO | Comment 17/50: Cho mình xin giá ạ
2026-09-15 15:48:35,902 | INFO | Comment 18/50: Đi từ ĐN cho giá
2026-09-15 15:48:35,962 | INFO | Comment 19/50: xin giá tua ạ
2026-09-15 15:48:36,016 | INFO | Comment 20/50: Xin giá tour bao nhiêu
2026-09-15 15:48:36,017 | INFO | DOM growth: 0 -> 20
2026-09-15 15:48:36,028 | INFO | Scroll mode: NO_COMMENT
2026-09-15 15:48:39,684 | INFO | Round 2 | DOM comments: 20
2026-09-15 15:48:41,098 | INFO | DOM growth: 20 -> 20
2026-09-15 15:48:41,112 | INFO | Scroll mode: NO_COMMENT
2026-09-15 15:48:43,673 | INFO | Round 3 | DOM comments: 20
2026-09-15 15:48:44,918 | INFO | DOM growth: 20 -> 20
2026-09-15 15:48:44,928 | INFO | Scroll mode: NO_COMMENT
2026-09-15 15:48:47,936 | INFO | Round 4 | DOM comments: 20
2026-09-15 15:48:48,775 | INFO | DOM growth: 20 -> 20
2026-09-15 15:48:48,784 | INFO | Scroll mode: NO_COMMENT
2026-09-15 15:48:52,639 | INFO | Round 5 | DOM comments: 20
2026-09-15 15:48:53,584 | INFO | DOM growth: 20 -> 20
2026-09-15 15:48:53,591 | INFO | Scroll mode: NO_COMMENT
2026-09-15 15:48:57,262 | INFO | Round 6 | DOM comments: 20
2026-09-15 15:48:58,119 | INFO | No new comments after 5 rounds.
2026-09-15 15:48:58,120 | INFO | ======================================
2026-09-15 15:48:58,120 | INFO | COMMENT RESULT: 20/50
2026-09-15 15:48:58,120 | INFO | ======================================
2026-09-15 15:48:58,122 | INFO | Saved JSON: D:\TIỂU LUẬN CHUYÊN NGÀNH\TLCN-Travel\data\raw\tiktok\tiktok_metadata_comments.json
2026-09-15 15:48:58,123 | INFO | Done: 20 comments
2026-09-15 15:49:01,777 | INFO | [3/12] https://www.tiktok.com/@danangne24/video/7672639199597661447
2026-09-15 15:49:01,778 | INFO | Open video: https://www.tiktok.com/@danangne24/video/7672639199597661447
2026-09-15 15:49:14,583 | INFO | ======================================
2026-09-15 15:49:14,583 | INFO | START COMMENT CRAWLING
2026-09-15 15:49:14,584 | INFO | ======================================
2026-09-15 15:49:14,584 | INFO | Opening TikTok comment panel...
2026-09-15 15:49:14,605 | INFO | Selector [data-e2e="comment-icon"] -> 1 elements
2026-09-15 15:49:15,815 | INFO | Clicked comment button: [data-e2e="comment-icon"]
2026-09-15 15:49:18,849 | INFO | Comment DOM loaded: [data-e2e="comment-level-1"] | 19 elements
2026-09-15 15:49:18,875 | INFO | Round 1 | DOM comments: 19
2026-09-15 15:49:18,988 | INFO | Comment 1/50: Chợ Cồn đông, chật chội, bí bách, bẩn đã trải nghiệm.
2026-09-15 15:49:19,030 | INFO | Comment 2/50: mình sắp đi Đà Nẵng, cả nhà cho mình hỏi muốn mua khô mực, khô cá, và các món ăn đặc sản về làm quà,
2026-09-15 15:49:19,075 | INFO | Comment 3/50: chợ đêm đà nẵng máy xay thịt chứ đừng nói máy chém
2026-09-15 15:49:19,118 | INFO | Comment 4/50: Ê vô chợ cồn ăn dĩa ốc hút thập cẩm 100K 😏😏😏
2026-09-15 15:49:19,158 | INFO | Comment 5/50: T sống ở đn đây, lâu lâu ghé chợ cồn mà thấy bán đồ ăn đắt dêc sợ luôn. Bữa ăn bánh bèo bánh ít trún
2026-09-15 15:49:19,214 | INFO | Comment 6/50: Aiii đi rồi xin cái rì ziuuu
2026-09-15 15:49:19,274 | INFO | Comment 7/50: Chợ cồn vẫn là chân ái , đồ ngonnn , mình góp ý các bạn nên thamm quan đi Xee nhà mìnhh nè hihi
2026-09-15 15:49:19,317 | INFO | Comment 8/50: Muốn ăn gì thì kiếm quán mà ăn chứ ko nên vào chợ đâu 😌
2026-09-15 15:49:19,364 | INFO | Comment 9/50: Ẩm thực chợ cồn bao dở 😂
2026-09-15 15:49:19,405 | INFO | Comment 10/50: Chợ mai sơn trà ngon
2026-09-15 15:49:19,445 | INFO | Comment 11/50: Chợ đêm sơn trà khuyên mọi người ko đi . Đồ ăn dởn tệ hải sản thì ôi ko tươi mà giá thì cao , dù bt 
2026-09-15 15:49:19,485 | INFO | Comment 12/50: T nói rồi . Ở đâu cũng vậy toàn dân ở đó vào chê là đó khu du lịch đắt với dỡ . Còn lại thì chê đó r
2026-09-15 15:49:19,530 | INFO | Comment 13/50: Mỗi T thấy sợ ngồi quán quá lâu vì sợ chửi
2026-09-15 15:49:19,573 | INFO | Comment 14/50: Túm lại nói đúng chớ không sai
2026-09-15 15:49:19,616 | INFO | Comment 15/50: Đúng r cãi chi nữa
2026-09-15 15:49:19,661 | INFO | Comment 16/50: Chợ cồn mắc thiệt e gần chợ cồn mà không dám qua ăn luôn đắc điên
2026-09-15 15:49:19,709 | INFO | Comment 17/50: 🤣🤣🤣🤣Di ĐN nhưng k đi chợ nào hết 😅😅😅
2026-09-15 15:49:19,757 | INFO | Comment 18/50: Để ý chỗ nào đà nẵng vào comment cuzng toàn dân vô chê dở hết 😂 riết nhiều người tính sao ấy
2026-09-15 15:49:19,807 | INFO | Comment 19/50: Chợ bắc mỹ an rẻ mà ngon,nchung t thấy du lịch qua đn ăn giá v là rẻ r,ng dân bth họ ăn giá 20,25k q
2026-09-15 15:49:19,808 | INFO | DOM growth: 0 -> 19
2026-09-15 15:49:19,815 | INFO | Scroll mode: NO_COMMENT
2026-09-15 15:49:22,908 | INFO | Round 2 | DOM comments: 19
2026-09-15 15:49:23,591 | INFO | DOM growth: 19 -> 19
2026-09-15 15:49:23,599 | INFO | Scroll mode: NO_COMMENT
2026-09-15 15:49:27,387 | INFO | Round 3 | DOM comments: 19
2026-09-15 15:49:28,158 | INFO | DOM growth: 19 -> 19
2026-09-15 15:49:28,164 | INFO | Scroll mode: NO_COMMENT
2026-09-15 15:49:31,252 | INFO | Round 4 | DOM comments: 19
2026-09-15 15:49:32,243 | INFO | DOM growth: 19 -> 19
2026-09-15 15:49:32,257 | INFO | Scroll mode: NO_COMMENT
2026-09-15 15:49:36,184 | INFO | Round 5 | DOM comments: 19
2026-09-15 15:49:36,907 | INFO | DOM growth: 19 -> 19
2026-09-15 15:49:36,914 | INFO | Scroll mode: NO_COMMENT
2026-09-15 15:49:40,776 | INFO | Round 6 | DOM comments: 19
2026-09-15 15:49:41,576 | INFO | No new comments after 5 rounds.
2026-09-15 15:49:41,577 | INFO | ======================================
2026-09-15 15:49:41,578 | INFO | COMMENT RESULT: 19/50
2026-09-15 15:49:41,579 | INFO | ======================================
2026-09-15 15:49:41,581 | INFO | Saved JSON: D:\TIỂU LUẬN CHUYÊN NGÀNH\TLCN-Travel\data\raw\tiktok\tiktok_metadata_comments.json
2026-09-15 15:49:41,582 | INFO | Done: 19 comments
2026-09-15 15:49:46,522 | INFO | [4/12] https://www.tiktok.com/@review.danang24/video/7649247032120577298
2026-09-15 15:49:46,522 | INFO | Open video: https://www.tiktok.com/@review.danang24/video/7649247032120577298
2026-09-15 15:49:57,482 | INFO | ======================================
2026-09-15 15:49:57,482 | INFO | START COMMENT CRAWLING
2026-09-15 15:49:57,482 | INFO | ======================================
2026-09-15 15:49:57,483 | INFO | Opening TikTok comment panel...
2026-09-15 15:49:57,497 | INFO | Selector [data-e2e="comment-icon"] -> 1 elements
2026-09-15 15:49:58,713 | INFO | Clicked comment button: [data-e2e="comment-icon"]
2026-09-15 15:50:01,742 | INFO | Comment DOM loaded: [data-e2e="comment-level-1"] | 19 elements
2026-09-15 15:50:01,766 | INFO | Round 1 | DOM comments: 19
2026-09-15 15:50:01,888 | INFO | Comment 1/50: Đ𝐀̀ 𝐍𝐀̆̃𝐍𝐆 – 𝐇𝐎̣̂𝐈 𝐀𝐍 – Bà Nà - Huế Xe 4 chôỗ __ 219.k ☘️Xe 7 chôỗ___ 2.69k 🌿 Xe 16 chôỗ____ 3.99k 🍃
2026-09-15 15:50:01,930 | INFO | Comment 2/50: Mình xin giá tua ạ cho 6 người 2 người lớn 4 trẻ em ạ
2026-09-15 15:50:01,970 | INFO | Comment 3/50: Ib mình
2026-09-15 15:50:02,007 | INFO | Comment 4/50: Tư vấn giúp mình ạ
2026-09-15 15:50:02,041 | INFO | Comment 5/50: đã
2026-09-15 15:50:02,079 | INFO | Comment 6/50: 2/8 e và đà nẵng tv e
2026-09-15 15:50:02,115 | INFO | Comment 7/50: Mình xin giá vé bà nà với ạ
2026-09-15 15:50:02,149 | INFO | Comment 8/50: Tháng này trời đẹp không ạ
2026-09-15 15:50:02,184 | INFO | Comment 9/50: Nội dung hay đó.
2026-09-15 15:50:02,243 | INFO | Comment 10/50: đẹp nhỉ
2026-09-15 15:50:02,288 | INFO | Comment 11/50: Giá vế ba nà niêu
2026-09-15 15:50:02,331 | INFO | Comment 12/50: Ib
2026-09-15 15:50:02,374 | INFO | Comment 13/50: Có shop nào bán đồ nữ gần sông hàn ko ạ
2026-09-15 15:50:02,497 | INFO | Comment 14/50: Ib tour 5/8 ạ
2026-09-15 15:50:02,561 | INFO | Comment 15/50: Xin dép lào
2026-09-15 15:50:02,610 | INFO | Comment 16/50: xu nha. gia phong cuoi mua he cao hon tat ca cac khu du lich khac
2026-09-15 15:50:02,646 | INFO | Comment 17/50: xin giá tour tháng 9 ạ
2026-09-15 15:50:02,688 | INFO | Comment 18/50: Bạn ơi, cho mình hỏi lễ hội pháo hoa tổ chức đến khi nào?
2026-09-15 15:50:02,689 | INFO | DOM growth: 0 -> 19
2026-09-15 15:50:02,695 | INFO | Scroll mode: NO_COMMENT
2026-09-15 15:50:06,039 | INFO | Round 2 | DOM comments: 19
2026-09-15 15:50:06,802 | INFO | DOM growth: 19 -> 19
2026-09-15 15:50:06,809 | INFO | Scroll mode: NO_COMMENT
2026-09-15 15:50:10,343 | INFO | Round 3 | DOM comments: 19
2026-09-15 15:50:11,295 | INFO | DOM growth: 19 -> 19
2026-09-15 15:50:11,304 | INFO | Scroll mode: NO_COMMENT
2026-09-15 15:50:15,079 | INFO | Round 4 | DOM comments: 19
2026-09-15 15:50:15,784 | INFO | DOM growth: 19 -> 19
2026-09-15 15:50:15,790 | INFO | Scroll mode: NO_COMMENT
2026-09-15 15:50:18,808 | INFO | Round 5 | DOM comments: 19
2026-09-15 15:50:19,641 | INFO | DOM growth: 19 -> 19
2026-09-15 15:50:19,648 | INFO | Scroll mode: NO_COMMENT
2026-09-15 15:50:23,042 | INFO | Round 6 | DOM comments: 19
2026-09-15 15:50:23,856 | INFO | No new comments after 5 rounds.
2026-09-15 15:50:23,856 | INFO | ======================================
2026-09-15 15:50:23,856 | INFO | COMMENT RESULT: 18/50
2026-09-15 15:50:23,856 | INFO | ======================================
2026-09-15 15:50:23,859 | INFO | Saved JSON: D:\TIỂU LUẬN CHUYÊN NGÀNH\TLCN-Travel\data\raw\tiktok\tiktok_metadata_comments.json
2026-09-15 15:50:23,859 | INFO | Done: 18 comments
2026-09-15 15:50:27,819 | INFO | [5/12] https://www.tiktok.com/@boctrandanang/video/7645285420506336533
2026-09-15 15:50:27,820 | INFO | Open video: https://www.tiktok.com/@boctrandanang/video/7645285420506336533
2026-09-15 15:50:38,777 | INFO | ======================================
2026-09-15 15:50:38,777 | INFO | START COMMENT CRAWLING
2026-09-15 15:50:38,777 | INFO | ======================================
2026-09-15 15:50:38,778 | INFO | Opening TikTok comment panel...
2026-09-15 15:50:38,791 | INFO | Selector [data-e2e="comment-icon"] -> 1 elements
2026-09-15 15:50:40,141 | INFO | Clicked comment button: [data-e2e="comment-icon"]
2026-09-15 15:50:43,164 | INFO | Comment DOM loaded: [data-e2e="comment-level-1"] | 19 elements
2026-09-15 15:50:43,203 | INFO | Round 1 | DOM comments: 19
2026-09-15 15:50:43,267 | INFO | Comment 1/50: Muốn thoải mái thì đi tour riêng á các bác , vừa được đi thoải mái theo sở thích, thời gian ko gò bó
2026-09-15 15:50:43,318 | INFO | Comment 2/50: Mình thấy đi tour cũng ok, mình mới đi về. vé tour ở Đà Nẵng tùy mình chon đi chơi cũng khoảng 2,6 đ
2026-09-15 15:50:43,513 | INFO | Comment 3/50: 1ng có tour k ạ
2026-09-15 15:50:43,568 | INFO | Comment 4/50: tui mới đi tự trúc nè. 7cu 1 người. thuê cả xe hơi mà chạy
2026-09-15 15:50:43,616 | INFO | Comment 5/50: Gia đình 4 ngừoi nên đi ntn
2026-09-15 15:50:43,663 | INFO | Comment 6/50: Đi gia đình 2 người lớn 2 trẻ con nên như thế nào ak?
2026-09-15 15:50:43,717 | INFO | Comment 7/50: E muốn tư vấn đi tour lẻ trong ngày ạ
2026-09-15 15:50:43,768 | INFO | Comment 8/50: đi du lịch trong nước làm gì đi tour cho cho mệt tự túc cho khoẻ
2026-09-15 15:50:43,826 | INFO | Comment 9/50: sang tuần cty mình cũng đi đà nẵng đi theo tour thấy lịch trình mỗi chỗ tầm 1h đến 1h30 đi kiểu này 
2026-09-15 15:50:43,882 | INFO | Comment 10/50: có ái đi chung kh ạ
2026-09-15 15:50:43,944 | INFO | Comment 11/50: Tv
2026-09-15 15:50:44,001 | INFO | Comment 12/50: Ib
2026-09-15 15:50:44,087 | INFO | Comment 13/50: Xin tư vấn ạ
2026-09-15 15:50:44,135 | INFO | Comment 14/50: Inb em với ạ
2026-09-15 15:50:44,179 | INFO | Comment 15/50: Nàng nào đi Đà Nẵng ghé em mua đồ xinh nhoaaaa 🥰🥰
2026-09-15 15:50:44,298 | INFO | Comment 16/50: Đà nẵng lên đi vào tháng mấy ah
2026-09-15 15:50:44,347 | INFO | Comment 17/50: Mình muốn đi cần tư vấn
2026-09-15 15:50:44,405 | INFO | Comment 18/50: cho hỏi tour từ Trà Bồng Quảng Ngãi đến Đà Nẵng bànàhiu 1 người bao nhiêu
2026-09-15 15:50:44,406 | INFO | DOM growth: 0 -> 19
2026-09-15 15:50:44,415 | INFO | Scroll mode: NO_COMMENT
2026-09-15 15:50:47,043 | INFO | Round 2 | DOM comments: 19
2026-09-15 15:50:48,045 | INFO | DOM growth: 19 -> 19
2026-09-15 15:50:48,055 | INFO | Scroll mode: NO_COMMENT
2026-09-15 15:50:51,594 | INFO | Round 3 | DOM comments: 19
2026-09-15 15:50:52,660 | INFO | DOM growth: 19 -> 19
2026-09-15 15:50:52,669 | INFO | Scroll mode: NO_COMMENT
2026-09-15 15:50:56,240 | INFO | Round 4 | DOM comments: 19
2026-09-15 15:50:57,316 | INFO | DOM growth: 19 -> 19
2026-09-15 15:50:57,325 | INFO | Scroll mode: NO_COMMENT
2026-09-15 15:51:00,776 | INFO | Round 5 | DOM comments: 19
2026-09-15 15:51:01,529 | INFO | DOM growth: 19 -> 19
2026-09-15 15:51:01,535 | INFO | Scroll mode: NO_COMMENT
2026-09-15 15:51:05,522 | INFO | Round 6 | DOM comments: 19
2026-09-15 15:51:06,371 | INFO | No new comments after 5 rounds.
2026-09-15 15:51:06,372 | INFO | ======================================
2026-09-15 15:51:06,372 | INFO | COMMENT RESULT: 18/50
2026-09-15 15:51:06,372 | INFO | ======================================
2026-09-15 15:51:06,374 | INFO | Saved JSON: D:\TIỂU LUẬN CHUYÊN NGÀNH\TLCN-Travel\data\raw\tiktok\tiktok_metadata_comments.json
2026-09-15 15:51:06,375 | INFO | Done: 18 comments
2026-09-15 15:51:10,956 | INFO | [6/12] https://www.tiktok.com/@yeudanang24/video/7646767981044780295
2026-09-15 15:51:10,957 | INFO | Open video: https://www.tiktok.com/@yeudanang24/video/7646767981044780295
2026-09-15 15:51:23,916 | INFO | ======================================
2026-09-15 15:51:23,917 | INFO | START COMMENT CRAWLING
2026-09-15 15:51:23,918 | INFO | ======================================
2026-09-15 15:51:23,918 | INFO | Opening TikTok comment panel...
2026-09-15 15:51:23,935 | INFO | Selector [data-e2e="comment-icon"] -> 1 elements
2026-09-15 15:51:25,190 | INFO | Clicked comment button: [data-e2e="comment-icon"]
2026-09-15 15:51:28,219 | INFO | Comment DOM loaded: [data-e2e="comment-level-1"] | 20 elements
2026-09-15 15:51:28,244 | INFO | Round 1 | DOM comments: 20
2026-09-15 15:51:28,363 | INFO | Comment 1/50: Tui dân địa phương đi hoài chán luôn😂
2026-09-15 15:51:28,418 | INFO | Comment 2/50: vé bao nhiêu ạ
2026-09-15 15:51:28,479 | INFO | Comment 3/50: Kinh nghiệm của t là có mặt 7h30 tại cap treo thì lên bàn tay nha. Còn quă xíu là đông r, chuyển qua
2026-09-15 15:51:28,525 | INFO | Comment 4/50: tôi vừa két thúc chuyến đi bà nà giá combo 1tr3 mà công viên có chỗ miễn nhìu chỗ vẫn thu tiền vé, b
2026-09-15 15:51:28,572 | INFO | Comment 5/50: E cần pass gấp vé bà nà ngày 8/6 đã bao gồm buffet ( khách ngoại tỉnh ạ ) giá 1tr ạ
2026-09-15 15:51:28,616 | INFO | Comment 6/50: Đi nhiều ngày mới khoẻ đi trong 1 ngày t sẽ mợt chớt mất😂😂😂
2026-09-15 15:51:28,660 | INFO | Comment 7/50: Bạn ơi, bạn mang mấy bộ theo để thay ạ?
2026-09-15 15:51:28,705 | INFO | Comment 8/50: Đ𝐀̀ 𝐍𝐀̆̃𝐍𝐆 – 𝐇𝐎̣̂𝐈 𝐀𝐍 – Bà Nà - Huế • Xe 4 chỗ —— 2.19k • xe 7 chỗ ——- 2.69k • xe 16 chỗ —— 399k Zá 
2026-09-15 15:51:28,751 | INFO | Comment 9/50: Vé bn vậy ạ
2026-09-15 15:51:28,789 | INFO | Comment 10/50: Ngày nèo cũng đi chán 🥺, đi làm
2026-09-15 15:51:28,837 | INFO | Comment 11/50: khu fantasy park có tính phí trò chơi riêng k ạ
2026-09-15 15:51:28,881 | INFO | Comment 12/50: Buffe có cần mua sẵn vé từ lúc mua vé cap treo k bạn hay là lên mua ruêng đc
2026-09-15 15:51:28,935 | INFO | Comment 13/50: Trên bà là hi có chỗ thuê đồ không shop
2026-09-15 15:51:28,983 | INFO | Comment 14/50: đông nghẹt luôn
2026-09-15 15:51:29,029 | INFO | Comment 15/50: Vé ngày mai ntn
2026-09-15 15:51:29,072 | INFO | Comment 16/50: Đi quài cũng chán🥰
2026-09-15 15:51:29,120 | INFO | Comment 17/50: đi ntn thì giá như nào v ạ
2026-09-15 15:51:29,207 | INFO | Comment 18/50: minh chuan bi di ban cho minh xin chut kinh nghiem nhe
2026-09-15 15:51:29,260 | INFO | Comment 19/50: trên đấy lạnh k ạ
2026-09-15 15:51:29,320 | INFO | Comment 20/50: Vé chỉ dùng đc trong 1 ngày à mn
2026-09-15 15:51:29,320 | INFO | DOM growth: 0 -> 20
2026-09-15 15:51:29,328 | INFO | Scroll mode: NO_COMMENT
2026-09-15 15:51:33,261 | INFO | Round 2 | DOM comments: 20
2026-09-15 15:51:34,191 | INFO | DOM growth: 20 -> 20
2026-09-15 15:51:34,199 | INFO | Scroll mode: NO_COMMENT
2026-09-15 15:51:37,213 | INFO | Round 3 | DOM comments: 20
2026-09-15 15:51:38,046 | INFO | DOM growth: 20 -> 20
2026-09-15 15:51:38,053 | INFO | Scroll mode: NO_COMMENT
2026-09-15 15:51:41,185 | INFO | Round 4 | DOM comments: 20
2026-09-15 15:51:42,180 | INFO | DOM growth: 20 -> 20
2026-09-15 15:51:42,186 | INFO | Scroll mode: NO_COMMENT
2026-09-15 15:51:45,445 | INFO | Round 5 | DOM comments: 20
2026-09-15 15:51:46,270 | INFO | DOM growth: 20 -> 20
2026-09-15 15:51:46,277 | INFO | Scroll mode: NO_COMMENT
2026-09-15 15:51:50,065 | INFO | Round 6 | DOM comments: 20
2026-09-15 15:51:50,958 | INFO | No new comments after 5 rounds.
2026-09-15 15:51:50,958 | INFO | ======================================
2026-09-15 15:51:50,959 | INFO | COMMENT RESULT: 20/50
2026-09-15 15:51:50,959 | INFO | ======================================
2026-09-15 15:51:50,962 | INFO | Saved JSON: D:\TIỂU LUẬN CHUYÊN NGÀNH\TLCN-Travel\data\raw\tiktok\tiktok_metadata_comments.json
2026-09-15 15:51:50,962 | INFO | Done: 20 comments
2026-09-15 15:51:53,023 | INFO | [7/12] https://www.tiktok.com/@thuexemaydanang43hovy/video/7628220945903144213
2026-09-15 15:51:53,023 | INFO | Open video: https://www.tiktok.com/@thuexemaydanang43hovy/video/7628220945903144213
2026-09-15 15:52:07,096 | INFO | ======================================
2026-09-15 15:52:07,096 | INFO | START COMMENT CRAWLING
2026-09-15 15:52:07,096 | INFO | ======================================
2026-09-15 15:52:07,096 | INFO | Opening TikTok comment panel...
2026-09-15 15:52:07,116 | INFO | Selector [data-e2e="comment-icon"] -> 1 elements
2026-09-15 15:52:08,449 | INFO | Clicked comment button: [data-e2e="comment-icon"]
2026-09-15 15:52:11,518 | INFO | Comment DOM loaded: [data-e2e="comment-level-1"] | 20 elements
2026-09-15 15:52:11,660 | INFO | Round 1 | DOM comments: 20
2026-09-15 15:52:11,754 | INFO | Comment 1/50: đà Nẵng 5 năm trước ☺️☺️
2026-09-15 15:52:11,792 | INFO | Comment 2/50: Mình di 3 năm liên tiếp nha vẫn luỵ nè, mà mình đến chờ nhận xe r mình đi Hội An trước nhé, xog về c
2026-09-15 15:52:11,828 | INFO | Comment 3/50: thuê xe máy bao nhiêu 1 ngày ạ
2026-09-15 15:52:11,862 | INFO | Comment 4/50: Mjh muốn đi vào t9 hợp lý k b
2026-09-15 15:52:11,901 | INFO | Comment 5/50: Bạn nói đúng nè. Năm ngoái tui đi Đà Nẵng lần đầu tiên trong 4 ngày 3 đêm, và giờ tui vẫn mong được 
2026-09-15 15:52:11,940 | INFO | Comment 6/50: Xe máy thuê bnh/ngày vậy ạ
2026-09-15 15:52:11,980 | INFO | Comment 7/50: Đi núi thần tài mất bn lâu
2026-09-15 15:52:12,015 | INFO | Comment 8/50: Tui ở 2 tuần giờ về vẫn thèm nè
2026-09-15 15:52:12,119 | INFO | Comment 9/50: Cầu rồng phun lửa có vào những hnao hả các b
2026-09-15 15:52:12,162 | INFO | Comment 10/50: ai đi tháng này k ạ chưa đi nên nghe mọi ng riviu muốn đi quá ạ
2026-09-15 15:52:12,205 | INFO | Comment 11/50: 25/8 đn đã vào mùa mưa ch mn ơi
2026-09-15 15:52:12,244 | INFO | Comment 12/50: ĐN ít cũng 3 đêm thì may ra mới đủ thời gian đi chrckin các điểm 🫶🏻
2026-09-15 15:52:12,286 | INFO | Comment 13/50: Đà Nẵng - Hội An - Huế - Bà Nà - [x] 🚕Đ𝐚̀ 𝐍𝐚̆̃𝐧𝐠 - 𝐇𝐨̣̂𝐢 𝐀𝐧 𝐱𝐞 𝟒 𝐜𝐡𝐨̂̃ : 𝟐 1 9 🌿 🚕Đ𝐚̀ 𝐍𝐚̆̃𝐧𝐠 - 𝐇𝐨̣̂𝐢
2026-09-15 15:52:12,325 | INFO | Comment 14/50: cho mình hỏi nếu thuê xe máy mà k có bằng thì có chạy xe được k ạ
2026-09-15 15:52:12,366 | INFO | Comment 15/50: Mình đi 1 tuần xog về luỵ quá book vé đi tiếp đây :)))
2026-09-15 15:52:12,410 | INFO | Comment 16/50: Cuối t7 kb tầm ấy có nắng nóng lắm k mn nhỉ
2026-09-15 15:52:12,451 | INFO | Comment 17/50: Năm nao mk cũng đi 5-7 ngày
2026-09-15 15:52:12,486 | INFO | Comment 18/50: Đà nẵng cuối tháng 6 đầu tháng 7 có thích hợp đi du lịch ko ạ, có đông và nắng nóng lắm ko ạ. Mong m
2026-09-15 15:52:12,521 | INFO | Comment 19/50: Đầu t7 mình đi lúc đó ĐN có nắng quá và còn pháo hoa ko mn 😁
2026-09-15 15:52:12,558 | INFO | Comment 20/50: Chéo fl, trả ngay ạ
2026-09-15 15:52:12,558 | INFO | DOM growth: 0 -> 20
2026-09-15 15:52:12,565 | INFO | Scroll mode: NO_COMMENT
2026-09-15 15:52:16,403 | INFO | Round 2 | DOM comments: 20
2026-09-15 15:52:17,273 | INFO | DOM growth: 20 -> 20
2026-09-15 15:52:17,280 | INFO | Scroll mode: NO_COMMENT
2026-09-15 15:52:20,314 | INFO | Round 3 | DOM comments: 20
2026-09-15 15:52:21,460 | INFO | DOM growth: 20 -> 20
2026-09-15 15:52:21,467 | INFO | Scroll mode: NO_COMMENT
2026-09-15 15:52:25,000 | INFO | Round 4 | DOM comments: 20
2026-09-15 15:52:25,884 | INFO | DOM growth: 20 -> 20
2026-09-15 15:52:25,890 | INFO | Scroll mode: NO_COMMENT
2026-09-15 15:52:29,367 | INFO | Round 5 | DOM comments: 20
2026-09-15 15:52:30,074 | INFO | DOM growth: 20 -> 20
2026-09-15 15:52:30,082 | INFO | Scroll mode: NO_COMMENT
2026-09-15 15:52:33,285 | INFO | Round 6 | DOM comments: 20
2026-09-15 15:52:34,230 | INFO | No new comments after 5 rounds.
2026-09-15 15:52:34,230 | INFO | ======================================
2026-09-15 15:52:34,231 | INFO | COMMENT RESULT: 20/50
2026-09-15 15:52:34,231 | INFO | ======================================
2026-09-15 15:52:34,235 | INFO | Saved JSON: D:\TIỂU LUẬN CHUYÊN NGÀNH\TLCN-Travel\data\raw\tiktok\tiktok_metadata_comments.json
2026-09-15 15:52:34,235 | INFO | Done: 20 comments
2026-09-15 15:52:37,803 | INFO | [8/12] https://www.tiktok.com/@hoangyen.shinetravel/video/7635231945676393749
2026-09-15 15:52:37,804 | INFO | Open video: https://www.tiktok.com/@hoangyen.shinetravel/video/7635231945676393749
2026-09-15 15:52:52,327 | INFO | ======================================
2026-09-15 15:52:52,327 | INFO | START COMMENT CRAWLING
2026-09-15 15:52:52,327 | INFO | ======================================
2026-09-15 15:52:52,327 | INFO | Opening TikTok comment panel...
2026-09-15 15:52:52,343 | INFO | Selector [data-e2e="comment-icon"] -> 1 elements
2026-09-15 15:52:53,587 | INFO | Clicked comment button: [data-e2e="comment-icon"]
2026-09-15 15:52:56,614 | INFO | Comment DOM loaded: [data-e2e="comment-level-1"] | 19 elements
2026-09-15 15:52:56,642 | INFO | Round 1 | DOM comments: 19
2026-09-15 15:52:56,732 | INFO | Comment 1/50: Tớ có combo Đà Nẵng tháng 5 3n2đ từ 3tr9, 4n3đ từ 4tr1. Combo bao gồm máy bay khứ hồi + khách sạn nằ
2026-09-15 15:52:56,781 | INFO | Comment 2/50: Cho e hỏi chỗ bán đảo Sơn trà c quay kia có phát leo lên ko ạ
2026-09-15 15:52:56,822 | INFO | Comment 3/50: Phòng bnh ạ
2026-09-15 15:52:56,860 | INFO | Comment 4/50: Đi tháng 7 có đẹp k a
2026-09-15 15:52:56,898 | INFO | Comment 5/50: Mình xin địa chỉ mua bộ trắng đầu tiên của mình
2026-09-15 15:52:56,998 | INFO | Comment 6/50: Cậu ơi. Đi xe gì thế? Có say k. Cho tớ xin review hãng xe đi ổn
2026-09-15 15:52:57,037 | INFO | Comment 7/50: Đà nẵng đi tháng 8 được ko mn
2026-09-15 15:52:57,086 | INFO | Comment 8/50: Đặt vé thuyền thúng ở đậu vậy ạ???
2026-09-15 15:52:57,133 | INFO | Comment 9/50: Cù lao chàm gần và thuận với hội an à bạn
2026-09-15 15:52:57,179 | INFO | Comment 10/50: Xin giá lễ 2/9 nha bạn
2026-09-15 15:52:57,221 | INFO | Comment 11/50: Phải thuê mấy lần ks vậy b
2026-09-15 15:52:57,266 | INFO | Comment 12/50: Anh vừa đi 3n 2đ thực sự là hơi ít thời gian chuẩn phải là 5n4d
2026-09-15 15:52:57,315 | INFO | Comment 13/50: Ib mk nha
2026-09-15 15:52:57,361 | INFO | Comment 14/50: Bạn có tour vài dịp lễ này 4n3d k ạ
2026-09-15 15:52:57,413 | INFO | Comment 15/50: Bạn có ks ko ạ
2026-09-15 15:52:57,525 | INFO | Comment 16/50: Xin fb đầu t6
2026-09-15 15:52:57,576 | INFO | Comment 17/50: Xin tua 5n4đ đà nẵng hội an huế cuối tháng 7 ạ
2026-09-15 15:52:57,621 | INFO | Comment 18/50: Tháng 10 có gì chơi ạ?
2026-09-15 15:52:57,662 | INFO | Comment 19/50: Xin giá combo 4n3đ khoảng th10 đi từ HN, 2nlon 1 trem ở ks 4*.
2026-09-15 15:52:57,662 | INFO | DOM growth: 0 -> 19
2026-09-15 15:52:57,670 | INFO | Scroll mode: NO_COMMENT
2026-09-15 15:53:00,476 | INFO | Round 2 | DOM comments: 19
2026-09-15 15:53:01,437 | INFO | DOM growth: 19 -> 19
2026-09-15 15:53:01,443 | INFO | Scroll mode: NO_COMMENT
2026-09-15 15:53:04,490 | INFO | Round 3 | DOM comments: 19
2026-09-15 15:53:05,672 | INFO | DOM growth: 19 -> 19
2026-09-15 15:53:05,680 | INFO | Scroll mode: NO_COMMENT
2026-09-15 15:53:08,579 | INFO | Round 4 | DOM comments: 19
2026-09-15 15:53:09,427 | INFO | DOM growth: 19 -> 19
2026-09-15 15:53:09,439 | INFO | Scroll mode: NO_COMMENT
2026-09-15 15:53:13,359 | INFO | Round 5 | DOM comments: 19
2026-09-15 15:53:14,129 | INFO | DOM growth: 19 -> 19
2026-09-15 15:53:14,137 | INFO | Scroll mode: NO_COMMENT
2026-09-15 15:53:17,718 | INFO | Round 6 | DOM comments: 19
2026-09-15 15:53:18,654 | INFO | No new comments after 5 rounds.
2026-09-15 15:53:18,654 | INFO | ======================================
2026-09-15 15:53:18,654 | INFO | COMMENT RESULT: 19/50
2026-09-15 15:53:18,654 | INFO | ======================================
2026-09-15 15:53:18,657 | INFO | Saved JSON: D:\TIỂU LUẬN CHUYÊN NGÀNH\TLCN-Travel\data\raw\tiktok\tiktok_metadata_comments.json
2026-09-15 15:53:18,657 | INFO | Done: 19 comments
2026-09-15 15:53:22,003 | INFO | [9/12] https://www.tiktok.com/@bychimai/video/7681307608233348370
2026-09-15 15:53:22,003 | INFO | Open video: https://www.tiktok.com/@bychimai/video/7681307608233348370
2026-09-15 15:53:36,702 | INFO | ======================================
2026-09-15 15:53:36,703 | INFO | START COMMENT CRAWLING
2026-09-15 15:53:36,704 | INFO | ======================================
2026-09-15 15:53:36,705 | INFO | Opening TikTok comment panel...
2026-09-15 15:53:36,724 | INFO | Selector [data-e2e="comment-icon"] -> 1 elements
2026-09-15 15:53:37,957 | INFO | Clicked comment button: [data-e2e="comment-icon"]
2026-09-15 15:53:40,990 | INFO | Comment DOM loaded: [data-e2e="comment-level-1"] | 20 elements
2026-09-15 15:53:41,015 | INFO | Round 1 | DOM comments: 20
2026-09-15 15:53:41,135 | INFO | Comment 1/50: Đừu, bà ni đúng ý tui bà😂
2026-09-15 15:53:41,171 | INFO | Comment 2/50: 6 mỳ quảng bếp trang :)))
2026-09-15 15:53:41,208 | INFO | Comment 3/50: Bất kỳ ai tới Đà Nẵng vui lòng né gấp Mọi nướng Núi Thành
2026-09-15 15:53:41,255 | INFO | Comment 4/50: Còn thiếu : Mì quảng ếch Bếp T… :))))
2026-09-15 15:53:41,291 | INFO | Comment 5/50: Top 5 đúng vô tri mà còn tốn tiền ko hề rẻ
2026-09-15 15:53:41,368 | INFO | Comment 6/50: Chè Liên nói xuất sắc thì không. Nhưng mình thấy nó lại không dở :)), ăn cũng okie, phục vụ nhanh.
2026-09-15 15:53:41,415 | INFO | Comment 7/50: Chè Liên thì nếu đi đúng chỗ rất ngon nha😁 ng Đà Nẵng ăn quài nè
2026-09-15 15:53:41,462 | INFO | Comment 8/50: Ừ chuẩn top 5 rồi đó bạn 🤣 t dân ĐN cũng ko đi mấy chỗ đó
2026-09-15 15:53:41,499 | INFO | Comment 9/50: sự thật dân Đà Nẵng ko ai ăn Thịt heo Trần.😅😅😅 thời đi học từng làm thêm ở Trần. oẹ thôi rồi 😂😂😂
2026-09-15 15:53:41,538 | INFO | Comment 10/50: Nướng Ngưu Phồn ăn 1 lần sợ luôn
2026-09-15 15:53:41,580 | INFO | Comment 11/50: Mọi người ơi nếu ăn mỳ quảng hay bánh tráng thịt heo thì mình nên ăn quán nào ở ĐN?
2026-09-15 15:53:41,619 | INFO | Comment 12/50: Người ĐN mách cho nè :)) nếu muốn mua quần áo giá rẻ thì hãy đi chợ đêm Lê Duẩn nhma phải lựa thiệt 
2026-09-15 15:53:41,662 | INFO | Comment 13/50: Tao lạy cái chợ đêm.
2026-09-15 15:53:41,714 | INFO | Comment 14/50: trừ chè liên ra thì mình đồng ý 4 thứ còn lại
2026-09-15 15:53:41,794 | INFO | Comment 15/50: Sợ nhất chợ đêm Sơn Trà 😅
2026-09-15 15:53:41,834 | INFO | Comment 16/50: chè liên chính hãng mà fomo😁chắc ăn trúng hàng giả😁
2026-09-15 15:53:41,876 | INFO | Comment 17/50: Ui chè Liên ngon mà nhỉiii, em ng Bắc nè lần nào em cũng mua về làm quà cho mng lun ý. Mà chè Liên c
2026-09-15 15:53:41,919 | INFO | Comment 18/50: Nếu bạn nào muốn ăn chè Liên, thì nên ăn đúng địa chỉ Hoàng Diệu nhé
2026-09-15 15:53:41,956 | INFO | Comment 19/50: Người ĐN xác nhận Chợ đêm Sơn Trà, Ẩm thực Trần, show cá heo đúng nha 😅 còn chè Liên với nướng Ngưu 
2026-09-15 15:53:41,996 | INFO | Comment 20/50: mình thấy Chè Liên ăn Oki mà
2026-09-15 15:53:41,996 | INFO | DOM growth: 0 -> 20
2026-09-15 15:53:42,006 | INFO | Scroll mode: NO_COMMENT
2026-09-15 15:53:45,128 | INFO | Round 2 | DOM comments: 20
2026-09-15 15:53:46,011 | INFO | DOM growth: 20 -> 20
2026-09-15 15:53:46,018 | INFO | Scroll mode: NO_COMMENT
2026-09-15 15:53:49,937 | INFO | Round 3 | DOM comments: 20
2026-09-15 15:53:50,657 | INFO | DOM growth: 20 -> 20
2026-09-15 15:53:50,663 | INFO | Scroll mode: NO_COMMENT
2026-09-15 15:53:53,847 | INFO | Round 4 | DOM comments: 20
2026-09-15 15:53:54,643 | INFO | DOM growth: 20 -> 20
2026-09-15 15:53:54,651 | INFO | Scroll mode: NO_COMMENT
2026-09-15 15:53:58,565 | INFO | Round 5 | DOM comments: 20
2026-09-15 15:53:59,565 | INFO | DOM growth: 20 -> 20
2026-09-15 15:53:59,572 | INFO | Scroll mode: NO_COMMENT
2026-09-15 15:54:03,524 | INFO | Round 6 | DOM comments: 20
2026-09-15 15:54:04,364 | INFO | No new comments after 5 rounds.
2026-09-15 15:54:04,364 | INFO | ======================================
2026-09-15 15:54:04,364 | INFO | COMMENT RESULT: 20/50
2026-09-15 15:54:04,364 | INFO | ======================================
2026-09-15 15:54:04,369 | INFO | Saved JSON: D:\TIỂU LUẬN CHUYÊN NGÀNH\TLCN-Travel\data\raw\tiktok\tiktok_metadata_comments.json
2026-09-15 15:54:04,369 | INFO | Done: 20 comments
2026-09-15 15:54:07,723 | INFO | [10/12] https://www.tiktok.com/@hoangyen.shinetravel/video/7630455816352501012
2026-09-15 15:54:07,724 | INFO | Open video: https://www.tiktok.com/@hoangyen.shinetravel/video/7630455816352501012
2026-09-15 15:54:23,203 | INFO | ======================================
2026-09-15 15:54:23,204 | INFO | START COMMENT CRAWLING
2026-09-15 15:54:23,204 | INFO | ======================================
2026-09-15 15:54:23,204 | INFO | Opening TikTok comment panel...
2026-09-15 15:54:23,214 | INFO | Selector [data-e2e="comment-icon"] -> 1 elements
2026-09-15 15:54:24,461 | INFO | Clicked comment button: [data-e2e="comment-icon"]
2026-09-15 15:54:27,489 | INFO | Comment DOM loaded: [data-e2e="comment-level-1"] | 18 elements
2026-09-15 15:54:27,511 | INFO | Round 1 | DOM comments: 18
2026-09-15 15:54:27,596 | INFO | Comment 1/50: Tớ có combo Đà Nẵng tháng 4 3n2đ từ 3tr8, 4n3đ từ 3tr950. Combo bao gồm máy bay khứ hồi + khách sạn 
2026-09-15 15:54:27,634 | INFO | Comment 2/50: muốn đi chơi mac hk biết đặt khách sạn khu nào cho tiện ạ. cứu bed
2026-09-15 15:54:27,677 | INFO | Comment 3/50: b ơi có combo t9 k ạ?
2026-09-15 15:54:27,721 | INFO | Comment 4/50: Đặt vé rừng dừa với vé lên bà nà hil ở đâu vậy ạ
2026-09-15 15:54:27,764 | INFO | Comment 5/50: đặt vé rừng dừa ở đâu vậy cậu
2026-09-15 15:54:27,809 | INFO | Comment 6/50: Có vé t8 k b
2026-09-15 15:54:27,858 | INFO | Comment 7/50: Vé dừng rừa trẻ con đi được ko ạ
2026-09-15 15:54:27,903 | INFO | Comment 8/50: Bên mình còn phòng ở hội an k ạ
2026-09-15 15:54:27,947 | INFO | Comment 9/50: Chị có tour Huế - Đà Nắng không ạ, em xin tư vấn với ạ
2026-09-15 15:54:27,983 | INFO | Comment 10/50: Đ𝐀̀ 𝐍𝐀̆̃𝐍𝐆 – 𝐇𝐎̣̂𝐈 𝐀𝐍 – Bà Nà - Huế • Xe 4 chỗ —— 2.19k ( Bao Xe ) • xe 7 chỗ ——- 2.69k ( Bao xe ) •
2026-09-15 15:54:28,016 | INFO | Comment 11/50: chị có combo tháng5 k ai
2026-09-15 15:54:28,105 | INFO | Comment 12/50: Đặt vé rừng dừa ở đâu thế ạ
2026-09-15 15:54:28,148 | INFO | Comment 13/50: Chị cho em tham khảo combo tháng 6 với ạ
2026-09-15 15:54:28,185 | INFO | Comment 14/50: Vé bà nà hill ngày 5,6/5 bao nhiêu b
2026-09-15 15:54:28,232 | INFO | Comment 15/50: Ib tư vấn với ạ
2026-09-15 15:54:28,281 | INFO | Comment 16/50: Tư vấn minh 4n 3 đ đà nẵng v nha
2026-09-15 15:54:28,339 | INFO | Comment 17/50: ib mình combo tháng 6 với ạ
2026-09-15 15:54:28,400 | INFO | Comment 18/50: Tư vấn giúp mình nhé
2026-09-15 15:54:28,400 | INFO | DOM growth: 0 -> 18
2026-09-15 15:54:28,407 | INFO | Scroll mode: NO_COMMENT
2026-09-15 15:54:30,991 | INFO | Round 2 | DOM comments: 18
2026-09-15 15:54:35,368 | WARNING | Retrying (Retry(total=2, connect=None, read=None, redirect=None, status=None)) after connection broken by 'NewConnectionError("HTTPConnection(host='localhost', port=38823): Failed to establish a new connection: [WinError 10061] No connection could be made because the target machine actively refused it")': /session/db80663bee13fa83bcc0ab4fe96caa38
2026-09-15 15:54:39,438 | WARNING | Retrying (Retry(total=1, connect=None, read=None, redirect=None, status=None)) after connection broken by 'NewConnectionError("HTTPConnection(host='localhost', port=38823): Failed to establish a new connection: [WinError 10061] No connection could be made because the target machine actively refused it")': /session/db80663bee13fa83bcc0ab4fe96caa38
2026-09-15 15:54:43,487 | WARNING | Retrying (Retry(total=0, connect=None, read=None, redirect=None, status=None)) after connection broken by 'NewConnectionError("HTTPConnection(host='localhost', port=38823): Failed to establish a new connection: [WinError 10061] No connection could be made because the target machine actively refused it")': /session/db80663bee13fa83bcc0ab4fe96caa38
2026-09-15 15:54:52,083 | INFO | ======================================
2026-09-15 15:54:52,083 | INFO | TikTok metadata + comments crawler
2026-09-15 15:54:52,083 | INFO | ======================================
2026-09-15 15:54:54,577 | INFO | Searching: du lịch Đà Nẵng
2026-09-15 15:55:03,547 | INFO | Search round 1 | videos: 12
2026-09-15 15:55:06,972 | INFO | Search round 2 | videos: 12
2026-09-15 15:55:10,787 | INFO | Keyword 'du lịch Đà Nẵng': 12 videos
2026-09-15 15:55:10,787 | INFO | [1/12] https://www.tiktok.com/@danangne24/video/7672639199597661447
2026-09-15 15:55:10,788 | INFO | Open video: https://www.tiktok.com/@danangne24/video/7672639199597661447
2026-09-15 15:55:20,312 | INFO | ======================================
2026-09-15 15:55:20,313 | INFO | START COMMENT CRAWLING
2026-09-15 15:55:20,315 | INFO | ======================================
2026-09-15 15:55:20,315 | INFO | Opening TikTok comment panel...
2026-09-15 15:55:20,359 | INFO | Selector [data-e2e="comment-icon"] -> 1 elements
2026-09-15 15:55:21,599 | INFO | Clicked comment button: [data-e2e="comment-icon"]
2026-09-15 15:55:24,636 | INFO | Comment DOM loaded: [data-e2e="comment-level-1"] | 19 elements
2026-09-15 15:55:24,662 | INFO | Round 1 | DOM comments: 19
2026-09-15 15:55:24,732 | INFO | Comment 1/50: Chợ Cồn đông, chật chội, bí bách, bẩn đã trải nghiệm.
2026-09-15 15:55:24,817 | INFO | Comment 2/50: mình sắp đi Đà Nẵng, cả nhà cho mình hỏi muốn mua khô mực, khô cá, và các món ăn đặc sản về làm quà,
2026-09-15 15:55:24,891 | INFO | Comment 3/50: chợ đêm đà nẵng máy xay thịt chứ đừng nói máy chém
2026-09-15 15:55:24,962 | INFO | Comment 4/50: Ê vô chợ cồn ăn dĩa ốc hút thập cẩm 100K 😏😏😏
2026-09-15 15:55:25,022 | INFO | Comment 5/50: Aiii đi rồi xin cái rì ziuuu
2026-09-15 15:55:25,096 | INFO | Comment 6/50: T sống ở đn đây, lâu lâu ghé chợ cồn mà thấy bán đồ ăn đắt dêc sợ luôn. Bữa ăn bánh bèo bánh ít trún
2026-09-15 15:55:25,201 | INFO | Comment 7/50: Ẩm thực chợ cồn bao dở 😂
2026-09-15 15:55:25,245 | INFO | Comment 8/50: Muốn ăn gì thì kiếm quán mà ăn chứ ko nên vào chợ đâu 😌
2026-09-15 15:55:25,294 | INFO | Comment 9/50: Chợ mai sơn trà ngon
2026-09-15 15:55:25,349 | INFO | Comment 10/50: Chợ cồn vẫn là chân ái , đồ ngonnn , mình góp ý các bạn nên thamm quan đi Xee nhà mìnhh nè hihi
2026-09-15 15:55:25,392 | INFO | Comment 11/50: T nói rồi . Ở đâu cũng vậy toàn dân ở đó vào chê là đó khu du lịch đắt với dỡ . Còn lại thì chê đó r
2026-09-15 15:55:25,439 | INFO | Comment 12/50: Mỗi T thấy sợ ngồi quán quá lâu vì sợ chửi
2026-09-15 15:55:25,486 | INFO | Comment 13/50: Chợ đêm sơn trà khuyên mọi người ko đi . Đồ ăn dởn tệ hải sản thì ôi ko tươi mà giá thì cao , dù bt 
2026-09-15 15:55:25,533 | INFO | Comment 14/50: Chợ cồn mắc thiệt e gần chợ cồn mà không dám qua ăn luôn đắc điên
2026-09-15 15:55:25,589 | INFO | Comment 15/50: Để ý chỗ nào đà nẵng vào comment cuzng toàn dân vô chê dở hết 😂 riết nhiều người tính sao ấy
2026-09-15 15:55:25,640 | INFO | Comment 16/50: 🤣🤣🤣🤣Di ĐN nhưng k đi chợ nào hết 😅😅😅
2026-09-15 15:55:25,688 | INFO | Comment 17/50: Túm lại nói đúng chớ không sai
2026-09-15 15:55:25,733 | INFO | Comment 18/50: Đúng r cãi chi nữa
2026-09-15 15:55:25,787 | INFO | Comment 19/50: Mới đi chợ cồn xong nóng như lò than giá cũng bằng bên ngoài chả có rẻ j mà nóng v ăn nuốt ko nổi
2026-09-15 15:55:25,788 | INFO | DOM growth: 0 -> 19
2026-09-15 15:55:25,799 | INFO | Scroll mode: NO_COMMENT
2026-09-15 15:55:28,325 | INFO | Round 2 | DOM comments: 19
2026-09-15 15:55:29,256 | INFO | DOM growth: 19 -> 19
2026-09-15 15:55:29,262 | INFO | Scroll mode: NO_COMMENT
2026-09-15 15:55:32,217 | INFO | Round 3 | DOM comments: 19
2026-09-15 15:55:32,950 | INFO | DOM growth: 19 -> 19
2026-09-15 15:55:32,955 | INFO | Scroll mode: NO_COMMENT
2026-09-15 15:55:36,550 | INFO | Round 4 | DOM comments: 19
2026-09-15 15:55:37,549 | INFO | DOM growth: 19 -> 19
2026-09-15 15:55:37,556 | INFO | Scroll mode: NO_COMMENT
2026-09-15 15:55:41,086 | INFO | Round 5 | DOM comments: 19
2026-09-15 15:55:41,984 | INFO | DOM growth: 19 -> 19
2026-09-15 15:55:41,990 | INFO | Scroll mode: NO_COMMENT
2026-09-15 15:55:44,716 | INFO | Round 6 | DOM comments: 19
2026-09-15 15:55:45,715 | INFO | DOM growth: 19 -> 19
2026-09-15 15:55:45,743 | INFO | Scroll mode: NO_COMMENT
2026-09-15 15:55:48,422 | INFO | Round 7 | DOM comments: 19
2026-09-15 15:55:49,338 | INFO | DOM growth: 19 -> 19
2026-09-15 15:55:49,343 | INFO | Scroll mode: NO_COMMENT
2026-09-15 15:55:52,125 | INFO | Round 8 | DOM comments: 19
2026-09-15 15:55:53,395 | INFO | DOM growth: 19 -> 19
2026-09-15 15:55:53,404 | INFO | Scroll mode: NO_COMMENT
2026-09-15 15:55:57,260 | INFO | Round 9 | DOM comments: 19
2026-09-15 15:55:58,373 | INFO | DOM growth: 19 -> 19
2026-09-15 15:55:58,380 | INFO | Scroll mode: NO_COMMENT
2026-09-15 15:56:01,732 | INFO | Round 10 | DOM comments: 19
2026-09-15 15:56:02,598 | INFO | DOM growth: 19 -> 19
2026-09-15 15:56:02,605 | INFO | Scroll mode: NO_COMMENT
2026-09-15 15:56:05,912 | INFO | Round 11 | DOM comments: 19
2026-09-15 15:56:06,796 | INFO | No new comments after 10 rounds.
2026-09-15 15:56:06,797 | INFO | ======================================
2026-09-15 15:56:06,797 | INFO | COMMENT RESULT: 19/50
2026-09-15 15:56:06,797 | INFO | ======================================
2026-09-15 15:56:06,798 | INFO | Saved JSON: D:\TIỂU LUẬN CHUYÊN NGÀNH\TLCN-Travel\data\raw\tiktok\tiktok_metadata_comments.json
2026-09-15 15:56:06,798 | INFO | Done: 19 comments
2026-09-15 15:56:10,782 | INFO | [2/12] https://www.tiktok.com/@yeudanang24/video/7646767981044780295
2026-09-15 15:56:10,782 | INFO | Open video: https://www.tiktok.com/@yeudanang24/video/7646767981044780295
2026-09-15 15:56:24,942 | INFO | ======================================
2026-09-15 15:56:24,943 | INFO | START COMMENT CRAWLING
2026-09-15 15:56:24,943 | INFO | ======================================
2026-09-15 15:56:24,943 | INFO | Opening TikTok comment panel...
2026-09-15 15:56:24,960 | INFO | Selector [data-e2e="comment-icon"] -> 1 elements
2026-09-15 15:56:26,177 | INFO | Clicked comment button: [data-e2e="comment-icon"]
2026-09-15 15:56:29,210 | INFO | Comment DOM loaded: [data-e2e="comment-level-1"] | 20 elements
2026-09-15 15:56:29,244 | INFO | Round 1 | DOM comments: 20
2026-09-15 15:56:29,410 | INFO | Comment 1/50: Kinh nghiệm của t là có mặt 7h30 tại cap treo thì lên bàn tay nha. Còn quă xíu là đông r, chuyển qua
2026-09-15 15:56:29,454 | INFO | Comment 2/50: Tui dân địa phương đi hoài chán luôn😂
2026-09-15 15:56:29,495 | INFO | Comment 3/50: vé bao nhiêu ạ
2026-09-15 15:56:29,535 | INFO | Comment 4/50: Đi nhiều ngày mới khoẻ đi trong 1 ngày t sẽ mợt chớt mất😂😂😂
2026-09-15 15:56:29,588 | INFO | Comment 5/50: E cần pass gấp vé bà nà ngày 8/6 đã bao gồm buffet ( khách ngoại tỉnh ạ ) giá 1tr ạ
2026-09-15 15:56:29,631 | INFO | Comment 6/50: Vé bn vậy ạ
2026-09-15 15:56:29,670 | INFO | Comment 7/50: Ngày nèo cũng đi chán 🥺, đi làm
2026-09-15 15:56:29,707 | INFO | Comment 8/50: Đ𝐀̀ 𝐍𝐀̆̃𝐍𝐆 – 𝐇𝐎̣̂𝐈 𝐀𝐍 – Bà Nà - Huế • Xe 4 chỗ —— 2.19k • xe 7 chỗ ——- 2.69k • xe 16 chỗ —— 399k Zá 
2026-09-15 15:56:29,743 | INFO | Comment 9/50: tôi vừa két thúc chuyến đi bà nà giá combo 1tr3 mà công viên có chỗ miễn nhìu chỗ vẫn thu tiền vé, b
2026-09-15 15:56:29,791 | INFO | Comment 10/50: đi ntn thì giá như nào v ạ
2026-09-15 15:56:29,842 | INFO | Comment 11/50: Vé ngày mai ntn
2026-09-15 15:56:29,972 | INFO | Comment 12/50: Buffe có cần mua sẵn vé từ lúc mua vé cap treo k bạn hay là lên mua ruêng đc
2026-09-15 15:56:30,011 | INFO | Comment 13/50: đông nghẹt luôn
2026-09-15 15:56:30,049 | INFO | Comment 14/50: khu fantasy park có tính phí trò chơi riêng k ạ
2026-09-15 15:56:30,093 | INFO | Comment 15/50: Bạn ơi, bạn mang mấy bộ theo để thay ạ?
2026-09-15 15:56:30,138 | INFO | Comment 16/50: minh chuan bi di ban cho minh xin chut kinh nghiem nhe
2026-09-15 15:56:30,193 | INFO | Comment 17/50: Đi quài cũng chán🥰
2026-09-15 15:56:30,235 | INFO | Comment 18/50: ve bn.
2026-09-15 15:56:30,280 | INFO | Comment 19/50: Trên bà là hi có chỗ thuê đồ không shop
2026-09-15 15:56:30,318 | INFO | Comment 20/50: trên đấy lạnh k ạ
2026-09-15 15:56:30,319 | INFO | DOM growth: 0 -> 20
2026-09-15 15:56:30,325 | INFO | Scroll mode: NO_COMMENT
2026-09-15 15:56:33,527 | INFO | Round 2 | DOM comments: 20
2026-09-15 15:56:34,405 | INFO | DOM growth: 20 -> 20
2026-09-15 15:56:34,411 | INFO | Scroll mode: NO_COMMENT
2026-09-15 15:56:37,637 | INFO | Round 3 | DOM comments: 20
2026-09-15 15:56:38,467 | INFO | DOM growth: 20 -> 20
2026-09-15 15:56:38,482 | INFO | Scroll mode: NO_COMMENT
2026-09-15 15:56:42,486 | INFO | Round 4 | DOM comments: 20
2026-09-15 15:56:43,343 | INFO | DOM growth: 20 -> 20
2026-09-15 15:56:43,349 | INFO | Scroll mode: NO_COMMENT
2026-09-15 15:56:46,672 | INFO | Round 5 | DOM comments: 20
2026-09-15 15:56:47,397 | INFO | DOM growth: 20 -> 20
2026-09-15 15:56:47,403 | INFO | Scroll mode: NO_COMMENT
2026-09-15 15:56:50,518 | INFO | Round 6 | DOM comments: 20
2026-09-15 15:56:51,401 | INFO | DOM growth: 20 -> 20
2026-09-15 15:56:51,408 | INFO | Scroll mode: NO_COMMENT
2026-09-15 15:56:55,298 | INFO | Round 7 | DOM comments: 20
2026-09-15 15:56:56,070 | INFO | DOM growth: 20 -> 20
2026-09-15 15:56:56,076 | INFO | Scroll mode: NO_COMMENT
2026-09-15 15:56:59,867 | INFO | Round 8 | DOM comments: 20
2026-09-15 15:57:00,627 | INFO | DOM growth: 20 -> 20
2026-09-15 15:57:00,635 | INFO | Scroll mode: NO_COMMENT
2026-09-15 15:57:04,073 | INFO | Round 9 | DOM comments: 20
2026-09-15 15:57:04,850 | INFO | DOM growth: 20 -> 20
2026-09-15 15:57:04,858 | INFO | Scroll mode: NO_COMMENT
2026-09-15 15:57:07,551 | INFO | Round 10 | DOM comments: 20
2026-09-15 15:57:08,306 | INFO | DOM growth: 20 -> 20
2026-09-15 15:57:08,313 | INFO | Scroll mode: NO_COMMENT
2026-09-15 15:57:11,964 | INFO | Round 11 | DOM comments: 20
2026-09-15 15:57:12,995 | INFO | No new comments after 10 rounds.
2026-09-15 15:57:12,996 | INFO | ======================================
2026-09-15 15:57:12,997 | INFO | COMMENT RESULT: 20/50
2026-09-15 15:57:12,997 | INFO | ======================================
2026-09-15 15:57:12,999 | INFO | Saved JSON: D:\TIỂU LUẬN CHUYÊN NGÀNH\TLCN-Travel\data\raw\tiktok\tiktok_metadata_comments.json
2026-09-15 15:57:12,999 | INFO | Done: 20 comments
2026-09-15 15:57:16,410 | INFO | [3/12] https://www.tiktok.com/@tep2002_/video/7631957597859482901
2026-09-15 15:57:16,411 | INFO | Open video: https://www.tiktok.com/@tep2002_/video/7631957597859482901
2026-09-15 15:57:31,813 | INFO | ======================================
2026-09-15 15:57:31,813 | INFO | START COMMENT CRAWLING
2026-09-15 15:57:31,814 | INFO | ======================================
2026-09-15 15:57:31,814 | INFO | Opening TikTok comment panel...
2026-09-15 15:57:31,832 | INFO | Selector [data-e2e="comment-icon"] -> 1 elements
2026-09-15 15:57:33,053 | INFO | Clicked comment button: [data-e2e="comment-icon"]
2026-09-15 15:57:36,122 | INFO | Comment DOM loaded: [data-e2e="comment-level-1"] | 20 elements
2026-09-15 15:57:36,195 | INFO | Round 1 | DOM comments: 20
2026-09-15 15:57:36,335 | INFO | Comment 1/50: 𝗫𝗲 Đà 𝐍ẵ𝐧𝐠 - 𝐇ộ𝐢 𝐀𝐧 - 𝐁à 𝐍à - 𝐇𝐮ế Đ𝐚̀ 𝐍𝐚̆̃𝐧𝐠 - 𝐇𝐨̣̂𝐢 𝐀𝐧 𝐱𝐞 𝟒 𝐜𝐡𝐨̂̃ : 2 1 9 ca Đ𝐚̀ 𝐍𝐚̆̃𝐧𝐠 - 𝐇𝐨̣̂𝐢 𝐀𝐧 
2026-09-15 15:57:36,389 | INFO | Comment 2/50: ăn ở chợ dở vãii, các bà ghé đặc sản trần ăn sạch sẽ, đầy đặn nên tính ra rẻ hơn ở chợ nhé
2026-09-15 15:57:36,436 | INFO | Comment 3/50: Mì quảng dung này cũng siêu ngon mà đông lắm luôn
2026-09-15 15:57:36,480 | INFO | Comment 4/50: Tui dân Đà Nẵng nè, có thể ăn sáng bằng mỳ quảng 7 ngày trong tuần. Mỗi ngày mỗi quán cách nấu khác 
2026-09-15 15:57:36,528 | INFO | Comment 5/50: Bà Rô với Năm Đảnh quán nào OK hơn vậy mn
2026-09-15 15:57:36,582 | INFO | Comment 6/50: Bánh tráng thịt heo ĐN ở đâu ok nhất v ạ
2026-09-15 15:57:36,635 | INFO | Comment 7/50: Bánh xèo cô Ba với bánh xèo bà Dưỡng quán nào okela hơn vậy mn???
2026-09-15 15:57:36,683 | INFO | Comment 8/50: Mì quảng bà Dinh ngọt liệm. Ko ngon nhé
2026-09-15 15:57:36,732 | INFO | Comment 9/50: 10k 1 chén bánh bèo á 😳😳😳, thiệt hay giỡn
2026-09-15 15:57:36,782 | INFO | Comment 10/50: Đi ĐN thì ở khu nào là tiện, gần biển ạ
2026-09-15 15:57:36,833 | INFO | Comment 11/50: Mỳ quảng bà dinh bán tối k b
2026-09-15 15:57:36,881 | INFO | Comment 12/50: Mình xin quán ăn hải sản ngon để đem gia đình đi ạ, thành tâm xin rì viu chân thật ạ
2026-09-15 15:57:36,928 | INFO | Comment 13/50: Rcm mấy bà ăn cá đuối nướng ở ĐN đi ngon lắm
2026-09-15 15:57:36,972 | INFO | Comment 14/50: Quán này mẹ của chủ shop
2026-09-15 15:57:37,017 | INFO | Comment 15/50: Đà Nẵng - Hội An - Bà Nà - Huế • Xe 4 chỗ: 2.2.9 cá • xe 7 chỗ : 2.7.9 cá • xe 16 chỗ : 4.1.9 cá Cal
2026-09-15 15:57:37,065 | INFO | Comment 16/50: bánh tráng cuốn thịt heo ở quán bi mỹ nghe mng rv mà ăn k có hợp thấy mặn sao á
2026-09-15 15:57:37,111 | INFO | Comment 17/50: mng cho em hỏi đi ĐN nên ở khu nào thì dễ di chuyển và tiện nhất ạ
2026-09-15 15:57:37,154 | INFO | Comment 18/50: Xe du lịch Đà Nẵng - Hội An - Bà Nà - Huế Đà Nẵng - Hội An xe 4 chỗ : 2.1.9k Đà Nẵng - Hội An xe 7 c
2026-09-15 15:57:37,197 | INFO | Comment 19/50: 𝗫𝗲 Đà 𝐍ẵ𝐧𝐠 - 𝐇ộ𝐢 𝐀𝐧 - 𝐁à 𝐍à - 𝐇𝐮ế 🌿Xe 4 chỗ giá 219k 1 chiều ( bao xe ) 🌿Xe 7 chỗ giá 269k 1 chiều (
2026-09-15 15:57:37,242 | INFO | Comment 20/50: Bánh tráng nướng hn thiếu đeo gì mà ko bao h có
2026-09-15 15:57:37,243 | INFO | DOM growth: 0 -> 20
2026-09-15 15:57:37,252 | INFO | Scroll mode: NO_COMMENT
2026-09-15 15:57:40,682 | INFO | Round 2 | DOM comments: 20
2026-09-15 15:57:41,683 | INFO | DOM growth: 20 -> 20
2026-09-15 15:57:41,692 | INFO | Scroll mode: NO_COMMENT
2026-09-15 15:57:44,909 | INFO | Round 3 | DOM comments: 20
2026-09-15 15:57:45,926 | INFO | DOM growth: 20 -> 20
2026-09-15 15:57:45,934 | INFO | Scroll mode: NO_COMMENT
2026-09-15 15:57:49,570 | INFO | Round 4 | DOM comments: 20
2026-09-15 15:57:50,574 | INFO | DOM growth: 20 -> 20
2026-09-15 15:57:50,584 | INFO | Scroll mode: NO_COMMENT
2026-09-15 15:57:53,598 | INFO | Round 5 | DOM comments: 20
2026-09-15 15:57:54,532 | INFO | DOM growth: 20 -> 20
2026-09-15 15:57:54,541 | INFO | Scroll mode: NO_COMMENT
2026-09-15 15:57:58,524 | INFO | Round 6 | DOM comments: 20
2026-09-15 15:57:59,486 | INFO | DOM growth: 20 -> 20
2026-09-15 15:57:59,498 | INFO | Scroll mode: NO_COMMENT
2026-09-15 15:58:03,328 | INFO | Round 7 | DOM comments: 20
2026-09-15 15:58:04,248 | INFO | DOM growth: 20 -> 20
2026-09-15 15:58:04,257 | INFO | Scroll mode: NO_COMMENT
2026-09-15 15:58:08,156 | INFO | Round 8 | DOM comments: 20
2026-09-15 15:58:09,109 | INFO | DOM growth: 20 -> 20
2026-09-15 15:58:09,117 | INFO | Scroll mode: NO_COMMENT
2026-09-15 15:58:12,964 | INFO | Round 9 | DOM comments: 20
2026-09-15 15:58:13,944 | INFO | DOM growth: 20 -> 20
2026-09-15 15:58:13,952 | INFO | Scroll mode: NO_COMMENT
2026-09-15 15:58:16,629 | INFO | Round 10 | DOM comments: 20
2026-09-15 15:58:17,449 | INFO | DOM growth: 20 -> 20
2026-09-15 15:58:17,458 | INFO | Scroll mode: NO_COMMENT
2026-09-15 15:58:21,039 | INFO | Round 11 | DOM comments: 20
2026-09-15 15:58:22,090 | INFO | No new comments after 10 rounds.
2026-09-15 15:58:22,090 | INFO | ======================================
2026-09-15 15:58:22,090 | INFO | COMMENT RESULT: 20/50
2026-09-15 15:58:22,090 | INFO | ======================================
2026-09-15 15:58:22,093 | INFO | Saved JSON: D:\TIỂU LUẬN CHUYÊN NGÀNH\TLCN-Travel\data\raw\tiktok\tiktok_metadata_comments.json
2026-09-15 15:58:22,093 | INFO | Done: 20 comments
2026-09-15 15:58:26,908 | INFO | [4/12] https://www.tiktok.com/@danangtravel24/video/7664465113881136404
2026-09-15 15:58:26,908 | INFO | Open video: https://www.tiktok.com/@danangtravel24/video/7664465113881136404
2026-09-15 15:58:40,112 | INFO | ======================================
2026-09-15 15:58:40,112 | INFO | START COMMENT CRAWLING
2026-09-15 15:58:40,112 | INFO | ======================================
2026-09-15 15:58:40,113 | INFO | Opening TikTok comment panel...
2026-09-15 15:58:40,130 | INFO | Selector [data-e2e="comment-icon"] -> 1 elements
2026-09-15 15:58:41,380 | INFO | Clicked comment button: [data-e2e="comment-icon"]
2026-09-15 15:58:44,406 | INFO | Comment DOM loaded: [data-e2e="comment-level-1"] | 20 elements
2026-09-15 15:58:44,430 | INFO | Round 1 | DOM comments: 20
2026-09-15 15:58:44,529 | INFO | Comment 1/50: 3ng 2 đêm từ thái nguyên 2 người giá bao nhiêu bn trọn gói
2026-09-15 15:58:44,575 | INFO | Comment 2/50: Tết âm lịch em ơi
2026-09-15 15:58:44,627 | INFO | Comment 3/50: 3 ngày 2 đêm cho 2 người lớn từ sân bay Tân Sơn Nhất trọn gói bao nhiêu ạ
2026-09-15 15:58:44,670 | INFO | Comment 4/50: xin giá tổng cho 3 người lớn đi ngày 19/9 ạ từ TPHCM
2026-09-15 15:58:44,709 | INFO | Comment 5/50: tu sg di ngay 23/11 thi gia bao nhieu 1nguoi vay a ?
2026-09-15 15:58:44,747 | INFO | Comment 6/50: Tư vấn mình vs ạ
2026-09-15 15:58:44,783 | INFO | Comment 7/50: đi từ sg giá sao ạ
2026-09-15 15:58:44,821 | INFO | Comment 8/50: Cho chị xin giá 2ng bay từ TPHCM nha em
2026-09-15 15:58:44,857 | INFO | Comment 9/50: ib chị đi từ tphcm
2026-09-15 15:58:44,894 | INFO | Comment 10/50: Mình xin tổng giá cho 1 người đi từ tphcm ạ
2026-09-15 15:58:44,931 | INFO | Comment 11/50: 2 người lớn bao nhiêu chọn gói
2026-09-15 15:58:44,970 | INFO | Comment 12/50: Ib
2026-09-15 15:58:45,006 | INFO | Comment 13/50: Xuất phát từ cần Thơ ( ngay 29/8-31/8)
2026-09-15 15:58:45,047 | INFO | Comment 14/50: Chị xin giá 3-2dêm ơ đa nanq từ 26-29 tháng 10
2026-09-15 15:58:45,087 | INFO | Comment 15/50: 3ng 2 đêm từ biên hoà 2 người giá bao nhiêu bn trọn gói
2026-09-15 15:58:45,124 | INFO | Comment 16/50: nhắn ở tik hay số ạ
2026-09-15 15:58:45,163 | INFO | Comment 17/50: tư vấn c tua 3ngay 2đêm chi ở cần giuộc Long An
2026-09-15 15:58:45,203 | INFO | Comment 18/50: Tv đi ah .2 người lớn 1tre e
2026-09-15 15:58:45,244 | INFO | Comment 19/50: Xuất phát từ TP.HCM: 12 người tư vấn giúp ạ
2026-09-15 15:58:45,280 | INFO | Comment 20/50: Sg đà nẵng
2026-09-15 15:58:45,280 | INFO | DOM growth: 0 -> 20
2026-09-15 15:58:45,291 | INFO | Scroll mode: NO_COMMENT
2026-09-15 15:58:49,046 | INFO | Round 2 | DOM comments: 20
2026-09-15 15:58:50,041 | INFO | DOM growth: 20 -> 20
2026-09-15 15:58:50,050 | INFO | Scroll mode: NO_COMMENT
2026-09-15 15:58:53,821 | INFO | Round 3 | DOM comments: 20
2026-09-15 15:58:54,739 | INFO | DOM growth: 20 -> 20
2026-09-15 15:58:54,746 | INFO | Scroll mode: NO_COMMENT
2026-09-15 15:58:58,363 | INFO | Round 4 | DOM comments: 20
2026-09-15 15:58:59,367 | INFO | DOM growth: 20 -> 20
2026-09-15 15:58:59,382 | INFO | Scroll mode: NO_COMMENT
2026-09-15 15:59:02,170 | INFO | Round 5 | DOM comments: 20
2026-09-15 15:59:03,006 | INFO | DOM growth: 20 -> 20
2026-09-15 15:59:03,012 | INFO | Scroll mode: NO_COMMENT
2026-09-15 15:59:05,671 | INFO | Round 6 | DOM comments: 20
2026-09-15 15:59:06,602 | INFO | DOM growth: 20 -> 20
2026-09-15 15:59:06,610 | INFO | Scroll mode: NO_COMMENT
2026-09-15 15:59:09,334 | INFO | Round 7 | DOM comments: 20
2026-09-15 15:59:10,296 | INFO | DOM growth: 20 -> 20
2026-09-15 15:59:10,303 | INFO | Scroll mode: NO_COMMENT
2026-09-15 15:59:12,930 | INFO | Round 8 | DOM comments: 20
2026-09-15 15:59:14,065 | INFO | DOM growth: 20 -> 20
2026-09-15 15:59:14,073 | INFO | Scroll mode: NO_COMMENT
2026-09-15 15:59:17,752 | INFO | Round 9 | DOM comments: 20
2026-09-15 15:59:18,687 | INFO | DOM growth: 20 -> 20
2026-09-15 15:59:18,694 | INFO | Scroll mode: NO_COMMENT
2026-09-15 15:59:21,327 | INFO | Round 10 | DOM comments: 20
2026-09-15 15:59:22,214 | INFO | DOM growth: 20 -> 20
2026-09-15 15:59:22,223 | INFO | Scroll mode: NO_COMMENT
2026-09-15 15:59:26,109 | INFO | Round 11 | DOM comments: 20
2026-09-15 15:59:27,065 | INFO | No new comments after 10 rounds.
2026-09-15 15:59:27,065 | INFO | ======================================
2026-09-15 15:59:27,066 | INFO | COMMENT RESULT: 20/50
2026-09-15 15:59:27,066 | INFO | ======================================
2026-09-15 15:59:27,068 | INFO | Saved JSON: D:\TIỂU LUẬN CHUYÊN NGÀNH\TLCN-Travel\data\raw\tiktok\tiktok_metadata_comments.json
2026-09-15 15:59:27,068 | INFO | Done: 20 comments
2026-09-15 15:59:30,930 | INFO | [5/12] https://www.tiktok.com/@review.danang24/video/7649247032120577298
2026-09-15 15:59:30,934 | INFO | Open video: https://www.tiktok.com/@review.danang24/video/7649247032120577298
2026-09-15 15:59:43,798 | INFO | ======================================
2026-09-15 15:59:43,798 | INFO | START COMMENT CRAWLING
2026-09-15 15:59:43,798 | INFO | ======================================
2026-09-15 15:59:43,798 | INFO | Opening TikTok comment panel...
2026-09-15 15:59:43,812 | INFO | Selector [data-e2e="comment-icon"] -> 1 elements
2026-09-15 15:59:45,052 | INFO | Clicked comment button: [data-e2e="comment-icon"]
2026-09-15 15:59:48,078 | INFO | Comment DOM loaded: [data-e2e="comment-level-1"] | 20 elements
2026-09-15 15:59:48,102 | INFO | Round 1 | DOM comments: 20
2026-09-15 15:59:48,211 | INFO | Comment 1/50: Đ𝐀̀ 𝐍𝐀̆̃𝐍𝐆 – 𝐇𝐎̣̂𝐈 𝐀𝐍 – Bà Nà - Huế Xe 4 chôỗ __ 219.k ☘️Xe 7 chôỗ___ 2.69k 🌿 Xe 16 chôỗ____ 3.99k 🍃
2026-09-15 15:59:48,252 | INFO | Comment 2/50: Mình xin giá tua ạ cho 6 người 2 người lớn 4 trẻ em ạ
2026-09-15 15:59:48,290 | INFO | Comment 3/50: Tu vấn cho mình combo đi 2 người từ ngày 8/9 đi 2 ngày tu sai gon
2026-09-15 15:59:48,330 | INFO | Comment 4/50: 2/8 e và đà nẵng tv e
2026-09-15 15:59:48,366 | INFO | Comment 5/50: Giá vế ba nà niêu
2026-09-15 15:59:48,407 | INFO | Comment 6/50: Xin dép lào
2026-09-15 15:59:48,450 | INFO | Comment 7/50: Ib mình
2026-09-15 15:59:48,491 | INFO | Comment 8/50: Tư vấn giúp mình ạ
2026-09-15 15:59:48,527 | INFO | Comment 9/50: cho mình xin giá tour cho 9 người ạh
2026-09-15 15:59:48,566 | INFO | Comment 10/50: xin giá
2026-09-15 15:59:48,601 | INFO | Comment 11/50: Tư vấn tua
2026-09-15 15:59:48,643 | INFO | Comment 12/50: Cho mình xin giá 6 ng 2 ng lớn 4 trẻ em ạ
2026-09-15 15:59:48,680 | INFO | Comment 13/50: xin giá tour tháng 9 ạ
2026-09-15 15:59:48,755 | INFO | Comment 14/50: Xin giá từ hn đi ạ 2ng lớn 3n2d
2026-09-15 15:59:48,793 | INFO | Comment 15/50: anh sin 2 nguoi gia bao nhiê
2026-09-15 15:59:48,834 | INFO | Comment 16/50: đã
2026-09-15 15:59:48,877 | INFO | Comment 17/50: 🥰 chỗ nào cx đẹp
2026-09-15 15:59:48,918 | INFO | Comment 18/50: Nội dung hay đó.
2026-09-15 15:59:48,954 | INFO | Comment 19/50: Mình xin giá vé bà nà với ạ
2026-09-15 15:59:48,999 | INFO | DOM growth: 0 -> 20
2026-09-15 15:59:49,007 | INFO | Scroll mode: NO_COMMENT
2026-09-15 15:59:52,755 | INFO | Round 2 | DOM comments: 20
2026-09-15 15:59:53,717 | INFO | DOM growth: 20 -> 20
2026-09-15 15:59:53,724 | INFO | Scroll mode: NO_COMMENT
2026-09-15 15:59:56,900 | INFO | Round 3 | DOM comments: 20
2026-09-15 15:59:57,784 | INFO | DOM growth: 20 -> 20
2026-09-15 15:59:57,792 | INFO | Scroll mode: NO_COMMENT
2026-09-15 16:00:01,126 | INFO | Round 4 | DOM comments: 20
2026-09-15 16:00:02,216 | INFO | DOM growth: 20 -> 20
2026-09-15 16:00:02,223 | INFO | Scroll mode: NO_COMMENT
2026-09-15 16:00:05,480 | INFO | Round 5 | DOM comments: 20
2026-09-15 16:00:06,306 | INFO | DOM growth: 20 -> 20
2026-09-15 16:00:06,335 | INFO | Scroll mode: NO_COMMENT
2026-09-15 16:00:09,043 | INFO | Round 6 | DOM comments: 20
2026-09-15 16:00:10,102 | INFO | DOM growth: 20 -> 20
2026-09-15 16:00:10,118 | INFO | Scroll mode: NO_COMMENT
2026-09-15 16:00:13,389 | INFO | Round 7 | DOM comments: 20
2026-09-15 16:00:14,203 | INFO | DOM growth: 20 -> 20
2026-09-15 16:00:14,213 | INFO | Scroll mode: NO_COMMENT
2026-09-15 16:00:16,747 | INFO | Round 8 | DOM comments: 20
2026-09-15 16:00:17,536 | INFO | DOM growth: 20 -> 20
2026-09-15 16:00:17,548 | INFO | Scroll mode: NO_COMMENT
2026-09-15 16:00:20,509 | INFO | Round 9 | DOM comments: 20
2026-09-15 16:00:21,344 | INFO | DOM growth: 20 -> 20
2026-09-15 16:00:21,351 | INFO | Scroll mode: NO_COMMENT
2026-09-15 16:00:24,473 | INFO | Round 10 | DOM comments: 20
2026-09-15 16:00:25,389 | INFO | DOM growth: 20 -> 20
2026-09-15 16:00:25,397 | INFO | Scroll mode: NO_COMMENT
2026-09-15 16:00:28,021 | INFO | Round 11 | DOM comments: 20
2026-09-15 16:00:28,816 | INFO | No new comments after 10 rounds.
2026-09-15 16:00:28,816 | INFO | ======================================
2026-09-15 16:00:28,816 | INFO | COMMENT RESULT: 19/50
2026-09-15 16:00:28,817 | INFO | ======================================
2026-09-15 16:00:28,820 | INFO | Saved JSON: D:\TIỂU LUẬN CHUYÊN NGÀNH\TLCN-Travel\data\raw\tiktok\tiktok_metadata_comments.json
2026-09-15 16:00:28,820 | INFO | Done: 19 comments
2026-09-15 16:00:31,452 | INFO | [6/12] https://www.tiktok.com/@hoangyen.shinetravel/video/7635231945676393749
2026-09-15 16:00:31,452 | INFO | Open video: https://www.tiktok.com/@hoangyen.shinetravel/video/7635231945676393749
2026-09-15 16:00:46,695 | INFO | ======================================
2026-09-15 16:00:46,695 | INFO | START COMMENT CRAWLING
2026-09-15 16:00:46,695 | INFO | ======================================
2026-09-15 16:00:46,695 | INFO | Opening TikTok comment panel...
2026-09-15 16:00:46,709 | INFO | Selector [data-e2e="comment-icon"] -> 1 elements
2026-09-15 16:00:47,984 | INFO | Clicked comment button: [data-e2e="comment-icon"]
2026-09-15 16:00:51,019 | INFO | Comment DOM loaded: [data-e2e="comment-level-1"] | 20 elements
2026-09-15 16:00:51,056 | INFO | Round 1 | DOM comments: 20
2026-09-15 16:00:51,176 | INFO | Comment 1/50: Tớ có combo Đà Nẵng tháng 5 3n2đ từ 3tr9, 4n3đ từ 4tr1. Combo bao gồm máy bay khứ hồi + khách sạn nằ
2026-09-15 16:00:51,237 | INFO | Comment 2/50: Cho e hỏi chỗ bán đảo Sơn trà c quay kia có phát leo lên ko ạ
2026-09-15 16:00:51,297 | INFO | Comment 3/50: Phòng bnh ạ
2026-09-15 16:00:51,340 | INFO | Comment 4/50: Đi tháng 7 có đẹp k a
2026-09-15 16:00:51,378 | INFO | Comment 5/50: Mình xin địa chỉ mua bộ trắng đầu tiên của mình
2026-09-15 16:00:51,419 | INFO | Comment 6/50: Xin giá lễ 2/9 nha bạn
2026-09-15 16:00:51,467 | INFO | Comment 7/50: Đà nẵng đi tháng 8 được ko mn
2026-09-15 16:00:51,510 | INFO | Comment 8/50: Anh vừa đi 3n 2đ thực sự là hơi ít thời gian chuẩn phải là 5n4d
2026-09-15 16:00:51,547 | INFO | Comment 9/50: Cậu ơi. Đi xe gì thế? Có say k. Cho tớ xin review hãng xe đi ổn
2026-09-15 16:00:51,594 | INFO | Comment 10/50: Đặt vé thuyền thúng ở đậu vậy ạ???
2026-09-15 16:00:51,634 | INFO | Comment 11/50: Cù lao chàm gần và thuận với hội an à bạn
2026-09-15 16:00:51,676 | INFO | Comment 12/50: Ib mk nha
2026-09-15 16:00:51,713 | INFO | Comment 13/50: Đi xe máy thì thường sẽ có chỗ để đâu không ạ
2026-09-15 16:00:51,752 | INFO | Comment 14/50: Mình xin hãng xe đi từ hà nội vào đà nẵng
2026-09-15 16:00:51,797 | INFO | Comment 15/50: Xin tua 5n4 đà nắng hội an huế
2026-09-15 16:00:51,842 | INFO | Comment 16/50: Bạn có ks ko ạ
2026-09-15 16:00:51,897 | INFO | Comment 17/50: Mk xin combo tháng 6
2026-09-15 16:00:51,944 | INFO | Comment 18/50: tvan hộ m 4 ngày e đêm cho đầu tháng 6 với b ơi, 2 người lớn, 3 trẻ em ah
2026-09-15 16:00:51,997 | INFO | Comment 19/50: đi 1 mình thì mua vé ntn ạ 🥹
2026-09-15 16:00:52,063 | INFO | Comment 20/50: Cho mk xin combo cuối t7 đầu t8
2026-09-15 16:00:52,063 | INFO | DOM growth: 0 -> 20
2026-09-15 16:00:52,083 | INFO | Scroll mode: NO_COMMENT
2026-09-15 16:00:55,753 | INFO | Round 2 | DOM comments: 20
2026-09-15 16:00:56,754 | INFO | DOM growth: 20 -> 20
2026-09-15 16:00:56,761 | INFO | Scroll mode: NO_COMMENT
2026-09-15 16:00:59,803 | INFO | Round 3 | DOM comments: 20
2026-09-15 16:01:00,813 | INFO | DOM growth: 20 -> 20
2026-09-15 16:01:00,820 | INFO | Scroll mode: NO_COMMENT
2026-09-15 16:01:03,453 | INFO | Round 4 | DOM comments: 20
2026-09-15 16:01:04,271 | INFO | DOM growth: 20 -> 20
2026-09-15 16:01:04,278 | INFO | Scroll mode: NO_COMMENT
2026-09-15 16:01:07,762 | INFO | Round 5 | DOM comments: 20
2026-09-15 16:01:08,508 | INFO | DOM growth: 20 -> 20
2026-09-15 16:01:08,516 | INFO | Scroll mode: NO_COMMENT
2026-09-15 16:01:11,333 | INFO | Round 6 | DOM comments: 20
2026-09-15 16:01:12,251 | INFO | DOM growth: 20 -> 20
2026-09-15 16:01:12,258 | INFO | Scroll mode: NO_COMMENT
2026-09-15 16:01:15,080 | INFO | Round 7 | DOM comments: 20
2026-09-15 16:01:15,927 | INFO | DOM growth: 20 -> 20
2026-09-15 16:01:15,934 | INFO | Scroll mode: NO_COMMENT
2026-09-15 16:01:18,841 | INFO | Round 8 | DOM comments: 20
2026-09-15 16:01:19,853 | INFO | DOM growth: 20 -> 20
2026-09-15 16:01:19,861 | INFO | Scroll mode: NO_COMMENT
2026-09-15 16:01:23,839 | INFO | Round 9 | DOM comments: 20
2026-09-15 16:01:24,816 | INFO | DOM growth: 20 -> 20
2026-09-15 16:01:24,824 | INFO | Scroll mode: NO_COMMENT
2026-09-15 16:01:27,988 | INFO | Round 10 | DOM comments: 20
2026-09-15 16:01:28,955 | INFO | DOM growth: 20 -> 20
2026-09-15 16:01:29,007 | INFO | Scroll mode: NO_COMMENT
2026-09-15 16:01:32,533 | INFO | Round 11 | DOM comments: 20
2026-09-15 16:01:33,498 | INFO | No new comments after 10 rounds.
2026-09-15 16:01:33,498 | INFO | ======================================
2026-09-15 16:01:33,499 | INFO | COMMENT RESULT: 20/50
2026-09-15 16:01:33,499 | INFO | ======================================
2026-09-15 16:01:33,501 | INFO | Saved JSON: D:\TIỂU LUẬN CHUYÊN NGÀNH\TLCN-Travel\data\raw\tiktok\tiktok_metadata_comments.json
2026-09-15 16:01:33,501 | INFO | Done: 20 comments
2026-09-15 16:01:36,461 | INFO | [7/12] https://www.tiktok.com/@thoitietdanang.tiktok/video/7662988982795373832
2026-09-15 16:01:36,462 | INFO | Open video: https://www.tiktok.com/@thoitietdanang.tiktok/video/7662988982795373832
2026-09-15 16:01:47,550 | INFO | ======================================
2026-09-15 16:01:47,550 | INFO | START COMMENT CRAWLING
2026-09-15 16:01:47,551 | INFO | ======================================
2026-09-15 16:01:47,551 | INFO | Opening TikTok comment panel...
2026-09-15 16:01:47,624 | INFO | Selector [data-e2e="comment-icon"] -> 1 elements
2026-09-15 16:01:49,114 | INFO | Clicked comment button: [data-e2e="comment-icon"]
2026-09-15 16:02:02,499 | WARNING | Comment DOM not detected.
2026-09-15 16:02:02,499 | WARNING | Could not open/load comment section.
2026-09-15 16:02:02,504 | INFO | Saved JSON: D:\TIỂU LUẬN CHUYÊN NGÀNH\TLCN-Travel\data\raw\tiktok\tiktok_metadata_comments.json
2026-09-15 16:02:02,505 | INFO | Done: 0 comments
2026-09-15 16:02:05,988 | INFO | [8/12] https://www.tiktok.com/@thuexemaydanang43hovy/video/7628220945903144213
2026-09-15 16:02:05,988 | INFO | Open video: https://www.tiktok.com/@thuexemaydanang43hovy/video/7628220945903144213
2026-09-15 16:02:13,863 | INFO | ======================================
2026-09-15 16:02:13,864 | INFO | START COMMENT CRAWLING
2026-09-15 16:02:13,865 | INFO | ======================================
2026-09-15 16:02:13,865 | INFO | Opening TikTok comment panel...
2026-09-15 16:02:13,896 | INFO | Selector [data-e2e="comment-icon"] -> 1 elements
2026-09-15 16:02:15,100 | INFO | Clicked comment button: [data-e2e="comment-icon"]
2026-09-15 16:02:28,238 | WARNING | Comment DOM not detected.
2026-09-15 16:02:28,238 | WARNING | Could not open/load comment section.
2026-09-15 16:02:28,251 | INFO | Saved JSON: D:\TIỂU LUẬN CHUYÊN NGÀNH\TLCN-Travel\data\raw\tiktok\tiktok_metadata_comments.json
2026-09-15 16:02:28,252 | INFO | Done: 0 comments
2026-09-15 16:02:33,183 | INFO | [9/12] https://www.tiktok.com/@vietnam.express.g7/video/7639041759401594130
2026-09-15 16:02:33,185 | INFO | Open video: https://www.tiktok.com/@vietnam.express.g7/video/7639041759401594130
2026-09-15 16:02:45,493 | INFO | ======================================
2026-09-15 16:02:45,493 | INFO | START COMMENT CRAWLING
2026-09-15 16:02:45,494 | INFO | ======================================
2026-09-15 16:02:45,494 | INFO | Opening TikTok comment panel...
2026-09-15 16:02:45,510 | INFO | Selector [data-e2e="comment-icon"] -> 1 elements
2026-09-15 16:02:46,760 | INFO | Clicked comment button: [data-e2e="comment-icon"]
2026-09-15 16:02:49,794 | INFO | Comment DOM loaded: [data-e2e="comment-level-1"] | 20 elements
2026-09-15 16:02:49,814 | INFO | Round 1 | DOM comments: 20
2026-09-15 16:02:49,902 | INFO | Comment 1/50: Mô phật, mình người Đà Nẵng đây các bạn. Lịch như này chắc các bạn fai là dân phượt chuyên nghiệp ma
2026-09-15 16:02:49,948 | INFO | Comment 2/50: you can't do all that on day 1...Ba Na Hills is one whole day on its own.
2026-09-15 16:02:49,989 | INFO | Comment 3/50: Best month to go? Is it good early to mid June?
2026-09-15 16:02:50,033 | INFO | Comment 4/50: Do you think people could squeeze in a visit to the rage room into those 3 days?
2026-09-15 16:02:50,078 | INFO | Comment 5/50: 😂 No it doesn’t really look like this video trust me
2026-09-15 16:02:50,117 | INFO | Comment 6/50: Where are marble mountains
2026-09-15 16:02:50,164 | INFO | Comment 7/50: Very unrealistic
2026-09-15 16:02:50,230 | INFO | Comment 8/50: Not a realistic itinerary. This will be too rushed, trust me.
2026-09-15 16:02:50,284 | INFO | Comment 9/50: Day 4 : Surfing With us
2026-09-15 16:02:50,333 | INFO | Comment 10/50: wich one is the best area to book the hotel?
2026-09-15 16:02:50,381 | INFO | Comment 11/50: See you on Aug 13th Danang 😍
2026-09-15 16:02:50,433 | INFO | Comment 12/50: Can’t coming you only swimming 21:00 pm and eating dinner co much money
2026-09-15 16:02:50,475 | INFO | Comment 13/50: fantastico!!!😳
2026-09-15 16:02:50,515 | INFO | Comment 14/50: Actually it's not possible watch those in one day also total 3days as well. Dont say wrong thing to 
2026-09-15 16:02:50,557 | INFO | Comment 15/50: anh chị tham khảo home em nha
2026-09-15 16:02:50,597 | INFO | Comment 16/50: Nếu có quá ít ngày các bạn nên ưu tiên đi biển ĐN và phố cổ Hội An
2026-09-15 16:02:50,637 | INFO | Comment 17/50: no first beach...
2026-09-15 16:02:50,675 | INFO | Comment 18/50: Looks absolutely stunning there!
2026-09-15 16:02:50,709 | INFO | Comment 19/50: see you soon vietnam 🥰
2026-09-15 16:02:50,751 | INFO | Comment 20/50: Đỉnh vãi
2026-09-15 16:02:50,752 | INFO | DOM growth: 0 -> 20
2026-09-15 16:02:50,763 | INFO | Scroll mode: NO_COMMENT
2026-09-15 16:02:53,672 | INFO | Round 2 | DOM comments: 20
2026-09-15 16:02:54,583 | INFO | DOM growth: 20 -> 20
2026-09-15 16:02:54,590 | INFO | Scroll mode: NO_COMMENT
2026-09-15 16:02:57,788 | INFO | Round 3 | DOM comments: 20
2026-09-15 16:02:58,521 | INFO | DOM growth: 20 -> 20
2026-09-15 16:02:58,528 | INFO | Scroll mode: NO_COMMENT
2026-09-15 16:03:02,191 | INFO | Round 4 | DOM comments: 20
2026-09-15 16:03:03,124 | INFO | DOM growth: 20 -> 20
2026-09-15 16:03:03,131 | INFO | Scroll mode: NO_COMMENT
2026-09-15 16:03:07,086 | INFO | Round 5 | DOM comments: 20
2026-09-15 16:03:08,534 | INFO | DOM growth: 20 -> 20
2026-09-15 16:03:08,543 | INFO | Scroll mode: NO_COMMENT
2026-09-15 16:03:11,778 | INFO | Round 6 | DOM comments: 20
2026-09-15 16:03:12,622 | INFO | DOM growth: 20 -> 20
2026-09-15 16:03:12,630 | INFO | Scroll mode: NO_COMMENT
2026-09-15 16:03:15,359 | INFO | Round 7 | DOM comments: 20
2026-09-15 16:03:16,293 | INFO | DOM growth: 20 -> 20
2026-09-15 16:03:16,300 | INFO | Scroll mode: NO_COMMENT
2026-09-15 16:03:19,535 | INFO | Round 8 | DOM comments: 20
2026-09-15 16:03:20,386 | INFO | DOM growth: 20 -> 20
2026-09-15 16:03:20,392 | INFO | Scroll mode: NO_COMMENT
2026-09-15 16:03:23,811 | INFO | Round 9 | DOM comments: 20
2026-09-15 16:03:24,647 | INFO | DOM growth: 20 -> 20
2026-09-15 16:03:24,661 | INFO | Scroll mode: NO_COMMENT
2026-09-15 16:03:28,597 | INFO | Round 10 | DOM comments: 20
2026-09-15 16:03:29,697 | INFO | DOM growth: 20 -> 20
2026-09-15 16:03:29,704 | INFO | Scroll mode: NO_COMMENT
2026-09-15 16:03:32,735 | INFO | Round 11 | DOM comments: 20
2026-09-15 16:03:33,684 | INFO | No new comments after 10 rounds.
2026-09-15 16:03:33,684 | INFO | ======================================
2026-09-15 16:03:33,684 | INFO | COMMENT RESULT: 20/50
2026-09-15 16:03:33,685 | INFO | ======================================
2026-09-15 16:03:33,690 | INFO | Saved JSON: D:\TIỂU LUẬN CHUYÊN NGÀNH\TLCN-Travel\data\raw\tiktok\tiktok_metadata_comments.json
2026-09-15 16:03:33,690 | INFO | Done: 20 comments
2026-09-15 16:03:38,179 | INFO | [10/12] https://www.tiktok.com/@hoangyen.shinetravel/video/7630455816352501012
2026-09-15 16:03:38,179 | INFO | Open video: https://www.tiktok.com/@hoangyen.shinetravel/video/7630455816352501012
2026-09-15 16:03:54,449 | INFO | ======================================
2026-09-15 16:03:54,450 | INFO | START COMMENT CRAWLING
2026-09-15 16:03:54,451 | INFO | ======================================
2026-09-15 16:03:54,451 | INFO | Opening TikTok comment panel...
2026-09-15 16:03:54,466 | INFO | Selector [data-e2e="comment-icon"] -> 1 elements
2026-09-15 16:03:55,737 | INFO | Clicked comment button: [data-e2e="comment-icon"]
2026-09-15 16:03:58,803 | INFO | Comment DOM loaded: [data-e2e="comment-level-1"] | 20 elements
2026-09-15 16:03:58,833 | INFO | Round 1 | DOM comments: 20
2026-09-15 16:03:58,994 | INFO | Comment 1/50: Tớ có combo Đà Nẵng tháng 4 3n2đ từ 3tr8, 4n3đ từ 3tr950. Combo bao gồm máy bay khứ hồi + khách sạn 
2026-09-15 16:03:59,035 | INFO | Comment 2/50: muốn đi chơi mac hk biết đặt khách sạn khu nào cho tiện ạ. cứu bed
2026-09-15 16:03:59,080 | INFO | Comment 3/50: b ơi có combo t9 k ạ?
2026-09-15 16:03:59,124 | INFO | Comment 4/50: Đặt vé rừng dừa với vé lên bà nà hil ở đâu vậy ạ
2026-09-15 16:03:59,161 | INFO | Comment 5/50: đặt vé rừng dừa ở đâu vậy cậu
2026-09-15 16:03:59,201 | INFO | Comment 6/50: Có vé t8 k b
2026-09-15 16:03:59,239 | INFO | Comment 7/50: Vé dừng rừa trẻ con đi được ko ạ
2026-09-15 16:03:59,276 | INFO | Comment 8/50: Bên mình còn phòng ở hội an k ạ
2026-09-15 16:03:59,312 | INFO | Comment 9/50: ib mình combo tháng 6 với ạ
2026-09-15 16:03:59,350 | INFO | Comment 10/50: Chị cho em tham khảo combo tháng 6 với ạ
2026-09-15 16:03:59,386 | INFO | Comment 11/50: Shop đi khoẻ thế 😀
2026-09-15 16:03:59,421 | INFO | Comment 12/50: Ib tư vấn e
2026-09-15 16:03:59,456 | INFO | Comment 13/50: chị có combo tháng5 k ai
2026-09-15 16:03:59,497 | INFO | Comment 14/50: cho em xin thông tin khách sạn tháng 5 ạ
2026-09-15 16:03:59,538 | INFO | Comment 15/50: Ib giá từ 4 hoặc 5/5 ạ
2026-09-15 16:03:59,579 | INFO | Comment 16/50: nếu k đi bà nà hill thì có lịch trình gì thay vào k mn nhỉ
2026-09-15 16:03:59,621 | INFO | Comment 17/50: Chị có tour Huế - Đà Nắng không ạ, em xin tư vấn với ạ
2026-09-15 16:03:59,664 | INFO | Comment 18/50: Đ𝐀̀ 𝐍𝐀̆̃𝐍𝐆 – 𝐇𝐎̣̂𝐈 𝐀𝐍 – Bà Nà - Huế • Xe 4 chỗ —— 2.19k ( Bao Xe ) • xe 7 chỗ ——- 2.69k ( Bao xe ) •
2026-09-15 16:03:59,711 | INFO | Comment 19/50: IP cho mình giá đi từ Hà Nội vào đà nẵng 3N2D là bao nhiêu tiền bạn ơi
2026-09-15 16:03:59,756 | INFO | Comment 20/50: Tv mình với ạ
2026-09-15 16:03:59,757 | INFO | DOM growth: 0 -> 20
2026-09-15 16:03:59,765 | INFO | Scroll mode: NO_COMMENT
2026-09-15 16:04:02,936 | INFO | Round 2 | DOM comments: 20
2026-09-15 16:04:04,025 | INFO | DOM growth: 20 -> 20
2026-09-15 16:04:04,033 | INFO | Scroll mode: NO_COMMENT
2026-09-15 16:04:06,658 | INFO | Round 3 | DOM comments: 20
2026-09-15 16:04:07,640 | INFO | DOM growth: 20 -> 20
2026-09-15 16:04:07,649 | INFO | Scroll mode: NO_COMMENT
2026-09-15 16:04:11,219 | INFO | Round 4 | DOM comments: 20
2026-09-15 16:04:12,101 | INFO | DOM growth: 20 -> 20
2026-09-15 16:04:12,111 | INFO | Scroll mode: NO_COMMENT
2026-09-15 16:04:15,710 | INFO | Round 5 | DOM comments: 20
2026-09-15 16:04:16,477 | INFO | DOM growth: 20 -> 20
2026-09-15 16:04:16,483 | INFO | Scroll mode: NO_COMMENT
2026-09-15 16:04:20,393 | INFO | Round 6 | DOM comments: 20
2026-09-15 16:04:21,136 | INFO | DOM growth: 20 -> 20
2026-09-15 16:04:21,143 | INFO | Scroll mode: NO_COMMENT
2026-09-15 16:04:24,214 | INFO | Round 7 | DOM comments: 20
2026-09-15 16:04:25,090 | INFO | DOM growth: 20 -> 20
2026-09-15 16:04:25,097 | INFO | Scroll mode: NO_COMMENT
2026-09-15 16:04:28,341 | INFO | Round 8 | DOM comments: 20
2026-09-15 16:04:29,175 | INFO | DOM growth: 20 -> 20
2026-09-15 16:04:29,181 | INFO | Scroll mode: NO_COMMENT
2026-09-15 16:04:31,937 | INFO | Round 9 | DOM comments: 20
2026-09-15 16:04:32,864 | INFO | DOM growth: 20 -> 20
2026-09-15 16:04:32,869 | INFO | Scroll mode: NO_COMMENT
2026-09-15 16:04:35,674 | INFO | Round 10 | DOM comments: 20
2026-09-15 16:04:36,492 | INFO | DOM growth: 20 -> 20
2026-09-15 16:04:36,498 | INFO | Scroll mode: NO_COMMENT
2026-09-15 16:04:39,535 | INFO | Round 11 | DOM comments: 20
2026-09-15 16:04:40,313 | INFO | No new comments after 10 rounds.
2026-09-15 16:04:40,313 | INFO | ======================================
2026-09-15 16:04:40,314 | INFO | COMMENT RESULT: 20/50
2026-09-15 16:04:40,314 | INFO | ======================================
2026-09-15 16:04:40,316 | INFO | Saved JSON: D:\TIỂU LUẬN CHUYÊN NGÀNH\TLCN-Travel\data\raw\tiktok\tiktok_metadata_comments.json
2026-09-15 16:04:40,316 | INFO | Done: 20 comments
2026-09-15 16:04:45,315 | INFO | [11/12] https://www.tiktok.com/@khanhdimotminh/video/7658630151734971655
2026-09-15 16:04:45,316 | INFO | Open video: https://www.tiktok.com/@khanhdimotminh/video/7658630151734971655
2026-09-15 16:04:56,799 | INFO | ======================================
2026-09-15 16:04:56,800 | INFO | START COMMENT CRAWLING
2026-09-15 16:04:56,800 | INFO | ======================================
2026-09-15 16:04:56,800 | INFO | Opening TikTok comment panel...
2026-09-15 16:04:56,809 | INFO | Selector [data-e2e="comment-icon"] -> 1 elements
2026-09-15 16:04:58,064 | INFO | Clicked comment button: [data-e2e="comment-icon"]
2026-09-15 16:05:01,085 | INFO | Comment DOM loaded: [data-e2e="comment-level-1"] | 20 elements
2026-09-15 16:05:01,106 | INFO | Round 1 | DOM comments: 20
2026-09-15 16:05:01,191 | INFO | Comment 1/50: Ủa sao giống giọng của a Khoai Lang Thang vậy
2026-09-15 16:05:01,233 | INFO | Comment 2/50: Giá vé và thức ăn sao bạn?
2026-09-15 16:05:01,277 | INFO | Comment 3/50: Cho e xin giá 2n1d ạ
2026-09-15 16:05:01,326 | INFO | Comment 4/50: Giá vé như nào ạ
2026-09-15 16:05:01,365 | INFO | Comment 5/50: Giá vé như thế nào
2026-09-15 16:05:01,408 | INFO | Comment 6/50: Uh mình tưởng khoai lang thang
2026-09-15 16:05:01,448 | INFO | Comment 7/50: Ở đâu đà nẵng vậy bạn
2026-09-15 16:05:01,490 | INFO | Comment 8/50: Đường đi lên làm xong chưa. Chớ ám ảnh cái đường quớ😁😁
2026-09-15 16:05:01,531 | INFO | Comment 9/50: e xin tt combo mí ạ
2026-09-15 16:05:01,575 | INFO | Comment 10/50: cho e hỏi giá vé vào bn ạ
2026-09-15 16:05:01,615 | INFO | Comment 11/50: Đặt tour ở đâu ạ
2026-09-15 16:05:01,660 | INFO | Comment 12/50: tư vấn giúp mình tuor này với bạn
2026-09-15 16:05:01,701 | INFO | Comment 13/50: giọng AI của A khoai lang thang à bạn
2026-09-15 16:05:01,744 | INFO | Comment 14/50: Nhờ a Khoai voice hả
2026-09-15 16:05:01,786 | INFO | Comment 15/50: Giá vé nhiêu ạ
2026-09-15 16:05:01,828 | INFO | Comment 16/50: O dau z ban
2026-09-15 16:05:01,868 | INFO | Comment 17/50: Giá thì k thấy nói?
2026-09-15 16:05:01,901 | INFO | Comment 18/50: đặt phòng qua đâu vậy ạ
2026-09-15 16:05:01,939 | INFO | Comment 19/50: Giá thế nào ạ
2026-09-15 16:05:01,977 | INFO | Comment 20/50: Mời Khánh đến với Phá Tam Giang Huế nha, đừng quên nhắn mình nếu bạn muốn đi nhé
2026-09-15 16:05:01,977 | INFO | DOM growth: 0 -> 20
2026-09-15 16:05:01,984 | INFO | Scroll mode: NO_COMMENT
2026-09-15 16:05:05,442 | INFO | Round 2 | DOM comments: 20
2026-09-15 16:05:06,258 | INFO | DOM growth: 20 -> 20
2026-09-15 16:05:06,264 | INFO | Scroll mode: NO_COMMENT
2026-09-15 16:05:09,640 | INFO | Round 3 | DOM comments: 20
2026-09-15 16:05:10,387 | INFO | DOM growth: 20 -> 20
2026-09-15 16:05:10,394 | INFO | Scroll mode: NO_COMMENT
2026-09-15 16:05:13,571 | INFO | Round 4 | DOM comments: 20
2026-09-15 16:05:14,438 | INFO | DOM growth: 20 -> 20
2026-09-15 16:05:14,445 | INFO | Scroll mode: NO_COMMENT
2026-09-15 16:05:18,468 | INFO | Round 5 | DOM comments: 20
2026-09-15 16:05:19,301 | INFO | DOM growth: 20 -> 20
2026-09-15 16:05:19,308 | INFO | Scroll mode: NO_COMMENT
2026-09-15 16:05:22,320 | INFO | Round 6 | DOM comments: 20
2026-09-15 16:05:23,199 | INFO | DOM growth: 20 -> 20
2026-09-15 16:05:23,207 | INFO | Scroll mode: NO_COMMENT
2026-09-15 16:05:26,552 | INFO | Round 7 | DOM comments: 20
2026-09-15 16:05:27,558 | INFO | DOM growth: 20 -> 20
2026-09-15 16:05:27,565 | INFO | Scroll mode: NO_COMMENT
2026-09-15 16:05:30,856 | INFO | Round 8 | DOM comments: 20
2026-09-15 16:05:31,647 | INFO | DOM growth: 20 -> 20
2026-09-15 16:05:31,654 | INFO | Scroll mode: NO_COMMENT
2026-09-15 16:05:35,547 | INFO | Round 9 | DOM comments: 20
2026-09-15 16:05:37,032 | INFO | DOM growth: 20 -> 20
2026-09-15 16:05:37,047 | INFO | Scroll mode: NO_COMMENT
2026-09-15 16:05:40,469 | INFO | Round 10 | DOM comments: 0
2026-09-15 16:05:40,470 | INFO | DOM growth: 20 -> 0
2026-09-15 16:05:40,482 | INFO | Scroll mode: NO_COMMENT
2026-09-15 16:05:44,415 | INFO | Round 11 | DOM comments: 0
2026-09-15 16:05:44,416 | INFO | No new comments after 10 rounds.
2026-09-15 16:05:44,416 | INFO | ======================================
2026-09-15 16:05:44,416 | INFO | COMMENT RESULT: 20/50
2026-09-15 16:05:44,417 | INFO | ======================================
2026-09-15 16:05:44,422 | INFO | Saved JSON: D:\TIỂU LUẬN CHUYÊN NGÀNH\TLCN-Travel\data\raw\tiktok\tiktok_metadata_comments.json
2026-09-15 16:05:44,423 | INFO | Done: 20 comments
2026-09-15 16:05:47,648 | INFO | [12/12] https://www.tiktok.com/@boctrandanang/video/7645285420506336533
2026-09-15 16:05:47,648 | INFO | Open video: https://www.tiktok.com/@boctrandanang/video/7645285420506336533
2026-09-15 16:05:59,659 | INFO | ======================================
2026-09-15 16:05:59,659 | INFO | START COMMENT CRAWLING
2026-09-15 16:05:59,659 | INFO | ======================================
2026-09-15 16:05:59,660 | INFO | Opening TikTok comment panel...
2026-09-15 16:05:59,687 | INFO | Selector [data-e2e="comment-icon"] -> 1 elements
2026-09-15 16:06:01,885 | INFO | Clicked comment button: [data-e2e="comment-icon"]
2026-09-15 16:06:04,915 | INFO | Comment DOM loaded: [data-e2e="comment-level-1"] | 20 elements
2026-09-15 16:06:04,938 | INFO | Round 1 | DOM comments: 20
2026-09-15 16:06:04,994 | INFO | Comment 1/50: Muốn thoải mái thì đi tour riêng á các bác , vừa được đi thoải mái theo sở thích, thời gian ko gò bó
2026-09-15 16:06:05,152 | INFO | Comment 2/50: Mình thấy đi tour cũng ok, mình mới đi về. vé tour ở Đà Nẵng tùy mình chon đi chơi cũng khoảng 2,6 đ
2026-09-15 16:06:05,217 | INFO | Comment 3/50: 1ng có tour k ạ
2026-09-15 16:06:05,257 | INFO | Comment 4/50: tui mới đi tự trúc nè. 7cu 1 người. thuê cả xe hơi mà chạy
2026-09-15 16:06:05,307 | INFO | Comment 5/50: Gia đình 4 ngừoi nên đi ntn
2026-09-15 16:06:05,358 | INFO | Comment 6/50: E muốn tư vấn đi tour lẻ trong ngày ạ
2026-09-15 16:06:05,404 | INFO | Comment 7/50: Đi gia đình 2 người lớn 2 trẻ con nên như thế nào ak?
2026-09-15 16:06:05,444 | INFO | Comment 8/50: sang tuần cty mình cũng đi đà nẵng đi theo tour thấy lịch trình mỗi chỗ tầm 1h đến 1h30 đi kiểu này 
2026-09-15 16:06:05,488 | INFO | Comment 9/50: đi du lịch trong nước làm gì đi tour cho cho mệt tự túc cho khoẻ
2026-09-15 16:06:05,540 | INFO | Comment 10/50: có ái đi chung kh ạ
2026-09-15 16:06:05,595 | INFO | Comment 11/50: Đà nẵng lên đi vào tháng mấy ah
2026-09-15 16:06:05,633 | INFO | Comment 12/50: Tv
2026-09-15 16:06:05,670 | INFO | Comment 13/50: Xin tư vấn ạ
2026-09-15 16:06:05,709 | INFO | Comment 14/50: T ko thể nào di tỏur dk
2026-09-15 16:06:05,763 | INFO | Comment 15/50: mình muốn đi
2026-09-15 16:06:05,805 | INFO | Comment 16/50: Đi lẻ. Đặt phòng ks ở xa biển là rẻ. Xuống sân bay gọi thuê xe máy ( có 100k / ngày). Xong vi vu khắ
2026-09-15 16:06:05,846 | INFO | Comment 17/50: Ib
2026-09-15 16:06:05,892 | INFO | Comment 18/50: cho hỏi tour từ Trà Bồng Quảng Ngãi đến Đà Nẵng bànàhiu 1 người bao nhiêu
2026-09-15 16:06:05,928 | INFO | Comment 19/50: Mai mình cũng đi tàu vào. Có 3 mẹ con ko biết đi đâu về đâu ko
2026-09-15 16:06:05,961 | INFO | Comment 20/50: đi tour thì fải mất tiền thuê ng ta, thôi tự đi để bỏ xèng ấy ra ăn vào mồm😂
2026-09-15 16:06:05,962 | INFO | DOM growth: 0 -> 20
2026-09-15 16:06:05,969 | INFO | Scroll mode: NO_COMMENT
2026-09-15 16:06:08,949 | INFO | Round 2 | DOM comments: 20
2026-09-15 16:06:10,208 | INFO | DOM growth: 20 -> 20
2026-09-15 16:06:10,215 | INFO | Scroll mode: NO_COMMENT
2026-09-15 16:06:13,300 | INFO | Round 3 | DOM comments: 20
2026-09-15 16:06:14,281 | INFO | DOM growth: 20 -> 20
2026-09-15 16:06:14,288 | INFO | Scroll mode: NO_COMMENT
2026-09-15 16:06:17,344 | INFO | Round 4 | DOM comments: 20
2026-09-15 16:06:18,431 | INFO | DOM growth: 20 -> 20
2026-09-15 16:06:18,438 | INFO | Scroll mode: NO_COMMENT
2026-09-15 16:06:21,586 | INFO | Round 5 | DOM comments: 20
2026-09-15 16:06:22,462 | INFO | DOM growth: 20 -> 20
2026-09-15 16:06:22,470 | INFO | Scroll mode: NO_COMMENT
2026-09-15 16:06:25,945 | INFO | Round 6 | DOM comments: 20
2026-09-15 16:06:26,746 | INFO | DOM growth: 20 -> 20
2026-09-15 16:06:26,752 | INFO | Scroll mode: NO_COMMENT
2026-09-15 16:06:30,502 | INFO | Round 7 | DOM comments: 20
2026-09-15 16:06:31,242 | INFO | DOM growth: 20 -> 20
2026-09-15 16:06:31,248 | INFO | Scroll mode: NO_COMMENT
2026-09-15 16:06:33,948 | INFO | Round 8 | DOM comments: 20
2026-09-15 16:06:34,665 | INFO | DOM growth: 20 -> 20
2026-09-15 16:06:34,673 | INFO | Scroll mode: NO_COMMENT
2026-09-15 16:06:37,517 | INFO | Round 9 | DOM comments: 20
2026-09-15 16:06:38,831 | INFO | DOM growth: 20 -> 20
2026-09-15 16:06:38,841 | INFO | Scroll mode: NO_COMMENT
2026-09-15 16:06:42,414 | INFO | Round 10 | DOM comments: 20
2026-09-15 16:06:43,253 | INFO | DOM growth: 20 -> 20
2026-09-15 16:06:43,260 | INFO | Scroll mode: NO_COMMENT
2026-09-15 16:06:47,105 | INFO | Round 11 | DOM comments: 20
2026-09-15 16:06:48,214 | INFO | No new comments after 10 rounds.
2026-09-15 16:06:48,214 | INFO | ======================================
2026-09-15 16:06:48,215 | INFO | COMMENT RESULT: 20/50
2026-09-15 16:06:48,215 | INFO | ======================================
2026-09-15 16:06:48,220 | INFO | Saved JSON: D:\TIỂU LUẬN CHUYÊN NGÀNH\TLCN-Travel\data\raw\tiktok\tiktok_metadata_comments.json
2026-09-15 16:06:48,221 | INFO | Done: 20 comments
2026-09-15 16:06:55,946 | INFO | Saved JSON: D:\TIỂU LUẬN CHUYÊN NGÀNH\TLCN-Travel\data\raw\tiktok\tiktok_metadata_comments.json
2026-09-15 16:06:55,946 | INFO | Finished. Videos: 12
2026-09-15 16:11:22,652 | INFO | ======================================
2026-09-15 16:11:22,663 | INFO | TikTok metadata + comments crawler
2026-09-15 16:11:22,664 | INFO | ======================================
2026-09-15 16:11:25,336 | INFO | Searching: du lịch Đà Nẵng
2026-09-15 16:11:34,596 | INFO | Search round 1 | videos: 12
2026-09-15 16:11:39,452 | INFO | Search round 2 | videos: 12
2026-09-15 16:11:42,903 | INFO | Keyword 'du lịch Đà Nẵng': 12 videos
2026-09-15 16:11:42,903 | INFO | [1/12] https://www.tiktok.com/@hoangyen.shinetravel/video/7630455816352501012
2026-09-15 16:11:42,904 | INFO | Open video: https://www.tiktok.com/@hoangyen.shinetravel/video/7630455816352501012
2026-09-15 16:11:52,197 | INFO | ======================================
2026-09-15 16:11:52,198 | INFO | START COMMENT CRAWLING
2026-09-15 16:11:52,199 | INFO | Target comments: 50
2026-09-15 16:11:52,199 | INFO | ======================================
2026-09-15 16:11:52,200 | INFO | Opening TikTok comment panel...
2026-09-15 16:11:52,240 | INFO | Selector [data-e2e="comment-icon"] -> 1 elements
2026-09-15 16:11:53,475 | INFO | Clicked comment button: [data-e2e="comment-icon"]
2026-09-15 16:12:06,873 | WARNING | Comment DOM not detected.
2026-09-15 16:12:06,874 | WARNING | Could not open/load comment section.
2026-09-15 16:12:06,878 | INFO | Saved JSON: D:\TIỂU LUẬN CHUYÊN NGÀNH\TLCN-Travel\data\raw\tiktok\tiktok_metadata_comments.json
2026-09-15 16:12:06,879 | INFO | Done: 0 comments
2026-09-15 16:12:10,768 | INFO | [2/12] https://www.tiktok.com/@yeudanang24/video/7646767981044780295
2026-09-15 16:12:10,769 | INFO | Open video: https://www.tiktok.com/@yeudanang24/video/7646767981044780295
2026-09-15 16:12:21,593 | INFO | ======================================
2026-09-15 16:12:21,595 | INFO | START COMMENT CRAWLING
2026-09-15 16:12:21,597 | INFO | Target comments: 50
2026-09-15 16:12:21,598 | INFO | ======================================
2026-09-15 16:12:21,598 | INFO | Opening TikTok comment panel...
2026-09-15 16:12:21,615 | INFO | Selector [data-e2e="comment-icon"] -> 1 elements
2026-09-15 16:12:22,838 | INFO | Clicked comment button: [data-e2e="comment-icon"]
2026-09-15 16:12:25,864 | INFO | Comment DOM loaded: [data-e2e="comment-level-1"] | 20 elements
2026-09-15 16:12:25,865 | INFO | --------------------------------------
2026-09-15 16:12:25,865 | INFO | Comment round 1/60
2026-09-15 16:12:25,891 | INFO | DOM comments: 20
2026-09-15 16:12:25,976 | INFO | Comment 1/50: Kinh nghiệm của t là có mặt 7h30 tại cap treo thì lên bàn tay nha. Còn quă xíu là đông r, chuyển qua
2026-09-15 16:12:26,042 | INFO | Comment 2/50: Tui dân địa phương đi hoài chán luôn😂
2026-09-15 16:12:26,093 | INFO | Comment 3/50: tôi vừa két thúc chuyến đi bà nà giá combo 1tr3 mà công viên có chỗ miễn nhìu chỗ vẫn thu tiền vé, b
2026-09-15 16:12:26,152 | INFO | Comment 4/50: vé bao nhiêu ạ
2026-09-15 16:12:26,202 | INFO | Comment 5/50: Ngày nèo cũng đi chán 🥺, đi làm
2026-09-15 16:12:26,255 | INFO | Comment 6/50: Đ𝐀̀ 𝐍𝐀̆̃𝐍𝐆 – 𝐇𝐎̣̂𝐈 𝐀𝐍 – Bà Nà - Huế • Xe 4 chỗ —— 2.19k • xe 7 chỗ ——- 2.69k • xe 16 chỗ —— 399k Zá 
2026-09-15 16:12:26,308 | INFO | Comment 7/50: E cần pass gấp vé bà nà ngày 8/6 đã bao gồm buffet ( khách ngoại tỉnh ạ ) giá 1tr ạ
2026-09-15 16:12:26,356 | INFO | Comment 8/50: Đi nhiều ngày mới khoẻ đi trong 1 ngày t sẽ mợt chớt mất😂😂😂
2026-09-15 16:12:26,409 | INFO | Comment 9/50: đông nghẹt luôn
2026-09-15 16:12:26,543 | INFO | Comment 10/50: 𝗫𝗲 Đà 𝐍ẵ𝐧𝐠 - 𝐇ộ𝐢 𝐀𝐧 - 𝐁à 𝐍à - 𝐇𝐮ế 🌿Xe 4 chỗ giá 219k 1 chiều ( bao xe ) 🌿Xe 7 chỗ giá 269k 1 chiều (
2026-09-15 16:12:26,616 | INFO | Comment 11/50: Bạn ơi, bạn mang mấy bộ theo để thay ạ?
2026-09-15 16:12:26,671 | INFO | Comment 12/50: Vé bn vậy ạ
2026-09-15 16:12:26,721 | INFO | Comment 13/50: 𝗫𝗲 Đà 𝐍ẵ𝐧𝐠 - 𝐇ộ𝐢 𝐀𝐧 - 𝐁à 𝐍à - 𝐇𝐮ế 🌿Xe 4 chỗ giá 219k 1 chiều ( bao xe ) 🌿Xe 7 chỗ giá 269k 1 chiều (
2026-09-15 16:12:26,780 | INFO | Comment 14/50: XE ĐÀ NẴNG - HỘI AN 4 chỗ : 219 kaka 7 chỗ : 269 kaka 16 chỗ : 410 kaka O899–325..352..
2026-09-15 16:12:26,838 | INFO | Comment 15/50: Vé ngày mai ntn
2026-09-15 16:12:26,891 | INFO | Comment 16/50: khu fantasy park có tính phí trò chơi riêng k ạ
2026-09-15 16:12:26,943 | INFO | Comment 17/50: Buffe có cần mua sẵn vé từ lúc mua vé cap treo k bạn hay là lên mua ruêng đc
2026-09-15 16:12:26,991 | INFO | Comment 18/50: Xe Hội An ↔ ĐN ↔ Huế 🌴 4c 2.2.0 🌴 7c 2.7.0 🌴 16c 4.0.0k zé lô O79 555 4686 ( đi rồi sẽ thích )
2026-09-15 16:12:27,039 | INFO | Comment 19/50: Trên bà là hi có chỗ thuê đồ không shop
2026-09-15 16:12:27,095 | INFO | Comment 20/50: Dạ vé đi Bà Nà như thế nào ạ
2026-09-15 16:12:27,096 | INFO | New comments this round: 20
2026-09-15 16:12:27,104 | INFO | Scroll result: NO_COMMENT
2026-09-15 16:12:27,104 | INFO | Scroll mode: NO_COMMENT
2026-09-15 16:12:31,156 | INFO | --------------------------------------
2026-09-15 16:12:31,156 | INFO | Comment round 2/60
2026-09-15 16:12:31,207 | INFO | DOM comments: 20
2026-09-15 16:12:32,407 | INFO | No new comments. Consecutive rounds: 1
2026-09-15 16:12:32,421 | INFO | Scroll result: NO_COMMENT
2026-09-15 16:12:32,423 | INFO | Scroll mode: NO_COMMENT
2026-09-15 16:12:36,054 | INFO | --------------------------------------
2026-09-15 16:12:36,054 | INFO | Comment round 3/60
2026-09-15 16:12:36,101 | INFO | DOM comments: 20
2026-09-15 16:12:37,454 | INFO | No new comments. Consecutive rounds: 2
2026-09-15 16:12:37,467 | INFO | Scroll result: NO_COMMENT
2026-09-15 16:12:37,467 | INFO | Scroll mode: NO_COMMENT
2026-09-15 16:12:41,672 | INFO | --------------------------------------
2026-09-15 16:12:41,673 | INFO | Comment round 4/60
2026-09-15 16:12:41,700 | INFO | DOM comments: 20
2026-09-15 16:12:42,622 | INFO | No new comments. Consecutive rounds: 3
2026-09-15 16:12:42,632 | INFO | Scroll result: NO_COMMENT
2026-09-15 16:12:42,633 | INFO | Scroll mode: NO_COMMENT
2026-09-15 16:12:45,835 | INFO | --------------------------------------
2026-09-15 16:12:45,835 | INFO | Comment round 5/60
2026-09-15 16:12:45,882 | INFO | DOM comments: 20
2026-09-15 16:12:46,973 | INFO | No new comments. Consecutive rounds: 4
2026-09-15 16:12:46,983 | INFO | Scroll result: NO_COMMENT
2026-09-15 16:12:46,983 | INFO | Scroll mode: NO_COMMENT
2026-09-15 16:12:51,432 | INFO | --------------------------------------
2026-09-15 16:12:51,433 | INFO | Comment round 6/60
2026-09-15 16:12:51,534 | INFO | DOM comments: 20
2026-09-15 16:12:52,522 | INFO | No new comments. Consecutive rounds: 5
2026-09-15 16:12:52,534 | INFO | Scroll result: NO_COMMENT
2026-09-15 16:12:52,534 | INFO | Scroll mode: NO_COMMENT
2026-09-15 16:12:56,708 | INFO | --------------------------------------
2026-09-15 16:12:56,709 | INFO | Comment round 7/60
2026-09-15 16:12:56,746 | INFO | DOM comments: 20
2026-09-15 16:12:57,848 | INFO | No new comments. Consecutive rounds: 6
2026-09-15 16:12:57,871 | INFO | Scroll result: NO_COMMENT
2026-09-15 16:12:57,871 | INFO | Scroll mode: NO_COMMENT
2026-09-15 16:13:01,848 | INFO | --------------------------------------
2026-09-15 16:13:01,849 | INFO | Comment round 8/60
2026-09-15 16:13:01,883 | INFO | DOM comments: 20
2026-09-15 16:13:02,834 | INFO | No new comments. Consecutive rounds: 7
2026-09-15 16:13:02,840 | INFO | Scroll result: NO_COMMENT
2026-09-15 16:13:02,841 | INFO | Scroll mode: NO_COMMENT
2026-09-15 16:13:06,045 | INFO | --------------------------------------
2026-09-15 16:13:06,046 | INFO | Comment round 9/60
2026-09-15 16:13:06,072 | INFO | DOM comments: 20
2026-09-15 16:13:07,047 | INFO | No new comments. Consecutive rounds: 8
2026-09-15 16:13:07,068 | INFO | Scroll result: NO_COMMENT
2026-09-15 16:13:07,068 | INFO | Scroll mode: NO_COMMENT
2026-09-15 16:13:11,286 | INFO | --------------------------------------
2026-09-15 16:13:11,287 | INFO | Comment round 10/60
2026-09-15 16:13:11,311 | INFO | DOM comments: 20
2026-09-15 16:13:12,181 | INFO | No new comments. Consecutive rounds: 9
2026-09-15 16:13:12,189 | INFO | Scroll result: NO_COMMENT
2026-09-15 16:13:12,189 | INFO | Scroll mode: NO_COMMENT
2026-09-15 16:13:16,227 | INFO | --------------------------------------
2026-09-15 16:13:16,228 | INFO | Comment round 11/60
2026-09-15 16:13:16,276 | INFO | DOM comments: 20
2026-09-15 16:13:17,266 | INFO | No new comments. Consecutive rounds: 10
2026-09-15 16:13:17,274 | INFO | Scroll result: NO_COMMENT
2026-09-15 16:13:17,274 | INFO | Scroll mode: NO_COMMENT
2026-09-15 16:13:19,979 | INFO | --------------------------------------
2026-09-15 16:13:19,980 | INFO | Comment round 12/60
2026-09-15 16:13:20,021 | INFO | DOM comments: 20
2026-09-15 16:13:21,091 | INFO | No new comments. Consecutive rounds: 11
2026-09-15 16:13:21,105 | INFO | Scroll result: NO_COMMENT
2026-09-15 16:13:21,106 | INFO | Scroll mode: NO_COMMENT
2026-09-15 16:13:25,097 | INFO | --------------------------------------
2026-09-15 16:13:25,097 | INFO | Comment round 13/60
2026-09-15 16:13:25,125 | INFO | DOM comments: 20
2026-09-15 16:13:26,174 | INFO | No new comments. Consecutive rounds: 12
2026-09-15 16:13:26,174 | INFO | No new comments after 12 consecutive rounds.
2026-09-15 16:13:26,175 | INFO | ======================================
2026-09-15 16:13:26,175 | INFO | COMMENT RESULT: 20/50
2026-09-15 16:13:26,175 | INFO | ======================================
2026-09-15 16:13:26,177 | INFO | Saved JSON: D:\TIỂU LUẬN CHUYÊN NGÀNH\TLCN-Travel\data\raw\tiktok\tiktok_metadata_comments.json
2026-09-15 16:13:26,177 | INFO | Done: 20 comments
2026-09-15 16:13:28,995 | INFO | [3/12] https://www.tiktok.com/@thoitietdanang.tiktok/video/7662988982795373832
2026-09-15 16:13:28,996 | INFO | Open video: https://www.tiktok.com/@thoitietdanang.tiktok/video/7662988982795373832
2026-09-15 16:13:39,665 | INFO | ======================================
2026-09-15 16:13:39,665 | INFO | START COMMENT CRAWLING
2026-09-15 16:13:39,666 | INFO | Target comments: 50
2026-09-15 16:13:39,666 | INFO | ======================================
2026-09-15 16:13:39,667 | INFO | Opening TikTok comment panel...
2026-09-15 16:13:39,697 | INFO | Selector [data-e2e="comment-icon"] -> 1 elements
2026-09-15 16:13:41,033 | INFO | Clicked comment button: [data-e2e="comment-icon"]
2026-09-15 16:13:44,093 | INFO | Comment DOM loaded: [data-e2e="comment-level-1"] | 19 elements
2026-09-15 16:13:44,094 | INFO | --------------------------------------
2026-09-15 16:13:44,094 | INFO | Comment round 1/60
2026-09-15 16:13:44,155 | INFO | DOM comments: 19
2026-09-15 16:13:44,260 | INFO | Comment 1/50: không đi không biết đó mọi người . Đi thì mới biết chẳng đc gì và tốn thời đi lu lịch nhất đó
2026-09-15 16:13:44,317 | INFO | Comment 2/50: em xem rồi anh xóa clip đi
2026-09-15 16:13:44,370 | INFO | Comment 3/50: Đúng là hành xác
2026-09-15 16:13:44,424 | INFO | Comment 4/50: 9h vẫn cứ gọi là oke
2026-09-15 16:13:44,480 | INFO | Comment 5/50: Đi xong rồi mới thấy
2026-09-15 16:13:44,541 | INFO | Comment 6/50: đi rồi mới biết ở nhà sướng hơn😊
2026-09-15 16:13:44,604 | INFO | Comment 7/50: may đi tầm 6h sang
2026-09-15 16:13:44,694 | INFO | Comment 8/50: 20 đủ chơi 2 3 ngày ko a
2026-09-15 16:13:44,763 | INFO | Comment 9/50: có tour đi cả hội an với đi chỗ cầu vàng không mọi người
2026-09-15 16:13:44,880 | INFO | Comment 10/50: mình đi rồi may đúng giờ ít người😆
2026-09-15 16:13:44,943 | INFO | Comment 11/50: 16 17/9 giá như nào ạ
2026-09-15 16:13:45,076 | INFO | Comment 12/50: Tư vấn bà nà by night?
2026-09-15 16:13:45,145 | INFO | Comment 13/50: Vé ưu tiên giá sao vậy anh ơi
2026-09-15 16:13:45,219 | INFO | Comment 14/50: Xin giá phòng nghỉ qua đêm nhé
2026-09-15 16:13:45,291 | INFO | Comment 15/50: đông qs
2026-09-15 16:13:45,367 | INFO | Comment 16/50: 3h chiều hôm t2 nè 😁
2026-09-15 16:13:45,422 | INFO | Comment 17/50: Vé ở lại bao nhiêu shop
2026-09-15 16:13:45,423 | INFO | New comments this round: 17
2026-09-15 16:13:45,438 | INFO | Scroll result: NO_COMMENT
2026-09-15 16:13:45,439 | INFO | Scroll mode: NO_COMMENT
2026-09-15 16:13:49,665 | INFO | --------------------------------------
2026-09-15 16:13:49,666 | INFO | Comment round 2/60
2026-09-15 16:13:49,774 | INFO | DOM comments: 19
2026-09-15 16:13:50,753 | INFO | No new comments. Consecutive rounds: 1
2026-09-15 16:13:50,764 | INFO | Scroll result: NO_COMMENT
2026-09-15 16:13:50,764 | INFO | Scroll mode: NO_COMMENT
2026-09-15 16:13:55,116 | INFO | --------------------------------------
2026-09-15 16:13:55,116 | INFO | Comment round 3/60
2026-09-15 16:13:55,173 | INFO | DOM comments: 19
2026-09-15 16:13:56,483 | INFO | No new comments. Consecutive rounds: 2
2026-09-15 16:13:56,491 | INFO | Scroll result: NO_COMMENT
2026-09-15 16:13:56,492 | INFO | Scroll mode: NO_COMMENT
2026-09-15 16:13:59,254 | INFO | --------------------------------------
2026-09-15 16:13:59,256 | INFO | Comment round 4/60
2026-09-15 16:13:59,301 | INFO | DOM comments: 19
2026-09-15 16:14:00,972 | INFO | No new comments. Consecutive rounds: 3
2026-09-15 16:14:00,983 | INFO | Scroll result: NO_COMMENT
2026-09-15 16:14:00,983 | INFO | Scroll mode: NO_COMMENT
2026-09-15 16:14:04,332 | INFO | --------------------------------------
2026-09-15 16:14:04,333 | INFO | Comment round 5/60
2026-09-15 16:14:04,376 | INFO | DOM comments: 19
2026-09-15 16:14:05,591 | INFO | No new comments. Consecutive rounds: 4
2026-09-15 16:14:05,606 | INFO | Scroll result: NO_COMMENT
2026-09-15 16:14:05,607 | INFO | Scroll mode: NO_COMMENT
2026-09-15 16:14:09,234 | INFO | --------------------------------------
2026-09-15 16:14:09,236 | INFO | Comment round 6/60
2026-09-15 16:14:09,300 | INFO | DOM comments: 19
2026-09-15 16:14:10,660 | INFO | No new comments. Consecutive rounds: 5
2026-09-15 16:14:10,677 | INFO | Scroll result: NO_COMMENT
2026-09-15 16:14:10,677 | INFO | Scroll mode: NO_COMMENT
2026-09-15 16:14:13,667 | INFO | --------------------------------------
2026-09-15 16:14:13,668 | INFO | Comment round 7/60
2026-09-15 16:14:13,707 | INFO | DOM comments: 19
2026-09-15 16:14:14,809 | INFO | No new comments. Consecutive rounds: 6
2026-09-15 16:14:14,817 | INFO | Scroll result: NO_COMMENT
2026-09-15 16:14:14,817 | INFO | Scroll mode: NO_COMMENT
2026-09-15 16:14:19,016 | INFO | --------------------------------------
2026-09-15 16:14:19,017 | INFO | Comment round 8/60
2026-09-15 16:14:19,074 | INFO | DOM comments: 19
2026-09-15 16:14:19,985 | INFO | No new comments. Consecutive rounds: 7
2026-09-15 16:14:19,992 | INFO | Scroll result: NO_COMMENT
2026-09-15 16:14:19,992 | INFO | Scroll mode: NO_COMMENT
2026-09-15 16:14:24,372 | INFO | --------------------------------------
2026-09-15 16:14:24,372 | INFO | Comment round 9/60
2026-09-15 16:14:24,437 | INFO | DOM comments: 19
2026-09-15 16:14:25,740 | INFO | No new comments. Consecutive rounds: 8
2026-09-15 16:14:25,755 | INFO | Scroll result: NO_COMMENT
2026-09-15 16:14:25,756 | INFO | Scroll mode: NO_COMMENT
2026-09-15 16:14:28,585 | INFO | --------------------------------------
2026-09-15 16:14:28,586 | INFO | Comment round 10/60
2026-09-15 16:14:28,685 | INFO | DOM comments: 19
2026-09-15 16:14:30,148 | INFO | No new comments. Consecutive rounds: 9
2026-09-15 16:14:30,157 | INFO | Scroll result: NO_COMMENT
2026-09-15 16:14:30,157 | INFO | Scroll mode: NO_COMMENT
2026-09-15 16:14:33,444 | INFO | --------------------------------------
2026-09-15 16:14:33,445 | INFO | Comment round 11/60
2026-09-15 16:14:33,554 | INFO | DOM comments: 19
2026-09-15 16:14:35,102 | INFO | No new comments. Consecutive rounds: 10
2026-09-15 16:14:35,115 | INFO | Scroll result: NO_COMMENT
2026-09-15 16:14:35,116 | INFO | Scroll mode: NO_COMMENT
2026-09-15 16:14:37,707 | INFO | --------------------------------------
2026-09-15 16:14:37,707 | INFO | Comment round 12/60
2026-09-15 16:14:37,735 | INFO | DOM comments: 19
2026-09-15 16:14:38,918 | INFO | No new comments. Consecutive rounds: 11
2026-09-15 16:14:38,935 | INFO | Scroll result: NO_COMMENT
2026-09-15 16:14:38,935 | INFO | Scroll mode: NO_COMMENT
2026-09-15 16:14:42,785 | INFO | --------------------------------------
2026-09-15 16:14:42,785 | INFO | Comment round 13/60
2026-09-15 16:14:42,819 | INFO | DOM comments: 19
2026-09-15 16:14:44,447 | INFO | No new comments. Consecutive rounds: 12
2026-09-15 16:14:44,447 | INFO | No new comments after 12 consecutive rounds.
2026-09-15 16:14:44,447 | INFO | ======================================
2026-09-15 16:14:44,448 | INFO | COMMENT RESULT: 17/50
2026-09-15 16:14:44,448 | INFO | ======================================
2026-09-15 16:14:44,451 | INFO | Saved JSON: D:\TIỂU LUẬN CHUYÊN NGÀNH\TLCN-Travel\data\raw\tiktok\tiktok_metadata_comments.json
2026-09-15 16:14:44,451 | INFO | Done: 17 comments
2026-09-15 16:14:49,381 | INFO | [4/12] https://www.tiktok.com/@danangne24/video/7672639199597661447
2026-09-15 16:14:49,382 | INFO | Open video: https://www.tiktok.com/@danangne24/video/7672639199597661447
2026-09-15 16:14:58,773 | INFO | ======================================
2026-09-15 16:14:58,774 | INFO | START COMMENT CRAWLING
2026-09-15 16:14:58,774 | INFO | Target comments: 50
2026-09-15 16:14:58,775 | INFO | ======================================
2026-09-15 16:14:58,776 | INFO | Opening TikTok comment panel...
2026-09-15 16:14:58,798 | INFO | Selector [data-e2e="comment-icon"] -> 1 elements
2026-09-15 16:15:00,163 | INFO | Clicked comment button: [data-e2e="comment-icon"]
2026-09-15 16:15:03,204 | INFO | Comment DOM loaded: [data-e2e="comment-level-1"] | 19 elements
2026-09-15 16:15:03,204 | INFO | --------------------------------------
2026-09-15 16:15:03,205 | INFO | Comment round 1/60
2026-09-15 16:15:03,253 | INFO | DOM comments: 19
2026-09-15 16:15:03,351 | INFO | Comment 1/50: Chợ Cồn đông, chật chội, bí bách, bẩn đã trải nghiệm.
2026-09-15 16:15:03,486 | INFO | Comment 2/50: Chợ cồn vẫn là chân ái , đồ ngonnn , mình góp ý các bạn nên thamm quan đi Xee nhà mìnhh nè hihi
2026-09-15 16:15:03,541 | INFO | Comment 3/50: chợ đêm đà nẵng máy xay thịt chứ đừng nói máy chém
2026-09-15 16:15:03,603 | INFO | Comment 4/50: T sống ở đn đây, lâu lâu ghé chợ cồn mà thấy bán đồ ăn đắt dêc sợ luôn. Bữa ăn bánh bèo bánh ít trún
2026-09-15 16:15:03,681 | INFO | Comment 5/50: mình sắp đi Đà Nẵng, cả nhà cho mình hỏi muốn mua khô mực, khô cá, và các món ăn đặc sản về làm quà,
2026-09-15 16:15:03,771 | INFO | Comment 6/50: Ê vô chợ cồn ăn dĩa ốc hút thập cẩm 100K 😏😏😏
2026-09-15 16:15:03,837 | INFO | Comment 7/50: Chợ đêm sơn trà khuyên mọi người ko đi . Đồ ăn dởn tệ hải sản thì ôi ko tươi mà giá thì cao , dù bt 
2026-09-15 16:15:03,926 | INFO | Comment 8/50: Aiii đi rồi xin cái rì ziuuu
2026-09-15 16:15:04,078 | INFO | Comment 9/50: Túm lại nói đúng chớ không sai
2026-09-15 16:15:04,201 | INFO | Comment 10/50: Muốn ăn gì thì kiếm quán mà ăn chứ ko nên vào chợ đâu 😌
2026-09-15 16:15:04,251 | INFO | Comment 11/50: Ẩm thực chợ cồn bao dở 😂
2026-09-15 16:15:04,305 | INFO | Comment 12/50: Đúng r cãi chi nữa
2026-09-15 16:15:04,365 | INFO | Comment 13/50: Chợ mai sơn trà ngon
2026-09-15 16:15:04,432 | INFO | Comment 14/50: T nói rồi . Ở đâu cũng vậy toàn dân ở đó vào chê là đó khu du lịch đắt với dỡ . Còn lại thì chê đó r
2026-09-15 16:15:04,489 | INFO | Comment 15/50: 🤣🤣🤣🤣Di ĐN nhưng k đi chợ nào hết 😅😅😅
2026-09-15 16:15:04,607 | INFO | Comment 16/50: Chợ cồn mắc thiệt e gần chợ cồn mà không dám qua ăn luôn đắc điên
2026-09-15 16:15:04,655 | INFO | Comment 17/50: Mỗi T thấy sợ ngồi quán quá lâu vì sợ chửi
2026-09-15 16:15:04,754 | INFO | Comment 18/50: Chợ bắc mỹ an rẻ mà ngon,nchung t thấy du lịch qua đn ăn giá v là rẻ r,ng dân bth họ ăn giá 20,25k q
2026-09-15 16:15:04,869 | INFO | Comment 19/50: E ở ĐN ăn toàn chợ chiều:))
2026-09-15 16:15:04,869 | INFO | New comments this round: 19
2026-09-15 16:15:04,885 | INFO | Scroll result: NO_COMMENT
2026-09-15 16:15:04,886 | INFO | Scroll mode: NO_COMMENT
2026-09-15 16:15:08,990 | INFO | --------------------------------------
2026-09-15 16:15:08,990 | INFO | Comment round 2/60
2026-09-15 16:15:09,032 | INFO | DOM comments: 19
2026-09-15 16:15:10,466 | INFO | No new comments. Consecutive rounds: 1
2026-09-15 16:15:10,474 | INFO | Scroll result: NO_COMMENT
2026-09-15 16:15:10,475 | INFO | Scroll mode: NO_COMMENT
2026-09-15 16:15:14,147 | INFO | --------------------------------------
2026-09-15 16:15:14,147 | INFO | Comment round 3/60
2026-09-15 16:15:14,200 | INFO | DOM comments: 19
2026-09-15 16:15:15,794 | INFO | No new comments. Consecutive rounds: 2
2026-09-15 16:15:15,809 | INFO | Scroll result: NO_COMMENT
2026-09-15 16:15:15,809 | INFO | Scroll mode: NO_COMMENT
2026-09-15 16:15:18,385 | INFO | --------------------------------------
2026-09-15 16:15:18,386 | INFO | Comment round 4/60
2026-09-15 16:15:18,456 | INFO | DOM comments: 19
2026-09-15 16:15:19,853 | INFO | No new comments. Consecutive rounds: 3
2026-09-15 16:15:19,868 | INFO | Scroll result: NO_COMMENT
2026-09-15 16:15:19,869 | INFO | Scroll mode: NO_COMMENT
2026-09-15 16:15:23,590 | INFO | --------------------------------------
2026-09-15 16:15:23,591 | INFO | Comment round 5/60
2026-09-15 16:15:23,671 | INFO | DOM comments: 19
2026-09-15 16:15:25,286 | INFO | No new comments. Consecutive rounds: 4
2026-09-15 16:15:25,300 | INFO | Scroll result: NO_COMMENT
2026-09-15 16:15:25,301 | INFO | Scroll mode: NO_COMMENT
2026-09-15 16:15:28,703 | INFO | --------------------------------------
2026-09-15 16:15:28,704 | INFO | Comment round 6/60
2026-09-15 16:15:28,756 | INFO | DOM comments: 19
2026-09-15 16:15:30,318 | INFO | No new comments. Consecutive rounds: 5
2026-09-15 16:15:30,338 | INFO | Scroll result: NO_COMMENT
2026-09-15 16:15:30,339 | INFO | Scroll mode: NO_COMMENT
2026-09-15 16:15:34,654 | INFO | --------------------------------------
2026-09-15 16:15:34,654 | INFO | Comment round 7/60
2026-09-15 16:15:34,718 | INFO | DOM comments: 19
2026-09-15 16:15:35,868 | INFO | No new comments. Consecutive rounds: 6
2026-09-15 16:15:35,880 | INFO | Scroll result: NO_COMMENT
2026-09-15 16:15:35,880 | INFO | Scroll mode: NO_COMMENT
2026-09-15 16:15:39,708 | INFO | --------------------------------------
2026-09-15 16:15:39,708 | INFO | Comment round 8/60
2026-09-15 16:15:39,769 | INFO | DOM comments: 19
2026-09-15 16:15:41,066 | INFO | No new comments. Consecutive rounds: 7
2026-09-15 16:15:41,087 | INFO | Scroll result: NO_COMMENT
2026-09-15 16:15:41,087 | INFO | Scroll mode: NO_COMMENT
2026-09-15 16:15:44,198 | INFO | --------------------------------------
2026-09-15 16:15:44,199 | INFO | Comment round 9/60
2026-09-15 16:15:44,251 | INFO | DOM comments: 19
2026-09-15 16:15:45,969 | INFO | No new comments. Consecutive rounds: 8
2026-09-15 16:15:45,984 | INFO | Scroll result: NO_COMMENT
2026-09-15 16:15:45,984 | INFO | Scroll mode: NO_COMMENT
2026-09-15 16:15:50,210 | INFO | --------------------------------------
2026-09-15 16:15:50,211 | INFO | Comment round 10/60
2026-09-15 16:15:50,270 | INFO | DOM comments: 19
2026-09-15 16:15:52,501 | INFO | No new comments. Consecutive rounds: 9
2026-09-15 16:15:52,519 | INFO | Scroll result: NO_COMMENT
2026-09-15 16:15:52,519 | INFO | Scroll mode: NO_COMMENT
2026-09-15 16:15:56,850 | INFO | --------------------------------------
2026-09-15 16:15:56,850 | INFO | Comment round 11/60
2026-09-15 16:15:56,899 | INFO | DOM comments: 19
2026-09-15 16:15:58,398 | INFO | No new comments. Consecutive rounds: 10
2026-09-15 16:15:58,406 | INFO | Scroll result: NO_COMMENT
2026-09-15 16:15:58,407 | INFO | Scroll mode: NO_COMMENT
2026-09-15 16:16:02,738 | INFO | --------------------------------------
2026-09-15 16:16:02,739 | INFO | Comment round 12/60
2026-09-15 16:16:02,770 | INFO | DOM comments: 19
2026-09-15 16:16:05,691 | INFO | No new comments. Consecutive rounds: 11
2026-09-15 16:16:05,719 | INFO | Scroll result: NO_COMMENT
2026-09-15 16:16:05,719 | INFO | Scroll mode: NO_COMMENT
2026-09-15 16:16:09,403 | INFO | --------------------------------------
2026-09-15 16:16:09,403 | INFO | Comment round 13/60
2026-09-15 16:16:09,471 | INFO | DOM comments: 19
2026-09-15 16:16:11,143 | INFO | No new comments. Consecutive rounds: 12
2026-09-15 16:16:11,144 | INFO | No new comments after 12 consecutive rounds.
2026-09-15 16:16:11,144 | INFO | ======================================
2026-09-15 16:16:11,145 | INFO | COMMENT RESULT: 19/50
2026-09-15 16:16:11,146 | INFO | ======================================
2026-09-15 16:16:11,149 | INFO | Saved JSON: D:\TIỂU LUẬN CHUYÊN NGÀNH\TLCN-Travel\data\raw\tiktok\tiktok_metadata_comments.json
2026-09-15 16:16:11,150 | INFO | Done: 19 comments
2026-09-15 16:16:14,228 | INFO | [5/12] https://www.tiktok.com/@thuexemaydanang43hovy/video/7608939490995981589
2026-09-15 16:16:14,228 | INFO | Open video: https://www.tiktok.com/@thuexemaydanang43hovy/video/7608939490995981589
2026-09-15 16:16:28,244 | INFO | ======================================
2026-09-15 16:16:28,245 | INFO | START COMMENT CRAWLING
2026-09-15 16:16:28,245 | INFO | Target comments: 50
2026-09-15 16:16:28,245 | INFO | ======================================
2026-09-15 16:16:28,246 | INFO | Opening TikTok comment panel...
2026-09-15 16:16:28,267 | INFO | Selector [data-e2e="comment-icon"] -> 1 elements
2026-09-15 16:16:29,613 | INFO | Clicked comment button: [data-e2e="comment-icon"]
2026-09-15 16:16:32,644 | INFO | Comment DOM loaded: [data-e2e="comment-level-1"] | 19 elements
2026-09-15 16:16:32,644 | INFO | --------------------------------------
2026-09-15 16:16:32,645 | INFO | Comment round 1/60
2026-09-15 16:16:32,670 | INFO | DOM comments: 19
2026-09-15 16:16:32,762 | INFO | Comment 1/50: Đến ĐN ghé tui nhen mấy bà, 450cành/ngày mà free bánh-nước nữa mấy bà nèeeeeee❤️
2026-09-15 16:16:32,816 | INFO | Comment 2/50: 7 Săn mây Tăk Pổ, Nam Trà My nữa nha mọi người ơi😆
2026-09-15 16:16:32,863 | INFO | Comment 3/50: Có bạn nào đi cùng không tôi ở đây 1 mình
2026-09-15 16:16:32,904 | INFO | Comment 4/50: Cho mình hỏi thăm chợ cồn bán từ mấy giờ v các b ơi
2026-09-15 16:16:32,945 | INFO | Comment 5/50: Đang ở Đà Nẵng vừa thuê xe máy 130k
2026-09-15 16:16:32,982 | INFO | Comment 6/50: Tui ở hẳn trong đấy mà lười đi quá🤣
2026-09-15 16:16:33,024 | INFO | Comment 7/50: 10 điểm 👍xe đi thích!
2026-09-15 16:16:33,096 | INFO | Comment 8/50: Khẩu vị của thức ăn chớt wớt
2026-09-15 16:16:33,157 | INFO | Comment 9/50: mới đi lun
2026-09-15 16:16:33,284 | INFO | Comment 10/50: Giá thuê bnhiu/ngày ạ
2026-09-15 16:16:33,337 | INFO | Comment 11/50: cafe đèo hải vân đó tên gì vậy mọi ngggg
2026-09-15 16:16:33,414 | INFO | Comment 12/50: Jk lm 😩😫
2026-09-15 16:16:33,466 | INFO | Comment 13/50: Cho xin số để thuê xe
2026-09-15 16:16:33,517 | INFO | Comment 14/50: Mua mực rim me ở chợ Cồn về nuốt ko nổi . Nó dở 🥹
2026-09-15 16:16:33,572 | INFO | Comment 15/50: check ib
2026-09-15 16:16:33,616 | INFO | Comment 16/50: Tui đang ở đây nè
2026-09-15 16:16:33,662 | INFO | Comment 17/50: Mng có thể cho e xin ít quán hải sản trong Đà Nẵng ngon giá cả hợp lí k ạ
2026-09-15 16:16:33,714 | INFO | Comment 18/50: Mình xin giá thuê xmay ạ
2026-09-15 16:16:33,757 | INFO | Comment 19/50: tháng 6 này ở rạn Nam Ô có đẹp không các bạn ơi. mấy hôm nữa tôi đến
2026-09-15 16:16:33,758 | INFO | New comments this round: 19
2026-09-15 16:16:33,766 | INFO | Scroll result: NO_COMMENT
2026-09-15 16:16:33,766 | INFO | Scroll mode: NO_COMMENT
2026-09-15 16:16:37,604 | INFO | --------------------------------------
2026-09-15 16:16:37,605 | INFO | Comment round 2/60
2026-09-15 16:16:37,677 | INFO | DOM comments: 19
2026-09-15 16:16:38,664 | INFO | No new comments. Consecutive rounds: 1
2026-09-15 16:16:38,674 | INFO | Scroll result: NO_COMMENT
2026-09-15 16:16:38,675 | INFO | Scroll mode: NO_COMMENT
2026-09-15 16:16:43,071 | INFO | --------------------------------------
2026-09-15 16:16:43,075 | INFO | Comment round 3/60
2026-09-15 16:16:43,118 | INFO | DOM comments: 19
2026-09-15 16:16:44,309 | INFO | No new comments. Consecutive rounds: 2
2026-09-15 16:16:44,317 | INFO | Scroll result: NO_COMMENT
2026-09-15 16:16:44,317 | INFO | Scroll mode: NO_COMMENT
2026-09-15 16:16:47,883 | INFO | --------------------------------------
2026-09-15 16:16:47,884 | INFO | Comment round 4/60
2026-09-15 16:16:47,934 | INFO | DOM comments: 19
2026-09-15 16:16:48,956 | INFO | No new comments. Consecutive rounds: 3
2026-09-15 16:16:48,967 | INFO | Scroll result: NO_COMMENT
2026-09-15 16:16:48,967 | INFO | Scroll mode: NO_COMMENT
2026-09-15 16:16:53,031 | INFO | --------------------------------------
2026-09-15 16:16:53,032 | INFO | Comment round 5/60
2026-09-15 16:16:53,087 | INFO | DOM comments: 19
2026-09-15 16:16:54,057 | INFO | No new comments. Consecutive rounds: 4
2026-09-15 16:16:54,065 | INFO | Scroll result: NO_COMMENT
2026-09-15 16:16:54,065 | INFO | Scroll mode: NO_COMMENT
2026-09-15 16:16:57,794 | INFO | --------------------------------------
2026-09-15 16:16:57,795 | INFO | Comment round 6/60
2026-09-15 16:16:57,821 | INFO | DOM comments: 19
2026-09-15 16:16:59,031 | INFO | No new comments. Consecutive rounds: 5
2026-09-15 16:16:59,061 | INFO | Scroll result: NO_COMMENT
2026-09-15 16:16:59,061 | INFO | Scroll mode: NO_COMMENT
2026-09-15 16:17:02,798 | INFO | --------------------------------------
2026-09-15 16:17:02,799 | INFO | Comment round 7/60
2026-09-15 16:17:02,834 | INFO | DOM comments: 19
2026-09-15 16:17:03,783 | INFO | No new comments. Consecutive rounds: 6
2026-09-15 16:17:03,792 | INFO | Scroll result: NO_COMMENT
2026-09-15 16:17:03,793 | INFO | Scroll mode: NO_COMMENT
2026-09-15 16:17:07,951 | INFO | --------------------------------------
2026-09-15 16:17:07,952 | INFO | Comment round 8/60
2026-09-15 16:17:07,977 | INFO | DOM comments: 19
2026-09-15 16:17:09,056 | INFO | No new comments. Consecutive rounds: 7
2026-09-15 16:17:09,065 | INFO | Scroll result: NO_COMMENT
2026-09-15 16:17:09,065 | INFO | Scroll mode: NO_COMMENT
2026-09-15 16:17:13,492 | INFO | --------------------------------------
2026-09-15 16:17:13,493 | INFO | Comment round 9/60
2026-09-15 16:17:13,528 | INFO | DOM comments: 19
2026-09-15 16:17:14,377 | INFO | No new comments. Consecutive rounds: 8
2026-09-15 16:17:14,385 | INFO | Scroll result: NO_COMMENT
2026-09-15 16:17:14,386 | INFO | Scroll mode: NO_COMMENT
2026-09-15 16:17:17,355 | INFO | --------------------------------------
2026-09-15 16:17:17,355 | INFO | Comment round 10/60
2026-09-15 16:17:17,383 | INFO | DOM comments: 19
2026-09-15 16:17:18,249 | INFO | No new comments. Consecutive rounds: 9
2026-09-15 16:17:18,259 | INFO | Scroll result: NO_COMMENT
2026-09-15 16:17:18,260 | INFO | Scroll mode: NO_COMMENT
2026-09-15 16:17:22,054 | INFO | --------------------------------------
2026-09-15 16:17:22,059 | INFO | Comment round 11/60
2026-09-15 16:17:22,114 | INFO | DOM comments: 19
2026-09-15 16:17:22,959 | INFO | No new comments. Consecutive rounds: 10
2026-09-15 16:17:22,966 | INFO | Scroll result: NO_COMMENT
2026-09-15 16:17:22,966 | INFO | Scroll mode: NO_COMMENT
2026-09-15 16:17:26,605 | INFO | --------------------------------------
2026-09-15 16:17:26,606 | INFO | Comment round 12/60
2026-09-15 16:17:26,661 | INFO | DOM comments: 19
2026-09-15 16:17:28,147 | INFO | No new comments. Consecutive rounds: 11
2026-09-15 16:17:28,156 | INFO | Scroll result: NO_COMMENT
2026-09-15 16:17:28,157 | INFO | Scroll mode: NO_COMMENT
2026-09-15 16:17:31,104 | INFO | --------------------------------------
2026-09-15 16:17:31,104 | INFO | Comment round 13/60
2026-09-15 16:17:31,172 | INFO | DOM comments: 19
2026-09-15 16:17:32,134 | INFO | No new comments. Consecutive rounds: 12
2026-09-15 16:17:32,135 | INFO | No new comments after 12 consecutive rounds.
2026-09-15 16:17:32,135 | INFO | ======================================
2026-09-15 16:17:32,135 | INFO | COMMENT RESULT: 19/50
2026-09-15 16:17:32,135 | INFO | ======================================
2026-09-15 16:17:32,138 | INFO | Saved JSON: D:\TIỂU LUẬN CHUYÊN NGÀNH\TLCN-Travel\data\raw\tiktok\tiktok_metadata_comments.json
2026-09-15 16:17:32,138 | INFO | Done: 19 comments
2026-09-15 16:17:34,805 | INFO | [6/12] https://www.tiktok.com/@review.danang24/video/7649247032120577298
2026-09-15 16:17:34,805 | INFO | Open video: https://www.tiktok.com/@review.danang24/video/7649247032120577298
2026-09-15 16:17:47,941 | INFO | ======================================
2026-09-15 16:17:47,941 | INFO | START COMMENT CRAWLING
2026-09-15 16:17:47,942 | INFO | Target comments: 50
2026-09-15 16:17:47,942 | INFO | ======================================
2026-09-15 16:17:47,943 | INFO | Opening TikTok comment panel...
2026-09-15 16:17:47,962 | INFO | Selector [data-e2e="comment-icon"] -> 1 elements
2026-09-15 16:17:49,198 | INFO | Clicked comment button: [data-e2e="comment-icon"]
2026-09-15 16:17:52,263 | INFO | Comment DOM loaded: [data-e2e="comment-level-1"] | 20 elements
2026-09-15 16:17:52,268 | INFO | --------------------------------------
2026-09-15 16:17:52,268 | INFO | Comment round 1/60
2026-09-15 16:17:52,297 | INFO | DOM comments: 20
2026-09-15 16:17:52,402 | INFO | Comment 1/50: Đ𝐀̀ 𝐍𝐀̆̃𝐍𝐆 – 𝐇𝐎̣̂𝐈 𝐀𝐍 – Bà Nà - Huế Xe 4 chôỗ __ 219.k ☘️Xe 7 chôỗ___ 2.69k 🌿 Xe 16 chôỗ____ 3.99k 🍃
2026-09-15 16:17:52,449 | INFO | Comment 2/50: Tu vấn cho mình combo đi 2 người từ ngày 8/9 đi 2 ngày tu sai gon
2026-09-15 16:17:52,498 | INFO | Comment 3/50: Mình xin giá tua ạ cho 6 người 2 người lớn 4 trẻ em ạ
2026-09-15 16:17:52,538 | INFO | Comment 4/50: Tư vấn giúp mình ạ
2026-09-15 16:17:52,577 | INFO | Comment 5/50: đã
2026-09-15 16:17:52,619 | INFO | Comment 6/50: Ib mình
2026-09-15 16:17:52,656 | INFO | Comment 7/50: 2/8 e và đà nẵng tv e
2026-09-15 16:17:52,694 | INFO | Comment 8/50: Tháng này trời đẹp không ạ
2026-09-15 16:17:52,734 | INFO | Comment 9/50: Mình xin giá vé bà nà với ạ
2026-09-15 16:17:52,791 | INFO | Comment 10/50: Có shop nào bán đồ nữ gần sông hàn ko ạ
2026-09-15 16:17:52,830 | INFO | Comment 11/50: Bạn ơi, cho mình hỏi lễ hội pháo hoa tổ chức đến khi nào?
2026-09-15 16:17:52,867 | INFO | Comment 12/50: đẹp nhỉ
2026-09-15 16:17:52,901 | INFO | Comment 13/50: mùa này đẹp mà nắng quá hehe
2026-09-15 16:17:52,937 | INFO | Comment 14/50: Anh chị em muốn thư giản hay trị mụn chuyên sâu thì đến trải nghiệm tại 91 Lê Văn Hưu, Mỹ An ủng hộ 
2026-09-15 16:17:52,976 | INFO | Comment 15/50: Tv c shop nhé
2026-09-15 16:17:53,015 | INFO | Comment 16/50: Nội dung hay đó.
2026-09-15 16:17:53,135 | INFO | Comment 17/50: xin giá tour tháng 9 ạ
2026-09-15 16:17:53,194 | INFO | Comment 18/50: Ib tour 5/8 ạ
2026-09-15 16:17:53,259 | INFO | Comment 19/50: Ib
2026-09-15 16:17:53,259 | INFO | New comments this round: 19
2026-09-15 16:17:53,269 | INFO | Scroll result: NO_COMMENT
2026-09-15 16:17:53,269 | INFO | Scroll mode: NO_COMMENT
2026-09-15 16:17:57,507 | INFO | --------------------------------------
2026-09-15 16:17:57,508 | INFO | Comment round 2/60
2026-09-15 16:17:57,537 | INFO | DOM comments: 20
2026-09-15 16:17:58,445 | INFO | No new comments. Consecutive rounds: 1
2026-09-15 16:17:58,453 | INFO | Scroll result: NO_COMMENT
2026-09-15 16:17:58,454 | INFO | Scroll mode: NO_COMMENT
2026-09-15 16:18:01,911 | INFO | --------------------------------------
2026-09-15 16:18:01,912 | INFO | Comment round 3/60
2026-09-15 16:18:01,930 | INFO | DOM comments: 20
2026-09-15 16:18:02,731 | INFO | No new comments. Consecutive rounds: 2
2026-09-15 16:18:02,738 | INFO | Scroll result: NO_COMMENT
2026-09-15 16:18:02,739 | INFO | Scroll mode: NO_COMMENT
2026-09-15 16:18:05,695 | INFO | --------------------------------------
2026-09-15 16:18:05,695 | INFO | Comment round 4/60
2026-09-15 16:18:05,737 | INFO | DOM comments: 20
2026-09-15 16:18:06,591 | INFO | No new comments. Consecutive rounds: 3
2026-09-15 16:18:06,597 | INFO | Scroll result: NO_COMMENT
2026-09-15 16:18:06,598 | INFO | Scroll mode: NO_COMMENT
2026-09-15 16:18:09,136 | INFO | --------------------------------------
2026-09-15 16:18:09,137 | INFO | Comment round 5/60
2026-09-15 16:18:09,162 | INFO | DOM comments: 20
2026-09-15 16:18:10,068 | INFO | No new comments. Consecutive rounds: 4
2026-09-15 16:18:10,075 | INFO | Scroll result: NO_COMMENT
2026-09-15 16:18:10,075 | INFO | Scroll mode: NO_COMMENT
2026-09-15 16:18:13,797 | INFO | --------------------------------------
2026-09-15 16:18:13,798 | INFO | Comment round 6/60
2026-09-15 16:18:13,818 | INFO | DOM comments: 20
2026-09-15 16:18:14,662 | INFO | No new comments. Consecutive rounds: 5
2026-09-15 16:18:14,669 | INFO | Scroll result: NO_COMMENT
2026-09-15 16:18:14,669 | INFO | Scroll mode: NO_COMMENT
2026-09-15 16:18:17,782 | INFO | --------------------------------------
2026-09-15 16:18:17,782 | INFO | Comment round 7/60
2026-09-15 16:18:17,816 | INFO | DOM comments: 20
2026-09-15 16:18:18,787 | INFO | No new comments. Consecutive rounds: 6
2026-09-15 16:18:18,794 | INFO | Scroll result: NO_COMMENT
2026-09-15 16:18:18,795 | INFO | Scroll mode: NO_COMMENT
2026-09-15 16:18:22,137 | INFO | --------------------------------------
2026-09-15 16:18:22,138 | INFO | Comment round 8/60
2026-09-15 16:18:22,162 | INFO | DOM comments: 20
2026-09-15 16:18:22,963 | INFO | No new comments. Consecutive rounds: 7
2026-09-15 16:18:22,970 | INFO | Scroll result: NO_COMMENT
2026-09-15 16:18:22,970 | INFO | Scroll mode: NO_COMMENT
2026-09-15 16:18:27,327 | INFO | --------------------------------------
2026-09-15 16:18:27,328 | INFO | Comment round 9/60
2026-09-15 16:18:27,350 | INFO | DOM comments: 20
2026-09-15 16:18:28,338 | INFO | No new comments. Consecutive rounds: 8
2026-09-15 16:18:28,346 | INFO | Scroll result: NO_COMMENT
2026-09-15 16:18:28,346 | INFO | Scroll mode: NO_COMMENT
2026-09-15 16:18:31,585 | INFO | --------------------------------------
2026-09-15 16:18:31,585 | INFO | Comment round 10/60
2026-09-15 16:18:31,614 | INFO | DOM comments: 20
2026-09-15 16:18:32,714 | INFO | No new comments. Consecutive rounds: 9
2026-09-15 16:18:32,724 | INFO | Scroll result: NO_COMMENT
2026-09-15 16:18:32,724 | INFO | Scroll mode: NO_COMMENT
2026-09-15 16:18:36,397 | INFO | --------------------------------------
2026-09-15 16:18:36,397 | INFO | Comment round 11/60
2026-09-15 16:18:36,444 | INFO | DOM comments: 20
2026-09-15 16:18:37,301 | INFO | No new comments. Consecutive rounds: 10
2026-09-15 16:18:37,309 | INFO | Scroll result: NO_COMMENT
2026-09-15 16:18:37,309 | INFO | Scroll mode: NO_COMMENT
2026-09-15 16:18:41,363 | INFO | --------------------------------------
2026-09-15 16:18:41,363 | INFO | Comment round 12/60
2026-09-15 16:18:41,387 | INFO | DOM comments: 20
2026-09-15 16:18:42,229 | INFO | No new comments. Consecutive rounds: 11
2026-09-15 16:18:42,241 | INFO | Scroll result: NO_COMMENT
2026-09-15 16:18:42,242 | INFO | Scroll mode: NO_COMMENT
2026-09-15 16:18:46,262 | INFO | --------------------------------------
2026-09-15 16:18:46,263 | INFO | Comment round 13/60
2026-09-15 16:18:46,297 | INFO | DOM comments: 20
2026-09-15 16:18:47,342 | INFO | No new comments. Consecutive rounds: 12
2026-09-15 16:18:47,343 | INFO | No new comments after 12 consecutive rounds.
2026-09-15 16:18:47,343 | INFO | ======================================
2026-09-15 16:18:47,343 | INFO | COMMENT RESULT: 19/50
2026-09-15 16:18:47,343 | INFO | ======================================
2026-09-15 16:18:47,346 | INFO | Saved JSON: D:\TIỂU LUẬN CHUYÊN NGÀNH\TLCN-Travel\data\raw\tiktok\tiktok_metadata_comments.json
2026-09-15 16:18:47,346 | INFO | Done: 19 comments
2026-09-15 16:18:51,155 | INFO | [7/12] https://www.tiktok.com/@bychimai/video/7681307608233348370
2026-09-15 16:18:51,156 | INFO | Open video: https://www.tiktok.com/@bychimai/video/7681307608233348370
2026-09-15 16:19:03,257 | INFO | ======================================
2026-09-15 16:19:03,257 | INFO | START COMMENT CRAWLING
2026-09-15 16:19:03,258 | INFO | Target comments: 50
2026-09-15 16:19:03,258 | INFO | ======================================
2026-09-15 16:19:03,258 | INFO | Opening TikTok comment panel...
2026-09-15 16:19:03,271 | INFO | Selector [data-e2e="comment-icon"] -> 1 elements
2026-09-15 16:19:04,562 | INFO | Clicked comment button: [data-e2e="comment-icon"]
2026-09-15 16:19:07,595 | INFO | Comment DOM loaded: [data-e2e="comment-level-1"] | 20 elements
2026-09-15 16:19:07,595 | INFO | --------------------------------------
2026-09-15 16:19:07,596 | INFO | Comment round 1/60
2026-09-15 16:19:07,644 | INFO | DOM comments: 20
2026-09-15 16:19:07,746 | INFO | Comment 1/50: Còn thiếu : Mì quảng ếch Bếp T… :))))
2026-09-15 16:19:07,807 | INFO | Comment 2/50: Đừu, bà ni đúng ý tui bà😂
2026-09-15 16:19:07,852 | INFO | Comment 3/50: Bất kỳ ai tới Đà Nẵng vui lòng né gấp Mọi nướng Núi Thành
2026-09-15 16:19:07,885 | INFO | Comment 4/50: Chè Liên nói xuất sắc thì không. Nhưng mình thấy nó lại không dở :)), ăn cũng okie, phục vụ nhanh.
2026-09-15 16:19:07,921 | INFO | Comment 5/50: 6 mỳ quảng bếp trang :)))
2026-09-15 16:19:08,021 | INFO | Comment 6/50: Ừ chuẩn top 5 rồi đó bạn 🤣 t dân ĐN cũng ko đi mấy chỗ đó
2026-09-15 16:19:08,082 | INFO | Comment 7/50: Người ĐN mách cho nè :)) nếu muốn mua quần áo giá rẻ thì hãy đi chợ đêm Lê Duẩn nhma phải lựa thiệt 
2026-09-15 16:19:08,121 | INFO | Comment 8/50: Bạn nói đúng !!! Chợ đêm ST ngày xưa thì quá đáng đi !!! Giờ đưa vào hộ KD rồi nên toàn bán giá trên
2026-09-15 16:19:08,164 | INFO | Comment 9/50: Top 5 đúng vô tri mà còn tốn tiền ko hề rẻ
2026-09-15 16:19:08,221 | INFO | Comment 10/50: Sợ nhất chợ đêm Sơn Trà 😅
2026-09-15 16:19:08,263 | INFO | Comment 11/50: sự thật dân Đà Nẵng ko ai ăn Thịt heo Trần.😅😅😅 thời đi học từng làm thêm ở Trần. oẹ thôi rồi 😂😂😂
2026-09-15 16:19:08,385 | INFO | Comment 12/50: chè liên chính hãng mà fomo😁chắc ăn trúng hàng giả😁
2026-09-15 16:19:08,545 | INFO | Comment 13/50: đúng hết nhe ,tui ng Đà Nẵng làm chứng nhe
2026-09-15 16:19:08,590 | INFO | Comment 14/50: Chè Liên thì nếu đi đúng chỗ rất ngon nha😁 ng Đà Nẵng ăn quài nè
2026-09-15 16:19:08,632 | INFO | Comment 15/50: Mọi người ơi nếu ăn mỳ quảng hay bánh tráng thịt heo thì mình nên ăn quán nào ở ĐN?
2026-09-15 16:19:08,668 | INFO | Comment 16/50: em người ĐN xác nhận là ngoài chè liên ra thì mấy cái trong video là ko nên đi thiệt :))
2026-09-15 16:19:08,704 | INFO | Comment 17/50: mình thấy Chè Liên ăn Oki mà
2026-09-15 16:19:08,741 | INFO | Comment 18/50: trừ chè liên ra thì mình đồng ý 4 thứ còn lại
2026-09-15 16:19:08,777 | INFO | Comment 19/50: Ui chè Liên ngon mà nhỉiii, em ng Bắc nè lần nào em cũng mua về làm quà cho mng lun ý. Mà chè Liên c
2026-09-15 16:19:08,813 | INFO | Comment 20/50: Tao lạy cái chợ đêm.
2026-09-15 16:19:08,814 | INFO | New comments this round: 20
2026-09-15 16:19:08,821 | INFO | Scroll result: NO_COMMENT
2026-09-15 16:19:08,821 | INFO | Scroll mode: NO_COMMENT
2026-09-15 16:19:13,000 | INFO | --------------------------------------
2026-09-15 16:19:13,000 | INFO | Comment round 2/60
2026-09-15 16:19:13,083 | INFO | DOM comments: 20
2026-09-15 16:19:14,058 | INFO | No new comments. Consecutive rounds: 1
2026-09-15 16:19:14,067 | INFO | Scroll result: NO_COMMENT
2026-09-15 16:19:14,068 | INFO | Scroll mode: NO_COMMENT
2026-09-15 16:19:16,938 | INFO | --------------------------------------
2026-09-15 16:19:16,938 | INFO | Comment round 3/60
2026-09-15 16:19:17,008 | INFO | DOM comments: 20
2026-09-15 16:19:18,036 | INFO | No new comments. Consecutive rounds: 2
2026-09-15 16:19:18,045 | INFO | Scroll result: NO_COMMENT
2026-09-15 16:19:18,045 | INFO | Scroll mode: NO_COMMENT
2026-09-15 16:19:21,215 | INFO | --------------------------------------
2026-09-15 16:19:21,216 | INFO | Comment round 4/60
2026-09-15 16:19:21,302 | INFO | DOM comments: 20
2026-09-15 16:19:22,513 | INFO | No new comments. Consecutive rounds: 3
2026-09-15 16:19:22,527 | INFO | Scroll result: NO_COMMENT
2026-09-15 16:19:22,527 | INFO | Scroll mode: NO_COMMENT
2026-09-15 16:19:26,004 | INFO | --------------------------------------
2026-09-15 16:19:26,005 | INFO | Comment round 5/60
2026-09-15 16:19:26,035 | INFO | DOM comments: 20
2026-09-15 16:19:27,362 | INFO | No new comments. Consecutive rounds: 4
2026-09-15 16:19:27,381 | INFO | Scroll result: NO_COMMENT
2026-09-15 16:19:27,381 | INFO | Scroll mode: NO_COMMENT
2026-09-15 16:19:30,825 | INFO | --------------------------------------
2026-09-15 16:19:30,829 | INFO | Comment round 6/60
2026-09-15 16:19:30,854 | INFO | DOM comments: 20
2026-09-15 16:19:31,711 | INFO | No new comments. Consecutive rounds: 5
2026-09-15 16:19:31,721 | INFO | Scroll result: NO_COMMENT
2026-09-15 16:19:31,721 | INFO | Scroll mode: NO_COMMENT
2026-09-15 16:19:35,003 | INFO | --------------------------------------
2026-09-15 16:19:35,003 | INFO | Comment round 7/60
2026-09-15 16:19:35,050 | INFO | DOM comments: 20
2026-09-15 16:19:36,109 | INFO | No new comments. Consecutive rounds: 6
2026-09-15 16:19:36,121 | INFO | Scroll result: NO_COMMENT
2026-09-15 16:19:36,121 | INFO | Scroll mode: NO_COMMENT
2026-09-15 16:19:39,158 | INFO | --------------------------------------
2026-09-15 16:19:39,158 | INFO | Comment round 8/60
2026-09-15 16:19:39,197 | INFO | DOM comments: 20
2026-09-15 16:19:40,084 | INFO | No new comments. Consecutive rounds: 7
2026-09-15 16:19:40,097 | INFO | Scroll result: NO_COMMENT
2026-09-15 16:19:40,097 | INFO | Scroll mode: NO_COMMENT
2026-09-15 16:19:42,990 | INFO | --------------------------------------
2026-09-15 16:19:42,991 | INFO | Comment round 9/60
2026-09-15 16:19:43,016 | INFO | DOM comments: 20
2026-09-15 16:19:44,315 | INFO | No new comments. Consecutive rounds: 8
2026-09-15 16:19:44,322 | INFO | Scroll result: NO_COMMENT
2026-09-15 16:19:44,323 | INFO | Scroll mode: NO_COMMENT
2026-09-15 16:19:48,416 | INFO | --------------------------------------
2026-09-15 16:19:48,416 | INFO | Comment round 10/60
2026-09-15 16:19:48,441 | INFO | DOM comments: 20
2026-09-15 16:19:49,387 | INFO | No new comments. Consecutive rounds: 9
2026-09-15 16:19:49,397 | INFO | Scroll result: NO_COMMENT
2026-09-15 16:19:49,397 | INFO | Scroll mode: NO_COMMENT
2026-09-15 16:19:53,488 | INFO | --------------------------------------
2026-09-15 16:19:53,490 | INFO | Comment round 11/60
2026-09-15 16:19:53,532 | INFO | DOM comments: 20
2026-09-15 16:19:54,469 | INFO | No new comments. Consecutive rounds: 10
2026-09-15 16:19:54,476 | INFO | Scroll result: NO_COMMENT
2026-09-15 16:19:54,477 | INFO | Scroll mode: NO_COMMENT
2026-09-15 16:19:58,597 | INFO | --------------------------------------
2026-09-15 16:19:58,598 | INFO | Comment round 12/60
2026-09-15 16:19:58,631 | INFO | DOM comments: 20
2026-09-15 16:19:59,578 | INFO | No new comments. Consecutive rounds: 11
2026-09-15 16:19:59,593 | INFO | Scroll result: NO_COMMENT
2026-09-15 16:19:59,593 | INFO | Scroll mode: NO_COMMENT
2026-09-15 16:20:03,491 | INFO | --------------------------------------
2026-09-15 16:20:03,492 | INFO | Comment round 13/60
2026-09-15 16:20:03,580 | INFO | DOM comments: 20
2026-09-15 16:20:04,488 | INFO | No new comments. Consecutive rounds: 12
2026-09-15 16:20:04,489 | INFO | No new comments after 12 consecutive rounds.
2026-09-15 16:20:04,489 | INFO | ======================================
2026-09-15 16:20:04,489 | INFO | COMMENT RESULT: 20/50
2026-09-15 16:20:04,489 | INFO | ======================================
2026-09-15 16:20:04,492 | INFO | Saved JSON: D:\TIỂU LUẬN CHUYÊN NGÀNH\TLCN-Travel\data\raw\tiktok\tiktok_metadata_comments.json
2026-09-15 16:20:04,492 | INFO | Done: 20 comments
2026-09-15 16:20:07,031 | INFO | [8/12] https://www.tiktok.com/@dananghoianvethamquan/video/7620749916175944967
2026-09-15 16:20:07,032 | INFO | Open video: https://www.tiktok.com/@dananghoianvethamquan/video/7620749916175944967
2026-09-15 16:20:19,575 | INFO | ======================================
2026-09-15 16:20:19,575 | INFO | START COMMENT CRAWLING
2026-09-15 16:20:19,576 | INFO | Target comments: 50
2026-09-15 16:20:19,576 | INFO | ======================================
2026-09-15 16:20:19,576 | INFO | Opening TikTok comment panel...
2026-09-15 16:20:19,585 | INFO | Selector [data-e2e="comment-icon"] -> 1 elements
2026-09-15 16:20:20,827 | INFO | Clicked comment button: [data-e2e="comment-icon"]
2026-09-15 16:20:23,900 | INFO | Comment DOM loaded: [data-e2e="comment-level-1"] | 20 elements
2026-09-15 16:20:23,901 | INFO | --------------------------------------
2026-09-15 16:20:23,901 | INFO | Comment round 1/60
2026-09-15 16:20:23,936 | INFO | DOM comments: 20
2026-09-15 16:20:24,061 | INFO | Comment 1/50: 𝗫𝗲 Đà 𝐍ẵ𝐧𝐠 - 𝐇ộ𝐢 𝐀𝐧 - 𝐁à 𝐍à - 𝐇𝐮ế 🌿Xe 4 chỗ giá 219k 1 chiều ( bao xe ) 🌿Xe 7 chỗ giá 269k 1 chiều (
2026-09-15 16:20:24,182 | INFO | Comment 2/50: Chèo sup có sáng mai ko bạn
2026-09-15 16:20:24,229 | INFO | Comment 3/50: vé bà nà có 380 thôi hả b
2026-09-15 16:20:24,280 | INFO | Comment 4/50: 𝗫𝗲 Đà 𝐍ẵ𝐧𝐠 - 𝐇ộ𝐢 𝐀𝐧 - 𝐁à 𝐍à - 𝐇𝐮ế 🌿Xe 4 chỗ giá 219k 1 chiều ( bao xe ) 🌿Xe 7 chỗ giá 269k 1 chiều (
2026-09-15 16:20:24,331 | INFO | Comment 5/50: @TVTLMY ❤️: Đà 𝐍ẵ𝐧𝐠 - 𝐇ộ𝐢 𝐀𝐧 - 𝐁à 𝐍à - 𝐇𝐮ế-Vinwonder 🌿Xe 4 chỗ giá 219k 🌿Xe 7 chỗ giá 269k 🌿Xe 16 ch
2026-09-15 16:20:24,379 | INFO | Comment 6/50: Mình xin giá t7
2026-09-15 16:20:24,417 | INFO | Comment 7/50: Inb mình vé du thuyền sông Hàn nhé b ơi
2026-09-15 16:20:24,474 | INFO | Comment 8/50: Ib Bà Nà và Nam HA
2026-09-15 16:20:24,514 | INFO | Comment 9/50: Vé bà nà 4 người lớn 2 trẻ e bn v ạ
2026-09-15 16:20:24,554 | INFO | Comment 10/50: bảng giá mùa này thì sao ah??
2026-09-15 16:20:24,660 | INFO | Comment 11/50: Vé núi thần tài bao nhiêu ạ
2026-09-15 16:20:24,708 | INFO | Comment 12/50: thần tài còn giá đó k
2026-09-15 16:20:24,748 | INFO | Comment 13/50: Vé bà nà tháng 6 này bn ạ
2026-09-15 16:20:24,790 | INFO | Comment 14/50: Vé vinpearl hội an ạ
2026-09-15 16:20:24,833 | INFO | Comment 15/50: Ib
2026-09-15 16:20:24,883 | INFO | Comment 16/50: Vé bà nà tháng 4 này bn vậy b , tầm m8 mình tính đi
2026-09-15 16:20:24,927 | INFO | Comment 17/50: Ben m hỗ trợ đặt vé ah
2026-09-15 16:20:24,963 | INFO | Comment 18/50: Ib ạ
2026-09-15 16:20:25,007 | INFO | Comment 19/50: Vé combo Bà Nà cáp treo xe đưa đón bao nhiêu vậy ad
2026-09-15 16:20:25,043 | INFO | Comment 20/50: Vé rừng dừa 7 mẫu 200k/ 1 người.
2026-09-15 16:20:25,044 | INFO | New comments this round: 20
2026-09-15 16:20:25,051 | INFO | Scroll result: NO_COMMENT
2026-09-15 16:20:25,051 | INFO | Scroll mode: NO_COMMENT
2026-09-15 16:20:28,253 | INFO | --------------------------------------
2026-09-15 16:20:28,254 | INFO | Comment round 2/60
2026-09-15 16:20:28,280 | INFO | DOM comments: 20
2026-09-15 16:20:29,378 | INFO | No new comments. Consecutive rounds: 1
2026-09-15 16:20:29,388 | INFO | Scroll result: NO_COMMENT
2026-09-15 16:20:29,388 | INFO | Scroll mode: NO_COMMENT
2026-09-15 16:20:32,684 | INFO | --------------------------------------
2026-09-15 16:20:32,685 | INFO | Comment round 3/60
2026-09-15 16:20:32,713 | INFO | DOM comments: 20
2026-09-15 16:20:33,607 | INFO | No new comments. Consecutive rounds: 2
2026-09-15 16:20:33,614 | INFO | Scroll result: NO_COMMENT
2026-09-15 16:20:33,614 | INFO | Scroll mode: NO_COMMENT
2026-09-15 16:20:36,731 | INFO | --------------------------------------
2026-09-15 16:20:36,731 | INFO | Comment round 4/60
2026-09-15 16:20:36,764 | INFO | DOM comments: 20
2026-09-15 16:20:37,658 | INFO | No new comments. Consecutive rounds: 3
2026-09-15 16:20:37,665 | INFO | Scroll result: NO_COMMENT
2026-09-15 16:20:37,666 | INFO | Scroll mode: NO_COMMENT
2026-09-15 16:20:41,368 | INFO | --------------------------------------
2026-09-15 16:20:41,369 | INFO | Comment round 5/60
2026-09-15 16:20:41,402 | INFO | DOM comments: 20
2026-09-15 16:20:42,257 | INFO | No new comments. Consecutive rounds: 4
2026-09-15 16:20:42,263 | INFO | Scroll result: NO_COMMENT
2026-09-15 16:20:42,264 | INFO | Scroll mode: NO_COMMENT
2026-09-15 16:20:45,260 | INFO | --------------------------------------
2026-09-15 16:20:45,263 | INFO | Comment round 6/60
2026-09-15 16:20:45,307 | INFO | DOM comments: 20
2026-09-15 16:20:46,350 | INFO | No new comments. Consecutive rounds: 5
2026-09-15 16:20:46,357 | INFO | Scroll result: NO_COMMENT
2026-09-15 16:20:46,357 | INFO | Scroll mode: NO_COMMENT
2026-09-15 16:20:49,197 | INFO | --------------------------------------
2026-09-15 16:20:49,198 | INFO | Comment round 7/60
2026-09-15 16:20:49,243 | INFO | DOM comments: 20
2026-09-15 16:20:50,317 | INFO | No new comments. Consecutive rounds: 6
2026-09-15 16:20:50,324 | INFO | Scroll result: NO_COMMENT
2026-09-15 16:20:50,324 | INFO | Scroll mode: NO_COMMENT
2026-09-15 16:20:54,019 | INFO | --------------------------------------
2026-09-15 16:20:54,047 | INFO | Comment round 8/60
2026-09-15 16:20:54,092 | INFO | DOM comments: 20
2026-09-15 16:20:55,019 | INFO | No new comments. Consecutive rounds: 7
2026-09-15 16:20:55,026 | INFO | Scroll result: NO_COMMENT
2026-09-15 16:20:55,027 | INFO | Scroll mode: NO_COMMENT
2026-09-15 16:20:57,815 | INFO | --------------------------------------
2026-09-15 16:20:57,815 | INFO | Comment round 9/60
2026-09-15 16:20:57,846 | INFO | DOM comments: 20
2026-09-15 16:20:58,928 | INFO | No new comments. Consecutive rounds: 8
2026-09-15 16:20:58,944 | INFO | Scroll result: NO_COMMENT
2026-09-15 16:20:58,944 | INFO | Scroll mode: NO_COMMENT
2026-09-15 16:21:01,972 | INFO | --------------------------------------
2026-09-15 16:21:01,973 | INFO | Comment round 10/60
2026-09-15 16:21:02,007 | INFO | DOM comments: 20
2026-09-15 16:21:02,987 | INFO | No new comments. Consecutive rounds: 9
2026-09-15 16:21:02,995 | INFO | Scroll result: NO_COMMENT
2026-09-15 16:21:02,995 | INFO | Scroll mode: NO_COMMENT
2026-09-15 16:21:05,889 | INFO | --------------------------------------
2026-09-15 16:21:05,890 | INFO | Comment round 11/60
2026-09-15 16:21:06,035 | INFO | DOM comments: 20
2026-09-15 16:21:06,781 | INFO | No new comments. Consecutive rounds: 10
2026-09-15 16:21:06,788 | INFO | Scroll result: NO_COMMENT
2026-09-15 16:21:06,788 | INFO | Scroll mode: NO_COMMENT
2026-09-15 16:21:09,974 | INFO | --------------------------------------
2026-09-15 16:21:09,975 | INFO | Comment round 12/60
2026-09-15 16:21:10,008 | INFO | DOM comments: 20
2026-09-15 16:21:10,829 | INFO | No new comments. Consecutive rounds: 11
2026-09-15 16:21:10,834 | INFO | Scroll result: NO_COMMENT
2026-09-15 16:21:10,834 | INFO | Scroll mode: NO_COMMENT
2026-09-15 16:21:14,732 | INFO | --------------------------------------
2026-09-15 16:21:14,733 | INFO | Comment round 13/60
2026-09-15 16:21:14,755 | INFO | DOM comments: 20
2026-09-15 16:21:15,656 | INFO | No new comments. Consecutive rounds: 12
2026-09-15 16:21:15,656 | INFO | No new comments after 12 consecutive rounds.
2026-09-15 16:21:15,657 | INFO | ======================================
2026-09-15 16:21:15,657 | INFO | COMMENT RESULT: 20/50
2026-09-15 16:21:15,657 | INFO | ======================================
2026-09-15 16:21:15,660 | INFO | Saved JSON: D:\TIỂU LUẬN CHUYÊN NGÀNH\TLCN-Travel\data\raw\tiktok\tiktok_metadata_comments.json
2026-09-15 16:21:15,660 | INFO | Done: 20 comments
2026-09-15 16:21:20,369 | INFO | [9/12] https://www.tiktok.com/@danangtravel24/video/7664465113881136404
2026-09-15 16:21:20,370 | INFO | Open video: https://www.tiktok.com/@danangtravel24/video/7664465113881136404
2026-09-15 16:21:33,091 | INFO | ======================================
2026-09-15 16:21:33,092 | INFO | START COMMENT CRAWLING
2026-09-15 16:21:33,093 | INFO | Target comments: 50
2026-09-15 16:21:33,093 | INFO | ======================================
2026-09-15 16:21:33,093 | INFO | Opening TikTok comment panel...
2026-09-15 16:21:33,109 | INFO | Selector [data-e2e="comment-icon"] -> 1 elements
2026-09-15 16:21:34,395 | INFO | Clicked comment button: [data-e2e="comment-icon"]
2026-09-15 16:21:37,427 | INFO | Comment DOM loaded: [data-e2e="comment-level-1"] | 20 elements
2026-09-15 16:21:37,427 | INFO | --------------------------------------
2026-09-15 16:21:37,428 | INFO | Comment round 1/60
2026-09-15 16:21:37,448 | INFO | DOM comments: 20
2026-09-15 16:21:37,667 | INFO | Comment 1/50: 3ng 2 đêm từ thái nguyên 2 người giá bao nhiêu bn trọn gói
2026-09-15 16:21:37,719 | INFO | Comment 2/50: Tết âm lịch em ơi
2026-09-15 16:21:37,763 | INFO | Comment 3/50: 3 ngày 2 đêm cho 2 người lớn từ sân bay Tân Sơn Nhất trọn gói bao nhiêu ạ
2026-09-15 16:21:37,815 | INFO | Comment 4/50: Tư vấn mình vs ạ
2026-09-15 16:21:37,873 | INFO | Comment 5/50: tu sg di ngay 23/11 thi gia bao nhieu 1nguoi vay a ?
2026-09-15 16:21:37,912 | INFO | Comment 6/50: xin giá tổng cho 3 người lớn đi ngày 19/9 ạ từ TPHCM
2026-09-15 16:21:37,966 | INFO | Comment 7/50: đi từ sg giá sao ạ
2026-09-15 16:21:38,038 | INFO | Comment 8/50: 2 người lớn bao nhiêu chọn gói
2026-09-15 16:21:38,105 | INFO | Comment 9/50: Thang1/22 tây 3 ngày 2 đêm đi từ sg ve nhiëu väy ban
2026-09-15 16:21:38,172 | INFO | Comment 10/50: Cho chị xin giá 2ng bay từ TPHCM nha em
2026-09-15 16:21:38,221 | INFO | Comment 11/50: Ib giá 2ng bay từ tphcm nha
2026-09-15 16:21:38,277 | INFO | Comment 12/50: Tv em
2026-09-15 16:21:38,332 | INFO | Comment 13/50: ib chị đi từ tphcm
2026-09-15 16:21:38,450 | INFO | Comment 14/50: nhắn ở tik hay số ạ
2026-09-15 16:21:38,510 | INFO | Comment 15/50: Mình xin tổng giá cho 1 người đi từ tphcm ạ
2026-09-15 16:21:38,554 | INFO | Comment 16/50: Sg đà nẵng
2026-09-15 16:21:38,599 | INFO | Comment 17/50: Ib mk với
2026-09-15 16:21:38,633 | INFO | Comment 18/50: Ib
2026-09-15 16:21:38,677 | INFO | Comment 19/50: Xuất phát từ TP.HCM: 12 người tư vấn giúp ạ
2026-09-15 16:21:38,739 | INFO | Comment 20/50: Tổng giá cho 2 người lớn 1 trẻ e 3t từ tphcm bao nhiêu
2026-09-15 16:21:38,740 | INFO | New comments this round: 20
2026-09-15 16:21:38,748 | INFO | Scroll result: NO_COMMENT
2026-09-15 16:21:38,748 | INFO | Scroll mode: NO_COMMENT
2026-09-15 16:21:42,731 | INFO | --------------------------------------
2026-09-15 16:21:42,739 | INFO | Comment round 2/60
2026-09-15 16:21:42,771 | INFO | DOM comments: 20
2026-09-15 16:21:43,518 | INFO | No new comments. Consecutive rounds: 1
2026-09-15 16:21:43,525 | INFO | Scroll result: NO_COMMENT
2026-09-15 16:21:43,525 | INFO | Scroll mode: NO_COMMENT
2026-09-15 16:21:47,962 | INFO | --------------------------------------
2026-09-15 16:21:47,966 | INFO | Comment round 3/60
2026-09-15 16:21:48,121 | INFO | DOM comments: 20
2026-09-15 16:21:48,974 | INFO | No new comments. Consecutive rounds: 2
2026-09-15 16:21:48,980 | INFO | Scroll result: NO_COMMENT
2026-09-15 16:21:48,981 | INFO | Scroll mode: NO_COMMENT
2026-09-15 16:21:52,602 | INFO | --------------------------------------
2026-09-15 16:21:52,602 | INFO | Comment round 4/60
2026-09-15 16:21:52,658 | INFO | DOM comments: 20
2026-09-15 16:21:53,581 | INFO | No new comments. Consecutive rounds: 3
2026-09-15 16:21:53,589 | INFO | Scroll result: NO_COMMENT
2026-09-15 16:21:53,590 | INFO | Scroll mode: NO_COMMENT
2026-09-15 16:21:57,690 | INFO | --------------------------------------
2026-09-15 16:21:57,690 | INFO | Comment round 5/60
2026-09-15 16:21:57,724 | INFO | DOM comments: 20
2026-09-15 16:21:58,472 | INFO | No new comments. Consecutive rounds: 4
2026-09-15 16:21:58,478 | INFO | Scroll result: NO_COMMENT
2026-09-15 16:21:58,479 | INFO | Scroll mode: NO_COMMENT
2026-09-15 16:22:02,438 | INFO | --------------------------------------
2026-09-15 16:22:02,439 | INFO | Comment round 6/60
2026-09-15 16:22:02,479 | INFO | DOM comments: 20
2026-09-15 16:22:03,377 | INFO | No new comments. Consecutive rounds: 5
2026-09-15 16:22:03,384 | INFO | Scroll result: NO_COMMENT
2026-09-15 16:22:03,384 | INFO | Scroll mode: NO_COMMENT
2026-09-15 16:22:06,189 | INFO | --------------------------------------
2026-09-15 16:22:06,191 | INFO | Comment round 7/60
2026-09-15 16:22:06,226 | INFO | DOM comments: 20
2026-09-15 16:22:06,945 | INFO | No new comments. Consecutive rounds: 6
2026-09-15 16:22:06,952 | INFO | Scroll result: NO_COMMENT
2026-09-15 16:22:06,952 | INFO | Scroll mode: NO_COMMENT
2026-09-15 16:22:09,638 | INFO | --------------------------------------
2026-09-15 16:22:09,639 | INFO | Comment round 8/60
2026-09-15 16:22:09,673 | INFO | DOM comments: 20
2026-09-15 16:22:10,634 | INFO | No new comments. Consecutive rounds: 7
2026-09-15 16:22:10,648 | INFO | Scroll result: NO_COMMENT
2026-09-15 16:22:10,648 | INFO | Scroll mode: NO_COMMENT
2026-09-15 16:22:14,246 | INFO | --------------------------------------
2026-09-15 16:22:14,247 | INFO | Comment round 9/60
2026-09-15 16:22:14,284 | INFO | DOM comments: 20
2026-09-15 16:22:15,059 | INFO | No new comments. Consecutive rounds: 8
2026-09-15 16:22:15,070 | INFO | Scroll result: NO_COMMENT
2026-09-15 16:22:15,070 | INFO | Scroll mode: NO_COMMENT
2026-09-15 16:22:18,407 | INFO | --------------------------------------
2026-09-15 16:22:18,410 | INFO | Comment round 10/60
2026-09-15 16:22:18,456 | INFO | DOM comments: 20
2026-09-15 16:22:19,411 | INFO | No new comments. Consecutive rounds: 9
2026-09-15 16:22:19,418 | INFO | Scroll result: NO_COMMENT
2026-09-15 16:22:19,418 | INFO | Scroll mode: NO_COMMENT
2026-09-15 16:22:23,364 | INFO | --------------------------------------
2026-09-15 16:22:23,365 | INFO | Comment round 11/60
2026-09-15 16:22:23,408 | INFO | DOM comments: 20
2026-09-15 16:22:24,407 | INFO | No new comments. Consecutive rounds: 10
2026-09-15 16:22:24,416 | INFO | Scroll result: NO_COMMENT
2026-09-15 16:22:24,417 | INFO | Scroll mode: NO_COMMENT
2026-09-15 16:22:26,925 | INFO | --------------------------------------
2026-09-15 16:22:26,926 | INFO | Comment round 12/60
2026-09-15 16:22:26,944 | INFO | DOM comments: 20
2026-09-15 16:22:27,686 | INFO | No new comments. Consecutive rounds: 11
2026-09-15 16:22:27,692 | INFO | Scroll result: NO_COMMENT
2026-09-15 16:22:27,692 | INFO | Scroll mode: NO_COMMENT
2026-09-15 16:22:31,954 | INFO | --------------------------------------
2026-09-15 16:22:31,967 | INFO | Comment round 13/60
2026-09-15 16:22:32,261 | INFO | DOM comments: 20
2026-09-15 16:22:33,039 | INFO | No new comments. Consecutive rounds: 12
2026-09-15 16:22:33,039 | INFO | No new comments after 12 consecutive rounds.
2026-09-15 16:22:33,039 | INFO | ======================================
2026-09-15 16:22:33,040 | INFO | COMMENT RESULT: 20/50
2026-09-15 16:22:33,040 | INFO | ======================================
2026-09-15 16:22:33,043 | INFO | Saved JSON: D:\TIỂU LUẬN CHUYÊN NGÀNH\TLCN-Travel\data\raw\tiktok\tiktok_metadata_comments.json
2026-09-15 16:22:33,043 | INFO | Done: 20 comments
2026-09-15 16:22:35,092 | INFO | [10/12] https://www.tiktok.com/@tep2002_/video/7631957597859482901
2026-09-15 16:22:35,092 | INFO | Open video: https://www.tiktok.com/@tep2002_/video/7631957597859482901
2026-09-15 16:22:52,006 | INFO | ======================================
2026-09-15 16:22:52,006 | INFO | START COMMENT CRAWLING
2026-09-15 16:22:52,006 | INFO | Target comments: 50
2026-09-15 16:22:52,007 | INFO | ======================================
2026-09-15 16:22:52,007 | INFO | Opening TikTok comment panel...
2026-09-15 16:22:52,016 | INFO | Selector [data-e2e="comment-icon"] -> 1 elements
2026-09-15 16:22:53,345 | INFO | Clicked comment button: [data-e2e="comment-icon"]
2026-09-15 16:23:06,752 | WARNING | Comment DOM not detected.
2026-09-15 16:23:06,752 | WARNING | Could not open/load comment section.
2026-09-15 16:23:06,757 | INFO | Saved JSON: D:\TIỂU LUẬN CHUYÊN NGÀNH\TLCN-Travel\data\raw\tiktok\tiktok_metadata_comments.json
2026-09-15 16:23:06,758 | INFO | Done: 0 comments
2026-09-15 16:23:11,041 | INFO | [11/12] https://www.tiktok.com/@boctrandanang/video/7645285420506336533
2026-09-15 16:23:11,041 | INFO | Open video: https://www.tiktok.com/@boctrandanang/video/7645285420506336533
2026-09-15 16:23:21,847 | INFO | ======================================
2026-09-15 16:23:21,848 | INFO | START COMMENT CRAWLING
2026-09-15 16:23:21,848 | INFO | Target comments: 50
2026-09-15 16:23:21,848 | INFO | ======================================
2026-09-15 16:23:21,849 | INFO | Opening TikTok comment panel...
2026-09-15 16:23:21,862 | INFO | Selector [data-e2e="comment-icon"] -> 1 elements
2026-09-15 16:23:23,079 | INFO | Clicked comment button: [data-e2e="comment-icon"]
2026-09-15 16:23:36,458 | WARNING | Comment DOM not detected.
2026-09-15 16:23:36,459 | WARNING | Could not open/load comment section.
2026-09-15 16:23:36,462 | INFO | Saved JSON: D:\TIỂU LUẬN CHUYÊN NGÀNH\TLCN-Travel\data\raw\tiktok\tiktok_metadata_comments.json
2026-09-15 16:23:36,463 | INFO | Done: 0 comments
2026-09-15 16:23:39,510 | INFO | [12/12] https://www.tiktok.com/@thuexemaydanang43hovy/video/7628220945903144213
2026-09-15 16:23:39,511 | INFO | Open video: https://www.tiktok.com/@thuexemaydanang43hovy/video/7628220945903144213
2026-09-15 16:23:51,545 | INFO | ======================================
2026-09-15 16:23:51,546 | INFO | START COMMENT CRAWLING
2026-09-15 16:23:51,546 | INFO | Target comments: 50
2026-09-15 16:23:51,547 | INFO | ======================================
2026-09-15 16:23:51,547 | INFO | Opening TikTok comment panel...
2026-09-15 16:23:51,600 | INFO | Selector [data-e2e="comment-icon"] -> 1 elements
2026-09-15 16:23:52,888 | INFO | Clicked comment button: [data-e2e="comment-icon"]
2026-09-15 16:24:06,379 | WARNING | Comment DOM not detected.
2026-09-15 16:24:06,379 | WARNING | Could not open/load comment section.
2026-09-15 16:24:06,386 | INFO | Saved JSON: D:\TIỂU LUẬN CHUYÊN NGÀNH\TLCN-Travel\data\raw\tiktok\tiktok_metadata_comments.json
2026-09-15 16:24:06,386 | INFO | Done: 0 comments
2026-09-15 16:24:14,396 | INFO | Saved JSON: D:\TIỂU LUẬN CHUYÊN NGÀNH\TLCN-Travel\data\raw\tiktok\tiktok_metadata_comments.json
2026-09-15 16:24:14,396 | INFO | Finished. Videos: 12
2026-09-15 16:27:48,119 | INFO | ======================================
2026-09-15 16:27:48,134 | INFO | TikTok metadata + comments crawler
2026-09-15 16:27:48,145 | INFO | ======================================
2026-09-15 16:27:50,260 | INFO | Searching: du lịch Đà Nẵng
2026-09-15 16:27:58,652 | INFO | Search round 1 | videos: 12
2026-09-15 16:28:02,939 | INFO | Search round 2 | videos: 12
2026-09-15 16:28:06,078 | INFO | Keyword 'du lịch Đà Nẵng': 12 videos
2026-09-15 16:28:06,079 | INFO | [1/12] https://www.tiktok.com/@danangtravel24/video/7664465113881136404
2026-09-15 16:28:06,080 | INFO | Open video: https://www.tiktok.com/@danangtravel24/video/7664465113881136404
2026-09-15 16:28:15,113 | INFO | ======================================
2026-09-15 16:28:15,117 | INFO | START COMMENT CRAWLING
2026-09-15 16:28:15,118 | INFO | Target comments: 50
2026-09-15 16:28:15,119 | INFO | ======================================
2026-09-15 16:28:15,120 | INFO | Opening TikTok comment panel...
2026-09-15 16:28:15,201 | INFO | Selector [data-e2e="comment-icon"] -> 1 elements
2026-09-15 16:28:16,531 | INFO | Clicked comment button: [data-e2e="comment-icon"]
2026-09-15 16:28:29,770 | WARNING | Comment DOM not detected.
2026-09-15 16:28:29,770 | WARNING | Could not open/load comment section.
2026-09-15 16:28:29,772 | INFO | Saved JSON: D:\TIỂU LUẬN CHUYÊN NGÀNH\TLCN-Travel\data\raw\tiktok\tiktok_metadata_comments.json
2026-09-15 16:28:29,773 | INFO | Done: 0 comments
2026-09-15 16:28:31,786 | INFO | [2/12] https://www.tiktok.com/@dulichdanangg.43/video/7627460259149303058
2026-09-15 16:28:31,786 | INFO | Open video: https://www.tiktok.com/@dulichdanangg.43/video/7627460259149303058
2026-09-15 16:28:43,648 | INFO | ======================================
2026-09-15 16:28:43,653 | INFO | START COMMENT CRAWLING
2026-09-15 16:28:43,654 | INFO | Target comments: 50
2026-09-15 16:28:43,654 | INFO | ======================================
2026-09-15 16:28:43,654 | INFO | Opening TikTok comment panel...
2026-09-15 16:28:43,667 | INFO | Selector [data-e2e="comment-icon"] -> 1 elements
2026-09-15 16:28:44,915 | INFO | Clicked comment button: [data-e2e="comment-icon"]
2026-09-15 16:28:47,945 | INFO | Comment DOM loaded: [data-e2e="comment-level-1"] | 20 elements
2026-09-15 16:28:47,945 | INFO | --------------------------------------
2026-09-15 16:28:47,945 | INFO | Comment round 1/60
2026-09-15 16:28:48,116 | INFO | Last visible comment: Cù Lao Chàm hay Bán Đảo Sơn Trà ạ 🥹
2026-09-15 16:28:48,116 | INFO | DOM comments: 20
2026-09-15 16:28:48,203 | INFO | Comment 1/50: Ko đi bà nà, ko đi núi thần tài, đi chùa Linh Ứng ở bán đảo Sơn Trà ( đừng trêu khỉ ). Đi chùa xong 
2026-09-15 16:28:48,257 | INFO | Comment 2/50: Đừng đi chợ đêm.
2026-09-15 16:28:48,318 | INFO | Comment 3/50: ờ, t mới đi về 3 ngày, khuyên chúng m nên đi đảo Cù Lao Chàm
2026-09-15 16:28:48,358 | INFO | Comment 4/50: Đừng đi theo mấy quán Review hải sản trên Tiktok, cứ hải sản bé Mặn, Năm Rảnh, Năm Đảnh là ngon bổ r
2026-09-15 16:28:48,400 | INFO | Comment 5/50: Tui ng đà nẵng nè ! Nhớ đi bán đảo sơn trà nhé 🥰🥰
2026-09-15 16:28:48,441 | INFO | Comment 6/50: Bà Nà, Hội An, Cù Lao Chàm là 3 chỗ đáng đi nhất, mấy chỗ khác có hay ko ko quan trọng. Hội An nên đ
2026-09-15 16:28:48,482 | INFO | Comment 7/50: Mình người ĐN. Ai cần hỏi gì về KS, nên đi đâu, quán cf nào, quán ăn vặt nào thì cứ hỏi mình. Còn ăn
2026-09-15 16:28:48,523 | INFO | Comment 8/50: tìm ksan giá từ 500-600 ở gần biển có k nhể
2026-09-15 16:28:48,566 | INFO | Comment 9/50: Người Đà Nẵng đây có gì cần hỏi k ạ. Hi
2026-09-15 16:28:48,605 | INFO | Comment 10/50: Tui đang ở đà nẵng đây khuyên Mn nên đi bán đảo Sơn trà nha
2026-09-15 16:28:48,741 | INFO | Comment 11/50: K nên thuê xe máy đi hội an
2026-09-15 16:28:48,789 | INFO | Comment 12/50: Dành dụm 30tr đi 2nl 2te đủ hk mọi người? 3n2đ à.😁😁😁
2026-09-15 16:28:48,838 | INFO | Comment 13/50: 1. Đặt xe trên app 2.Hỏi người dân địa phương,chỗ nào ăn ngon rẻ 3.Cb đồ mát,ĐN nóng 4.Tài xế đặt qu
2026-09-15 16:28:48,892 | INFO | Comment 14/50: Sao lại có người khuyên không đi bà nà nhỉ, thật sự đến đà nẵng là phải đi bà nà, phải đi bà nà, PHẢ
2026-09-15 16:28:48,933 | INFO | Comment 15/50: Chợ cồn vs bắc mỹ an nhào dzô ăn :))
2026-09-15 16:28:49,023 | INFO | Comment 16/50: Xe du lịch Đà Nẵng - Hội An - Bà Nà - Huế Đà Nẵng - Hội An xe 4 chỗ : 2.1.9k Đà Nẵng - Hội An xe 7 c
2026-09-15 16:28:49,065 | INFO | Comment 17/50: mọi người cho mình hỏi xuống sân bay đà Nẵng dễ bắt taxi k mọi người 🥰
2026-09-15 16:28:49,105 | INFO | Comment 18/50: 15tr trừ tiền ks mb đủ cho 2nl 1te4t chỉ ăn uống đi chơi đủ k mn
2026-09-15 16:28:49,142 | INFO | Comment 19/50: Cù Lao Chàm hay Bán Đảo Sơn Trà ạ 🥹
2026-09-15 16:28:49,142 | INFO | New comments this round: 19
2026-09-15 16:28:52,790 | INFO | Wheel scroll executed: 600px
2026-09-15 16:28:52,790 | INFO | Scroll mode: WHEEL
2026-09-15 16:28:57,256 | INFO | --------------------------------------
2026-09-15 16:28:57,257 | INFO | Comment round 2/60
2026-09-15 16:28:57,292 | INFO | Last visible comment: Hãy đi Bà Nà Hãy đi Bà Nà Hãy đi Bà Nà điều gì quan trọng nhắc lại 3 lần
2026-09-15 16:28:57,292 | INFO | DOM comments: 40
2026-09-15 16:28:57,337 | INFO | Comment 20/50: Ko đi bà nà, ko đi núi thần tài, đi chùa Linh Ứng ở bán đảo Sơn Trà ( đừng trêu khỉ ). Đi chùa xong 
2026-09-15 16:28:57,380 | INFO | Comment 21/50: Đừng đi chợ đêm.
2026-09-15 16:28:57,423 | INFO | Comment 22/50: ờ, t mới đi về 3 ngày, khuyên chúng m nên đi đảo Cù Lao Chàm
2026-09-15 16:28:57,461 | INFO | Comment 23/50: Đừng đi theo mấy quán Review hải sản trên Tiktok, cứ hải sản bé Mặn, Năm Rảnh, Năm Đảnh là ngon bổ r
2026-09-15 16:28:57,493 | INFO | Comment 24/50: Tui ng đà nẵng nè ! Nhớ đi bán đảo sơn trà nhé 🥰🥰
2026-09-15 16:28:57,535 | INFO | Comment 25/50: Bà Nà, Hội An, Cù Lao Chàm là 3 chỗ đáng đi nhất, mấy chỗ khác có hay ko ko quan trọng. Hội An nên đ
2026-09-15 16:28:57,566 | INFO | Comment 26/50: Mình người ĐN. Ai cần hỏi gì về KS, nên đi đâu, quán cf nào, quán ăn vặt nào thì cứ hỏi mình. Còn ăn
2026-09-15 16:28:57,602 | INFO | Comment 27/50: tìm ksan giá từ 500-600 ở gần biển có k nhể
2026-09-15 16:28:57,640 | INFO | Comment 28/50: Người Đà Nẵng đây có gì cần hỏi k ạ. Hi
2026-09-15 16:28:57,690 | INFO | Comment 29/50: Tui đang ở đà nẵng đây khuyên Mn nên đi bán đảo Sơn trà nha
2026-09-15 16:28:57,735 | INFO | Comment 30/50: K nên thuê xe máy đi hội an
2026-09-15 16:28:57,780 | INFO | Comment 31/50: Dành dụm 30tr đi 2nl 2te đủ hk mọi người? 3n2đ à.😁😁😁
2026-09-15 16:28:57,816 | INFO | Comment 32/50: 1. Đặt xe trên app 2.Hỏi người dân địa phương,chỗ nào ăn ngon rẻ 3.Cb đồ mát,ĐN nóng 4.Tài xế đặt qu
2026-09-15 16:28:57,853 | INFO | Comment 33/50: Sao lại có người khuyên không đi bà nà nhỉ, thật sự đến đà nẵng là phải đi bà nà, phải đi bà nà, PHẢ
2026-09-15 16:28:57,885 | INFO | Comment 34/50: Chợ cồn vs bắc mỹ an nhào dzô ăn :))
2026-09-15 16:28:57,958 | INFO | Comment 35/50: Xe du lịch Đà Nẵng - Hội An - Bà Nà - Huế Đà Nẵng - Hội An xe 4 chỗ : 2.1.9k Đà Nẵng - Hội An xe 7 c
2026-09-15 16:28:57,996 | INFO | Comment 36/50: mọi người cho mình hỏi xuống sân bay đà Nẵng dễ bắt taxi k mọi người 🥰
2026-09-15 16:28:58,032 | INFO | Comment 37/50: 15tr trừ tiền ks mb đủ cho 2nl 1te4t chỉ ăn uống đi chơi đủ k mn
2026-09-15 16:28:58,072 | INFO | Comment 38/50: Cù Lao Chàm hay Bán Đảo Sơn Trà ạ 🥹
2026-09-15 16:28:58,116 | INFO | Comment 39/50: có chỗ ở chưa mn ơiiiii
2026-09-15 16:28:58,246 | INFO | Comment 40/50: Quá đẹp, tiếc là chưa đc đi bán đảo Sơn Trà
2026-09-15 16:28:58,305 | INFO | Comment 41/50: ko nên đi thuyển thả hoa đănq nha 😂😂
2026-09-15 16:28:58,364 | INFO | Comment 42/50: thôi tốt nhất đừng đi ạ, mình ở Đà Nẵng đây. đi mắc công luyến tiếc không muốn về muốn di cư ra ĐN n
2026-09-15 16:28:58,446 | INFO | Comment 43/50: Đi tháng 7 dễ dính mưa ko ạ, mk tính đi 7/7
2026-09-15 16:28:58,503 | INFO | Comment 44/50: Cho mình lời khuyên với. Chưa đi ĐN bao giờ. Đang có kế hoạch tháng 7 đi ạ. Đi thì sẽ thuê xe và ngư
2026-09-15 16:28:58,540 | INFO | Comment 45/50: Đi đà nẵng tận hưởng được tất cả phải có xe máy
2026-09-15 16:28:58,583 | INFO | Comment 46/50: 𝗫𝗲 Đà 𝐍ẵ𝐧𝐠 - 𝐇ộ𝐢 𝐀𝐧 - 𝐁à 𝐍à - 𝐇𝐮ế 🌿Xe 4 chỗ giá 219k 1 chiều ( bao xe ) 🌿Xe 7 chỗ giá 269k 1 chiều (
2026-09-15 16:28:58,629 | INFO | Comment 47/50: Xin nhà nghỉ ở ĐN giá dưới 300k vs các mom
2026-09-15 16:28:58,665 | INFO | Comment 48/50: Đi đn thì ăn hải sản ở đâu ngon giá hợp lý vậy mn,đoàn mình tầm 50 ng ạ
2026-09-15 16:28:58,706 | INFO | Comment 49/50: đà nẵng
2026-09-15 16:28:58,748 | INFO | Comment 50/50: Nhớ đi du thuyền trên sông Hàn ngắm cảnh đêm nha bn.
2026-09-15 16:28:58,748 | INFO | Reached maximum 50 comments.
2026-09-15 16:28:58,748 | INFO | ======================================
2026-09-15 16:28:58,748 | INFO | COMMENT RESULT: 50/50
2026-09-15 16:28:58,749 | INFO | ======================================
2026-09-15 16:28:58,751 | INFO | Saved JSON: D:\TIỂU LUẬN CHUYÊN NGÀNH\TLCN-Travel\data\raw\tiktok\tiktok_metadata_comments.json
2026-09-15 16:28:58,751 | INFO | Done: 50 comments
2026-09-15 16:29:03,259 | INFO | [3/12] https://www.tiktok.com/@thuexemaydanang43hovy/video/7628220945903144213
2026-09-15 16:29:03,259 | INFO | Open video: https://www.tiktok.com/@thuexemaydanang43hovy/video/7628220945903144213
2026-09-15 16:29:13,620 | INFO | ======================================
2026-09-15 16:29:13,624 | INFO | START COMMENT CRAWLING
2026-09-15 16:29:13,625 | INFO | Target comments: 50
2026-09-15 16:29:13,626 | INFO | ======================================
2026-09-15 16:29:13,626 | INFO | Opening TikTok comment panel...
2026-09-15 16:29:13,693 | INFO | Selector [data-e2e="comment-icon"] -> 1 elements
2026-09-15 16:29:14,933 | INFO | Clicked comment button: [data-e2e="comment-icon"]
2026-09-15 16:29:18,017 | INFO | Comment DOM loaded: [data-e2e="comment-level-1"] | 20 elements
2026-09-15 16:29:18,018 | INFO | --------------------------------------
2026-09-15 16:29:18,018 | INFO | Comment round 1/60
2026-09-15 16:29:18,144 | INFO | Last visible comment: đầu tháng 6 đi nè
2026-09-15 16:29:18,144 | INFO | DOM comments: 20
2026-09-15 16:29:18,193 | INFO | Comment 1/50: đà Nẵng 5 năm trước ☺️☺️
2026-09-15 16:29:18,230 | INFO | Comment 2/50: Mình di 3 năm liên tiếp nha vẫn luỵ nè, mà mình đến chờ nhận xe r mình đi Hội An trước nhé, xog về c
2026-09-15 16:29:18,264 | INFO | Comment 3/50: thuê xe máy bao nhiêu 1 ngày ạ
2026-09-15 16:29:18,297 | INFO | Comment 4/50: Mjh muốn đi vào t9 hợp lý k b
2026-09-15 16:29:18,338 | INFO | Comment 5/50: Bạn nói đúng nè. Năm ngoái tui đi Đà Nẵng lần đầu tiên trong 4 ngày 3 đêm, và giờ tui vẫn mong được 
2026-09-15 16:29:18,370 | INFO | Comment 6/50: Xe máy thuê bnh/ngày vậy ạ
2026-09-15 16:29:18,427 | INFO | Comment 7/50: Đi núi thần tài mất bn lâu
2026-09-15 16:29:18,551 | INFO | Comment 8/50: Tui ở 2 tuần giờ về vẫn thèm nè
2026-09-15 16:29:18,588 | INFO | Comment 9/50: Cầu rồng phun lửa có vào những hnao hả các b
2026-09-15 16:29:18,623 | INFO | Comment 10/50: ai đi tháng này k ạ chưa đi nên nghe mọi ng riviu muốn đi quá ạ
2026-09-15 16:29:18,661 | INFO | Comment 11/50: ĐN ít cũng 3 đêm thì may ra mới đủ thời gian đi chrckin các điểm 🫶🏻
2026-09-15 16:29:18,696 | INFO | Comment 12/50: 25/8 đn đã vào mùa mưa ch mn ơi
2026-09-15 16:29:18,734 | INFO | Comment 13/50: Đà Nẵng - Hội An - Huế - Bà Nà - [x] 🚕Đ𝐚̀ 𝐍𝐚̆̃𝐧𝐠 - 𝐇𝐨̣̂𝐢 𝐀𝐧 𝐱𝐞 𝟒 𝐜𝐡𝐨̂̃ : 𝟐 1 9 🌿 🚕Đ𝐚̀ 𝐍𝐚̆̃𝐧𝐠 - 𝐇𝐨̣̂𝐢
2026-09-15 16:29:18,772 | INFO | Comment 14/50: cho mình hỏi nếu thuê xe máy mà k có bằng thì có chạy xe được k ạ
2026-09-15 16:29:18,808 | INFO | Comment 15/50: Mình đi 1 tuần xog về luỵ quá book vé đi tiếp đây :)))
2026-09-15 16:29:18,841 | INFO | Comment 16/50: Cuối t7 kb tầm ấy có nắng nóng lắm k mn nhỉ
2026-09-15 16:29:18,879 | INFO | Comment 17/50: Năm nao mk cũng đi 5-7 ngày
2026-09-15 16:29:18,917 | INFO | Comment 18/50: Đà nẵng cuối tháng 6 đầu tháng 7 có thích hợp đi du lịch ko ạ, có đông và nắng nóng lắm ko ạ. Mong m
2026-09-15 16:29:18,959 | INFO | Comment 19/50: Đầu t7 mình đi lúc đó ĐN có nắng quá và còn pháo hoa ko mn 😁
2026-09-15 16:29:18,998 | INFO | Comment 20/50: đầu tháng 6 đi nè
2026-09-15 16:29:18,999 | INFO | New comments this round: 20
2026-09-15 16:31:16,063 | INFO | Wheel scroll executed: 600px
2026-09-15 16:31:16,063 | INFO | Scroll mode: WHEEL
2026-09-15 16:31:19,754 | INFO | --------------------------------------
2026-09-15 16:31:19,754 | INFO | Comment round 2/60
2026-09-15 16:31:19,814 | INFO | Last visible comment: đi tầm 5 ngày 4 đêm đc ko
2026-09-15 16:31:19,815 | INFO | DOM comments: 40
2026-09-15 16:31:19,864 | INFO | Comment 21/50: đà Nẵng 5 năm trước ☺️☺️
2026-09-15 16:31:19,914 | INFO | Comment 22/50: Mình di 3 năm liên tiếp nha vẫn luỵ nè, mà mình đến chờ nhận xe r mình đi Hội An trước nhé, xog về c
2026-09-15 16:31:19,971 | INFO | Comment 23/50: thuê xe máy bao nhiêu 1 ngày ạ
2026-09-15 16:31:20,034 | INFO | Comment 24/50: Mjh muốn đi vào t9 hợp lý k b
2026-09-15 16:31:20,100 | INFO | Comment 25/50: Bạn nói đúng nè. Năm ngoái tui đi Đà Nẵng lần đầu tiên trong 4 ngày 3 đêm, và giờ tui vẫn mong được 
2026-09-15 16:31:20,166 | INFO | Comment 26/50: Xe máy thuê bnh/ngày vậy ạ
2026-09-15 16:31:20,218 | INFO | Comment 27/50: Đi núi thần tài mất bn lâu
2026-09-15 16:31:20,301 | INFO | Comment 28/50: Tui ở 2 tuần giờ về vẫn thèm nè
2026-09-15 16:31:20,369 | INFO | Comment 29/50: Cầu rồng phun lửa có vào những hnao hả các b
2026-09-15 16:31:20,436 | INFO | Comment 30/50: ai đi tháng này k ạ chưa đi nên nghe mọi ng riviu muốn đi quá ạ
2026-09-15 16:31:20,505 | INFO | Comment 31/50: ĐN ít cũng 3 đêm thì may ra mới đủ thời gian đi chrckin các điểm 🫶🏻
2026-09-15 16:31:20,577 | INFO | Comment 32/50: 25/8 đn đã vào mùa mưa ch mn ơi
2026-09-15 16:31:20,669 | INFO | Comment 33/50: Đà Nẵng - Hội An - Huế - Bà Nà - [x] 🚕Đ𝐚̀ 𝐍𝐚̆̃𝐧𝐠 - 𝐇𝐨̣̂𝐢 𝐀𝐧 𝐱𝐞 𝟒 𝐜𝐡𝐨̂̃ : 𝟐 1 9 🌿 🚕Đ𝐚̀ 𝐍𝐚̆̃𝐧𝐠 - 𝐇𝐨̣̂𝐢
2026-09-15 16:31:20,805 | INFO | Comment 34/50: cho mình hỏi nếu thuê xe máy mà k có bằng thì có chạy xe được k ạ
2026-09-15 16:31:20,901 | INFO | Comment 35/50: Mình đi 1 tuần xog về luỵ quá book vé đi tiếp đây :)))
2026-09-15 16:31:20,994 | INFO | Comment 36/50: Cuối t7 kb tầm ấy có nắng nóng lắm k mn nhỉ
2026-09-15 16:31:21,085 | INFO | Comment 37/50: Năm nao mk cũng đi 5-7 ngày
2026-09-15 16:31:21,185 | INFO | Comment 38/50: Đà nẵng cuối tháng 6 đầu tháng 7 có thích hợp đi du lịch ko ạ, có đông và nắng nóng lắm ko ạ. Mong m
2026-09-15 16:31:21,315 | INFO | Comment 39/50: Đầu t7 mình đi lúc đó ĐN có nắng quá và còn pháo hoa ko mn 😁
2026-09-15 16:31:21,396 | INFO | Comment 40/50: đầu tháng 6 đi nè
2026-09-15 16:31:21,453 | INFO | Comment 41/50: Chéo fl, trả ngay ạ
2026-09-15 16:31:21,502 | INFO | Comment 42/50: cho ch hỏi đi t6 hay đầu t7 nào ok hơn e
2026-09-15 16:31:21,546 | INFO | Comment 43/50: Muốn đi Đà Nẵng nên đặt phòng ở đâu thì tiện bạn ơi
2026-09-15 16:31:21,586 | INFO | Comment 44/50: Đã đi 2 lần và vẫn muốn đc đi nữa 🥰
2026-09-15 16:31:21,632 | INFO | Comment 45/50: Tháng 7 đi có bị mưa không ạ????
2026-09-15 16:31:21,674 | INFO | Comment 46/50: Xe có đưa đến chỗ đặt k ạ
2026-09-15 16:31:21,712 | INFO | Comment 47/50: Khách sạn nào được ạ
2026-09-15 16:31:21,919 | INFO | Comment 48/50: 7 tr 2 ng từ hnoi vào đủ khong🥰
2026-09-15 16:31:22,027 | INFO | Comment 49/50: Đi đà nẵng tháng nào đẹp ạ
2026-09-15 16:31:22,083 | INFO | Comment 50/50: đi 1 tháng là đẹp🤣
2026-09-15 16:31:22,083 | INFO | Reached maximum 50 comments.
2026-09-15 16:31:22,084 | INFO | ======================================
2026-09-15 16:31:22,084 | INFO | COMMENT RESULT: 50/50
2026-09-15 16:31:22,085 | INFO | ======================================
2026-09-15 16:31:22,097 | INFO | Saved JSON: D:\TIỂU LUẬN CHUYÊN NGÀNH\TLCN-Travel\data\raw\tiktok\tiktok_metadata_comments.json
2026-09-15 16:31:22,116 | INFO | Done: 50 comments
2026-09-15 16:31:25,417 | INFO | [4/12] https://www.tiktok.com/@hoangyen.shinetravel/video/7630455816352501012
2026-09-15 16:31:25,417 | INFO | Open video: https://www.tiktok.com/@hoangyen.shinetravel/video/7630455816352501012
2026-09-15 16:31:37,735 | INFO | ======================================
2026-09-15 16:31:37,784 | INFO | START COMMENT CRAWLING
2026-09-15 16:31:37,803 | INFO | Target comments: 50
2026-09-15 16:31:37,810 | INFO | ======================================
2026-09-15 16:31:37,816 | INFO | Opening TikTok comment panel...
2026-09-15 16:31:37,851 | INFO | Selector [data-e2e="comment-icon"] -> 1 elements
2026-09-15 16:31:39,120 | INFO | Clicked comment button: [data-e2e="comment-icon"]
2026-09-15 16:31:42,145 | INFO | Comment DOM loaded: [data-e2e="comment-level-1"] | 18 elements
2026-09-15 16:31:42,145 | INFO | --------------------------------------
2026-09-15 16:31:42,146 | INFO | Comment round 1/60
2026-09-15 16:31:42,247 | INFO | Last visible comment: Tư vấn giúp mình nhé
2026-09-15 16:31:42,247 | INFO | DOM comments: 18
2026-09-15 16:31:42,298 | INFO | Comment 1/50: muốn đi chơi mac hk biết đặt khách sạn khu nào cho tiện ạ. cứu bed
2026-09-15 16:31:42,333 | INFO | Comment 2/50: b ơi có combo t9 k ạ?
2026-09-15 16:31:42,366 | INFO | Comment 3/50: Đặt vé rừng dừa với vé lên bà nà hil ở đâu vậy ạ
2026-09-15 16:31:42,402 | INFO | Comment 4/50: đặt vé rừng dừa ở đâu vậy cậu
2026-09-15 16:31:42,448 | INFO | Comment 5/50: Có vé t8 k b
2026-09-15 16:31:42,503 | INFO | Comment 6/50: Vé dừng rừa trẻ con đi được ko ạ
2026-09-15 16:31:42,550 | INFO | Comment 7/50: Bên mình còn phòng ở hội an k ạ
2026-09-15 16:31:42,594 | INFO | Comment 8/50: Chị có tour Huế - Đà Nắng không ạ, em xin tư vấn với ạ
2026-09-15 16:31:42,660 | INFO | Comment 9/50: chị có combo tháng5 k ai
2026-09-15 16:31:42,713 | INFO | Comment 10/50: Đặt vé rừng dừa ở đâu thế ạ
2026-09-15 16:31:42,760 | INFO | Comment 11/50: Đ𝐀̀ 𝐍𝐀̆̃𝐍𝐆 – 𝐇𝐎̣̂𝐈 𝐀𝐍 – Bà Nà - Huế • Xe 4 chỗ —— 2.19k ( Bao Xe ) • xe 7 chỗ ——- 2.69k ( Bao xe ) •
2026-09-15 16:31:42,803 | INFO | Comment 12/50: Chị cho em tham khảo combo tháng 6 với ạ
2026-09-15 16:31:42,844 | INFO | Comment 13/50: nếu k đi bà nà hill thì có lịch trình gì thay vào k mn nhỉ
2026-09-15 16:31:42,890 | INFO | Comment 14/50: Vé bà nà hill ngày 5,6/5 bao nhiêu b
2026-09-15 16:31:42,938 | INFO | Comment 15/50: Shop đi khoẻ thế 😀
2026-09-15 16:31:42,989 | INFO | Comment 16/50: Tư vấn minh 4n 3 đ đà nẵng v nha
2026-09-15 16:31:43,032 | INFO | Comment 17/50: Bên m có vé mb ngày 15/8 -18/8 k b
2026-09-15 16:31:43,080 | INFO | Comment 18/50: Tư vấn giúp mình nhé
2026-09-15 16:31:43,080 | INFO | New comments this round: 18
2026-09-15 16:33:44,110 | WARNING | Wheel scroll failed: HTTPConnectionPool(host='localhost', port=44949): Read timed out. (read timeout=120)
2026-09-15 16:35:44,126 | WARNING | Scroll comment failed: HTTPConnectionPool(host='localhost', port=44949): Read timed out. (read timeout=120)
2026-09-15 16:35:44,127 | INFO | Scroll mode: ERROR
2026-09-15 16:35:47,654 | INFO | --------------------------------------
2026-09-15 16:35:47,655 | INFO | Comment round 2/60
2026-09-15 16:39:47,688 | INFO | DOM comments: 0
2026-09-15 16:39:47,689 | INFO | No new comments. Consecutive rounds: 1
2026-09-15 16:43:47,741 | WARNING | No comments found before scrolling.
2026-09-15 16:43:47,745 | INFO | Scroll mode: NO_COMMENT
2026-09-15 16:43:51,838 | INFO | --------------------------------------
2026-09-15 16:43:51,839 | INFO | Comment round 3/60
2026-09-15 16:47:51,885 | INFO | DOM comments: 0
2026-09-15 16:47:51,885 | INFO | No new comments. Consecutive rounds: 2
2026-09-15 16:51:51,911 | WARNING | No comments found before scrolling.
2026-09-15 16:51:51,912 | INFO | Scroll mode: NO_COMMENT
2026-09-15 16:51:55,323 | INFO | --------------------------------------
2026-09-15 16:51:55,324 | INFO | Comment round 4/60
2026-09-15 16:55:55,332 | INFO | DOM comments: 0
2026-09-15 16:55:55,333 | INFO | No new comments. Consecutive rounds: 3
2026-09-15 16:59:55,371 | WARNING | No comments found before scrolling.
2026-09-15 16:59:55,372 | INFO | Scroll mode: NO_COMMENT
2026-09-15 16:59:59,471 | INFO | --------------------------------------
2026-09-15 16:59:59,472 | INFO | Comment round 5/60
2026-09-15 17:01:44,563 | INFO | Last visible comment: Tư vấn giúp mình nhé
2026-09-15 17:01:44,567 | INFO | DOM comments: 18
2026-09-15 17:01:44,702 | INFO | Comment 19/50: muốn đi chơi mac hk biết đặt khách sạn khu nào cho tiện ạ. cứu bed
2026-09-15 17:01:44,755 | INFO | Comment 20/50: b ơi có combo t9 k ạ?
2026-09-15 17:01:44,831 | INFO | Comment 21/50: Đặt vé rừng dừa với vé lên bà nà hil ở đâu vậy ạ
2026-09-15 17:01:44,876 | INFO | Comment 22/50: đặt vé rừng dừa ở đâu vậy cậu
2026-09-15 17:01:44,920 | INFO | Comment 23/50: Có vé t8 k b
2026-09-15 17:01:44,951 | INFO | Comment 24/50: Vé dừng rừa trẻ con đi được ko ạ
2026-09-15 17:01:45,061 | INFO | Comment 25/50: Bên mình còn phòng ở hội an k ạ
2026-09-15 17:01:45,155 | INFO | Comment 26/50: Chị có tour Huế - Đà Nắng không ạ, em xin tư vấn với ạ
2026-09-15 17:01:45,217 | INFO | Comment 27/50: chị có combo tháng5 k ai
2026-09-15 17:01:45,344 | INFO | Comment 28/50: Đặt vé rừng dừa ở đâu thế ạ
2026-09-15 17:01:45,412 | INFO | Comment 29/50: Đ𝐀̀ 𝐍𝐀̆̃𝐍𝐆 – 𝐇𝐎̣̂𝐈 𝐀𝐍 – Bà Nà - Huế • Xe 4 chỗ —— 2.19k ( Bao Xe ) • xe 7 chỗ ——- 2.69k ( Bao xe ) •
2026-09-15 17:01:45,493 | INFO | Comment 30/50: Chị cho em tham khảo combo tháng 6 với ạ
2026-09-15 17:01:45,553 | INFO | Comment 31/50: nếu k đi bà nà hill thì có lịch trình gì thay vào k mn nhỉ
2026-09-15 17:01:45,596 | INFO | Comment 32/50: Vé bà nà hill ngày 5,6/5 bao nhiêu b
2026-09-15 17:01:45,640 | INFO | Comment 33/50: Shop đi khoẻ thế 😀
2026-09-15 17:01:45,685 | INFO | Comment 34/50: Tư vấn minh 4n 3 đ đà nẵng v nha
2026-09-15 17:01:45,725 | INFO | Comment 35/50: Bên m có vé mb ngày 15/8 -18/8 k b
2026-09-15 17:01:45,753 | INFO | Comment 36/50: Tư vấn giúp mình nhé
2026-09-15 17:01:45,754 | INFO | New comments this round: 18
2026-09-15 17:03:46,781 | WARNING | Wheel scroll failed: HTTPConnectionPool(host='localhost', port=44949): Read timed out. (read timeout=120)
2026-09-15 17:05:46,805 | WARNING | Scroll comment failed: HTTPConnectionPool(host='localhost', port=44949): Read timed out. (read timeout=120)
2026-09-15 17:05:46,806 | INFO | Scroll mode: ERROR
2026-09-15 17:05:50,629 | INFO | --------------------------------------
2026-09-15 17:05:50,639 | INFO | Comment round 6/60
2026-09-15 17:09:50,658 | INFO | DOM comments: 0
2026-09-15 17:09:50,658 | INFO | No new comments. Consecutive rounds: 1
2026-09-15 17:13:50,676 | WARNING | No comments found before scrolling.
2026-09-15 17:13:50,677 | INFO | Scroll mode: NO_COMMENT
2026-09-15 17:13:53,781 | INFO | --------------------------------------
2026-09-15 17:13:53,785 | INFO | Comment round 7/60
2026-09-15 17:17:53,815 | INFO | DOM comments: 0
2026-09-15 17:17:53,816 | INFO | No new comments. Consecutive rounds: 2
2026-09-15 17:21:53,821 | WARNING | No comments found before scrolling.
2026-09-15 17:21:53,822 | INFO | Scroll mode: NO_COMMENT
2026-09-15 17:21:58,722 | INFO | --------------------------------------
2026-09-15 17:21:58,723 | INFO | Comment round 8/60
2026-09-15 17:25:58,763 | INFO | DOM comments: 0
2026-09-15 17:25:58,763 | INFO | No new comments. Consecutive rounds: 3
2026-09-15 17:27:25,478 | WARNING | Retrying (Retry(total=2, connect=None, read=None, redirect=None, status=None)) after connection broken by 'NewConnectionError("HTTPConnection(host='localhost', port=44949): Failed to establish a new connection: [WinError 10061] No connection could be made because the target machine actively refused it")': /session/25177ade0b0a7a0743f8b22e1f010cf2
2026-09-15 17:27:29,554 | WARNING | Retrying (Retry(total=1, connect=None, read=None, redirect=None, status=None)) after connection broken by 'NewConnectionError("HTTPConnection(host='localhost', port=44949): Failed to establish a new connection: [WinError 10061] No connection could be made because the target machine actively refused it")': /session/25177ade0b0a7a0743f8b22e1f010cf2
2026-09-15 17:27:33,670 | WARNING | Retrying (Retry(total=0, connect=None, read=None, redirect=None, status=None)) after connection broken by 'NewConnectionError("HTTPConnection(host='localhost', port=44949): Failed to establish a new connection: [WinError 10061] No connection could be made because the target machine actively refused it")': /session/25177ade0b0a7a0743f8b22e1f010cf2
2026-09-15 17:29:23,817 | INFO | ======================================
2026-09-15 17:29:23,818 | INFO | TikTok metadata + comments crawler
2026-09-15 17:29:23,818 | INFO | ======================================
2026-09-15 17:29:26,327 | INFO | Searching: du lịch Đà Nẵng
2026-09-15 17:29:34,061 | INFO | Search round 1 | videos: 12
2026-09-15 17:29:37,496 | INFO | Search round 2 | videos: 12
2026-09-15 17:29:41,152 | INFO | Keyword 'du lịch Đà Nẵng': 12 videos
2026-09-15 17:29:41,152 | INFO | [1/12] https://www.tiktok.com/@review.danang24/video/7649247032120577298
2026-09-15 17:29:41,152 | INFO | Open video: https://www.tiktok.com/@review.danang24/video/7649247032120577298
2026-09-15 17:29:50,827 | INFO | ======================================
2026-09-15 17:29:50,828 | INFO | START COMMENT CRAWLING
2026-09-15 17:29:50,828 | INFO | Target comments: 50
2026-09-15 17:29:50,829 | INFO | ======================================
2026-09-15 17:29:50,829 | INFO | Opening TikTok comment panel...
2026-09-15 17:29:50,868 | INFO | Selector [data-e2e="comment-icon"] -> 1 elements
2026-09-15 17:29:52,185 | INFO | Clicked comment button: [data-e2e="comment-icon"]
2026-09-15 17:29:55,222 | INFO | Comment DOM loaded: [data-e2e="comment-level-1"] | 19 elements
2026-09-15 17:29:55,222 | INFO | --------------------------------------
2026-09-15 17:29:55,222 | INFO | Comment round 1/60
2026-09-15 17:29:55,246 | INFO | DOM comments: 19
2026-09-15 17:29:55,328 | INFO | New comment 1/50: Đ𝐀̀ 𝐍𝐀̆̃𝐍𝐆 – 𝐇𝐎̣̂𝐈 𝐀𝐍 – Bà Nà - Huế Xe 4 chôỗ __ 219.k ☘️Xe 7 chôỗ___ 2.69k 🌿 Xe 16 chôỗ____ 3.99k 🍃
2026-09-15 17:29:55,407 | INFO | New comment 2/50: Mình xin giá tua ạ cho 6 người 2 người lớn 4 trẻ em ạ
2026-09-15 17:29:55,470 | INFO | New comment 3/50: Ib mình
2026-09-15 17:29:55,523 | INFO | New comment 4/50: Tư vấn giúp mình ạ
2026-09-15 17:29:55,579 | INFO | New comment 5/50: đã
2026-09-15 17:29:55,641 | INFO | New comment 6/50: 2/8 e và đà nẵng tv e
2026-09-15 17:29:55,700 | INFO | New comment 7/50: Nội dung hay đó.
2026-09-15 17:29:55,762 | INFO | New comment 8/50: Tháng này trời đẹp không ạ
2026-09-15 17:29:55,818 | INFO | New comment 9/50: Mình xin giá vé bà nà với ạ
2026-09-15 17:29:55,881 | INFO | New comment 10/50: Ib
2026-09-15 17:29:55,995 | INFO | New comment 11/50: Giá vế ba nà niêu
2026-09-15 17:29:56,057 | INFO | New comment 12/50: đẹp nhỉ
2026-09-15 17:29:56,124 | INFO | New comment 13/50: Có shop nào bán đồ nữ gần sông hàn ko ạ
2026-09-15 17:29:56,182 | INFO | New comment 14/50: Ib tour 5/8 ạ
2026-09-15 17:29:56,240 | INFO | New comment 15/50: Xin dép lào
2026-09-15 17:29:56,289 | INFO | New comment 16/50: cho mình xin giá tour cho 9 người ạh
2026-09-15 17:29:56,359 | INFO | New comment 17/50: xin giá tour tháng 9 ạ
2026-09-15 17:29:56,423 | INFO | New unique comments this round: 17
2026-09-15 17:29:56,424 | INFO | Total unique comments: 17/50
2026-09-15 17:29:56,482 | INFO | JS scroll result: {'clientHeight': 371, 'mode': 'CONTAINER', 'newTop': 400, 'oldTop': 0, 'scrollHeight': 2288}
2026-09-15 17:29:56,482 | INFO | Scroll mode: CONTAINER
2026-09-15 17:29:59,243 | INFO | --------------------------------------
2026-09-15 17:29:59,243 | INFO | Comment round 2/60
2026-09-15 17:29:59,286 | INFO | DOM comments: 19
2026-09-15 17:30:00,320 | INFO | New unique comments this round: 0
2026-09-15 17:30:00,321 | INFO | Total unique comments: 17/50
2026-09-15 17:30:00,321 | INFO | No new comments. Consecutive rounds: 1/5
2026-09-15 17:30:00,380 | INFO | JS scroll result: {'clientHeight': 371, 'mode': 'CONTAINER', 'newTop': 800, 'oldTop': 400, 'scrollHeight': 2288}
2026-09-15 17:30:00,380 | INFO | Scroll mode: CONTAINER
2026-09-15 17:30:02,657 | INFO | --------------------------------------
2026-09-15 17:30:02,658 | INFO | Comment round 3/60
2026-09-15 17:30:02,698 | INFO | DOM comments: 19
2026-09-15 17:30:03,807 | INFO | New unique comments this round: 0
2026-09-15 17:30:03,807 | INFO | Total unique comments: 17/50
2026-09-15 17:30:03,808 | INFO | No new comments. Consecutive rounds: 2/5
2026-09-15 17:30:03,859 | INFO | JS scroll result: {'clientHeight': 371, 'mode': 'CONTAINER', 'newTop': 1200, 'oldTop': 800, 'scrollHeight': 2288}
2026-09-15 17:30:03,859 | INFO | Scroll mode: CONTAINER
2026-09-15 17:30:06,070 | INFO | --------------------------------------
2026-09-15 17:30:06,071 | INFO | Comment round 4/60
2026-09-15 17:30:06,100 | INFO | DOM comments: 19
2026-09-15 17:30:07,338 | INFO | New unique comments this round: 0
2026-09-15 17:30:07,338 | INFO | Total unique comments: 17/50
2026-09-15 17:30:07,338 | INFO | No new comments. Consecutive rounds: 3/5
2026-09-15 17:30:07,383 | INFO | JS scroll result: {'clientHeight': 371, 'mode': 'CONTAINER', 'newTop': 1600, 'oldTop': 1200, 'scrollHeight': 2288}
2026-09-15 17:30:07,384 | INFO | Scroll mode: CONTAINER
2026-09-15 17:30:09,605 | INFO | --------------------------------------
2026-09-15 17:30:09,606 | INFO | Comment round 5/60
2026-09-15 17:30:09,640 | INFO | DOM comments: 19
2026-09-15 17:30:10,593 | INFO | New unique comments this round: 0
2026-09-15 17:30:10,593 | INFO | Total unique comments: 17/50
2026-09-15 17:30:10,594 | INFO | No new comments. Consecutive rounds: 4/5
2026-09-15 17:30:10,639 | INFO | JS scroll result: {'clientHeight': 371, 'mode': 'CONTAINER', 'newTop': 1916.5, 'oldTop': 1600, 'scrollHeight': 2288}
2026-09-15 17:30:10,639 | INFO | Scroll mode: CONTAINER
2026-09-15 17:30:13,095 | INFO | --------------------------------------
2026-09-15 17:30:13,095 | INFO | Comment round 6/60
2026-09-15 17:30:13,149 | INFO | DOM comments: 39
2026-09-15 17:30:14,289 | INFO | New comment 18/50: xu nha. gia phong cuoi mua he cao hon tat ca cac khu du lich khac
2026-09-15 17:30:14,355 | INFO | New comment 19/50: Anh chị em muốn thư giản hay trị mụn chuyên sâu thì đến trải nghiệm tại 91 Lê Văn Hưu, Mỹ An ủng hộ 
2026-09-15 17:30:14,415 | INFO | New comment 20/50: mùa này đẹp mà nắng quá hehe
2026-09-15 17:30:14,502 | INFO | New comment 21/50: Tu vấn cho mình combo đi 2 người từ ngày 8/9 đi 2 ngày tu sai gon
2026-09-15 17:30:14,558 | INFO | New comment 22/50: 🥰 chỗ nào cx đẹp
2026-09-15 17:30:14,621 | INFO | New comment 23/50: Cho mình xin giá 6 ng 2 ng lớn 4 trẻ em ạ
2026-09-15 17:30:14,673 | INFO | New comment 24/50: Bạn ơi, cho mình hỏi lễ hội pháo hoa tổ chức đến khi nào?
2026-09-15 17:30:14,732 | INFO | New comment 25/50: Tv c shop nhé
2026-09-15 17:30:14,799 | INFO | New comment 26/50: để tam mời huyn đi đà nẵng
2026-09-15 17:30:14,892 | INFO | New comment 27/50: Chấm ở đây năm sau đi ạ
2026-09-15 17:30:14,974 | INFO | New comment 28/50: xin giá
2026-09-15 17:30:15,057 | INFO | New comment 29/50: Tư vấn tua
2026-09-15 17:30:15,131 | INFO | New comment 30/50: Xin giá từ hn đi ạ 2ng lớn 3n2d
2026-09-15 17:30:15,191 | INFO | New comment 31/50: anh sin 2 nguoi gia bao nhiê
2026-09-15 17:30:15,255 | INFO | New comment 32/50: biển mỹ khê gần nhà em
2026-09-15 17:30:15,317 | INFO | New comment 33/50: TV mình vs ạ
2026-09-15 17:30:15,387 | INFO | New comment 34/50: Cho xin giá
2026-09-15 17:30:15,489 | INFO | New comment 35/50: inbox please
2026-09-15 17:30:15,553 | INFO | New comment 36/50: có tu.a đi đủ hết mấy địa điểm trên k ạ ?
2026-09-15 17:30:15,553 | INFO | New unique comments this round: 19
2026-09-15 17:30:15,553 | INFO | Total unique comments: 36/50
2026-09-15 17:30:15,599 | INFO | JS scroll result: {'clientHeight': 371, 'mode': 'CONTAINER', 'newTop': 2316.5, 'oldTop': 1916.5, 'scrollHeight': 4706}
2026-09-15 17:30:15,600 | INFO | Scroll mode: CONTAINER
2026-09-15 17:30:17,728 | INFO | --------------------------------------
2026-09-15 17:30:17,729 | INFO | Comment round 7/60
2026-09-15 17:30:17,758 | INFO | DOM comments: 39
2026-09-15 17:30:20,374 | INFO | New unique comments this round: 0
2026-09-15 17:30:20,375 | INFO | Total unique comments: 36/50
2026-09-15 17:30:20,375 | INFO | No new comments. Consecutive rounds: 1/5
2026-09-15 17:30:20,459 | INFO | JS scroll result: {'clientHeight': 371, 'mode': 'CONTAINER', 'newTop': 2716.5, 'oldTop': 2316.5, 'scrollHeight': 4706}
2026-09-15 17:30:20,460 | INFO | Scroll mode: CONTAINER
2026-09-15 17:30:22,880 | INFO | --------------------------------------
2026-09-15 17:30:22,881 | INFO | Comment round 8/60
2026-09-15 17:30:22,913 | INFO | DOM comments: 39
2026-09-15 17:30:25,007 | INFO | New unique comments this round: 0
2026-09-15 17:30:25,008 | INFO | Total unique comments: 36/50
2026-09-15 17:30:25,008 | INFO | No new comments. Consecutive rounds: 2/5
2026-09-15 17:30:25,053 | INFO | JS scroll result: {'clientHeight': 371, 'mode': 'CONTAINER', 'newTop': 3116.5, 'oldTop': 2716.5, 'scrollHeight': 4706}
2026-09-15 17:30:25,054 | INFO | Scroll mode: CONTAINER
2026-09-15 17:30:27,430 | INFO | --------------------------------------
2026-09-15 17:30:27,430 | INFO | Comment round 9/60
2026-09-15 17:30:27,462 | INFO | DOM comments: 39
2026-09-15 17:30:29,770 | INFO | New unique comments this round: 0
2026-09-15 17:30:29,771 | INFO | Total unique comments: 36/50
2026-09-15 17:30:29,771 | INFO | No new comments. Consecutive rounds: 3/5
2026-09-15 17:30:29,822 | INFO | JS scroll result: {'clientHeight': 371, 'mode': 'CONTAINER', 'newTop': 3516.5, 'oldTop': 3116.5, 'scrollHeight': 4887}
2026-09-15 17:30:29,822 | INFO | Scroll mode: CONTAINER
2026-09-15 17:30:32,305 | INFO | --------------------------------------
2026-09-15 17:30:32,306 | INFO | Comment round 10/60
2026-09-15 17:30:32,359 | INFO | DOM comments: 39
2026-09-15 17:30:34,771 | INFO | New unique comments this round: 0
2026-09-15 17:30:34,771 | INFO | Total unique comments: 36/50
2026-09-15 17:30:34,771 | INFO | No new comments. Consecutive rounds: 4/5
2026-09-15 17:30:34,789 | INFO | JS scroll result: {'clientHeight': 371, 'mode': 'CONTAINER', 'newTop': 3916.5, 'oldTop': 3516.5, 'scrollHeight': 4887}
2026-09-15 17:30:34,790 | INFO | Scroll mode: CONTAINER
2026-09-15 17:30:37,766 | INFO | --------------------------------------
2026-09-15 17:30:37,766 | INFO | Comment round 11/60
2026-09-15 17:30:37,811 | INFO | DOM comments: 39
2026-09-15 17:30:40,306 | INFO | New unique comments this round: 0
2026-09-15 17:30:40,306 | INFO | Total unique comments: 36/50
2026-09-15 17:30:40,306 | INFO | No new comments. Consecutive rounds: 5/5
2026-09-15 17:30:40,306 | INFO | No new comments after 5 consecutive rounds.
2026-09-15 17:30:40,307 | INFO | ======================================
2026-09-15 17:30:40,307 | INFO | COMMENT RESULT: 36/50
2026-09-15 17:30:40,307 | INFO | ======================================
2026-09-15 17:30:40,308 | INFO | Saved JSON: D:\TIỂU LUẬN CHUYÊN NGÀNH\TLCN-Travel\data\raw\tiktok\tiktok_metadata_comments.json
2026-09-15 17:30:40,308 | INFO | Done: 36 comments
2026-09-15 17:30:45,272 | INFO | [2/12] https://www.tiktok.com/@boctrandanang/video/7645285420506336533
2026-09-15 17:30:45,273 | INFO | Open video: https://www.tiktok.com/@boctrandanang/video/7645285420506336533
2026-09-15 17:30:56,121 | INFO | ======================================
2026-09-15 17:30:56,122 | INFO | START COMMENT CRAWLING
2026-09-15 17:30:56,123 | INFO | Target comments: 50
2026-09-15 17:30:56,123 | INFO | ======================================
2026-09-15 17:30:56,123 | INFO | Opening TikTok comment panel...
2026-09-15 17:30:56,157 | INFO | Selector [data-e2e="comment-icon"] -> 1 elements
2026-09-15 17:30:57,416 | INFO | Clicked comment button: [data-e2e="comment-icon"]
2026-09-15 17:31:00,450 | INFO | Comment DOM loaded: [data-e2e="comment-level-1"] | 19 elements
2026-09-15 17:31:00,451 | INFO | --------------------------------------
2026-09-15 17:31:00,451 | INFO | Comment round 1/60
2026-09-15 17:31:00,492 | INFO | DOM comments: 19
2026-09-15 17:31:00,597 | INFO | New comment 1/50: Muốn thoải mái thì đi tour riêng á các bác , vừa được đi thoải mái theo sở thích, thời gian ko gò bó
2026-09-15 17:31:00,699 | INFO | New comment 2/50: Mình thấy đi tour cũng ok, mình mới đi về. vé tour ở Đà Nẵng tùy mình chon đi chơi cũng khoảng 2,6 đ
2026-09-15 17:31:00,754 | INFO | New comment 3/50: 1ng có tour k ạ
2026-09-15 17:31:00,819 | INFO | New comment 4/50: tui mới đi tự trúc nè. 7cu 1 người. thuê cả xe hơi mà chạy
2026-09-15 17:31:00,881 | INFO | New comment 5/50: Gia đình 4 ngừoi nên đi ntn
2026-09-15 17:31:00,947 | INFO | New comment 6/50: E muốn tư vấn đi tour lẻ trong ngày ạ
2026-09-15 17:31:01,016 | INFO | New comment 7/50: Đi gia đình 2 người lớn 2 trẻ con nên như thế nào ak?
2026-09-15 17:31:01,085 | INFO | New comment 8/50: đi du lịch trong nước làm gì đi tour cho cho mệt tự túc cho khoẻ
2026-09-15 17:31:01,146 | INFO | New comment 9/50: sang tuần cty mình cũng đi đà nẵng đi theo tour thấy lịch trình mỗi chỗ tầm 1h đến 1h30 đi kiểu này 
2026-09-15 17:31:01,200 | INFO | New comment 10/50: có ái đi chung kh ạ
2026-09-15 17:31:01,271 | INFO | New comment 11/50: Ib
2026-09-15 17:31:01,331 | INFO | New comment 12/50: Tv
2026-09-15 17:31:01,390 | INFO | New comment 13/50: Xin tư vấn ạ
2026-09-15 17:31:01,456 | INFO | New comment 14/50: Inb em với ạ
2026-09-15 17:31:01,545 | INFO | New comment 15/50: Đà nẵng lên đi vào tháng mấy ah
2026-09-15 17:31:01,612 | INFO | New comment 16/50: Mình muốn đi cần tư vấn
2026-09-15 17:31:01,681 | INFO | New comment 17/50: cho hỏi tour từ Trà Bồng Quảng Ngãi đến Đà Nẵng bànàhiu 1 người bao nhiêu
2026-09-15 17:31:01,752 | INFO | New comment 18/50: mình muốn đi
2026-09-15 17:31:01,752 | INFO | New unique comments this round: 18
2026-09-15 17:31:01,752 | INFO | Total unique comments: 18/50
2026-09-15 17:31:01,799 | INFO | JS scroll result: {'clientHeight': 371, 'mode': 'CONTAINER', 'newTop': 400, 'oldTop': 0, 'scrollHeight': 2648}
2026-09-15 17:31:01,800 | INFO | Scroll mode: CONTAINER
2026-09-15 17:31:03,864 | INFO | --------------------------------------
2026-09-15 17:31:03,865 | INFO | Comment round 2/60
2026-09-15 17:31:03,917 | INFO | DOM comments: 19
2026-09-15 17:31:05,001 | INFO | New unique comments this round: 0
2026-09-15 17:31:05,002 | INFO | Total unique comments: 18/50
2026-09-15 17:31:05,002 | INFO | No new comments. Consecutive rounds: 1/5
2026-09-15 17:31:05,040 | INFO | JS scroll result: {'clientHeight': 371, 'mode': 'CONTAINER', 'newTop': 800, 'oldTop': 400, 'scrollHeight': 2648}
2026-09-15 17:31:05,040 | INFO | Scroll mode: CONTAINER
2026-09-15 17:31:07,561 | INFO | --------------------------------------
2026-09-15 17:31:07,562 | INFO | Comment round 3/60
2026-09-15 17:31:07,586 | INFO | DOM comments: 19
2026-09-15 17:31:08,946 | INFO | New unique comments this round: 0
2026-09-15 17:31:08,947 | INFO | Total unique comments: 18/50
2026-09-15 17:31:08,947 | INFO | No new comments. Consecutive rounds: 2/5
2026-09-15 17:31:08,998 | INFO | JS scroll result: {'clientHeight': 371, 'mode': 'CONTAINER', 'newTop': 1200, 'oldTop': 800, 'scrollHeight': 2648}
2026-09-15 17:31:08,998 | INFO | Scroll mode: CONTAINER
2026-09-15 17:31:11,702 | INFO | --------------------------------------
2026-09-15 17:31:11,703 | INFO | Comment round 4/60
2026-09-15 17:31:11,745 | INFO | DOM comments: 19
2026-09-15 17:31:12,718 | INFO | New unique comments this round: 0
2026-09-15 17:31:12,718 | INFO | Total unique comments: 18/50
2026-09-15 17:31:12,718 | INFO | No new comments. Consecutive rounds: 3/5
2026-09-15 17:31:12,764 | INFO | JS scroll result: {'clientHeight': 371, 'mode': 'CONTAINER', 'newTop': 1600, 'oldTop': 1200, 'scrollHeight': 2648}
2026-09-15 17:31:12,764 | INFO | Scroll mode: CONTAINER
2026-09-15 17:31:15,460 | INFO | --------------------------------------
2026-09-15 17:31:15,461 | INFO | Comment round 5/60
2026-09-15 17:31:15,490 | INFO | DOM comments: 19
2026-09-15 17:31:16,453 | INFO | New unique comments this round: 0
2026-09-15 17:31:16,453 | INFO | Total unique comments: 18/50
2026-09-15 17:31:16,454 | INFO | No new comments. Consecutive rounds: 4/5
2026-09-15 17:31:16,513 | INFO | JS scroll result: {'clientHeight': 371, 'mode': 'CONTAINER', 'newTop': 2000, 'oldTop': 1600, 'scrollHeight': 2648}
2026-09-15 17:31:16,514 | INFO | Scroll mode: CONTAINER
2026-09-15 17:31:18,990 | INFO | --------------------------------------
2026-09-15 17:31:18,991 | INFO | Comment round 6/60
2026-09-15 17:31:19,037 | INFO | DOM comments: 19
2026-09-15 17:31:20,024 | INFO | New unique comments this round: 0
2026-09-15 17:31:20,025 | INFO | Total unique comments: 18/50
2026-09-15 17:31:20,025 | INFO | No new comments. Consecutive rounds: 5/5
2026-09-15 17:31:20,025 | INFO | No new comments after 5 consecutive rounds.
2026-09-15 17:31:20,025 | INFO | ======================================
2026-09-15 17:31:20,025 | INFO | COMMENT RESULT: 18/50
2026-09-15 17:31:20,025 | INFO | ======================================
2026-09-15 17:31:20,026 | INFO | Saved JSON: D:\TIỂU LUẬN CHUYÊN NGÀNH\TLCN-Travel\data\raw\tiktok\tiktok_metadata_comments.json
2026-09-15 17:31:20,026 | INFO | Done: 18 comments
2026-09-15 17:31:23,552 | INFO | [3/12] https://www.tiktok.com/@hoangyen.shinetravel/video/7630455816352501012
2026-09-15 17:31:23,553 | INFO | Open video: https://www.tiktok.com/@hoangyen.shinetravel/video/7630455816352501012
2026-09-15 17:31:31,708 | INFO | ======================================
2026-09-15 17:31:31,708 | INFO | START COMMENT CRAWLING
2026-09-15 17:31:31,709 | INFO | Target comments: 50
2026-09-15 17:31:31,710 | INFO | ======================================
2026-09-15 17:31:31,710 | INFO | Opening TikTok comment panel...
2026-09-15 17:31:31,736 | INFO | Selector [data-e2e="comment-icon"] -> 1 elements
2026-09-15 17:31:32,929 | INFO | Clicked comment button: [data-e2e="comment-icon"]
2026-09-15 17:31:35,946 | INFO | Comment DOM loaded: [data-e2e="comment-level-1"] | 20 elements
2026-09-15 17:31:35,946 | INFO | --------------------------------------
2026-09-15 17:31:35,947 | INFO | Comment round 1/60
2026-09-15 17:31:35,972 | INFO | DOM comments: 20
2026-09-15 17:31:36,021 | INFO | New comment 1/50: Tớ có combo Đà Nẵng tháng 4 3n2đ từ 3tr8, 4n3đ từ 3tr950. Combo bao gồm máy bay khứ hồi + khách sạn 
2026-09-15 17:31:36,088 | INFO | New comment 2/50: muốn đi chơi mac hk biết đặt khách sạn khu nào cho tiện ạ. cứu bed
2026-09-15 17:31:36,200 | INFO | New comment 3/50: b ơi có combo t9 k ạ?
2026-09-15 17:31:36,276 | INFO | New comment 4/50: Đặt vé rừng dừa với vé lên bà nà hil ở đâu vậy ạ
2026-09-15 17:31:36,339 | INFO | New comment 5/50: đặt vé rừng dừa ở đâu vậy cậu
2026-09-15 17:31:36,402 | INFO | New comment 6/50: Có vé t8 k b
2026-09-15 17:31:36,449 | INFO | New comment 7/50: Vé dừng rừa trẻ con đi được ko ạ
2026-09-15 17:31:36,505 | INFO | New comment 8/50: Bên mình còn phòng ở hội an k ạ
2026-09-15 17:31:36,569 | INFO | New comment 9/50: Chị có tour Huế - Đà Nắng không ạ, em xin tư vấn với ạ
2026-09-15 17:31:36,630 | INFO | New comment 10/50: chị có combo tháng5 k ai
2026-09-15 17:31:36,697 | INFO | New comment 11/50: Đ𝐀̀ 𝐍𝐀̆̃𝐍𝐆 – 𝐇𝐎̣̂𝐈 𝐀𝐍 – Bà Nà - Huế • Xe 4 chỗ —— 2.19k ( Bao Xe ) • xe 7 chỗ ——- 2.69k ( Bao xe ) •
2026-09-15 17:31:36,762 | INFO | New comment 12/50: Đặt vé rừng dừa ở đâu thế ạ
2026-09-15 17:31:36,814 | INFO | New comment 13/50: Chị cho em tham khảo combo tháng 6 với ạ
2026-09-15 17:31:36,871 | INFO | New comment 14/50: Ib tư vấn với ạ
2026-09-15 17:31:36,921 | INFO | New comment 15/50: nếu k đi bà nà hill thì có lịch trình gì thay vào k mn nhỉ
2026-09-15 17:31:36,973 | INFO | New comment 16/50: Tư vấn giúp mình nhé
2026-09-15 17:31:37,019 | INFO | New comment 17/50: Bên m có vé mb ngày 15/8 -18/8 k b
2026-09-15 17:31:37,072 | INFO | New comment 18/50: Tư vấn minh 4n 3 đ đà nẵng v nha
2026-09-15 17:31:37,135 | INFO | New comment 19/50: Tư vấn giúp mình combo 3 ngày 2 đêm cho 2 người lớn và bé 1 tuổi
2026-09-15 17:31:37,205 | INFO | New comment 20/50: b thuê khách sạn ở đâu vậy, chơi phố cổ hội An đêm xog lại về khách sạn ở Đà Nẵng ạ
2026-09-15 17:31:37,206 | INFO | New unique comments this round: 20
2026-09-15 17:31:37,206 | INFO | Total unique comments: 20/50
2026-09-15 17:31:37,256 | INFO | JS scroll result: {'clientHeight': 371, 'mode': 'CONTAINER', 'newTop': 400, 'oldTop': 0, 'scrollHeight': 2924}
2026-09-15 17:31:37,257 | INFO | Scroll mode: CONTAINER
2026-09-15 17:31:39,474 | INFO | --------------------------------------
2026-09-15 17:31:39,475 | INFO | Comment round 2/60
2026-09-15 17:31:39,505 | INFO | DOM comments: 20
2026-09-15 17:31:40,537 | INFO | New unique comments this round: 0
2026-09-15 17:31:40,538 | INFO | Total unique comments: 20/50
2026-09-15 17:31:40,538 | INFO | No new comments. Consecutive rounds: 1/5
2026-09-15 17:31:40,581 | INFO | JS scroll result: {'clientHeight': 371, 'mode': 'CONTAINER', 'newTop': 800, 'oldTop': 400, 'scrollHeight': 2924}
2026-09-15 17:31:40,582 | INFO | Scroll mode: CONTAINER
2026-09-15 17:31:43,071 | INFO | --------------------------------------
2026-09-15 17:31:43,071 | INFO | Comment round 3/60
2026-09-15 17:31:43,124 | INFO | DOM comments: 20
2026-09-15 17:31:44,517 | INFO | New unique comments this round: 0
2026-09-15 17:31:44,517 | INFO | Total unique comments: 20/50
2026-09-15 17:31:44,517 | INFO | No new comments. Consecutive rounds: 2/5
2026-09-15 17:31:44,590 | INFO | JS scroll result: {'clientHeight': 371, 'mode': 'CONTAINER', 'newTop': 1200, 'oldTop': 800, 'scrollHeight': 2924}
2026-09-15 17:31:44,592 | INFO | Scroll mode: CONTAINER
2026-09-15 17:31:46,917 | INFO | --------------------------------------
2026-09-15 17:31:46,918 | INFO | Comment round 4/60
2026-09-15 17:31:46,967 | INFO | DOM comments: 20
2026-09-15 17:31:48,255 | INFO | New unique comments this round: 0
2026-09-15 17:31:48,255 | INFO | Total unique comments: 20/50
2026-09-15 17:31:48,255 | INFO | No new comments. Consecutive rounds: 3/5
2026-09-15 17:31:48,313 | INFO | JS scroll result: {'clientHeight': 371, 'mode': 'CONTAINER', 'newTop': 1600, 'oldTop': 1200, 'scrollHeight': 2924}
2026-09-15 17:31:48,313 | INFO | Scroll mode: CONTAINER
2026-09-15 17:31:51,151 | INFO | --------------------------------------
2026-09-15 17:31:51,151 | INFO | Comment round 5/60
2026-09-15 17:31:51,184 | INFO | DOM comments: 20
2026-09-15 17:31:52,605 | INFO | New unique comments this round: 0
2026-09-15 17:31:52,605 | INFO | Total unique comments: 20/50
2026-09-15 17:31:52,605 | INFO | No new comments. Consecutive rounds: 4/5
2026-09-15 17:31:52,637 | INFO | JS scroll result: {'clientHeight': 371, 'mode': 'CONTAINER', 'newTop': 2000, 'oldTop': 1600, 'scrollHeight': 2924}
2026-09-15 17:31:52,638 | INFO | Scroll mode: CONTAINER
2026-09-15 17:31:55,513 | INFO | --------------------------------------
2026-09-15 17:31:55,514 | INFO | Comment round 6/60
2026-09-15 17:31:55,565 | INFO | DOM comments: 20
2026-09-15 17:31:57,136 | INFO | New unique comments this round: 0
2026-09-15 17:31:57,137 | INFO | Total unique comments: 20/50
2026-09-15 17:31:57,137 | INFO | No new comments. Consecutive rounds: 5/5
2026-09-15 17:31:57,137 | INFO | No new comments after 5 consecutive rounds.
2026-09-15 17:31:57,137 | INFO | ======================================
2026-09-15 17:31:57,137 | INFO | COMMENT RESULT: 20/50
2026-09-15 17:31:57,138 | INFO | ======================================
2026-09-15 17:31:57,140 | INFO | Saved JSON: D:\TIỂU LUẬN CHUYÊN NGÀNH\TLCN-Travel\data\raw\tiktok\tiktok_metadata_comments.json
2026-09-15 17:31:57,141 | INFO | Done: 20 comments
2026-09-15 17:32:01,633 | INFO | [4/12] https://www.tiktok.com/@thuexemaydanang43hovy/video/7628220945903144213
2026-09-15 17:32:01,634 | INFO | Open video: https://www.tiktok.com/@thuexemaydanang43hovy/video/7628220945903144213
2026-09-15 17:32:12,562 | INFO | ======================================
2026-09-15 17:32:12,563 | INFO | START COMMENT CRAWLING
2026-09-15 17:32:12,563 | INFO | Target comments: 50
2026-09-15 17:32:12,563 | INFO | ======================================
2026-09-15 17:32:12,563 | INFO | Opening TikTok comment panel...
2026-09-15 17:32:12,575 | INFO | Selector [data-e2e="comment-icon"] -> 1 elements
2026-09-15 17:32:13,810 | INFO | Clicked comment button: [data-e2e="comment-icon"]
2026-09-15 17:32:16,853 | INFO | Comment DOM loaded: [data-e2e="comment-level-1"] | 20 elements
2026-09-15 17:32:16,854 | INFO | --------------------------------------
2026-09-15 17:32:16,854 | INFO | Comment round 1/60
2026-09-15 17:32:16,890 | INFO | DOM comments: 20
2026-09-15 17:32:17,008 | INFO | New comment 1/50: Mình di 3 năm liên tiếp nha vẫn luỵ nè, mà mình đến chờ nhận xe r mình đi Hội An trước nhé, xog về c
2026-09-15 17:32:17,105 | INFO | New comment 2/50: thuê xe máy bao nhiêu 1 ngày ạ
2026-09-15 17:32:17,169 | INFO | New comment 3/50: Mjh muốn đi vào t9 hợp lý k b
2026-09-15 17:32:17,240 | INFO | New comment 4/50: Bạn nói đúng nè. Năm ngoái tui đi Đà Nẵng lần đầu tiên trong 4 ngày 3 đêm, và giờ tui vẫn mong được 
2026-09-15 17:32:17,315 | INFO | New comment 5/50: Xe máy thuê bnh/ngày vậy ạ
2026-09-15 17:32:17,381 | INFO | New comment 6/50: Đi núi thần tài mất bn lâu
2026-09-15 17:32:17,466 | INFO | New comment 7/50: Tui ở 2 tuần giờ về vẫn thèm nè
2026-09-15 17:32:17,554 | INFO | New comment 8/50: Cầu rồng phun lửa có vào những hnao hả các b
2026-09-15 17:32:17,632 | INFO | New comment 9/50: 25/8 đn đã vào mùa mưa ch mn ơi
2026-09-15 17:32:17,737 | INFO | New comment 10/50: ĐN ít cũng 3 đêm thì may ra mới đủ thời gian đi chrckin các điểm 🫶🏻
2026-09-15 17:32:17,819 | INFO | New comment 11/50: cho mình hỏi nếu thuê xe máy mà k có bằng thì có chạy xe được k ạ
2026-09-15 17:32:18,071 | INFO | New comment 12/50: Cuối t7 kb tầm ấy có nắng nóng lắm k mn nhỉ
2026-09-15 17:32:18,242 | INFO | New comment 13/50: Năm nao mk cũng đi 5-7 ngày
2026-09-15 17:32:18,313 | INFO | New comment 14/50: Mình đi 1 tuần xog về luỵ quá book vé đi tiếp đây :)))
2026-09-15 17:32:18,404 | INFO | New comment 15/50: Đà nẵng cuối tháng 6 đầu tháng 7 có thích hợp đi du lịch ko ạ, có đông và nắng nóng lắm ko ạ. Mong m
2026-09-15 17:32:18,488 | INFO | New comment 16/50: Đầu t7 mình đi lúc đó ĐN có nắng quá và còn pháo hoa ko mn 😁
2026-09-15 17:32:18,604 | INFO | New comment 17/50: đầu tháng 6 đi nè
2026-09-15 17:32:18,688 | INFO | New comment 18/50: Chéo fl, trả ngay ạ
2026-09-15 17:32:18,786 | INFO | New comment 19/50: đi 1 tháng là đẹp🤣
2026-09-15 17:32:18,883 | INFO | New comment 20/50: Tháng 7 đi có bị mưa không ạ????
2026-09-15 17:32:18,883 | INFO | New unique comments this round: 20
2026-09-15 17:32:18,883 | INFO | Total unique comments: 20/50
2026-09-15 17:32:18,946 | INFO | JS scroll result: {'clientHeight': 371, 'mode': 'CONTAINER', 'newTop': 400, 'oldTop': 0, 'scrollHeight': 3042}
2026-09-15 17:32:18,946 | INFO | Scroll mode: CONTAINER
2026-09-15 17:32:21,285 | INFO | --------------------------------------
2026-09-15 17:32:21,286 | INFO | Comment round 2/60
2026-09-15 17:32:21,322 | INFO | DOM comments: 20
2026-09-15 17:32:22,414 | INFO | New unique comments this round: 0
2026-09-15 17:32:22,414 | INFO | Total unique comments: 20/50
2026-09-15 17:32:22,415 | INFO | No new comments. Consecutive rounds: 1/5
2026-09-15 17:32:22,464 | INFO | JS scroll result: {'clientHeight': 371, 'mode': 'CONTAINER', 'newTop': 800, 'oldTop': 400, 'scrollHeight': 3042}
2026-09-15 17:32:22,464 | INFO | Scroll mode: CONTAINER
2026-09-15 17:32:24,841 | INFO | --------------------------------------
2026-09-15 17:32:24,841 | INFO | Comment round 3/60
2026-09-15 17:32:24,860 | INFO | DOM comments: 20
2026-09-15 17:32:25,995 | INFO | New unique comments this round: 0
2026-09-15 17:32:25,995 | INFO | Total unique comments: 20/50
2026-09-15 17:32:25,995 | INFO | No new comments. Consecutive rounds: 2/5
2026-09-15 17:32:26,044 | INFO | JS scroll result: {'clientHeight': 371, 'mode': 'CONTAINER', 'newTop': 1200, 'oldTop': 800, 'scrollHeight': 3042}
2026-09-15 17:32:26,044 | INFO | Scroll mode: CONTAINER
2026-09-15 17:32:28,623 | INFO | --------------------------------------
2026-09-15 17:32:28,623 | INFO | Comment round 4/60
2026-09-15 17:32:28,678 | INFO | DOM comments: 20
2026-09-15 17:32:30,243 | INFO | New unique comments this round: 0
2026-09-15 17:32:30,244 | INFO | Total unique comments: 20/50
2026-09-15 17:32:30,244 | INFO | No new comments. Consecutive rounds: 3/5
2026-09-15 17:32:30,278 | INFO | JS scroll result: {'clientHeight': 371, 'mode': 'CONTAINER', 'newTop': 1600, 'oldTop': 1200, 'scrollHeight': 3042}
2026-09-15 17:32:30,278 | INFO | Scroll mode: CONTAINER
2026-09-15 17:32:32,542 | INFO | --------------------------------------
2026-09-15 17:32:32,542 | INFO | Comment round 5/60
2026-09-15 17:32:32,578 | INFO | DOM comments: 20
2026-09-15 17:32:33,823 | INFO | New unique comments this round: 0
2026-09-15 17:32:33,823 | INFO | Total unique comments: 20/50
2026-09-15 17:32:33,823 | INFO | No new comments. Consecutive rounds: 4/5
2026-09-15 17:32:33,877 | INFO | JS scroll result: {'clientHeight': 371, 'mode': 'CONTAINER', 'newTop': 2000, 'oldTop': 1600, 'scrollHeight': 3042}
2026-09-15 17:32:33,877 | INFO | Scroll mode: CONTAINER
2026-09-15 17:32:36,712 | INFO | --------------------------------------
2026-09-15 17:32:36,713 | INFO | Comment round 6/60
2026-09-15 17:32:36,752 | INFO | DOM comments: 20
2026-09-15 17:32:38,319 | INFO | New unique comments this round: 0
2026-09-15 17:32:38,319 | INFO | Total unique comments: 20/50
2026-09-15 17:32:38,320 | INFO | No new comments. Consecutive rounds: 5/5
2026-09-15 17:32:38,320 | INFO | No new comments after 5 consecutive rounds.
2026-09-15 17:32:38,320 | INFO | ======================================
2026-09-15 17:32:38,320 | INFO | COMMENT RESULT: 20/50
2026-09-15 17:32:38,320 | INFO | ======================================
2026-09-15 17:32:38,323 | INFO | Saved JSON: D:\TIỂU LUẬN CHUYÊN NGÀNH\TLCN-Travel\data\raw\tiktok\tiktok_metadata_comments.json
2026-09-15 17:32:38,324 | INFO | Done: 20 comments
2026-09-15 17:32:42,220 | INFO | [5/12] https://www.tiktok.com/@alo.nng.nghe3/video/7652592505845730578
2026-09-15 17:32:42,221 | INFO | Open video: https://www.tiktok.com/@alo.nng.nghe3/video/7652592505845730578
2026-09-15 17:32:52,681 | INFO | ======================================
2026-09-15 17:32:52,682 | INFO | START COMMENT CRAWLING
2026-09-15 17:32:52,682 | INFO | Target comments: 50
2026-09-15 17:32:52,683 | INFO | ======================================
2026-09-15 17:32:52,683 | INFO | Opening TikTok comment panel...
2026-09-15 17:32:52,731 | INFO | Selector [data-e2e="comment-icon"] -> 1 elements
2026-09-15 17:32:54,005 | INFO | Clicked comment button: [data-e2e="comment-icon"]
2026-09-15 17:32:57,029 | INFO | Comment DOM loaded: [data-e2e="comment-level-1"] | 19 elements
2026-09-15 17:32:57,029 | INFO | --------------------------------------
2026-09-15 17:32:57,029 | INFO | Comment round 1/60
2026-09-15 17:32:57,045 | INFO | DOM comments: 19
2026-09-15 17:32:57,095 | INFO | New comment 1/50: Bà Nà, núi Thần Tài,Vinpearl nam hội an mình đi cả rồi
2026-09-15 17:32:57,129 | INFO | New comment 2/50: sao đợt 30/04 mình đi mà chủ homestay bán vé Bana hill tận 1.3 triệu nhỉ
2026-09-15 17:32:57,165 | INFO | New comment 3/50: Buổi tối đi chơi những đâu đc ạ
2026-09-15 17:32:57,203 | INFO | New comment 4/50: Tư vấn mình Cù Lao Chàm
2026-09-15 17:32:57,246 | INFO | New comment 5/50: Cho mình hỏi 1 thúng 2 người đi rừng dừa 7 mẫu giá bao nhiêu bạn ơi
2026-09-15 17:32:57,295 | INFO | New comment 6/50: ms cái mình đi toàn gấp đôi là sao nhỉ. mình gà oy
2026-09-15 17:32:57,320 | INFO | New comment 7/50: Cho địa chỉ
2026-09-15 17:32:57,358 | INFO | New comment 8/50: mình muốn tư vấn vé đi bà nà hill
2026-09-15 17:32:57,401 | INFO | New comment 9/50: Đi cù lao chàm có sợ ko vì hay giông và gió lắm
2026-09-15 17:32:57,446 | INFO | New comment 10/50: Mình vừa ở bana hil hôm qua cũng 1,3 triệu vé
2026-09-15 17:32:57,501 | INFO | New comment 11/50: giá này là dành cho ng địa phương.ngoại tỉnh gúa khác.
2026-09-15 17:32:57,545 | INFO | New comment 12/50: tư vấn mình nơi nào để dẫn bé trai lớp hai đi chơi k ạ
2026-09-15 17:32:57,634 | INFO | New comment 13/50: giá đó là dịch vụ gì vậy add
2026-09-15 17:32:57,711 | INFO | New comment 14/50: ĐN mùa nào thời tiết đẹp vậy ah?
2026-09-15 17:32:57,803 | INFO | New comment 15/50: hết xiền zồi🤣🤣🤣
2026-09-15 17:32:57,927 | INFO | New comment 16/50: Tua cá heo bn
2026-09-15 17:32:58,059 | INFO | New comment 17/50: đắt đỏ quá
2026-09-15 17:32:58,292 | INFO | New comment 18/50: 🥰🥰🥰
2026-09-15 17:32:58,402 | INFO | New comment 19/50: 😳😳😳
2026-09-15 17:32:58,403 | INFO | New unique comments this round: 19
2026-09-15 17:32:58,403 | INFO | Total unique comments: 19/50
2026-09-15 17:32:58,574 | INFO | JS scroll result: {'clientHeight': 371, 'mode': 'CONTAINER', 'newTop': 400, 'oldTop': 0, 'scrollHeight': 2310}
2026-09-15 17:32:58,575 | INFO | Scroll mode: CONTAINER
2026-09-15 17:33:00,665 | INFO | --------------------------------------
2026-09-15 17:33:00,666 | INFO | Comment round 2/60
2026-09-15 17:33:00,705 | INFO | DOM comments: 19
2026-09-15 17:33:02,035 | INFO | New unique comments this round: 0
2026-09-15 17:33:02,036 | INFO | Total unique comments: 19/50
2026-09-15 17:33:02,036 | INFO | No new comments. Consecutive rounds: 1/5
2026-09-15 17:33:02,079 | INFO | JS scroll result: {'clientHeight': 371, 'mode': 'CONTAINER', 'newTop': 800, 'oldTop': 400, 'scrollHeight': 2310}
2026-09-15 17:33:02,079 | INFO | Scroll mode: CONTAINER
2026-09-15 17:33:04,127 | INFO | --------------------------------------
2026-09-15 17:33:04,128 | INFO | Comment round 3/60
2026-09-15 17:33:04,185 | INFO | DOM comments: 19
2026-09-15 17:33:05,519 | INFO | New unique comments this round: 0
2026-09-15 17:33:05,520 | INFO | Total unique comments: 19/50
2026-09-15 17:33:05,520 | INFO | No new comments. Consecutive rounds: 2/5
2026-09-15 17:33:05,564 | INFO | JS scroll result: {'clientHeight': 371, 'mode': 'CONTAINER', 'newTop': 1200, 'oldTop': 800, 'scrollHeight': 2310}
2026-09-15 17:33:05,565 | INFO | Scroll mode: CONTAINER
2026-09-15 17:33:08,224 | INFO | --------------------------------------
2026-09-15 17:33:08,225 | INFO | Comment round 4/60
2026-09-15 17:33:08,270 | INFO | DOM comments: 19
2026-09-15 17:33:10,275 | INFO | New unique comments this round: 0
2026-09-15 17:33:10,276 | INFO | Total unique comments: 19/50
2026-09-15 17:33:10,277 | INFO | No new comments. Consecutive rounds: 3/5
2026-09-15 17:33:10,354 | INFO | JS scroll result: {'clientHeight': 371, 'mode': 'CONTAINER', 'newTop': 1600, 'oldTop': 1200, 'scrollHeight': 2310}
2026-09-15 17:33:10,355 | INFO | Scroll mode: CONTAINER
2026-09-15 17:33:13,294 | INFO | --------------------------------------
2026-09-15 17:33:13,294 | INFO | Comment round 5/60
2026-09-15 17:33:13,355 | INFO | DOM comments: 19
2026-09-15 17:33:14,915 | INFO | New unique comments this round: 0
2026-09-15 17:33:14,916 | INFO | Total unique comments: 19/50
2026-09-15 17:33:14,916 | INFO | No new comments. Consecutive rounds: 4/5
2026-09-15 17:33:15,111 | INFO | JS scroll result: {'clientHeight': 371, 'mode': 'CONTAINER', 'newTop': 1938.5, 'oldTop': 1600, 'scrollHeight': 2310}
2026-09-15 17:33:15,112 | INFO | Scroll mode: CONTAINER
2026-09-15 17:33:17,532 | INFO | --------------------------------------
2026-09-15 17:33:17,533 | INFO | Comment round 6/60
2026-09-15 17:33:17,563 | INFO | DOM comments: 19
2026-09-15 17:33:18,871 | INFO | New unique comments this round: 0
2026-09-15 17:33:18,871 | INFO | Total unique comments: 19/50
2026-09-15 17:33:18,871 | INFO | No new comments. Consecutive rounds: 5/5
2026-09-15 17:33:18,871 | INFO | No new comments after 5 consecutive rounds.
2026-09-15 17:33:18,872 | INFO | ======================================
2026-09-15 17:33:18,872 | INFO | COMMENT RESULT: 19/50
2026-09-15 17:33:18,872 | INFO | ======================================
2026-09-15 17:33:18,877 | INFO | Saved JSON: D:\TIỂU LUẬN CHUYÊN NGÀNH\TLCN-Travel\data\raw\tiktok\tiktok_metadata_comments.json
2026-09-15 17:33:18,878 | INFO | Done: 19 comments
2026-09-15 17:33:22,915 | INFO | [6/12] https://www.tiktok.com/@danangtravel24/video/7664465113881136404
2026-09-15 17:33:22,916 | INFO | Open video: https://www.tiktok.com/@danangtravel24/video/7664465113881136404
2026-09-15 17:33:31,931 | INFO | ======================================
2026-09-15 17:33:31,932 | INFO | START COMMENT CRAWLING
2026-09-15 17:33:31,933 | INFO | Target comments: 50
2026-09-15 17:33:31,933 | INFO | ======================================
2026-09-15 17:33:31,934 | INFO | Opening TikTok comment panel...
2026-09-15 17:33:31,945 | INFO | Selector [data-e2e="comment-icon"] -> 1 elements
2026-09-15 17:33:33,112 | INFO | Clicked comment button: [data-e2e="comment-icon"]
2026-09-15 17:33:36,145 | INFO | Comment DOM loaded: [data-e2e="comment-level-1"] | 20 elements
2026-09-15 17:33:36,146 | INFO | --------------------------------------
2026-09-15 17:33:36,146 | INFO | Comment round 1/60
2026-09-15 17:33:36,180 | INFO | DOM comments: 20
2026-09-15 17:33:36,255 | INFO | New comment 1/50: xin giá 2ng 25.09 đi từ HCM
2026-09-15 17:33:36,355 | INFO | New comment 2/50: 3ng 2 đêm từ thái nguyên 2 người giá bao nhiêu bn trọn gói
2026-09-15 17:33:36,428 | INFO | New comment 3/50: xin giá tổng cho 3 người lớn đi ngày 19/9 ạ từ TPHCM
2026-09-15 17:33:36,492 | INFO | New comment 4/50: Tư vấn mình vs ạ
2026-09-15 17:33:36,563 | INFO | New comment 5/50: Cho chị xin giá 2ng bay từ TPHCM nha em
2026-09-15 17:33:36,672 | INFO | New comment 6/50: đi từ sg giá sao ạ
2026-09-15 17:33:36,742 | INFO | New comment 7/50: 3 ngày 2 đêm cho 2 người lớn từ sân bay Tân Sơn Nhất trọn gói bao nhiêu ạ
2026-09-15 17:33:36,819 | INFO | New comment 8/50: Tết âm lịch em ơi
2026-09-15 17:33:36,890 | INFO | New comment 9/50: 2 người lớn bao nhiêu chọn gói
2026-09-15 17:33:36,976 | INFO | New comment 10/50: Mình xin tổng giá cho 1 người đi từ tphcm ạ
2026-09-15 17:33:37,065 | INFO | New comment 11/50: Ib
2026-09-15 17:33:37,153 | INFO | New comment 12/50: Sg đà nẵng
2026-09-15 17:33:37,236 | INFO | New comment 13/50: tư vấn c tua 3ngay 2đêm chi ở cần giuộc Long An
2026-09-15 17:33:37,310 | INFO | New comment 14/50: Chị xin giá 3-2dêm ơ đa nanq từ 26-29 tháng 10
2026-09-15 17:33:37,399 | INFO | New comment 15/50: Tv em
2026-09-15 17:33:37,472 | INFO | New comment 16/50: 3ng 2 đêm từ biên hoà 2 người giá bao nhiêu bn trọn gói
2026-09-15 17:33:37,548 | INFO | New comment 17/50: Xuất phát từ cần Thơ ( ngay 29/8-31/8)
2026-09-15 17:33:37,613 | INFO | New comment 18/50: Ib giá 2ng bay từ tphcm nha
2026-09-15 17:33:37,681 | INFO | New comment 19/50: Xuất phát từ TP.HCM: 12 người tư vấn giúp ạ
2026-09-15 17:33:37,769 | INFO | New comment 20/50: Mình muốn đi 2 người cho mình số dt đi để mình gọi
2026-09-15 17:33:37,769 | INFO | New unique comments this round: 20
2026-09-15 17:33:37,769 | INFO | Total unique comments: 20/50
2026-09-15 17:33:37,835 | INFO | JS scroll result: {'clientHeight': 371, 'mode': 'CONTAINER', 'newTop': 400, 'oldTop': 0, 'scrollHeight': 2930}
2026-09-15 17:33:37,836 | INFO | Scroll mode: CONTAINER
2026-09-15 17:33:40,642 | INFO | --------------------------------------
2026-09-15 17:33:40,643 | INFO | Comment round 2/60
2026-09-15 17:33:40,702 | INFO | DOM comments: 20
2026-09-15 17:33:41,965 | INFO | New unique comments this round: 0
2026-09-15 17:33:41,966 | INFO | Total unique comments: 20/50
2026-09-15 17:33:41,966 | INFO | No new comments. Consecutive rounds: 1/5
2026-09-15 17:33:42,011 | INFO | JS scroll result: {'clientHeight': 371, 'mode': 'CONTAINER', 'newTop': 800, 'oldTop': 400, 'scrollHeight': 2930}
2026-09-15 17:33:42,011 | INFO | Scroll mode: CONTAINER
2026-09-15 17:33:44,816 | INFO | --------------------------------------
2026-09-15 17:33:44,816 | INFO | Comment round 3/60
2026-09-15 17:33:44,838 | INFO | DOM comments: 20
2026-09-15 17:33:45,716 | INFO | New unique comments this round: 0
2026-09-15 17:33:45,716 | INFO | Total unique comments: 20/50
2026-09-15 17:33:45,717 | INFO | No new comments. Consecutive rounds: 2/5
2026-09-15 17:33:45,743 | INFO | JS scroll result: {'clientHeight': 371, 'mode': 'CONTAINER', 'newTop': 1200, 'oldTop': 800, 'scrollHeight': 2930}
2026-09-15 17:33:45,743 | INFO | Scroll mode: CONTAINER
2026-09-15 17:33:48,477 | INFO | --------------------------------------
2026-09-15 17:33:48,478 | INFO | Comment round 4/60
2026-09-15 17:33:48,514 | INFO | DOM comments: 20
2026-09-15 17:33:50,240 | INFO | New unique comments this round: 0
2026-09-15 17:33:50,243 | INFO | Total unique comments: 20/50
2026-09-15 17:33:50,244 | INFO | No new comments. Consecutive rounds: 3/5
2026-09-15 17:33:50,335 | INFO | JS scroll result: {'clientHeight': 371, 'mode': 'CONTAINER', 'newTop': 1600, 'oldTop': 1200, 'scrollHeight': 2930}
2026-09-15 17:33:50,336 | INFO | Scroll mode: CONTAINER
2026-09-15 17:33:53,172 | INFO | --------------------------------------
2026-09-15 17:33:53,173 | INFO | Comment round 5/60
2026-09-15 17:33:53,216 | INFO | DOM comments: 20
2026-09-15 17:33:54,200 | INFO | New unique comments this round: 0
2026-09-15 17:33:54,200 | INFO | Total unique comments: 20/50
2026-09-15 17:33:54,200 | INFO | No new comments. Consecutive rounds: 4/5
2026-09-15 17:33:54,234 | INFO | JS scroll result: {'clientHeight': 371, 'mode': 'CONTAINER', 'newTop': 2000, 'oldTop': 1600, 'scrollHeight': 2930}
2026-09-15 17:33:54,234 | INFO | Scroll mode: CONTAINER
2026-09-15 17:33:57,115 | INFO | --------------------------------------
2026-09-15 17:33:57,116 | INFO | Comment round 6/60
2026-09-15 17:33:57,154 | INFO | DOM comments: 20
2026-09-15 17:33:59,194 | INFO | New unique comments this round: 0
2026-09-15 17:33:59,195 | INFO | Total unique comments: 20/50
2026-09-15 17:33:59,195 | INFO | No new comments. Consecutive rounds: 5/5
2026-09-15 17:33:59,196 | INFO | No new comments after 5 consecutive rounds.
2026-09-15 17:33:59,196 | INFO | ======================================
2026-09-15 17:33:59,196 | INFO | COMMENT RESULT: 20/50
2026-09-15 17:33:59,196 | INFO | ======================================
2026-09-15 17:33:59,199 | INFO | Saved JSON: D:\TIỂU LUẬN CHUYÊN NGÀNH\TLCN-Travel\data\raw\tiktok\tiktok_metadata_comments.json
2026-09-15 17:33:59,199 | INFO | Done: 20 comments
2026-09-15 17:34:02,526 | INFO | [7/12] https://www.tiktok.com/@thuongodanang/video/7604092040615431442
2026-09-15 17:34:02,527 | INFO | Open video: https://www.tiktok.com/@thuongodanang/video/7604092040615431442
2026-09-15 17:34:10,160 | INFO | ======================================
2026-09-15 17:34:10,160 | INFO | START COMMENT CRAWLING
2026-09-15 17:34:10,160 | INFO | Target comments: 50
2026-09-15 17:34:10,160 | INFO | ======================================
2026-09-15 17:34:10,160 | INFO | Opening TikTok comment panel...
2026-09-15 17:34:10,169 | INFO | Selector [data-e2e="comment-icon"] -> 1 elements
2026-09-15 17:34:11,392 | INFO | Clicked comment button: [data-e2e="comment-icon"]
2026-09-15 17:34:14,423 | INFO | Comment DOM loaded: [data-e2e="comment-level-1"] | 20 elements
2026-09-15 17:34:14,423 | INFO | --------------------------------------
2026-09-15 17:34:14,424 | INFO | Comment round 1/60
2026-09-15 17:34:14,451 | INFO | DOM comments: 20
2026-09-15 17:34:14,506 | INFO | New comment 1/50: minh xin tt đặt phòng với ạ
2026-09-15 17:34:14,567 | INFO | New comment 2/50: các bạn ơi,mình đi Đà Nẵng tháng 7,hai gia đình 8 người,mn có nhà nghỉ villa hay homestay nào uy tín
2026-09-15 17:34:14,618 | INFO | New comment 3/50: C ơi lên vid 4n3đ đc ko ạ
2026-09-15 17:34:14,695 | INFO | New comment 4/50: Ib minh nhe
2026-09-15 17:34:14,789 | INFO | New comment 5/50: Ib tư vấn tour 3n2d
2026-09-15 17:34:14,879 | INFO | New comment 6/50: Tư vấn đi 3 người với ạ
2026-09-15 17:34:14,928 | INFO | New comment 7/50: Mk muốn đi cuối tháng 8 thì thời tiết đẹp k ạ
2026-09-15 17:34:14,977 | INFO | New comment 8/50: M xin giá vé bà nà ạ
2026-09-15 17:34:15,054 | INFO | New comment 9/50: TV mình với bạn nhé
2026-09-15 17:34:15,117 | INFO | New comment 10/50: Tư vấn mình 4n3đ bạn
2026-09-15 17:34:15,167 | INFO | New comment 11/50: Ib mình cần đi cuối tháng 6
2026-09-15 17:34:15,235 | INFO | New comment 12/50: Từ khách sạn đi hội an bn km ạ?
2026-09-15 17:34:15,323 | INFO | New comment 13/50: B ơi m muốn book combo lặn biển
2026-09-15 17:34:15,407 | INFO | New comment 14/50: Đi theo tua thì như nào e
2026-09-15 17:34:15,485 | INFO | New comment 15/50: Ib m với
2026-09-15 17:34:15,561 | INFO | New comment 16/50: Bạn tư vấn giúp mình 3 ngày 2 đêm mình tính đi vào tháng 11
2026-09-15 17:34:15,642 | INFO | New comment 17/50: Từ nghệ an đến đà nẵng com bo ntn vậy ạ
2026-09-15 17:34:15,729 | INFO | New comment 18/50: Vé bà nà bn vậy ạ
2026-09-15 17:34:15,872 | INFO | New comment 19/50: Xin Zalo em
2026-09-15 17:34:15,948 | INFO | New comment 20/50: Ib mình nha
2026-09-15 17:34:15,948 | INFO | New unique comments this round: 20
2026-09-15 17:34:15,948 | INFO | Total unique comments: 20/50
2026-09-15 17:34:15,987 | INFO | JS scroll result: {'clientHeight': 371, 'mode': 'CONTAINER', 'newTop': 400, 'oldTop': 0, 'scrollHeight': 2803}
2026-09-15 17:34:15,988 | INFO | Scroll mode: CONTAINER
2026-09-15 17:34:18,720 | INFO | --------------------------------------
2026-09-15 17:34:18,721 | INFO | Comment round 2/60
2026-09-15 17:34:18,739 | INFO | DOM comments: 20
2026-09-15 17:34:19,829 | INFO | New unique comments this round: 0
2026-09-15 17:34:19,829 | INFO | Total unique comments: 20/50
2026-09-15 17:34:19,829 | INFO | No new comments. Consecutive rounds: 1/5
2026-09-15 17:34:19,873 | INFO | JS scroll result: {'clientHeight': 371, 'mode': 'CONTAINER', 'newTop': 800, 'oldTop': 400, 'scrollHeight': 2803}
2026-09-15 17:34:19,873 | INFO | Scroll mode: CONTAINER
2026-09-15 17:34:22,584 | INFO | --------------------------------------
2026-09-15 17:34:22,584 | INFO | Comment round 3/60
2026-09-15 17:34:22,608 | INFO | DOM comments: 20
2026-09-15 17:34:23,510 | INFO | New unique comments this round: 0
2026-09-15 17:34:23,510 | INFO | Total unique comments: 20/50
2026-09-15 17:34:23,510 | INFO | No new comments. Consecutive rounds: 2/5
2026-09-15 17:34:23,551 | INFO | JS scroll result: {'clientHeight': 371, 'mode': 'CONTAINER', 'newTop': 1200, 'oldTop': 800, 'scrollHeight': 2803}
2026-09-15 17:34:23,552 | INFO | Scroll mode: CONTAINER
2026-09-15 17:34:26,138 | INFO | --------------------------------------
2026-09-15 17:34:26,140 | INFO | Comment round 4/60
2026-09-15 17:34:26,211 | INFO | DOM comments: 20
2026-09-15 17:34:27,160 | INFO | New unique comments this round: 0
2026-09-15 17:34:27,161 | INFO | Total unique comments: 20/50
2026-09-15 17:34:27,161 | INFO | No new comments. Consecutive rounds: 3/5
2026-09-15 17:34:27,196 | INFO | JS scroll result: {'clientHeight': 371, 'mode': 'CONTAINER', 'newTop': 1600, 'oldTop': 1200, 'scrollHeight': 2803}
2026-09-15 17:34:27,196 | INFO | Scroll mode: CONTAINER
2026-09-15 17:34:29,398 | INFO | --------------------------------------
2026-09-15 17:34:29,400 | INFO | Comment round 5/60
2026-09-15 17:34:29,482 | INFO | DOM comments: 20
2026-09-15 17:34:31,744 | INFO | New unique comments this round: 0
2026-09-15 17:34:31,744 | INFO | Total unique comments: 20/50
2026-09-15 17:34:31,745 | INFO | No new comments. Consecutive rounds: 4/5
2026-09-15 17:34:31,794 | INFO | JS scroll result: {'clientHeight': 371, 'mode': 'CONTAINER', 'newTop': 2000, 'oldTop': 1600, 'scrollHeight': 2803}
2026-09-15 17:34:31,795 | INFO | Scroll mode: CONTAINER
2026-09-15 17:34:33,860 | INFO | --------------------------------------
2026-09-15 17:34:33,860 | INFO | Comment round 6/60
2026-09-15 17:34:33,891 | INFO | DOM comments: 20
2026-09-15 17:34:35,048 | INFO | New unique comments this round: 0
2026-09-15 17:34:35,049 | INFO | Total unique comments: 20/50
2026-09-15 17:34:35,049 | INFO | No new comments. Consecutive rounds: 5/5
2026-09-15 17:34:35,049 | INFO | No new comments after 5 consecutive rounds.
2026-09-15 17:34:35,049 | INFO | ======================================
2026-09-15 17:34:35,049 | INFO | COMMENT RESULT: 20/50
2026-09-15 17:34:35,049 | INFO | ======================================
2026-09-15 17:34:35,051 | INFO | Saved JSON: D:\TIỂU LUẬN CHUYÊN NGÀNH\TLCN-Travel\data\raw\tiktok\tiktok_metadata_comments.json
2026-09-15 17:34:35,051 | INFO | Done: 20 comments
2026-09-15 17:34:39,957 | INFO | [8/12] https://www.tiktok.com/@yeudanang24/video/7646767981044780295
2026-09-15 17:34:39,958 | INFO | Open video: https://www.tiktok.com/@yeudanang24/video/7646767981044780295
2026-09-15 17:34:47,970 | INFO | ======================================
2026-09-15 17:34:47,970 | INFO | START COMMENT CRAWLING
2026-09-15 17:34:47,971 | INFO | Target comments: 50
2026-09-15 17:34:47,971 | INFO | ======================================
2026-09-15 17:34:47,971 | INFO | Opening TikTok comment panel...
2026-09-15 17:34:48,000 | INFO | Selector [data-e2e="comment-icon"] -> 1 elements
2026-09-15 17:34:49,311 | INFO | Clicked comment button: [data-e2e="comment-icon"]
2026-09-15 17:34:52,351 | INFO | Comment DOM loaded: [data-e2e="comment-level-1"] | 20 elements
2026-09-15 17:34:52,351 | INFO | --------------------------------------
2026-09-15 17:34:52,351 | INFO | Comment round 1/60
2026-09-15 17:34:52,398 | INFO | DOM comments: 20
2026-09-15 17:34:52,449 | INFO | New comment 1/50: Tui dân địa phương đi hoài chán luôn😂
2026-09-15 17:34:52,516 | INFO | New comment 2/50: vé bao nhiêu ạ
2026-09-15 17:34:52,571 | INFO | New comment 3/50: Kinh nghiệm của t là có mặt 7h30 tại cap treo thì lên bàn tay nha. Còn quă xíu là đông r, chuyển qua
2026-09-15 17:34:52,625 | INFO | New comment 4/50: tôi vừa két thúc chuyến đi bà nà giá combo 1tr3 mà công viên có chỗ miễn nhìu chỗ vẫn thu tiền vé, b
2026-09-15 17:34:52,693 | INFO | New comment 5/50: E cần pass gấp vé bà nà ngày 8/6 đã bao gồm buffet ( khách ngoại tỉnh ạ ) giá 1tr ạ
2026-09-15 17:34:52,755 | INFO | New comment 6/50: Đi nhiều ngày mới khoẻ đi trong 1 ngày t sẽ mợt chớt mất😂😂😂
2026-09-15 17:34:52,814 | INFO | New comment 7/50: Đ𝐀̀ 𝐍𝐀̆̃𝐍𝐆 – 𝐇𝐎̣̂𝐈 𝐀𝐍 – Bà Nà - Huế • Xe 4 chỗ —— 2.19k • xe 7 chỗ ——- 2.69k • xe 16 chỗ —— 399k Zá 
2026-09-15 17:34:52,856 | INFO | New comment 8/50: Vé bn vậy ạ
2026-09-15 17:34:52,942 | INFO | New comment 9/50: Bạn ơi, bạn mang mấy bộ theo để thay ạ?
2026-09-15 17:34:53,016 | INFO | New comment 10/50: Ngày nèo cũng đi chán 🥺, đi làm
2026-09-15 17:34:53,085 | INFO | New comment 11/50: Buffe có cần mua sẵn vé từ lúc mua vé cap treo k bạn hay là lên mua ruêng đc
2026-09-15 17:34:53,169 | INFO | New comment 12/50: khu fantasy park có tính phí trò chơi riêng k ạ
2026-09-15 17:34:53,269 | INFO | New comment 13/50: Trên bà là hi có chỗ thuê đồ không shop
2026-09-15 17:34:53,333 | INFO | New comment 14/50: Vé ngày mai ntn
2026-09-15 17:34:53,394 | INFO | New comment 15/50: đông nghẹt luôn
2026-09-15 17:34:53,457 | INFO | New comment 16/50: Đi quài cũng chán🥰
2026-09-15 17:34:53,518 | INFO | New comment 17/50: đi ntn thì giá như nào v ạ
2026-09-15 17:34:53,593 | INFO | New comment 18/50: trên đấy lạnh k ạ
2026-09-15 17:34:53,669 | INFO | New comment 19/50: minh chuan bi di ban cho minh xin chut kinh nghiem nhe
2026-09-15 17:34:53,818 | INFO | New comment 20/50: Vé chỉ dùng đc trong 1 ngày à mn
2026-09-15 17:34:53,819 | INFO | New unique comments this round: 20
2026-09-15 17:34:53,819 | INFO | Total unique comments: 20/50
2026-09-15 17:34:53,964 | INFO | JS scroll result: {'clientHeight': 371, 'mode': 'CONTAINER', 'newTop': 400, 'oldTop': 0, 'scrollHeight': 3278}
2026-09-15 17:34:53,964 | INFO | Scroll mode: CONTAINER
2026-09-15 17:34:56,273 | INFO | --------------------------------------
2026-09-15 17:34:56,275 | INFO | Comment round 2/60
2026-09-15 17:34:56,330 | INFO | DOM comments: 20
2026-09-15 17:34:58,097 | INFO | New unique comments this round: 0
2026-09-15 17:34:58,098 | INFO | Total unique comments: 20/50
2026-09-15 17:34:58,098 | INFO | No new comments. Consecutive rounds: 1/5
2026-09-15 17:34:58,151 | INFO | JS scroll result: {'clientHeight': 371, 'mode': 'CONTAINER', 'newTop': 800, 'oldTop': 400, 'scrollHeight': 3278}
2026-09-15 17:34:58,152 | INFO | Scroll mode: CONTAINER
2026-09-15 17:35:00,971 | INFO | --------------------------------------
2026-09-15 17:35:00,972 | INFO | Comment round 3/60
2026-09-15 17:35:01,011 | INFO | DOM comments: 20
2026-09-15 17:35:01,933 | INFO | New unique comments this round: 0
2026-09-15 17:35:01,933 | INFO | Total unique comments: 20/50
2026-09-15 17:35:01,933 | INFO | No new comments. Consecutive rounds: 2/5
2026-09-15 17:35:01,979 | INFO | JS scroll result: {'clientHeight': 371, 'mode': 'CONTAINER', 'newTop': 1200, 'oldTop': 800, 'scrollHeight': 3278}
2026-09-15 17:35:01,980 | INFO | Scroll mode: CONTAINER
2026-09-15 17:35:04,314 | INFO | --------------------------------------
2026-09-15 17:35:04,315 | INFO | Comment round 4/60
2026-09-15 17:35:04,360 | INFO | DOM comments: 20
2026-09-15 17:35:05,560 | INFO | New unique comments this round: 0
2026-09-15 17:35:05,561 | INFO | Total unique comments: 20/50
2026-09-15 17:35:05,561 | INFO | No new comments. Consecutive rounds: 3/5
2026-09-15 17:35:05,603 | INFO | JS scroll result: {'clientHeight': 371, 'mode': 'CONTAINER', 'newTop': 1600, 'oldTop': 1200, 'scrollHeight': 3459}
2026-09-15 17:35:05,603 | INFO | Scroll mode: CONTAINER
2026-09-15 17:35:08,165 | INFO | --------------------------------------
2026-09-15 17:35:08,166 | INFO | Comment round 5/60
2026-09-15 17:35:08,256 | INFO | DOM comments: 20
2026-09-15 17:35:10,643 | INFO | New unique comments this round: 0
2026-09-15 17:35:10,643 | INFO | Total unique comments: 20/50
2026-09-15 17:35:10,644 | INFO | No new comments. Consecutive rounds: 4/5
2026-09-15 17:35:10,691 | INFO | JS scroll result: {'clientHeight': 371, 'mode': 'CONTAINER', 'newTop': 2000, 'oldTop': 1600, 'scrollHeight': 3459}
2026-09-15 17:35:10,691 | INFO | Scroll mode: CONTAINER
2026-09-15 17:35:13,036 | INFO | --------------------------------------
2026-09-15 17:35:13,038 | INFO | Comment round 6/60
2026-09-15 17:35:13,080 | INFO | DOM comments: 20
2026-09-15 17:35:15,407 | INFO | New unique comments this round: 0
2026-09-15 17:35:15,408 | INFO | Total unique comments: 20/50
2026-09-15 17:35:15,408 | INFO | No new comments. Consecutive rounds: 5/5
2026-09-15 17:35:15,409 | INFO | No new comments after 5 consecutive rounds.
2026-09-15 17:35:15,409 | INFO | ======================================
2026-09-15 17:35:15,410 | INFO | COMMENT RESULT: 20/50
2026-09-15 17:35:15,410 | INFO | ======================================
2026-09-15 17:35:15,419 | INFO | Saved JSON: D:\TIỂU LUẬN CHUYÊN NGÀNH\TLCN-Travel\data\raw\tiktok\tiktok_metadata_comments.json
2026-09-15 17:35:15,420 | INFO | Done: 20 comments
2026-09-15 17:35:19,641 | INFO | [9/12] https://www.tiktok.com/@thuexemaydanang43hovy/video/7608939490995981589
2026-09-15 17:35:19,644 | INFO | Open video: https://www.tiktok.com/@thuexemaydanang43hovy/video/7608939490995981589
2026-09-15 17:35:35,215 | INFO | ======================================
2026-09-15 17:35:35,215 | INFO | START COMMENT CRAWLING
2026-09-15 17:35:35,215 | INFO | Target comments: 50
2026-09-15 17:35:35,215 | INFO | ======================================
2026-09-15 17:35:35,215 | INFO | Opening TikTok comment panel...
2026-09-15 17:35:35,241 | INFO | Selector [data-e2e="comment-icon"] -> 1 elements
2026-09-15 17:35:36,546 | INFO | Clicked comment button: [data-e2e="comment-icon"]
2026-09-15 17:35:39,560 | INFO | Comment DOM loaded: [data-e2e="comment-level-1"] | 19 elements
2026-09-15 17:35:39,560 | INFO | --------------------------------------
2026-09-15 17:35:39,561 | INFO | Comment round 1/60
2026-09-15 17:35:39,573 | INFO | DOM comments: 19
2026-09-15 17:35:39,624 | INFO | New comment 1/50: Đến ĐN ghé tui nhen mấy bà, 450cành/ngày mà free bánh-nước nữa mấy bà nèeeeeee❤️
2026-09-15 17:35:39,690 | INFO | New comment 2/50: Có bạn nào đi cùng không tôi ở đây 1 mình
2026-09-15 17:35:39,755 | INFO | New comment 3/50: Đang ở Đà Nẵng vừa thuê xe máy 130k
2026-09-15 17:35:39,828 | INFO | New comment 4/50: Cho mình hỏi thăm chợ cồn bán từ mấy giờ v các b ơi
2026-09-15 17:35:39,899 | INFO | New comment 5/50: Giá thuê bnhiu/ngày ạ
2026-09-15 17:35:39,961 | INFO | New comment 6/50: Khẩu vị của thức ăn chớt wớt
2026-09-15 17:35:40,027 | INFO | New comment 7/50: 7 Săn mây Tăk Pổ, Nam Trà My nữa nha mọi người ơi😆
2026-09-15 17:35:40,090 | INFO | New comment 8/50: Tui ở hẳn trong đấy mà lười đi quá🤣
2026-09-15 17:35:40,140 | INFO | New comment 9/50: mới đi lun
2026-09-15 17:35:40,192 | INFO | New comment 10/50: Nóng khiếp luôn sao chịu đc
2026-09-15 17:35:40,251 | INFO | New comment 11/50: Thuê xe máy di tắm biển thì gửi xe dc ở dau nhỉ
2026-09-15 17:35:40,309 | INFO | New comment 12/50: 10 điểm 👍xe đi thích!
2026-09-15 17:35:40,407 | INFO | New comment 13/50: tự đi xe máy đc ko
2026-09-15 17:35:40,489 | INFO | New comment 14/50: bữa đi nèee mà bữa đó sương mù quóoo
2026-09-15 17:35:40,555 | INFO | New comment 15/50: cho mình hỏi giá thuê xe máy
2026-09-15 17:35:40,595 | INFO | New comment 16/50: cafe đèo hải vân đó tên gì vậy mọi ngggg
2026-09-15 17:35:40,661 | INFO | New comment 17/50: Đã đi 2 lần và vẫn muốn đc đi tiếp
2026-09-15 17:35:40,723 | INFO | New comment 18/50: Tui đang ở đây nè
2026-09-15 17:35:40,779 | INFO | New comment 19/50: . 🌴 Chúc mọi người có chuyến đi đáng nhớ.
2026-09-15 17:35:40,780 | INFO | New unique comments this round: 19
2026-09-15 17:35:40,780 | INFO | Total unique comments: 19/50
2026-09-15 17:35:40,815 | INFO | JS scroll result: {'clientHeight': 371, 'mode': 'CONTAINER', 'newTop': 400, 'oldTop': 0, 'scrollHeight': 3133}
2026-09-15 17:35:40,815 | INFO | Scroll mode: CONTAINER
2026-09-15 17:35:43,521 | INFO | --------------------------------------
2026-09-15 17:35:43,521 | INFO | Comment round 2/60
2026-09-15 17:35:43,573 | INFO | DOM comments: 19
2026-09-15 17:35:44,839 | INFO | New unique comments this round: 0
2026-09-15 17:35:44,840 | INFO | Total unique comments: 19/50
2026-09-15 17:35:44,840 | INFO | No new comments. Consecutive rounds: 1/5
2026-09-15 17:35:44,897 | INFO | JS scroll result: {'clientHeight': 371, 'mode': 'CONTAINER', 'newTop': 800, 'oldTop': 400, 'scrollHeight': 3133}
2026-09-15 17:35:44,897 | INFO | Scroll mode: CONTAINER
2026-09-15 17:35:47,782 | INFO | --------------------------------------
2026-09-15 17:35:47,783 | INFO | Comment round 3/60
2026-09-15 17:35:47,816 | INFO | DOM comments: 19
2026-09-15 17:35:49,192 | INFO | New unique comments this round: 0
2026-09-15 17:35:49,193 | INFO | Total unique comments: 19/50
2026-09-15 17:35:49,193 | INFO | No new comments. Consecutive rounds: 2/5
2026-09-15 17:35:49,243 | INFO | JS scroll result: {'clientHeight': 371, 'mode': 'CONTAINER', 'newTop': 1200, 'oldTop': 800, 'scrollHeight': 3314}
2026-09-15 17:35:49,243 | INFO | Scroll mode: CONTAINER
2026-09-15 17:35:52,168 | INFO | --------------------------------------
2026-09-15 17:35:52,169 | INFO | Comment round 4/60
2026-09-15 17:35:52,243 | INFO | DOM comments: 19
2026-09-15 17:35:53,555 | INFO | New unique comments this round: 0
2026-09-15 17:35:53,556 | INFO | Total unique comments: 19/50
2026-09-15 17:35:53,556 | INFO | No new comments. Consecutive rounds: 3/5
2026-09-15 17:35:53,583 | INFO | JS scroll result: {'clientHeight': 371, 'mode': 'CONTAINER', 'newTop': 1600, 'oldTop': 1200, 'scrollHeight': 3314}
2026-09-15 17:35:53,584 | INFO | Scroll mode: CONTAINER
2026-09-15 17:35:55,840 | INFO | --------------------------------------
2026-09-15 17:35:55,841 | INFO | Comment round 5/60
2026-09-15 17:35:55,892 | INFO | DOM comments: 19
2026-09-15 17:35:57,099 | INFO | New unique comments this round: 0
2026-09-15 17:35:57,099 | INFO | Total unique comments: 19/50
2026-09-15 17:35:57,100 | INFO | No new comments. Consecutive rounds: 4/5
2026-09-15 17:35:57,143 | INFO | JS scroll result: {'clientHeight': 371, 'mode': 'CONTAINER', 'newTop': 2000, 'oldTop': 1600, 'scrollHeight': 3496}
2026-09-15 17:35:57,144 | INFO | Scroll mode: CONTAINER
2026-09-15 17:35:59,484 | INFO | --------------------------------------
2026-09-15 17:35:59,484 | INFO | Comment round 6/60
2026-09-15 17:35:59,529 | INFO | DOM comments: 19
2026-09-15 17:36:00,925 | INFO | New unique comments this round: 0
2026-09-15 17:36:00,926 | INFO | Total unique comments: 19/50
2026-09-15 17:36:00,926 | INFO | No new comments. Consecutive rounds: 5/5
2026-09-15 17:36:00,926 | INFO | No new comments after 5 consecutive rounds.
2026-09-15 17:36:00,927 | INFO | ======================================
2026-09-15 17:36:00,927 | INFO | COMMENT RESULT: 19/50
2026-09-15 17:36:00,927 | INFO | ======================================
2026-09-15 17:36:00,932 | INFO | Saved JSON: D:\TIỂU LUẬN CHUYÊN NGÀNH\TLCN-Travel\data\raw\tiktok\tiktok_metadata_comments.json
2026-09-15 17:36:00,933 | INFO | Done: 19 comments
2026-09-15 17:36:03,101 | INFO | [10/12] https://www.tiktok.com/@vivudanang243/video/7669022622616669461
2026-09-15 17:36:03,102 | INFO | Open video: https://www.tiktok.com/@vivudanang243/video/7669022622616669461
2026-09-15 17:36:14,360 | INFO | ======================================
2026-09-15 17:36:14,361 | INFO | START COMMENT CRAWLING
2026-09-15 17:36:14,362 | INFO | Target comments: 50
2026-09-15 17:36:14,362 | INFO | ======================================
2026-09-15 17:36:14,362 | INFO | Opening TikTok comment panel...
2026-09-15 17:36:14,374 | INFO | Selector [data-e2e="comment-icon"] -> 1 elements
2026-09-15 17:36:15,656 | INFO | Clicked comment button: [data-e2e="comment-icon"]
2026-09-15 17:36:18,699 | INFO | Comment DOM loaded: [data-e2e="comment-level-1"] | 19 elements
2026-09-15 17:36:18,700 | INFO | --------------------------------------
2026-09-15 17:36:18,700 | INFO | Comment round 1/60
2026-09-15 17:36:18,771 | INFO | DOM comments: 19
2026-09-15 17:36:18,902 | INFO | New comment 1/50: Gian hàng này bên ngoài chợ ạ, mình đi trong chợ thì k thấy gian này
2026-09-15 17:36:18,971 | INFO | New comment 2/50: Ngon quá
2026-09-15 17:36:19,073 | INFO | New comment 3/50: Chợ cồn mấy h là có đồ ăn v bạn
2026-09-15 17:36:19,177 | INFO | New comment 4/50: Mình ghé bi mĩ rồi
2026-09-15 17:36:19,278 | INFO | New comment 5/50: Mấy giờ mở bán vậy ạ
2026-09-15 17:36:19,397 | INFO | New comment 6/50: #anhvu
2026-09-15 17:36:19,516 | INFO | New comment 7/50: mình vừa ăn
2026-09-15 17:36:19,615 | INFO | New comment 8/50: Đồ ăn tính ra ít tẹo, bánh canh 1 bát đc 3-4 sợi gắp là hết , bánh căn bé ko bõ dính răng khá dở hôi
2026-09-15 17:36:19,727 | INFO | New comment 9/50: Điểm trừ là quá trật hẹp
2026-09-15 17:36:19,814 | INFO | New comment 10/50: B chia sẻ KN, ks và địa điểm chơi đi ạ
2026-09-15 17:36:19,910 | INFO | New comment 11/50: Ngon
2026-09-15 17:36:19,993 | INFO | New comment 12/50: bánh tráng thịt heo bi mỹ bao nhiêu phần vậy b
2026-09-15 17:36:20,074 | INFO | New comment 13/50: chen mệt xỉu
2026-09-15 17:36:20,183 | INFO | New comment 14/50: Xôi gà đâuuuuuu ngon vcđ mà
2026-09-15 17:36:20,272 | INFO | New comment 15/50: Quá nóng. Đồ ăn cũng khô, k ngon 😳
2026-09-15 17:36:20,404 | INFO | New comment 16/50: nóng như cái lò
2026-09-15 17:36:20,545 | INFO | New comment 17/50: Mới về vô ngộp
2026-09-15 17:36:20,652 | INFO | New comment 18/50: ▶lIlIlIIllIlI 0:39
2026-09-15 17:36:20,719 | INFO | New comment 19/50: Thèm
2026-09-15 17:36:20,721 | INFO | New unique comments this round: 19
2026-09-15 17:36:20,721 | INFO | Total unique comments: 19/50
2026-09-15 17:36:20,768 | INFO | JS scroll result: {'clientHeight': 371, 'mode': 'CONTAINER', 'newTop': 400, 'oldTop': 0, 'scrollHeight': 2439}
2026-09-15 17:36:20,769 | INFO | Scroll mode: CONTAINER
2026-09-15 17:36:22,997 | INFO | --------------------------------------
2026-09-15 17:36:22,998 | INFO | Comment round 2/60
2026-09-15 17:36:23,037 | INFO | DOM comments: 19
2026-09-15 17:36:24,956 | INFO | New unique comments this round: 0
2026-09-15 17:36:24,956 | INFO | Total unique comments: 19/50
2026-09-15 17:36:24,956 | INFO | No new comments. Consecutive rounds: 1/5
2026-09-15 17:36:24,992 | INFO | JS scroll result: {'clientHeight': 371, 'mode': 'CONTAINER', 'newTop': 800, 'oldTop': 400, 'scrollHeight': 2439}
2026-09-15 17:36:24,992 | INFO | Scroll mode: CONTAINER
2026-09-15 17:36:27,559 | INFO | --------------------------------------
2026-09-15 17:36:27,560 | INFO | Comment round 3/60
2026-09-15 17:36:27,592 | INFO | DOM comments: 19
2026-09-15 17:36:28,557 | INFO | New unique comments this round: 0
2026-09-15 17:36:28,557 | INFO | Total unique comments: 19/50
2026-09-15 17:36:28,558 | INFO | No new comments. Consecutive rounds: 2/5
2026-09-15 17:36:28,588 | INFO | JS scroll result: {'clientHeight': 371, 'mode': 'CONTAINER', 'newTop': 1200, 'oldTop': 800, 'scrollHeight': 2439}
2026-09-15 17:36:28,589 | INFO | Scroll mode: CONTAINER
2026-09-15 17:36:30,663 | INFO | --------------------------------------
2026-09-15 17:36:30,665 | INFO | Comment round 4/60
2026-09-15 17:36:30,789 | INFO | DOM comments: 19
2026-09-15 17:36:31,768 | INFO | New unique comments this round: 0
2026-09-15 17:36:31,769 | INFO | Total unique comments: 19/50
2026-09-15 17:36:31,769 | INFO | No new comments. Consecutive rounds: 3/5
2026-09-15 17:36:31,809 | INFO | JS scroll result: {'clientHeight': 371, 'mode': 'CONTAINER', 'newTop': 1600, 'oldTop': 1200, 'scrollHeight': 2439}
2026-09-15 17:36:31,809 | INFO | Scroll mode: CONTAINER
2026-09-15 17:36:34,384 | INFO | --------------------------------------
2026-09-15 17:36:34,384 | INFO | Comment round 5/60
2026-09-15 17:36:34,410 | INFO | DOM comments: 19
2026-09-15 17:36:35,082 | INFO | New unique comments this round: 0
2026-09-15 17:36:35,083 | INFO | Total unique comments: 19/50
2026-09-15 17:36:35,083 | INFO | No new comments. Consecutive rounds: 4/5
2026-09-15 17:36:35,125 | INFO | JS scroll result: {'clientHeight': 371, 'mode': 'CONTAINER', 'newTop': 2000, 'oldTop': 1600, 'scrollHeight': 2439}
2026-09-15 17:36:35,126 | INFO | Scroll mode: CONTAINER
2026-09-15 17:36:37,499 | INFO | --------------------------------------
2026-09-15 17:36:37,501 | INFO | Comment round 6/60
2026-09-15 17:36:37,557 | INFO | DOM comments: 19
2026-09-15 17:36:38,616 | INFO | New unique comments this round: 0
2026-09-15 17:36:38,616 | INFO | Total unique comments: 19/50
2026-09-15 17:36:38,616 | INFO | No new comments. Consecutive rounds: 5/5
2026-09-15 17:36:38,617 | INFO | No new comments after 5 consecutive rounds.
2026-09-15 17:36:38,617 | INFO | ======================================
2026-09-15 17:36:38,617 | INFO | COMMENT RESULT: 19/50
2026-09-15 17:36:38,617 | INFO | ======================================
2026-09-15 17:36:38,620 | INFO | Saved JSON: D:\TIỂU LUẬN CHUYÊN NGÀNH\TLCN-Travel\data\raw\tiktok\tiktok_metadata_comments.json
2026-09-15 17:36:38,620 | INFO | Done: 19 comments
2026-09-15 17:36:41,691 | INFO | [11/12] https://www.tiktok.com/@lacadanang.tiktok/video/7637061656186703111
2026-09-15 17:36:41,691 | INFO | Open video: https://www.tiktok.com/@lacadanang.tiktok/video/7637061656186703111
2026-09-15 17:36:51,177 | INFO | ======================================
2026-09-15 17:36:51,178 | INFO | START COMMENT CRAWLING
2026-09-15 17:36:51,178 | INFO | Target comments: 50
2026-09-15 17:36:51,178 | INFO | ======================================
2026-09-15 17:36:51,178 | INFO | Opening TikTok comment panel...
2026-09-15 17:36:51,191 | INFO | Selector [data-e2e="comment-icon"] -> 1 elements
2026-09-15 17:36:52,349 | INFO | Clicked comment button: [data-e2e="comment-icon"]
2026-09-15 17:36:55,407 | INFO | Comment DOM loaded: [data-e2e="comment-level-1"] | 19 elements
2026-09-15 17:36:55,408 | INFO | --------------------------------------
2026-09-15 17:36:55,408 | INFO | Comment round 1/60
2026-09-15 17:36:55,478 | INFO | DOM comments: 19
2026-09-15 17:36:55,582 | INFO | New comment 1/50: Tv mình
2026-09-15 17:36:55,635 | INFO | New comment 2/50: 𝗫𝗲 Đà 𝐍ẵ𝐧𝐠 - 𝐇ộ𝐢 𝐀𝐧 - 𝐁à 𝐍à - 𝐇𝐮ế 🌿Xe 4 chỗ giá 219k 1 chiều ( bao xe ) 🌿Xe 7 chỗ giá 269k 1 chiều (
2026-09-15 17:36:55,696 | INFO | New comment 3/50: Xin giá tour 3N2Đ Đà Nẵng-Hội An-Huế với ạ
2026-09-15 17:36:55,740 | INFO | New comment 4/50: Xin giá chơi bán đảo sơn trà ạ
2026-09-15 17:36:55,791 | INFO | New comment 5/50: E xin giá 4n3đ
2026-09-15 17:36:55,869 | INFO | New comment 6/50: E xin giá tour ạ
2026-09-15 17:36:55,945 | INFO | New comment 7/50: ❤️Liên hệ đặt bàn For You Club: 0342 505 427 để được hỗ trợ chọn vị trí ưng ý nhất ạ.
2026-09-15 17:36:56,105 | INFO | New comment 8/50: 3 ngay 2 đem giá nhieu vay ạ
2026-09-15 17:36:56,246 | INFO | New comment 9/50: có ng hướng dẫn ko ạ
2026-09-15 17:36:56,336 | INFO | New comment 10/50: Thiếu sót lớn khi k đi lướt sóng 😁😁😁
2026-09-15 17:36:56,431 | INFO | New comment 11/50: E xin thông tin tour ạ
2026-09-15 17:36:56,539 | INFO | New comment 12/50: Em xin inf mũ c đội khúc đầu vid với ạ
2026-09-15 17:36:56,640 | INFO | New comment 13/50: Tv em nha
2026-09-15 17:36:56,813 | INFO | New comment 14/50: Ib
2026-09-15 17:36:56,983 | INFO | New comment 15/50: Cho em xin giá tour 10/7
2026-09-15 17:36:57,200 | INFO | New comment 16/50: Mình xin giá nhé
2026-09-15 17:36:57,266 | INFO | New comment 17/50: mình tháng sau đi cần tư vấn
2026-09-15 17:36:57,311 | INFO | New comment 18/50: Mình xin giá tour này
2026-09-15 17:36:57,311 | INFO | New unique comments this round: 18
2026-09-15 17:36:57,311 | INFO | Total unique comments: 18/50
2026-09-15 17:36:57,350 | INFO | JS scroll result: {'clientHeight': 371, 'mode': 'CONTAINER', 'newTop': 400, 'oldTop': 0, 'scrollHeight': 2607}
2026-09-15 17:36:57,351 | INFO | Scroll mode: CONTAINER
2026-09-15 17:36:59,430 | INFO | --------------------------------------
2026-09-15 17:36:59,430 | INFO | Comment round 2/60
2026-09-15 17:36:59,463 | INFO | DOM comments: 19
2026-09-15 17:37:01,385 | INFO | New unique comments this round: 0
2026-09-15 17:37:01,386 | INFO | Total unique comments: 18/50
2026-09-15 17:37:01,386 | INFO | No new comments. Consecutive rounds: 1/5
2026-09-15 17:37:01,498 | INFO | JS scroll result: {'clientHeight': 371, 'mode': 'CONTAINER', 'newTop': 800, 'oldTop': 400, 'scrollHeight': 2607}
2026-09-15 17:37:01,498 | INFO | Scroll mode: CONTAINER
2026-09-15 17:37:04,008 | INFO | --------------------------------------
2026-09-15 17:37:04,009 | INFO | Comment round 3/60
2026-09-15 17:37:04,036 | INFO | DOM comments: 19
2026-09-15 17:37:05,123 | INFO | New unique comments this round: 0
2026-09-15 17:37:05,124 | INFO | Total unique comments: 18/50
2026-09-15 17:37:05,124 | INFO | No new comments. Consecutive rounds: 2/5
2026-09-15 17:37:05,211 | INFO | JS scroll result: {'clientHeight': 371, 'mode': 'CONTAINER', 'newTop': 1200, 'oldTop': 800, 'scrollHeight': 2607}
2026-09-15 17:37:05,211 | INFO | Scroll mode: CONTAINER
2026-09-15 17:37:07,776 | INFO | --------------------------------------
2026-09-15 17:37:07,777 | INFO | Comment round 4/60
2026-09-15 17:37:07,815 | INFO | DOM comments: 19
2026-09-15 17:37:09,300 | INFO | New unique comments this round: 0
2026-09-15 17:37:09,301 | INFO | Total unique comments: 18/50
2026-09-15 17:37:09,301 | INFO | No new comments. Consecutive rounds: 3/5
2026-09-15 17:37:09,382 | INFO | JS scroll result: {'clientHeight': 371, 'mode': 'CONTAINER', 'newTop': 1600, 'oldTop': 1200, 'scrollHeight': 2607}
2026-09-15 17:37:09,383 | INFO | Scroll mode: CONTAINER
2026-09-15 17:37:12,302 | INFO | --------------------------------------
2026-09-15 17:37:12,303 | INFO | Comment round 5/60
2026-09-15 17:37:12,405 | INFO | DOM comments: 19
2026-09-15 17:37:13,574 | INFO | New unique comments this round: 0
2026-09-15 17:37:13,574 | INFO | Total unique comments: 18/50
2026-09-15 17:37:13,575 | INFO | No new comments. Consecutive rounds: 4/5
2026-09-15 17:37:13,608 | INFO | JS scroll result: {'clientHeight': 371, 'mode': 'CONTAINER', 'newTop': 2000, 'oldTop': 1600, 'scrollHeight': 2607}
2026-09-15 17:37:13,608 | INFO | Scroll mode: CONTAINER
2026-09-15 17:37:16,543 | INFO | --------------------------------------
2026-09-15 17:37:16,543 | INFO | Comment round 6/60
2026-09-15 17:37:16,575 | INFO | DOM comments: 19
2026-09-15 17:37:17,749 | INFO | New unique comments this round: 0
2026-09-15 17:37:17,750 | INFO | Total unique comments: 18/50
2026-09-15 17:37:17,750 | INFO | No new comments. Consecutive rounds: 5/5
2026-09-15 17:37:17,750 | INFO | No new comments after 5 consecutive rounds.
2026-09-15 17:37:17,750 | INFO | ======================================
2026-09-15 17:37:17,750 | INFO | COMMENT RESULT: 18/50
2026-09-15 17:37:17,750 | INFO | ======================================
2026-09-15 17:37:17,754 | INFO | Saved JSON: D:\TIỂU LUẬN CHUYÊN NGÀNH\TLCN-Travel\data\raw\tiktok\tiktok_metadata_comments.json
2026-09-15 17:37:17,754 | INFO | Done: 18 comments
2026-09-15 17:37:19,336 | WARNING | Retrying (Retry(total=2, connect=None, read=None, redirect=None, status=None)) after connection broken by 'ConnectionResetError(10054, 'An existing connection was forcibly closed by the remote host', None, 10054, None)': /session/8e60f8a27326f931f64046cd7042ae26
2026-09-15 17:37:23,383 | WARNING | Retrying (Retry(total=1, connect=None, read=None, redirect=None, status=None)) after connection broken by 'NewConnectionError("HTTPConnection(host='localhost', port=18920): Failed to establish a new connection: [WinError 10061] No connection could be made because the target machine actively refused it")': /session/8e60f8a27326f931f64046cd7042ae26
2026-09-15 17:37:27,484 | WARNING | Retrying (Retry(total=0, connect=None, read=None, redirect=None, status=None)) after connection broken by 'NewConnectionError("HTTPConnection(host='localhost', port=18920): Failed to establish a new connection: [WinError 10061] No connection could be made because the target machine actively refused it")': /session/8e60f8a27326f931f64046cd7042ae26
2026-09-15 17:37:57,776 | INFO | ======================================
2026-09-15 17:37:57,776 | INFO | TikTok metadata + comments crawler
2026-09-15 17:37:57,776 | INFO | ======================================
2026-09-15 17:38:00,249 | INFO | Searching: du lịch Đà Nẵng
2026-09-15 17:38:08,269 | INFO | Search round 1 | videos: 0
2026-09-15 17:38:11,800 | INFO | Keyword 'du lịch Đà Nẵng': 0 videos
2026-09-15 17:38:17,132 | INFO | Saved JSON: D:\TIỂU LUẬN CHUYÊN NGÀNH\TLCN-Travel\data\raw\tiktok\tiktok_metadata_comments.json
2026-09-15 17:38:17,133 | INFO | Finished. Videos: 0
2026-09-15 17:38:21,694 | INFO | ======================================
2026-09-15 17:38:21,695 | INFO | TikTok metadata + comments crawler
2026-09-15 17:38:21,695 | INFO | ======================================
2026-09-15 17:38:23,322 | INFO | Searching: du lịch Đà Nẵng
2026-09-15 17:38:30,904 | INFO | Search round 1 | videos: 12
2026-09-15 17:38:35,618 | INFO | Search round 2 | videos: 12
2026-09-15 17:38:38,983 | INFO | Keyword 'du lịch Đà Nẵng': 12 videos
2026-09-15 17:38:38,984 | INFO | [1/12] https://www.tiktok.com/@xhengtey/video/7555124713651981575
2026-09-15 17:38:38,984 | INFO | Open video: https://www.tiktok.com/@xhengtey/video/7555124713651981575
2026-09-15 17:38:50,140 | ERROR | Failed video: https://www.tiktok.com/@xhengtey/video/7555124713651981575
Traceback (most recent call last):
  File "D:\TIỂU LUẬN CHUYÊN NGÀNH\TLCN-Travel\ingestion\tiktok\crawler.py", line 1248, in main
    comments = get_comments(
        driver,
        MAX_COMMENTS_PER_VIDEO
    )
TypeError: get_comments() takes 1 positional argument but 2 were given
2026-09-15 17:38:50,143 | INFO | [2/12] https://www.tiktok.com/@_dicungquynhmai/video/7640794914174831880
2026-09-15 17:38:50,144 | INFO | Open video: https://www.tiktok.com/@_dicungquynhmai/video/7640794914174831880
2026-09-15 17:39:02,285 | ERROR | Failed video: https://www.tiktok.com/@_dicungquynhmai/video/7640794914174831880
Traceback (most recent call last):
  File "D:\TIỂU LUẬN CHUYÊN NGÀNH\TLCN-Travel\ingestion\tiktok\crawler.py", line 1248, in main
    comments = get_comments(
        driver,
        MAX_COMMENTS_PER_VIDEO
    )
TypeError: get_comments() takes 1 positional argument but 2 were given
2026-09-15 17:39:02,287 | INFO | [3/12] https://www.tiktok.com/@dulichdanangg.43/video/7627460259149303058
2026-09-15 17:39:02,287 | INFO | Open video: https://www.tiktok.com/@dulichdanangg.43/video/7627460259149303058
2026-09-15 17:39:14,444 | ERROR | Failed video: https://www.tiktok.com/@dulichdanangg.43/video/7627460259149303058
Traceback (most recent call last):
  File "D:\TIỂU LUẬN CHUYÊN NGÀNH\TLCN-Travel\ingestion\tiktok\crawler.py", line 1248, in main
    comments = get_comments(
        driver,
        MAX_COMMENTS_PER_VIDEO
    )
TypeError: get_comments() takes 1 positional argument but 2 were given
2026-09-15 17:39:14,445 | INFO | [4/12] https://www.tiktok.com/@thuexemaydanang43hovy/video/7608939490995981589
2026-09-15 17:39:14,445 | INFO | Open video: https://www.tiktok.com/@thuexemaydanang43hovy/video/7608939490995981589
2026-09-15 17:39:50,803 | INFO | ======================================
2026-09-15 17:39:50,803 | INFO | TikTok metadata + comments crawler
2026-09-15 17:39:50,804 | INFO | ======================================
2026-09-15 17:39:53,828 | INFO | Searching: du lịch Đà Nẵng
2026-09-15 17:40:02,163 | INFO | Search round 1 | videos: 12
2026-09-15 17:40:07,222 | INFO | Search round 2 | videos: 12
2026-09-15 17:40:11,173 | INFO | Keyword 'du lịch Đà Nẵng': 12 videos
2026-09-15 17:40:11,174 | INFO | [1/12] https://www.tiktok.com/@yeudanang24/video/7646767981044780295
2026-09-15 17:40:11,174 | INFO | Open video: https://www.tiktok.com/@yeudanang24/video/7646767981044780295
2026-09-15 17:40:21,642 | ERROR | Failed video: https://www.tiktok.com/@yeudanang24/video/7646767981044780295
Traceback (most recent call last):
  File "D:\TIỂU LUẬN CHUYÊN NGÀNH\TLCN-Travel\ingestion\tiktok\crawler.py", line 1248, in main
    comments = get_comments(
        driver,
        MAX_COMMENTS_PER_VIDEO
    )
TypeError: get_comments() takes 1 positional argument but 2 were given
2026-09-15 17:40:21,647 | INFO | [2/12] https://www.tiktok.com/@danangne24/video/7672639199597661447
2026-09-15 17:40:21,647 | INFO | Open video: https://www.tiktok.com/@danangne24/video/7672639199597661447
2026-09-15 17:40:31,942 | ERROR | Failed video: https://www.tiktok.com/@danangne24/video/7672639199597661447
Traceback (most recent call last):
  File "D:\TIỂU LUẬN CHUYÊN NGÀNH\TLCN-Travel\ingestion\tiktok\crawler.py", line 1248, in main
    comments = get_comments(
        driver,
        MAX_COMMENTS_PER_VIDEO
    )
TypeError: get_comments() takes 1 positional argument but 2 were given
2026-09-15 17:40:31,942 | INFO | [3/12] https://www.tiktok.com/@vivudanang243/video/7669022622616669461
2026-09-15 17:40:31,943 | INFO | Open video: https://www.tiktok.com/@vivudanang243/video/7669022622616669461
2026-09-15 17:40:41,511 | ERROR | Failed video: https://www.tiktok.com/@vivudanang243/video/7669022622616669461
Traceback (most recent call last):
  File "D:\TIỂU LUẬN CHUYÊN NGÀNH\TLCN-Travel\ingestion\tiktok\crawler.py", line 1248, in main
    comments = get_comments(
        driver,
        MAX_COMMENTS_PER_VIDEO
    )
TypeError: get_comments() takes 1 positional argument but 2 were given
2026-09-15 17:40:41,514 | INFO | [4/12] https://www.tiktok.com/@nhungbanahill/video/7669031107911863573
2026-09-15 17:40:41,515 | INFO | Open video: https://www.tiktok.com/@nhungbanahill/video/7669031107911863573
2026-09-15 17:40:52,732 | ERROR | Failed video: https://www.tiktok.com/@nhungbanahill/video/7669031107911863573
Traceback (most recent call last):
  File "D:\TIỂU LUẬN CHUYÊN NGÀNH\TLCN-Travel\ingestion\tiktok\crawler.py", line 1248, in main
    comments = get_comments(
        driver,
        MAX_COMMENTS_PER_VIDEO
    )
TypeError: get_comments() takes 1 positional argument but 2 were given
2026-09-15 17:40:52,733 | INFO | [5/12] https://www.tiktok.com/@danangtravel24/video/7664465113881136404
2026-09-15 17:40:52,734 | INFO | Open video: https://www.tiktok.com/@danangtravel24/video/7664465113881136404
2026-09-15 17:41:03,932 | ERROR | Failed video: https://www.tiktok.com/@danangtravel24/video/7664465113881136404
Traceback (most recent call last):
  File "D:\TIỂU LUẬN CHUYÊN NGÀNH\TLCN-Travel\ingestion\tiktok\crawler.py", line 1248, in main
    comments = get_comments(
        driver,
        MAX_COMMENTS_PER_VIDEO
    )
TypeError: get_comments() takes 1 positional argument but 2 were given
2026-09-15 17:41:03,933 | INFO | [6/12] https://www.tiktok.com/@hoangyen.shinetravel/video/7630455816352501012
2026-09-15 17:41:03,934 | INFO | Open video: https://www.tiktok.com/@hoangyen.shinetravel/video/7630455816352501012
2026-09-15 17:41:14,375 | ERROR | Failed video: https://www.tiktok.com/@hoangyen.shinetravel/video/7630455816352501012
Traceback (most recent call last):
  File "D:\TIỂU LUẬN CHUYÊN NGÀNH\TLCN-Travel\ingestion\tiktok\crawler.py", line 1248, in main
    comments = get_comments(
        driver,
        MAX_COMMENTS_PER_VIDEO
    )
TypeError: get_comments() takes 1 positional argument but 2 were given
2026-09-15 17:41:14,377 | INFO | [7/12] https://www.tiktok.com/@xhengtey/video/7555124713651981575
2026-09-15 17:41:14,377 | INFO | Open video: https://www.tiktok.com/@xhengtey/video/7555124713651981575
2026-09-15 17:41:24,463 | ERROR | Failed video: https://www.tiktok.com/@xhengtey/video/7555124713651981575
Traceback (most recent call last):
  File "D:\TIỂU LUẬN CHUYÊN NGÀNH\TLCN-Travel\ingestion\tiktok\crawler.py", line 1248, in main
    comments = get_comments(
        driver,
        MAX_COMMENTS_PER_VIDEO
    )
TypeError: get_comments() takes 1 positional argument but 2 were given
2026-09-15 17:41:24,464 | INFO | [8/12] https://www.tiktok.com/@review.danang24/video/7649247032120577298
2026-09-15 17:41:24,464 | INFO | Open video: https://www.tiktok.com/@review.danang24/video/7649247032120577298
2026-09-15 17:41:33,777 | ERROR | Failed video: https://www.tiktok.com/@review.danang24/video/7649247032120577298
Traceback (most recent call last):
  File "D:\TIỂU LUẬN CHUYÊN NGÀNH\TLCN-Travel\ingestion\tiktok\crawler.py", line 1248, in main
    comments = get_comments(
        driver,
        MAX_COMMENTS_PER_VIDEO
    )
TypeError: get_comments() takes 1 positional argument but 2 were given
2026-09-15 17:41:33,779 | INFO | [9/12] https://www.tiktok.com/@thuexemaydanang43hovy/video/7628220945903144213
2026-09-15 17:41:33,779 | INFO | Open video: https://www.tiktok.com/@thuexemaydanang43hovy/video/7628220945903144213
2026-09-15 17:41:42,283 | ERROR | Failed video: https://www.tiktok.com/@thuexemaydanang43hovy/video/7628220945903144213
Traceback (most recent call last):
  File "D:\TIỂU LUẬN CHUYÊN NGÀNH\TLCN-Travel\ingestion\tiktok\crawler.py", line 1248, in main
    comments = get_comments(
        driver,
        MAX_COMMENTS_PER_VIDEO
    )
TypeError: get_comments() takes 1 positional argument but 2 were given
2026-09-15 17:41:42,284 | INFO | [10/12] https://www.tiktok.com/@thuexemaydanang43hovy/video/7608939490995981589
2026-09-15 17:41:42,285 | INFO | Open video: https://www.tiktok.com/@thuexemaydanang43hovy/video/7608939490995981589
2026-09-15 17:41:53,196 | ERROR | Failed video: https://www.tiktok.com/@thuexemaydanang43hovy/video/7608939490995981589
Traceback (most recent call last):
  File "D:\TIỂU LUẬN CHUYÊN NGÀNH\TLCN-Travel\ingestion\tiktok\crawler.py", line 1248, in main
    comments = get_comments(
        driver,
        MAX_COMMENTS_PER_VIDEO
    )
TypeError: get_comments() takes 1 positional argument but 2 were given
2026-09-15 17:41:53,197 | INFO | [11/12] https://www.tiktok.com/@boctrandanang/video/7645285420506336533
2026-09-15 17:41:53,197 | INFO | Open video: https://www.tiktok.com/@boctrandanang/video/7645285420506336533
2026-09-15 17:42:03,398 | ERROR | Failed video: https://www.tiktok.com/@boctrandanang/video/7645285420506336533
Traceback (most recent call last):
  File "D:\TIỂU LUẬN CHUYÊN NGÀNH\TLCN-Travel\ingestion\tiktok\crawler.py", line 1248, in main
    comments = get_comments( driver
               ^^^^^^^^^^^^^^^^^^^^
    ...<2 lines>...
        "comments"
    
TypeError: get_comments() takes 1 positional argument but 2 were given
2026-09-15 17:42:03,404 | INFO | [12/12] https://www.tiktok.com/@vietnam.express.g7/video/7639041759401594130
2026-09-15 17:42:03,404 | INFO | Open video: https://www.tiktok.com/@vietnam.express.g7/video/7639041759401594130
2026-09-15 17:42:13,947 | ERROR | Failed video: https://www.tiktok.com/@vietnam.express.g7/video/7639041759401594130
Traceback (most recent call last):
  File "D:\TIỂU LUẬN CHUYÊN NGÀNH\TLCN-Travel\ingestion\tiktok\crawler.py", line 1248, in main
    comments = get_comments(
        driver,
        MAX_COMMENTS_PER_VIDEO
    )
TypeError: get_comments() takes 1 positional argument but 2 were given
2026-09-15 17:42:19,545 | INFO | Saved JSON: D:\TIỂU LUẬN CHUYÊN NGÀNH\TLCN-Travel\data\raw\tiktok\tiktok_metadata_comments.json
2026-09-15 17:42:19,545 | INFO | Finished. Videos: 0
2026-09-15 17:42:49,982 | INFO | ======================================
2026-09-15 17:42:49,982 | INFO | TikTok metadata + comments crawler
2026-09-15 17:42:49,982 | INFO | ======================================
2026-09-15 17:42:51,525 | INFO | Searching: du lịch Đà Nẵng
2026-09-15 17:42:59,007 | INFO | Search round 1 | videos: 12
2026-09-15 17:43:03,591 | INFO | Search round 2 | videos: 12
2026-09-15 17:43:08,380 | INFO | Keyword 'du lịch Đà Nẵng': 12 videos
2026-09-15 17:43:08,385 | INFO | [1/12] https://www.tiktok.com/@yeudanang24/video/7646767981044780295
2026-09-15 17:43:08,386 | INFO | Open video: https://www.tiktok.com/@yeudanang24/video/7646767981044780295
2026-09-15 17:43:18,344 | INFO | ======================================
2026-09-15 17:43:18,346 | INFO | START COMMENT CRAWLING
2026-09-15 17:43:18,347 | INFO | Target comments: 50
2026-09-15 17:43:18,347 | INFO | ======================================
2026-09-15 17:43:18,347 | INFO | Opening TikTok comment panel...
2026-09-15 17:43:18,362 | INFO | Selector [data-e2e="comment-icon"] -> 1 elements
2026-09-15 17:43:19,515 | INFO | Clicked comment button: [data-e2e="comment-icon"]
2026-09-15 17:43:32,670 | WARNING | Comment DOM not detected.
2026-09-15 17:43:32,670 | WARNING | Could not open/load comment section.
2026-09-15 17:43:32,672 | INFO | Saved JSON: D:\TIỂU LUẬN CHUYÊN NGÀNH\TLCN-Travel\data\raw\tiktok\tiktok_metadata_comments.json
2026-09-15 17:43:32,672 | INFO | Done: 0 comments
2026-09-15 17:43:35,575 | INFO | [2/12] https://www.tiktok.com/@danangne24/video/7672639199597661447
2026-09-15 17:43:35,575 | INFO | Open video: https://www.tiktok.com/@danangne24/video/7672639199597661447
2026-09-15 17:43:43,441 | INFO | ======================================
2026-09-15 17:43:43,442 | INFO | START COMMENT CRAWLING
2026-09-15 17:43:43,443 | INFO | Target comments: 50
2026-09-15 17:43:43,444 | INFO | ======================================
2026-09-15 17:43:43,444 | INFO | Opening TikTok comment panel...
2026-09-15 17:43:43,455 | INFO | Selector [data-e2e="comment-icon"] -> 1 elements
2026-09-15 17:43:44,702 | INFO | Clicked comment button: [data-e2e="comment-icon"]
2026-09-15 17:43:47,746 | INFO | Comment DOM loaded: [data-e2e="comment-level-1"] | 19 elements
2026-09-15 17:43:47,746 | INFO | --------------------------------------
2026-09-15 17:43:47,746 | INFO | Comment round 1/60
2026-09-15 17:43:47,759 | INFO | DOM comments: 0
2026-09-15 17:43:47,759 | INFO | New unique comments this round: 0
2026-09-15 17:43:47,760 | INFO | Total unique comments: 0/50
2026-09-15 17:43:47,799 | INFO | JS scroll result: {'mode': 'NO_COMMENT', 'reason': 'No comment elements'}
2026-09-15 17:43:47,799 | INFO | Scroll mode: NO_COMMENT
2026-09-15 17:43:47,799 | WARNING | Cannot scroll comments anymore.
2026-09-15 17:43:47,799 | INFO | ======================================
2026-09-15 17:43:47,800 | INFO | COMMENT RESULT: 0/50
2026-09-15 17:43:47,800 | INFO | ======================================
2026-09-15 17:43:47,803 | INFO | Saved JSON: D:\TIỂU LUẬN CHUYÊN NGÀNH\TLCN-Travel\data\raw\tiktok\tiktok_metadata_comments.json
2026-09-15 17:43:47,804 | INFO | Done: 0 comments
2026-09-15 17:43:52,384 | INFO | [3/12] https://www.tiktok.com/@review.danang24/video/7649247032120577298
2026-09-15 17:43:52,384 | INFO | Open video: https://www.tiktok.com/@review.danang24/video/7649247032120577298
2026-09-15 17:43:59,532 | INFO | ======================================
2026-09-15 17:43:59,532 | INFO | START COMMENT CRAWLING
2026-09-15 17:43:59,532 | INFO | Target comments: 50
2026-09-15 17:43:59,533 | INFO | ======================================
2026-09-15 17:43:59,533 | INFO | Opening TikTok comment panel...
2026-09-15 17:43:59,543 | INFO | Selector [data-e2e="comment-icon"] -> 1 elements
2026-09-15 17:44:00,821 | INFO | Clicked comment button: [data-e2e="comment-icon"]
2026-09-15 17:44:03,850 | INFO | Comment DOM loaded: [data-e2e="comment-level-1"] | 19 elements
2026-09-15 17:44:03,851 | INFO | --------------------------------------
2026-09-15 17:44:03,851 | INFO | Comment round 1/60
2026-09-15 17:44:03,864 | INFO | DOM comments: 0
2026-09-15 17:44:03,864 | INFO | New unique comments this round: 0
2026-09-15 17:44:03,864 | INFO | Total unique comments: 0/50
2026-09-15 17:44:03,896 | INFO | JS scroll result: {'mode': 'NO_COMMENT', 'reason': 'No comment elements'}
2026-09-15 17:44:03,896 | INFO | Scroll mode: NO_COMMENT
2026-09-15 17:44:03,897 | WARNING | Cannot scroll comments anymore.
2026-09-15 17:44:03,897 | INFO | ======================================
2026-09-15 17:44:03,897 | INFO | COMMENT RESULT: 0/50
2026-09-15 17:44:03,897 | INFO | ======================================
2026-09-15 17:44:03,898 | INFO | Saved JSON: D:\TIỂU LUẬN CHUYÊN NGÀNH\TLCN-Travel\data\raw\tiktok\tiktok_metadata_comments.json
2026-09-15 17:44:03,898 | INFO | Done: 0 comments
2026-09-15 17:44:07,296 | INFO | [4/12] https://www.tiktok.com/@bychimai/video/7681307608233348370
2026-09-15 17:44:07,297 | INFO | Open video: https://www.tiktok.com/@bychimai/video/7681307608233348370
2026-09-15 17:44:15,858 | INFO | ======================================
2026-09-15 17:44:15,859 | INFO | START COMMENT CRAWLING
2026-09-15 17:44:15,860 | INFO | Target comments: 50
2026-09-15 17:44:15,860 | INFO | ======================================
2026-09-15 17:44:15,860 | INFO | Opening TikTok comment panel...
2026-09-15 17:44:15,911 | INFO | Selector [data-e2e="comment-icon"] -> 1 elements
2026-09-15 17:44:17,190 | INFO | Clicked comment button: [data-e2e="comment-icon"]
2026-09-15 17:44:20,212 | INFO | Comment DOM loaded: [data-e2e="comment-level-1"] | 20 elements
2026-09-15 17:44:20,213 | INFO | --------------------------------------
2026-09-15 17:44:20,213 | INFO | Comment round 1/60
2026-09-15 17:44:20,221 | INFO | DOM comments: 0
2026-09-15 17:44:20,221 | INFO | New unique comments this round: 0
2026-09-15 17:44:20,221 | INFO | Total unique comments: 0/50
2026-09-15 17:44:20,257 | INFO | JS scroll result: {'mode': 'NO_COMMENT', 'reason': 'No comment elements'}
2026-09-15 17:44:20,257 | INFO | Scroll mode: NO_COMMENT
2026-09-15 17:44:20,258 | WARNING | Cannot scroll comments anymore.
2026-09-15 17:44:20,258 | INFO | ======================================
2026-09-15 17:44:20,258 | INFO | COMMENT RESULT: 0/50
2026-09-15 17:44:20,258 | INFO | ======================================
2026-09-15 17:44:20,260 | INFO | Saved JSON: D:\TIỂU LUẬN CHUYÊN NGÀNH\TLCN-Travel\data\raw\tiktok\tiktok_metadata_comments.json
2026-09-15 17:44:20,261 | INFO | Done: 0 comments
2026-09-15 17:44:22,974 | INFO | [5/12] https://www.tiktok.com/@hoangyen.shinetravel/video/7630455816352501012
2026-09-15 17:44:22,975 | INFO | Open video: https://www.tiktok.com/@hoangyen.shinetravel/video/7630455816352501012
2026-09-15 17:44:33,843 | INFO | ======================================
2026-09-15 17:44:33,844 | INFO | START COMMENT CRAWLING
2026-09-15 17:44:33,844 | INFO | Target comments: 50
2026-09-15 17:44:33,844 | INFO | ======================================
2026-09-15 17:44:33,844 | INFO | Opening TikTok comment panel...
2026-09-15 17:44:33,856 | INFO | Selector [data-e2e="comment-icon"] -> 1 elements
2026-09-15 17:44:35,065 | INFO | Clicked comment button: [data-e2e="comment-icon"]
2026-09-15 17:44:38,098 | INFO | Comment DOM loaded: [data-e2e="comment-level-1"] | 19 elements
2026-09-15 17:44:38,099 | INFO | --------------------------------------
2026-09-15 17:44:38,099 | INFO | Comment round 1/60
2026-09-15 17:44:38,113 | INFO | DOM comments: 0
2026-09-15 17:44:38,114 | INFO | New unique comments this round: 0
2026-09-15 17:44:38,114 | INFO | Total unique comments: 0/50
2026-09-15 17:44:38,143 | INFO | JS scroll result: {'mode': 'NO_COMMENT', 'reason': 'No comment elements'}
2026-09-15 17:44:38,144 | INFO | Scroll mode: NO_COMMENT
2026-09-15 17:44:38,144 | WARNING | Cannot scroll comments anymore.
2026-09-15 17:44:38,145 | INFO | ======================================
2026-09-15 17:44:38,145 | INFO | COMMENT RESULT: 0/50
2026-09-15 17:44:38,145 | INFO | ======================================
2026-09-15 17:44:38,148 | INFO | Saved JSON: D:\TIỂU LUẬN CHUYÊN NGÀNH\TLCN-Travel\data\raw\tiktok\tiktok_metadata_comments.json
2026-09-15 17:44:38,148 | INFO | Done: 0 comments
2026-09-15 17:44:40,449 | INFO | [6/12] https://www.tiktok.com/@motvongdn24/video/7665685358427786516
2026-09-15 17:44:40,450 | INFO | Open video: https://www.tiktok.com/@motvongdn24/video/7665685358427786516
2026-09-15 17:44:51,568 | INFO | ======================================
2026-09-15 17:44:51,568 | INFO | START COMMENT CRAWLING
2026-09-15 17:44:51,568 | INFO | Target comments: 50
2026-09-15 17:44:51,568 | INFO | ======================================
2026-09-15 17:44:51,568 | INFO | Opening TikTok comment panel...
2026-09-15 17:44:51,587 | INFO | Selector [data-e2e="comment-icon"] -> 1 elements
2026-09-15 17:44:52,881 | INFO | Clicked comment button: [data-e2e="comment-icon"]
2026-09-15 17:44:55,905 | INFO | Comment DOM loaded: [data-e2e="comment-level-1"] | 20 elements
2026-09-15 17:44:55,905 | INFO | --------------------------------------
2026-09-15 17:44:55,905 | INFO | Comment round 1/60
2026-09-15 17:44:55,930 | INFO | DOM comments: 0
2026-09-15 17:44:55,930 | INFO | New unique comments this round: 0
2026-09-15 17:44:55,931 | INFO | Total unique comments: 0/50
2026-09-15 17:44:55,963 | INFO | JS scroll result: {'mode': 'NO_COMMENT', 'reason': 'No comment elements'}
2026-09-15 17:44:55,964 | INFO | Scroll mode: NO_COMMENT
2026-09-15 17:44:55,964 | WARNING | Cannot scroll comments anymore.
2026-09-15 17:44:55,964 | INFO | ======================================
2026-09-15 17:44:55,964 | INFO | COMMENT RESULT: 0/50
2026-09-15 17:44:55,964 | INFO | ======================================
2026-09-15 17:44:55,967 | INFO | Saved JSON: D:\TIỂU LUẬN CHUYÊN NGÀNH\TLCN-Travel\data\raw\tiktok\tiktok_metadata_comments.json
2026-09-15 17:44:55,967 | INFO | Done: 0 comments
2026-09-15 17:44:59,723 | INFO | [7/12] https://www.tiktok.com/@danangtravel24/video/7664465113881136404
2026-09-15 17:44:59,723 | INFO | Open video: https://www.tiktok.com/@danangtravel24/video/7664465113881136404
2026-09-15 17:45:09,434 | INFO | ======================================
2026-09-15 17:45:09,434 | INFO | START COMMENT CRAWLING
2026-09-15 17:45:09,435 | INFO | Target comments: 50
2026-09-15 17:45:09,435 | INFO | ======================================
2026-09-15 17:45:09,435 | INFO | Opening TikTok comment panel...
2026-09-15 17:45:09,446 | INFO | Selector [data-e2e="comment-icon"] -> 1 elements
2026-09-15 17:45:10,672 | INFO | Clicked comment button: [data-e2e="comment-icon"]
2026-09-15 17:45:13,696 | INFO | Comment DOM loaded: [data-e2e="comment-level-1"] | 20 elements
2026-09-15 17:45:13,696 | INFO | --------------------------------------
2026-09-15 17:45:13,696 | INFO | Comment round 1/60
2026-09-15 17:45:13,713 | INFO | DOM comments: 0
2026-09-15 17:45:13,714 | INFO | New unique comments this round: 0
2026-09-15 17:45:13,714 | INFO | Total unique comments: 0/50
2026-09-15 17:45:13,754 | INFO | JS scroll result: {'mode': 'NO_COMMENT', 'reason': 'No comment elements'}
2026-09-15 17:45:13,755 | INFO | Scroll mode: NO_COMMENT
2026-09-15 17:45:13,755 | WARNING | Cannot scroll comments anymore.
2026-09-15 17:45:13,755 | INFO | ======================================
2026-09-15 17:45:13,756 | INFO | COMMENT RESULT: 0/50
2026-09-15 17:45:13,756 | INFO | ======================================
2026-09-15 17:45:13,757 | INFO | Saved JSON: D:\TIỂU LUẬN CHUYÊN NGÀNH\TLCN-Travel\data\raw\tiktok\tiktok_metadata_comments.json
2026-09-15 17:45:13,758 | INFO | Done: 0 comments
2026-09-15 17:45:18,631 | INFO | [8/12] https://www.tiktok.com/@thuexemaydanang43hovy/video/7628220945903144213
2026-09-15 17:45:18,631 | INFO | Open video: https://www.tiktok.com/@thuexemaydanang43hovy/video/7628220945903144213
2026-09-15 17:45:27,819 | INFO | ======================================
2026-09-15 17:45:27,819 | INFO | START COMMENT CRAWLING
2026-09-15 17:45:27,820 | INFO | Target comments: 50
2026-09-15 17:45:27,820 | INFO | ======================================
2026-09-15 17:45:27,820 | INFO | Opening TikTok comment panel...
2026-09-15 17:45:27,833 | INFO | Selector [data-e2e="comment-icon"] -> 1 elements
2026-09-15 17:45:29,090 | INFO | Clicked comment button: [data-e2e="comment-icon"]
2026-09-15 17:45:32,122 | INFO | Comment DOM loaded: [data-e2e="comment-level-1"] | 20 elements
2026-09-15 17:45:32,123 | INFO | --------------------------------------
2026-09-15 17:45:32,123 | INFO | Comment round 1/60
2026-09-15 17:45:32,145 | INFO | DOM comments: 0
2026-09-15 17:45:32,146 | INFO | New unique comments this round: 0
2026-09-15 17:45:32,146 | INFO | Total unique comments: 0/50
2026-09-15 17:45:32,185 | INFO | JS scroll result: {'mode': 'NO_COMMENT', 'reason': 'No comment elements'}
2026-09-15 17:45:32,185 | INFO | Scroll mode: NO_COMMENT
2026-09-15 17:45:32,185 | WARNING | Cannot scroll comments anymore.
2026-09-15 17:45:32,186 | INFO | ======================================
2026-09-15 17:45:32,186 | INFO | COMMENT RESULT: 0/50
2026-09-15 17:45:32,186 | INFO | ======================================
2026-09-15 17:45:32,187 | INFO | Saved JSON: D:\TIỂU LUẬN CHUYÊN NGÀNH\TLCN-Travel\data\raw\tiktok\tiktok_metadata_comments.json
2026-09-15 17:45:32,187 | INFO | Done: 0 comments
2026-09-15 17:45:36,668 | INFO | [9/12] https://www.tiktok.com/@nhungbanahill/video/7669031107911863573
2026-09-15 17:45:36,669 | INFO | Open video: https://www.tiktok.com/@nhungbanahill/video/7669031107911863573
2026-09-15 17:45:46,562 | INFO | ======================================
2026-09-15 17:45:46,562 | INFO | START COMMENT CRAWLING
2026-09-15 17:45:46,562 | INFO | Target comments: 50
2026-09-15 17:45:46,563 | INFO | ======================================
2026-09-15 17:45:46,563 | INFO | Opening TikTok comment panel...
2026-09-15 17:45:46,585 | INFO | Selector [data-e2e="comment-icon"] -> 1 elements
2026-09-15 17:45:47,759 | INFO | Clicked comment button: [data-e2e="comment-icon"]
2026-09-15 17:45:50,793 | INFO | Comment DOM loaded: [data-e2e="comment-level-1"] | 20 elements
2026-09-15 17:45:50,794 | INFO | --------------------------------------
2026-09-15 17:45:50,794 | INFO | Comment round 1/60
2026-09-15 17:45:50,808 | INFO | DOM comments: 0
2026-09-15 17:45:50,808 | INFO | New unique comments this round: 0
2026-09-15 17:45:50,809 | INFO | Total unique comments: 0/50
2026-09-15 17:45:50,845 | INFO | JS scroll result: {'mode': 'NO_COMMENT', 'reason': 'No comment elements'}
2026-09-15 17:45:50,846 | INFO | Scroll mode: NO_COMMENT
2026-09-15 17:45:50,846 | WARNING | Cannot scroll comments anymore.
2026-09-15 17:45:50,846 | INFO | ======================================
2026-09-15 17:45:50,846 | INFO | COMMENT RESULT: 0/50
2026-09-15 17:45:50,847 | INFO | ======================================
2026-09-15 17:45:50,848 | INFO | Saved JSON: D:\TIỂU LUẬN CHUYÊN NGÀNH\TLCN-Travel\data\raw\tiktok\tiktok_metadata_comments.json
2026-09-15 17:45:50,848 | INFO | Done: 0 comments
2026-09-15 17:45:55,806 | INFO | [10/12] https://www.tiktok.com/@boctrandanang/video/7645285420506336533
2026-09-15 17:45:55,806 | INFO | Open video: https://www.tiktok.com/@boctrandanang/video/7645285420506336533
2026-09-15 17:46:05,699 | INFO | ======================================
2026-09-15 17:46:05,699 | INFO | START COMMENT CRAWLING
2026-09-15 17:46:05,699 | INFO | Target comments: 50
2026-09-15 17:46:05,700 | INFO | ======================================
2026-09-15 17:46:05,700 | INFO | Opening TikTok comment panel...
2026-09-15 17:46:05,717 | INFO | Selector [data-e2e="comment-icon"] -> 1 elements
2026-09-15 17:46:06,902 | INFO | Clicked comment button: [data-e2e="comment-icon"]
2026-09-15 17:46:09,917 | INFO | Comment DOM loaded: [data-e2e="comment-level-1"] | 20 elements
2026-09-15 17:46:09,917 | INFO | --------------------------------------
2026-09-15 17:46:09,918 | INFO | Comment round 1/60
2026-09-15 17:46:09,924 | INFO | DOM comments: 0
2026-09-15 17:46:09,924 | INFO | New unique comments this round: 0
2026-09-15 17:46:09,925 | INFO | Total unique comments: 0/50
2026-09-15 17:46:09,946 | INFO | JS scroll result: {'mode': 'NO_COMMENT', 'reason': 'No comment elements'}
2026-09-15 17:46:09,947 | INFO | Scroll mode: NO_COMMENT
2026-09-15 17:46:09,948 | WARNING | Cannot scroll comments anymore.
2026-09-15 17:46:09,948 | INFO | ======================================
2026-09-15 17:46:09,949 | INFO | COMMENT RESULT: 0/50
2026-09-15 17:46:09,949 | INFO | ======================================
2026-09-15 17:46:09,952 | INFO | Saved JSON: D:\TIỂU LUẬN CHUYÊN NGÀNH\TLCN-Travel\data\raw\tiktok\tiktok_metadata_comments.json
2026-09-15 17:46:09,953 | INFO | Done: 0 comments
2026-09-15 17:46:12,145 | INFO | [11/12] https://www.tiktok.com/@alo.nng.nghe3/video/7652592505845730578
2026-09-15 17:46:12,146 | INFO | Open video: https://www.tiktok.com/@alo.nng.nghe3/video/7652592505845730578
2026-09-15 17:46:20,261 | INFO | ======================================
2026-09-15 17:46:20,262 | INFO | START COMMENT CRAWLING
2026-09-15 17:46:20,263 | INFO | Target comments: 50
2026-09-15 17:46:20,263 | INFO | ======================================
2026-09-15 17:46:20,264 | INFO | Opening TikTok comment panel...
2026-09-15 17:46:20,282 | INFO | Selector [data-e2e="comment-icon"] -> 1 elements
2026-09-15 17:46:21,432 | INFO | Clicked comment button: [data-e2e="comment-icon"]
2026-09-15 17:46:24,466 | INFO | Comment DOM loaded: [data-e2e="comment-level-1"] | 19 elements
2026-09-15 17:46:24,466 | INFO | --------------------------------------
2026-09-15 17:46:24,466 | INFO | Comment round 1/60
2026-09-15 17:46:24,488 | INFO | DOM comments: 0
2026-09-15 17:46:24,488 | INFO | New unique comments this round: 0
2026-09-15 17:46:24,488 | INFO | Total unique comments: 0/50
2026-09-15 17:46:24,578 | INFO | JS scroll result: {'mode': 'NO_COMMENT', 'reason': 'No comment elements'}
2026-09-15 17:46:24,579 | INFO | Scroll mode: NO_COMMENT
2026-09-15 17:46:24,579 | WARNING | Cannot scroll comments anymore.
2026-09-15 17:46:24,579 | INFO | ======================================
2026-09-15 17:46:24,579 | INFO | COMMENT RESULT: 0/50
2026-09-15 17:46:24,579 | INFO | ======================================
2026-09-15 17:46:24,582 | INFO | Saved JSON: D:\TIỂU LUẬN CHUYÊN NGÀNH\TLCN-Travel\data\raw\tiktok\tiktok_metadata_comments.json
2026-09-15 17:46:24,583 | INFO | Done: 0 comments
2026-09-15 17:46:28,478 | INFO | [12/12] https://www.tiktok.com/@thuongodanang/video/7604092040615431442
2026-09-15 17:46:28,480 | INFO | Open video: https://www.tiktok.com/@thuongodanang/video/7604092040615431442
2026-09-15 17:46:37,613 | INFO | ======================================
2026-09-15 17:46:37,615 | INFO | START COMMENT CRAWLING
2026-09-15 17:46:37,615 | INFO | Target comments: 50
2026-09-15 17:46:37,615 | INFO | ======================================
2026-09-15 17:46:37,616 | INFO | Opening TikTok comment panel...
2026-09-15 17:46:37,626 | INFO | Selector [data-e2e="comment-icon"] -> 1 elements
2026-09-15 17:46:38,807 | INFO | Clicked comment button: [data-e2e="comment-icon"]
2026-09-15 17:46:41,859 | INFO | Comment DOM loaded: [data-e2e="comment-level-1"] | 20 elements
2026-09-15 17:46:41,859 | INFO | --------------------------------------
2026-09-15 17:46:41,859 | INFO | Comment round 1/60
2026-09-15 17:46:41,879 | INFO | DOM comments: 0
2026-09-15 17:46:41,879 | INFO | New unique comments this round: 0
2026-09-15 17:46:41,879 | INFO | Total unique comments: 0/50
2026-09-15 17:46:41,931 | INFO | JS scroll result: {'mode': 'NO_COMMENT', 'reason': 'No comment elements'}
2026-09-15 17:46:41,932 | INFO | Scroll mode: NO_COMMENT
2026-09-15 17:46:41,932 | WARNING | Cannot scroll comments anymore.
2026-09-15 17:46:41,933 | INFO | ======================================
2026-09-15 17:46:41,933 | INFO | COMMENT RESULT: 0/50
2026-09-15 17:46:41,933 | INFO | ======================================
2026-09-15 17:46:41,935 | INFO | Saved JSON: D:\TIỂU LUẬN CHUYÊN NGÀNH\TLCN-Travel\data\raw\tiktok\tiktok_metadata_comments.json
2026-09-15 17:46:41,935 | INFO | Done: 0 comments
2026-09-15 17:46:50,015 | INFO | Saved JSON: D:\TIỂU LUẬN CHUYÊN NGÀNH\TLCN-Travel\data\raw\tiktok\tiktok_metadata_comments.json
2026-09-15 17:46:50,015 | INFO | Finished. Videos: 12
2026-09-15 17:47:31,714 | INFO | ======================================
2026-09-15 17:47:31,714 | INFO | TikTok metadata + comments crawler
2026-09-15 17:47:31,714 | INFO | ======================================
2026-09-15 17:47:33,473 | INFO | Searching: du lịch Đà Nẵng
2026-09-15 17:47:41,140 | INFO | Search round 1 | videos: 12
2026-09-15 17:47:44,336 | INFO | Search round 2 | videos: 12
2026-09-15 17:47:49,181 | INFO | Keyword 'du lịch Đà Nẵng': 12 videos
2026-09-15 17:47:49,183 | INFO | [1/12] https://www.tiktok.com/@thuexemaydanang43hovy/video/7628220945903144213
2026-09-15 17:47:49,184 | INFO | Open video: https://www.tiktok.com/@thuexemaydanang43hovy/video/7628220945903144213
2026-09-15 17:47:59,742 | INFO | ======================================
2026-09-15 17:47:59,742 | INFO | START COMMENT CRAWLING
2026-09-15 17:47:59,742 | INFO | Target comments: 50
2026-09-15 17:47:59,743 | INFO | ======================================
2026-09-15 17:47:59,743 | INFO | Opening TikTok comment panel...
2026-09-15 17:47:59,757 | INFO | Selector [data-e2e="comment-icon"] -> 1 elements
2026-09-15 17:48:01,146 | INFO | Clicked comment button: [data-e2e="comment-icon"]
2026-09-15 17:48:04,201 | INFO | Comment DOM loaded: [data-e2e="comment-level-1"] | 20 elements
2026-09-15 17:48:04,201 | INFO | --------------------------------------
2026-09-15 17:48:04,202 | INFO | Comment round 1/60
2026-09-15 17:48:05,229 | INFO | DOM comments after retry: 0
2026-09-15 17:48:05,229 | INFO | DOM comments: 0
2026-09-15 17:48:05,230 | INFO | New unique comments this round: 0
2026-09-15 17:48:05,230 | INFO | Total unique comments: 0/50
2026-09-15 17:48:05,261 | INFO | JS scroll result: {'mode': 'NO_COMMENT', 'reason': 'No comment elements'}
2026-09-15 17:48:05,261 | INFO | Scroll mode: NO_COMMENT
2026-09-15 17:48:05,261 | WARNING | Cannot scroll comments anymore.
2026-09-15 17:48:05,262 | INFO | ======================================
2026-09-15 17:48:05,262 | INFO | COMMENT RESULT: 0/50
2026-09-15 17:48:05,262 | INFO | ======================================
2026-09-15 17:48:05,264 | INFO | Saved JSON: D:\TIỂU LUẬN CHUYÊN NGÀNH\TLCN-Travel\data\raw\tiktok\tiktok_metadata_comments.json
2026-09-15 17:48:05,264 | INFO | Done: 0 comments
2026-09-15 17:48:08,245 | INFO | [2/12] https://www.tiktok.com/@review.danang24/video/7649247032120577298
2026-09-15 17:48:08,246 | INFO | Open video: https://www.tiktok.com/@review.danang24/video/7649247032120577298
2026-09-15 17:48:18,600 | INFO | ======================================
2026-09-15 17:48:18,600 | INFO | START COMMENT CRAWLING
2026-09-15 17:48:18,600 | INFO | Target comments: 50
2026-09-15 17:48:18,601 | INFO | ======================================
2026-09-15 17:48:18,601 | INFO | Opening TikTok comment panel...
2026-09-15 17:48:18,624 | INFO | Selector [data-e2e="comment-icon"] -> 1 elements
2026-09-15 17:48:19,899 | INFO | Clicked comment button: [data-e2e="comment-icon"]
2026-09-15 17:48:22,949 | INFO | Comment DOM loaded: [data-e2e="comment-level-1"] | 20 elements
2026-09-15 17:48:22,949 | INFO | --------------------------------------
2026-09-15 17:48:22,949 | INFO | Comment round 1/60
2026-09-15 17:48:23,978 | INFO | DOM comments after retry: 0
2026-09-15 17:48:23,979 | INFO | DOM comments: 0
2026-09-15 17:48:23,979 | INFO | New unique comments this round: 0
2026-09-15 17:48:23,979 | INFO | Total unique comments: 0/50
2026-09-15 17:48:23,999 | INFO | JS scroll result: {'mode': 'NO_COMMENT', 'reason': 'No comment elements'}
2026-09-15 17:48:24,000 | INFO | Scroll mode: NO_COMMENT
2026-09-15 17:48:24,000 | WARNING | Cannot scroll comments anymore.
2026-09-15 17:48:24,000 | INFO | ======================================
2026-09-15 17:48:24,000 | INFO | COMMENT RESULT: 0/50
2026-09-15 17:48:24,000 | INFO | ======================================
2026-09-15 17:48:24,001 | INFO | Saved JSON: D:\TIỂU LUẬN CHUYÊN NGÀNH\TLCN-Travel\data\raw\tiktok\tiktok_metadata_comments.json
2026-09-15 17:48:24,001 | INFO | Done: 0 comments
2026-09-15 17:48:28,445 | INFO | [3/12] https://www.tiktok.com/@danangne24/video/7672639199597661447
2026-09-15 17:48:28,446 | INFO | Open video: https://www.tiktok.com/@danangne24/video/7672639199597661447
2026-09-15 17:48:42,153 | INFO | ======================================
2026-09-15 17:48:42,154 | INFO | START COMMENT CRAWLING
2026-09-15 17:48:42,154 | INFO | Target comments: 50
2026-09-15 17:48:42,154 | INFO | ======================================
2026-09-15 17:48:42,155 | INFO | Opening TikTok comment panel...
2026-09-15 17:48:42,176 | INFO | Selector [data-e2e="comment-icon"] -> 1 elements
2026-09-15 17:48:43,461 | INFO | Clicked comment button: [data-e2e="comment-icon"]
2026-09-15 17:48:46,528 | INFO | Comment DOM loaded: [data-e2e="comment-level-1"] | 19 elements
2026-09-15 17:48:46,528 | INFO | --------------------------------------
2026-09-15 17:48:46,529 | INFO | Comment round 1/60
2026-09-15 17:48:47,606 | INFO | DOM comments after retry: 0
2026-09-15 17:48:47,606 | INFO | DOM comments: 0
2026-09-15 17:48:47,606 | INFO | New unique comments this round: 0
2026-09-15 17:48:47,607 | INFO | Total unique comments: 0/50
2026-09-15 17:48:47,648 | INFO | JS scroll result: {'mode': 'NO_COMMENT', 'reason': 'No comment elements'}
2026-09-15 17:48:47,649 | INFO | Scroll mode: NO_COMMENT
2026-09-15 17:48:47,650 | WARNING | Cannot scroll comments anymore.
2026-09-15 17:48:47,650 | INFO | ======================================
2026-09-15 17:48:47,650 | INFO | COMMENT RESULT: 0/50
2026-09-15 17:48:47,651 | INFO | ======================================
2026-09-15 17:48:47,652 | INFO | Saved JSON: D:\TIỂU LUẬN CHUYÊN NGÀNH\TLCN-Travel\data\raw\tiktok\tiktok_metadata_comments.json
2026-09-15 17:48:47,652 | INFO | Done: 0 comments
2026-09-15 17:48:50,427 | INFO | [4/12] https://www.tiktok.com/@xhengtey/video/7555124713651981575
2026-09-15 17:48:50,428 | INFO | Open video: https://www.tiktok.com/@xhengtey/video/7555124713651981575
2026-09-15 17:49:00,940 | INFO | ======================================
2026-09-15 17:49:00,941 | INFO | START COMMENT CRAWLING
2026-09-15 17:49:00,941 | INFO | Target comments: 50
2026-09-15 17:49:00,941 | INFO | ======================================
2026-09-15 17:49:00,941 | INFO | Opening TikTok comment panel...
2026-09-15 17:49:00,948 | INFO | Selector [data-e2e="comment-icon"] -> 1 elements
2026-09-15 17:49:02,115 | INFO | Clicked comment button: [data-e2e="comment-icon"]
2026-09-15 17:49:05,144 | INFO | Comment DOM loaded: [data-e2e="comment-level-1"] | 20 elements
2026-09-15 17:49:05,144 | INFO | --------------------------------------
2026-09-15 17:49:05,144 | INFO | Comment round 1/60
2026-09-15 17:49:06,170 | INFO | DOM comments after retry: 0
2026-09-15 17:49:06,170 | INFO | DOM comments: 0
2026-09-15 17:49:06,170 | INFO | New unique comments this round: 0
2026-09-15 17:49:06,171 | INFO | Total unique comments: 0/50
2026-09-15 17:49:06,195 | INFO | JS scroll result: {'mode': 'NO_COMMENT', 'reason': 'No comment elements'}
2026-09-15 17:49:06,196 | INFO | Scroll mode: NO_COMMENT
2026-09-15 17:49:06,196 | WARNING | Cannot scroll comments anymore.
2026-09-15 17:49:06,196 | INFO | ======================================
2026-09-15 17:49:06,196 | INFO | COMMENT RESULT: 0/50
2026-09-15 17:49:06,196 | INFO | ======================================
2026-09-15 17:49:06,198 | INFO | Saved JSON: D:\TIỂU LUẬN CHUYÊN NGÀNH\TLCN-Travel\data\raw\tiktok\tiktok_metadata_comments.json
2026-09-15 17:49:06,199 | INFO | Done: 0 comments
2026-09-15 17:49:11,168 | INFO | [5/12] https://www.tiktok.com/@vietnam.express.g7/video/7639041759401594130
2026-09-15 17:49:11,169 | INFO | Open video: https://www.tiktok.com/@vietnam.express.g7/video/7639041759401594130
2026-09-15 17:49:20,960 | INFO | ======================================
2026-09-15 17:49:20,961 | INFO | START COMMENT CRAWLING
2026-09-15 17:49:20,961 | INFO | Target comments: 50
2026-09-15 17:49:20,962 | INFO | ======================================
2026-09-15 17:49:20,962 | INFO | Opening TikTok comment panel...
2026-09-15 17:49:20,975 | INFO | Selector [data-e2e="comment-icon"] -> 1 elements
2026-09-15 17:49:22,320 | INFO | Clicked comment button: [data-e2e="comment-icon"]
2026-09-15 17:49:25,358 | INFO | Comment DOM loaded: [data-e2e="comment-level-1"] | 20 elements
2026-09-15 17:49:25,358 | INFO | --------------------------------------
2026-09-15 17:49:25,358 | INFO | Comment round 1/60
2026-09-15 17:49:26,405 | INFO | DOM comments after retry: 0
2026-09-15 17:49:26,405 | INFO | DOM comments: 0
2026-09-15 17:49:26,406 | INFO | New unique comments this round: 0
2026-09-15 17:49:26,406 | INFO | Total unique comments: 0/50
2026-09-15 17:49:26,433 | INFO | JS scroll result: {'mode': 'NO_COMMENT', 'reason': 'No comment elements'}
2026-09-15 17:49:26,433 | INFO | Scroll mode: NO_COMMENT
2026-09-15 17:49:26,433 | WARNING | Cannot scroll comments anymore.
2026-09-15 17:49:26,434 | INFO | ======================================
2026-09-15 17:49:26,434 | INFO | COMMENT RESULT: 0/50
2026-09-15 17:49:26,434 | INFO | ======================================
2026-09-15 17:49:26,436 | INFO | Saved JSON: D:\TIỂU LUẬN CHUYÊN NGÀNH\TLCN-Travel\data\raw\tiktok\tiktok_metadata_comments.json
2026-09-15 17:49:26,436 | INFO | Done: 0 comments
2026-09-15 17:49:30,103 | INFO | [6/12] https://www.tiktok.com/@hoangyen.shinetravel/video/7630455816352501012
2026-09-15 17:49:30,105 | INFO | Open video: https://www.tiktok.com/@hoangyen.shinetravel/video/7630455816352501012
2026-09-15 17:49:39,581 | INFO | ======================================
2026-09-15 17:49:39,581 | INFO | START COMMENT CRAWLING
2026-09-15 17:49:39,582 | INFO | Target comments: 50
2026-09-15 17:49:39,582 | INFO | ======================================
2026-09-15 17:49:39,582 | INFO | Opening TikTok comment panel...
2026-09-15 17:49:39,589 | INFO | Selector [data-e2e="comment-icon"] -> 1 elements
2026-09-15 17:49:40,753 | INFO | Clicked comment button: [data-e2e="comment-icon"]
2026-09-15 17:49:43,781 | INFO | Comment DOM loaded: [data-e2e="comment-level-1"] | 20 elements
2026-09-15 17:49:43,782 | INFO | --------------------------------------
2026-09-15 17:49:43,782 | INFO | Comment round 1/60
2026-09-15 17:49:44,856 | INFO | DOM comments after retry: 0
2026-09-15 17:49:44,857 | INFO | DOM comments: 0
2026-09-15 17:49:44,858 | INFO | New unique comments this round: 0
2026-09-15 17:49:44,858 | INFO | Total unique comments: 0/50
2026-09-15 17:49:44,972 | INFO | JS scroll result: {'mode': 'NO_COMMENT', 'reason': 'No comment elements'}
2026-09-15 17:49:44,974 | INFO | Scroll mode: NO_COMMENT
2026-09-15 17:49:44,974 | WARNING | Cannot scroll comments anymore.
2026-09-15 17:49:44,974 | INFO | ======================================
2026-09-15 17:49:44,975 | INFO | COMMENT RESULT: 0/50
2026-09-15 17:49:44,975 | INFO | ======================================
2026-09-15 17:49:44,980 | INFO | Saved JSON: D:\TIỂU LUẬN CHUYÊN NGÀNH\TLCN-Travel\data\raw\tiktok\tiktok_metadata_comments.json
2026-09-15 17:49:44,982 | INFO | Done: 0 comments
2026-09-15 17:49:47,006 | INFO | [7/12] https://www.tiktok.com/@rongdianngon/video/7672009172304596242
2026-09-15 17:49:47,008 | INFO | Open video: https://www.tiktok.com/@rongdianngon/video/7672009172304596242
2026-09-15 17:49:57,282 | INFO | ======================================
2026-09-15 17:49:57,283 | INFO | START COMMENT CRAWLING
2026-09-15 17:49:57,283 | INFO | Target comments: 50
2026-09-15 17:49:57,283 | INFO | ======================================
2026-09-15 17:49:57,284 | INFO | Opening TikTok comment panel...
2026-09-15 17:49:57,295 | INFO | Selector [data-e2e="comment-icon"] -> 1 elements
2026-09-15 17:49:58,547 | INFO | Clicked comment button: [data-e2e="comment-icon"]
2026-09-15 17:50:01,590 | INFO | Comment DOM loaded: [data-e2e="comment-level-1"] | 20 elements
2026-09-15 17:50:01,591 | INFO | --------------------------------------
2026-09-15 17:50:01,591 | INFO | Comment round 1/60
2026-09-15 17:50:02,622 | INFO | DOM comments after retry: 0
2026-09-15 17:50:02,622 | INFO | DOM comments: 0
2026-09-15 17:50:02,622 | INFO | New unique comments this round: 0
2026-09-15 17:50:02,623 | INFO | Total unique comments: 0/50
2026-09-15 17:50:02,650 | INFO | JS scroll result: {'mode': 'NO_COMMENT', 'reason': 'No comment elements'}
2026-09-15 17:50:02,650 | INFO | Scroll mode: NO_COMMENT
2026-09-15 17:50:02,650 | WARNING | Cannot scroll comments anymore.
2026-09-15 17:50:02,651 | INFO | ======================================
2026-09-15 17:50:02,651 | INFO | COMMENT RESULT: 0/50
2026-09-15 17:50:02,651 | INFO | ======================================
2026-09-15 17:50:02,653 | INFO | Saved JSON: D:\TIỂU LUẬN CHUYÊN NGÀNH\TLCN-Travel\data\raw\tiktok\tiktok_metadata_comments.json
2026-09-15 17:50:02,654 | INFO | Done: 0 comments
2026-09-15 17:50:05,926 | INFO | [8/12] https://www.tiktok.com/@thuexemaydanang43hovy/video/7608939490995981589
2026-09-15 17:50:05,928 | INFO | Open video: https://www.tiktok.com/@thuexemaydanang43hovy/video/7608939490995981589
2026-09-15 17:50:17,785 | INFO | ======================================
2026-09-15 17:50:17,787 | INFO | START COMMENT CRAWLING
2026-09-15 17:50:17,788 | INFO | Target comments: 50
2026-09-15 17:50:17,788 | INFO | ======================================
2026-09-15 17:50:17,788 | INFO | Opening TikTok comment panel...
2026-09-15 17:50:17,814 | INFO | Selector [data-e2e="comment-icon"] -> 1 elements
2026-09-15 17:50:19,165 | INFO | Clicked comment button: [data-e2e="comment-icon"]
2026-09-15 17:50:22,192 | INFO | Comment DOM loaded: [data-e2e="comment-level-1"] | 20 elements
2026-09-15 17:50:22,192 | INFO | --------------------------------------
2026-09-15 17:50:22,192 | INFO | Comment round 1/60
2026-09-15 17:50:23,215 | INFO | DOM comments after retry: 0
2026-09-15 17:50:23,215 | INFO | DOM comments: 0
2026-09-15 17:50:23,215 | INFO | New unique comments this round: 0
2026-09-15 17:50:23,216 | INFO | Total unique comments: 0/50
2026-09-15 17:50:23,248 | INFO | JS scroll result: {'mode': 'NO_COMMENT', 'reason': 'No comment elements'}
2026-09-15 17:50:23,248 | INFO | Scroll mode: NO_COMMENT
2026-09-15 17:50:23,248 | WARNING | Cannot scroll comments anymore.
2026-09-15 17:50:23,249 | INFO | ======================================
2026-09-15 17:50:23,249 | INFO | COMMENT RESULT: 0/50
2026-09-15 17:50:23,249 | INFO | ======================================
2026-09-15 17:50:23,251 | INFO | Saved JSON: D:\TIỂU LUẬN CHUYÊN NGÀNH\TLCN-Travel\data\raw\tiktok\tiktok_metadata_comments.json
2026-09-15 17:50:23,251 | INFO | Done: 0 comments
2026-09-15 17:50:27,735 | INFO | [9/12] https://www.tiktok.com/@tep2002_/video/7631957597859482901
2026-09-15 17:50:27,735 | INFO | Open video: https://www.tiktok.com/@tep2002_/video/7631957597859482901
2026-09-15 17:50:37,298 | INFO | ======================================
2026-09-15 17:50:37,299 | INFO | START COMMENT CRAWLING
2026-09-15 17:50:37,299 | INFO | Target comments: 50
2026-09-15 17:50:37,300 | INFO | ======================================
2026-09-15 17:50:37,300 | INFO | Opening TikTok comment panel...
2026-09-15 17:50:37,308 | INFO | Selector [data-e2e="comment-icon"] -> 1 elements
2026-09-15 17:50:38,466 | INFO | Clicked comment button: [data-e2e="comment-icon"]
2026-09-15 17:50:41,491 | INFO | Comment DOM loaded: [data-e2e="comment-level-1"] | 20 elements
2026-09-15 17:50:41,491 | INFO | --------------------------------------
2026-09-15 17:50:41,492 | INFO | Comment round 1/60
2026-09-15 17:50:42,522 | INFO | DOM comments after retry: 0
2026-09-15 17:50:42,523 | INFO | DOM comments: 0
2026-09-15 17:50:42,523 | INFO | New unique comments this round: 0
2026-09-15 17:50:42,523 | INFO | Total unique comments: 0/50
2026-09-15 17:50:42,556 | INFO | JS scroll result: {'mode': 'NO_COMMENT', 'reason': 'No comment elements'}
2026-09-15 17:50:42,556 | INFO | Scroll mode: NO_COMMENT
2026-09-15 17:50:42,557 | WARNING | Cannot scroll comments anymore.
2026-09-15 17:50:42,557 | INFO | ======================================
2026-09-15 17:50:42,557 | INFO | COMMENT RESULT: 0/50
2026-09-15 17:50:42,557 | INFO | ======================================
2026-09-15 17:50:42,558 | INFO | Saved JSON: D:\TIỂU LUẬN CHUYÊN NGÀNH\TLCN-Travel\data\raw\tiktok\tiktok_metadata_comments.json
2026-09-15 17:50:42,559 | INFO | Done: 0 comments
2026-09-15 17:50:44,748 | INFO | [10/12] https://www.tiktok.com/@boctrandanang/video/7645285420506336533
2026-09-15 17:50:44,748 | INFO | Open video: https://www.tiktok.com/@boctrandanang/video/7645285420506336533
2026-09-15 17:50:53,313 | INFO | ======================================
2026-09-15 17:50:53,313 | INFO | START COMMENT CRAWLING
2026-09-15 17:50:53,314 | INFO | Target comments: 50
2026-09-15 17:50:53,314 | INFO | ======================================
2026-09-15 17:50:53,314 | INFO | Opening TikTok comment panel...
2026-09-15 17:50:53,320 | INFO | Selector [data-e2e="comment-icon"] -> 1 elements
2026-09-15 17:50:54,434 | INFO | Clicked comment button: [data-e2e="comment-icon"]
2026-09-15 17:50:57,458 | INFO | Comment DOM loaded: [data-e2e="comment-level-1"] | 20 elements
2026-09-15 17:50:57,458 | INFO | --------------------------------------
2026-09-15 17:50:57,458 | INFO | Comment round 1/60
2026-09-15 17:50:58,476 | INFO | DOM comments after retry: 0
2026-09-15 17:50:58,477 | INFO | DOM comments: 0
2026-09-15 17:50:58,477 | INFO | New unique comments this round: 0
2026-09-15 17:50:58,477 | INFO | Total unique comments: 0/50
2026-09-15 17:50:58,493 | INFO | JS scroll result: {'mode': 'NO_COMMENT', 'reason': 'No comment elements'}
2026-09-15 17:50:58,494 | INFO | Scroll mode: NO_COMMENT
2026-09-15 17:50:58,494 | WARNING | Cannot scroll comments anymore.
2026-09-15 17:50:58,494 | INFO | ======================================
2026-09-15 17:50:58,494 | INFO | COMMENT RESULT: 0/50
2026-09-15 17:50:58,494 | INFO | ======================================
2026-09-15 17:50:58,496 | INFO | Saved JSON: D:\TIỂU LUẬN CHUYÊN NGÀNH\TLCN-Travel\data\raw\tiktok\tiktok_metadata_comments.json
2026-09-15 17:50:58,496 | INFO | Done: 0 comments
2026-09-15 17:51:02,647 | INFO | [11/12] https://www.tiktok.com/@danangtravel24/video/7664465113881136404
2026-09-15 17:51:02,647 | INFO | Open video: https://www.tiktok.com/@danangtravel24/video/7664465113881136404
2026-09-15 17:51:11,936 | INFO | ======================================
2026-09-15 17:51:11,937 | INFO | START COMMENT CRAWLING
2026-09-15 17:51:11,937 | INFO | Target comments: 50
2026-09-15 17:51:11,937 | INFO | ======================================
2026-09-15 17:51:11,937 | INFO | Opening TikTok comment panel...
2026-09-15 17:51:11,943 | INFO | Selector [data-e2e="comment-icon"] -> 1 elements
2026-09-15 17:51:13,066 | INFO | Clicked comment button: [data-e2e="comment-icon"]
2026-09-15 17:51:16,081 | INFO | Comment DOM loaded: [data-e2e="comment-level-1"] | 20 elements
2026-09-15 17:51:16,081 | INFO | --------------------------------------
2026-09-15 17:51:16,082 | INFO | Comment round 1/60
2026-09-15 17:51:17,100 | INFO | DOM comments after retry: 0
2026-09-15 17:51:17,100 | INFO | DOM comments: 0
2026-09-15 17:51:17,100 | INFO | New unique comments this round: 0
2026-09-15 17:51:17,100 | INFO | Total unique comments: 0/50
2026-09-15 17:51:17,125 | INFO | JS scroll result: {'mode': 'NO_COMMENT', 'reason': 'No comment elements'}
2026-09-15 17:51:17,125 | INFO | Scroll mode: NO_COMMENT
2026-09-15 17:51:17,126 | WARNING | Cannot scroll comments anymore.
2026-09-15 17:51:17,126 | INFO | ======================================
2026-09-15 17:51:17,126 | INFO | COMMENT RESULT: 0/50
2026-09-15 17:51:17,127 | INFO | ======================================
2026-09-15 17:51:17,128 | INFO | Saved JSON: D:\TIỂU LUẬN CHUYÊN NGÀNH\TLCN-Travel\data\raw\tiktok\tiktok_metadata_comments.json
2026-09-15 17:51:17,129 | INFO | Done: 0 comments
2026-09-15 17:51:19,944 | INFO | [12/12] https://www.tiktok.com/@yeudanang24/video/7646767981044780295
2026-09-15 17:51:19,944 | INFO | Open video: https://www.tiktok.com/@yeudanang24/video/7646767981044780295
2026-09-15 17:51:30,629 | INFO | ======================================
2026-09-15 17:51:30,629 | INFO | START COMMENT CRAWLING
2026-09-15 17:51:30,629 | INFO | Target comments: 50
2026-09-15 17:51:30,630 | INFO | ======================================
2026-09-15 17:51:30,630 | INFO | Opening TikTok comment panel...
2026-09-15 17:51:30,637 | INFO | Selector [data-e2e="comment-icon"] -> 1 elements
2026-09-15 17:51:31,749 | INFO | Clicked comment button: [data-e2e="comment-icon"]
2026-09-15 17:51:34,767 | INFO | Comment DOM loaded: [data-e2e="comment-level-1"] | 20 elements
2026-09-15 17:51:34,767 | INFO | --------------------------------------
2026-09-15 17:51:34,767 | INFO | Comment round 1/60
2026-09-15 17:51:35,790 | INFO | DOM comments after retry: 0
2026-09-15 17:51:35,790 | INFO | DOM comments: 0
2026-09-15 17:51:35,791 | INFO | New unique comments this round: 0
2026-09-15 17:51:35,791 | INFO | Total unique comments: 0/50
2026-09-15 17:51:35,835 | INFO | JS scroll result: {'mode': 'NO_COMMENT', 'reason': 'No comment elements'}
2026-09-15 17:51:35,835 | INFO | Scroll mode: NO_COMMENT
2026-09-15 17:51:35,836 | WARNING | Cannot scroll comments anymore.
2026-09-15 17:51:35,836 | INFO | ======================================
2026-09-15 17:51:35,836 | INFO | COMMENT RESULT: 0/50
2026-09-15 17:51:35,837 | INFO | ======================================
2026-09-15 17:51:35,838 | INFO | Saved JSON: D:\TIỂU LUẬN CHUYÊN NGÀNH\TLCN-Travel\data\raw\tiktok\tiktok_metadata_comments.json
2026-09-15 17:51:35,838 | INFO | Done: 0 comments
2026-09-15 17:51:44,435 | INFO | Saved JSON: D:\TIỂU LUẬN CHUYÊN NGÀNH\TLCN-Travel\data\raw\tiktok\tiktok_metadata_comments.json
2026-09-15 17:51:44,435 | INFO | Finished. Videos: 12
2026-09-15 17:56:09,964 | INFO | ======================================
2026-09-15 17:56:09,965 | INFO | TikTok metadata + comments crawler
2026-09-15 17:56:09,965 | INFO | ======================================
2026-09-15 17:56:11,680 | INFO | Searching: du lịch Đà Nẵng
2026-09-15 17:56:19,150 | INFO | Search round 1 | videos: 12
2026-09-15 17:56:23,043 | INFO | Search round 2 | videos: 12
2026-09-15 17:56:27,296 | INFO | Keyword 'du lịch Đà Nẵng': 12 videos
2026-09-15 17:56:27,296 | INFO | [1/12] https://www.tiktok.com/@danangtravel24/video/7664465113881136404
2026-09-15 17:56:27,297 | INFO | Open video: https://www.tiktok.com/@danangtravel24/video/7664465113881136404
2026-09-15 17:56:37,652 | INFO | ======================================
2026-09-15 17:56:37,653 | INFO | START COMMENT CRAWLING
2026-09-15 17:56:37,653 | INFO | Target comments: 50
2026-09-15 17:56:37,654 | INFO | ======================================
2026-09-15 17:56:37,654 | INFO | Opening TikTok comment panel...
2026-09-15 17:56:37,665 | INFO | Selector [data-e2e="comment-icon"] -> 1 elements
2026-09-15 17:56:38,809 | INFO | Clicked comment button: [data-e2e="comment-icon"]
2026-09-15 17:56:41,842 | INFO | Initial comment extraction 1/5 -> 0 comments
2026-09-15 17:56:42,871 | INFO | Initial comment extraction 2/5 -> 0 comments
2026-09-15 17:56:43,892 | INFO | Initial comment extraction 3/5 -> 0 comments
2026-09-15 17:56:44,924 | INFO | Initial comment extraction 4/5 -> 0 comments
2026-09-15 17:56:45,953 | INFO | Initial comment extraction 5/5 -> 0 comments
2026-09-15 17:56:57,041 | WARNING | Comment DOM not detected.
2026-09-15 17:56:57,042 | INFO | Initial unique comments: 0/50
2026-09-15 17:56:57,042 | INFO | --------------------------------------
2026-09-15 17:56:57,043 | INFO | Comment round 1/60
2026-09-15 17:56:57,051 | INFO | Current DOM comments: 0
2026-09-15 17:56:57,051 | WARNING | Comment DOM temporarily disappeared.
2026-09-15 17:56:57,052 | INFO | Trying to recover comment DOM...
2026-09-15 17:56:57,082 | INFO | Recovery attempt 1/5 -> 0 comments
2026-09-15 17:56:58,102 | INFO | Recovery attempt 2/5 -> 0 comments
2026-09-15 17:56:59,114 | INFO | Recovery attempt 3/5 -> 0 comments
2026-09-15 17:57:00,124 | INFO | Recovery attempt 4/5 -> 0 comments
2026-09-15 17:57:01,133 | INFO | Recovery attempt 5/5 -> 0 comments
2026-09-15 17:57:02,135 | INFO | New unique comments this round: 0
2026-09-15 17:57:02,135 | INFO | Total unique comments: 0/50
2026-09-15 17:57:02,162 | INFO | JS scroll result: {'mode': 'NO_COMMENT', 'reason': 'No comment elements'}
2026-09-15 17:57:02,164 | INFO | Scroll mode: NO_COMMENT
2026-09-15 17:57:02,164 | WARNING | Comment DOM not available during scroll.
2026-09-15 17:57:02,165 | INFO | Trying to recover comment DOM...
2026-09-15 17:57:02,207 | INFO | Recovery attempt 1/5 -> 0 comments
2026-09-15 17:57:03,222 | INFO | Recovery attempt 2/5 -> 0 comments
2026-09-15 17:57:04,232 | INFO | Recovery attempt 3/5 -> 0 comments
2026-09-15 17:57:05,244 | INFO | Recovery attempt 4/5 -> 0 comments
2026-09-15 17:57:06,267 | INFO | Recovery attempt 5/5 -> 0 comments
2026-09-15 17:57:07,268 | INFO | --------------------------------------
2026-09-15 17:57:07,269 | INFO | Comment round 2/60
2026-09-15 17:57:07,281 | INFO | Current DOM comments: 0
2026-09-15 17:57:07,281 | WARNING | Comment DOM temporarily disappeared.
2026-09-15 17:57:07,281 | INFO | Trying to recover comment DOM...
2026-09-15 17:57:07,296 | INFO | Recovery attempt 1/5 -> 0 comments
2026-09-15 17:57:08,315 | INFO | Recovery attempt 2/5 -> 0 comments
2026-09-15 17:57:09,342 | INFO | Recovery attempt 3/5 -> 0 comments
2026-09-15 17:57:10,358 | INFO | Recovery attempt 4/5 -> 0 comments
2026-09-15 17:57:11,389 | INFO | Recovery attempt 5/5 -> 0 comments
2026-09-15 17:57:12,390 | INFO | New unique comments this round: 0
2026-09-15 17:57:12,391 | INFO | Total unique comments: 0/50
2026-09-15 17:57:12,441 | INFO | JS scroll result: {'mode': 'NO_COMMENT', 'reason': 'No comment elements'}
2026-09-15 17:57:12,441 | INFO | Scroll mode: NO_COMMENT
2026-09-15 17:57:12,442 | WARNING | Comment DOM not available during scroll.
2026-09-15 17:57:12,442 | INFO | Trying to recover comment DOM...
2026-09-15 17:57:12,461 | INFO | Recovery attempt 1/5 -> 0 comments
2026-09-15 17:57:13,473 | INFO | Recovery attempt 2/5 -> 0 comments
2026-09-15 17:57:14,482 | INFO | Recovery attempt 3/5 -> 0 comments
2026-09-15 17:57:15,500 | INFO | Recovery attempt 4/5 -> 0 comments
2026-09-15 17:57:16,534 | INFO | Recovery attempt 5/5 -> 0 comments
2026-09-15 17:57:17,536 | INFO | --------------------------------------
2026-09-15 17:57:17,536 | INFO | Comment round 3/60
2026-09-15 17:57:17,547 | INFO | Current DOM comments: 0
2026-09-15 17:57:17,548 | WARNING | Comment DOM temporarily disappeared.
2026-09-15 17:57:17,548 | INFO | Trying to recover comment DOM...
2026-09-15 17:57:17,569 | INFO | Recovery attempt 1/5 -> 0 comments
2026-09-15 17:57:18,580 | INFO | Recovery attempt 2/5 -> 0 comments
2026-09-15 17:57:19,615 | INFO | Recovery attempt 3/5 -> 0 comments
2026-09-15 17:57:20,638 | INFO | Recovery attempt 4/5 -> 0 comments
2026-09-15 17:57:21,648 | INFO | Recovery attempt 5/5 -> 0 comments
2026-09-15 17:57:22,648 | INFO | New unique comments this round: 0
2026-09-15 17:57:22,649 | INFO | Total unique comments: 0/50
2026-09-15 17:57:22,701 | INFO | JS scroll result: {'mode': 'NO_COMMENT', 'reason': 'No comment elements'}
2026-09-15 17:57:22,701 | INFO | Scroll mode: NO_COMMENT
2026-09-15 17:57:22,702 | WARNING | Comment DOM not available during scroll.
2026-09-15 17:57:22,702 | INFO | Trying to recover comment DOM...
2026-09-15 17:57:22,734 | INFO | Recovery attempt 1/5 -> 0 comments
2026-09-15 17:57:23,741 | INFO | Recovery attempt 2/5 -> 0 comments
2026-09-15 17:57:24,759 | INFO | Recovery attempt 3/5 -> 0 comments
2026-09-15 17:57:25,779 | INFO | Recovery attempt 4/5 -> 0 comments
2026-09-15 17:57:26,791 | INFO | Recovery attempt 5/5 -> 0 comments
2026-09-15 17:57:27,792 | WARNING | Comment DOM remains unavailable.
2026-09-15 17:57:27,793 | INFO | ======================================
2026-09-15 17:57:27,794 | INFO | COMMENT RESULT: 0/50
2026-09-15 17:57:27,794 | INFO | ======================================
2026-09-15 17:57:27,798 | INFO | Saved JSON: D:\TIỂU LUẬN CHUYÊN NGÀNH\TLCN-Travel\data\raw\tiktok\tiktok_metadata_comments.json
2026-09-15 17:57:27,799 | INFO | Done: 0 comments
2026-09-15 17:57:30,161 | INFO | [2/12] https://www.tiktok.com/@thuexemaydanang43hovy/video/7628220945903144213
2026-09-15 17:57:30,162 | INFO | Open video: https://www.tiktok.com/@thuexemaydanang43hovy/video/7628220945903144213
2026-09-15 17:57:38,837 | INFO | ======================================
2026-09-15 17:57:38,837 | INFO | START COMMENT CRAWLING
2026-09-15 17:57:38,838 | INFO | Target comments: 50
2026-09-15 17:57:38,838 | INFO | ======================================
2026-09-15 17:57:38,838 | INFO | Opening TikTok comment panel...
2026-09-15 17:57:38,851 | INFO | Selector [data-e2e="comment-icon"] -> 1 elements
2026-09-15 17:57:40,066 | INFO | Clicked comment button: [data-e2e="comment-icon"]
2026-09-15 17:57:43,090 | INFO | Initial comment extraction 1/5 -> 0 comments
2026-09-15 17:57:44,119 | INFO | Initial comment extraction 2/5 -> 0 comments
2026-09-15 17:57:45,150 | INFO | Initial comment extraction 3/5 -> 0 comments
2026-09-15 17:57:46,165 | INFO | Initial comment extraction 4/5 -> 0 comments
2026-09-15 17:57:47,191 | INFO | Initial comment extraction 5/5 -> 0 comments
2026-09-15 17:57:58,231 | WARNING | Comment DOM not detected.
2026-09-15 17:57:58,231 | INFO | Initial unique comments: 0/50
2026-09-15 17:57:58,231 | INFO | --------------------------------------
2026-09-15 17:57:58,232 | INFO | Comment round 1/60
2026-09-15 17:57:58,249 | INFO | Current DOM comments: 0
2026-09-15 17:57:58,249 | WARNING | Comment DOM temporarily disappeared.
2026-09-15 17:57:58,249 | INFO | Trying to recover comment DOM...
2026-09-15 17:57:58,264 | INFO | Recovery attempt 1/5 -> 0 comments
2026-09-15 17:57:59,337 | INFO | Recovery attempt 2/5 -> 0 comments
2026-09-15 17:58:00,346 | INFO | Recovery attempt 3/5 -> 0 comments
2026-09-15 17:58:01,353 | INFO | Recovery attempt 4/5 -> 0 comments
2026-09-15 17:58:02,366 | INFO | Recovery attempt 5/5 -> 0 comments
2026-09-15 17:58:03,367 | INFO | New unique comments this round: 0
2026-09-15 17:58:03,367 | INFO | Total unique comments: 0/50
2026-09-15 17:58:03,399 | INFO | JS scroll result: {'mode': 'NO_COMMENT', 'reason': 'No comment elements'}
2026-09-15 17:58:03,400 | INFO | Scroll mode: NO_COMMENT
2026-09-15 17:58:03,400 | WARNING | Comment DOM not available during scroll.
2026-09-15 17:58:03,400 | INFO | Trying to recover comment DOM...
2026-09-15 17:58:03,419 | INFO | Recovery attempt 1/5 -> 0 comments
2026-09-15 17:58:04,432 | INFO | Recovery attempt 2/5 -> 0 comments
2026-09-15 17:58:05,456 | INFO | Recovery attempt 3/5 -> 0 comments
2026-09-15 17:58:06,471 | INFO | Recovery attempt 4/5 -> 0 comments
2026-09-15 17:58:07,480 | INFO | Recovery attempt 5/5 -> 0 comments
2026-09-15 17:58:08,481 | INFO | --------------------------------------
2026-09-15 17:58:08,481 | INFO | Comment round 2/60
2026-09-15 17:58:08,491 | INFO | Current DOM comments: 0
2026-09-15 17:58:08,492 | WARNING | Comment DOM temporarily disappeared.
2026-09-15 17:58:08,492 | INFO | Trying to recover comment DOM...
2026-09-15 17:58:08,513 | INFO | Recovery attempt 1/5 -> 0 comments
2026-09-15 17:58:09,526 | INFO | Recovery attempt 2/5 -> 0 comments
2026-09-15 17:58:10,533 | INFO | Recovery attempt 3/5 -> 0 comments
2026-09-15 17:58:11,553 | INFO | Recovery attempt 4/5 -> 0 comments
2026-09-15 17:58:12,562 | INFO | Recovery attempt 5/5 -> 0 comments
2026-09-15 17:58:13,563 | INFO | New unique comments this round: 0
2026-09-15 17:58:13,563 | INFO | Total unique comments: 0/50
2026-09-15 17:58:13,588 | INFO | JS scroll result: {'mode': 'NO_COMMENT', 'reason': 'No comment elements'}
2026-09-15 17:58:13,588 | INFO | Scroll mode: NO_COMMENT
2026-09-15 17:58:13,588 | WARNING | Comment DOM not available during scroll.
2026-09-15 17:58:13,589 | INFO | Trying to recover comment DOM...
2026-09-15 17:58:13,595 | INFO | Recovery attempt 1/5 -> 0 comments
2026-09-15 17:58:14,615 | INFO | Recovery attempt 2/5 -> 0 comments
2026-09-15 17:58:15,624 | INFO | Recovery attempt 3/5 -> 0 comments
2026-09-15 17:58:16,634 | INFO | Recovery attempt 4/5 -> 0 comments
2026-09-15 17:58:17,645 | INFO | Recovery attempt 5/5 -> 0 comments
2026-09-15 17:58:18,646 | INFO | --------------------------------------
2026-09-15 17:58:18,646 | INFO | Comment round 3/60
2026-09-15 17:58:18,654 | INFO | Current DOM comments: 0
2026-09-15 17:58:18,655 | WARNING | Comment DOM temporarily disappeared.
2026-09-15 17:58:18,655 | INFO | Trying to recover comment DOM...
2026-09-15 17:58:18,674 | INFO | Recovery attempt 1/5 -> 0 comments
2026-09-15 17:58:19,685 | INFO | Recovery attempt 2/5 -> 0 comments
2026-09-15 17:58:20,696 | INFO | Recovery attempt 3/5 -> 0 comments
2026-09-15 17:58:21,713 | INFO | Recovery attempt 4/5 -> 0 comments
2026-09-15 17:58:22,721 | INFO | Recovery attempt 5/5 -> 0 comments
2026-09-15 17:58:23,722 | INFO | New unique comments this round: 0
2026-09-15 17:58:23,722 | INFO | Total unique comments: 0/50
2026-09-15 17:58:23,734 | INFO | JS scroll result: {'mode': 'NO_COMMENT', 'reason': 'No comment elements'}
2026-09-15 17:58:23,734 | INFO | Scroll mode: NO_COMMENT
2026-09-15 17:58:23,735 | WARNING | Comment DOM not available during scroll.
2026-09-15 17:58:23,735 | INFO | Trying to recover comment DOM...
2026-09-15 17:58:23,754 | INFO | Recovery attempt 1/5 -> 0 comments
2026-09-15 17:58:24,764 | INFO | Recovery attempt 2/5 -> 0 comments
2026-09-15 17:58:25,799 | INFO | Recovery attempt 3/5 -> 0 comments
2026-09-15 17:58:26,805 | INFO | Recovery attempt 4/5 -> 0 comments
2026-09-15 17:58:27,825 | INFO | Recovery attempt 5/5 -> 0 comments
2026-09-15 17:58:28,825 | WARNING | Comment DOM remains unavailable.
2026-09-15 17:58:28,826 | INFO | ======================================
2026-09-15 17:58:28,826 | INFO | COMMENT RESULT: 0/50
2026-09-15 17:58:28,826 | INFO | ======================================
2026-09-15 17:58:28,828 | INFO | Saved JSON: D:\TIỂU LUẬN CHUYÊN NGÀNH\TLCN-Travel\data\raw\tiktok\tiktok_metadata_comments.json
2026-09-15 17:58:28,828 | INFO | Done: 0 comments
2026-09-15 17:58:33,125 | INFO | [3/12] https://www.tiktok.com/@nhungbanahill/video/7669031107911863573
2026-09-15 17:58:33,125 | INFO | Open video: https://www.tiktok.com/@nhungbanahill/video/7669031107911863573
2026-09-15 17:58:43,215 | INFO | ======================================
2026-09-15 17:58:43,217 | INFO | START COMMENT CRAWLING
2026-09-15 17:58:43,217 | INFO | Target comments: 50
2026-09-15 17:58:43,218 | INFO | ======================================
2026-09-15 17:58:43,218 | INFO | Opening TikTok comment panel...
2026-09-15 17:58:43,232 | INFO | Selector [data-e2e="comment-icon"] -> 1 elements
2026-09-15 17:58:44,447 | INFO | Clicked comment button: [data-e2e="comment-icon"]
2026-09-15 17:58:47,459 | INFO | Initial comment extraction 1/5 -> 0 comments
2026-09-15 17:58:48,489 | INFO | Initial comment extraction 2/5 -> 0 comments
2026-09-15 17:58:49,510 | INFO | Initial comment extraction 3/5 -> 0 comments
2026-09-15 17:58:50,521 | INFO | Initial comment extraction 4/5 -> 0 comments
2026-09-15 17:58:51,540 | INFO | Initial comment extraction 5/5 -> 0 comments
2026-09-15 17:59:02,542 | WARNING | Comment DOM not detected.
2026-09-15 17:59:02,542 | INFO | Initial unique comments: 0/50
2026-09-15 17:59:02,543 | INFO | --------------------------------------
2026-09-15 17:59:02,543 | INFO | Comment round 1/60
2026-09-15 17:59:02,553 | INFO | Current DOM comments: 0
2026-09-15 17:59:02,554 | WARNING | Comment DOM temporarily disappeared.
2026-09-15 17:59:02,554 | INFO | Trying to recover comment DOM...
2026-09-15 17:59:02,583 | INFO | Recovery attempt 1/5 -> 0 comments
2026-09-15 17:59:03,602 | INFO | Recovery attempt 2/5 -> 0 comments
2026-09-15 17:59:04,635 | INFO | Recovery attempt 3/5 -> 0 comments
2026-09-15 17:59:05,664 | INFO | Recovery attempt 4/5 -> 0 comments
2026-09-15 17:59:06,677 | INFO | Recovery attempt 5/5 -> 0 comments
2026-09-15 17:59:07,678 | INFO | New unique comments this round: 0
2026-09-15 17:59:07,678 | INFO | Total unique comments: 0/50
2026-09-15 17:59:07,703 | INFO | JS scroll result: {'mode': 'NO_COMMENT', 'reason': 'No comment elements'}
2026-09-15 17:59:07,703 | INFO | Scroll mode: NO_COMMENT
2026-09-15 17:59:07,703 | WARNING | Comment DOM not available during scroll.
2026-09-15 17:59:07,704 | INFO | Trying to recover comment DOM...
2026-09-15 17:59:07,712 | INFO | Recovery attempt 1/5 -> 0 comments
2026-09-15 17:59:08,721 | INFO | Recovery attempt 2/5 -> 0 comments
2026-09-15 17:59:09,730 | INFO | Recovery attempt 3/5 -> 0 comments
2026-09-15 17:59:10,742 | INFO | Recovery attempt 4/5 -> 0 comments
2026-09-15 17:59:11,753 | INFO | Recovery attempt 5/5 -> 0 comments
2026-09-15 17:59:12,755 | INFO | --------------------------------------
2026-09-15 17:59:12,756 | INFO | Comment round 2/60
2026-09-15 17:59:12,793 | INFO | Current DOM comments: 0
2026-09-15 17:59:12,794 | WARNING | Comment DOM temporarily disappeared.
2026-09-15 17:59:12,794 | INFO | Trying to recover comment DOM...
2026-09-15 17:59:12,814 | INFO | Recovery attempt 1/5 -> 0 comments
2026-09-15 17:59:13,839 | INFO | Recovery attempt 2/5 -> 0 comments
2026-09-15 17:59:14,869 | INFO | Recovery attempt 3/5 -> 0 comments
2026-09-15 17:59:15,904 | INFO | Recovery attempt 4/5 -> 0 comments
2026-09-15 17:59:16,950 | INFO | Recovery attempt 5/5 -> 0 comments
2026-09-15 17:59:17,951 | INFO | New unique comments this round: 0
2026-09-15 17:59:17,952 | INFO | Total unique comments: 0/50
2026-09-15 17:59:17,977 | INFO | JS scroll result: {'mode': 'NO_COMMENT', 'reason': 'No comment elements'}
2026-09-15 17:59:17,978 | INFO | Scroll mode: NO_COMMENT
2026-09-15 17:59:17,978 | WARNING | Comment DOM not available during scroll.
2026-09-15 17:59:17,978 | INFO | Trying to recover comment DOM...
2026-09-15 17:59:17,992 | INFO | Recovery attempt 1/5 -> 0 comments
2026-09-15 17:59:19,005 | INFO | Recovery attempt 2/5 -> 0 comments
2026-09-15 17:59:20,032 | INFO | Recovery attempt 3/5 -> 0 comments
2026-09-15 17:59:21,046 | INFO | Recovery attempt 4/5 -> 0 comments
2026-09-15 17:59:22,064 | INFO | Recovery attempt 5/5 -> 0 comments
2026-09-15 17:59:23,066 | INFO | --------------------------------------
2026-09-15 17:59:23,066 | INFO | Comment round 3/60
2026-09-15 17:59:23,080 | INFO | Current DOM comments: 0
2026-09-15 17:59:23,080 | WARNING | Comment DOM temporarily disappeared.
2026-09-15 17:59:23,080 | INFO | Trying to recover comment DOM...
2026-09-15 17:59:23,115 | INFO | Recovery attempt 1/5 -> 0 comments
2026-09-15 17:59:24,133 | INFO | Recovery attempt 2/5 -> 0 comments
2026-09-15 17:59:25,149 | INFO | Recovery attempt 3/5 -> 0 comments
2026-09-15 17:59:26,170 | INFO | Recovery attempt 4/5 -> 0 comments
2026-09-15 17:59:27,186 | INFO | Recovery attempt 5/5 -> 0 comments
2026-09-15 17:59:28,186 | INFO | New unique comments this round: 0
2026-09-15 17:59:28,187 | INFO | Total unique comments: 0/50
2026-09-15 17:59:28,224 | INFO | JS scroll result: {'mode': 'NO_COMMENT', 'reason': 'No comment elements'}
2026-09-15 17:59:28,224 | INFO | Scroll mode: NO_COMMENT
2026-09-15 17:59:28,225 | WARNING | Comment DOM not available during scroll.
2026-09-15 17:59:28,225 | INFO | Trying to recover comment DOM...
2026-09-15 17:59:28,264 | INFO | Recovery attempt 1/5 -> 0 comments
2026-09-15 17:59:29,281 | INFO | Recovery attempt 2/5 -> 0 comments
2026-09-15 17:59:30,298 | INFO | Recovery attempt 3/5 -> 0 comments
2026-09-15 17:59:31,311 | INFO | Recovery attempt 4/5 -> 0 comments
2026-09-15 17:59:32,336 | INFO | Recovery attempt 5/5 -> 0 comments
2026-09-15 17:59:33,337 | WARNING | Comment DOM remains unavailable.
2026-09-15 17:59:33,338 | INFO | ======================================
2026-09-15 17:59:33,338 | INFO | COMMENT RESULT: 0/50
2026-09-15 17:59:33,339 | INFO | ======================================
2026-09-15 17:59:33,341 | INFO | Saved JSON: D:\TIỂU LUẬN CHUYÊN NGÀNH\TLCN-Travel\data\raw\tiktok\tiktok_metadata_comments.json
2026-09-15 17:59:33,341 | INFO | Done: 0 comments
2026-09-15 17:59:35,927 | INFO | [4/12] https://www.tiktok.com/@_dicungquynhmai/video/7640794914174831880
2026-09-15 17:59:35,928 | INFO | Open video: https://www.tiktok.com/@_dicungquynhmai/video/7640794914174831880
2026-09-15 17:59:45,015 | INFO | ======================================
2026-09-15 17:59:45,015 | INFO | START COMMENT CRAWLING
2026-09-15 17:59:45,015 | INFO | Target comments: 50
2026-09-15 17:59:45,016 | INFO | ======================================
2026-09-15 17:59:45,016 | INFO | Opening TikTok comment panel...
2026-09-15 17:59:45,031 | INFO | Selector [data-e2e="comment-icon"] -> 1 elements
2026-09-15 17:59:46,237 | INFO | Clicked comment button: [data-e2e="comment-icon"]
2026-09-15 17:59:49,257 | INFO | Initial comment extraction 1/5 -> 0 comments
2026-09-15 17:59:50,273 | INFO | Initial comment extraction 2/5 -> 0 comments
2026-09-15 17:59:51,290 | INFO | Initial comment extraction 3/5 -> 0 comments
2026-09-15 17:59:52,302 | INFO | Initial comment extraction 4/5 -> 0 comments
2026-09-15 17:59:53,319 | INFO | Initial comment extraction 5/5 -> 0 comments
2026-09-15 18:00:04,782 | WARNING | Comment DOM not detected.
2026-09-15 18:00:04,784 | INFO | Initial unique comments: 0/50
2026-09-15 18:00:04,784 | INFO | --------------------------------------
2026-09-15 18:00:04,785 | INFO | Comment round 1/60
2026-09-15 18:00:04,815 | INFO | Current DOM comments: 0
2026-09-15 18:00:04,815 | WARNING | Comment DOM temporarily disappeared.
2026-09-15 18:00:04,815 | INFO | Trying to recover comment DOM...
2026-09-15 18:00:04,853 | INFO | Recovery attempt 1/5 -> 0 comments
2026-09-15 18:00:05,898 | INFO | Recovery attempt 2/5 -> 0 comments
2026-09-15 18:00:06,913 | INFO | Recovery attempt 3/5 -> 0 comments
2026-09-15 18:00:07,927 | INFO | Recovery attempt 4/5 -> 0 comments
2026-09-15 18:00:08,940 | INFO | Recovery attempt 5/5 -> 0 comments
2026-09-15 18:00:09,941 | INFO | New unique comments this round: 0
2026-09-15 18:00:09,941 | INFO | Total unique comments: 0/50
2026-09-15 18:00:09,957 | INFO | JS scroll result: {'mode': 'NO_COMMENT', 'reason': 'No comment elements'}
2026-09-15 18:00:09,958 | INFO | Scroll mode: NO_COMMENT
2026-09-15 18:00:09,958 | WARNING | Comment DOM not available during scroll.
2026-09-15 18:00:09,958 | INFO | Trying to recover comment DOM...
2026-09-15 18:00:09,967 | INFO | Recovery attempt 1/5 -> 0 comments
2026-09-15 18:00:10,982 | INFO | Recovery attempt 2/5 -> 0 comments
2026-09-15 18:00:11,995 | INFO | Recovery attempt 3/5 -> 0 comments
2026-09-15 18:00:13,020 | INFO | Recovery attempt 4/5 -> 0 comments
2026-09-15 18:00:14,036 | INFO | Recovery attempt 5/5 -> 0 comments
2026-09-15 18:00:15,037 | INFO | --------------------------------------
2026-09-15 18:00:15,037 | INFO | Comment round 2/60
2026-09-15 18:00:15,047 | INFO | Current DOM comments: 0
2026-09-15 18:00:15,047 | WARNING | Comment DOM temporarily disappeared.
2026-09-15 18:00:15,047 | INFO | Trying to recover comment DOM...
2026-09-15 18:00:15,079 | INFO | Recovery attempt 1/5 -> 0 comments
2026-09-15 18:00:16,105 | INFO | Recovery attempt 2/5 -> 0 comments
2026-09-15 18:00:17,127 | INFO | Recovery attempt 3/5 -> 0 comments
2026-09-15 18:00:18,178 | INFO | Recovery attempt 4/5 -> 0 comments
2026-09-15 18:00:19,198 | INFO | Recovery attempt 5/5 -> 0 comments
2026-09-15 18:00:20,200 | INFO | New unique comments this round: 0
2026-09-15 18:00:20,201 | INFO | Total unique comments: 0/50
2026-09-15 18:00:20,233 | INFO | JS scroll result: {'mode': 'NO_COMMENT', 'reason': 'No comment elements'}
2026-09-15 18:00:20,233 | INFO | Scroll mode: NO_COMMENT
2026-09-15 18:00:20,234 | WARNING | Comment DOM not available during scroll.
2026-09-15 18:00:20,234 | INFO | Trying to recover comment DOM...
2026-09-15 18:00:20,244 | INFO | Recovery attempt 1/5 -> 0 comments
2026-09-15 18:00:21,264 | INFO | Recovery attempt 2/5 -> 0 comments
2026-09-15 18:00:22,288 | INFO | Recovery attempt 3/5 -> 0 comments
2026-09-15 18:00:23,322 | INFO | Recovery attempt 4/5 -> 0 comments
2026-09-15 18:00:24,347 | INFO | Recovery attempt 5/5 -> 0 comments
2026-09-15 18:00:25,348 | INFO | --------------------------------------
2026-09-15 18:00:25,350 | INFO | Comment round 3/60
2026-09-15 18:00:25,376 | INFO | Current DOM comments: 0
2026-09-15 18:00:25,377 | WARNING | Comment DOM temporarily disappeared.
2026-09-15 18:00:25,377 | INFO | Trying to recover comment DOM...
2026-09-15 18:00:25,405 | INFO | Recovery attempt 1/5 -> 0 comments
2026-09-15 18:00:26,421 | INFO | Recovery attempt 2/5 -> 0 comments
2026-09-15 18:00:27,454 | INFO | Recovery attempt 3/5 -> 0 comments
2026-09-15 18:00:28,509 | INFO | Recovery attempt 4/5 -> 0 comments
2026-09-15 18:00:29,545 | INFO | Recovery attempt 5/5 -> 0 comments
2026-09-15 18:00:30,546 | INFO | New unique comments this round: 0
2026-09-15 18:00:30,547 | INFO | Total unique comments: 0/50
2026-09-15 18:00:30,593 | INFO | JS scroll result: {'mode': 'NO_COMMENT', 'reason': 'No comment elements'}
2026-09-15 18:00:30,594 | INFO | Scroll mode: NO_COMMENT
2026-09-15 18:00:30,594 | WARNING | Comment DOM not available during scroll.
2026-09-15 18:00:30,594 | INFO | Trying to recover comment DOM...
2026-09-15 18:00:30,603 | INFO | Recovery attempt 1/5 -> 0 comments
2026-09-15 18:00:31,650 | INFO | Recovery attempt 2/5 -> 0 comments
2026-09-15 18:00:32,678 | INFO | Recovery attempt 3/5 -> 0 comments
2026-09-15 18:00:33,712 | INFO | Recovery attempt 4/5 -> 0 comments
2026-09-15 18:00:34,743 | INFO | Recovery attempt 5/5 -> 0 comments
2026-09-15 18:00:35,744 | WARNING | Comment DOM remains unavailable.
2026-09-15 18:00:35,744 | INFO | ======================================
2026-09-15 18:00:35,744 | INFO | COMMENT RESULT: 0/50
2026-09-15 18:00:35,744 | INFO | ======================================
2026-09-15 18:00:35,746 | INFO | Saved JSON: D:\TIỂU LUẬN CHUYÊN NGÀNH\TLCN-Travel\data\raw\tiktok\tiktok_metadata_comments.json
2026-09-15 18:00:35,746 | INFO | Done: 0 comments
2026-09-15 18:00:39,613 | INFO | [5/12] https://www.tiktok.com/@hoangyen.shinetravel/video/7630455816352501012
2026-09-15 18:00:39,613 | INFO | Open video: https://www.tiktok.com/@hoangyen.shinetravel/video/7630455816352501012
2026-09-15 18:00:46,701 | INFO | ======================================
2026-09-15 18:00:46,703 | INFO | START COMMENT CRAWLING
2026-09-15 18:00:46,703 | INFO | Target comments: 50
2026-09-15 18:00:46,703 | INFO | ======================================
2026-09-15 18:00:46,704 | INFO | Opening TikTok comment panel...
2026-09-15 18:00:46,730 | INFO | Selector [data-e2e="comment-icon"] -> 1 elements
2026-09-15 18:00:47,990 | INFO | Clicked comment button: [data-e2e="comment-icon"]
2026-09-15 18:00:51,020 | INFO | Initial comment extraction 1/5 -> 0 comments
2026-09-15 18:00:52,041 | INFO | Initial comment extraction 2/5 -> 0 comments
2026-09-15 18:00:53,054 | INFO | Initial comment extraction 3/5 -> 0 comments
2026-09-15 18:00:54,068 | INFO | Initial comment extraction 4/5 -> 0 comments
2026-09-15 18:00:55,120 | INFO | Initial comment extraction 5/5 -> 0 comments
2026-09-15 18:01:00,387 | WARNING | Retrying (Retry(total=2, connect=None, read=None, redirect=None, status=None)) after connection broken by 'ConnectionResetError(10054, 'An existing connection was forcibly closed by the remote host', None, 10054, None)': /session/1c99d07d4bdc56cffc2862617893887e
2026-09-15 18:01:04,474 | WARNING | Retrying (Retry(total=1, connect=None, read=None, redirect=None, status=None)) after connection broken by 'NewConnectionError("HTTPConnection(host='localhost', port=8974): Failed to establish a new connection: [WinError 10061] No connection could be made because the target machine actively refused it")': /session/1c99d07d4bdc56cffc2862617893887e
2026-09-15 18:01:08,522 | WARNING | Retrying (Retry(total=0, connect=None, read=None, redirect=None, status=None)) after connection broken by 'NewConnectionError("HTTPConnection(host='localhost', port=8974): Failed to establish a new connection: [WinError 10061] No connection could be made because the target machine actively refused it")': /session/1c99d07d4bdc56cffc2862617893887e
2026-09-15 18:01:15,219 | INFO | ======================================
2026-09-15 18:01:15,220 | INFO | TikTok metadata + comments crawler
2026-09-15 18:01:15,220 | INFO | ======================================
2026-09-15 18:01:17,767 | INFO | Searching: du lịch Đà Nẵng
2026-09-15 18:01:25,793 | INFO | Search round 1 | videos: 12
2026-09-15 18:01:29,185 | INFO | Search round 2 | videos: 12
2026-09-15 18:01:33,756 | INFO | Keyword 'du lịch Đà Nẵng': 12 videos
2026-09-15 18:01:33,757 | INFO | [1/12] https://www.tiktok.com/@review.danang24/video/7649247032120577298
2026-09-15 18:01:33,757 | INFO | Open video: https://www.tiktok.com/@review.danang24/video/7649247032120577298
2026-09-15 18:01:42,800 | INFO | ======================================
2026-09-15 18:01:42,801 | INFO | START COMMENT CRAWLING
2026-09-15 18:01:42,801 | INFO | Target comments: 50
2026-09-15 18:01:42,801 | INFO | ======================================
2026-09-15 18:01:42,801 | INFO | Opening TikTok comment panel...
2026-09-15 18:01:42,823 | INFO | Selector [data-e2e="comment-icon"] -> 1 elements
2026-09-15 18:01:43,625 | INFO | Clicked comment button: [data-e2e="comment-icon"]
2026-09-15 18:01:45,682 | INFO | Comment DOM loaded: [data-e2e="comment-level-1"] | 20 elements
2026-09-15 18:01:45,683 | INFO | --------------------------------------
2026-09-15 18:01:45,684 | INFO | Comment round 1/35
2026-09-15 18:01:45,707 | INFO | DOM comments: 0
2026-09-15 18:01:45,708 | INFO | New unique comments this round: 0
2026-09-15 18:01:45,708 | INFO | Total unique comments: 0/50
2026-09-15 18:01:45,708 | WARNING | No new comments. Stuck: 1/3
2026-09-15 18:01:45,752 | INFO | JS scroll result: {'mode': 'NO_COMMENT', 'reason': 'No comment elements'}
2026-09-15 18:01:45,752 | INFO | Scroll mode: NO_COMMENT
2026-09-15 18:01:45,753 | WARNING | Cannot scroll: no comment DOM.
2026-09-15 18:01:45,753 | INFO | ======================================
2026-09-15 18:01:45,753 | INFO | COMMENT RESULT: 0/50
2026-09-15 18:01:45,753 | INFO | ======================================
2026-09-15 18:01:45,755 | INFO | Saved JSON: D:\TIỂU LUẬN CHUYÊN NGÀNH\TLCN-Travel\data\raw\tiktok\tiktok_metadata_comments.json
2026-09-15 18:01:45,756 | INFO | Done: 0 comments
2026-09-15 18:01:50,620 | INFO | [2/12] https://www.tiktok.com/@thuexemaydanang43hovy/video/7608939490995981589
2026-09-15 18:01:50,621 | INFO | Open video: https://www.tiktok.com/@thuexemaydanang43hovy/video/7608939490995981589
2026-09-15 18:02:01,600 | INFO | ======================================
2026-09-15 18:02:01,601 | INFO | START COMMENT CRAWLING
2026-09-15 18:02:01,601 | INFO | Target comments: 50
2026-09-15 18:02:01,602 | INFO | ======================================
2026-09-15 18:02:01,602 | INFO | Opening TikTok comment panel...
2026-09-15 18:02:01,637 | INFO | Selector [data-e2e="comment-icon"] -> 1 elements
2026-09-15 18:02:02,438 | INFO | Clicked comment button: [data-e2e="comment-icon"]
2026-09-15 18:02:04,467 | INFO | Comment DOM loaded: [data-e2e="comment-level-1"] | 19 elements
2026-09-15 18:02:04,468 | INFO | --------------------------------------
2026-09-15 18:02:04,468 | INFO | Comment round 1/35
2026-09-15 18:02:04,487 | INFO | DOM comments: 0
2026-09-15 18:02:04,488 | INFO | New unique comments this round: 0
2026-09-15 18:02:04,488 | INFO | Total unique comments: 0/50
2026-09-15 18:02:04,489 | WARNING | No new comments. Stuck: 1/3
2026-09-15 18:02:04,525 | INFO | JS scroll result: {'mode': 'NO_COMMENT', 'reason': 'No comment elements'}
2026-09-15 18:02:04,527 | INFO | Scroll mode: NO_COMMENT
2026-09-15 18:02:04,528 | WARNING | Cannot scroll: no comment DOM.
2026-09-15 18:02:04,528 | INFO | ======================================
2026-09-15 18:02:04,529 | INFO | COMMENT RESULT: 0/50
2026-09-15 18:02:04,529 | INFO | ======================================
2026-09-15 18:02:04,530 | INFO | Saved JSON: D:\TIỂU LUẬN CHUYÊN NGÀNH\TLCN-Travel\data\raw\tiktok\tiktok_metadata_comments.json
2026-09-15 18:02:04,530 | INFO | Done: 0 comments
2026-09-15 18:02:08,461 | INFO | [3/12] https://www.tiktok.com/@yeudanang24/video/7646767981044780295
2026-09-15 18:02:08,462 | INFO | Open video: https://www.tiktok.com/@yeudanang24/video/7646767981044780295
2026-09-15 18:02:16,691 | INFO | ======================================
2026-09-15 18:02:16,692 | INFO | START COMMENT CRAWLING
2026-09-15 18:02:16,692 | INFO | Target comments: 50
2026-09-15 18:02:16,692 | INFO | ======================================
2026-09-15 18:02:16,693 | INFO | Opening TikTok comment panel...
2026-09-15 18:02:16,709 | INFO | Selector [data-e2e="comment-icon"] -> 1 elements
2026-09-15 18:02:17,639 | INFO | Clicked comment button: [data-e2e="comment-icon"]
2026-09-15 18:02:19,719 | INFO | Comment DOM loaded: [data-e2e="comment-level-1"] | 20 elements
2026-09-15 18:02:19,719 | INFO | --------------------------------------
2026-09-15 18:02:19,720 | INFO | Comment round 1/35
2026-09-15 18:02:19,753 | INFO | DOM comments: 0
2026-09-15 18:02:19,756 | INFO | New unique comments this round: 0
2026-09-15 18:02:19,758 | INFO | Total unique comments: 0/50
2026-09-15 18:02:19,759 | WARNING | No new comments. Stuck: 1/3
2026-09-15 18:02:19,786 | INFO | JS scroll result: {'mode': 'NO_COMMENT', 'reason': 'No comment elements'}
2026-09-15 18:02:19,787 | INFO | Scroll mode: NO_COMMENT
2026-09-15 18:02:19,789 | WARNING | Cannot scroll: no comment DOM.
2026-09-15 18:02:19,790 | INFO | ======================================
2026-09-15 18:02:19,790 | INFO | COMMENT RESULT: 0/50
2026-09-15 18:02:19,791 | INFO | ======================================
2026-09-15 18:02:19,794 | INFO | Saved JSON: D:\TIỂU LUẬN CHUYÊN NGÀNH\TLCN-Travel\data\raw\tiktok\tiktok_metadata_comments.json
2026-09-15 18:02:19,794 | INFO | Done: 0 comments
2026-09-15 18:02:24,381 | INFO | [4/12] https://www.tiktok.com/@thuongodanang/video/7604092040615431442
2026-09-15 18:02:24,381 | INFO | Open video: https://www.tiktok.com/@thuongodanang/video/7604092040615431442
2026-09-15 18:02:33,842 | INFO | ======================================
2026-09-15 18:02:33,844 | INFO | START COMMENT CRAWLING
2026-09-15 18:02:33,844 | INFO | Target comments: 50
2026-09-15 18:02:33,845 | INFO | ======================================
2026-09-15 18:02:33,845 | INFO | Opening TikTok comment panel...
2026-09-15 18:02:33,858 | INFO | Selector [data-e2e="comment-icon"] -> 1 elements
2026-09-15 18:02:34,626 | INFO | Clicked comment button: [data-e2e="comment-icon"]
2026-09-15 18:02:36,684 | INFO | Comment DOM loaded: [data-e2e="comment-level-1"] | 20 elements
2026-09-15 18:02:36,684 | INFO | --------------------------------------
2026-09-15 18:02:36,684 | INFO | Comment round 1/35
2026-09-15 18:02:36,712 | INFO | DOM comments: 0
2026-09-15 18:02:36,718 | INFO | New unique comments this round: 0
2026-09-15 18:02:36,719 | INFO | Total unique comments: 0/50
2026-09-15 18:02:36,723 | WARNING | No new comments. Stuck: 1/3
2026-09-15 18:02:36,869 | INFO | JS scroll result: {'mode': 'NO_COMMENT', 'reason': 'No comment elements'}
2026-09-15 18:02:36,873 | INFO | Scroll mode: NO_COMMENT
2026-09-15 18:02:36,875 | WARNING | Cannot scroll: no comment DOM.
2026-09-15 18:02:36,876 | INFO | ======================================
2026-09-15 18:02:36,877 | INFO | COMMENT RESULT: 0/50
2026-09-15 18:02:36,877 | INFO | ======================================
2026-09-15 18:02:36,884 | INFO | Saved JSON: D:\TIỂU LUẬN CHUYÊN NGÀNH\TLCN-Travel\data\raw\tiktok\tiktok_metadata_comments.json
2026-09-15 18:02:36,884 | INFO | Done: 0 comments
2026-09-15 18:02:41,235 | INFO | [5/12] https://www.tiktok.com/@hoangyen.shinetravel/video/7630455816352501012
2026-09-15 18:02:41,236 | INFO | Open video: https://www.tiktok.com/@hoangyen.shinetravel/video/7630455816352501012
2026-09-15 18:02:51,354 | INFO | ======================================
2026-09-15 18:02:51,355 | INFO | START COMMENT CRAWLING
2026-09-15 18:02:51,355 | INFO | Target comments: 50
2026-09-15 18:02:51,355 | INFO | ======================================
2026-09-15 18:02:51,355 | INFO | Opening TikTok comment panel...
2026-09-15 18:02:51,375 | INFO | Selector [data-e2e="comment-icon"] -> 1 elements
2026-09-15 18:02:52,279 | INFO | Clicked comment button: [data-e2e="comment-icon"]
2026-09-15 18:02:54,355 | INFO | Comment DOM loaded: [data-e2e="comment-level-1"] | 19 elements
2026-09-15 18:02:54,359 | INFO | --------------------------------------
2026-09-15 18:02:54,360 | INFO | Comment round 1/35
2026-09-15 18:02:54,392 | INFO | DOM comments: 0
2026-09-15 18:02:54,392 | INFO | New unique comments this round: 0
2026-09-15 18:02:54,392 | INFO | Total unique comments: 0/50
2026-09-15 18:02:54,393 | WARNING | No new comments. Stuck: 1/3
2026-09-15 18:02:54,454 | INFO | JS scroll result: {'mode': 'NO_COMMENT', 'reason': 'No comment elements'}
2026-09-15 18:02:54,455 | INFO | Scroll mode: NO_COMMENT
2026-09-15 18:02:54,455 | WARNING | Cannot scroll: no comment DOM.
2026-09-15 18:02:54,456 | INFO | ======================================
2026-09-15 18:02:54,458 | INFO | COMMENT RESULT: 0/50
2026-09-15 18:02:54,458 | INFO | ======================================
2026-09-15 18:02:54,460 | INFO | Saved JSON: D:\TIỂU LUẬN CHUYÊN NGÀNH\TLCN-Travel\data\raw\tiktok\tiktok_metadata_comments.json
2026-09-15 18:02:54,460 | INFO | Done: 0 comments
2026-09-15 18:02:57,595 | INFO | [6/12] https://www.tiktok.com/@nhungbanahill/video/7669031107911863573
2026-09-15 18:02:57,596 | INFO | Open video: https://www.tiktok.com/@nhungbanahill/video/7669031107911863573
2026-09-15 18:03:07,172 | WARNING | Retrying (Retry(total=2, connect=None, read=None, redirect=None, status=None)) after connection broken by 'NewConnectionError("HTTPConnection(host='localhost', port=36193): Failed to establish a new connection: [WinError 10061] No connection could be made because the target machine actively refused it")': /session/cb3084c19a987b6ff30c9a65aa6b38da
2026-09-15 18:03:11,214 | WARNING | Retrying (Retry(total=1, connect=None, read=None, redirect=None, status=None)) after connection broken by 'NewConnectionError("HTTPConnection(host='localhost', port=36193): Failed to establish a new connection: [WinError 10061] No connection could be made because the target machine actively refused it")': /session/cb3084c19a987b6ff30c9a65aa6b38da
2026-09-15 18:03:15,270 | WARNING | Retrying (Retry(total=0, connect=None, read=None, redirect=None, status=None)) after connection broken by 'NewConnectionError("HTTPConnection(host='localhost', port=36193): Failed to establish a new connection: [WinError 10061] No connection could be made because the target machine actively refused it")': /session/cb3084c19a987b6ff30c9a65aa6b38da
2026-09-15 18:04:33,524 | INFO | ======================================
2026-09-15 18:04:33,524 | INFO | TikTok metadata + comments crawler
2026-09-15 18:04:33,525 | INFO | ======================================
2026-09-15 18:04:37,073 | INFO | Searching: du lịch Đà Nẵng
2026-09-15 18:04:48,809 | INFO | Search round 1 | videos: 12
2026-09-15 18:04:53,280 | INFO | Search round 2 | videos: 12
2026-09-15 18:04:56,824 | INFO | Keyword 'du lịch Đà Nẵng': 12 videos
2026-09-15 18:04:56,824 | INFO | [1/12] https://www.tiktok.com/@nhungbanahill/video/7669031107911863573
2026-09-15 18:04:56,825 | INFO | Open video: https://www.tiktok.com/@nhungbanahill/video/7669031107911863573
2026-09-15 18:05:13,584 | INFO | ======================================
2026-09-15 18:05:13,586 | INFO | START COMMENT CRAWLING
2026-09-15 18:05:13,586 | INFO | ======================================
2026-09-15 18:05:13,587 | INFO | Opening TikTok comment panel...
2026-09-15 18:05:13,626 | INFO | Selector [data-e2e="comment-icon"] -> 1 elements
2026-09-15 18:05:15,055 | INFO | Clicked comment button: [data-e2e="comment-icon"]
2026-09-15 18:05:18,115 | INFO | Comment DOM loaded: [data-e2e="comment-level-1"] | 20 elements
2026-09-15 18:05:18,146 | INFO | Round 1 | DOM comments: 20
2026-09-15 18:05:18,347 | INFO | Comment 1/50: cho mình xin giá 2 ngươig
2026-09-15 18:05:18,446 | INFO | Comment 2/50: Tour này giá bn/ng ạ
2026-09-15 18:05:18,554 | INFO | Comment 3/50: Ibi chị nhé
2026-09-15 18:05:18,685 | INFO | Comment 4/50: Cho mh xin vé 2ng
2026-09-15 18:05:18,822 | INFO | Comment 5/50: E xin giá tour 1 ng lớn 1 trẻ em ạ
2026-09-15 18:05:18,933 | INFO | Comment 6/50: Em ơi, 29/8 đi rừng dừa buổi chiều xong vào hội an có oki em
2026-09-15 18:05:19,023 | INFO | Comment 7/50: xin giá tua ạ
2026-09-15 18:05:19,133 | INFO | Comment 8/50: xin thông tin tour
2026-09-15 18:05:19,265 | INFO | Comment 9/50: Bn 1 ng vậy c
2026-09-15 18:05:19,389 | INFO | Comment 10/50: Xin giá 2 ng ngày 29
2026-09-15 18:05:19,464 | INFO | Comment 11/50: xin giá tour
2026-09-15 18:05:19,558 | INFO | Comment 12/50: Xin giá
2026-09-15 18:05:19,648 | INFO | Comment 13/50: Đi từ ĐN cho giá
2026-09-15 18:05:19,718 | INFO | Comment 14/50: bn vậy bn
2026-09-15 18:05:19,784 | INFO | Comment 15/50: .. tư vấn em ah
2026-09-15 18:05:19,876 | INFO | Comment 16/50: Tour này nhiều 1 người
2026-09-15 18:05:19,953 | INFO | Comment 17/50: Tư vấn e với ạ
2026-09-15 18:05:20,020 | INFO | Comment 18/50: Tv ạ
2026-09-15 18:05:20,080 | INFO | Comment 19/50: Ib
2026-09-15 18:05:20,150 | INFO | Comment 20/50: Cho mình xin giá ạ
2026-09-15 18:05:20,151 | INFO | DOM growth: 0 -> 20
2026-09-15 18:05:20,163 | INFO | Scroll mode: NO_COMMENT
2026-09-15 18:05:23,991 | INFO | Round 2 | DOM comments: 20
2026-09-15 18:05:27,139 | INFO | DOM growth: 20 -> 20
2026-09-15 18:05:27,156 | INFO | Scroll mode: NO_COMMENT
2026-09-15 18:05:30,638 | INFO | Round 3 | DOM comments: 20
2026-09-15 18:05:32,877 | INFO | DOM growth: 20 -> 20
2026-09-15 18:05:32,895 | INFO | Scroll mode: NO_COMMENT
2026-09-15 18:05:36,815 | INFO | Round 4 | DOM comments: 20
2026-09-15 18:05:38,200 | INFO | DOM growth: 20 -> 20
2026-09-15 18:05:38,278 | INFO | Scroll mode: NO_COMMENT
2026-09-15 18:05:42,021 | INFO | Round 5 | DOM comments: 20
2026-09-15 18:05:43,669 | INFO | DOM growth: 20 -> 20
2026-09-15 18:05:43,675 | INFO | Scroll mode: NO_COMMENT
2026-09-15 18:05:46,304 | INFO | Round 6 | DOM comments: 20
2026-09-15 18:05:49,598 | INFO | DOM growth: 20 -> 20
2026-09-15 18:05:49,605 | INFO | Scroll mode: NO_COMMENT
2026-09-15 18:05:53,367 | INFO | Round 7 | DOM comments: 20
2026-09-15 18:05:55,586 | INFO | DOM growth: 20 -> 20
2026-09-15 18:05:55,604 | INFO | Scroll mode: NO_COMMENT
2026-09-15 18:05:58,704 | INFO | Round 8 | DOM comments: 20
2026-09-15 18:06:01,735 | INFO | DOM growth: 20 -> 20
2026-09-15 18:06:01,744 | INFO | Scroll mode: NO_COMMENT
2026-09-15 18:06:05,146 | INFO | Round 9 | DOM comments: 20
2026-09-15 18:06:06,543 | INFO | DOM growth: 20 -> 20
2026-09-15 18:06:06,576 | INFO | Scroll mode: NO_COMMENT
2026-09-15 18:06:09,300 | INFO | Round 10 | DOM comments: 20
2026-09-15 18:06:10,753 | INFO | DOM growth: 20 -> 20
2026-09-15 18:06:10,765 | INFO | Scroll mode: NO_COMMENT
2026-09-15 18:06:14,032 | INFO | Round 11 | DOM comments: 20
2026-09-15 18:06:15,111 | INFO | No new comments after 10 rounds.
2026-09-15 18:06:15,111 | INFO | ======================================
2026-09-15 18:06:15,111 | INFO | COMMENT RESULT: 20/50
2026-09-15 18:06:15,112 | INFO | ======================================
2026-09-15 18:06:15,113 | INFO | Saved JSON: D:\TIỂU LUẬN CHUYÊN NGÀNH\TLCN-Travel\data\raw\tiktok\tiktok_metadata_comments.json
2026-09-15 18:06:15,113 | INFO | Done: 20 comments
2026-09-15 18:06:18,514 | INFO | [2/12] https://www.tiktok.com/@bychimai/video/7681307608233348370
2026-09-15 18:06:18,514 | INFO | Open video: https://www.tiktok.com/@bychimai/video/7681307608233348370
2026-09-15 18:06:41,728 | INFO | ======================================
2026-09-15 18:06:41,729 | INFO | START COMMENT CRAWLING
2026-09-15 18:06:41,730 | INFO | ======================================
2026-09-15 18:06:41,731 | INFO | Opening TikTok comment panel...
2026-09-15 18:06:41,746 | INFO | Selector [data-e2e="comment-icon"] -> 1 elements
2026-09-15 18:06:43,008 | INFO | Clicked comment button: [data-e2e="comment-icon"]
2026-09-15 18:06:46,040 | INFO | Comment DOM loaded: [data-e2e="comment-level-1"] | 20 elements
2026-09-15 18:06:46,074 | INFO | Round 1 | DOM comments: 20
2026-09-15 18:06:46,267 | INFO | Comment 1/50: Còn thiếu : Mì quảng ếch Bếp T… :))))
2026-09-15 18:06:46,349 | INFO | Comment 2/50: Đừu, bà ni đúng ý tui bà😂
2026-09-15 18:06:46,443 | INFO | Comment 3/50: 6 mỳ quảng bếp trang :)))
2026-09-15 18:06:46,511 | INFO | Comment 4/50: Bất kỳ ai tới Đà Nẵng vui lòng né gấp Mọi nướng Núi Thành
2026-09-15 18:06:46,575 | INFO | Comment 5/50: Chè Liên nói xuất sắc thì không. Nhưng mình thấy nó lại không dở :)), ăn cũng okie, phục vụ nhanh.
2026-09-15 18:06:46,641 | INFO | Comment 6/50: Ừ chuẩn top 5 rồi đó bạn 🤣 t dân ĐN cũng ko đi mấy chỗ đó
2026-09-15 18:06:46,710 | INFO | Comment 7/50: Đúng rồi 😁
2026-09-15 18:06:46,776 | INFO | Comment 8/50: Top 5 đúng vô tri mà còn tốn tiền ko hề rẻ
2026-09-15 18:06:46,848 | INFO | Comment 9/50: Người ĐN mách cho nè :)) nếu muốn mua quần áo giá rẻ thì hãy đi chợ đêm Lê Duẩn nhma phải lựa thiệt 
2026-09-15 18:06:46,928 | INFO | Comment 10/50: Bạn nói đúng !!! Chợ đêm ST ngày xưa thì quá đáng đi !!! Giờ đưa vào hộ KD rồi nên toàn bán giá trên
2026-09-15 18:06:47,006 | INFO | Comment 11/50: Sợ nhất chợ đêm Sơn Trà 😅
2026-09-15 18:06:47,077 | INFO | Comment 12/50: sự thật dân Đà Nẵng ko ai ăn Thịt heo Trần.😅😅😅 thời đi học từng làm thêm ở Trần. oẹ thôi rồi 😂😂😂
2026-09-15 18:06:47,147 | INFO | Comment 13/50: chè liên chính hãng mà fomo😁chắc ăn trúng hàng giả😁
2026-09-15 18:06:47,223 | INFO | Comment 14/50: Chè Liên thì nếu đi đúng chỗ rất ngon nha😁 ng Đà Nẵng ăn quài nè
2026-09-15 18:06:47,373 | INFO | Comment 15/50: Mọi người ơi nếu ăn mỳ quảng hay bánh tráng thịt heo thì mình nên ăn quán nào ở ĐN?
2026-09-15 18:06:47,463 | INFO | Comment 16/50: trừ chè liên ra thì mình đồng ý 4 thứ còn lại
2026-09-15 18:06:47,545 | INFO | Comment 17/50: mình thấy Chè Liên ăn Oki mà
2026-09-15 18:06:47,643 | INFO | Comment 18/50: em người ĐN xác nhận là ngoài chè liên ra thì mấy cái trong video là ko nên đi thiệt :))
2026-09-15 18:06:47,739 | INFO | Comment 19/50: đúng hết nhe ,tui ng Đà Nẵng làm chứng nhe
2026-09-15 18:06:47,838 | INFO | Comment 20/50: Ui chè Liên ngon mà nhỉiii, em ng Bắc nè lần nào em cũng mua về làm quà cho mng lun ý. Mà chè Liên c
2026-09-15 18:06:47,838 | INFO | DOM growth: 0 -> 20
2026-09-15 18:06:47,847 | INFO | Scroll mode: NO_COMMENT
2026-09-15 18:06:51,693 | INFO | Round 2 | DOM comments: 20
2026-09-15 18:06:52,970 | INFO | DOM growth: 20 -> 20
2026-09-15 18:06:52,979 | INFO | Scroll mode: NO_COMMENT
2026-09-15 18:06:56,272 | INFO | Round 3 | DOM comments: 20
2026-09-15 18:06:58,483 | INFO | DOM growth: 20 -> 20
2026-09-15 18:06:58,510 | INFO | Scroll mode: NO_COMMENT
2026-09-15 18:07:02,110 | INFO | Round 4 | DOM comments: 20
2026-09-15 18:07:04,531 | INFO | DOM growth: 20 -> 20
2026-09-15 18:07:04,565 | INFO | Scroll mode: NO_COMMENT
2026-09-15 18:07:08,588 | INFO | Round 5 | DOM comments: 20
2026-09-15 18:07:09,737 | INFO | DOM growth: 20 -> 20
2026-09-15 18:07:09,752 | INFO | Scroll mode: NO_COMMENT
2026-09-15 18:07:13,790 | INFO | Round 6 | DOM comments: 20
2026-09-15 18:07:15,914 | INFO | DOM growth: 20 -> 20
2026-09-15 18:07:15,927 | INFO | Scroll mode: NO_COMMENT
2026-09-15 18:07:19,884 | INFO | Round 7 | DOM comments: 20
2026-09-15 18:07:20,865 | INFO | DOM growth: 20 -> 20
2026-09-15 18:07:20,873 | INFO | Scroll mode: NO_COMMENT
2026-09-15 18:07:23,801 | INFO | Round 8 | DOM comments: 20
2026-09-15 18:07:26,422 | INFO | DOM growth: 20 -> 20
2026-09-15 18:07:26,429 | INFO | Scroll mode: NO_COMMENT
2026-09-15 18:07:30,003 | INFO | Round 9 | DOM comments: 20
2026-09-15 18:07:31,630 | INFO | DOM growth: 20 -> 20
2026-09-15 18:07:31,651 | INFO | Scroll mode: NO_COMMENT
2026-09-15 18:07:34,694 | INFO | Round 10 | DOM comments: 20
2026-09-15 18:07:36,348 | INFO | DOM growth: 20 -> 20
2026-09-15 18:07:36,373 | INFO | Scroll mode: NO_COMMENT
2026-09-15 18:07:39,690 | INFO | Round 11 | DOM comments: 20
2026-09-15 18:07:41,854 | INFO | No new comments after 10 rounds.
2026-09-15 18:07:41,855 | INFO | ======================================
2026-09-15 18:07:41,855 | INFO | COMMENT RESULT: 20/50
2026-09-15 18:07:41,855 | INFO | ======================================
2026-09-15 18:07:41,857 | INFO | Saved JSON: D:\TIỂU LUẬN CHUYÊN NGÀNH\TLCN-Travel\data\raw\tiktok\tiktok_metadata_comments.json
2026-09-15 18:07:41,858 | INFO | Done: 20 comments
2026-09-15 18:07:44,842 | INFO | [3/12] https://www.tiktok.com/@alo.nng.nghe3/video/7652592505845730578
2026-09-15 18:07:44,843 | INFO | Open video: https://www.tiktok.com/@alo.nng.nghe3/video/7652592505845730578
2026-09-15 18:08:14,588 | INFO | ======================================
2026-09-15 18:08:14,589 | INFO | START COMMENT CRAWLING
2026-09-15 18:08:14,589 | INFO | ======================================
2026-09-15 18:08:14,589 | INFO | Opening TikTok comment panel...
2026-09-15 18:08:14,621 | INFO | Selector [data-e2e="comment-icon"] -> 1 elements
2026-09-15 18:08:16,700 | INFO | Clicked comment button: [data-e2e="comment-icon"]
2026-09-15 18:08:19,742 | INFO | Comment DOM loaded: [data-e2e="comment-level-1"] | 19 elements
2026-09-15 18:08:19,781 | INFO | Round 1 | DOM comments: 19
2026-09-15 18:08:19,947 | INFO | Comment 1/50: Bà Nà, núi Thần Tài,Vinpearl nam hội an mình đi cả rồi
2026-09-15 18:08:20,069 | INFO | Comment 2/50: sao đợt 30/04 mình đi mà chủ homestay bán vé Bana hill tận 1.3 triệu nhỉ
2026-09-15 18:08:20,231 | INFO | Comment 3/50: Buổi tối đi chơi những đâu đc ạ
2026-09-15 18:08:20,404 | INFO | Comment 4/50: Cho mình hỏi 1 thúng 2 người đi rừng dừa 7 mẫu giá bao nhiêu bạn ơi
2026-09-15 18:08:20,501 | INFO | Comment 5/50: ms cái mình đi toàn gấp đôi là sao nhỉ. mình gà oy
2026-09-15 18:08:20,570 | INFO | Comment 6/50: Tư vấn mình Cù Lao Chàm
2026-09-15 18:08:20,662 | INFO | Comment 7/50: mình muốn tư vấn vé đi bà nà hill
2026-09-15 18:08:20,832 | INFO | Comment 8/50: Đi cù lao chàm có sợ ko vì hay giông và gió lắm
2026-09-15 18:08:20,949 | INFO | Comment 9/50: Mình vừa ở bana hil hôm qua cũng 1,3 triệu vé
2026-09-15 18:08:21,061 | INFO | Comment 10/50: giá này là dành cho ng địa phương.ngoại tỉnh gúa khác.
2026-09-15 18:08:21,136 | INFO | Comment 11/50: tư vấn mình nơi nào để dẫn bé trai lớp hai đi chơi k ạ
2026-09-15 18:08:21,217 | INFO | Comment 12/50: Tua cá heo bn
2026-09-15 18:08:21,299 | INFO | Comment 13/50: ĐN mùa nào thời tiết đẹp vậy ah?
2026-09-15 18:08:21,398 | INFO | Comment 14/50: giá đó là dịch vụ gì vậy add
2026-09-15 18:08:21,502 | INFO | Comment 15/50: hết xiền zồi🤣🤣🤣
2026-09-15 18:08:21,624 | INFO | Comment 16/50: Cho địa chỉ
2026-09-15 18:08:21,736 | INFO | Comment 17/50: đắt đỏ quá
2026-09-15 18:08:21,794 | INFO | Comment 18/50: 🥰🥰🥰
2026-09-15 18:08:21,881 | INFO | Comment 19/50: 😳😳😳
2026-09-15 18:08:21,882 | INFO | DOM growth: 0 -> 19
2026-09-15 18:08:21,890 | INFO | Scroll mode: NO_COMMENT
2026-09-15 18:08:26,188 | INFO | Round 2 | DOM comments: 19
2026-09-15 18:08:30,508 | INFO | DOM growth: 19 -> 19
2026-09-15 18:08:30,606 | INFO | Scroll mode: NO_COMMENT
2026-09-15 18:08:34,255 | INFO | Round 3 | DOM comments: 19
2026-09-15 18:08:39,508 | INFO | DOM growth: 19 -> 19
2026-09-15 18:08:39,546 | INFO | Scroll mode: NO_COMMENT
2026-09-15 18:08:43,371 | INFO | Round 4 | DOM comments: 19
2026-09-15 18:08:47,230 | INFO | DOM growth: 19 -> 19
2026-09-15 18:08:47,268 | INFO | Scroll mode: NO_COMMENT
2026-09-15 18:08:51,549 | INFO | Round 5 | DOM comments: 19
2026-09-15 18:08:58,707 | INFO | DOM growth: 19 -> 19
2026-09-15 18:08:58,718 | INFO | Scroll mode: NO_COMMENT
2026-09-15 18:09:01,739 | INFO | Round 6 | DOM comments: 19
2026-09-15 18:09:04,340 | INFO | DOM growth: 19 -> 19
2026-09-15 18:09:04,352 | INFO | Scroll mode: NO_COMMENT
2026-09-15 18:09:07,394 | INFO | Round 7 | DOM comments: 19
2026-09-15 18:09:09,445 | INFO | DOM growth: 19 -> 19
2026-09-15 18:09:09,460 | INFO | Scroll mode: NO_COMMENT
2026-09-15 18:09:12,529 | INFO | Round 8 | DOM comments: 19
2026-09-15 18:09:14,560 | INFO | DOM growth: 19 -> 19
2026-09-15 18:09:14,594 | INFO | Scroll mode: NO_COMMENT
2026-09-15 18:09:17,432 | INFO | Round 9 | DOM comments: 19
2026-09-15 18:09:19,191 | INFO | DOM growth: 19 -> 19
2026-09-15 18:09:19,210 | INFO | Scroll mode: NO_COMMENT
2026-09-15 18:09:22,870 | INFO | Round 10 | DOM comments: 19
2026-09-15 18:09:27,380 | INFO | DOM growth: 19 -> 19
2026-09-15 18:09:27,468 | INFO | Scroll mode: NO_COMMENT
2026-09-15 18:09:31,398 | INFO | Round 11 | DOM comments: 19
2026-09-15 18:09:34,177 | INFO | No new comments after 10 rounds.
2026-09-15 18:09:34,179 | INFO | ======================================
2026-09-15 18:09:34,180 | INFO | COMMENT RESULT: 19/50
2026-09-15 18:09:34,181 | INFO | ======================================
2026-09-15 18:09:34,187 | INFO | Saved JSON: D:\TIỂU LUẬN CHUYÊN NGÀNH\TLCN-Travel\data\raw\tiktok\tiktok_metadata_comments.json
2026-09-15 18:09:34,187 | INFO | Done: 19 comments
2026-09-15 18:09:38,950 | INFO | [4/12] https://www.tiktok.com/@danangne24/video/7672639199597661447
2026-09-15 18:09:38,951 | INFO | Open video: https://www.tiktok.com/@danangne24/video/7672639199597661447
2026-09-15 18:10:19,957 | INFO | ======================================
2026-09-15 18:10:19,959 | INFO | START COMMENT CRAWLING
2026-09-15 18:10:19,960 | INFO | ======================================
2026-09-15 18:10:19,960 | INFO | Opening TikTok comment panel...
2026-09-15 18:10:20,038 | INFO | Selector [data-e2e="comment-icon"] -> 1 elements
2026-09-15 18:10:21,508 | INFO | Clicked comment button: [data-e2e="comment-icon"]
2026-09-15 18:10:24,542 | INFO | Comment DOM loaded: [data-e2e="comment-level-1"] | 19 elements
2026-09-15 18:10:24,605 | INFO | Round 1 | DOM comments: 19
2026-09-15 18:10:24,867 | INFO | Comment 1/50: Chợ Cồn đông, chật chội, bí bách, bẩn đã trải nghiệm.
2026-09-15 18:10:24,959 | INFO | Comment 2/50: Chợ cồn vẫn là chân ái , đồ ngonnn , mình góp ý các bạn nên thamm quan đi Xee nhà mìnhh nè hihi
2026-09-15 18:10:25,232 | INFO | Comment 3/50: chợ đêm đà nẵng máy xay thịt chứ đừng nói máy chém
2026-09-15 18:10:25,370 | INFO | Comment 4/50: T sống ở đn đây, lâu lâu ghé chợ cồn mà thấy bán đồ ăn đắt dêc sợ luôn. Bữa ăn bánh bèo bánh ít trún
2026-09-15 18:10:25,473 | INFO | Comment 5/50: mình sắp đi Đà Nẵng, cả nhà cho mình hỏi muốn mua khô mực, khô cá, và các món ăn đặc sản về làm quà,
2026-09-15 18:10:25,598 | INFO | Comment 6/50: Ê vô chợ cồn ăn dĩa ốc hút thập cẩm 100K 😏😏😏
2026-09-15 18:10:25,736 | INFO | Comment 7/50: Aiii đi rồi xin cái rì ziuuu
2026-09-15 18:10:25,910 | INFO | Comment 8/50: Chợ đêm sơn trà khuyên mọi người ko đi . Đồ ăn dởn tệ hải sản thì ôi ko tươi mà giá thì cao , dù bt 
2026-09-15 18:10:26,011 | INFO | Comment 9/50: Muốn ăn gì thì kiếm quán mà ăn chứ ko nên vào chợ đâu 😌
2026-09-15 18:10:26,136 | INFO | Comment 10/50: Ẩm thực chợ cồn bao dở 😂
2026-09-15 18:10:26,224 | INFO | Comment 11/50: Túm lại nói đúng chớ không sai
2026-09-15 18:10:26,289 | INFO | Comment 12/50: Chợ mai sơn trà ngon
2026-09-15 18:10:26,367 | INFO | Comment 13/50: Đúng r cãi chi nữa
2026-09-15 18:10:26,463 | INFO | Comment 14/50: Mỗi T thấy sợ ngồi quán quá lâu vì sợ chửi
2026-09-15 18:10:26,530 | INFO | Comment 15/50: T nói rồi . Ở đâu cũng vậy toàn dân ở đó vào chê là đó khu du lịch đắt với dỡ . Còn lại thì chê đó r
2026-09-15 18:10:26,607 | INFO | Comment 16/50: 🤣🤣🤣🤣Di ĐN nhưng k đi chợ nào hết 😅😅😅
2026-09-15 18:10:26,682 | INFO | Comment 17/50: Chợ cồn mắc thiệt e gần chợ cồn mà không dám qua ăn luôn đắc điên
2026-09-15 18:10:26,766 | INFO | Comment 18/50: Chợ bắc mỹ an rẻ mà ngon,nchung t thấy du lịch qua đn ăn giá v là rẻ r,ng dân bth họ ăn giá 20,25k q
2026-09-15 18:10:26,846 | INFO | Comment 19/50: E ở ĐN ăn toàn chợ chiều:))
2026-09-15 18:10:26,847 | INFO | DOM growth: 0 -> 19
2026-09-15 18:10:26,874 | INFO | Scroll mode: NO_COMMENT
2026-09-15 18:10:30,549 | INFO | Round 2 | DOM comments: 19
2026-09-15 18:10:32,575 | INFO | DOM growth: 19 -> 19
2026-09-15 18:10:32,668 | INFO | Scroll mode: NO_COMMENT
2026-09-15 18:10:35,647 | INFO | Round 3 | DOM comments: 19
2026-09-15 18:10:37,159 | INFO | DOM growth: 19 -> 19
2026-09-15 18:10:37,166 | INFO | Scroll mode: NO_COMMENT
2026-09-15 18:10:39,991 | INFO | Round 4 | DOM comments: 19
2026-09-15 18:10:41,435 | INFO | DOM growth: 19 -> 19
2026-09-15 18:10:41,449 | INFO | Scroll mode: NO_COMMENT
2026-09-15 18:10:45,457 | INFO | Round 5 | DOM comments: 19
2026-09-15 18:10:46,784 | INFO | DOM growth: 19 -> 19
2026-09-15 18:10:46,799 | INFO | Scroll mode: NO_COMMENT
2026-09-15 18:10:50,778 | INFO | Round 6 | DOM comments: 19
2026-09-15 18:10:52,166 | INFO | DOM growth: 19 -> 19
2026-09-15 18:10:52,174 | INFO | Scroll mode: NO_COMMENT
2026-09-15 18:10:55,750 | INFO | Round 7 | DOM comments: 19
2026-09-15 18:10:57,059 | INFO | DOM growth: 19 -> 19
2026-09-15 18:10:57,069 | INFO | Scroll mode: NO_COMMENT
2026-09-15 18:11:00,176 | INFO | Round 8 | DOM comments: 19
2026-09-15 18:11:01,260 | INFO | DOM growth: 19 -> 19
2026-09-15 18:11:01,273 | INFO | Scroll mode: NO_COMMENT
2026-09-15 18:11:03,909 | INFO | Round 9 | DOM comments: 19
2026-09-15 18:11:05,424 | INFO | DOM growth: 19 -> 19
2026-09-15 18:11:05,434 | INFO | Scroll mode: NO_COMMENT
2026-09-15 18:11:08,774 | INFO | Round 10 | DOM comments: 19
2026-09-15 18:11:09,808 | INFO | DOM growth: 19 -> 19
2026-09-15 18:11:09,825 | INFO | Scroll mode: NO_COMMENT
2026-09-15 18:11:12,840 | INFO | Round 11 | DOM comments: 19
2026-09-15 18:11:13,857 | INFO | No new comments after 10 rounds.
2026-09-15 18:11:13,857 | INFO | ======================================
2026-09-15 18:11:13,858 | INFO | COMMENT RESULT: 19/50
2026-09-15 18:11:13,858 | INFO | ======================================
2026-09-15 18:11:13,859 | INFO | Saved JSON: D:\TIỂU LUẬN CHUYÊN NGÀNH\TLCN-Travel\data\raw\tiktok\tiktok_metadata_comments.json
2026-09-15 18:11:13,859 | INFO | Done: 19 comments
2026-09-15 18:11:18,607 | INFO | [5/12] https://www.tiktok.com/@hoangyen.shinetravel/video/7630455816352501012
2026-09-15 18:11:18,608 | INFO | Open video: https://www.tiktok.com/@hoangyen.shinetravel/video/7630455816352501012
2026-09-15 18:11:35,442 | INFO | ======================================
2026-09-15 18:11:35,443 | INFO | START COMMENT CRAWLING
2026-09-15 18:11:35,444 | INFO | ======================================
2026-09-15 18:11:35,444 | INFO | Opening TikTok comment panel...
2026-09-15 18:11:35,460 | INFO | Selector [data-e2e="comment-icon"] -> 1 elements
2026-09-15 18:11:36,867 | INFO | Clicked comment button: [data-e2e="comment-icon"]
2026-09-15 18:11:39,932 | INFO | Comment DOM loaded: [data-e2e="comment-level-1"] | 18 elements
2026-09-15 18:11:39,983 | INFO | Round 1 | DOM comments: 18
2026-09-15 18:11:40,534 | INFO | Comment 1/50: muốn đi chơi mac hk biết đặt khách sạn khu nào cho tiện ạ. cứu bed
2026-09-15 18:11:40,839 | INFO | Comment 2/50: b ơi có combo t9 k ạ?
2026-09-15 18:11:41,628 | INFO | Comment 3/50: Có vé t8 k b
2026-09-15 18:11:41,782 | INFO | Comment 4/50: đặt vé rừng dừa ở đâu vậy cậu
2026-09-15 18:11:41,881 | INFO | Comment 5/50: Đặt vé rừng dừa với vé lên bà nà hil ở đâu vậy ạ
2026-09-15 18:11:42,003 | INFO | Comment 6/50: Đ𝐀̀ 𝐍𝐀̆̃𝐍𝐆 – 𝐇𝐎̣̂𝐈 𝐀𝐍 – Bà Nà - Huế • Xe 4 chỗ —— 2.19k ( Bao Xe ) • xe 7 chỗ ——- 2.69k ( Bao xe ) •
2026-09-15 18:11:42,094 | INFO | Comment 7/50: Đặt vé rừng dừa ở đâu thế ạ
2026-09-15 18:11:42,208 | INFO | Comment 8/50: Chị có tour Huế - Đà Nắng không ạ, em xin tư vấn với ạ
2026-09-15 18:11:42,283 | INFO | Comment 9/50: Bên mình còn phòng ở hội an k ạ
2026-09-15 18:11:42,375 | INFO | Comment 10/50: Vé dừng rừa trẻ con đi được ko ạ
2026-09-15 18:11:42,441 | INFO | Comment 11/50: Vé bà nà hill ngày 5,6/5 bao nhiêu b
2026-09-15 18:11:42,519 | INFO | Comment 12/50: Tư vấn giúp mình nhé
2026-09-15 18:11:42,693 | INFO | Comment 13/50: Ib tư vấn với ạ
2026-09-15 18:11:42,775 | INFO | Comment 14/50: Tư vấn giúp mình combo 3 ngày 2 đêm cho 2 người lớn và bé 1 tuổi
2026-09-15 18:11:42,941 | INFO | Comment 15/50: Bên m có vé mb ngày 15/8 -18/8 k b
2026-09-15 18:11:43,008 | INFO | Comment 16/50: b thuê khách sạn ở đâu vậy, chơi phố cổ hội An đêm xog lại về khách sạn ở Đà Nẵng ạ
2026-09-15 18:11:43,148 | INFO | Comment 17/50: Tư vấn minh 4n 3 đ đà nẵng v nha
2026-09-15 18:11:43,275 | INFO | Comment 18/50: Có vé tuáng 7 ko bạn
2026-09-15 18:11:43,276 | INFO | DOM growth: 0 -> 18
2026-09-15 18:11:43,297 | INFO | Scroll mode: NO_COMMENT
2026-09-15 18:11:45,694 | WARNING | Retrying (Retry(total=2, connect=None, read=None, redirect=None, status=None)) after connection broken by 'ConnectionResetError(10054, 'An existing connection was forcibly closed by the remote host', None, 10054, None)': /session/d2bfe91f025534bc86a0cbd33173091d
2026-09-15 18:11:49,751 | WARNING | Retrying (Retry(total=1, connect=None, read=None, redirect=None, status=None)) after connection broken by 'NewConnectionError("HTTPConnection(host='localhost', port=1274): Failed to establish a new connection: [WinError 10061] No connection could be made because the target machine actively refused it")': /session/d2bfe91f025534bc86a0cbd33173091d
2026-09-15 18:11:53,793 | WARNING | Retrying (Retry(total=0, connect=None, read=None, redirect=None, status=None)) after connection broken by 'NewConnectionError("HTTPConnection(host='localhost', port=1274): Failed to establish a new connection: [WinError 10061] No connection could be made because the target machine actively refused it")': /session/d2bfe91f025534bc86a0cbd33173091d
2026-09-15 18:12:01,786 | INFO | ======================================
2026-09-15 18:12:01,787 | INFO | TikTok metadata + comments crawler
2026-09-15 18:12:01,787 | INFO | ======================================
2026-09-15 18:12:06,756 | INFO | Searching: du lịch Đà Nẵng
2026-09-15 18:12:25,064 | INFO | Search round 1 | videos: 12
2026-09-15 18:12:29,501 | INFO | Search round 2 | videos: 12
2026-09-15 18:12:32,763 | INFO | Keyword 'du lịch Đà Nẵng': 12 videos
2026-09-15 18:12:32,764 | INFO | [1/12] https://www.tiktok.com/@hoangyen.shinetravel/video/7630455816352501012
2026-09-15 18:12:32,765 | INFO | Open video: https://www.tiktok.com/@hoangyen.shinetravel/video/7630455816352501012
2026-09-15 18:12:47,442 | INFO | ======================================
2026-09-15 18:12:47,455 | INFO | START COMMENT CRAWLING
2026-09-15 18:12:47,456 | INFO | ======================================
2026-09-15 18:12:47,457 | INFO | Opening TikTok comment panel...
2026-09-15 18:12:47,743 | INFO | Selector [data-e2e="comment-icon"] -> 1 elements
2026-09-15 18:12:49,705 | INFO | Clicked comment button: [data-e2e="comment-icon"]
2026-09-15 18:12:52,966 | INFO | Comment DOM loaded: [data-e2e="comment-level-1"] | 19 elements
2026-09-15 18:12:54,107 | INFO | Clicked 'View more' button
2026-09-15 18:12:57,765 | INFO | Round 1 | DOM comments: 38
2026-09-15 18:12:58,100 | INFO | Comment 1/50: muốn đi chơi mac hk biết đặt khách sạn khu nào cho tiện ạ. cứu bed
2026-09-15 18:12:58,408 | INFO | Comment 2/50: b ơi có combo t9 k ạ?
2026-09-15 18:12:58,765 | INFO | Comment 3/50: đặt vé rừng dừa ở đâu vậy cậu
2026-09-15 18:12:59,000 | INFO | Comment 4/50: Đặt vé rừng dừa với vé lên bà nà hil ở đâu vậy ạ
2026-09-15 18:12:59,248 | INFO | Comment 5/50: Có vé t8 k b
2026-09-15 18:12:59,547 | INFO | Comment 6/50: Bên mình còn phòng ở hội an k ạ
2026-09-15 18:12:59,792 | INFO | Comment 7/50: Vé dừng rừa trẻ con đi được ko ạ
2026-09-15 18:13:00,029 | INFO | Comment 8/50: Chị có tour Huế - Đà Nắng không ạ, em xin tư vấn với ạ
2026-09-15 18:13:01,040 | INFO | Comment 9/50: Đ𝐀̀ 𝐍𝐀̆̃𝐍𝐆 – 𝐇𝐎̣̂𝐈 𝐀𝐍 – Bà Nà - Huế • Xe 4 chỗ —— 2.19k ( Bao Xe ) • xe 7 chỗ ——- 2.69k ( Bao xe ) •
2026-09-15 18:13:01,307 | INFO | Comment 10/50: chị có combo tháng5 k ai
2026-09-15 18:13:01,490 | INFO | Comment 11/50: Đặt vé rừng dừa ở đâu thế ạ
2026-09-15 18:13:01,690 | INFO | Comment 12/50: Ib tư vấn với ạ
2026-09-15 18:13:01,844 | INFO | Comment 13/50: Tư vấn giúp mình nhé
2026-09-15 18:13:01,997 | INFO | Comment 14/50: Shop đi khoẻ thế 😀
2026-09-15 18:13:02,224 | INFO | Comment 15/50: Chị cho em tham khảo combo tháng 6 với ạ
2026-09-15 18:13:02,431 | INFO | Comment 16/50: Bên m có vé mb ngày 15/8 -18/8 k b
2026-09-15 18:13:02,714 | INFO | Comment 17/50: Tư vấn giúp mình combo 3 ngày 2 đêm cho 2 người lớn và bé 1 tuổi
2026-09-15 18:13:02,948 | INFO | Comment 18/50: Tư vấn minh 4n 3 đ đà nẵng v nha
2026-09-15 18:13:03,174 | INFO | Comment 19/50: Vé bà nà hill ngày 5,6/5 bao nhiêu b
2026-09-15 18:13:03,358 | INFO | Comment 20/50: Ruby mạnh mẽ 👊🏼 muốn đi chơi mac hk biết đặt khách sạn khu nào cho tiện ạ. cứu bed 8-18 Trả lời 1
2026-09-15 18:13:03,581 | INFO | Comment 21/50: mee._.miii b ơi có combo t9 k ạ? 8-11 Trả lời 1
2026-09-15 18:13:03,783 | INFO | Comment 22/50: Góc Nhìn Của Hướng đặt vé rừng dừa ở đâu vậy cậu 4-21 Trả lời 2
2026-09-15 18:13:03,969 | INFO | Comment 23/50: Thuỳ Duyên Đặt vé rừng dừa với vé lên bà nà hil ở đâu vậy ạ 8-17 Trả lời 1
2026-09-15 18:13:04,129 | INFO | Comment 24/50: Hà Vân Có vé t8 k b 7-3 Trả lời 2
2026-09-15 18:13:04,341 | INFO | Comment 25/50: Cô giáo bản thích review 🍀 Bên mình còn phòng ở hội an k ạ 4-28 Trả lời 1
2026-09-15 18:13:04,556 | INFO | Comment 26/50: Hoàng Yến 3107 Vé dừng rừa trẻ con đi được ko ạ 8-13 Trả lời 1
2026-09-15 18:13:04,869 | INFO | Comment 27/50: Veeraashop44 Chị có tour Huế - Đà Nắng không ạ, em xin tư vấn với ạ 8-19 Trả lời 1
2026-09-15 18:13:05,126 | INFO | Comment 28/50: 『𝐊𝐡𝐚𝐳𝐡』🐿️ Đ𝐀̀ 𝐍𝐀̆̃𝐍𝐆 – 𝐇𝐎̣̂𝐈 𝐀𝐍 – Bà Nà - Huế • Xe 4 chỗ —— 2.19k ( Bao Xe ) • xe 7 chỗ ——- 2.69k ( 
2026-09-15 18:13:05,366 | INFO | Comment 29/50: Kitty chị có combo tháng5 k ai 4-21 Trả lời 1
2026-09-15 18:13:05,653 | INFO | Comment 30/50: Thuy Duong Đặt vé rừng dừa ở đâu thế ạ 7-3 Trả lời 1
2026-09-15 18:13:05,894 | INFO | Comment 31/50: Huỳnh Đức🌦️🌪️ Ib tư vấn với ạ 3 ngày trước Trả lời 1
2026-09-15 18:13:06,124 | INFO | Comment 32/50: hongmen2099 Tư vấn giúp mình nhé 8-24 Trả lời 1
2026-09-15 18:13:06,350 | INFO | Comment 33/50: babytho Shop đi khoẻ thế 😀 7-21 Trả lời 1
2026-09-15 18:13:06,791 | INFO | Comment 34/50: 123hntn Chị cho em tham khảo combo tháng 6 với ạ 4-26 Trả lời 1
2026-09-15 18:13:07,134 | INFO | Comment 35/50: Hong Hae In Bên m có vé mb ngày 15/8 -18/8 k b 8-2 Trả lời 1
2026-09-15 18:13:07,387 | INFO | Comment 36/50: Mẹ em Khoai 🍠 🐉 (Thu Hiên) Tư vấn giúp mình combo 3 ngày 2 đêm cho 2 người lớn và bé 1 tuổi 8-2 Trả 
2026-09-15 18:13:07,579 | INFO | Comment 37/50: Trâm Đoàn Tư vấn minh 4n 3 đ đà nẵng v nha 7-26 Trả lời 1
2026-09-15 18:13:07,801 | INFO | Comment 38/50: ❤️ Vé bà nà hill ngày 5,6/5 bao nhiêu b 4-28 Trả lời 1
2026-09-15 18:13:07,803 | INFO | DOM growth: 0 → 38
2026-09-15 18:13:07,849 | INFO | Scroll mode: COMMENT_CONTAINER
2026-09-15 18:13:13,064 | INFO | Clicked 'View more' button
2026-09-15 18:13:21,635 | INFO | Round 2 | DOM comments: 76
2026-09-15 18:13:27,816 | INFO | Comment 39/50: nếu k đi bà nà hill thì có lịch trình gì thay vào k mn nhỉ
2026-09-15 18:13:28,114 | INFO | Comment 40/50: b thuê khách sạn ở đâu vậy, chơi phố cổ hội An đêm xog lại về khách sạn ở Đà Nẵng ạ
2026-09-15 18:13:28,375 | INFO | Comment 41/50: tư vấn mình 3n2đ với b
2026-09-15 18:13:28,727 | INFO | Comment 42/50: ib mình
2026-09-15 18:13:29,015 | INFO | Comment 43/50: Tv
2026-09-15 18:13:29,249 | INFO | Comment 44/50: Có vé tuáng 7 ko bạn
2026-09-15 18:13:29,585 | INFO | Comment 45/50: Nên đặt ks nào để đi rừng dừa 7 mẫu ah?
2026-09-15 18:13:30,043 | INFO | Comment 46/50: Ib giá từ 4 hoặc 5/5 ạ
2026-09-15 18:13:30,362 | INFO | Comment 47/50: B có vé Vin Nam hội an k ạ
2026-09-15 18:13:30,583 | INFO | Comment 48/50: Tư vấn e với ạ🥰
2026-09-15 18:13:30,796 | INFO | Comment 49/50: cho em xin thông tin khách sạn tháng 5 ạ
2026-09-15 18:13:31,358 | INFO | Comment 50/50: Tư vấn giúp mình 3n2d 2ng lớn,1 bé 2tuổi
2026-09-15 18:13:31,358 | INFO | Reached maximum 50 comments.
2026-09-15 18:13:31,359 | INFO | ======================================
2026-09-15 18:13:31,359 | INFO | COMMENT RESULT: 50/50
2026-09-15 18:13:31,359 | INFO | ======================================
2026-09-15 18:13:31,388 | INFO | Saved JSON: D:\TIỂU LUẬN CHUYÊN NGÀNH\TLCN-Travel\data\raw\tiktok\tiktok_metadata_comments.json
2026-09-15 18:13:31,389 | INFO | Done: 50 comments
2026-09-15 18:13:34,142 | INFO | [2/12] https://www.tiktok.com/@danangne24/video/7672639199597661447
2026-09-15 18:13:34,145 | INFO | Open video: https://www.tiktok.com/@danangne24/video/7672639199597661447
2026-09-15 18:13:52,257 | INFO | ======================================
2026-09-15 18:13:52,258 | INFO | START COMMENT CRAWLING
2026-09-15 18:13:52,258 | INFO | ======================================
2026-09-15 18:13:52,258 | INFO | Opening TikTok comment panel...
2026-09-15 18:13:52,373 | INFO | Selector [data-e2e="comment-icon"] -> 1 elements
2026-09-15 18:13:55,026 | INFO | Clicked comment button: [data-e2e="comment-icon"]
2026-09-15 18:13:58,444 | INFO | Comment DOM loaded: [data-e2e="comment-level-1"] | 19 elements
2026-09-15 18:14:00,045 | INFO | Clicked 'View more' button
2026-09-15 18:14:06,088 | INFO | Round 1 | DOM comments: 38
2026-09-15 18:14:06,410 | INFO | Comment 1/50: Chợ Cồn đông, chật chội, bí bách, bẩn đã trải nghiệm.
2026-09-15 18:14:06,878 | INFO | Comment 2/50: chợ đêm đà nẵng máy xay thịt chứ đừng nói máy chém
2026-09-15 18:14:07,039 | INFO | Comment 3/50: Ê vô chợ cồn ăn dĩa ốc hút thập cẩm 100K 😏😏😏
2026-09-15 18:14:07,556 | INFO | Comment 4/50: mình sắp đi Đà Nẵng, cả nhà cho mình hỏi muốn mua khô mực, khô cá, và các món ăn đặc sản về làm quà,
2026-09-15 18:14:08,127 | INFO | Comment 5/50: Chợ cồn vẫn là chân ái , đồ ngonnn , mình góp ý các bạn nên thamm quan đi Xee nhà mìnhh nè hihi
2026-09-15 18:14:08,990 | INFO | Comment 6/50: T sống ở đn đây, lâu lâu ghé chợ cồn mà thấy bán đồ ăn đắt dêc sợ luôn. Bữa ăn bánh bèo bánh ít trún
2026-09-15 18:14:09,655 | INFO | Comment 7/50: Aiii đi rồi xin cái rì ziuuu
2026-09-15 18:14:10,033 | INFO | Comment 8/50: Chợ mai sơn trà ngon
2026-09-15 18:14:10,434 | INFO | Comment 9/50: Ẩm thực chợ cồn bao dở 😂
2026-09-15 18:14:10,874 | INFO | Comment 10/50: Muốn ăn gì thì kiếm quán mà ăn chứ ko nên vào chợ đâu 😌
2026-09-15 18:14:11,145 | INFO | Comment 11/50: Chợ đêm sơn trà khuyên mọi người ko đi . Đồ ăn dởn tệ hải sản thì ôi ko tươi mà giá thì cao , dù bt 
2026-09-15 18:14:11,534 | INFO | Comment 12/50: Mỗi T thấy sợ ngồi quán quá lâu vì sợ chửi
2026-09-15 18:14:11,784 | INFO | Comment 13/50: T nói rồi . Ở đâu cũng vậy toàn dân ở đó vào chê là đó khu du lịch đắt với dỡ . Còn lại thì chê đó r
2026-09-15 18:14:12,056 | INFO | Comment 14/50: Túm lại nói đúng chớ không sai
2026-09-15 18:14:12,234 | INFO | Comment 15/50: Đúng r cãi chi nữa
2026-09-15 18:14:12,426 | INFO | Comment 16/50: 🤣🤣🤣🤣Di ĐN nhưng k đi chợ nào hết 😅😅😅
2026-09-15 18:14:12,659 | INFO | Comment 17/50: Chợ cồn mắc thiệt e gần chợ cồn mà không dám qua ăn luôn đắc điên
2026-09-15 18:14:12,975 | INFO | Comment 18/50: Đúng mà
2026-09-15 18:14:13,227 | INFO | Comment 19/50: chợ Hoà Khánh mãi keo 😁
2026-09-15 18:14:13,532 | INFO | Comment 20/50: Thuỷ Chợ Cồn đông, chật chội, bí bách, bẩn đã trải nghiệm. 8-12 Trả lời 120
2026-09-15 18:14:13,842 | INFO | Comment 21/50: Zumin chợ đêm đà nẵng máy xay thịt chứ đừng nói máy chém 8-12 Trả lời 18
2026-09-15 18:14:14,280 | INFO | Comment 22/50: Thanh Tuyền ❤️❤️❤️ Ê vô chợ cồn ăn dĩa ốc hút thập cẩm 100K 😏😏😏 8-18 Trả lời 0
2026-09-15 18:14:14,656 | INFO | Comment 23/50: Misu mình sắp đi Đà Nẵng, cả nhà cho mình hỏi muốn mua khô mực, khô cá, và các món ăn đặc sản về làm
2026-09-15 18:14:14,937 | INFO | Comment 24/50: 『𝐊𝐡𝐚𝐳𝐡』🐿️ Chợ cồn vẫn là chân ái , đồ ngonnn , mình góp ý các bạn nên thamm quan đi Xee nhà mìnhh nè
2026-09-15 18:14:15,261 | INFO | Comment 25/50: Mỹ Ngân Qn T sống ở đn đây, lâu lâu ghé chợ cồn mà thấy bán đồ ăn đắt dêc sợ luôn. Bữa ăn bánh bèo b
2026-09-15 18:14:15,574 | INFO | Comment 26/50: Đà Nẵng Nè · Nhà sáng tạo Aiii đi rồi xin cái rì ziuuu 8-11 Trả lời 2
2026-09-15 18:14:15,852 | INFO | Comment 27/50: Nguyễn Hậu Chợ mai sơn trà ngon 8-18 Trả lời 0
2026-09-15 18:14:16,163 | INFO | Comment 28/50: Phương Hoàng Ẩm thực chợ cồn bao dở 😂 8-16 Trả lời 1
2026-09-15 18:14:16,447 | INFO | Comment 29/50: Bánh mì Muốn ăn gì thì kiếm quán mà ăn chứ ko nên vào chợ đâu 😌 8-12 Trả lời 0
2026-09-15 18:14:16,746 | INFO | Comment 30/50: Thu Thủy 🐳 Chợ đêm sơn trà khuyên mọi người ko đi . Đồ ăn dởn tệ hải sản thì ôi ko tươi mà giá thì c
2026-09-15 18:14:17,042 | INFO | Comment 31/50: 🐝ongg Mỗi T thấy sợ ngồi quán quá lâu vì sợ chửi 8-19 Trả lời 0
2026-09-15 18:14:17,409 | INFO | Comment 32/50: chuxeomtinhnghich💍 T nói rồi . Ở đâu cũng vậy toàn dân ở đó vào chê là đó khu du lịch đắt với dỡ . C
2026-09-15 18:14:17,693 | INFO | Comment 33/50: vietkey0 Túm lại nói đúng chớ không sai 8-11 Trả lời 36
2026-09-15 18:14:18,004 | INFO | Comment 34/50: L@n🐍 Đúng r cãi chi nữa 8-11 Trả lời 6
2026-09-15 18:14:18,367 | INFO | Comment 35/50: Leha 🇻🇳🇹🇼 🤣🤣🤣🤣Di ĐN nhưng k đi chợ nào hết 😅😅😅 6 ngày trước Trả lời 0
2026-09-15 18:14:18,586 | INFO | Comment 36/50: Hằng nga Chợ cồn mắc thiệt e gần chợ cồn mà không dám qua ăn luôn đắc điên 8-14 Trả lời 1
2026-09-15 18:14:18,855 | INFO | Comment 37/50: HNguyen❤️❤️❤️ Đúng mà 8-28 Trả lời 0
2026-09-15 18:14:19,155 | INFO | Comment 38/50: 🇻🇳 Chinh mét rưỡi 🤫 chợ Hoà Khánh mãi keo 😁 8-21 Trả lời 0
2026-09-15 18:14:19,156 | INFO | DOM growth: 0 → 38
2026-09-15 18:14:19,243 | INFO | Scroll mode: COMMENT_CONTAINER
2026-09-15 18:14:24,371 | INFO | Clicked 'View more' button
2026-09-15 18:14:31,484 | INFO | Round 2 | DOM comments: 78
2026-09-15 18:14:39,829 | INFO | Comment 39/50: Chợ bắc mỹ an rẻ mà ngon,nchung t thấy du lịch qua đn ăn giá v là rẻ r,ng dân bth họ ăn giá 20,25k q
2026-09-15 18:14:41,060 | INFO | Comment 40/50: Mới đi chợ cồn xong nóng như lò than giá cũng bằng bên ngoài chả có rẻ j mà nóng v ăn nuốt ko nổi
2026-09-15 18:14:42,300 | INFO | Comment 41/50: Cho Bắc Mỹ an rẻ và ngon nha 👍👍
2026-09-15 18:14:43,294 | INFO | Comment 42/50: E ở ĐN ăn toàn chợ chiều:))
2026-09-15 18:14:44,338 | INFO | Comment 43/50: xưa chỗ này bán bánh ngon lắm
2026-09-15 18:14:45,231 | INFO | Comment 44/50: Chợ cồn hôi, đắt
2026-09-15 18:14:46,347 | INFO | Comment 45/50: Dở mà cũng ko ngon.
2026-09-15 18:14:47,575 | INFO | Comment 46/50: đi mà ko giám ân món chi luôn
2026-09-15 18:14:48,561 | INFO | Comment 47/50: Chợ Bắc Mỹ an mà mua thực phẩm thì rất đắt
2026-09-15 18:14:49,741 | INFO | Comment 48/50: Để ý chỗ nào đà nẵng vào comment cuzng toàn dân vô chê dở hết 😂 riết nhiều người tính sao ấy
2026-09-15 18:14:50,473 | INFO | Comment 49/50: ngon
2026-09-15 18:14:51,544 | INFO | Comment 50/50: @Thuý Bất Động Sản: Chợ gần cầu rồng là chợ gì vậy mấy ní
2026-09-15 18:14:51,545 | INFO | Reached maximum 50 comments.
2026-09-15 18:14:51,545 | INFO | ======================================
2026-09-15 18:14:51,545 | INFO | COMMENT RESULT: 50/50
2026-09-15 18:14:51,545 | INFO | ======================================
2026-09-15 18:14:51,556 | INFO | Saved JSON: D:\TIỂU LUẬN CHUYÊN NGÀNH\TLCN-Travel\data\raw\tiktok\tiktok_metadata_comments.json
2026-09-15 18:14:51,558 | INFO | Done: 50 comments
2026-09-15 18:14:56,388 | INFO | [3/12] https://www.tiktok.com/@danang.choigi/video/7623410219707567380
2026-09-15 18:14:56,389 | INFO | Open video: https://www.tiktok.com/@danang.choigi/video/7623410219707567380
2026-09-15 18:15:26,581 | INFO | ======================================
2026-09-15 18:15:26,583 | INFO | START COMMENT CRAWLING
2026-09-15 18:15:26,584 | INFO | ======================================
2026-09-15 18:15:26,584 | INFO | Opening TikTok comment panel...
2026-09-15 18:15:26,666 | INFO | Selector [data-e2e="comment-icon"] -> 1 elements
2026-09-15 18:15:29,705 | INFO | Clicked comment button: [data-e2e="comment-icon"]
2026-09-15 18:15:32,963 | INFO | Comment DOM loaded: [data-e2e="comment-level-1"] | 10 elements
2026-09-15 18:15:34,215 | INFO | Clicked 'View more' button
2026-09-15 18:15:37,518 | INFO | Round 1 | DOM comments: 20
2026-09-15 18:15:37,786 | INFO | Comment 1/50: Mn tư vấn giúp e du lịch đà nẵng 2 ngày 2 đêm với ạ
2026-09-15 18:15:37,939 | INFO | Comment 2/50: chỗ công viên 7 kỳ quan dưới chân cầu Thuận Phước cũng miễn phí nè, đường vào siêu đẹp, nhiều địa đi
2026-09-15 18:15:38,385 | INFO | Comment 3/50: E lên lịch đi du lịch ngày 10/11 đi 3 ngày 2 đêm ai tư vấn giúp em với ạ
2026-09-15 18:15:38,687 | INFO | Comment 4/50: ĐÀ NẴNG-HỘI AN-BÀ NÀ-HUẾ Xe 4 chỗ: 229cá Xe 7 chỗ: 279cá Xe 16 chỗ: 419cá Đặt ngay để có ưu đãi O89️
2026-09-15 18:15:39,123 | INFO | Comment 5/50: những chỗ ko mất đồng xu 😁
2026-09-15 18:15:39,571 | INFO | Comment 6/50: 😂
2026-09-15 18:15:39,849 | INFO | Comment 7/50: 😁😁😁
2026-09-15 18:15:40,471 | INFO | Comment 8/50: Ghé mình thuê đồ sống ảo nha, tiệm mình gần biển du lịch nè
2026-09-15 18:15:40,740 | INFO | Comment 9/50: Bén mì nướng múi ớt🌸 Mn tư vấn giúp e du lịch đà nẵng 2 ngày 2 đêm với ạ 5-2 Trả lời 2
2026-09-15 18:15:41,033 | INFO | Comment 10/50: review hàng khui boom chỗ công viên 7 kỳ quan dưới chân cầu Thuận Phước cũng miễn phí nè, đường vào 
2026-09-15 18:15:41,358 | INFO | Comment 11/50: 예비 타이어😌 E lên lịch đi du lịch ngày 10/11 đi 3 ngày 2 đêm ai tư vấn giúp em với ạ 5-29 Trả lời 0
2026-09-15 18:15:41,685 | INFO | Comment 12/50: Cô Nàng Rieview Đà Nẵng ĐÀ NẴNG-HỘI AN-BÀ NÀ-HUẾ Xe 4 chỗ: 229cá Xe 7 chỗ: 279cá Xe 16 chỗ: 419cá Đặ
2026-09-15 18:15:41,916 | INFO | Comment 13/50: Quắt🖤 @Nɧâη ɱã những chỗ ko mất đồng xu 😁 4-1 Trả lời 1
2026-09-15 18:15:42,202 | INFO | Comment 14/50: Bà cô thân thiện 👉👈 😂 8-10 Trả lời 0
2026-09-15 18:15:42,455 | INFO | Comment 15/50: kkkkkk 😁😁😁 7-9 Trả lời 0
2026-09-15 18:15:42,736 | INFO | Comment 16/50: Rinnnn🍀 💈 @Nouna Sehajuk 4-26 Trả lời 0
2026-09-15 18:15:42,986 | INFO | Comment 17/50: Thaanh Hằngg 😁😁😁 4-26 Trả lời 0
2026-09-15 18:15:43,181 | INFO | Comment 18/50: Cho thuê váy đà nẵng-tiệm SHIN Ghé mình thuê đồ sống ảo nha, tiệm mình gần biển du lịch nè 6-18 Trả 
2026-09-15 18:15:43,183 | INFO | DOM growth: 0 → 20
2026-09-15 18:15:43,235 | INFO | Scroll mode: COMMENT_CONTAINER
2026-09-15 18:15:46,934 | INFO | Clicked 'View more' button
2026-09-15 18:15:49,905 | INFO | Round 2 | DOM comments: 20
2026-09-15 18:15:54,993 | INFO | DOM growth: 20 → 20
2026-09-15 18:15:55,042 | INFO | Scroll mode: COMMENT_CONTAINER
2026-09-15 18:15:59,560 | INFO | Clicked 'View more' button
2026-09-15 18:16:02,971 | INFO | Round 3 | DOM comments: 20
2026-09-15 18:16:09,262 | INFO | DOM growth: 20 → 20
2026-09-15 18:16:09,335 | INFO | Scroll mode: COMMENT_CONTAINER
2026-09-15 18:16:14,168 | INFO | Clicked 'View more' button
2026-09-15 18:16:17,375 | INFO | Round 4 | DOM comments: 20
2026-09-15 18:16:22,301 | INFO | DOM growth: 20 → 20
2026-09-15 18:16:22,370 | INFO | Scroll mode: COMMENT_CONTAINER
2026-09-15 18:16:27,324 | INFO | Clicked 'View more' button
2026-09-15 18:16:30,660 | INFO | Round 5 | DOM comments: 20
2026-09-15 18:16:36,840 | INFO | DOM growth: 20 → 20
2026-09-15 18:16:36,927 | INFO | Scroll mode: COMMENT_CONTAINER
2026-09-15 18:16:40,950 | INFO | Clicked 'View more' button
2026-09-15 18:16:44,465 | INFO | Round 6 | DOM comments: 20
2026-09-15 18:16:49,632 | INFO | DOM growth: 20 → 20
2026-09-15 18:16:49,669 | INFO | Scroll mode: COMMENT_CONTAINER
2026-09-15 18:16:55,080 | INFO | Clicked 'View more' button
2026-09-15 18:16:58,285 | INFO | Round 7 | DOM comments: 20
2026-09-15 18:17:03,775 | INFO | DOM growth: 20 → 20
2026-09-15 18:17:03,888 | INFO | Scroll mode: COMMENT_CONTAINER
2026-09-15 18:17:08,027 | INFO | Clicked 'View more' button
2026-09-15 18:17:11,313 | INFO | Round 8 | DOM comments: 20
2026-09-15 18:17:16,674 | INFO | DOM growth: 20 → 20
2026-09-15 18:17:16,711 | INFO | Scroll mode: COMMENT_CONTAINER
2026-09-15 18:17:21,871 | INFO | Clicked 'View more' button
2026-09-15 18:17:25,256 | INFO | Round 9 | DOM comments: 20
2026-09-15 18:17:30,819 | INFO | DOM growth: 20 → 20
2026-09-15 18:17:30,898 | INFO | Scroll mode: COMMENT_CONTAINER
2026-09-15 18:17:35,727 | INFO | Clicked 'View more' button
2026-09-15 18:17:38,997 | INFO | Round 10 | DOM comments: 20
2026-09-15 18:17:44,887 | INFO | DOM growth: 20 → 20
2026-09-15 18:17:44,948 | INFO | Scroll mode: COMMENT_CONTAINER
2026-09-15 18:17:49,142 | INFO | Clicked 'View more' button
2026-09-15 18:17:52,613 | INFO | Round 11 | DOM comments: 20
2026-09-15 18:17:58,257 | INFO | DOM growth: 20 → 20
2026-09-15 18:17:58,318 | INFO | Scroll mode: COMMENT_CONTAINER
2026-09-15 18:18:02,755 | INFO | Clicked 'View more' button
2026-09-15 18:18:08,373 | INFO | Round 12 | DOM comments: 20
2026-09-15 18:19:42,100 | WARNING | Retrying (Retry(total=2, connect=None, read=None, redirect=None, status=None)) after connection broken by 'NewConnectionError("HTTPConnection(host='localhost', port=49830): Failed to establish a new connection: [WinError 10061] No connection could be made because the target machine actively refused it")': /session/856cd0e76864d163b1109aa8f59e6e68
2026-09-15 18:19:46,159 | WARNING | Retrying (Retry(total=1, connect=None, read=None, redirect=None, status=None)) after connection broken by 'NewConnectionError("HTTPConnection(host='localhost', port=49830): Failed to establish a new connection: [WinError 10061] No connection could be made because the target machine actively refused it")': /session/856cd0e76864d163b1109aa8f59e6e68
2026-09-15 18:19:50,211 | WARNING | Retrying (Retry(total=0, connect=None, read=None, redirect=None, status=None)) after connection broken by 'NewConnectionError("HTTPConnection(host='localhost', port=49830): Failed to establish a new connection: [WinError 10061] No connection could be made because the target machine actively refused it")': /session/856cd0e76864d163b1109aa8f59e6e68
2026-09-15 18:20:03,974 | INFO | ======================================
2026-09-15 18:20:03,975 | INFO | TikTok metadata + comments crawler
2026-09-15 18:20:03,975 | INFO | ======================================
2026-09-15 18:20:28,737 | INFO | Searching: du lịch Đà Nẵng
2026-09-15 18:20:38,985 | INFO | Search round 1 | videos: 0
2026-09-15 18:20:43,229 | INFO | Keyword 'du lịch Đà Nẵng': 0 videos
2026-09-15 18:21:19,064 | INFO | Saved JSON: D:\TIỂU LUẬN CHUYÊN NGÀNH\TLCN-Travel\data\raw\tiktok\tiktok_metadata_comments.json
2026-09-15 18:21:19,065 | INFO | Finished. Videos: 0
2026-09-15 18:21:42,266 | INFO | ======================================
2026-09-15 18:21:42,266 | INFO | TikTok metadata + comments crawler
2026-09-15 18:21:42,266 | INFO | ======================================
2026-09-15 18:21:43,885 | INFO | Searching: du lịch Đà Nẵng
2026-09-15 18:21:51,753 | INFO | Search round 1 | videos: 12
2026-09-15 18:21:55,181 | INFO | Search round 2 | videos: 12
2026-09-15 18:21:59,326 | INFO | Keyword 'du lịch Đà Nẵng': 12 videos
2026-09-15 18:21:59,326 | INFO | [1/12] https://www.tiktok.com/@dulichdanang24/video/7584334864464334101
2026-09-15 18:21:59,326 | INFO | Open video: https://www.tiktok.com/@dulichdanang24/video/7584334864464334101
2026-09-15 18:22:09,044 | INFO | ======================================
2026-09-15 18:22:09,045 | INFO | START COMMENT CRAWLING
2026-09-15 18:22:09,046 | INFO | ======================================
2026-09-15 18:22:09,047 | INFO | Opening TikTok comment panel...
2026-09-15 18:22:09,061 | INFO | Selector [data-e2e="comment-icon"] -> 1 elements
2026-09-15 18:22:10,020 | INFO | Clicked comment button: [data-e2e="comment-icon"]
2026-09-15 18:22:23,178 | WARNING | Comment DOM not detected.
2026-09-15 18:22:23,178 | WARNING | Could not open/load comment section.
2026-09-15 18:22:23,179 | INFO | Saved JSON: D:\TIỂU LUẬN CHUYÊN NGÀNH\TLCN-Travel\data\raw\tiktok\tiktok_metadata_comments.json
2026-09-15 18:22:23,179 | INFO | Done: 0 comments
2026-09-15 18:22:27,808 | INFO | [2/12] https://www.tiktok.com/@danangne24/video/7672639199597661447
2026-09-15 18:22:27,808 | INFO | Open video: https://www.tiktok.com/@danangne24/video/7672639199597661447
2026-09-15 18:22:37,017 | INFO | ======================================
2026-09-15 18:22:37,018 | INFO | START COMMENT CRAWLING
2026-09-15 18:22:37,018 | INFO | ======================================
2026-09-15 18:22:37,019 | INFO | Opening TikTok comment panel...
2026-09-15 18:22:37,042 | INFO | Selector [data-e2e="comment-icon"] -> 1 elements
2026-09-15 18:22:38,123 | INFO | Clicked comment button: [data-e2e="comment-icon"]
2026-09-15 18:22:51,305 | WARNING | Comment DOM not detected.
2026-09-15 18:22:51,305 | WARNING | Could not open/load comment section.
2026-09-15 18:22:51,307 | INFO | Saved JSON: D:\TIỂU LUẬN CHUYÊN NGÀNH\TLCN-Travel\data\raw\tiktok\tiktok_metadata_comments.json
2026-09-15 18:22:51,307 | INFO | Done: 0 comments
2026-09-15 18:22:55,064 | INFO | [3/12] https://www.tiktok.com/@lacadanang.tiktok/video/7637061656186703111
2026-09-15 18:22:55,066 | INFO | Open video: https://www.tiktok.com/@lacadanang.tiktok/video/7637061656186703111
2026-09-15 18:23:04,793 | INFO | ======================================
2026-09-15 18:23:04,794 | INFO | START COMMENT CRAWLING
2026-09-15 18:23:04,795 | INFO | ======================================
2026-09-15 18:23:04,795 | INFO | Opening TikTok comment panel...
2026-09-15 18:23:04,811 | INFO | Selector [data-e2e="comment-icon"] -> 1 elements
2026-09-15 18:23:05,868 | INFO | Clicked comment button: [data-e2e="comment-icon"]
2026-09-15 18:23:19,278 | WARNING | Comment DOM not detected.
2026-09-15 18:23:19,279 | WARNING | Could not open/load comment section.
2026-09-15 18:23:19,281 | INFO | Saved JSON: D:\TIỂU LUẬN CHUYÊN NGÀNH\TLCN-Travel\data\raw\tiktok\tiktok_metadata_comments.json
2026-09-15 18:23:19,281 | INFO | Done: 0 comments
2026-09-15 18:23:21,649 | INFO | [4/12] https://www.tiktok.com/@hoangyen.shinetravel/video/7630455816352501012
2026-09-15 18:23:21,650 | INFO | Open video: https://www.tiktok.com/@hoangyen.shinetravel/video/7630455816352501012
2026-09-15 18:23:32,969 | INFO | ======================================
2026-09-15 18:23:32,969 | INFO | START COMMENT CRAWLING
2026-09-15 18:23:32,969 | INFO | ======================================
2026-09-15 18:23:32,969 | INFO | Opening TikTok comment panel...
2026-09-15 18:23:32,980 | INFO | Selector [data-e2e="comment-icon"] -> 1 elements
2026-09-15 18:23:34,134 | INFO | Clicked comment button: [data-e2e="comment-icon"]
2026-09-15 18:23:47,484 | WARNING | Comment DOM not detected.
2026-09-15 18:23:47,486 | WARNING | Could not open/load comment section.
2026-09-15 18:23:47,490 | INFO | Saved JSON: D:\TIỂU LUẬN CHUYÊN NGÀNH\TLCN-Travel\data\raw\tiktok\tiktok_metadata_comments.json
2026-09-15 18:23:47,491 | INFO | Done: 0 comments
2026-09-15 18:23:50,894 | INFO | [5/12] https://www.tiktok.com/@canhdep.vithom/video/7671238023153077524
2026-09-15 18:23:50,895 | INFO | Open video: https://www.tiktok.com/@canhdep.vithom/video/7671238023153077524
2026-09-15 18:24:02,637 | INFO | ======================================
2026-09-15 18:24:02,637 | INFO | START COMMENT CRAWLING
2026-09-15 18:24:02,637 | INFO | ======================================
2026-09-15 18:24:02,638 | INFO | Opening TikTok comment panel...
2026-09-15 18:24:02,644 | INFO | Selector [data-e2e="comment-icon"] -> 1 elements
2026-09-15 18:24:03,710 | INFO | Clicked comment button: [data-e2e="comment-icon"]
2026-09-15 18:24:17,274 | WARNING | Comment DOM not detected.
2026-09-15 18:24:17,275 | WARNING | Could not open/load comment section.
2026-09-15 18:24:17,276 | INFO | Saved JSON: D:\TIỂU LUẬN CHUYÊN NGÀNH\TLCN-Travel\data\raw\tiktok\tiktok_metadata_comments.json
2026-09-15 18:24:17,277 | INFO | Done: 0 comments
2026-09-15 18:24:21,174 | INFO | [6/12] https://www.tiktok.com/@yeudanang24/video/7646767981044780295
2026-09-15 18:24:21,174 | INFO | Open video: https://www.tiktok.com/@yeudanang24/video/7646767981044780295
2026-09-15 18:24:31,588 | INFO | ======================================
2026-09-15 18:24:31,589 | INFO | START COMMENT CRAWLING
2026-09-15 18:24:31,589 | INFO | ======================================
2026-09-15 18:24:31,589 | INFO | Opening TikTok comment panel...
2026-09-15 18:24:31,599 | INFO | Selector [data-e2e="comment-icon"] -> 1 elements
2026-09-15 18:24:32,690 | INFO | Clicked comment button: [data-e2e="comment-icon"]
2026-09-15 18:24:45,809 | WARNING | Comment DOM not detected.
2026-09-15 18:24:45,809 | WARNING | Could not open/load comment section.
2026-09-15 18:24:45,812 | INFO | Saved JSON: D:\TIỂU LUẬN CHUYÊN NGÀNH\TLCN-Travel\data\raw\tiktok\tiktok_metadata_comments.json
2026-09-15 18:24:45,813 | INFO | Done: 0 comments
2026-09-15 18:24:49,710 | INFO | [7/12] https://www.tiktok.com/@review.danang24/video/7649247032120577298
2026-09-15 18:24:49,710 | INFO | Open video: https://www.tiktok.com/@review.danang24/video/7649247032120577298
2026-09-15 18:24:59,278 | INFO | ======================================
2026-09-15 18:24:59,279 | INFO | START COMMENT CRAWLING
2026-09-15 18:24:59,279 | INFO | ======================================
2026-09-15 18:24:59,280 | INFO | Opening TikTok comment panel...
2026-09-15 18:24:59,295 | INFO | Selector [data-e2e="comment-icon"] -> 1 elements
2026-09-15 18:25:00,324 | INFO | Clicked comment button: [data-e2e="comment-icon"]
2026-09-15 18:25:13,534 | WARNING | Comment DOM not detected.
2026-09-15 18:25:13,535 | WARNING | Could not open/load comment section.
2026-09-15 18:25:13,536 | INFO | Saved JSON: D:\TIỂU LUẬN CHUYÊN NGÀNH\TLCN-Travel\data\raw\tiktok\tiktok_metadata_comments.json
2026-09-15 18:25:13,536 | INFO | Done: 0 comments
2026-09-15 18:25:17,338 | INFO | [8/12] https://www.tiktok.com/@thuongodanang/video/7604092040615431442
2026-09-15 18:25:17,338 | INFO | Open video: https://www.tiktok.com/@thuongodanang/video/7604092040615431442
2026-09-15 18:25:26,521 | INFO | ======================================
2026-09-15 18:25:26,522 | INFO | START COMMENT CRAWLING
2026-09-15 18:25:26,522 | INFO | ======================================
2026-09-15 18:25:26,522 | INFO | Opening TikTok comment panel...
2026-09-15 18:25:26,537 | INFO | Selector [data-e2e="comment-icon"] -> 1 elements
2026-09-15 18:25:27,637 | INFO | Clicked comment button: [data-e2e="comment-icon"]
2026-09-15 18:25:40,788 | WARNING | Comment DOM not detected.
2026-09-15 18:25:40,789 | WARNING | Could not open/load comment section.
2026-09-15 18:25:40,792 | INFO | Saved JSON: D:\TIỂU LUẬN CHUYÊN NGÀNH\TLCN-Travel\data\raw\tiktok\tiktok_metadata_comments.json
2026-09-15 18:25:40,792 | INFO | Done: 0 comments
2026-09-15 18:25:43,998 | INFO | [9/12] https://www.tiktok.com/@danangtravel24/video/7664465113881136404
2026-09-15 18:25:43,998 | INFO | Open video: https://www.tiktok.com/@danangtravel24/video/7664465113881136404
2026-09-15 18:25:52,870 | INFO | ======================================
2026-09-15 18:25:52,871 | INFO | START COMMENT CRAWLING
2026-09-15 18:25:52,871 | INFO | ======================================
2026-09-15 18:25:52,871 | INFO | Opening TikTok comment panel...
2026-09-15 18:25:52,896 | INFO | Selector [data-e2e="comment-icon"] -> 1 elements
2026-09-15 18:25:53,934 | INFO | Clicked comment button: [data-e2e="comment-icon"]
2026-09-15 18:26:07,206 | WARNING | Comment DOM not detected.
2026-09-15 18:26:07,207 | WARNING | Could not open/load comment section.
2026-09-15 18:26:07,210 | INFO | Saved JSON: D:\TIỂU LUẬN CHUYÊN NGÀNH\TLCN-Travel\data\raw\tiktok\tiktok_metadata_comments.json
2026-09-15 18:26:07,211 | INFO | Done: 0 comments
2026-09-15 18:26:10,820 | INFO | [10/12] https://www.tiktok.com/@thuexemaydanang43hovy/video/7628220945903144213
2026-09-15 18:26:10,821 | INFO | Open video: https://www.tiktok.com/@thuexemaydanang43hovy/video/7628220945903144213
2026-09-15 18:26:21,386 | INFO | ======================================
2026-09-15 18:26:21,387 | INFO | START COMMENT CRAWLING
2026-09-15 18:26:21,387 | INFO | ======================================
2026-09-15 18:26:21,388 | INFO | Opening TikTok comment panel...
2026-09-15 18:26:21,432 | INFO | Selector [data-e2e="comment-icon"] -> 1 elements
2026-09-15 18:26:22,482 | INFO | Clicked comment button: [data-e2e="comment-icon"]
2026-09-15 18:26:35,728 | WARNING | Comment DOM not detected.
2026-09-15 18:26:35,729 | WARNING | Could not open/load comment section.
2026-09-15 18:26:35,730 | INFO | Saved JSON: D:\TIỂU LUẬN CHUYÊN NGÀNH\TLCN-Travel\data\raw\tiktok\tiktok_metadata_comments.json
2026-09-15 18:26:35,731 | INFO | Done: 0 comments
2026-09-15 18:26:38,256 | INFO | [11/12] https://www.tiktok.com/@nhungbanahill/video/7669031107911863573
2026-09-15 18:26:38,258 | INFO | Open video: https://www.tiktok.com/@nhungbanahill/video/7669031107911863573
2026-09-15 18:26:46,201 | INFO | ======================================
2026-09-15 18:26:46,201 | INFO | START COMMENT CRAWLING
2026-09-15 18:26:46,202 | INFO | ======================================
2026-09-15 18:26:46,202 | INFO | Opening TikTok comment panel...
2026-09-15 18:26:46,224 | INFO | Selector [data-e2e="comment-icon"] -> 1 elements
2026-09-15 18:26:47,322 | INFO | Clicked comment button: [data-e2e="comment-icon"]
2026-09-15 18:27:00,575 | WARNING | Comment DOM not detected.
2026-09-15 18:27:00,575 | WARNING | Could not open/load comment section.
2026-09-15 18:27:00,578 | INFO | Saved JSON: D:\TIỂU LUẬN CHUYÊN NGÀNH\TLCN-Travel\data\raw\tiktok\tiktok_metadata_comments.json
2026-09-15 18:27:00,578 | INFO | Done: 0 comments
2026-09-15 18:27:04,297 | INFO | [12/12] https://www.tiktok.com/@alo.nng.nghe3/video/7652592505845730578
2026-09-15 18:27:04,298 | INFO | Open video: https://www.tiktok.com/@alo.nng.nghe3/video/7652592505845730578
2026-09-15 18:27:13,549 | WARNING | Retrying (Retry(total=2, connect=None, read=None, redirect=None, status=None)) after connection broken by 'ConnectionResetError(10054, 'An existing connection was forcibly closed by the remote host', None, 10054, None)': /session/07a8c1bfe5f6d44aca0d66e1053bacae
2026-09-15 18:27:17,575 | WARNING | Retrying (Retry(total=1, connect=None, read=None, redirect=None, status=None)) after connection broken by 'NewConnectionError("HTTPConnection(host='localhost', port=30711): Failed to establish a new connection: [WinError 10061] No connection could be made because the target machine actively refused it")': /session/07a8c1bfe5f6d44aca0d66e1053bacae
2026-09-15 18:27:21,617 | WARNING | Retrying (Retry(total=0, connect=None, read=None, redirect=None, status=None)) after connection broken by 'NewConnectionError("HTTPConnection(host='localhost', port=30711): Failed to establish a new connection: [WinError 10061] No connection could be made because the target machine actively refused it")': /session/07a8c1bfe5f6d44aca0d66e1053bacae
2026-09-15 18:27:36,466 | INFO | ======================================
2026-09-15 18:27:36,466 | INFO | TikTok metadata + comments crawler
2026-09-15 18:27:36,466 | INFO | ======================================
2026-09-15 18:27:38,617 | INFO | Searching: du lịch Đà Nẵng
2026-09-15 18:27:46,868 | INFO | Search round 1 | videos: 12
2026-09-15 18:27:50,903 | INFO | Search round 2 | videos: 12
2026-09-15 18:27:54,166 | INFO | Keyword 'du lịch Đà Nẵng': 12 videos
2026-09-15 18:27:54,168 | INFO | [1/12] https://www.tiktok.com/@review.danang24/video/7649247032120577298
2026-09-15 18:27:54,168 | INFO | Open video: https://www.tiktok.com/@review.danang24/video/7649247032120577298
2026-09-15 18:28:07,476 | INFO | ======================================
2026-09-15 18:28:07,476 | INFO | START COMMENT CRAWLING
2026-09-15 18:28:07,476 | INFO | ======================================
2026-09-15 18:28:07,476 | INFO | Opening TikTok comment panel...
2026-09-15 18:28:07,489 | INFO | Selector [data-e2e="comment-icon"] -> 1 elements
2026-09-15 18:28:08,748 | INFO | Clicked comment button: [data-e2e="comment-icon"]
2026-09-15 18:28:11,799 | INFO | Comment DOM loaded: [data-e2e="comment-level-1"] | 20 elements
2026-09-15 18:28:12,706 | INFO | Clicked 'View more' button
2026-09-15 18:28:14,869 | INFO | Round 1 | DOM comments: 40
2026-09-15 18:28:14,981 | INFO | Comment 1/50: Đ𝐀̀ 𝐍𝐀̆̃𝐍𝐆 – 𝐇𝐎̣̂𝐈 𝐀𝐍 – Bà Nà - Huế Xe 4 chôỗ __ 219.k ☘️Xe 7 chôỗ___ 2.69k 🌿 Xe 16 chôỗ____ 3.99k 🍃
2026-09-15 18:28:15,054 | INFO | Comment 2/50: Mình xin giá tua ạ cho 6 người 2 người lớn 4 trẻ em ạ
2026-09-15 18:28:15,115 | INFO | Comment 3/50: Tu vấn cho mình combo đi 2 người từ ngày 8/9 đi 2 ngày tu sai gon
2026-09-15 18:28:15,180 | INFO | Comment 4/50: 2/8 e và đà nẵng tv e
2026-09-15 18:28:15,243 | INFO | Comment 5/50: Xin dép lào
2026-09-15 18:28:15,298 | INFO | Comment 6/50: Giá vế ba nà niêu
2026-09-15 18:28:15,346 | INFO | Comment 7/50: Ib mình
2026-09-15 18:28:15,418 | INFO | Comment 8/50: Tư vấn giúp mình ạ
2026-09-15 18:28:15,484 | INFO | Comment 9/50: xin giá
2026-09-15 18:28:15,539 | INFO | Comment 10/50: Tư vấn tua
2026-09-15 18:28:15,592 | INFO | Comment 11/50: cho mình xin giá tour cho 9 người ạh
2026-09-15 18:28:15,662 | INFO | Comment 12/50: đã
2026-09-15 18:28:15,735 | INFO | Comment 13/50: Cho mình xin giá 6 ng 2 ng lớn 4 trẻ em ạ
2026-09-15 18:28:15,793 | INFO | Comment 14/50: xin giá tour tháng 9 ạ
2026-09-15 18:28:15,854 | INFO | Comment 15/50: Xin giá từ hn đi ạ 2ng lớn 3n2d
2026-09-15 18:28:15,913 | INFO | Comment 16/50: 🥰 chỗ nào cx đẹp
2026-09-15 18:28:15,973 | INFO | Comment 17/50: Nội dung hay đó.
2026-09-15 18:28:16,034 | INFO | Comment 18/50: Mình xin giá vé bà nà với ạ
2026-09-15 18:28:16,166 | INFO | Comment 19/50: anh sin 2 nguoi gia bao nhiê
2026-09-15 18:28:17,424 | INFO | DOM growth: 0 → 40
2026-09-15 18:28:17,437 | INFO | Scroll mode: COMMENT_CONTAINER
2026-09-15 18:28:21,226 | INFO | Clicked 'View more' button
2026-09-15 18:28:23,344 | INFO | Round 2 | DOM comments: 40
2026-09-15 18:28:26,379 | INFO | DOM growth: 40 → 40
2026-09-15 18:28:26,401 | INFO | Scroll mode: COMMENT_CONTAINER
2026-09-15 18:28:30,357 | INFO | Clicked 'View more' button
2026-09-15 18:28:32,658 | INFO | Round 3 | DOM comments: 40
2026-09-15 18:28:34,958 | INFO | DOM growth: 40 → 40
2026-09-15 18:28:34,965 | INFO | Scroll mode: COMMENT_CONTAINER
2026-09-15 18:28:38,765 | INFO | Clicked 'View more' button
2026-09-15 18:28:40,762 | INFO | Round 4 | DOM comments: 40
2026-09-15 18:28:43,351 | INFO | DOM growth: 40 → 40
2026-09-15 18:28:43,371 | INFO | Scroll mode: COMMENT_CONTAINER
2026-09-15 18:28:47,425 | INFO | Clicked 'View more' button
2026-09-15 18:28:49,495 | INFO | Round 5 | DOM comments: 40
2026-09-15 18:28:52,445 | INFO | DOM growth: 40 → 40
2026-09-15 18:28:52,458 | INFO | Scroll mode: COMMENT_CONTAINER
2026-09-15 18:28:56,315 | INFO | Clicked 'View more' button
2026-09-15 18:28:58,293 | INFO | Round 6 | DOM comments: 40
2026-09-15 18:29:00,842 | INFO | DOM growth: 40 → 40
2026-09-15 18:29:00,860 | INFO | Scroll mode: COMMENT_CONTAINER
2026-09-15 18:29:05,580 | INFO | Clicked 'View more' button
2026-09-15 18:29:07,579 | INFO | Round 7 | DOM comments: 40
2026-09-15 18:29:10,069 | INFO | DOM growth: 40 → 40
2026-09-15 18:29:10,077 | INFO | Scroll mode: COMMENT_CONTAINER
2026-09-15 18:29:13,814 | INFO | Clicked 'View more' button
2026-09-15 18:29:16,090 | INFO | Round 8 | DOM comments: 40
2026-09-15 18:29:18,617 | INFO | DOM growth: 40 → 40
2026-09-15 18:29:18,632 | INFO | Scroll mode: COMMENT_CONTAINER
2026-09-15 18:29:22,871 | INFO | Clicked 'View more' button
2026-09-15 18:29:24,942 | INFO | Round 9 | DOM comments: 40
2026-09-15 18:29:27,519 | INFO | DOM growth: 40 → 40
2026-09-15 18:29:27,529 | INFO | Scroll mode: COMMENT_CONTAINER
2026-09-15 18:29:31,404 | INFO | Clicked 'View more' button
2026-09-15 18:29:33,426 | INFO | Round 10 | DOM comments: 40
2026-09-15 18:29:35,764 | INFO | DOM growth: 40 → 40
2026-09-15 18:29:35,770 | INFO | Scroll mode: COMMENT_CONTAINER
2026-09-15 18:29:39,414 | INFO | Clicked 'View more' button
2026-09-15 18:29:41,417 | INFO | Round 11 | DOM comments: 40
2026-09-15 18:29:43,868 | INFO | DOM growth: 40 → 40
2026-09-15 18:29:43,883 | INFO | Scroll mode: COMMENT_CONTAINER
2026-09-15 18:29:48,399 | INFO | Clicked 'View more' button
2026-09-15 18:29:50,475 | INFO | Round 12 | DOM comments: 40
2026-09-15 18:29:53,025 | INFO | DOM growth: 40 → 40
2026-09-15 18:29:53,033 | INFO | Scroll mode: COMMENT_CONTAINER
2026-09-15 18:29:57,704 | INFO | Clicked 'View more' button
2026-09-15 18:29:59,829 | INFO | Round 13 | DOM comments: 40
2026-09-15 18:30:02,571 | INFO | No new comments after 12 rounds → stop.
2026-09-15 18:30:02,571 | INFO | ======================================
2026-09-15 18:30:02,572 | INFO | COMMENT RESULT: 19/50
2026-09-15 18:30:02,572 | INFO | ======================================
2026-09-15 18:30:02,573 | INFO | Saved JSON: D:\TIỂU LUẬN CHUYÊN NGÀNH\TLCN-Travel\data\raw\tiktok\tiktok_metadata_comments.json
2026-09-15 18:30:02,573 | INFO | Done: 19 comments
2026-09-15 18:30:06,789 | INFO | [2/12] https://www.tiktok.com/@vivudanang243/video/7669022622616669461
2026-09-15 18:30:06,789 | INFO | Open video: https://www.tiktok.com/@vivudanang243/video/7669022622616669461
2026-09-15 18:30:20,045 | INFO | ======================================
2026-09-15 18:30:20,046 | INFO | START COMMENT CRAWLING
2026-09-15 18:30:20,046 | INFO | ======================================
2026-09-15 18:30:20,046 | INFO | Opening TikTok comment panel...
2026-09-15 18:30:20,053 | INFO | Selector [data-e2e="comment-icon"] -> 1 elements
2026-09-15 18:30:21,076 | INFO | Clicked comment button: [data-e2e="comment-icon"]
2026-09-15 18:30:24,099 | INFO | Comment DOM loaded: [data-e2e="comment-level-1"] | 19 elements
2026-09-15 18:30:24,784 | INFO | Clicked 'View more' button
2026-09-15 18:30:26,895 | INFO | Round 1 | DOM comments: 38
2026-09-15 18:30:26,975 | INFO | Comment 1/50: Ai 14-15-16/8 đà nẵng ko lập team đi chung cho zuiii
2026-09-15 18:30:27,038 | INFO | Comment 2/50: Gian hàng này bên ngoài chợ ạ, mình đi trong chợ thì k thấy gian này
2026-09-15 18:30:27,098 | INFO | Comment 3/50: Ngon quá
2026-09-15 18:30:27,159 | INFO | Comment 4/50: Chợ cồn mấy h là có đồ ăn v bạn
2026-09-15 18:30:27,219 | INFO | Comment 5/50: Mình ghé bi mĩ rồi
2026-09-15 18:30:27,275 | INFO | Comment 6/50: mình vừa ăn
2026-09-15 18:30:27,331 | INFO | Comment 7/50: Mấy giờ mở bán vậy ạ
2026-09-15 18:30:27,402 | INFO | Comment 8/50: #anhvu
2026-09-15 18:30:27,475 | INFO | Comment 9/50: Đồ ăn tính ra ít tẹo, bánh canh 1 bát đc 3-4 sợi gắp là hết , bánh căn bé ko bõ dính răng khá dở hôi
2026-09-15 18:30:27,532 | INFO | Comment 10/50: Điểm trừ là quá trật hẹp
2026-09-15 18:30:27,607 | INFO | Comment 11/50: bánh tráng thịt heo bi mỹ bao nhiêu phần vậy b
2026-09-15 18:30:27,674 | INFO | Comment 12/50: B chia sẻ KN, ks và địa điểm chơi đi ạ
2026-09-15 18:30:27,738 | INFO | Comment 13/50: Ngon
2026-09-15 18:30:27,797 | INFO | Comment 14/50: chen mệt xỉu
2026-09-15 18:30:27,855 | INFO | Comment 15/50: Xôi gà đâuuuuuu ngon vcđ mà
2026-09-15 18:30:27,914 | INFO | Comment 16/50: nóng như cái lò
2026-09-15 18:30:27,977 | INFO | Comment 17/50: Để mk ghé review cho cả nhà hehe, mn ghé trang mình coi review nhooo🥰
2026-09-15 18:30:28,047 | INFO | Comment 18/50: Quá nóng. Đồ ăn cũng khô, k ngon 😳
2026-09-15 18:30:28,100 | INFO | Comment 19/50: Thèm
2026-09-15 18:30:29,083 | INFO | DOM growth: 0 → 38
2026-09-15 18:30:29,093 | INFO | Scroll mode: COMMENT_CONTAINER
2026-09-15 18:30:33,288 | INFO | Clicked 'View more' button
2026-09-15 18:30:35,287 | INFO | Round 2 | DOM comments: 38
2026-09-15 18:30:37,549 | INFO | DOM growth: 38 → 38
2026-09-15 18:30:37,559 | INFO | Scroll mode: COMMENT_CONTAINER
2026-09-15 18:30:42,305 | INFO | Clicked 'View more' button
2026-09-15 18:30:44,423 | INFO | Round 3 | DOM comments: 38
2026-09-15 18:30:46,700 | INFO | DOM growth: 38 → 38
2026-09-15 18:30:46,706 | INFO | Scroll mode: COMMENT_CONTAINER
2026-09-15 18:30:51,700 | INFO | Clicked 'View more' button
2026-09-15 18:30:53,686 | INFO | Round 4 | DOM comments: 38
2026-09-15 18:30:55,570 | INFO | DOM growth: 38 → 38
2026-09-15 18:30:55,583 | INFO | Scroll mode: COMMENT_CONTAINER
2026-09-15 18:30:59,471 | INFO | Clicked 'View more' button
2026-09-15 18:31:01,636 | INFO | Round 5 | DOM comments: 38
2026-09-15 18:31:04,117 | INFO | DOM growth: 38 → 38
2026-09-15 18:31:04,131 | INFO | Scroll mode: COMMENT_CONTAINER
2026-09-15 18:31:08,300 | INFO | Clicked 'View more' button
2026-09-15 18:31:10,161 | INFO | Round 6 | DOM comments: 38
2026-09-15 18:31:12,027 | INFO | DOM growth: 38 → 38
2026-09-15 18:31:12,040 | INFO | Scroll mode: COMMENT_CONTAINER
2026-09-15 18:31:16,400 | INFO | Clicked 'View more' button
2026-09-15 18:31:18,491 | INFO | Round 7 | DOM comments: 38
2026-09-15 18:31:20,734 | INFO | DOM growth: 38 → 38
2026-09-15 18:31:20,752 | INFO | Scroll mode: COMMENT_CONTAINER
2026-09-15 18:31:25,333 | INFO | Clicked 'View more' button
2026-09-15 18:31:27,311 | INFO | Round 8 | DOM comments: 38
2026-09-15 18:31:29,510 | INFO | DOM growth: 38 → 38
2026-09-15 18:31:29,522 | INFO | Scroll mode: COMMENT_CONTAINER
2026-09-15 18:31:34,015 | INFO | Clicked 'View more' button
2026-09-15 18:31:36,340 | INFO | Round 9 | DOM comments: 38
2026-09-15 18:31:40,864 | INFO | DOM growth: 38 → 38
2026-09-15 18:31:40,881 | INFO | Scroll mode: COMMENT_CONTAINER
2026-09-15 18:31:45,935 | INFO | Clicked 'View more' button
2026-09-15 18:31:47,926 | INFO | Round 10 | DOM comments: 38
2026-09-15 18:31:50,493 | INFO | DOM growth: 38 → 38
2026-09-15 18:31:50,504 | INFO | Scroll mode: COMMENT_CONTAINER
2026-09-15 18:31:55,072 | INFO | Clicked 'View more' button
2026-09-15 18:31:57,134 | INFO | Round 11 | DOM comments: 38
2026-09-15 18:31:59,330 | INFO | DOM growth: 38 → 38
2026-09-15 18:31:59,339 | INFO | Scroll mode: COMMENT_CONTAINER
2026-09-15 18:32:02,829 | INFO | Clicked 'View more' button
2026-09-15 18:32:04,876 | INFO | Round 12 | DOM comments: 38
2026-09-15 18:32:07,429 | INFO | DOM growth: 38 → 38
2026-09-15 18:32:07,438 | INFO | Scroll mode: COMMENT_CONTAINER
2026-09-15 18:32:11,147 | INFO | Clicked 'View more' button
2026-09-15 18:32:13,198 | INFO | Round 13 | DOM comments: 38
2026-09-15 18:32:15,694 | INFO | No new comments after 12 rounds → stop.
2026-09-15 18:32:15,694 | INFO | ======================================
2026-09-15 18:32:15,694 | INFO | COMMENT RESULT: 19/50
2026-09-15 18:32:15,694 | INFO | ======================================
2026-09-15 18:32:15,695 | INFO | Saved JSON: D:\TIỂU LUẬN CHUYÊN NGÀNH\TLCN-Travel\data\raw\tiktok\tiktok_metadata_comments.json
2026-09-15 18:32:15,695 | INFO | Done: 19 comments
2026-09-15 18:32:20,138 | INFO | [3/12] https://www.tiktok.com/@danangtravel24/video/7664465113881136404
2026-09-15 18:32:20,139 | INFO | Open video: https://www.tiktok.com/@danangtravel24/video/7664465113881136404
2026-09-15 18:32:35,379 | INFO | ======================================
2026-09-15 18:32:35,380 | INFO | START COMMENT CRAWLING
2026-09-15 18:32:35,380 | INFO | ======================================
2026-09-15 18:32:35,381 | INFO | Opening TikTok comment panel...
2026-09-15 18:32:35,413 | INFO | Selector [data-e2e="comment-icon"] -> 1 elements
2026-09-15 18:32:36,555 | INFO | Clicked comment button: [data-e2e="comment-icon"]
2026-09-15 18:32:39,590 | INFO | Comment DOM loaded: [data-e2e="comment-level-1"] | 20 elements
2026-09-15 18:32:40,305 | INFO | Clicked 'View more' button
2026-09-15 18:32:42,599 | INFO | Round 1 | DOM comments: 40
2026-09-15 18:32:42,663 | INFO | Comment 1/50: 3ng 2 đêm từ thái nguyên 2 người giá bao nhiêu bn trọn gói
2026-09-15 18:32:42,767 | INFO | Comment 2/50: xin giá 2ng 25.09 đi từ HCM
2026-09-15 18:32:42,855 | INFO | Comment 3/50: xin giá tổng cho 3 người lớn đi ngày 19/9 ạ từ TPHCM
2026-09-15 18:32:42,929 | INFO | Comment 4/50: Tư vấn mình vs ạ
2026-09-15 18:32:43,012 | INFO | Comment 5/50: Cho chị xin giá 2ng bay từ TPHCM nha em
2026-09-15 18:32:43,107 | INFO | Comment 6/50: 3 ngày 2 đêm cho 2 người lớn từ sân bay Tân Sơn Nhất trọn gói bao nhiêu ạ
2026-09-15 18:32:43,177 | INFO | Comment 7/50: ib chị đi từ tphcm
2026-09-15 18:32:43,252 | INFO | Comment 8/50: đi từ sg giá sao ạ
2026-09-15 18:32:43,312 | INFO | Comment 9/50: Mình xin tổng giá cho 1 người đi từ tphcm ạ
2026-09-15 18:32:43,369 | INFO | Comment 10/50: Ib
2026-09-15 18:32:43,437 | INFO | Comment 11/50: Xuất phát từ cần Thơ ( ngay 29/8-31/8)
2026-09-15 18:32:43,506 | INFO | Comment 12/50: Tết âm lịch em ơi
2026-09-15 18:32:43,597 | INFO | Comment 13/50: tư vấn c tua 3ngay 2đêm chi ở cần giuộc Long An
2026-09-15 18:32:43,670 | INFO | Comment 14/50: Chị xin giá 3-2dêm ơ đa nanq từ 26-29 tháng 10
2026-09-15 18:32:43,752 | INFO | Comment 15/50: Tv em
2026-09-15 18:32:43,852 | INFO | Comment 16/50: 3ng 2 đêm từ biên hoà 2 người giá bao nhiêu bn trọn gói
2026-09-15 18:32:43,909 | INFO | Comment 17/50: Xuất phát từ TP.HCM: 12 người tư vấn giúp ạ
2026-09-15 18:32:43,988 | INFO | Comment 18/50: 2 người lớn bao nhiêu chọn gói
2026-09-15 18:32:44,115 | INFO | Comment 19/50: Tv đi ah .2 người lớn 1tre e
2026-09-15 18:32:44,271 | INFO | Comment 20/50: nhắn ở tik hay số ạ
2026-09-15 18:32:45,449 | INFO | DOM growth: 0 → 40
2026-09-15 18:32:45,461 | INFO | Scroll mode: COMMENT_CONTAINER
2026-09-15 18:32:49,716 | INFO | Clicked 'View more' button
2026-09-15 18:32:51,761 | INFO | Round 2 | DOM comments: 40
2026-09-15 18:32:54,588 | INFO | DOM growth: 40 → 40
2026-09-15 18:32:54,597 | INFO | Scroll mode: COMMENT_CONTAINER
2026-09-15 18:32:59,736 | INFO | Clicked 'View more' button
2026-09-15 18:33:01,733 | INFO | Round 3 | DOM comments: 40
2026-09-15 18:33:04,226 | INFO | DOM growth: 40 → 40
2026-09-15 18:33:04,236 | INFO | Scroll mode: COMMENT_CONTAINER
2026-09-15 18:33:07,946 | INFO | Clicked 'View more' button
2026-09-15 18:33:10,031 | INFO | Round 4 | DOM comments: 40
2026-09-15 18:33:14,235 | WARNING | Retrying (Retry(total=2, connect=None, read=None, redirect=None, status=None)) after connection broken by 'NewConnectionError("HTTPConnection(host='localhost', port=30026): Failed to establish a new connection: [WinError 10061] No connection could be made because the target machine actively refused it")': /session/d217a113e0373c7837cc34d24e6b3a2c
2026-09-15 18:33:18,276 | WARNING | Retrying (Retry(total=1, connect=None, read=None, redirect=None, status=None)) after connection broken by 'NewConnectionError("HTTPConnection(host='localhost', port=30026): Failed to establish a new connection: [WinError 10061] No connection could be made because the target machine actively refused it")': /session/d217a113e0373c7837cc34d24e6b3a2c
2026-09-15 18:33:22,309 | WARNING | Retrying (Retry(total=0, connect=None, read=None, redirect=None, status=None)) after connection broken by 'NewConnectionError("HTTPConnection(host='localhost', port=30026): Failed to establish a new connection: [WinError 10061] No connection could be made because the target machine actively refused it")': /session/d217a113e0373c7837cc34d24e6b3a2c
2026-09-15 18:33:30,839 | INFO | ======================================
2026-09-15 18:33:30,839 | INFO | TikTok metadata + comments crawler
2026-09-15 18:33:30,839 | INFO | ======================================
2026-09-15 18:33:34,465 | INFO | Searching: du lịch Đà Nẵng
2026-09-15 18:33:44,056 | INFO | Search round 1 | videos: 12
2026-09-15 18:33:47,522 | INFO | Search round 2 | videos: 12
2026-09-15 18:33:51,280 | INFO | Keyword 'du lịch Đà Nẵng': 12 videos
2026-09-15 18:33:51,280 | INFO | [1/12] https://www.tiktok.com/@vivudanang243/video/7669022622616669461
2026-09-15 18:33:51,280 | INFO | Open video: https://www.tiktok.com/@vivudanang243/video/7669022622616669461
2026-09-15 18:34:02,061 | INFO | ======================================
2026-09-15 18:34:02,062 | INFO | START COMMENT CRAWLING
2026-09-15 18:34:02,063 | INFO | ======================================
2026-09-15 18:34:02,063 | INFO | Opening TikTok comment panel...
2026-09-15 18:34:02,093 | INFO | Selector [data-e2e="comment-icon"] -> 1 elements
2026-09-15 18:34:03,412 | INFO | Clicked comment button: [data-e2e="comment-icon"]
2026-09-15 18:34:06,462 | INFO | Comment DOM loaded: [data-e2e="comment-level-1"] | 19 elements
2026-09-15 18:34:07,334 | INFO | Clicked 'View more' button
2026-09-15 18:34:09,454 | INFO | Round 1 | DOM comments: 38
2026-09-15 18:34:09,543 | INFO | Comment 1/50: Ai 14-15-16/8 đà nẵng ko lập team đi chung cho zuiii
2026-09-15 18:34:09,596 | INFO | Comment 2/50: Ngon quá
2026-09-15 18:34:09,640 | INFO | Comment 3/50: bánh tráng thịt heo bi mỹ bao nhiêu phần vậy b
2026-09-15 18:34:09,681 | INFO | Comment 4/50: Gian hàng này bên ngoài chợ ạ, mình đi trong chợ thì k thấy gian này
2026-09-15 18:34:09,731 | INFO | Comment 5/50: Điểm trừ là quá trật hẹp
2026-09-15 18:34:09,774 | INFO | Comment 6/50: Thèm
2026-09-15 18:34:09,817 | INFO | Comment 7/50: Mấy giờ mở bán vậy ạ
2026-09-15 18:34:09,861 | INFO | Comment 8/50: Chỉ cho mọi người quán mỳ quảng,trong kiệt nè, quán sạch sẽ, nấu thấm ngon, giá rẻ, 77/2 Hoàng văn T
2026-09-15 18:34:09,899 | INFO | Comment 9/50: Xôi gà đâuuuuuu ngon vcđ mà
2026-09-15 18:34:09,947 | INFO | Comment 10/50: chen mệt xỉu
2026-09-15 18:34:09,988 | INFO | Comment 11/50: Thèm quaaaa
2026-09-15 18:34:10,056 | INFO | Comment 12/50: #anhvu
2026-09-15 18:34:10,110 | INFO | Comment 13/50: Mình ghé bi mĩ rồi
2026-09-15 18:34:10,161 | INFO | Comment 14/50: Chợ cồn mấy h là có đồ ăn v bạn
2026-09-15 18:34:10,212 | INFO | Comment 15/50: Ngon
2026-09-15 18:34:10,257 | INFO | Comment 16/50: Đồ ăn tính ra ít tẹo, bánh canh 1 bát đc 3-4 sợi gắp là hết , bánh căn bé ko bõ dính răng khá dở hôi
2026-09-15 18:34:10,308 | INFO | Comment 17/50: B chia sẻ KN, ks và địa điểm chơi đi ạ
2026-09-15 18:34:10,348 | INFO | Comment 18/50: nóng như cái lò
2026-09-15 18:34:10,399 | INFO | Comment 19/50: Quá nóng. Đồ ăn cũng khô, k ngon 😳
2026-09-15 18:34:10,488 | INFO | Comment 20/50: Mật Ong Samon 🍯 Ai 14-15-16/8 đà nẵng ko lập team đi chung cho zuiii 8-7 Trả lời 5
2026-09-15 18:34:10,561 | INFO | Comment 21/50: Cô Trang - bò kho mì quảng Ngon quá 1 giờ trước Trả lời 0
2026-09-15 18:34:10,645 | INFO | Comment 22/50: Nguyễn Lê Tấn Vĩ bánh tráng thịt heo bi mỹ bao nhiêu phần vậy b 8-2 Trả lời 3
2026-09-15 18:34:10,721 | INFO | Comment 23/50: Nguyễn Thương Gian hàng này bên ngoài chợ ạ, mình đi trong chợ thì k thấy gian này 8-5 Trả lời 2
2026-09-15 18:34:10,816 | INFO | Comment 24/50: CHỊ Điểm trừ là quá trật hẹp 8-19 Trả lời 1
2026-09-15 18:34:11,007 | INFO | Comment 25/50: 每天都要开心 Thèm 8-14 Trả lời 1
2026-09-15 18:34:11,079 | INFO | Comment 26/50: An Trương Mấy giờ mở bán vậy ạ 8-12 Trả lời 1
2026-09-15 18:34:11,179 | INFO | Comment 27/50: Sữa dinh dưỡng y tế Chỉ cho mọi người quán mỳ quảng,trong kiệt nè, quán sạch sẽ, nấu thấm ngon, giá 
2026-09-15 18:34:11,292 | INFO | Comment 28/50: Nọc iu Xôi gà đâuuuuuu ngon vcđ mà 8-5 Trả lời 1
2026-09-15 18:34:11,391 | INFO | Comment 29/50: Đông chen mệt xỉu 8-3 Trả lời 1
2026-09-15 18:34:11,468 | INFO | Comment 30/50: Yêu Đà Nẵng Thèm quaaaa 8-1 Trả lời 1
2026-09-15 18:34:11,579 | INFO | Comment 31/50: Changg 🎀 #anhvu 4 ngày trước Trả lời 0
2026-09-15 18:34:11,688 | INFO | Comment 32/50: Nhỏ Huỳnh Mình ghé bi mĩ rồi 6 ngày trước Trả lời 0
2026-09-15 18:34:11,761 | INFO | Comment 33/50: Hải Quang007 Chợ cồn mấy h là có đồ ăn v bạn 9-7 Trả lời 0
2026-09-15 18:34:11,843 | INFO | Comment 34/50: Cô Trang Bò Kho Ngon 9-4 Trả lời 0
2026-09-15 18:34:11,916 | INFO | Comment 35/50: dngtrn.0810 Đồ ăn tính ra ít tẹo, bánh canh 1 bát đc 3-4 sợi gắp là hết , bánh căn bé ko bõ dính răn
2026-09-15 18:34:11,985 | INFO | Comment 36/50: Luna Fitness🍀 B chia sẻ KN, ks và địa điểm chơi đi ạ 8-29 Trả lời 0
2026-09-15 18:34:12,076 | INFO | Comment 37/50: 。。。。。。。🌸🌼🌷🥀🍄🍁💐🪻🍃☘️🍃 nóng như cái lò 8-26 Trả lời 0
2026-09-15 18:34:12,156 | INFO | Comment 38/50: Thanh Hằng Quá nóng. Đồ ăn cũng khô, k ngon 😳 8-25 Trả lời 0
2026-09-15 18:34:12,156 | INFO | DOM growth: 0 → 38
2026-09-15 18:34:12,170 | INFO | Scroll mode: COMMENT_CONTAINER
2026-09-15 18:34:17,186 | INFO | Clicked 'View more' button
2026-09-15 18:34:19,229 | INFO | Round 2 | DOM comments: 38
2026-09-15 18:34:22,025 | INFO | DOM growth: 38 → 38
2026-09-15 18:34:22,032 | INFO | Scroll mode: COMMENT_CONTAINER
2026-09-15 18:34:26,994 | INFO | Clicked 'View more' button
2026-09-15 18:34:29,060 | INFO | Round 3 | DOM comments: 38
2026-09-15 18:34:31,977 | INFO | DOM growth: 38 → 38
2026-09-15 18:34:31,994 | INFO | Scroll mode: COMMENT_CONTAINER
2026-09-15 18:34:36,156 | INFO | Clicked 'View more' button
2026-09-15 18:34:38,112 | INFO | Round 4 | DOM comments: 38
2026-09-15 18:34:40,597 | INFO | DOM growth: 38 → 38
2026-09-15 18:34:40,609 | INFO | Scroll mode: COMMENT_CONTAINER
2026-09-15 18:34:44,854 | INFO | Clicked 'View more' button
2026-09-15 18:34:46,849 | INFO | Round 5 | DOM comments: 38
2026-09-15 18:34:49,661 | INFO | DOM growth: 38 → 38
2026-09-15 18:34:49,676 | INFO | Scroll mode: COMMENT_CONTAINER
2026-09-15 18:34:53,785 | INFO | Clicked 'View more' button
2026-09-15 18:34:55,743 | INFO | Round 6 | DOM comments: 38
2026-09-15 18:34:58,088 | INFO | DOM growth: 38 → 38
2026-09-15 18:34:58,097 | INFO | Scroll mode: COMMENT_CONTAINER
2026-09-15 18:35:02,935 | INFO | Clicked 'View more' button
2026-09-15 18:35:05,092 | INFO | Round 7 | DOM comments: 38
2026-09-15 18:35:07,327 | INFO | DOM growth: 38 → 38
2026-09-15 18:35:07,348 | INFO | Scroll mode: COMMENT_CONTAINER
2026-09-15 18:35:11,295 | INFO | Clicked 'View more' button
2026-09-15 18:35:13,338 | INFO | Round 8 | DOM comments: 38
2026-09-15 18:35:15,710 | INFO | DOM growth: 38 → 38
2026-09-15 18:35:15,717 | INFO | Scroll mode: COMMENT_CONTAINER
2026-09-15 18:35:19,892 | INFO | Clicked 'View more' button
2026-09-15 18:35:21,959 | INFO | Round 9 | DOM comments: 38
2026-09-15 18:35:24,029 | INFO | DOM growth: 38 → 38
2026-09-15 18:35:24,043 | INFO | Scroll mode: COMMENT_CONTAINER
2026-09-15 18:35:28,832 | INFO | Clicked 'View more' button
2026-09-15 18:35:30,686 | INFO | Round 10 | DOM comments: 38
2026-09-15 18:35:32,791 | INFO | DOM growth: 38 → 38
2026-09-15 18:35:32,796 | INFO | Scroll mode: COMMENT_CONTAINER
2026-09-15 18:35:36,268 | INFO | Clicked 'View more' button
2026-09-15 18:35:38,213 | INFO | Round 11 | DOM comments: 38
2026-09-15 18:35:40,946 | INFO | DOM growth: 38 → 38
2026-09-15 18:35:40,963 | INFO | Scroll mode: COMMENT_CONTAINER
2026-09-15 18:35:45,508 | INFO | Clicked 'View more' button
2026-09-15 18:35:47,623 | INFO | Round 12 | DOM comments: 38
2026-09-15 18:35:50,413 | INFO | DOM growth: 38 → 38
2026-09-15 18:35:50,460 | INFO | Scroll mode: COMMENT_CONTAINER
2026-09-15 18:35:54,079 | INFO | Clicked 'View more' button
2026-09-15 18:35:56,077 | INFO | Round 13 | DOM comments: 38
2026-09-15 18:35:58,728 | INFO | No new comments after 12 rounds → stop.
2026-09-15 18:35:58,729 | INFO | ======================================
2026-09-15 18:35:58,729 | INFO | COMMENT RESULT: 38/50
2026-09-15 18:35:58,730 | INFO | ======================================
2026-09-15 18:35:58,732 | INFO | Saved JSON: D:\TIỂU LUẬN CHUYÊN NGÀNH\TLCN-Travel\data\raw\tiktok\tiktok_metadata_comments.json
2026-09-15 18:35:58,733 | INFO | Done: 38 comments
2026-09-15 18:36:01,329 | INFO | [2/12] https://www.tiktok.com/@danangtravel24/video/7637378887692930325
2026-09-15 18:36:01,330 | INFO | Open video: https://www.tiktok.com/@danangtravel24/video/7637378887692930325
2026-09-15 18:36:16,750 | INFO | ======================================
2026-09-15 18:36:16,752 | INFO | START COMMENT CRAWLING
2026-09-15 18:36:16,752 | INFO | ======================================
2026-09-15 18:36:16,753 | INFO | Opening TikTok comment panel...
2026-09-15 18:36:16,791 | INFO | Selector [data-e2e="comment-icon"] -> 1 elements
2026-09-15 18:36:17,851 | INFO | Clicked comment button: [data-e2e="comment-icon"]
2026-09-15 18:36:20,886 | INFO | Comment DOM loaded: [data-e2e="comment-level-1"] | 20 elements
2026-09-15 18:36:21,572 | INFO | Clicked 'View more' button
2026-09-15 18:36:23,583 | INFO | Round 1 | DOM comments: 40
2026-09-15 18:36:23,657 | INFO | Comment 1/50: tuỳ quán có quán bán thôi
2026-09-15 18:36:23,721 | INFO | Comment 2/50: Đồ ăn ĐN thì rẻ quá rồi
2026-09-15 18:36:23,792 | INFO | Comment 3/50: này có mở tối k
2026-09-15 18:36:23,853 | INFO | Comment 4/50: 𝗫𝗲 Đà 𝐍ẵ𝐧𝐠 - 𝐇ộ𝐢 𝐀𝐧 - 𝐁à 𝐍à - 𝐇𝐮ế 🌿Xe 4 chỗ giá 219k 1 chiều ( bao xe ) 🌿Xe 7 chỗ giá 269k 1 chiều (
2026-09-15 18:36:23,894 | INFO | Comment 5/50: Thiên đường ẩm thực là đây
2026-09-15 18:36:23,929 | INFO | Comment 6/50: Ngon quá
2026-09-15 18:36:23,965 | INFO | Comment 7/50: Nào rảnh ghé mình chill chill cà phé nhaaa
2026-09-15 18:36:24,017 | INFO | Comment 8/50: Đi mấy h là hợp ạ
2026-09-15 18:36:24,058 | INFO | Comment 9/50: 🥰🥰quê tui mãi đỉnh
2026-09-15 18:36:24,106 | INFO | Comment 10/50: Ngon quá ạ 😍
2026-09-15 18:36:24,156 | INFO | Comment 11/50: chợ này có mở sớm k a
2026-09-15 18:36:24,192 | INFO | Comment 12/50: có mở tối không bạn
2026-09-15 18:36:24,227 | INFO | Comment 13/50: muốn đi quá ạ
2026-09-15 18:36:24,271 | INFO | Comment 14/50: Chủ thớt bật đèn xanh là mình nhấn nút 'theo dõi' liền đó nha, qua lại cho xôm tụ nè!"
2026-09-15 18:36:24,329 | INFO | Comment 15/50: Vừa nóng vừa hầm nuốt không zo
2026-09-15 18:36:24,428 | INFO | Comment 16/50: Trang
2026-09-15 18:36:24,499 | INFO | Comment 17/50: 🌺🌺🌺
2026-09-15 18:36:24,552 | INFO | Comment 18/50: Đồ ăn ko hợp cho lắm
2026-09-15 18:36:24,626 | INFO | Comment 19/50: 😍😍
2026-09-15 18:36:24,684 | INFO | Comment 20/50: Bánh kem dâu tây 🍰 tuỳ quán có quán bán thôi 7-21 Trả lời 1
2026-09-15 18:36:24,765 | INFO | Comment 21/50: ✈️ Đồ ăn ĐN thì rẻ quá rồi 5-8 Trả lời 2
2026-09-15 18:36:24,836 | INFO | Comment 22/50: Hường shop912 này có mở tối k 5-16 Trả lời 1
2026-09-15 18:36:24,898 | INFO | Comment 23/50: Tham Quan Hội An 𝗫𝗲 Đà 𝐍ẵ𝐧𝐠 - 𝐇ộ𝐢 𝐀𝐧 - 𝐁à 𝐍à - 𝐇𝐮ế 🌿Xe 4 chỗ giá 219k 1 chiều ( bao xe ) 🌿Xe 7 chỗ g
2026-09-15 18:36:24,966 | INFO | Comment 24/50: Đà Nẵng Travel · Nhà sáng tạo Thiên đường ẩm thực là đây 5-8 Trả lời 1
2026-09-15 18:36:25,028 | INFO | Comment 25/50: listen_up_english Ngon quá 7-29 Trả lời 0
2026-09-15 18:36:25,074 | INFO | Comment 26/50: Pha Phê bán cà phé Nào rảnh ghé mình chill chill cà phé nhaaa 7-12 Trả lời 0
2026-09-15 18:36:25,148 | INFO | Comment 27/50: Susu 79 Đi mấy h là hợp ạ 7-9 Trả lời 0
2026-09-15 18:36:25,200 | INFO | Comment 28/50: Chân Gà Xào Cay Đà Nẵng ❤️ 🥰🥰quê tui mãi đỉnh 6-20 Trả lời 0
2026-09-15 18:36:25,264 | INFO | Comment 29/50: Đà Nẵng Cùng Em Ngon quá ạ 😍 5-10 Trả lời 0
2026-09-15 18:36:25,323 | INFO | Comment 30/50: Huệ chill ❤️ chợ này có mở sớm k a 5-9 Trả lời 0
2026-09-15 18:36:25,377 | INFO | Comment 31/50: hbquoc.3326112308 có mở tối không bạn 5-9 Trả lời 0
2026-09-15 18:36:25,432 | INFO | Comment 32/50: Đà Nẵng Cùng Em muốn đi quá ạ 5-9 Trả lời 0
2026-09-15 18:36:25,489 | INFO | Comment 33/50: ABOY Chủ thớt bật đèn xanh là mình nhấn nút 'theo dõi' liền đó nha, qua lại cho xôm tụ nè!" 8-16 Trả
2026-09-15 18:36:25,554 | INFO | Comment 34/50: minh phương nguyễn Vừa nóng vừa hầm nuốt không zo 5-24 Trả lời 0
2026-09-15 18:36:25,616 | INFO | Comment 35/50: Phuongthanh_9x @Anh Quang 7-2 Trả lời 0
2026-09-15 18:36:25,667 | INFO | Comment 36/50: THUỶ Bii ( Chân Mỹ Tịnh ) 🙏🏻 Trang@Trang 6-9 Trả lời 0
2026-09-15 18:36:25,762 | INFO | Comment 37/50: Phương Dưa Kiệu 🌺🌺🌺 5-8 Trả lời 0
2026-09-15 18:36:25,828 | INFO | Comment 38/50: the Đồ ăn ko hợp cho lắm 5-8 Trả lời 0
2026-09-15 18:36:25,903 | INFO | Comment 39/50: Đà Nẵng Travel · Nhà sáng tạo 😍😍 5-8 Trả lời 0
2026-09-15 18:36:25,904 | INFO | DOM growth: 0 → 40
2026-09-15 18:36:25,919 | INFO | Scroll mode: COMMENT_CONTAINER
2026-09-15 18:36:29,436 | INFO | Clicked 'View more' button
2026-09-15 18:36:31,500 | INFO | Round 2 | DOM comments: 40
2026-09-15 18:36:33,791 | INFO | DOM growth: 40 → 40
2026-09-15 18:36:33,804 | INFO | Scroll mode: COMMENT_CONTAINER
2026-09-15 18:36:37,282 | INFO | Clicked 'View more' button
2026-09-15 18:36:39,339 | INFO | Round 3 | DOM comments: 40
2026-09-15 18:36:41,631 | INFO | DOM growth: 40 → 40
2026-09-15 18:36:41,638 | INFO | Scroll mode: COMMENT_CONTAINER
2026-09-15 18:36:45,470 | INFO | Clicked 'View more' button
2026-09-15 18:36:47,499 | INFO | Round 4 | DOM comments: 40
2026-09-15 18:36:50,115 | INFO | DOM growth: 40 → 40
2026-09-15 18:36:50,125 | INFO | Scroll mode: COMMENT_CONTAINER
2026-09-15 18:36:53,757 | INFO | Clicked 'View more' button
2026-09-15 18:36:55,997 | INFO | Round 5 | DOM comments: 40
2026-09-15 18:36:58,252 | INFO | DOM growth: 40 → 40
2026-09-15 18:36:58,261 | INFO | Scroll mode: COMMENT_CONTAINER
2026-09-15 18:37:02,853 | INFO | Clicked 'View more' button
2026-09-15 18:37:04,935 | INFO | Round 6 | DOM comments: 40
2026-09-15 18:37:07,007 | INFO | DOM growth: 40 → 40
2026-09-15 18:37:07,016 | INFO | Scroll mode: COMMENT_CONTAINER
2026-09-15 18:37:11,079 | INFO | Clicked 'View more' button
2026-09-15 18:37:12,967 | INFO | Round 7 | DOM comments: 40
2026-09-15 18:37:15,111 | INFO | DOM growth: 40 → 40
2026-09-15 18:37:15,121 | INFO | Scroll mode: COMMENT_CONTAINER
2026-09-15 18:37:19,645 | INFO | Clicked 'View more' button
2026-09-15 18:37:21,826 | INFO | Round 8 | DOM comments: 40
2026-09-15 18:37:24,527 | INFO | DOM growth: 40 → 40
2026-09-15 18:37:24,544 | INFO | Scroll mode: COMMENT_CONTAINER
2026-09-15 18:37:28,153 | INFO | Clicked 'View more' button
2026-09-15 18:37:30,150 | INFO | Round 9 | DOM comments: 40
2026-09-15 18:37:32,492 | INFO | DOM growth: 40 → 40
2026-09-15 18:37:32,499 | INFO | Scroll mode: COMMENT_CONTAINER
2026-09-15 18:37:36,528 | WARNING | Retrying (Retry(total=2, connect=None, read=None, redirect=None, status=None)) after connection broken by 'ConnectionResetError(10054, 'An existing connection was forcibly closed by the remote host', None, 10054, None)': /session/ba7f07ff565c679e3ee1ceb46dd1f4bf
2026-09-15 18:37:40,563 | WARNING | Retrying (Retry(total=1, connect=None, read=None, redirect=None, status=None)) after connection broken by 'NewConnectionError("HTTPConnection(host='localhost', port=14145): Failed to establish a new connection: [WinError 10061] No connection could be made because the target machine actively refused it")': /session/ba7f07ff565c679e3ee1ceb46dd1f4bf
2026-09-15 18:37:44,629 | WARNING | Retrying (Retry(total=0, connect=None, read=None, redirect=None, status=None)) after connection broken by 'NewConnectionError("HTTPConnection(host='localhost', port=14145): Failed to establish a new connection: [WinError 10061] No connection could be made because the target machine actively refused it")': /session/ba7f07ff565c679e3ee1ceb46dd1f4bf
2026-09-15 18:37:56,190 | INFO | ======================================
2026-09-15 18:37:56,190 | INFO | TikTok metadata + comments crawler
2026-09-15 18:37:56,190 | INFO | ======================================
2026-09-15 18:37:58,171 | INFO | Searching: du lịch Đà Nẵng
2026-09-15 18:38:06,867 | INFO | Search round 1 | videos: 12
2026-09-15 18:38:10,640 | INFO | Search round 2 | videos: 12
2026-09-15 18:38:13,678 | INFO | Keyword 'du lịch Đà Nẵng': 12 videos
2026-09-15 18:38:13,679 | INFO | [1/12] https://www.tiktok.com/@dulichdanang24/video/7584334864464334101
2026-09-15 18:38:13,679 | INFO | Open video: https://www.tiktok.com/@dulichdanang24/video/7584334864464334101
2026-09-15 18:38:24,732 | INFO | ======================================
2026-09-15 18:38:24,733 | INFO | START COMMENT CRAWLING
2026-09-15 18:38:24,733 | INFO | ======================================
2026-09-15 18:38:24,733 | INFO | Opening TikTok comment panel...
2026-09-15 18:38:24,748 | INFO | Selector [data-e2e="comment-icon"] -> 1 elements
2026-09-15 18:38:25,809 | INFO | Clicked comment button: [data-e2e="comment-icon"]
2026-09-15 18:38:28,856 | INFO | Comment DOM loaded: [data-e2e="comment-level-1"] | 20 elements
2026-09-15 18:38:29,507 | INFO | Clicked 'View more' button
2026-09-15 18:38:31,734 | INFO | Round 1 | DOM comments: 40
2026-09-15 18:38:31,986 | INFO | Comment 1/50: Những địa điểm này gần nhau không ạ, em cbi đi Đà Nẵng ạ
2026-09-15 18:38:32,089 | INFO | Comment 2/50: Muốn đi hết tất cả các điểm du lịch đẹp tại đà nẵng ?
2026-09-15 18:38:32,158 | INFO | Comment 3/50: Bóck tuor liên hệ sao vậy ạ
2026-09-15 18:38:32,218 | INFO | Comment 4/50: Mình khá recommend chỗ này nếu mọi người đang ở Đà Nẵng 👀🍹 Quầy bar trên không độc lạ, vừa uống nước
2026-09-15 18:38:32,284 | INFO | Comment 5/50: 1 ngày thì sắp lịch đi các điểm này lầ lượt như thế nào cho hợp lý ạ?
2026-09-15 18:38:32,387 | INFO | Comment 6/50: M xin địa chỉ đèo Hải Vân ạ
2026-09-15 18:38:32,501 | INFO | Comment 7/50: Bãi đá rêu nam ô ở đâu vậy ạ
2026-09-15 18:38:32,735 | INFO | Comment 8/50: book tour sao bạn ơi
2026-09-15 18:38:32,825 | INFO | Comment 9/50: Sắp đến tết rồi, phải đi làm chụp bộ ảnh thôi cả nhà ơi 😝
2026-09-15 18:38:32,882 | INFO | Comment 10/50: Bạn di chuyển bằng gì vậy ạ
2026-09-15 18:38:32,959 | INFO | Comment 11/50: Chào anh chị bên em xe du lịch Đà Nẵng - Hội An - Huế Đà Nẵng - Hội An xe 4 chỗ : 230🐠 Đà Nẵng - Hội
2026-09-15 18:38:33,018 | INFO | Comment 12/50: công viên 29/3 đâu còn nữa
2026-09-15 18:38:33,100 | INFO | Comment 13/50: Ok nhé Đến đànẵng hộian du lịch cần xe di chuyển ới e nhé mọingươi , Xe ĐàNẵng đi HộiAn 4chỗ 219 cá 
2026-09-15 18:38:33,171 | INFO | Comment 14/50: Cảm ơn bạn
2026-09-15 18:38:33,237 | INFO | Comment 15/50: Mình xin full địa chỉ các nơi trên với ạ
2026-09-15 18:38:33,284 | INFO | Comment 16/50: Hoa đẹp mà chụp hình thì quá ok luôn bạn nè
2026-09-15 18:38:33,347 | INFO | Comment 17/50: điểm chờ tàu nào của Đn
2026-09-15 18:38:33,414 | INFO | Comment 18/50: Con đường hoa giấy ở đâu bạn ơi
2026-09-15 18:38:33,484 | INFO | Comment 19/50: Bãi rêu Nam Ô đi như nào v ạ?
2026-09-15 18:38:33,556 | INFO | Comment 20/50: Đà nẵng lúc nào cũng đẹp
2026-09-15 18:38:33,643 | INFO | Comment 21/50: đẹp gái nhưng lì 🦦 Những địa điểm này gần nhau không ạ, em cbi đi Đà Nẵng ạ 3-7
2026-09-15 18:38:33,714 | INFO | Comment 22/50: 🌹Bông Hồng Nhung 🌹 Muốn đi hết tất cả các điểm du lịch đẹp tại đà nẵng ? 6-15
2026-09-15 18:38:33,781 | INFO | Comment 23/50: Phương Nhi 2309 Bóck tuor liên hệ sao vậy ạ 7-10
2026-09-15 18:38:33,849 | INFO | Comment 24/50: Yunkimin Mình khá recommend chỗ này nếu mọi người đang ở Đà Nẵng 👀🍹 Quầy bar trên không độc lạ, vừa 
2026-09-15 18:38:33,917 | INFO | Comment 25/50: AnhThu.9.9.1991 1 ngày thì sắp lịch đi các điểm này lầ lượt như thế nào cho hợp lý ạ? 9-3
2026-09-15 18:38:34,067 | INFO | Comment 26/50: Hoa sen tĩnh lặng 🪷 M xin địa chỉ đèo Hải Vân ạ 8-30
2026-09-15 18:38:34,136 | INFO | Comment 27/50: Link Lan Bãi đá rêu nam ô ở đâu vậy ạ 6-14
2026-09-15 18:38:34,189 | INFO | Comment 28/50: Khắc Vĩnh book tour sao bạn ơi 7-14
2026-09-15 18:38:34,277 | INFO | Comment 29/50: Du Lịch Đà Nẵng · Nhà sáng tạo Sắp đến tết rồi, phải đi làm chụp bộ ảnh thôi cả nhà ơi 😝 2025-12-16
2026-09-15 18:38:34,408 | INFO | Comment 30/50: Nhong Nhong Đi Chơiii Bạn di chuyển bằng gì vậy ạ 4-26
2026-09-15 18:38:34,470 | INFO | Comment 31/50: Gian hàng của Vy Chào anh chị bên em xe du lịch Đà Nẵng - Hội An - Huế Đà Nẵng - Hội An xe 4 chỗ : 2
2026-09-15 18:38:34,540 | INFO | Comment 32/50: hương tràm .. công viên 29/3 đâu còn nữa 1-6
2026-09-15 18:38:34,602 | INFO | Comment 33/50: Vô tri bị khờ 🤡 Ok nhé Đến đànẵng hộian du lịch cần xe di chuyển ới e nhé mọingươi , Xe ĐàNẵng đi Hộ
2026-09-15 18:38:34,677 | INFO | Comment 34/50: Da Nang Local Tours Cảm ơn bạn 7-14
2026-09-15 18:38:34,742 | INFO | Comment 35/50: gà con Mình xin full địa chỉ các nơi trên với ạ 4-13
2026-09-15 18:38:34,809 | INFO | Comment 36/50: Việnchămsócda Geumsan Academy Hoa đẹp mà chụp hình thì quá ok luôn bạn nè 3-13
2026-09-15 18:38:34,891 | INFO | Comment 37/50: vinhquang62327 điểm chờ tàu nào của Đn 2-20
2026-09-15 18:38:34,964 | INFO | Comment 38/50: Dương Thị Tường Lân Con đường hoa giấy ở đâu bạn ơi 3-12
2026-09-15 18:38:35,021 | INFO | Comment 39/50: Quýt🍊 Bãi rêu Nam Ô đi như nào v ạ? 3-15
2026-09-15 18:38:35,175 | INFO | Comment 40/50: OANH MÂY TAKPO Đà nẵng lúc nào cũng đẹp 4-14
2026-09-15 18:38:35,175 | INFO | DOM growth: 0 → 40
2026-09-15 18:38:35,186 | INFO | Scroll mode: COMMENT_CONTAINER
2026-09-15 18:38:40,116 | INFO | Clicked 'View more' button
2026-09-15 18:38:42,986 | INFO | Round 2 | DOM comments: 80
2026-09-15 18:38:44,360 | INFO | Comment 41/50: Chỗ chờ tàu là ở đâu vậy ạ?
2026-09-15 18:38:44,438 | INFO | Comment 42/50: [Nhãn dán]
2026-09-15 18:38:44,568 | INFO | Comment 43/50: đẹp quá ạ
2026-09-15 18:38:44,628 | INFO | Comment 44/50: Đẹp quá🥰
2026-09-15 18:38:44,718 | INFO | Comment 45/50: rất đẹp đã đi.
2026-09-15 18:38:44,792 | INFO | Comment 46/50: Mê
2026-09-15 18:38:44,882 | INFO | Comment 47/50: Đường về Minh Mạng ở chỏi nào vậy em
2026-09-15 18:38:44,952 | INFO | Comment 48/50: Cả nhà đi được mấy điểm rồi nè 🥰
2026-09-15 18:38:45,157 | INFO | Comment 49/50: Con đường hoa giấy ở đâu v ạ
2026-09-15 18:38:45,262 | INFO | Comment 50/50: Đẹp
2026-09-15 18:38:45,264 | INFO | Reached maximum 50 comments.
2026-09-15 18:38:45,265 | INFO | ======================================
2026-09-15 18:38:45,265 | INFO | COMMENT RESULT: 50/50
2026-09-15 18:38:45,265 | INFO | ======================================
2026-09-15 18:38:45,268 | INFO | Saved JSON: D:\TIỂU LUẬN CHUYÊN NGÀNH\TLCN-Travel\data\raw\tiktok\tiktok_metadata_comments.json
2026-09-15 18:38:45,268 | INFO | Done: 50 comments
2026-09-15 18:38:48,639 | INFO | [2/12] https://www.tiktok.com/@thuongodanang/video/7604092040615431442
2026-09-15 18:38:48,640 | INFO | Open video: https://www.tiktok.com/@thuongodanang/video/7604092040615431442
2026-09-15 18:39:01,313 | INFO | ======================================
2026-09-15 18:39:01,313 | INFO | START COMMENT CRAWLING
2026-09-15 18:39:01,313 | INFO | ======================================
2026-09-15 18:39:01,313 | INFO | Opening TikTok comment panel...
2026-09-15 18:39:01,324 | INFO | Selector [data-e2e="comment-icon"] -> 1 elements
2026-09-15 18:39:02,323 | INFO | Clicked comment button: [data-e2e="comment-icon"]
2026-09-15 18:39:05,362 | INFO | Comment DOM loaded: [data-e2e="comment-level-1"] | 20 elements
2026-09-15 18:39:06,022 | INFO | Clicked 'View more' button
2026-09-15 18:39:08,106 | INFO | Round 1 | DOM comments: 40
2026-09-15 18:39:08,150 | INFO | Comment 1/50: các bạn ơi,mình đi Đà Nẵng tháng 7,hai gia đình 8 người,mn có nhà nghỉ villa hay homestay nào uy tín
2026-09-15 18:39:08,193 | INFO | Comment 2/50: C ơi lên vid 4n3đ đc ko ạ
2026-09-15 18:39:08,225 | INFO | Comment 3/50: Ib tư vấn tour 3n2d
2026-09-15 18:39:08,265 | INFO | Comment 4/50: Tư vấn đi 3 người với ạ
2026-09-15 18:39:08,302 | INFO | Comment 5/50: Mk muốn đi cuối tháng 8 thì thời tiết đẹp k ạ
2026-09-15 18:39:08,340 | INFO | Comment 6/50: M xin giá vé bà nà ạ
2026-09-15 18:39:08,380 | INFO | Comment 7/50: Ib mình cần đi cuối tháng 6
2026-09-15 18:39:08,419 | INFO | Comment 8/50: Từ khách sạn đi hội an bn km ạ?
2026-09-15 18:39:08,462 | INFO | Comment 9/50: TV mình với bạn nhé
2026-09-15 18:39:08,499 | INFO | Comment 10/50: Ib m với
2026-09-15 18:39:08,539 | INFO | Comment 11/50: Ib mình
2026-09-15 18:39:08,588 | INFO | Comment 12/50: Mình xin tt đầu tháng 6 với
2026-09-15 18:39:08,632 | INFO | Comment 13/50: Ib mình nha
2026-09-15 18:39:08,684 | INFO | Comment 14/50: Đi theo tua thì như nào e
2026-09-15 18:39:08,740 | INFO | Comment 15/50: B ơi m muốn book combo lặn biển
2026-09-15 18:39:08,798 | INFO | Comment 16/50: Từ nghệ an đến đà nẵng com bo ntn vậy ạ
2026-09-15 18:39:08,857 | INFO | Comment 17/50: 2 người 3ngày 2 đêm xin tư vấn kinh phí. Tự túc
2026-09-15 18:39:08,895 | INFO | Comment 18/50: Xin Zalo em
2026-09-15 18:39:08,938 | INFO | Comment 19/50: Ib đặt vé ạ
2026-09-15 18:39:08,992 | INFO | Comment 20/50: ib e cuối tháng 7 ạ
2026-09-15 18:39:09,047 | INFO | Comment 21/50: Nắng dưới chân mây các bạn ơi,mình đi Đà Nẵng tháng 7,hai gia đình 8 người,mn có nhà nghỉ villa hay 
2026-09-15 18:39:09,114 | INFO | Comment 22/50: 57kg đổi tên 🤟 C ơi lên vid 4n3đ đc ko ạ 3-11
2026-09-15 18:39:09,178 | INFO | Comment 23/50: Heo con Ib tư vấn tour 3n2d 4-22
2026-09-15 18:39:09,254 | INFO | Comment 24/50: Mẹ Hana ❤️ Tư vấn đi 3 người với ạ 8-19
2026-09-15 18:39:09,317 | INFO | Comment 25/50: một_nụ_cười_9x Mk muốn đi cuối tháng 8 thì thời tiết đẹp k ạ 7-25
2026-09-15 18:39:09,369 | INFO | Comment 26/50: angelalenga3 M xin giá vé bà nà ạ 6-3
2026-09-15 18:39:09,432 | INFO | Comment 27/50: dstrang_tuvansuckhoe Ib mình cần đi cuối tháng 6 6-5
2026-09-15 18:39:09,504 | INFO | Comment 28/50: Trái tim lạnh ❄️❄️ Từ khách sạn đi hội an bn km ạ? 7-29
2026-09-15 18:39:09,571 | INFO | Comment 29/50: minh TV mình với bạn nhé 7-2
2026-09-15 18:39:09,653 | INFO | Comment 30/50: Cô đồng nát Ib m với 6-17
2026-09-15 18:39:09,710 | INFO | Comment 31/50: Cô Ca Ib mình 7-15
2026-09-15 18:39:09,805 | INFO | Comment 32/50: Thu Trang90 Mình xin tt đầu tháng 6 với 4-27
2026-09-15 18:39:09,882 | INFO | Comment 33/50: thanhtrang453 Ib mình nha 6-4
2026-09-15 18:39:09,934 | INFO | Comment 34/50: Hưng Mai Đi theo tua thì như nào e 6-1
2026-09-15 18:39:10,003 | INFO | Comment 35/50: Ngọc Yến Hoàng B ơi m muốn book combo lặn biển 6-11
2026-09-15 18:39:10,094 | INFO | Comment 36/50: Mây @ Từ nghệ an đến đà nẵng com bo ntn vậy ạ 6-30
2026-09-15 18:39:10,198 | INFO | Comment 37/50: Gia cat Duc 2 người 3ngày 2 đêm xin tư vấn kinh phí. Tự túc 6-14
2026-09-15 18:39:10,282 | INFO | Comment 38/50: phương thuỳ 170583 Xin Zalo em 8-10
2026-09-15 18:39:10,357 | INFO | Comment 39/50: Me.Ken nè Ib đặt vé ạ 7-16
2026-09-15 18:39:10,415 | INFO | Comment 40/50: Cô gái chuyên Đá ib e cuối tháng 7 ạ 6-6
2026-09-15 18:39:10,416 | INFO | DOM growth: 0 → 40
2026-09-15 18:39:10,429 | INFO | Scroll mode: COMMENT_CONTAINER
2026-09-15 18:39:14,039 | INFO | Clicked 'View more' button
2026-09-15 18:39:16,204 | INFO | Round 2 | DOM comments: 40
2026-09-15 18:39:18,648 | INFO | DOM growth: 40 → 40
2026-09-15 18:39:18,655 | INFO | Scroll mode: COMMENT_CONTAINER
2026-09-15 18:39:23,142 | INFO | Clicked 'View more' button
2026-09-15 18:39:25,214 | INFO | Round 3 | DOM comments: 40
2026-09-15 18:39:27,448 | INFO | DOM growth: 40 → 40
2026-09-15 18:39:27,461 | INFO | Scroll mode: COMMENT_CONTAINER
2026-09-15 18:39:32,377 | INFO | Clicked 'View more' button
2026-09-15 18:39:34,317 | INFO | Round 4 | DOM comments: 40
2026-09-15 18:39:36,138 | INFO | DOM growth: 40 → 40
2026-09-15 18:39:36,149 | INFO | Scroll mode: COMMENT_CONTAINER
2026-09-15 18:39:39,716 | INFO | Clicked 'View more' button
2026-09-15 18:39:41,867 | INFO | Round 5 | DOM comments: 40
2026-09-15 18:39:44,242 | INFO | DOM growth: 40 → 40
2026-09-15 18:39:44,249 | INFO | Scroll mode: COMMENT_CONTAINER
2026-09-15 18:39:48,137 | INFO | Clicked 'View more' button
2026-09-15 18:39:50,545 | INFO | Round 6 | DOM comments: 40
2026-09-15 18:39:52,825 | INFO | DOM growth: 40 → 40
2026-09-15 18:39:52,840 | INFO | Scroll mode: COMMENT_CONTAINER
2026-09-15 18:39:56,698 | INFO | Clicked 'View more' button
2026-09-15 18:39:58,680 | INFO | Round 7 | DOM comments: 40
2026-09-15 18:40:00,434 | INFO | DOM growth: 40 → 40
2026-09-15 18:40:00,447 | INFO | Scroll mode: COMMENT_CONTAINER
2026-09-15 18:40:04,517 | INFO | Clicked 'View more' button
2026-09-15 18:40:06,512 | INFO | Round 8 | DOM comments: 40
2026-09-15 18:40:08,456 | INFO | DOM growth: 40 → 40
2026-09-15 18:40:08,464 | INFO | Scroll mode: COMMENT_CONTAINER
2026-09-15 18:40:13,291 | INFO | Clicked 'View more' button
2026-09-15 18:40:15,316 | INFO | Round 9 | DOM comments: 40
2026-09-15 18:40:17,272 | INFO | DOM growth: 40 → 40
2026-09-15 18:40:17,281 | INFO | Scroll mode: COMMENT_CONTAINER
2026-09-15 18:40:21,634 | INFO | Clicked 'View more' button
2026-09-15 18:40:23,616 | INFO | Round 10 | DOM comments: 40
2026-09-15 18:40:25,439 | INFO | DOM growth: 40 → 40
2026-09-15 18:40:25,451 | INFO | Scroll mode: COMMENT_CONTAINER
2026-09-15 18:40:29,663 | INFO | Clicked 'View more' button
2026-09-15 18:40:31,592 | INFO | Round 11 | DOM comments: 40
2026-09-15 18:40:33,473 | INFO | DOM growth: 40 → 40
2026-09-15 18:40:33,487 | INFO | Scroll mode: COMMENT_CONTAINER
2026-09-15 18:40:38,234 | INFO | Clicked 'View more' button
2026-09-15 18:40:40,512 | INFO | Round 12 | DOM comments: 40
2026-09-15 18:40:42,875 | INFO | DOM growth: 40 → 40
2026-09-15 18:40:42,889 | INFO | Scroll mode: COMMENT_CONTAINER
2026-09-15 18:40:47,775 | INFO | Clicked 'View more' button
2026-09-15 18:40:49,880 | INFO | Round 13 | DOM comments: 40
2026-09-15 18:40:51,974 | INFO | No new comments after 12 rounds → stop.
2026-09-15 18:40:51,975 | INFO | ======================================
2026-09-15 18:40:51,976 | INFO | COMMENT RESULT: 40/50
2026-09-15 18:40:51,976 | INFO | ======================================
2026-09-15 18:40:51,978 | INFO | Saved JSON: D:\TIỂU LUẬN CHUYÊN NGÀNH\TLCN-Travel\data\raw\tiktok\tiktok_metadata_comments.json
2026-09-15 18:40:51,978 | INFO | Done: 40 comments
2026-09-15 18:40:54,442 | INFO | [3/12] https://www.tiktok.com/@dulichdanang24/video/7542411652445048071
2026-09-15 18:40:54,445 | INFO | Open video: https://www.tiktok.com/@dulichdanang24/video/7542411652445048071
2026-09-15 18:41:07,879 | INFO | ======================================
2026-09-15 18:41:07,879 | INFO | START COMMENT CRAWLING
2026-09-15 18:41:07,880 | INFO | ======================================
2026-09-15 18:41:07,880 | INFO | Opening TikTok comment panel...
2026-09-15 18:41:07,902 | INFO | Selector [data-e2e="comment-icon"] -> 1 elements
2026-09-15 18:41:08,921 | INFO | Clicked comment button: [data-e2e="comment-icon"]
2026-09-15 18:41:11,940 | INFO | Comment DOM loaded: [data-e2e="comment-level-1"] | 20 elements
2026-09-15 18:41:12,612 | INFO | Clicked 'View more' button
2026-09-15 18:41:14,579 | INFO | Round 1 | DOM comments: 40
2026-09-15 18:41:14,599 | INFO | Comment 1/50: Đi hết địa điểm này chi phí hết bn ạ
2026-09-15 18:41:14,630 | INFO | Comment 2/50: các trò chơi trên bà na hill có mất phí không ạ
2026-09-15 18:41:14,663 | INFO | Comment 3/50: Chào anh chị bên em xe du lịch Đà Nẵng - Hội An - Huế Đà Nẵng - Hội An xe 4 chỗ : 230🐠 Đà Nẵng - Hội
2026-09-15 18:41:14,724 | INFO | Comment 4/50: mn đã đi được hết từng này điểm chưa? 😍
2026-09-15 18:41:14,798 | INFO | Comment 5/50: Em muốn đặt khách sạn ạ
2026-09-15 18:41:14,885 | INFO | Comment 6/50: Gia sao ạ
2026-09-15 18:41:14,937 | INFO | Comment 7/50: tv
2026-09-15 18:41:14,985 | INFO | Comment 8/50: 🚍 ĐẶT VÉ XE VĂN MINH Tuyến: Hà Nội ⮂ Nghệ An ⮂ Hà Tĩnh ⮂ Quảng Bình ⮂ Đà Nẵng ✅ Nhận khách đoàn – ch
2026-09-15 18:41:15,032 | INFO | Comment 9/50: vào đà nẵng 4 ngày 3 đêm thì điểm đến đầu tiền thì m lên ở đâu các bạn ( từ sân bay ạ )🥰
2026-09-15 18:41:15,066 | INFO | Comment 10/50: E muốn book ks sốp ơi
2026-09-15 18:41:15,103 | INFO | Comment 11/50: Dat ve sao bạn ơi
2026-09-15 18:41:15,148 | INFO | Comment 12/50: @Xe ĐàNẵng Huế HộiAn 0898346863: Đà 𝐍ẵ𝐧𝐠 - 𝐇ộ𝐢 𝐀𝐧 - 𝐁à 𝐍à - 𝐇𝐮ế Giá ưu đãi xe 4 chỗ dá : 219k ( 1 ch
2026-09-15 18:41:15,190 | INFO | Comment 13/50: Đi tour này thì nên thuê khách sạn tại đâu cho tiện di chuyển ạ
2026-09-15 18:41:15,229 | INFO | Comment 14/50: Xin giá đi như này
2026-09-15 18:41:15,267 | INFO | Comment 15/50: E muốn đặt tour ạ
2026-09-15 18:41:15,313 | INFO | Comment 16/50: C ở cần thơ bao nhiêu 1 người vậy em
2026-09-15 18:41:15,346 | INFO | Comment 17/50: Đà Nẵng siêu vuii 🥰
2026-09-15 18:41:15,387 | INFO | Comment 18/50: bà nà hill đẹp quá
2026-09-15 18:41:15,421 | INFO | Comment 19/50: Nhớ lưu địa chỉ nhắn em thuê xe máy nha mấy anh chị
2026-09-15 18:41:15,468 | INFO | Comment 20/50: 2 người, chơi buổi sáng thứ 2 thì có thể đi đâu ạ, ở gần ga tàu ạ🥰
2026-09-15 18:41:15,528 | INFO | Comment 21/50: Mộc Miên Đi hết địa điểm này chi phí hết bn ạ 2-15
2026-09-15 18:41:15,587 | INFO | Comment 22/50: 😊 các trò chơi trên bà na hill có mất phí không ạ 2025-12-30
2026-09-15 18:41:15,654 | INFO | Comment 23/50: Gian hàng của Vy Chào anh chị bên em xe du lịch Đà Nẵng - Hội An - Huế Đà Nẵng - Hội An xe 4 chỗ : 2
2026-09-15 18:41:15,763 | INFO | Comment 24/50: Du Lịch Đà Nẵng · Nhà sáng tạo mn đã đi được hết từng này điểm chưa? 😍 2025-8-25
2026-09-15 18:41:15,853 | INFO | Comment 25/50: Dung Coca🥤 Em muốn đặt khách sạn ạ 3-11
2026-09-15 18:41:15,910 | INFO | Comment 26/50: cong thanh Gia sao ạ 5-22
2026-09-15 18:41:15,969 | INFO | Comment 27/50: Diệp beauty tv 4-22
2026-09-15 18:41:16,024 | INFO | Comment 28/50: Cô bé bán vé Văn Minh 🚍 ĐẶT VÉ XE VĂN MINH Tuyến: Hà Nội ⮂ Nghệ An ⮂ Hà Tĩnh ⮂ Quảng Bình ⮂ Đà Nẵng 
2026-09-15 18:41:16,077 | INFO | Comment 29/50: Bắc Đá vào đà nẵng 4 ngày 3 đêm thì điểm đến đầu tiền thì m lên ở đâu các bạn ( từ sân bay ạ )🥰 3-8
2026-09-15 18:41:16,180 | INFO | Comment 30/50: Ngọc Lệ E muốn book ks sốp ơi 4-9
2026-09-15 18:41:16,268 | INFO | Comment 31/50: 🦋🌻HOÀI THƯƠNG🌻🦋 Dat ve sao bạn ơi 4-16
2026-09-15 18:41:16,379 | INFO | Comment 32/50: Hiep Duc. @Xe ĐàNẵng Huế HộiAn 0898346863: Đà 𝐍ẵ𝐧𝐠 - 𝐇ộ𝐢 𝐀𝐧 - 𝐁à 𝐍à - 𝐇𝐮ế Giá ưu đãi xe 4 chỗ dá : 2
2026-09-15 18:41:16,466 | INFO | Comment 33/50: Anh Quyền Đi tour này thì nên thuê khách sạn tại đâu cho tiện di chuyển ạ 5-13
2026-09-15 18:41:16,537 | INFO | Comment 34/50: Thích Đủ thứ Xin giá đi như này 3-30
2026-09-15 18:41:16,614 | INFO | Comment 35/50: Mẹ cafe ☕️ E muốn đặt tour ạ 3-4
2026-09-15 18:41:16,689 | INFO | Comment 36/50: Oanh🌹 C ở cần thơ bao nhiêu 1 người vậy em 3-28
2026-09-15 18:41:16,753 | INFO | Comment 37/50: Trang La Kà Đà Nẵng Đà Nẵng siêu vuii 🥰 2-28
2026-09-15 18:41:16,809 | INFO | Comment 38/50: Tour Bà Nà Giá Rẻ bà nà hill đẹp quá 7-2
2026-09-15 18:41:16,869 | INFO | Comment 39/50: Tiệm bông bán hoa Nhớ lưu địa chỉ nhắn em thuê xe máy nha mấy anh chị 5-6
2026-09-15 18:41:16,930 | INFO | Comment 40/50: Hằng Bơ 2 người, chơi buổi sáng thứ 2 thì có thể đi đâu ạ, ở gần ga tàu ạ🥰 3-26
2026-09-15 18:41:16,931 | INFO | DOM growth: 0 → 40
2026-09-15 18:41:16,937 | INFO | Scroll mode: COMMENT_CONTAINER
2026-09-15 18:41:20,486 | INFO | Clicked 'View more' button
2026-09-15 18:41:21,951 | WARNING | Retrying (Retry(total=2, connect=None, read=None, redirect=None, status=None)) after connection broken by 'ConnectionResetError(10054, 'An existing connection was forcibly closed by the remote host', None, 10054, None)': /session/6317ac2d24f4ae74181a3647769defa0
2026-09-15 18:41:26,018 | WARNING | Retrying (Retry(total=1, connect=None, read=None, redirect=None, status=None)) after connection broken by 'NewConnectionError("HTTPConnection(host='localhost', port=41624): Failed to establish a new connection: [WinError 10061] No connection could be made because the target machine actively refused it")': /session/6317ac2d24f4ae74181a3647769defa0
2026-09-15 18:41:30,088 | WARNING | Retrying (Retry(total=0, connect=None, read=None, redirect=None, status=None)) after connection broken by 'NewConnectionError("HTTPConnection(host='localhost', port=41624): Failed to establish a new connection: [WinError 10061] No connection could be made because the target machine actively refused it")': /session/6317ac2d24f4ae74181a3647769defa0
2026-09-15 18:41:37,090 | INFO | ======================================
2026-09-15 18:41:37,090 | INFO | TikTok metadata + comments crawler
2026-09-15 18:41:37,091 | INFO | ======================================
2026-09-15 18:41:39,791 | INFO | Searching: du lịch Đà Nẵng
2026-09-15 18:41:48,065 | INFO | Search round 1 | videos: 12
2026-09-15 18:41:52,335 | INFO | Search round 2 | videos: 12
2026-09-15 18:41:56,056 | INFO | Keyword 'du lịch Đà Nẵng': 12 videos
2026-09-15 18:41:56,059 | INFO | [1/12] https://www.tiktok.com/@nhungbanahill/video/7669031107911863573
2026-09-15 18:41:56,059 | INFO | Open video: https://www.tiktok.com/@nhungbanahill/video/7669031107911863573
2026-09-15 18:42:07,792 | INFO | ======================================
2026-09-15 18:42:07,792 | INFO | START COMMENT CRAWLING
2026-09-15 18:42:07,793 | INFO | ======================================
2026-09-15 18:42:07,793 | INFO | Opening TikTok comment panel...
2026-09-15 18:42:07,814 | INFO | Selector [data-e2e="comment-icon"] -> 1 elements
2026-09-15 18:42:08,996 | INFO | Clicked comment button: [data-e2e="comment-icon"]
2026-09-15 18:42:12,040 | INFO | Comment DOM loaded: [data-e2e="comment-level-1"] | 20 elements
2026-09-15 18:42:12,758 | INFO | Clicked 'View more' button
2026-09-15 18:42:15,450 | INFO | Round 1 | DOM comments: 40
2026-09-15 18:42:15,560 | INFO | Comment 1/50: cho mình xin giá 2 ngươig
2026-09-15 18:42:15,697 | INFO | Comment 2/50: Tour này giá bn/ng ạ
2026-09-15 18:42:15,774 | INFO | Comment 3/50: Ibi chị nhé
2026-09-15 18:42:15,865 | INFO | Comment 4/50: Em ơi, 29/8 đi rừng dừa buổi chiều xong vào hội an có oki em
2026-09-15 18:42:15,961 | INFO | Comment 5/50: xin thông tin tour
2026-09-15 18:42:16,065 | INFO | Comment 6/50: bn vậy bn
2026-09-15 18:42:16,198 | INFO | Comment 7/50: Xin giá 2 ng ngày 29
2026-09-15 18:42:16,367 | INFO | Comment 8/50: E xin giá tour 1 ng lớn 1 trẻ em ạ
2026-09-15 18:42:16,503 | INFO | Comment 9/50: xin giá tour
2026-09-15 18:42:16,639 | INFO | Comment 10/50: Bn 1 ng vậy c
2026-09-15 18:42:16,848 | INFO | Comment 11/50: Xin giá
2026-09-15 18:42:17,192 | INFO | Comment 12/50: Ib
2026-09-15 18:42:17,360 | INFO | Comment 13/50: Cho mh xin vé 2ng
2026-09-15 18:42:17,469 | INFO | Comment 14/50: Cho mình xin giá ạ
2026-09-15 18:42:17,565 | INFO | Comment 15/50: Đi từ ĐN cho giá
2026-09-15 18:42:17,661 | INFO | Comment 16/50: .. tư vấn em ah
2026-09-15 18:42:17,760 | INFO | Comment 17/50: Tour này nhiều 1 người
2026-09-15 18:42:17,871 | INFO | Comment 18/50: Đây là tự đi hay theo tour vậy ạ
2026-09-15 18:42:17,952 | INFO | Comment 19/50: Xin giá tour bao nhiêu
2026-09-15 18:42:18,071 | INFO | Comment 20/50: xin giá tua ạ
2026-09-15 18:42:18,235 | INFO | Comment 21/50: Thắm Vũ cho mình xin giá 2 ngươig
2026-09-15 18:42:18,418 | INFO | Comment 22/50: Linnday🫶 Tour này giá bn/ng ạ 8-1
2026-09-15 18:42:18,572 | INFO | Comment 23/50: lien nguyen Ibi chị nhé 9-4
2026-09-15 18:42:18,698 | INFO | Comment 24/50: Shop Sâu sâu Em ơi, 29/8 đi rừng dừa buổi chiều xong vào hội an có oki em 8-9
2026-09-15 18:42:18,832 | INFO | Comment 25/50: Luong Nguyen xin thông tin tour 8-19
2026-09-15 18:42:18,985 | INFO | Comment 26/50: Tuyet Anh Nguyễn bn vậy bn 8-25
2026-09-15 18:42:19,098 | INFO | Comment 27/50: Karlin 💕 Xin giá 2 ng ngày 29 8-29
2026-09-15 18:42:19,231 | INFO | Comment 28/50: Con là Sam ❤️ E xin giá tour 1 ng lớn 1 trẻ em ạ 8-26
2026-09-15 18:42:19,389 | INFO | Comment 29/50: Nguyễn Minh Thành xin giá tour 9-1
2026-09-15 18:42:19,517 | INFO | Comment 30/50: Thy Nguyễn Bn 1 ng vậy c 8-10
2026-09-15 18:42:19,639 | INFO | Comment 31/50: Thích một mình nhưng sợ cô đơn Xin giá 8-18
2026-09-15 18:42:19,771 | INFO | Comment 32/50: thao8892 Ib 8-30
2026-09-15 18:42:19,906 | INFO | Comment 33/50: Tuyetxinh9 Cho mh xin vé 2ng 8-10
2026-09-15 18:42:20,071 | INFO | Comment 34/50: Lày em Cho mình xin giá ạ 8-11
2026-09-15 18:42:20,240 | INFO | Comment 35/50: phạm châu Đi từ ĐN cho giá 8-19
2026-09-15 18:42:20,412 | INFO | Comment 36/50: Thươngggg🌷 .. tư vấn em ah 8-16
2026-09-15 18:42:20,599 | INFO | Comment 37/50: Phanngoc văn Tour này nhiều 1 người 8-9
2026-09-15 18:42:20,738 | INFO | Comment 38/50: doanhduong1620 Đây là tự đi hay theo tour vậy ạ 8-4
2026-09-15 18:42:20,874 | INFO | Comment 39/50: Van Anh Xin giá tour bao nhiêu 8-17
2026-09-15 18:42:21,006 | INFO | Comment 40/50: thị tẹt xin giá tua ạ 9-4
2026-09-15 18:42:21,007 | INFO | DOM growth: 0 → 40
2026-09-15 18:42:21,038 | INFO | Scroll mode: COMMENT_CONTAINER
2026-09-15 18:42:24,972 | INFO | Clicked 'View more' button
2026-09-15 18:42:28,170 | INFO | Round 2 | DOM comments: 57
2026-09-15 18:42:31,530 | INFO | Comment 41/50: Tv ạ
2026-09-15 18:42:31,827 | INFO | Comment 42/50: Tư vấn e với ạ
2026-09-15 18:42:31,939 | INFO | Comment 43/50: xin combo gia đình 4-3đ
2026-09-15 18:42:32,104 | INFO | Comment 44/50: Xin giá tour ạ
2026-09-15 18:42:32,227 | INFO | Comment 45/50: 0373136303 tư vấn em với ạ
2026-09-15 18:42:32,346 | INFO | Comment 46/50: 🥰🥰🥰
2026-09-15 18:42:34,944 | INFO | Comment 47/50: Shop bé Ken-Quang Vinh Tv ạ 8-19
2026-09-15 18:42:35,070 | INFO | Comment 48/50: phamchaanggg Ib 8-18
2026-09-15 18:42:35,181 | INFO | Comment 49/50: Hường Thư Tư vấn e với ạ 8-16
2026-09-15 18:42:35,307 | INFO | Comment 50/50: Ônq Hànq Xóm xin combo gia đình 4-3đ 8-17
2026-09-15 18:42:35,307 | INFO | Reached maximum 50 comments.
2026-09-15 18:42:35,308 | INFO | ======================================
2026-09-15 18:42:35,309 | INFO | COMMENT RESULT: 50/50
2026-09-15 18:42:35,310 | INFO | ======================================
2026-09-15 18:42:35,347 | INFO | Saved JSON: D:\TIỂU LUẬN CHUYÊN NGÀNH\TLCN-Travel\data\raw\tiktok\tiktok_metadata_comments.json
2026-09-15 18:42:35,348 | INFO | Done: 50 comments
2026-09-15 18:42:38,509 | INFO | [2/12] https://www.tiktok.com/@review.danang24/video/7649247032120577298
2026-09-15 18:42:38,510 | INFO | Open video: https://www.tiktok.com/@review.danang24/video/7649247032120577298
2026-09-15 18:42:48,026 | INFO | ======================================
2026-09-15 18:42:48,027 | INFO | START COMMENT CRAWLING
2026-09-15 18:42:48,027 | INFO | ======================================
2026-09-15 18:42:48,027 | INFO | Opening TikTok comment panel...
2026-09-15 18:42:48,054 | INFO | Selector [data-e2e="comment-icon"] -> 1 elements
2026-09-15 18:42:49,155 | INFO | Clicked comment button: [data-e2e="comment-icon"]
2026-09-15 18:42:52,194 | INFO | Comment DOM loaded: [data-e2e="comment-level-1"] | 19 elements
2026-09-15 18:42:52,860 | INFO | Clicked 'View more' button
2026-09-15 18:42:56,968 | INFO | Round 1 | DOM comments: 38
2026-09-15 18:42:57,232 | INFO | Comment 1/50: Đ𝐀̀ 𝐍𝐀̆̃𝐍𝐆 – 𝐇𝐎̣̂𝐈 𝐀𝐍 – Bà Nà - Huế Xe 4 chôỗ __ 219.k ☘️Xe 7 chôỗ___ 2.69k 🌿 Xe 16 chôỗ____ 3.99k 🍃
2026-09-15 18:42:57,481 | INFO | Comment 2/50: Mình xin giá tua ạ cho 6 người 2 người lớn 4 trẻ em ạ
2026-09-15 18:42:57,791 | INFO | Comment 3/50: Ib mình
2026-09-15 18:42:57,964 | INFO | Comment 4/50: Tư vấn giúp mình ạ
2026-09-15 18:42:58,084 | INFO | Comment 5/50: 2/8 e và đà nẵng tv e
2026-09-15 18:42:58,219 | INFO | Comment 6/50: đã
2026-09-15 18:42:58,311 | INFO | Comment 7/50: Tu vấn cho mình combo đi 2 người từ ngày 8/9 đi 2 ngày tu sai gon
2026-09-15 18:42:58,562 | INFO | Comment 8/50: Tháng này trời đẹp không ạ
2026-09-15 18:42:58,761 | INFO | Comment 9/50: Nội dung hay đó.
2026-09-15 18:42:58,834 | INFO | Comment 10/50: Mình xin giá vé bà nà với ạ
2026-09-15 18:42:58,906 | INFO | Comment 11/50: k
2026-09-15 18:42:59,014 | INFO | Comment 12/50: Ib
2026-09-15 18:42:59,102 | INFO | Comment 13/50: đẹp nhỉ
2026-09-15 18:42:59,179 | INFO | Comment 14/50: Giá vế ba nà niêu
2026-09-15 18:42:59,315 | INFO | Comment 15/50: Có shop nào bán đồ nữ gần sông hàn ko ạ
2026-09-15 18:42:59,428 | INFO | Comment 16/50: Xin dép lào
2026-09-15 18:42:59,529 | INFO | Comment 17/50: Ib tour 5/8 ạ
2026-09-15 18:42:59,602 | INFO | Comment 18/50: xin giá tour tháng 9 ạ
2026-09-15 18:42:59,702 | INFO | Comment 19/50: cho mình xin giá tour cho 9 người ạh
2026-09-15 18:42:59,832 | INFO | Comment 20/50: Xe ĐàNẵng Huế HộiAn 0898346863 Đ𝐀̀ 𝐍𝐀̆̃𝐍𝐆 – 𝐇𝐎̣̂𝐈 𝐀𝐍 – Bà Nà - Huế Xe 4 chôỗ __ 219.k ☘️Xe 7 chôỗ___
2026-09-15 18:42:59,928 | INFO | Comment 21/50: Mr.Bờm Mình xin giá tua ạ cho 6 người 2 người lớn 4 trẻ em ạ 7-16
2026-09-15 18:43:00,030 | INFO | Comment 22/50: 🎀my su🎀 Ib mình 8-29
2026-09-15 18:43:00,169 | INFO | Comment 23/50: Nhưthuận95 Tư vấn giúp mình ạ
2026-09-15 18:43:00,372 | INFO | Comment 24/50: Dũng thơ 2/8 e và đà nẵng tv e 7-30
2026-09-15 18:43:00,462 | INFO | Comment 25/50: Tuy Hoà đồ ăn ngon đã
2026-09-15 18:43:00,536 | INFO | Comment 26/50: Maingoc95@ Tu vấn cho mình combo đi 2 người từ ngày 8/9 đi 2 ngày tu sai gon 8-25
2026-09-15 18:43:00,632 | INFO | Comment 27/50: 🪁 Diên Vỹ 🪁 Tháng này trời đẹp không ạ 8-20
2026-09-15 18:43:00,737 | INFO | Comment 28/50: Paradise Trips | VTH Travel Nội dung hay đó. 8-12
2026-09-15 18:43:01,011 | INFO | Comment 29/50: Hồng An Mình xin giá vé bà nà với ạ 7-30
2026-09-15 18:43:01,312 | INFO | Comment 30/50: NGỌC KỀU SHOP k 8-19
2026-09-15 18:43:01,467 | INFO | Comment 31/50: Mun 🤎 Ib 8-17
2026-09-15 18:43:01,683 | INFO | Comment 32/50: Thuỷ mooN Nước Hoa ♥️♥️♥️ đẹp nhỉ 8-27
2026-09-15 18:43:01,883 | INFO | Comment 33/50: cho-thuê-xe-tự -lái MP3 Giá vế ba nà niêu 7-23
2026-09-15 18:43:02,046 | INFO | Comment 34/50: jumi88886 Có shop nào bán đồ nữ gần sông hàn ko ạ 7-31
2026-09-15 18:43:02,180 | INFO | Comment 35/50: Cục Vànq Xin dép lào 7-25
2026-09-15 18:43:02,296 | INFO | Comment 36/50: Gái Họ Đoàn 74 Ib tour 5/8 ạ 8-3
2026-09-15 18:43:02,412 | INFO | Comment 37/50: á đù xin giá tour tháng 9 ạ 8-3
2026-09-15 18:43:02,539 | INFO | Comment 38/50: Sói Cô Đơn Gặp Chó Vô Ơn cho mình xin giá tour cho 9 người ạh 8-3
2026-09-15 18:43:02,540 | INFO | DOM growth: 0 → 38
2026-09-15 18:43:02,558 | INFO | Scroll mode: COMMENT_CONTAINER
2026-09-15 18:43:07,362 | INFO | Clicked 'View more' button
2026-09-15 18:43:11,036 | INFO | Round 2 | DOM comments: 77
2026-09-15 18:43:12,936 | INFO | Comment 39/50: xu nha. gia phong cuoi mua he cao hon tat ca cac khu du lich khac
2026-09-15 18:43:13,146 | INFO | Comment 40/50: mùa này đẹp mà nắng quá hehe
2026-09-15 18:43:13,458 | INFO | Comment 41/50: Anh chị em muốn thư giản hay trị mụn chuyên sâu thì đến trải nghiệm tại 91 Lê Văn Hưu, Mỹ An ủng hộ 
2026-09-15 18:43:13,579 | INFO | Comment 42/50: Bạn ơi, cho mình hỏi lễ hội pháo hoa tổ chức đến khi nào?
2026-09-15 18:43:13,712 | INFO | Comment 43/50: Shop tui có cho thuê Tripod, Cục Wifi kiêm sạc dự phòng cho mí nàng chụp ảnh nhé
2026-09-15 18:43:13,855 | INFO | Comment 44/50: Tư vấn tua
2026-09-15 18:43:13,991 | INFO | Comment 45/50: Cho mình xin giá 6 ng 2 ng lớn 4 trẻ em ạ
2026-09-15 18:43:14,143 | INFO | Comment 46/50: Tv c shop nhé
2026-09-15 18:43:14,283 | INFO | Comment 47/50: Xin giá từ hn đi ạ 2ng lớn 3n2d
2026-09-15 18:43:14,406 | INFO | Comment 48/50: xin giá
2026-09-15 18:43:14,522 | INFO | Comment 49/50: TV mình vs ạ
2026-09-15 18:43:14,681 | INFO | Comment 50/50: để tam mời huyn đi đà nẵng
2026-09-15 18:43:14,682 | INFO | Reached maximum 50 comments.
2026-09-15 18:43:14,682 | INFO | ======================================
2026-09-15 18:43:14,682 | INFO | COMMENT RESULT: 50/50
2026-09-15 18:43:14,682 | INFO | ======================================
2026-09-15 18:43:14,694 | INFO | Saved JSON: D:\TIỂU LUẬN CHUYÊN NGÀNH\TLCN-Travel\data\raw\tiktok\tiktok_metadata_comments.json
2026-09-15 18:43:14,696 | INFO | Done: 50 comments
2026-09-15 18:43:18,708 | INFO | [3/12] https://www.tiktok.com/@trinhtranng/video/7631408913392405781
2026-09-15 18:43:18,709 | INFO | Open video: https://www.tiktok.com/@trinhtranng/video/7631408913392405781
2026-09-15 18:43:27,002 | INFO | ======================================
2026-09-15 18:43:27,002 | INFO | START COMMENT CRAWLING
2026-09-15 18:43:27,002 | INFO | ======================================
2026-09-15 18:43:27,003 | INFO | Opening TikTok comment panel...
2026-09-15 18:43:27,014 | INFO | Selector [data-e2e="comment-icon"] -> 1 elements
2026-09-15 18:43:28,287 | INFO | Clicked comment button: [data-e2e="comment-icon"]
2026-09-15 18:43:31,710 | INFO | Comment DOM loaded: [data-e2e="comment-level-1"] | 20 elements
2026-09-15 18:43:32,952 | INFO | Clicked 'View more' button
2026-09-15 18:43:50,038 | INFO | Round 1 | DOM comments: 40
2026-09-15 18:43:51,481 | INFO | Comment 1/50: huhuu đii 1 tuần mà luỵ Đà Nẵng kinhh
2026-09-15 18:43:53,096 | INFO | Comment 2/50: xin list quán ăn trong video vs ah nhà e sắp ik
2026-09-15 18:43:54,193 | INFO | Comment 3/50: Đà Nẵng - Hội An - Bà Nà - Huế • Xe 4 chỗ: 2.2.9k • xe 7 chỗ : 2.7.9k • xe 16 chỗ : 4.1.9k Zá lồ : 0
2026-09-15 18:43:55,565 | INFO | Comment 4/50: b có thể cho m xin list đc k
2026-09-15 18:43:56,601 | INFO | Comment 5/50: minh xin in4 tat ca các quán ăn ạ
2026-09-15 18:43:57,529 | INFO | Comment 6/50: Chê dừa đỏ 😂 nhạt vllll
2026-09-15 18:43:58,510 | INFO | Comment 7/50: Ở đâu vậy bác ơiii
2026-09-15 18:43:59,719 | INFO | Comment 8/50: Xin phép chủ tus nha. Bên em có 🔥 𝐕𝐄́ 𝐃𝐔 𝐋𝐈̣𝐂𝐇 🔥 ✅Rừng dừa bảy mẫu: 𝟏 𝟒 𝟎🐠/ 1 thúng/ 2NL ✅Tour Cù La
2026-09-15 18:44:00,991 | INFO | Comment 9/50: Xe du lịch Đà Nẵng - Hội An - Bà Nà - Huế Đà Nẵng - Hội An xe 4 chỗ : 2.1.9k Đà Nẵng - Hội An xe 7 c
2026-09-15 18:44:02,354 | INFO | Comment 10/50: Xe Đà Nẵng - Hội An - Bà Nà - Huế Đà Nẵng - Hội An xe 4 chỗ : 219 Đà Nẵng - Hội An xe 7 chỗ : 269 Đà
2026-09-15 18:44:03,574 | INFO | Comment 11/50: b ở maximiland đúng k 😂
2026-09-15 18:44:05,382 | INFO | Comment 12/50: Ib với ạ
2026-09-15 18:44:06,771 | INFO | Comment 13/50: Xin list quán ăn trong video ạ
2026-09-15 18:44:08,291 | INFO | Comment 14/50: Xe du lịch Đà Nẵng - Hội An - Bà Nà - Huế Đà Nẵng - Hội An xe 4 chỗ : 2.1.9k Đà Nẵng - Hội An xe 7 c
2026-09-15 18:44:10,688 | INFO | Comment 15/50: cho mình xin lịch trình vs ạ
2026-09-15 18:44:12,147 | INFO | Comment 16/50: May mình ở gần đà nẵng
2026-09-15 18:44:12,956 | INFO | Comment 17/50: ở khác sạn chhung lun 😂
2026-09-15 18:44:14,720 | INFO | Comment 18/50: Cho mình xin mấy địa chỉ quán ăn bạn đi ăn đc k ạ
2026-09-15 18:44:16,582 | INFO | Comment 19/50: Mình luôn báo giá trước để khách dễ cân nhắc🥰🥰
2026-09-15 18:44:18,330 | INFO | Comment 20/50: Bạn ở ks nào vậy ạ
2026-09-15 18:44:19,131 | INFO | Comment 21/50: Minh Thu 🍓💛 huhuu đii 1 tuần mà luỵ Đà Nẵng kinhh 6-17
2026-09-15 18:44:20,538 | INFO | Comment 22/50: klig_ xin list quán ăn trong video vs ah nhà e sắp ik 5-11
2026-09-15 18:44:22,073 | INFO | Comment 23/50: XE ĐÀ NẴNG-HỘI AN 0899325352 Đà Nẵng - Hội An - Bà Nà - Huế • Xe 4 chỗ: 2.2.9k • xe 7 chỗ : 2.7.9k •
2026-09-15 18:44:23,858 | INFO | Comment 24/50: Cún🩷 b có thể cho m xin list đc k 5-23
2026-09-15 18:44:25,808 | INFO | Comment 25/50: 𝓣 minh xin in4 tat ca các quán ăn ạ 4-24
2026-09-15 18:44:26,954 | INFO | Comment 26/50: Đăng Cường Chê dừa đỏ 😂 nhạt vllll 5-25
2026-09-15 18:44:27,980 | INFO | Comment 27/50: Trang Trang ❤️ Ở đâu vậy bác ơiii 5-7
2026-09-15 18:44:29,711 | INFO | Comment 28/50: Gian hàng của Vy Xin phép chủ tus nha. Bên em có 🔥 𝐕𝐄́ 𝐃𝐔 𝐋𝐈̣𝐂𝐇 🔥 ✅Rừng dừa bảy mẫu: 𝟏 𝟒 𝟎🐠/ 1 thúng
2026-09-15 18:44:31,367 | INFO | Comment 29/50: Xe giá rẻ Đà Nẵng 0899325352 Xe du lịch Đà Nẵng - Hội An - Bà Nà - Huế Đà Nẵng - Hội An xe 4 chỗ : 2
2026-09-15 18:44:32,286 | INFO | Comment 30/50: Xe ĐàNẵng đi HộiAn chỉ 219k Xe Đà Nẵng - Hội An - Bà Nà - Huế Đà Nẵng - Hội An xe 4 chỗ : 219 Đà Nẵn
2026-09-15 18:44:33,203 | INFO | Comment 31/50: Minh nhật🤘 b ở maximiland đúng k 😂 5-6
2026-09-15 18:44:33,962 | INFO | Comment 32/50: Dobietaihehe:”) Ib với ạ 6-7
2026-09-15 18:44:35,068 | INFO | Comment 33/50: vanoh đêyyyy Xin list quán ăn trong video ạ 7-8
2026-09-15 18:44:36,224 | INFO | Comment 34/50: Xe 219k ĐàNẵg HộiAn 0899325352 Xe du lịch Đà Nẵng - Hội An - Bà Nà - Huế Đà Nẵng - Hội An xe 4 chỗ :
2026-09-15 18:44:36,903 | INFO | Comment 35/50: văn phúc cho mình xin lịch trình vs ạ 7-5
2026-09-15 18:44:37,230 | INFO | Comment 36/50: Thuý Linh📸 May mình ở gần đà nẵng 7-10
2026-09-15 18:44:37,439 | INFO | Comment 37/50: Chúc Linh ở khác sạn chhung lun 😂 6-24
2026-09-15 18:44:37,687 | INFO | Comment 38/50: người ồn bất tỉnh Cho mình xin mấy địa chỉ quán ăn bạn đi ăn đc k ạ 4-28
2026-09-15 18:44:37,889 | INFO | Comment 39/50: XeĐàNẵngHộiAn220k0702494357 Mình luôn báo giá trước để khách dễ cân nhắc🥰🥰 9-4
2026-09-15 18:44:38,092 | INFO | Comment 40/50: Thanh Huyền☺️ Bạn ở ks nào vậy ạ 6-2
2026-09-15 18:44:38,094 | INFO | DOM growth: 0 → 40
2026-09-15 18:44:38,297 | INFO | Scroll mode: COMMENT_CONTAINER
2026-09-15 18:44:43,847 | INFO | Clicked 'View more' button
2026-09-15 18:44:51,944 | INFO | Round 2 | DOM comments: 80
2026-09-15 18:44:59,346 | INFO | Comment 41/50: Vali nhỏ của b size bnh đó ạ
2026-09-15 18:44:59,460 | INFO | Comment 42/50: chéo fl nha mn 🥰
2026-09-15 18:44:59,814 | INFO | Comment 43/50: Mì quảng ăn ở đâu ạ
2026-09-15 18:45:00,304 | INFO | Comment 44/50: Giống bánh xèo bà dưỡng vậy bạn.nhìn bàn quen quen
2026-09-15 18:45:00,633 | INFO | Comment 45/50: Book ks ở đâu v ạ
2026-09-15 18:45:00,976 | INFO | Comment 46/50: em xin list chị đi với ạ
2026-09-15 18:45:01,281 | INFO | Comment 47/50: Tui mê bún mắm chợ cồn quá nè
2026-09-15 18:45:01,608 | INFO | Comment 48/50: Đi chơi cứ để tụi mình lo homestay 😍
2026-09-15 18:45:02,031 | INFO | Comment 49/50: 𝐗𝐞 Đà𝐍ẵ𝐧𝐠 đi 𝐇ộ𝐢𝐀𝐧 4chỗ = 𝟐𝟏𝟗 cá 7chỗ = 𝟐𝟔𝟗 cá 16chỗ = 𝟑𝟗𝟗 cá O𝟕 𝟖𝟔O𝟓𝟒𝟓𝟒𝟓 okay okay nha
2026-09-15 18:45:02,390 | INFO | Comment 50/50: Cho mình hỏi 2 bạn đi tự túc hết tầm bao nhiêu vậy ạ
2026-09-15 18:45:02,395 | INFO | Reached maximum 50 comments.
2026-09-15 18:45:02,401 | INFO | ======================================
2026-09-15 18:45:02,407 | INFO | COMMENT RESULT: 50/50
2026-09-15 18:45:02,412 | INFO | ======================================
2026-09-15 18:45:02,455 | INFO | Saved JSON: D:\TIỂU LUẬN CHUYÊN NGÀNH\TLCN-Travel\data\raw\tiktok\tiktok_metadata_comments.json
2026-09-15 18:45:02,473 | INFO | Done: 50 comments
2026-09-15 18:45:07,469 | INFO | [4/12] https://www.tiktok.com/@vietnam.express.g7/video/7639041759401594130
2026-09-15 18:45:07,469 | INFO | Open video: https://www.tiktok.com/@vietnam.express.g7/video/7639041759401594130
2026-09-15 18:45:18,715 | INFO | ======================================
2026-09-15 18:45:18,716 | INFO | START COMMENT CRAWLING
2026-09-15 18:45:18,716 | INFO | ======================================
2026-09-15 18:45:18,717 | INFO | Opening TikTok comment panel...
2026-09-15 18:45:18,755 | INFO | Selector [data-e2e="comment-icon"] -> 1 elements
2026-09-15 18:45:20,393 | INFO | Clicked comment button: [data-e2e="comment-icon"]
2026-09-15 18:45:23,468 | INFO | Comment DOM loaded: [data-e2e="comment-level-1"] | 20 elements
2026-09-15 18:45:24,428 | INFO | Clicked 'View more' button
2026-09-15 18:45:27,933 | INFO | Round 1 | DOM comments: 40
2026-09-15 18:45:28,308 | INFO | Comment 1/50: Mô phật, mình người Đà Nẵng đây các bạn. Lịch như này chắc các bạn fai là dân phượt chuyên nghiệp ma
2026-09-15 18:45:28,700 | INFO | Comment 2/50: you can't do all that on day 1...Ba Na Hills is one whole day on its own.
2026-09-15 18:45:28,955 | INFO | Comment 3/50: Very unrealistic
2026-09-15 18:45:29,503 | INFO | Comment 4/50: Do you think people could squeeze in a visit to the rage room into those 3 days?
2026-09-15 18:45:29,988 | INFO | Comment 5/50: Where are marble mountains
2026-09-15 18:45:30,454 | INFO | Comment 6/50: Day 4 : Surfing With us
2026-09-15 18:45:30,755 | INFO | Comment 7/50: Đẹp quá
2026-09-15 18:45:30,954 | INFO | Comment 8/50: Actually it's not possible watch those in one day also total 3days as well. Dont say wrong thing to 
2026-09-15 18:45:31,260 | INFO | Comment 9/50: Thành Phố Đáng Sống Nhất Việt Nam 🎇🎆🎇
2026-09-15 18:45:31,381 | INFO | Comment 10/50: anh chị tham khảo home em nha
2026-09-15 18:45:31,511 | INFO | Comment 11/50: Nếu có quá ít ngày các bạn nên ưu tiên đi biển ĐN và phố cổ Hội An
2026-09-15 18:45:31,645 | INFO | Comment 12/50: Mình muốn đi cần tư vấn
2026-09-15 18:45:31,797 | INFO | Comment 13/50: Đỉnh vãi
2026-09-15 18:45:32,106 | INFO | Comment 14/50: See you on Aug 13th Danang 😍
2026-09-15 18:45:32,382 | INFO | Comment 15/50: T đi bà hills lúc về mất 1h để tìm đường xuống=))
2026-09-15 18:45:32,698 | INFO | Comment 16/50: Da nang is so beautyful🥰
2026-09-15 18:45:33,204 | INFO | Comment 17/50: Muốn đi Đà Nẵng
2026-09-15 18:45:33,433 | INFO | Comment 18/50: see you soon vietnam 🥰
2026-09-15 18:45:33,671 | INFO | Comment 19/50: hayyy
2026-09-15 18:45:33,943 | INFO | Comment 20/50: Thanh Mô phật, mình người Đà Nẵng đây các bạn. Lịch như này chắc các bạn fai là dân phượt chuyên ngh
2026-09-15 18:45:34,177 | INFO | Comment 21/50: Aloosh 969 you can't do all that on day 1...Ba Na Hills is one whole day on its own. 5-28
2026-09-15 18:45:34,470 | INFO | Comment 22/50: Your syrian crush Very unrealistic 5-29
2026-09-15 18:45:35,073 | INFO | Comment 23/50: Rage Room Da Nang Do you think people could squeeze in a visit to the rage room into those 3 days? 6
2026-09-15 18:45:35,310 | INFO | Comment 24/50: Club50s Where are marble mountains 5-27
2026-09-15 18:45:35,488 | INFO | Comment 25/50: Surfers Of DaNang Day 4 : Surfing With us 5-14
2026-09-15 18:45:35,733 | INFO | Comment 26/50: The Five Villas Resort QN DN Đẹp quá 8-24
2026-09-15 18:45:35,991 | INFO | Comment 27/50: Cultuitaltsa Actually it's not possible watch those in one day also total 3days as well. Dont say wr
2026-09-15 18:45:36,425 | INFO | Comment 28/50: Thuần Kể Thành Phố Đáng Sống Nhất Việt Nam 🎇🎆🎇 8-25
2026-09-15 18:45:37,184 | INFO | Comment 29/50: tnat.y2k anh chị tham khảo home em nha 7-10
2026-09-15 18:45:37,535 | INFO | Comment 30/50: A Thợ Cắt Lông Chó Đà Nẵng Nếu có quá ít ngày các bạn nên ưu tiên đi biển ĐN và phố cổ Hội An 8-7
2026-09-15 18:45:37,774 | INFO | Comment 31/50: Mậu Mình muốn đi cần tư vấn 8-3
2026-09-15 18:45:38,068 | INFO | Comment 32/50: Ngân CT Đỉnh vãi 6-12
2026-09-15 18:45:38,282 | INFO | Comment 33/50: 👸QueenOfHearts💗 See you on Aug 13th Danang 😍 7-30
2026-09-15 18:45:39,468 | INFO | Comment 34/50: Minh Kiệt T đi bà hills lúc về mất 1h để tìm đường xuống=)) 8-10
2026-09-15 18:45:39,953 | INFO | Comment 35/50: dhyen Da nang is so beautyful🥰 7-21
2026-09-15 18:45:40,201 | INFO | Comment 36/50: The Five Resort Golf Ninh Binh Đẹp quá 8-12
2026-09-15 18:45:40,386 | INFO | Comment 37/50: Tạp Hoá Anh Em Muốn đi Đà Nẵng 6-24
2026-09-15 18:45:40,543 | INFO | Comment 38/50: itsmeAira24 see you soon vietnam 🥰 7-11
2026-09-15 18:45:40,793 | INFO | Comment 39/50: Nhà Đâu Đẹp Vậy hayyy 6-22
2026-09-15 18:45:40,793 | INFO | DOM growth: 0 → 40
2026-09-15 18:45:41,064 | INFO | Scroll mode: COMMENT_CONTAINER
2026-09-15 18:45:46,422 | INFO | Clicked 'View more' button
2026-09-15 18:45:53,107 | INFO | Round 2 | DOM comments: 79
2026-09-15 18:46:01,483 | INFO | Comment 40/50: no first beach...
2026-09-15 18:46:02,014 | INFO | Comment 41/50: Beautiful 😻
2026-09-15 18:46:02,328 | INFO | Comment 42/50: Absolutely love this! 🥹🥹🥹
2026-09-15 18:46:02,950 | INFO | Comment 43/50: Wow
2026-09-15 18:46:03,953 | INFO | Comment 44/50: i love Đà Nẵng
2026-09-15 18:46:12,970 | WARNING | Retrying (Retry(total=2, connect=None, read=None, redirect=None, status=None)) after connection broken by 'NewConnectionError("HTTPConnection(host='localhost', port=35493): Failed to establish a new connection: [WinError 10061] No connection could be made because the target machine actively refused it")': /session/15f778b1c757c6d2d8e9c7248678e2ad
2026-09-15 18:46:17,055 | WARNING | Retrying (Retry(total=1, connect=None, read=None, redirect=None, status=None)) after connection broken by 'NewConnectionError("HTTPConnection(host='localhost', port=35493): Failed to establish a new connection: [WinError 10061] No connection could be made because the target machine actively refused it")': /session/15f778b1c757c6d2d8e9c7248678e2ad
2026-09-15 18:46:21,111 | WARNING | Retrying (Retry(total=0, connect=None, read=None, redirect=None, status=None)) after connection broken by 'NewConnectionError("HTTPConnection(host='localhost', port=35493): Failed to establish a new connection: [WinError 10061] No connection could be made because the target machine actively refused it")': /session/15f778b1c757c6d2d8e9c7248678e2ad
2026-09-15 18:47:27,337 | INFO | ======================================
2026-09-15 18:47:27,338 | INFO | TikTok metadata + comments crawler
2026-09-15 18:47:27,338 | INFO | ======================================
2026-09-15 18:47:36,461 | INFO | Searching: du lịch Đà Nẵng
2026-09-15 18:48:19,365 | INFO | Search round 1 | videos: 12
2026-09-15 18:48:25,700 | INFO | Search round 2 | videos: 12
2026-09-15 18:48:30,186 | INFO | Keyword 'du lịch Đà Nẵng': 12 videos
2026-09-15 18:48:30,190 | INFO | [1/12] https://www.tiktok.com/@danangtravel24/video/7664465113881136404
2026-09-15 18:48:30,193 | INFO | Open video: https://www.tiktok.com/@danangtravel24/video/7664465113881136404
2026-09-15 18:48:43,952 | INFO | ======================================
2026-09-15 18:48:43,957 | INFO | START COMMENT CRAWLING
2026-09-15 18:48:43,995 | INFO | ======================================
2026-09-15 18:48:44,056 | INFO | Opening TikTok comment panel...
2026-09-15 18:48:44,407 | INFO | Selector [data-e2e="comment-icon"] -> 1 elements
2026-09-15 18:48:46,437 | INFO | Clicked comment button: [data-e2e="comment-icon"]
2026-09-15 18:48:49,548 | INFO | Comment DOM loaded: [data-e2e="comment-level-1"] | 20 elements
2026-09-15 18:48:50,855 | INFO | Clicked 'View more' button
2026-09-15 18:48:57,714 | INFO | Round 1 | DOM comments: 40
2026-09-15 18:48:59,551 | INFO | Comment 1/50: xin giá 2ng 25.09 đi từ HCM
2026-09-15 18:49:00,299 | INFO | Comment 2/50: 3 ngày 2 đêm cho 2 người lớn từ sân bay Tân Sơn Nhất trọn gói bao nhiêu ạ
2026-09-15 18:49:01,008 | INFO | Comment 3/50: tu sg di ngay 23/11 thi gia bao nhieu 1nguoi vay a ?
2026-09-15 18:49:01,312 | INFO | Comment 4/50: 3ng 2 đêm từ thái nguyên 2 người giá bao nhiêu bn trọn gói
2026-09-15 18:49:01,590 | INFO | Comment 5/50: xin giá tổng cho 3 người lớn đi ngày 19/9 ạ từ TPHCM
2026-09-15 18:49:01,885 | INFO | Comment 6/50: Tư vấn mình vs ạ
2026-09-15 18:49:03,122 | INFO | Comment 7/50: Cho chị xin giá 2ng bay từ TPHCM nha em
2026-09-15 18:49:03,535 | INFO | Comment 8/50: đi từ sg giá sao ạ
2026-09-15 18:49:03,893 | INFO | Comment 9/50: ib chị đi từ tphcm
2026-09-15 18:49:04,458 | INFO | Comment 10/50: Mình xin tổng giá cho 1 người đi từ tphcm ạ
2026-09-15 18:49:05,398 | INFO | Comment 11/50: Tết âm lịch em ơi
2026-09-15 18:49:05,813 | INFO | Comment 12/50: Ib
2026-09-15 18:49:06,248 | INFO | Comment 13/50: 2 người lớn bao nhiêu chọn gói
2026-09-15 18:49:06,593 | INFO | Comment 14/50: tư vấn c tua 3ngay 2đêm chi ở cần giuộc Long An
2026-09-15 18:49:07,120 | INFO | Comment 15/50: Xuất phát từ TP.HCM: 12 người tư vấn giúp ạ
2026-09-15 18:49:07,697 | INFO | Comment 16/50: Chị xin giá 3-2dêm ơ đa nanq từ 26-29 tháng 10
2026-09-15 18:49:08,119 | INFO | Comment 17/50: Tv em
2026-09-15 18:49:08,503 | INFO | Comment 18/50: 3ng 2 đêm từ biên hoà 2 người giá bao nhiêu bn trọn gói
2026-09-15 18:49:09,003 | INFO | Comment 19/50: Tv đi ah .2 người lớn 1tre e
2026-09-15 18:49:09,405 | INFO | Comment 20/50: Xuất phát từ cần Thơ ( ngay 29/8-31/8)
2026-09-15 18:49:09,406 | INFO | DOM growth: 0 → 40
2026-09-15 18:49:09,680 | INFO | Scroll mode: COMMENT_CONTAINER
2026-09-15 18:49:15,064 | INFO | Clicked 'View more' button
2026-09-15 18:49:26,258 | INFO | Round 2 | DOM comments: 80
2026-09-15 18:49:39,266 | INFO | Comment 21/50: Sg đà nẵng
2026-09-15 18:49:39,565 | INFO | Comment 22/50: Ib giá 2ng bay từ tphcm nha
2026-09-15 18:49:39,823 | INFO | Comment 23/50: 2 người lớn 1bé 8tuổi 1bé 2tuổi đi từ cần thơ
2026-09-15 18:49:40,200 | INFO | Comment 24/50: nhắn ở tik hay số ạ
2026-09-15 18:49:40,585 | INFO | Comment 25/50: Thang1/22 tây 3 ngày 2 đêm đi từ sg ve nhiëu väy ban
2026-09-15 18:49:40,872 | INFO | Comment 26/50: Mình muốn đi 2 người cho mình số dt đi để mình gọi
2026-09-15 18:49:41,124 | INFO | Comment 27/50: Inbox
2026-09-15 18:49:41,364 | INFO | Comment 28/50: 2 nguoi tp hcm
2026-09-15 18:49:41,607 | INFO | Comment 29/50: Mình xuất phát từ cân thö là bao nhiêu / 1 người
2026-09-15 18:49:41,904 | INFO | Comment 30/50: chị đi 3 người
2026-09-15 18:49:42,195 | INFO | Comment 31/50: Mùng 2 tết em
2026-09-15 18:49:42,629 | INFO | Comment 32/50: E xin giá vé ạ xuất phát từ Sài Gòn ạ
2026-09-15 18:49:43,098 | INFO | Comment 33/50: từ tphcm đj giá bn v b
2026-09-15 18:49:43,403 | INFO | Comment 34/50: cho xin giá
2026-09-15 18:49:43,800 | INFO | Comment 35/50: Ib mk với
2026-09-15 18:49:44,092 | INFO | Comment 36/50: từ hải phòng đi thì bao nhiêu ạ
2026-09-15 18:49:44,560 | INFO | Comment 37/50: ib mình giá đi từ tp hcm
2026-09-15 18:49:45,029 | INFO | Comment 38/50: Tư vấn mình ạ
2026-09-15 18:49:45,636 | INFO | Comment 39/50: 1 người ở tphcm
2026-09-15 18:49:46,039 | INFO | Comment 40/50: giá 3,5 triệu có ai tin kg ạ ?
2026-09-15 18:49:46,039 | INFO | DOM growth: 40 → 80
2026-09-15 18:49:46,451 | INFO | Scroll mode: COMMENT_CONTAINER
2026-09-15 18:49:51,004 | INFO | Clicked 'View more' button
2026-09-15 18:50:04,130 | INFO | Round 3 | DOM comments: 120
2026-09-15 18:50:25,304 | INFO | Comment 41/50: tư vấn
2026-09-15 18:50:25,936 | INFO | Comment 42/50: cho xin giá từ tphcm đi 2 người 2 ngày 1đêm,cám ơn em
2026-09-15 18:50:26,704 | INFO | Comment 43/50: Chừng nào đi vậy bạn
2026-09-15 18:50:27,174 | INFO | Comment 44/50: Ib mình từ Sg ra nha B
2026-09-15 18:50:27,596 | INFO | Comment 45/50: M ơ hcm đi gia bao nhieu
2026-09-15 18:50:27,962 | INFO | Comment 46/50: Ib ngày 21 hoặc 22/9
2026-09-15 18:50:28,705 | INFO | Comment 47/50: hcm
2026-09-15 18:50:29,144 | INFO | Comment 48/50: Mình từ hn vào thì cho mình giá cụ thể , 3 người ạ
2026-09-15 18:50:29,421 | INFO | Comment 49/50: Mình xin Thông tin… Ngày 25/8 đến 28/8
2026-09-15 18:50:29,776 | INFO | Comment 50/50: Tv mình từ HN với ạ
2026-09-15 18:50:29,778 | INFO | Reached maximum 50 comments.
2026-09-15 18:50:29,779 | INFO | ======================================
2026-09-15 18:50:29,780 | INFO | COMMENT RESULT: 50/50
2026-09-15 18:50:29,781 | INFO | ======================================
2026-09-15 18:50:29,786 | INFO | Saved JSON: D:\TIỂU LUẬN CHUYÊN NGÀNH\TLCN-Travel\data\raw\tiktok\tiktok_metadata_comments.json
2026-09-15 18:50:29,787 | INFO | Done: 50 comments
2026-09-15 18:50:34,452 | INFO | [2/12] https://www.tiktok.com/@loveoffoods/video/7652318202977996052
2026-09-15 18:50:34,454 | INFO | Open video: https://www.tiktok.com/@loveoffoods/video/7652318202977996052
2026-09-15 18:50:52,523 | INFO | ======================================
2026-09-15 18:50:52,525 | INFO | START COMMENT CRAWLING
2026-09-15 18:50:52,526 | INFO | ======================================
2026-09-15 18:50:52,526 | INFO | Opening TikTok comment panel...
2026-09-15 18:50:52,571 | INFO | Selector [data-e2e="comment-icon"] -> 1 elements
2026-09-15 18:50:53,950 | INFO | Clicked comment button: [data-e2e="comment-icon"]
2026-09-15 18:50:57,044 | INFO | Comment DOM loaded: [data-e2e="comment-level-1"] | 15 elements
2026-09-15 18:50:58,002 | INFO | Clicked 'View more' button
2026-09-15 18:51:02,396 | INFO | Round 1 | DOM comments: 30
2026-09-15 18:51:03,972 | INFO | Comment 1/50: Mấy quán này ngon k mng
2026-09-15 18:51:04,554 | INFO | Comment 2/50: quán lộng gió đối diện chất lượng i chang mà phục vụ nhanh quán siêu sạch sẽ, mình nghĩ mở sau nên m
2026-09-15 18:51:05,211 | INFO | Comment 3/50: Nên xem đánh giá thêm trên google
2026-09-15 18:51:05,720 | INFO | Comment 4/50: Lưu lại đi Đà nẵng nè 🥰
2026-09-15 18:51:06,137 | INFO | Comment 5/50: Toàn quán ngon lun ạ
2026-09-15 18:51:06,512 | INFO | Comment 6/50: Ngon quá
2026-09-15 18:51:07,159 | INFO | Comment 7/50: 🤩🤩🤩 quá xịn
2026-09-15 18:51:07,695 | INFO | Comment 8/50: nhonnn
2026-09-15 18:51:07,970 | INFO | Comment 9/50: @Lăn Cùng NiNi
2026-09-15 18:51:08,260 | INFO | Comment 10/50: @sarahange❤️‍🔥
2026-09-15 18:51:08,662 | INFO | Comment 11/50: @Tú Hoàng
2026-09-15 18:51:09,318 | INFO | Comment 12/50: @Ăn Cùng Finn @Hai tụi mình đi ăn
2026-09-15 18:51:09,756 | INFO | Comment 13/50: @Chinese Mart 168
2026-09-15 18:51:10,095 | INFO | Comment 14/50: @NEO ơi đi đâu?
2026-09-15 18:51:10,406 | INFO | Comment 15/50: @Date Ở Hà Nội
2026-09-15 18:51:10,408 | INFO | DOM growth: 0 → 30
2026-09-15 18:51:10,481 | INFO | Scroll mode: COMMENT_CONTAINER
2026-09-15 18:51:14,272 | INFO | Clicked 'View more' button
2026-09-15 18:51:19,093 | INFO | Round 2 | DOM comments: 30
2026-09-15 18:51:28,682 | INFO | DOM growth: 30 → 30
2026-09-15 18:51:28,889 | INFO | Scroll mode: COMMENT_CONTAINER
2026-09-15 18:51:33,088 | INFO | Clicked 'View more' button
2026-09-15 18:51:37,844 | INFO | Round 3 | DOM comments: 30
2026-09-15 18:51:48,533 | INFO | DOM growth: 30 → 30
2026-09-15 18:51:48,633 | INFO | Scroll mode: COMMENT_CONTAINER
2026-09-15 18:51:52,720 | INFO | Clicked 'View more' button
2026-09-15 18:51:56,856 | INFO | Round 4 | DOM comments: 30
2026-09-15 18:52:02,834 | INFO | DOM growth: 30 → 30
2026-09-15 18:52:02,879 | INFO | Scroll mode: COMMENT_CONTAINER
2026-09-15 18:52:07,049 | INFO | Clicked 'View more' button
2026-09-15 18:52:11,347 | INFO | Round 5 | DOM comments: 30
2026-09-15 18:52:17,944 | INFO | DOM growth: 30 → 30
2026-09-15 18:52:17,992 | INFO | Scroll mode: COMMENT_CONTAINER
2026-09-15 18:52:23,537 | INFO | Clicked 'View more' button
2026-09-15 18:52:30,109 | INFO | Round 6 | DOM comments: 30
2026-09-15 18:52:42,564 | INFO | DOM growth: 30 → 30
2026-09-15 18:52:42,675 | INFO | Scroll mode: COMMENT_CONTAINER
2026-09-15 18:52:47,381 | INFO | Clicked 'View more' button
2026-09-15 18:52:53,814 | INFO | Round 7 | DOM comments: 30
2026-09-15 18:52:59,541 | INFO | DOM growth: 30 → 30
2026-09-15 18:52:59,654 | INFO | Scroll mode: COMMENT_CONTAINER
2026-09-15 18:53:04,358 | INFO | Clicked 'View more' button
2026-09-15 18:53:09,109 | INFO | Round 8 | DOM comments: 30
2026-09-15 18:53:15,982 | INFO | DOM growth: 30 → 30
2026-09-15 18:53:16,103 | INFO | Scroll mode: COMMENT_CONTAINER
2026-09-15 18:53:20,854 | INFO | Clicked 'View more' button
2026-09-15 18:53:26,144 | INFO | Round 9 | DOM comments: 30
2026-09-15 18:53:33,162 | INFO | DOM growth: 30 → 30
2026-09-15 18:53:33,328 | INFO | Scroll mode: COMMENT_CONTAINER
2026-09-15 18:53:37,824 | INFO | Clicked 'View more' button
2026-09-15 18:53:42,671 | INFO | Round 10 | DOM comments: 30
2026-09-15 18:53:49,997 | INFO | DOM growth: 30 → 30
2026-09-15 18:53:50,101 | INFO | Scroll mode: COMMENT_CONTAINER
2026-09-15 18:53:55,061 | INFO | Clicked 'View more' button
2026-09-15 18:54:00,388 | INFO | Round 11 | DOM comments: 30
2026-09-15 18:54:08,626 | INFO | DOM growth: 30 → 30
2026-09-15 18:54:08,802 | INFO | Scroll mode: COMMENT_CONTAINER
2026-09-15 18:54:14,143 | INFO | Clicked 'View more' button
2026-09-15 18:54:18,448 | INFO | Round 12 | DOM comments: 30
2026-09-15 18:54:24,715 | INFO | DOM growth: 30 → 30
2026-09-15 18:54:24,833 | INFO | Scroll mode: COMMENT_CONTAINER
2026-09-15 18:54:28,913 | INFO | Clicked 'View more' button
2026-09-15 18:54:32,954 | INFO | Round 13 | DOM comments: 30
2026-09-15 18:54:38,469 | INFO | No new comments after 12 rounds → stop.
2026-09-15 18:54:38,471 | INFO | ======================================
2026-09-15 18:54:38,472 | INFO | COMMENT RESULT: 15/50
2026-09-15 18:54:38,472 | INFO | ======================================
2026-09-15 18:54:38,481 | INFO | Saved JSON: D:\TIỂU LUẬN CHUYÊN NGÀNH\TLCN-Travel\data\raw\tiktok\tiktok_metadata_comments.json
2026-09-15 18:54:38,482 | INFO | Done: 15 comments
2026-09-15 18:54:42,314 | INFO | [3/12] https://www.tiktok.com/@danangne24/video/7672639199597661447
2026-09-15 18:54:42,315 | INFO | Open video: https://www.tiktok.com/@danangne24/video/7672639199597661447
2026-09-15 18:55:01,646 | INFO | ======================================
2026-09-15 18:55:01,647 | INFO | START COMMENT CRAWLING
2026-09-15 18:55:01,647 | INFO | ======================================
2026-09-15 18:55:01,647 | INFO | Opening TikTok comment panel...
2026-09-15 18:55:01,740 | INFO | Selector [data-e2e="comment-icon"] -> 1 elements
2026-09-15 18:55:03,652 | INFO | Clicked comment button: [data-e2e="comment-icon"]
2026-09-15 18:55:06,832 | INFO | Comment DOM loaded: [data-e2e="comment-level-1"] | 19 elements
2026-09-15 18:55:08,453 | INFO | Clicked 'View more' button
2026-09-15 18:55:13,978 | INFO | Round 1 | DOM comments: 38
2026-09-15 18:55:16,527 | INFO | Comment 1/50: Chợ Cồn đông, chật chội, bí bách, bẩn đã trải nghiệm.
2026-09-15 18:55:16,858 | INFO | Comment 2/50: mình sắp đi Đà Nẵng, cả nhà cho mình hỏi muốn mua khô mực, khô cá, và các món ăn đặc sản về làm quà,
2026-09-15 18:55:17,169 | INFO | Comment 3/50: chợ đêm đà nẵng máy xay thịt chứ đừng nói máy chém
2026-09-15 18:55:17,430 | INFO | Comment 4/50: Ê vô chợ cồn ăn dĩa ốc hút thập cẩm 100K 😏😏😏
2026-09-15 18:55:17,616 | INFO | Comment 5/50: T sống ở đn đây, lâu lâu ghé chợ cồn mà thấy bán đồ ăn đắt dêc sợ luôn. Bữa ăn bánh bèo bánh ít trún
2026-09-15 18:55:17,922 | INFO | Comment 6/50: Aiii đi rồi xin cái rì ziuuu
2026-09-15 18:55:18,630 | INFO | Comment 7/50: Chợ cồn vẫn là chân ái , đồ ngonnn , mình góp ý các bạn nên thamm quan đi Xee nhà mìnhh nè hihi
2026-09-15 18:55:19,548 | INFO | Comment 8/50: Ẩm thực chợ cồn bao dở 😂
2026-09-15 18:55:20,705 | INFO | Comment 9/50: Muốn ăn gì thì kiếm quán mà ăn chứ ko nên vào chợ đâu 😌
2026-09-15 18:55:21,786 | INFO | Comment 10/50: Chợ mai sơn trà ngon
2026-09-15 18:55:22,291 | INFO | Comment 11/50: Chợ đêm sơn trà khuyên mọi người ko đi . Đồ ăn dởn tệ hải sản thì ôi ko tươi mà giá thì cao , dù bt 
2026-09-15 18:55:22,955 | INFO | Comment 12/50: Mỗi T thấy sợ ngồi quán quá lâu vì sợ chửi
2026-09-15 18:55:23,891 | INFO | Comment 13/50: T nói rồi . Ở đâu cũng vậy toàn dân ở đó vào chê là đó khu du lịch đắt với dỡ . Còn lại thì chê đó r
2026-09-15 18:55:24,462 | INFO | Comment 14/50: Túm lại nói đúng chớ không sai
2026-09-15 18:55:24,933 | INFO | Comment 15/50: Đúng r cãi chi nữa
2026-09-15 18:55:25,323 | INFO | Comment 16/50: 🤣🤣🤣🤣Di ĐN nhưng k đi chợ nào hết 😅😅😅
2026-09-15 18:55:25,744 | INFO | Comment 17/50: Chợ cồn mắc thiệt e gần chợ cồn mà không dám qua ăn luôn đắc điên
2026-09-15 18:55:26,162 | INFO | Comment 18/50: Cho Bắc Mỹ an rẻ và ngon nha 👍👍
2026-09-15 18:55:26,531 | INFO | Comment 19/50: Mới đi chợ cồn xong nóng như lò than giá cũng bằng bên ngoài chả có rẻ j mà nóng v ăn nuốt ko nổi
2026-09-15 18:55:26,532 | INFO | DOM growth: 0 → 38
2026-09-15 18:55:26,742 | INFO | Scroll mode: COMMENT_CONTAINER
2026-09-15 18:55:32,245 | INFO | Clicked 'View more' button
2026-09-15 18:55:41,001 | INFO | Round 2 | DOM comments: 78
2026-09-15 18:55:51,506 | INFO | Comment 20/50: chợ Hoà Khánh mãi keo 😁
2026-09-15 18:55:52,041 | INFO | Comment 21/50: Để ý chỗ nào đà nẵng vào comment cuzng toàn dân vô chê dở hết 😂 riết nhiều người tính sao ấy
2026-09-15 18:55:52,857 | INFO | Comment 22/50: Chợ cồn hôi, đắt
2026-09-15 18:55:53,361 | INFO | Comment 23/50: @Thuý Bất Động Sản: Chợ gần cầu rồng là chợ gì vậy mấy ní
2026-09-15 18:55:53,781 | INFO | Comment 24/50: E ở ĐN ăn toàn chợ chiều:))
2026-09-15 18:55:54,131 | INFO | Comment 25/50: Chợ bắc mỹ an rẻ mà ngon,nchung t thấy du lịch qua đn ăn giá v là rẻ r,ng dân bth họ ăn giá 20,25k q
2026-09-15 18:55:54,457 | INFO | Comment 26/50: Đúng mà
2026-09-15 18:55:54,828 | INFO | Comment 27/50: đi mà ko giám ân món chi luôn
2026-09-15 18:55:55,131 | INFO | Comment 28/50: xưa chỗ này bán bánh ngon lắm
2026-09-15 18:55:55,395 | INFO | Comment 29/50: Chợ Bắc Mỹ an mà mua thực phẩm thì rất đắt
2026-09-15 18:55:55,766 | INFO | Comment 30/50: T đi chợ cồn t thấy đắt thật nha
2026-09-15 18:55:56,141 | INFO | Comment 31/50: dân ở đây k ăn ở chợ nhé 🤣
2026-09-15 18:55:56,478 | INFO | Comment 32/50: Chợ đêm á =]] haha qua cháu t đòi ăn đồ ở đó t xuống mua chém thì k ai bằng
2026-09-15 18:55:57,062 | INFO | Comment 33/50: Dở mà cũng ko ngon.
2026-09-15 18:55:57,837 | INFO | Comment 34/50: Ko ngon
2026-09-15 18:55:58,306 | INFO | Comment 35/50: Đà nẵng nhiều chợ lắm bây ơi , lên map tìm mà đi , ko nhất thiết cứ phải là chợ Cồn đâu
2026-09-15 18:55:58,633 | INFO | Comment 36/50: chợ cồn mà đắt.
2026-09-15 18:55:58,835 | INFO | Comment 37/50: Quả chợ đêm chán thật sự. Chợ Cồn thì hẹp bẩn, chợ Mỹ An thì đỡ tí
2026-09-15 18:55:59,385 | INFO | Comment 38/50: nói thật tôi moi về Đà Nẵng nấu ăn do lam
2026-09-15 18:56:00,401 | INFO | Comment 39/50: ngon
2026-09-15 18:56:00,402 | INFO | DOM growth: 38 → 78
2026-09-15 18:56:00,633 | INFO | Scroll mode: COMMENT_CONTAINER
2026-09-15 18:56:04,839 | INFO | Clicked 'View more' button
2026-09-15 18:56:18,698 | INFO | Round 3 | DOM comments: 116
2026-09-15 18:56:39,887 | INFO | Comment 40/50: Chợ cồn thì bẩn hôi. Chợ đêm đồ ăn để qua ngày mà bám đắt hơn sâm. Cái bánh mỳ 50k thì lạy cụ ăn k n
2026-09-15 18:56:40,490 | INFO | Comment 41/50: Có nhỏ phục vụ xin miếng đường cái nó bảo có chanh rồi. Là không quay lại lần 2
2026-09-15 18:56:40,964 | INFO | Comment 42/50: t vừa vô hồi sáng và t phải về chiều nay và chưa thưởng thức được j trg chợ cồn cả 💔😭
2026-09-15 18:56:41,432 | INFO | Comment 43/50: đúng là hơi chật, mấy mùa du lịch là đi chen chúc luôn
2026-09-15 18:56:41,996 | INFO | Comment 44/50: chợ Hòa Khánh thì sao ạ
2026-09-15 18:56:42,738 | INFO | Comment 45/50: Kh ai rì viu chợ nại hiên đông :))) đồ ăn siu ngon lun â
2026-09-15 18:56:43,228 | INFO | Comment 46/50: chợ cồn có bán mang về ko ạ
2026-09-15 18:56:43,778 | INFO | Comment 47/50: 🥰 Mắm Dì Thương xin phép mời cả nhà có dịp ghé Đà Nẵng nhớ ghé Chợ Cồn thưởng thức và mua mắm mang v
2026-09-15 18:56:44,336 | INFO | Comment 48/50: chỗ này hồi đó anh ăn rồi 20 năm rồi đấy e nhé
2026-09-15 18:56:44,945 | INFO | Comment 49/50: nóng lắm , nóng dã man luôn mà ngồi lâu ngại 😆
2026-09-15 18:56:45,434 | INFO | Comment 50/50: chợ Sơn Trà ly nước mía 25k
2026-09-15 18:56:45,436 | INFO | Reached maximum 50 comments.
2026-09-15 18:56:45,436 | INFO | ======================================
2026-09-15 18:56:45,437 | INFO | COMMENT RESULT: 50/50
2026-09-15 18:56:45,437 | INFO | ======================================
2026-09-15 18:56:45,447 | INFO | Saved JSON: D:\TIỂU LUẬN CHUYÊN NGÀNH\TLCN-Travel\data\raw\tiktok\tiktok_metadata_comments.json
2026-09-15 18:56:45,448 | INFO | Done: 50 comments
2026-09-15 18:56:47,476 | INFO | [4/12] https://www.tiktok.com/@thuexemaydananghovy/video/7619321063238946068
2026-09-15 18:56:47,477 | INFO | Open video: https://www.tiktok.com/@thuexemaydananghovy/video/7619321063238946068
2026-09-15 18:57:01,332 | INFO | ======================================
2026-09-15 18:57:01,333 | INFO | START COMMENT CRAWLING
2026-09-15 18:57:01,333 | INFO | ======================================
2026-09-15 18:57:01,333 | INFO | Opening TikTok comment panel...
2026-09-15 18:57:01,372 | INFO | Selector [data-e2e="comment-icon"] -> 1 elements
2026-09-15 18:57:03,453 | INFO | Clicked comment button: [data-e2e="comment-icon"]
2026-09-15 18:57:06,541 | INFO | Comment DOM loaded: [data-e2e="comment-level-1"] | 19 elements
2026-09-15 18:57:07,885 | INFO | Clicked 'View more' button
2026-09-15 18:57:13,303 | INFO | Round 1 | DOM comments: 38
2026-09-15 18:57:16,126 | INFO | Comment 1/50: Nên thuê xe ga hay xe số thì tiện vậy b nhi
2026-09-15 18:57:16,618 | INFO | Comment 2/50: Mình khá recommend chỗ này nếu mọi người đang ở Đà Nẵng 👀🍹 Quầy bar trên không độc lạ, vừa uống nước
2026-09-15 18:57:17,540 | INFO | Comment 3/50: giá thuê xe ạ
2026-09-15 18:57:18,305 | INFO | Comment 4/50: Đi Đà Nẵng mà thấy hơi “quá tải niềm vui” 😆 thì ghé em nằm nghe chuông xíu cho cân bằng lại nha 🌿✨
2026-09-15 18:57:18,773 | INFO | Comment 5/50: E xin giá thuê xe bên mình nhé
2026-09-15 18:57:19,277 | INFO | Comment 6/50: Em muốn thuê xeeeeee
2026-09-15 18:57:19,596 | INFO | Comment 7/50: Giá thuê bao nhiêu ạ
2026-09-15 18:57:20,068 | INFO | Comment 8/50: Cho em xin giá thuê xe ạ
2026-09-15 18:57:20,352 | INFO | Comment 9/50: Ở đây hơn 10 năm vẫn chưa thấy cầu quay bao giờ 😅
2026-09-15 18:57:20,634 | INFO | Comment 10/50: cầu rồng ngày lễ lớn có phun ko bạn?? hay chỉ cố định là t6,7, cn
2026-09-15 18:57:20,913 | INFO | Comment 11/50: Quá đẹp
2026-09-15 18:57:21,373 | INFO | Comment 12/50: ở thành phố đà nẵng thì có địa điểm nào chơi k mng.. cần tư vấn gấp
2026-09-15 18:57:21,764 | INFO | Comment 13/50: 18/6 này mình vào một mình, mà chưa biết đi như nào. có friend nào cũng đi 1 mình k :))) đi chung đê
2026-09-15 18:57:22,222 | INFO | Comment 14/50: Mai dc di roiiii
2026-09-15 18:57:22,560 | INFO | Comment 15/50: cầu rồng đứng ở đâu thì không bị ướt z mọi người
2026-09-15 18:57:22,827 | INFO | Comment 16/50: Mọi người ghé kênh em, xem thử show mới toanh ở Đà Nẵng nhée, book vé thì liên hệ em lun nhee ❤️giá 
2026-09-15 18:57:23,211 | INFO | Comment 17/50: 🚕Xe Đà Nẵng - Hội An - Bà Nà - Huế Đà Nẵng - Hội An xe 4 chỗ : 2.19k🌿 Đà Nẵng - Hội An xe 7 chỗ : 2.
2026-09-15 18:57:23,801 | INFO | Comment 18/50: các bác cho em hỏi, nhà em có con nhỏ 10tháng thì nên thuê xe máy hay ô tô ạ?
2026-09-15 18:57:24,608 | INFO | Comment 19/50: quá hay fl chéo nha 🥰
2026-09-15 18:57:24,609 | INFO | DOM growth: 0 → 38
2026-09-15 18:57:24,948 | INFO | Scroll mode: COMMENT_CONTAINER
2026-09-15 18:57:29,694 | INFO | Clicked 'View more' button
2026-09-15 18:57:39,012 | INFO | Round 2 | DOM comments: 78
2026-09-15 18:57:50,170 | INFO | Comment 20/50: Quá hữu ích😍
2026-09-15 18:57:50,996 | INFO | Comment 21/50: Tui không có qen ai ở Đà Nẵng để có dịp nhờ họ đưa đi chơi
2026-09-15 18:57:51,639 | INFO | Comment 22/50: Check ib mình với a
2026-09-15 18:57:52,518 | INFO | Comment 23/50: Thue xe 3 ngày đổ 70k xăng đi nhè k hết 😂😂😂
2026-09-15 18:57:53,349 | INFO | Comment 24/50: chill thật
2026-09-15 18:57:53,825 | INFO | Comment 25/50: Cho home xin video được hơm ạ 🥰🥰🥰
2026-09-15 18:57:54,210 | INFO | Comment 26/50: xinh
2026-09-15 18:57:54,858 | INFO | Comment 27/50: Đà Nẵng thì quá tuyệt rồi. Tuyệt vời hơn khi ghé vào trang em đặt hàng nội địa Nhật Bản đi các tình 
2026-09-15 18:57:55,717 | INFO | Comment 28/50: hôm nay e tắm biển bãi thẳng khách sạn Maximilan sang đó. mà bị ai lấy mất túi đồ luôn. trong đó có 
2026-09-15 18:57:56,140 | INFO | Comment 29/50: Dịp này bắn pháo hoa thì t7 cầu rồng có phun lửa k ạ
2026-09-15 18:57:56,497 | INFO | Comment 30/50: ai đi chs thì ib mik nhé
2026-09-15 18:57:57,216 | INFO | Comment 31/50: Chính chủ có nguyên căn cần giới du lịch giải cứu ạ. 😂
2026-09-15 18:57:57,975 | INFO | Comment 32/50: Chéo ạ🥰
2026-09-15 18:57:58,464 | INFO | Comment 33/50: @Duong The Nong hẹn đà nẵng ngày k xa
2026-09-15 18:57:58,801 | INFO | Comment 34/50: @Yellow-Bee Technology Center
2026-09-15 18:57:59,581 | INFO | Comment 35/50: @Ánh Dương còn cái nào chưa làm k
2026-09-15 18:58:00,366 | INFO | Comment 36/50: @GaBongchipchip
2026-09-15 18:58:00,848 | INFO | Comment 37/50: mik ké cho thuê máy ảnh cá nhân r50 kèm lens kit và quai đeo 150k/24 giờ ở đà nẵng-hội an ạ ❤️
2026-09-15 18:58:01,216 | INFO | Comment 38/50: @nấm 🌹 đã đi hết rồi ấy nhỉ 😳
2026-09-15 18:58:01,870 | INFO | Comment 39/50: 😂😂😂
2026-09-15 18:58:01,871 | INFO | DOM growth: 38 → 78
2026-09-15 18:58:02,333 | INFO | Scroll mode: COMMENT_CONTAINER
2026-09-15 18:58:07,412 | INFO | Clicked 'View more' button
2026-09-15 18:58:18,764 | INFO | Round 3 | DOM comments: 100
2026-09-15 18:58:40,923 | INFO | Comment 40/50: 😳😳😳
2026-09-15 18:58:41,383 | INFO | Comment 41/50: 😁😁😁
2026-09-15 18:58:41,848 | INFO | Comment 42/50: 🥰🥰🥰
2026-09-15 18:58:42,336 | INFO | Comment 43/50: 😁
2026-09-15 18:58:43,396 | INFO | Comment 44/50: @D_Nhi27.06
2026-09-15 18:58:44,295 | INFO | Comment 45/50: @Má Bánh Bao Nè 😎😎
2026-09-15 18:58:44,874 | INFO | Comment 46/50: Liên hệ đặt bàn For You Club: 0342 505 427 ❤️để đc tư vấn nhiệt tình và chọn vị trí ưng ý nhất ạ.
2026-09-15 18:58:45,309 | INFO | Comment 47/50: 💥 AMY’S HOUSE – TIỆM THUÊ ĐỒ CHIỀU KHÁCH NHẤT ĐIỆN BÀN 💥 Không cần tốn cả triệu để có outfit xinh ✨ 
2026-09-15 18:58:45,636 | INFO | Comment 48/50: 🔥 HÀNG MỚI VỀ NGẬP TRÀN TẠI AMY’S HOUSE CN4!🔥 Các nàng ơi, nhà Amy lại vừa “update” thêm một loạt ou
2026-09-15 18:58:46,420 | INFO | Comment 49/50: Săn mây TakPo đà nẵng liên hệ mình nhé
2026-09-15 18:58:46,420 | INFO | DOM growth: 78 → 100
2026-09-15 18:58:46,571 | INFO | Scroll mode: COMMENT_CONTAINER
2026-09-15 18:58:51,648 | INFO | Clicked 'View more' button
2026-09-15 18:59:03,544 | INFO | Round 4 | DOM comments: 100
2026-09-15 18:59:26,663 | INFO | DOM growth: 100 → 100
2026-09-15 18:59:26,775 | INFO | Scroll mode: COMMENT_CONTAINER
2026-09-15 18:59:31,416 | INFO | Clicked 'View more' button
2026-09-15 18:59:44,502 | INFO | Round 5 | DOM comments: 100
2026-09-15 19:00:09,015 | INFO | DOM growth: 100 → 100
2026-09-15 19:00:09,133 | INFO | Scroll mode: COMMENT_CONTAINER
2026-09-15 19:00:13,707 | INFO | Clicked 'View more' button
2026-09-15 19:00:24,929 | INFO | Round 6 | DOM comments: 100
2026-09-15 19:00:46,890 | INFO | DOM growth: 100 → 100
2026-09-15 19:00:46,980 | INFO | Scroll mode: COMMENT_CONTAINER
2026-09-15 19:00:52,418 | INFO | Clicked 'View more' button
2026-09-15 19:01:05,052 | INFO | Round 7 | DOM comments: 100
2026-09-15 19:01:26,983 | INFO | DOM growth: 100 → 100
2026-09-15 19:01:27,108 | INFO | Scroll mode: COMMENT_CONTAINER
2026-09-15 19:01:31,119 | INFO | Clicked 'View more' button
2026-09-15 19:01:40,314 | INFO | Round 8 | DOM comments: 100
2026-09-15 19:02:02,334 | INFO | DOM growth: 100 → 100
2026-09-15 19:02:02,458 | INFO | Scroll mode: COMMENT_CONTAINER
2026-09-15 19:02:07,400 | INFO | Clicked 'View more' button
2026-09-15 19:02:17,124 | INFO | Round 9 | DOM comments: 100
2026-09-15 19:02:40,361 | INFO | DOM growth: 100 → 100
2026-09-15 19:02:40,597 | INFO | Scroll mode: COMMENT_CONTAINER
2026-09-15 19:02:45,451 | INFO | Clicked 'View more' button
2026-09-15 19:02:57,207 | INFO | Round 10 | DOM comments: 100
2026-09-15 19:03:18,232 | INFO | DOM growth: 100 → 100
2026-09-15 19:03:18,344 | INFO | Scroll mode: COMMENT_CONTAINER
2026-09-15 19:03:23,169 | INFO | Clicked 'View more' button
2026-09-15 19:03:33,879 | INFO | Round 11 | DOM comments: 100
2026-09-15 19:03:54,072 | INFO | DOM growth: 100 → 100
2026-09-15 19:03:54,173 | INFO | Scroll mode: COMMENT_CONTAINER
2026-09-15 19:03:58,520 | INFO | Clicked 'View more' button
2026-09-15 19:04:07,041 | INFO | Round 12 | DOM comments: 100
2026-09-15 19:04:32,936 | INFO | DOM growth: 100 → 100
2026-09-15 19:04:33,073 | INFO | Scroll mode: COMMENT_CONTAINER
2026-09-15 19:04:38,239 | INFO | Clicked 'View more' button
2026-09-15 19:04:50,237 | INFO | Round 13 | DOM comments: 100
2026-09-15 19:05:13,464 | INFO | DOM growth: 100 → 100
2026-09-15 19:05:13,624 | INFO | Scroll mode: COMMENT_CONTAINER
2026-09-15 19:05:17,654 | INFO | Clicked 'View more' button
2026-09-15 19:05:27,834 | INFO | Round 14 | DOM comments: 100
2026-09-15 19:05:54,700 | INFO | DOM growth: 100 → 100
2026-09-15 19:05:54,801 | INFO | Scroll mode: COMMENT_CONTAINER
2026-09-15 19:05:59,652 | INFO | Clicked 'View more' button
2026-09-15 19:06:09,784 | INFO | Round 15 | DOM comments: 100
2026-09-15 19:06:33,043 | INFO | No new comments after 12 rounds → stop.
2026-09-15 19:06:33,043 | INFO | ======================================
2026-09-15 19:06:33,044 | INFO | COMMENT RESULT: 49/50
2026-09-15 19:06:33,045 | INFO | ======================================
2026-09-15 19:06:33,060 | INFO | Saved JSON: D:\TIỂU LUẬN CHUYÊN NGÀNH\TLCN-Travel\data\raw\tiktok\tiktok_metadata_comments.json
2026-09-15 19:06:33,063 | INFO | Done: 49 comments
2026-09-15 19:06:36,600 | INFO | [5/12] https://www.tiktok.com/@trumdulich24/video/7587029969981689109
2026-09-15 19:06:36,601 | INFO | Open video: https://www.tiktok.com/@trumdulich24/video/7587029969981689109
2026-09-15 19:06:52,771 | INFO | ======================================
2026-09-15 19:06:52,772 | INFO | START COMMENT CRAWLING
2026-09-15 19:06:52,772 | INFO | ======================================
2026-09-15 19:06:52,773 | INFO | Opening TikTok comment panel...
2026-09-15 19:06:52,838 | INFO | Selector [data-e2e="comment-icon"] -> 1 elements
2026-09-15 19:06:54,960 | INFO | Clicked comment button: [data-e2e="comment-icon"]
2026-09-15 19:07:09,758 | WARNING | Comment DOM not detected.
2026-09-15 19:07:09,760 | WARNING | Could not open/load comment section.
2026-09-15 19:07:09,776 | INFO | Saved JSON: D:\TIỂU LUẬN CHUYÊN NGÀNH\TLCN-Travel\data\raw\tiktok\tiktok_metadata_comments.json
2026-09-15 19:07:09,776 | INFO | Done: 0 comments
2026-09-15 19:07:14,625 | INFO | [6/12] https://www.tiktok.com/@hoangyen.shinetravel/video/7630455816352501012
2026-09-15 19:07:14,626 | INFO | Open video: https://www.tiktok.com/@hoangyen.shinetravel/video/7630455816352501012
2026-09-15 19:07:27,741 | INFO | ======================================
2026-09-15 19:07:27,743 | INFO | START COMMENT CRAWLING
2026-09-15 19:07:27,744 | INFO | ======================================
2026-09-15 19:07:27,744 | INFO | Opening TikTok comment panel...
2026-09-15 19:07:27,787 | INFO | Selector [data-e2e="comment-icon"] -> 1 elements
2026-09-15 19:07:29,177 | INFO | Clicked comment button: [data-e2e="comment-icon"]
2026-09-15 19:07:42,893 | WARNING | Comment DOM not detected.
2026-09-15 19:07:42,895 | WARNING | Could not open/load comment section.
2026-09-15 19:07:42,916 | INFO | Saved JSON: D:\TIỂU LUẬN CHUYÊN NGÀNH\TLCN-Travel\data\raw\tiktok\tiktok_metadata_comments.json
2026-09-15 19:07:42,919 | INFO | Done: 0 comments
2026-09-15 19:07:46,613 | INFO | [7/12] https://www.tiktok.com/@vivudanang243/video/7669022622616669461
2026-09-15 19:07:46,616 | INFO | Open video: https://www.tiktok.com/@vivudanang243/video/7669022622616669461
2026-09-15 19:08:01,103 | INFO | ======================================
2026-09-15 19:08:01,104 | INFO | START COMMENT CRAWLING
2026-09-15 19:08:01,104 | INFO | ======================================
2026-09-15 19:08:01,104 | INFO | Opening TikTok comment panel...
2026-09-15 19:08:01,132 | INFO | Selector [data-e2e="comment-icon"] -> 1 elements
2026-09-15 19:08:02,568 | INFO | Clicked comment button: [data-e2e="comment-icon"]
2026-09-15 19:08:17,069 | WARNING | Comment DOM not detected.
2026-09-15 19:08:17,071 | WARNING | Could not open/load comment section.
2026-09-15 19:08:17,089 | INFO | Saved JSON: D:\TIỂU LUẬN CHUYÊN NGÀNH\TLCN-Travel\data\raw\tiktok\tiktok_metadata_comments.json
2026-09-15 19:08:17,090 | INFO | Done: 0 comments
2026-09-15 19:08:19,468 | INFO | [8/12] https://www.tiktok.com/@dolri.nn/video/7656305352056655122
2026-09-15 19:08:19,470 | INFO | Open video: https://www.tiktok.com/@dolri.nn/video/7656305352056655122
2026-09-15 19:08:34,003 | INFO | ======================================
2026-09-15 19:08:34,003 | INFO | START COMMENT CRAWLING
2026-09-15 19:08:34,004 | INFO | ======================================
2026-09-15 19:08:34,004 | INFO | Opening TikTok comment panel...
2026-09-15 19:08:34,104 | INFO | Selector [data-e2e="comment-icon"] -> 1 elements
2026-09-15 19:08:35,576 | INFO | Clicked comment button: [data-e2e="comment-icon"]
2026-09-15 19:08:50,023 | WARNING | Comment DOM not detected.
2026-09-15 19:08:50,024 | WARNING | Could not open/load comment section.
2026-09-15 19:08:50,034 | INFO | Saved JSON: D:\TIỂU LUẬN CHUYÊN NGÀNH\TLCN-Travel\data\raw\tiktok\tiktok_metadata_comments.json
2026-09-15 19:08:50,035 | INFO | Done: 0 comments
2026-09-15 19:08:52,782 | INFO | [9/12] https://www.tiktok.com/@hanii16422/video/7629688382381198610
2026-09-15 19:08:52,784 | INFO | Open video: https://www.tiktok.com/@hanii16422/video/7629688382381198610
2026-09-15 19:09:06,843 | INFO | ======================================
2026-09-15 19:09:06,844 | INFO | START COMMENT CRAWLING
2026-09-15 19:09:06,845 | INFO | ======================================
2026-09-15 19:09:06,845 | INFO | Opening TikTok comment panel...
2026-09-15 19:09:06,910 | INFO | Selector [data-e2e="comment-icon"] -> 1 elements
2026-09-15 19:09:08,332 | INFO | Clicked comment button: [data-e2e="comment-icon"]
2026-09-15 19:09:22,750 | WARNING | Comment DOM not detected.
2026-09-15 19:09:22,750 | WARNING | Could not open/load comment section.
2026-09-15 19:09:22,768 | INFO | Saved JSON: D:\TIỂU LUẬN CHUYÊN NGÀNH\TLCN-Travel\data\raw\tiktok\tiktok_metadata_comments.json
2026-09-15 19:09:22,768 | INFO | Done: 0 comments
2026-09-15 19:09:24,887 | INFO | [10/12] https://www.tiktok.com/@_dicungquynhmai/video/7640794914174831880
2026-09-15 19:09:24,888 | INFO | Open video: https://www.tiktok.com/@_dicungquynhmai/video/7640794914174831880
2026-09-15 19:09:40,439 | INFO | ======================================
2026-09-15 19:09:40,439 | INFO | START COMMENT CRAWLING
2026-09-15 19:09:40,439 | INFO | ======================================
2026-09-15 19:09:40,440 | INFO | Opening TikTok comment panel...
2026-09-15 19:09:40,498 | INFO | Selector [data-e2e="comment-icon"] -> 1 elements
2026-09-15 19:09:42,500 | INFO | Clicked comment button: [data-e2e="comment-icon"]
2026-09-15 19:09:56,634 | WARNING | Comment DOM not detected.
2026-09-15 19:09:56,636 | WARNING | Could not open/load comment section.
2026-09-15 19:09:57,523 | INFO | Saved JSON: D:\TIỂU LUẬN CHUYÊN NGÀNH\TLCN-Travel\data\raw\tiktok\tiktok_metadata_comments.json
2026-09-15 19:09:57,524 | INFO | Done: 0 comments
2026-09-15 19:10:00,134 | INFO | [11/12] https://www.tiktok.com/@dulichdanang24/video/7584334864464334101
2026-09-15 19:10:00,136 | INFO | Open video: https://www.tiktok.com/@dulichdanang24/video/7584334864464334101
2026-09-15 19:10:16,665 | INFO | ======================================
2026-09-15 19:10:16,667 | INFO | START COMMENT CRAWLING
2026-09-15 19:10:16,667 | INFO | ======================================
2026-09-15 19:10:16,668 | INFO | Opening TikTok comment panel...
2026-09-15 19:10:16,703 | INFO | Selector [data-e2e="comment-icon"] -> 1 elements
2026-09-15 19:10:18,249 | INFO | Clicked comment button: [data-e2e="comment-icon"]
2026-09-15 19:10:32,435 | WARNING | Comment DOM not detected.
2026-09-15 19:10:32,436 | WARNING | Could not open/load comment section.
2026-09-15 19:10:32,478 | INFO | Saved JSON: D:\TIỂU LUẬN CHUYÊN NGÀNH\TLCN-Travel\data\raw\tiktok\tiktok_metadata_comments.json
2026-09-15 19:10:32,479 | INFO | Done: 0 comments
2026-09-15 19:10:36,387 | INFO | [12/12] https://www.tiktok.com/@lacadanang.tiktok/video/7582941893495885074
2026-09-15 19:10:36,388 | INFO | Open video: https://www.tiktok.com/@lacadanang.tiktok/video/7582941893495885074
2026-09-15 19:10:48,191 | INFO | ======================================
2026-09-15 19:10:48,192 | INFO | START COMMENT CRAWLING
2026-09-15 19:10:48,192 | INFO | ======================================
2026-09-15 19:10:48,193 | INFO | Opening TikTok comment panel...
2026-09-15 19:10:48,247 | INFO | Selector [data-e2e="comment-icon"] -> 1 elements
2026-09-15 19:10:49,622 | INFO | Clicked comment button: [data-e2e="comment-icon"]
2026-09-15 19:11:03,600 | WARNING | Comment DOM not detected.
2026-09-15 19:11:03,601 | WARNING | Could not open/load comment section.
2026-09-15 19:11:03,634 | INFO | Saved JSON: D:\TIỂU LUẬN CHUYÊN NGÀNH\TLCN-Travel\data\raw\tiktok\tiktok_metadata_comments.json
2026-09-15 19:11:03,636 | INFO | Done: 0 comments
2026-09-15 19:11:16,858 | INFO | Saved JSON: D:\TIỂU LUẬN CHUYÊN NGÀNH\TLCN-Travel\data\raw\tiktok\tiktok_metadata_comments.json
2026-09-15 19:11:16,858 | INFO | Finished. Videos: 12
2026-09-19 19:41:40,952 | INFO | ======================================
2026-09-19 19:41:40,955 | INFO | TikTok metadata + comments crawler
2026-09-19 19:41:40,955 | INFO | ======================================
2026-09-19 19:41:43,132 | INFO | Searching: du lịch Đà Nẵng
2026-09-19 19:41:51,161 | INFO | Search round 1 | videos: 12
2026-09-19 19:41:54,474 | INFO | Search round 2 | videos: 12
2026-09-19 19:41:57,665 | INFO | Keyword 'du lịch Đà Nẵng': 12 videos
2026-09-19 19:41:57,666 | INFO | [1/12] https://www.tiktok.com/@thuexemaydanang43hovy/video/7628220945903144213
2026-09-19 19:41:57,666 | INFO | Open video: https://www.tiktok.com/@thuexemaydanang43hovy/video/7628220945903144213
2026-09-19 19:42:09,634 | INFO | ======================================
2026-09-19 19:42:09,634 | INFO | START COMMENT CRAWLING
2026-09-19 19:42:09,634 | INFO | ======================================
2026-09-19 19:42:09,635 | INFO | Opening TikTok comment panel...
2026-09-19 19:42:09,666 | INFO | Selector [data-e2e="comment-icon"] -> 1 elements
2026-09-19 19:42:10,675 | INFO | Clicked comment button: [data-e2e="comment-icon"]
2026-09-19 19:42:13,717 | INFO | Comment DOM loaded: [data-e2e="comment-level-1"] | 20 elements
2026-09-19 19:42:14,547 | INFO | Clicked 'View more' button
2026-09-19 19:42:16,482 | INFO | Round 1 | DOM comments: 40
2026-09-19 19:42:16,667 | INFO | Comment 1/50: Mình di 3 năm liên tiếp nha vẫn luỵ nè, mà mình đến chờ nhận xe r mình đi Hội An trước nhé, xog về c
2026-09-19 19:42:16,699 | INFO | Comment 2/50: Đà Nẵng - Hội An - Huế - Bà Nà - [x] 🚕Đ𝐚̀ 𝐍𝐚̆̃𝐧𝐠 - 𝐇𝐨̣̂𝐢 𝐀𝐧 𝐱𝐞 𝟒 𝐜𝐡𝐨̂̃ : 𝟐 1 9 🌿 🚕Đ𝐚̀ 𝐍𝐚̆̃𝐧𝐠 - 𝐇𝐨̣̂𝐢
2026-09-19 19:42:16,727 | INFO | Comment 3/50: năm 2024 đang ngồi chán thì book máy bay đi ĐN luôn:) lên đó xong hỏi có gì chơi xong đi kk, nhờ v m
2026-09-19 19:42:16,756 | INFO | Comment 4/50: Phải thuê 2 khách sạn ở Đà Nẵng Riêng và Hội An riêng sao ạ?
2026-09-19 19:42:16,786 | INFO | Comment 5/50: 25/8 đn đã vào mùa mưa ch mn ơi
2026-09-19 19:42:16,816 | INFO | Comment 6/50: Xin phép chủ tuss : 🌿 Đi Hội An – Đà Nẵng mà chưa có ai chụp ảnh thì book em nha 📸✨ Em là nữ photogr
2026-09-19 19:42:16,849 | INFO | Comment 7/50: Đầu t7 mình đi lúc đó ĐN có nắng quá và còn pháo hoa ko mn 😁
2026-09-19 19:42:16,879 | INFO | Comment 8/50: Bên mình chuyên tour rừng dừa bảy mẫu hội an 🌴🌴 giá chỉ 150k/2 người lớn+ 1 trẻ em<6t(đã bao gồm tất
2026-09-19 19:42:16,904 | INFO | Comment 9/50: Đà nẵng cuối tháng 6 đầu tháng 7 có thích hợp đi du lịch ko ạ, có đông và nắng nóng lắm ko ạ. Mong m
2026-09-19 19:42:16,935 | INFO | Comment 10/50: Có tour Đà Nẵng ik Bà Nà Hills k ạ
2026-09-19 19:42:16,963 | INFO | Comment 11/50: Tui ở 2 tuần giờ về vẫn thèm nè
2026-09-19 19:42:16,989 | INFO | Comment 12/50: Đi núi thần tài mất bn lâu
2026-09-19 19:42:17,018 | INFO | Comment 13/50: Xe máy thuê bnh/ngày vậy ạ
2026-09-19 19:42:17,047 | INFO | Comment 14/50: Bạn nói đúng nè. Năm ngoái tui đi Đà Nẵng lần đầu tiên trong 4 ngày 3 đêm, và giờ tui vẫn mong được 
2026-09-19 19:42:17,077 | INFO | Comment 15/50: thuê xe máy bao nhiêu 1 ngày ạ
2026-09-19 19:42:17,112 | INFO | Comment 16/50: . 🚖 Chào mừng đến Đà Nẵng.
2026-09-19 19:42:17,150 | INFO | Comment 17/50: Mjh muốn đi vào t9 hợp lý k b
2026-09-19 19:42:17,185 | INFO | Comment 18/50: Đà Nẵng có nạn lừa cọc tiền khách sạn
2026-09-19 19:42:17,214 | INFO | Comment 19/50: Cầu rồng phun lửa có vào những hnao hả các b
2026-09-19 19:42:17,232 | INFO | Comment 20/50: ĐN ít cũng 3 đêm thì may ra mới đủ thời gian đi chrckin các điểm 🫶🏻
2026-09-19 19:42:17,232 | INFO | DOM growth: 0 → 40
2026-09-19 19:42:17,242 | INFO | Scroll mode: COMMENT_CONTAINER
2026-09-19 19:42:21,682 | INFO | Clicked 'View more' button
2026-09-19 19:42:23,463 | INFO | Round 2 | DOM comments: 40
2026-09-19 19:42:24,305 | INFO | DOM growth: 40 → 40
2026-09-19 19:42:24,311 | INFO | Scroll mode: COMMENT_CONTAINER
2026-09-19 19:42:27,735 | INFO | Clicked 'View more' button
2026-09-19 19:42:29,728 | INFO | Round 3 | DOM comments: 40
2026-09-19 19:42:30,697 | INFO | DOM growth: 40 → 40
2026-09-19 19:42:30,704 | INFO | Scroll mode: COMMENT_CONTAINER
2026-09-19 19:42:34,272 | INFO | Clicked 'View more' button
2026-09-19 19:42:36,180 | INFO | Round 4 | DOM comments: 40
2026-09-19 19:42:36,936 | INFO | DOM growth: 40 → 40
2026-09-19 19:42:36,946 | INFO | Scroll mode: COMMENT_CONTAINER
2026-09-19 19:42:40,421 | INFO | Clicked 'View more' button
2026-09-19 19:42:42,253 | INFO | Round 5 | DOM comments: 40
2026-09-19 19:42:43,046 | INFO | DOM growth: 40 → 40
2026-09-19 19:42:43,052 | INFO | Scroll mode: COMMENT_CONTAINER
2026-09-19 19:42:47,405 | INFO | Clicked 'View more' button
2026-09-19 19:42:49,281 | INFO | Round 6 | DOM comments: 40
2026-09-19 19:42:50,222 | INFO | DOM growth: 40 → 40
2026-09-19 19:42:50,229 | INFO | Scroll mode: COMMENT_CONTAINER
2026-09-19 19:42:54,148 | INFO | Clicked 'View more' button
2026-09-19 19:42:55,976 | INFO | Round 7 | DOM comments: 40
2026-09-19 19:42:56,555 | INFO | DOM growth: 40 → 40
2026-09-19 19:42:56,560 | INFO | Scroll mode: COMMENT_CONTAINER
2026-09-19 19:43:00,060 | INFO | Clicked 'View more' button
2026-09-19 19:43:02,057 | INFO | Round 8 | DOM comments: 40
2026-09-19 19:43:03,189 | INFO | DOM growth: 40 → 40
2026-09-19 19:43:03,196 | INFO | Scroll mode: COMMENT_CONTAINER
2026-09-19 19:43:06,840 | INFO | Clicked 'View more' button
2026-09-19 19:43:08,583 | INFO | Round 9 | DOM comments: 40
2026-09-19 19:43:09,157 | INFO | DOM growth: 40 → 40
2026-09-19 19:43:09,164 | INFO | Scroll mode: COMMENT_CONTAINER
2026-09-19 19:43:13,691 | INFO | Clicked 'View more' button
2026-09-19 19:43:15,758 | INFO | Round 10 | DOM comments: 40
2026-09-19 19:43:16,527 | INFO | DOM growth: 40 → 40
2026-09-19 19:43:16,530 | INFO | Scroll mode: COMMENT_CONTAINER
2026-09-19 19:43:20,022 | INFO | Clicked 'View more' button
2026-09-19 19:43:21,954 | INFO | Round 11 | DOM comments: 40
2026-09-19 19:43:22,581 | INFO | DOM growth: 40 → 40
2026-09-19 19:43:22,585 | INFO | Scroll mode: COMMENT_CONTAINER
2026-09-19 19:43:27,454 | INFO | Clicked 'View more' button
2026-09-19 19:43:29,370 | INFO | Round 12 | DOM comments: 40
2026-09-19 19:43:30,202 | INFO | DOM growth: 40 → 40
2026-09-19 19:43:30,209 | INFO | Scroll mode: COMMENT_CONTAINER
2026-09-19 19:43:34,028 | INFO | Clicked 'View more' button
2026-09-19 19:43:35,802 | INFO | Round 13 | DOM comments: 40
2026-09-19 19:43:36,816 | INFO | No new comments after 12 rounds → stop.
2026-09-19 19:43:36,817 | INFO | ======================================
2026-09-19 19:43:36,817 | INFO | COMMENT RESULT: 20/50
2026-09-19 19:43:36,817 | INFO | ======================================
2026-09-19 19:43:36,823 | INFO | Saved JSON: D:\TIỂU LUẬN CHUYÊN NGÀNH\TLCN-Travel\data\raw\tiktok\tiktok_metadata_comments.json
2026-09-19 19:43:36,823 | INFO | Done: 20 comments
2026-09-19 19:43:39,014 | INFO | [2/12] https://www.tiktok.com/@hoangyen.shinetravel/video/7630455816352501012
2026-09-19 19:43:39,015 | INFO | Open video: https://www.tiktok.com/@hoangyen.shinetravel/video/7630455816352501012
2026-09-19 19:43:50,372 | INFO | ======================================
2026-09-19 19:43:50,373 | INFO | START COMMENT CRAWLING
2026-09-19 19:43:50,373 | INFO | ======================================
2026-09-19 19:43:50,373 | INFO | Opening TikTok comment panel...
2026-09-19 19:43:50,402 | INFO | Selector [data-e2e="comment-icon"] -> 1 elements
2026-09-19 19:43:51,433 | INFO | Clicked comment button: [data-e2e="comment-icon"]
2026-09-19 19:43:54,460 | INFO | Comment DOM loaded: [data-e2e="comment-level-1"] | 18 elements
2026-09-19 19:43:55,092 | INFO | Clicked 'View more' button
2026-09-19 19:43:57,081 | INFO | Round 1 | DOM comments: 36
2026-09-19 19:43:57,354 | INFO | Comment 1/50: Tớ có combo Đà Nẵng tháng 4 3n2đ từ 3tr8, 4n3đ từ 3tr950. Combo bao gồm máy bay khứ hồi + khách sạn 
2026-09-19 19:43:57,390 | INFO | Comment 2/50: b thuê khách sạn ở đâu vậy, chơi phố cổ hội An đêm xog lại về khách sạn ở Đà Nẵng ạ
2026-09-19 19:43:57,437 | INFO | Comment 3/50: muốn đi chơi mac hk biết đặt khách sạn khu nào cho tiện ạ. cứu bed
2026-09-19 19:43:57,488 | INFO | Comment 4/50: @Chụp Ảnh Hội An - Đà Nẵng: Xin phép chủ tus ạ , em là nữ chuyên nhận chụp ảnh bằng điện thoại giá r
2026-09-19 19:43:57,531 | INFO | Comment 5/50: Đặt vé rừng dừa với vé lên bà nà hil ở đâu vậy ạ
2026-09-19 19:43:57,572 | INFO | Comment 6/50: Tối thả hoa đăng ở Hội An rồi mấy giờ bà quay về Đà Nẵng vậy ạ.
2026-09-19 19:43:57,620 | INFO | Comment 7/50: đặt vé rừng dừa ở đâu vậy cậu
2026-09-19 19:43:57,670 | INFO | Comment 8/50: Hội An ↔ ĐN ↔ Huế 🌴 4c 2.2.0 🌴 7c 2.7.0 🌴 16c 4.0.0k zé lô O79 555 4686 🔥 đi rồi sẽ thấy đáng tiền
2026-09-19 19:43:57,717 | INFO | Comment 9/50: Có vé t8 k b
2026-09-19 19:43:57,776 | INFO | Comment 10/50: b ơi có combo t9 k ạ?
2026-09-19 19:43:57,909 | INFO | Comment 11/50: Đi xe máy lên Hội an à e
2026-09-19 19:43:57,973 | INFO | Comment 12/50: Bên mình còn phòng ở hội an k ạ
2026-09-19 19:43:58,014 | INFO | Comment 13/50: Cho mik tham khảo tên ksan gần Hội An và gần trung tâm với ạ
2026-09-19 19:43:58,059 | INFO | Comment 14/50: Vé dừng rừa trẻ con đi được ko ạ
2026-09-19 19:43:58,104 | INFO | Comment 15/50: Tầm gần cuối th8 thì thời tiết hội an ntn ạ
2026-09-19 19:43:58,151 | INFO | Comment 16/50: Có combo tháng 5 kh ạ
2026-09-19 19:43:58,192 | INFO | Comment 17/50: Combo thế nào v ạ
2026-09-19 19:43:58,236 | INFO | Comment 18/50: Chị có tour Huế - Đà Nắng không ạ, em xin tư vấn với ạ
2026-09-19 19:43:58,237 | INFO | DOM growth: 0 → 36
2026-09-19 19:43:58,245 | INFO | Scroll mode: COMMENT_CONTAINER
2026-09-19 19:44:02,494 | INFO | Clicked 'View more' button
2026-09-19 19:44:04,517 | INFO | Round 2 | DOM comments: 36
2026-09-19 19:44:05,675 | INFO | DOM growth: 36 → 36
2026-09-19 19:44:05,683 | INFO | Scroll mode: COMMENT_CONTAINER
2026-09-19 19:44:10,513 | INFO | Clicked 'View more' button
2026-09-19 19:44:12,410 | INFO | Round 3 | DOM comments: 36
2026-09-19 19:44:13,455 | INFO | DOM growth: 36 → 36
2026-09-19 19:44:13,462 | INFO | Scroll mode: COMMENT_CONTAINER
2026-09-19 19:44:17,364 | INFO | Clicked 'View more' button
2026-09-19 19:44:19,391 | INFO | Round 4 | DOM comments: 36
2026-09-19 19:44:20,339 | INFO | DOM growth: 36 → 36
2026-09-19 19:44:20,352 | INFO | Scroll mode: COMMENT_CONTAINER
2026-09-19 19:44:25,325 | INFO | Clicked 'View more' button
2026-09-19 19:44:27,268 | INFO | Round 5 | DOM comments: 36
2026-09-19 19:44:28,093 | INFO | DOM growth: 36 → 36
2026-09-19 19:44:28,101 | INFO | Scroll mode: COMMENT_CONTAINER
2026-09-19 19:44:31,909 | INFO | Clicked 'View more' button
2026-09-19 19:44:33,916 | INFO | Round 6 | DOM comments: 36
2026-09-19 19:44:34,954 | INFO | DOM growth: 36 → 36
2026-09-19 19:44:34,962 | INFO | Scroll mode: COMMENT_CONTAINER
2026-09-19 19:44:38,803 | INFO | Clicked 'View more' button
2026-09-19 19:44:40,770 | INFO | Round 7 | DOM comments: 36
2026-09-19 19:44:41,745 | INFO | DOM growth: 36 → 36
2026-09-19 19:44:41,754 | INFO | Scroll mode: COMMENT_CONTAINER
2026-09-19 19:44:46,143 | INFO | Clicked 'View more' button
2026-09-19 19:44:48,083 | INFO | Round 8 | DOM comments: 36
2026-09-19 19:44:48,984 | INFO | DOM growth: 36 → 36
2026-09-19 19:44:48,991 | INFO | Scroll mode: COMMENT_CONTAINER
2026-09-19 19:44:53,699 | INFO | Clicked 'View more' button
2026-09-19 19:44:55,613 | INFO | Round 9 | DOM comments: 36
2026-09-19 19:44:56,593 | INFO | DOM growth: 36 → 36
2026-09-19 19:44:56,600 | INFO | Scroll mode: COMMENT_CONTAINER
2026-09-19 19:45:01,617 | INFO | Clicked 'View more' button
2026-09-19 19:45:03,591 | INFO | Round 10 | DOM comments: 36
2026-09-19 19:45:04,559 | INFO | DOM growth: 36 → 36
2026-09-19 19:45:04,567 | INFO | Scroll mode: COMMENT_CONTAINER
2026-09-19 19:45:09,404 | INFO | Clicked 'View more' button
2026-09-19 19:45:11,310 | INFO | Round 11 | DOM comments: 36
2026-09-19 19:45:12,346 | INFO | DOM growth: 36 → 36
2026-09-19 19:45:12,354 | INFO | Scroll mode: COMMENT_CONTAINER
2026-09-19 19:45:16,323 | INFO | Clicked 'View more' button
2026-09-19 19:45:18,286 | INFO | Round 12 | DOM comments: 36
2026-09-19 19:45:19,307 | INFO | DOM growth: 36 → 36
2026-09-19 19:45:19,317 | INFO | Scroll mode: COMMENT_CONTAINER
2026-09-19 19:45:24,198 | INFO | Clicked 'View more' button
2026-09-19 19:45:26,141 | INFO | Round 13 | DOM comments: 36
2026-09-19 19:45:27,013 | INFO | No new comments after 12 rounds → stop.
2026-09-19 19:45:27,014 | INFO | ======================================
2026-09-19 19:45:27,014 | INFO | COMMENT RESULT: 18/50
2026-09-19 19:45:27,014 | INFO | ======================================
2026-09-19 19:45:27,016 | INFO | Saved JSON: D:\TIỂU LUẬN CHUYÊN NGÀNH\TLCN-Travel\data\raw\tiktok\tiktok_metadata_comments.json
2026-09-19 19:45:27,016 | INFO | Done: 18 comments
2026-09-19 19:45:29,078 | INFO | [3/12] https://www.tiktok.com/@bychimai/video/7681307608233348370
2026-09-19 19:45:29,078 | INFO | Open video: https://www.tiktok.com/@bychimai/video/7681307608233348370
2026-09-19 19:45:40,931 | INFO | ======================================
2026-09-19 19:45:40,932 | INFO | START COMMENT CRAWLING
2026-09-19 19:45:40,932 | INFO | ======================================
2026-09-19 19:45:40,932 | INFO | Opening TikTok comment panel...
2026-09-19 19:45:40,945 | INFO | Selector [data-e2e="comment-icon"] -> 1 elements
2026-09-19 19:45:41,960 | INFO | Clicked comment button: [data-e2e="comment-icon"]
2026-09-19 19:45:44,984 | INFO | Comment DOM loaded: [data-e2e="comment-level-1"] | 20 elements
2026-09-19 19:45:45,799 | INFO | Clicked 'View more' button
2026-09-19 19:45:47,775 | INFO | Round 1 | DOM comments: 40
2026-09-19 19:45:48,070 | INFO | Comment 1/50: Bất kỳ ai tới Đà Nẵng vui lòng né gấp Mọi nướng Núi Thành
2026-09-19 19:45:48,110 | INFO | Comment 2/50: Ẩm thực Trần, ăn xong muốn .... luôn
2026-09-19 19:45:48,150 | INFO | Comment 3/50: Ủa chè liên ngon mà ta , mình đi mãi mà 🥹🥹
2026-09-19 19:45:48,187 | INFO | Comment 4/50: Chè Liên nói xuất sắc thì không. Nhưng mình thấy nó lại không dở :)), ăn cũng okie, phục vụ nhanh.
2026-09-19 19:45:48,228 | INFO | Comment 5/50: Nướng Ngưu Phồn ăn 1 lần sợ luôn
2026-09-19 19:45:48,279 | INFO | Comment 6/50: Chính xác
2026-09-19 19:45:48,325 | INFO | Comment 7/50: Còn thiếu : Mì quảng ếch Bếp T… :))))
2026-09-19 19:45:48,377 | INFO | Comment 8/50: Người ĐN xác nhận Chợ đêm Sơn Trà, Ẩm thực Trần, show cá heo đúng nha 😅 còn chè Liên với nướng Ngưu 
2026-09-19 19:45:48,426 | INFO | Comment 9/50: Chè Liên vẫn okie mà, mình ĐN vẫn ăn bth
2026-09-19 19:45:48,475 | INFO | Comment 10/50: Mình gốc ng đà nẵng mà ko ăn chè Liên. Mình ăn chè ông Cúc. Ngon hơn á. Còn mấy cái còn lại cũng ko 
2026-09-19 19:45:48,526 | INFO | Comment 11/50: fomo là gì nhỉ
2026-09-19 19:45:48,578 | INFO | Comment 12/50: Ren bạn biết
2026-09-19 19:45:48,624 | INFO | Comment 13/50: Chè liên ngon mà có gì đâu.mà bỏ 20k -25k ra để trải nghiệm 1 món ăn cho dù ko quá ngon xuất sắc thì
2026-09-19 19:45:48,670 | INFO | Comment 14/50: fomo là gì
2026-09-19 19:45:48,713 | INFO | Comment 15/50: Người DN và mình chưa đi chỗ nào trong đây luôn. 🫪
2026-09-19 19:45:48,750 | INFO | Comment 16/50: sự thật dân Đà Nẵng ko ai ăn Thịt heo Trần.😅😅😅 thời đi học từng làm thêm ở Trần. oẹ thôi rồi 😂😂😂
2026-09-19 19:45:48,795 | INFO | Comment 17/50: Chè Liên best choice trong lòng em luôn ớ, siêu ngon. Vẫn highly recommend mn đến Đà Nẵng thì thử ạ.
2026-09-19 19:45:48,830 | INFO | Comment 18/50: chè liên ngonn màa ạ
2026-09-19 19:45:48,866 | INFO | Comment 19/50: Chợ đêm và show cá heo đúng thiệt trải nghiệm uổng tiền nhất luôn😂😂
2026-09-19 19:45:48,915 | INFO | Comment 20/50: Ở Đà Nẵng mấy năm mà chưa đi chợ đêm sơn trà, ẩm thực trần khi nào, toàn ăn bánh tráng thịt heo chợ 
2026-09-19 19:45:48,916 | INFO | DOM growth: 0 → 40
2026-09-19 19:45:48,925 | INFO | Scroll mode: COMMENT_CONTAINER
2026-09-19 19:45:52,608 | INFO | Clicked 'View more' button
2026-09-19 19:45:54,634 | INFO | Round 2 | DOM comments: 40
2026-09-19 19:45:55,754 | INFO | DOM growth: 40 → 40
2026-09-19 19:45:55,767 | INFO | Scroll mode: COMMENT_CONTAINER
2026-09-19 19:45:59,256 | INFO | Clicked 'View more' button
2026-09-19 19:46:01,295 | INFO | Round 3 | DOM comments: 40
2026-09-19 19:46:02,640 | INFO | DOM growth: 40 → 40
2026-09-19 19:46:02,652 | INFO | Scroll mode: COMMENT_CONTAINER
2026-09-19 19:46:06,267 | INFO | Clicked 'View more' button
2026-09-19 19:46:08,303 | INFO | Round 4 | DOM comments: 40
2026-09-19 19:46:09,457 | INFO | DOM growth: 40 → 40
2026-09-19 19:46:09,469 | INFO | Scroll mode: COMMENT_CONTAINER
2026-09-19 19:46:14,402 | INFO | Clicked 'View more' button
2026-09-19 19:46:16,537 | INFO | Round 5 | DOM comments: 40
2026-09-19 19:46:17,594 | INFO | DOM growth: 40 → 40
2026-09-19 19:46:17,610 | INFO | Scroll mode: COMMENT_CONTAINER
2026-09-19 19:46:21,086 | INFO | Clicked 'View more' button
2026-09-19 19:46:23,026 | INFO | Round 6 | DOM comments: 40
2026-09-19 19:46:24,039 | INFO | DOM growth: 40 → 40
2026-09-19 19:46:24,047 | INFO | Scroll mode: COMMENT_CONTAINER
2026-09-19 19:46:28,767 | INFO | Clicked 'View more' button
2026-09-19 19:46:30,806 | INFO | Round 7 | DOM comments: 40
2026-09-19 19:46:31,796 | INFO | DOM growth: 40 → 40
2026-09-19 19:46:31,807 | INFO | Scroll mode: COMMENT_CONTAINER
2026-09-19 19:46:35,378 | INFO | Clicked 'View more' button
2026-09-19 19:46:37,380 | INFO | Round 8 | DOM comments: 40
2026-09-19 19:46:38,448 | INFO | DOM growth: 40 → 40
2026-09-19 19:46:38,459 | INFO | Scroll mode: COMMENT_CONTAINER
2026-09-19 19:46:42,171 | INFO | Clicked 'View more' button
2026-09-19 19:46:44,224 | INFO | Round 9 | DOM comments: 40
2026-09-19 19:46:45,327 | INFO | DOM growth: 40 → 40
2026-09-19 19:46:45,339 | INFO | Scroll mode: COMMENT_CONTAINER
2026-09-19 19:46:49,904 | INFO | Clicked 'View more' button
2026-09-19 19:46:51,999 | INFO | Round 10 | DOM comments: 40
2026-09-19 19:46:53,040 | INFO | DOM growth: 40 → 40
2026-09-19 19:46:53,049 | INFO | Scroll mode: COMMENT_CONTAINER
2026-09-19 19:46:56,655 | INFO | Clicked 'View more' button
2026-09-19 19:46:58,743 | INFO | Round 11 | DOM comments: 40
2026-09-19 19:46:59,925 | INFO | DOM growth: 40 → 40
2026-09-19 19:46:59,932 | INFO | Scroll mode: COMMENT_CONTAINER
2026-09-19 19:47:04,303 | INFO | Clicked 'View more' button
2026-09-19 19:47:07,236 | INFO | Round 12 | DOM comments: 80
2026-09-19 19:47:09,256 | INFO | Comment 21/50: Nướng Ngưu Phồn ở Aeon mới mở mà, còn show cá heo ở đâu tui hong bik lun
2026-09-19 19:47:09,315 | INFO | Comment 22/50: Công nhận ẩm thực trần ăn hơn 10 năm trước giờ vẫn nhớ vừa chán vừa đắt
2026-09-19 19:47:09,368 | INFO | Comment 23/50: Sợ nhất chợ đêm Sơn Trà 😅
2026-09-19 19:47:09,432 | INFO | Comment 24/50: Cái nào cũng ok nhưng thay ẩm thực trần bằng bếp trang 😁
2026-09-19 19:47:09,486 | INFO | Comment 25/50: Ừ chuẩn top 5 rồi đó bạn 🤣 t dân ĐN cũng ko đi mấy chỗ đó
2026-09-19 19:47:09,532 | INFO | Comment 26/50: Chợ đêm Sơn Trà được cái mở ban đêm gần trung tâm để đi lại chứ riêng chất lượng đồ ăn chưa ổn. Ẩm t
2026-09-19 19:47:09,582 | INFO | Comment 27/50: Chè em thấy xuân trang cx khá ngon
2026-09-19 19:47:09,650 | INFO | Comment 28/50: thay vì ăn ẩm thực trần, các b có thể thử Dona trung
2026-09-19 19:47:09,688 | INFO | Comment 29/50: em người ĐN xác nhận là ngoài chè liên ra thì mấy cái trong video là ko nên đi thiệt :))
2026-09-19 19:47:09,718 | INFO | Comment 30/50: Ẩm thực Trần ngon mà, t dân địa phương nhưng mỗi khi cty có khách nước ngoài, hoặc nơi khác tới cần 
2026-09-19 19:47:09,776 | INFO | Comment 31/50: mình thấy Chè Liên ăn Oki mà
2026-09-19 19:47:09,832 | INFO | Comment 32/50: Trời ơi né cái ẩm thực Trần dùm tuiii nha mn ơi, nó dở chịu không nổi luôn
2026-09-19 19:47:09,878 | INFO | Comment 33/50: Bạn nói đúng !!! Chợ đêm ST ngày xưa thì quá đáng đi !!! Giờ đưa vào hộ KD rồi nên toàn bán giá trên
2026-09-19 19:47:09,945 | INFO | Comment 34/50: quán ở Đà Nẵng nhìn càng lỏ lỏ càng oke cho người VN. còn mấy cái như ẩm thực Trần, Donald Trung đắt
2026-09-19 19:47:10,026 | INFO | Comment 35/50: Người ĐN mách cho nè :)) nếu muốn mua quần áo giá rẻ thì hãy đi chợ đêm Lê Duẩn nhma phải lựa thiệt 
2026-09-19 19:47:10,095 | INFO | Comment 36/50: Đúng zậy, tui đi Đà Nẵng chả lần nào đi chợ đêm Sơn Trà và ăn Ẩm Thực Trần. Ăn bánh tráng cuốn thịt 
2026-09-19 19:47:10,158 | INFO | Comment 37/50: Bạn này nói đúng nè. Tất cả những cái tên nêu trên dân địa phương đều k đến
2026-09-19 19:47:10,225 | INFO | Comment 38/50: Ẩm thực Trần ngày xưa ok ó e, nay ko hiểu sao xuống ghia. Đợt bạn a ra ĐN du lịch a dẫn qua đây ăn c
2026-09-19 19:47:10,292 | INFO | Comment 39/50: đúng hết nhe ,tui ng Đà Nẵng làm chứng nhe
2026-09-19 19:47:10,360 | INFO | Comment 40/50: chợ đêm sơn trà , ẩm thực trần ng đà nẵng ko tới có lỡ thì chỉ môt lần
2026-09-19 19:47:10,361 | INFO | DOM growth: 40 → 80
2026-09-19 19:47:10,376 | INFO | Scroll mode: COMMENT_CONTAINER
2026-09-19 19:47:14,434 | INFO | Clicked 'View more' button
2026-09-19 19:47:18,251 | INFO | Round 13 | DOM comments: 118
2026-09-19 19:47:21,383 | INFO | Comment 41/50: bếp T ( Mỳ Quảng🐸) 🤣
2026-09-19 19:47:21,444 | INFO | Comment 42/50: Mọi người ơi nếu ăn mỳ quảng hay bánh tráng thịt heo thì mình nên ăn quán nào ở ĐN?
2026-09-19 19:47:21,550 | INFO | Comment 43/50: Mình ng Đà Nẵng, và 5 cái bn kể trên mình chưa đi bao giờ
2026-09-19 19:47:21,644 | INFO | Comment 44/50: ẩm thực trần ngon mà b:))
2026-09-19 19:47:21,726 | INFO | Comment 45/50: Hay đi ăn quán Nhắng Nướng nhé mn
2026-09-19 19:47:21,792 | INFO | Comment 46/50: dẹp cái top 1 là dc:))
2026-09-19 19:47:21,868 | INFO | Comment 47/50: Chè liên ăn đúng quán là ghiền ấy . Beo beo ngon
2026-09-19 19:47:21,935 | INFO | Comment 48/50: Bỏ Trần 10 năm roi
2026-09-19 19:47:22,009 | INFO | Comment 49/50: Chợ đêm Sơn Trà bán gấp 3 lần giá bên ngoài 😝
2026-09-19 19:47:22,085 | INFO | Comment 50/50: Cơ mà đà nẵng có beer Fomo đang hot
2026-09-19 19:47:22,086 | INFO | Reached maximum 50 comments.
2026-09-19 19:47:22,086 | INFO | ======================================
2026-09-19 19:47:22,086 | INFO | COMMENT RESULT: 50/50
2026-09-19 19:47:22,087 | INFO | ======================================
2026-09-19 19:47:22,090 | INFO | Saved JSON: D:\TIỂU LUẬN CHUYÊN NGÀNH\TLCN-Travel\data\raw\tiktok\tiktok_metadata_comments.json
2026-09-19 19:47:22,090 | INFO | Done: 50 comments
2026-09-19 19:47:25,613 | INFO | [4/12] https://www.tiktok.com/@yeudanang24/video/7646767981044780295
2026-09-19 19:47:25,613 | INFO | Open video: https://www.tiktok.com/@yeudanang24/video/7646767981044780295
2026-09-19 19:47:35,624 | INFO | ======================================
2026-09-19 19:47:35,625 | INFO | START COMMENT CRAWLING
2026-09-19 19:47:35,626 | INFO | ======================================
2026-09-19 19:47:35,626 | INFO | Opening TikTok comment panel...
2026-09-19 19:47:35,638 | INFO | Selector [data-e2e="comment-icon"] -> 1 elements
2026-09-19 19:47:36,640 | INFO | Clicked comment button: [data-e2e="comment-icon"]
2026-09-19 19:47:39,665 | INFO | Comment DOM loaded: [data-e2e="comment-level-1"] | 20 elements
2026-09-19 19:47:40,281 | INFO | Clicked 'View more' button
2026-09-19 19:47:42,324 | INFO | Round 1 | DOM comments: 40
2026-09-19 19:47:42,628 | INFO | Comment 1/50: Tui dân địa phương đi hoài chán luôn😂
2026-09-19 19:47:42,806 | INFO | Comment 2/50: Đà Nẵng vàng nắng đẹp ghê Danh lam di tích nhiều về nơi đây Thành phố đáng sống thật hay Cầu Rồng ph
2026-09-19 19:47:42,856 | INFO | Comment 3/50: tôi vừa két thúc chuyến đi bà nà giá combo 1tr3 mà công viên có chỗ miễn nhìu chỗ vẫn thu tiền vé, b
2026-09-19 19:47:42,923 | INFO | Comment 4/50: Xe Hội An ↔ ĐN ↔ Huế 🌴 4c 2.2.0 🌴 7c 2.7.0 🌴 16c 4.0.0k zé lô O79 555 4686 ( đi rồi sẽ thích )
2026-09-19 19:47:42,974 | INFO | Comment 5/50: Kinh nghiệm của t là có mặt 7h30 tại cap treo thì lên bàn tay nha. Còn quă xíu là đông r, chuyển qua
2026-09-19 19:47:43,022 | INFO | Comment 6/50: Đi Hội An từ Đà Nẵng cần xe cứ ib em nhé ❤️Xe riêng, đưa đón tận nơi.💯💯
2026-09-19 19:47:43,064 | INFO | Comment 7/50: Đi nhiều ngày mới khoẻ đi trong 1 ngày t sẽ mợt chớt mất😂😂😂
2026-09-19 19:47:43,103 | INFO | Comment 8/50: Đà Nẵng ⇄ Hội An ⇄ Bà Nà ⇄ Huế Xe sạch, đúng giờ, giá tốt. 📲 0899 325 352 letgoooo
2026-09-19 19:47:43,138 | INFO | Comment 9/50: Ngày nèo cũng đi chán 🥺, đi làm
2026-09-19 19:47:43,172 | INFO | Comment 10/50: Xe ĐN - Hội An - Huế 🚗 4c 2.2.0 🚗 7c 2.7.0 🚗 16c 4.0.0k Z a l o O79.555.4686 ( đi ok mới tính lúa )
2026-09-19 19:47:43,210 | INFO | Comment 11/50: Đ𝐀̀ 𝐍𝐀̆̃𝐍𝐆 – 𝐇𝐎̣̂𝐈 𝐀𝐍 – Bà Nà - Huế • Xe 4 chỗ —— 2.19k • xe 7 chỗ ——- 2.69k • xe 16 chỗ —— 399k Zá 
2026-09-19 19:47:43,252 | INFO | Comment 12/50: Chào anh chị bên em xe du lịch Đà Nẵng - Hội An - Huế 🚘Đ𝐚̀ 𝐍𝐚̆̃𝐧𝐠 - 𝐇𝐨̣̂𝐢 𝐀𝐧 𝐱𝐞 𝟒 𝐜𝐡𝐨̂̃ : 𝟐 𝟐 𝟎🐠 🚘Đ𝐚
2026-09-19 19:47:43,289 | INFO | Comment 13/50: 𝗫𝗲 Đà 𝐍ẵ𝐧𝐠 - 𝐇ộ𝐢 𝐀𝐧 - 𝐁à 𝐍à - 𝐇𝐮ế 🌿Xe 4 chỗ giá 219k 1 chiều ( bao xe ) 🌿Xe 7 chỗ giá 269k 1 chiều (
2026-09-19 19:47:43,325 | INFO | Comment 14/50: Trong Bài Hát :Đà Nẵng Mến Thương sáng tác Huỳnh Mẫn có rất nhiều địa danh du lịch ở Đà Nẵng được nh
2026-09-19 19:47:43,367 | INFO | Comment 15/50: 𝗫𝗲 Đà 𝐍ẵ𝐧𝐠 - 𝐇ộ𝐢 𝐀𝐧 - 𝐁à 𝐍à - 𝐇𝐮ế 🌿Xe 4 chỗ giá 219k 1 chiều ( bao xe ) 🌿Xe 7 chỗ giá 269k 1 chiều (
2026-09-19 19:47:43,401 | INFO | Comment 16/50: XE ĐÀ NẴNG - HỘI AN 4 chỗ : 219 kaka 7 chỗ : 269 kaka 16 chỗ : 410 kaka O899–325..352..
2026-09-19 19:47:43,437 | INFO | Comment 17/50: ❤️Liên hệ đặt bàn For You Club: 0342 505 427 để được hỗ trợ chọn vị trí ưng ý nhất ạ.
2026-09-19 19:47:43,485 | INFO | Comment 18/50: 🚗 Bên mình nhận xe du lịch Đà Nẵng – Hội An, rất vui được hỗ trợ 😊
2026-09-19 19:47:43,526 | INFO | Comment 19/50: vé bao nhiêu ạ
2026-09-19 19:47:43,570 | INFO | Comment 20/50: 🎟️**PASS VÉ SUN WORLD BÀ NÀ HILLS – GIÁ SIÊU TỐT** ⛰️Do thay đổi lịch trình nên mình cần pass lại vé
2026-09-19 19:47:43,571 | INFO | DOM growth: 0 → 40
2026-09-19 19:47:43,579 | INFO | Scroll mode: COMMENT_CONTAINER
2026-09-19 19:47:48,075 | INFO | Clicked 'View more' button
2026-09-19 19:47:50,102 | INFO | Round 2 | DOM comments: 40
2026-09-19 19:47:51,218 | INFO | DOM growth: 40 → 40
2026-09-19 19:47:51,225 | INFO | Scroll mode: COMMENT_CONTAINER
2026-09-19 19:47:55,494 | INFO | Clicked 'View more' button
2026-09-19 19:47:57,549 | INFO | Round 3 | DOM comments: 40
2026-09-19 19:47:58,757 | INFO | DOM growth: 40 → 40
2026-09-19 19:47:58,779 | INFO | Scroll mode: COMMENT_CONTAINER
2026-09-19 19:48:02,939 | INFO | Clicked 'View more' button
2026-09-19 19:48:05,034 | INFO | Round 4 | DOM comments: 40
2026-09-19 19:48:06,223 | INFO | DOM growth: 40 → 40
2026-09-19 19:48:06,234 | INFO | Scroll mode: COMMENT_CONTAINER
2026-09-19 19:48:09,831 | INFO | Clicked 'View more' button
2026-09-19 19:48:11,863 | INFO | Round 5 | DOM comments: 40
2026-09-19 19:48:12,891 | INFO | DOM growth: 40 → 40
2026-09-19 19:48:12,897 | INFO | Scroll mode: COMMENT_CONTAINER
2026-09-19 19:48:16,790 | INFO | Clicked 'View more' button
2026-09-19 19:48:18,853 | INFO | Round 6 | DOM comments: 40
2026-09-19 19:48:19,914 | INFO | DOM growth: 40 → 40
2026-09-19 19:48:19,932 | INFO | Scroll mode: COMMENT_CONTAINER
2026-09-19 19:48:24,872 | INFO | Clicked 'View more' button
2026-09-19 19:48:26,818 | INFO | Round 7 | DOM comments: 40
2026-09-19 19:48:27,831 | INFO | DOM growth: 40 → 40
2026-09-19 19:48:27,841 | INFO | Scroll mode: COMMENT_CONTAINER
2026-09-19 19:48:31,578 | INFO | Clicked 'View more' button
2026-09-19 19:48:33,666 | INFO | Round 8 | DOM comments: 40
2026-09-19 19:48:35,191 | INFO | DOM growth: 40 → 40
2026-09-19 19:48:35,204 | INFO | Scroll mode: COMMENT_CONTAINER
2026-09-19 19:48:39,498 | INFO | Clicked 'View more' button
2026-09-19 19:48:41,521 | INFO | Round 9 | DOM comments: 40
2026-09-19 19:48:42,549 | INFO | DOM growth: 40 → 40
2026-09-19 19:48:42,561 | INFO | Scroll mode: COMMENT_CONTAINER
2026-09-19 19:48:47,338 | INFO | Clicked 'View more' button
2026-09-19 19:48:49,375 | INFO | Round 10 | DOM comments: 40
2026-09-19 19:48:50,552 | INFO | DOM growth: 40 → 40
2026-09-19 19:48:50,561 | INFO | Scroll mode: COMMENT_CONTAINER
2026-09-19 19:48:54,258 | INFO | Clicked 'View more' button
2026-09-19 19:48:56,717 | INFO | Round 11 | DOM comments: 80
2026-09-19 19:48:58,098 | INFO | Comment 21/50: trên đấy lạnh k ạ
2026-09-19 19:48:58,154 | INFO | Comment 22/50: Vé chỉ dùng đc trong 1 ngày à mn
2026-09-19 19:48:58,207 | INFO | Comment 23/50: Bạn ơi, bạn mang mấy bộ theo để thay ạ?
2026-09-19 19:48:58,262 | INFO | Comment 24/50: E cần pass gấp vé bà nà ngày 8/6 đã bao gồm buffet ( khách ngoại tỉnh ạ ) giá 1tr ạ
2026-09-19 19:48:58,307 | INFO | Comment 25/50: Buffe có cần mua sẵn vé từ lúc mua vé cap treo k bạn hay là lên mua ruêng đc
2026-09-19 19:48:58,346 | INFO | Comment 26/50: Đi quài cũng chán🥰
2026-09-19 19:48:58,387 | INFO | Comment 27/50: Trên bà là hi có chỗ thuê đồ không shop
2026-09-19 19:48:58,429 | INFO | Comment 28/50: minh chuan bi di ban cho minh xin chut kinh nghiem nhe
2026-09-19 19:48:58,541 | INFO | Comment 29/50: Vé ngày mai ntn
2026-09-19 19:48:58,590 | INFO | Comment 30/50: đi ntn thì giá như nào v ạ
2026-09-19 19:48:58,656 | INFO | Comment 31/50: khu fantasy park có tính phí trò chơi riêng k ạ
2026-09-19 19:48:58,704 | INFO | Comment 32/50: đông nghẹt luôn
2026-09-19 19:48:58,744 | INFO | Comment 33/50: ve bn.
2026-09-19 19:48:58,786 | INFO | Comment 34/50: bé ơi cho chị link mua bộ váy màu nâu với xinh yêu quá
2026-09-19 19:48:58,857 | INFO | Comment 35/50: đi bà nà 3 lần toàn gặp mưa sương mù
2026-09-19 19:48:58,963 | INFO | Comment 36/50: ik mấy lần ròi á cg có nhìu ảnh đẹp lắm á bạn
2026-09-19 19:48:59,105 | INFO | Comment 37/50: Vé bn vậy ạ
2026-09-19 19:48:59,243 | INFO | Comment 38/50: Đi như này là hết cảnh đẹp luôn r à b
2026-09-19 19:48:59,285 | INFO | Comment 39/50: Vé đã bao gồm tất cả à c. Vào trong đó mình chơi trò chơi có mất tiền nữa k ạ
2026-09-19 19:48:59,286 | INFO | DOM growth: 40 → 80
2026-09-19 19:48:59,296 | INFO | Scroll mode: COMMENT_CONTAINER
2026-09-19 19:49:02,754 | INFO | Clicked 'View more' button
2026-09-19 19:49:05,464 | INFO | Round 12 | DOM comments: 80
2026-09-19 19:49:08,327 | INFO | DOM growth: 80 → 80
2026-09-19 19:49:08,358 | INFO | Scroll mode: COMMENT_CONTAINER
2026-09-19 19:49:13,052 | INFO | Clicked 'View more' button
2026-09-19 19:49:15,527 | INFO | Round 13 | DOM comments: 80
2026-09-19 19:49:18,009 | INFO | DOM growth: 80 → 80
2026-09-19 19:49:18,019 | INFO | Scroll mode: COMMENT_CONTAINER
2026-09-19 19:49:23,034 | INFO | Clicked 'View more' button
2026-09-19 19:49:25,753 | INFO | Round 14 | DOM comments: 80
2026-09-19 19:49:27,980 | INFO | DOM growth: 80 → 80
2026-09-19 19:49:27,990 | INFO | Scroll mode: COMMENT_CONTAINER
2026-09-19 19:49:32,458 | INFO | Clicked 'View more' button
2026-09-19 19:49:34,818 | INFO | Round 15 | DOM comments: 80
2026-09-19 19:49:36,975 | INFO | DOM growth: 80 → 80
2026-09-19 19:49:36,996 | INFO | Scroll mode: COMMENT_CONTAINER
2026-09-19 19:49:41,729 | INFO | Clicked 'View more' button
2026-09-19 19:49:44,136 | INFO | Round 16 | DOM comments: 80
2026-09-19 19:49:46,421 | INFO | DOM growth: 80 → 80
2026-09-19 19:49:46,429 | INFO | Scroll mode: COMMENT_CONTAINER
2026-09-19 19:49:50,681 | INFO | Clicked 'View more' button
2026-09-19 19:49:53,435 | INFO | Round 17 | DOM comments: 80
2026-09-19 19:49:55,596 | INFO | DOM growth: 80 → 80
2026-09-19 19:49:55,605 | INFO | Scroll mode: COMMENT_CONTAINER
2026-09-19 19:50:00,332 | INFO | Clicked 'View more' button
2026-09-19 19:50:02,946 | INFO | Round 18 | DOM comments: 80
2026-09-19 19:50:05,347 | INFO | DOM growth: 80 → 80
2026-09-19 19:50:05,354 | INFO | Scroll mode: COMMENT_CONTAINER
2026-09-19 19:50:10,343 | INFO | Clicked 'View more' button
2026-09-19 19:50:12,670 | INFO | Round 19 | DOM comments: 80
2026-09-19 19:50:14,925 | INFO | DOM growth: 80 → 80
2026-09-19 19:50:14,932 | INFO | Scroll mode: COMMENT_CONTAINER
2026-09-19 19:50:19,791 | INFO | Clicked 'View more' button
2026-09-19 19:50:21,916 | INFO | Round 20 | DOM comments: 80
2026-09-19 19:50:24,721 | INFO | DOM growth: 80 → 80
2026-09-19 19:50:24,734 | INFO | Scroll mode: COMMENT_CONTAINER
2026-09-19 19:50:28,981 | INFO | Clicked 'View more' button
2026-09-19 19:50:31,700 | INFO | Round 21 | DOM comments: 80
2026-09-19 19:50:34,493 | INFO | DOM growth: 80 → 80
2026-09-19 19:50:34,500 | INFO | Scroll mode: COMMENT_CONTAINER
2026-09-19 19:50:38,454 | INFO | Clicked 'View more' button
2026-09-19 19:50:41,157 | INFO | Round 22 | DOM comments: 80
2026-09-19 19:50:43,353 | INFO | DOM growth: 80 → 80
2026-09-19 19:50:43,362 | INFO | Scroll mode: COMMENT_CONTAINER
2026-09-19 19:50:48,168 | INFO | Clicked 'View more' button
2026-09-19 19:50:50,441 | INFO | Round 23 | DOM comments: 80
2026-09-19 19:50:52,449 | INFO | No new comments after 12 rounds → stop.
2026-09-19 19:50:52,449 | INFO | ======================================
2026-09-19 19:50:52,449 | INFO | COMMENT RESULT: 39/50
2026-09-19 19:50:52,450 | INFO | ======================================
2026-09-19 19:50:52,452 | INFO | Saved JSON: D:\TIỂU LUẬN CHUYÊN NGÀNH\TLCN-Travel\data\raw\tiktok\tiktok_metadata_comments.json
2026-09-19 19:50:52,452 | INFO | Done: 39 comments
2026-09-19 19:50:56,553 | INFO | [5/12] https://www.tiktok.com/@lacadanang.tiktok/video/7637061656186703111
2026-09-19 19:50:56,554 | INFO | Open video: https://www.tiktok.com/@lacadanang.tiktok/video/7637061656186703111
2026-09-19 19:51:13,565 | INFO | ======================================
2026-09-19 19:51:13,566 | INFO | START COMMENT CRAWLING
2026-09-19 19:51:13,566 | INFO | ======================================
2026-09-19 19:51:13,567 | INFO | Opening TikTok comment panel...
2026-09-19 19:51:13,579 | INFO | Selector [data-e2e="comment-icon"] -> 1 elements
2026-09-19 19:51:14,826 | INFO | Clicked comment button: [data-e2e="comment-icon"]
2026-09-19 19:51:17,855 | INFO | Comment DOM loaded: [data-e2e="comment-level-1"] | 19 elements
2026-09-19 19:51:18,490 | INFO | Clicked 'View more' button
2026-09-19 19:51:20,303 | INFO | Round 1 | DOM comments: 38
2026-09-19 19:51:20,495 | INFO | Comment 1/50: 𝗫𝗲 Đà 𝐍ẵ𝐧𝐠 - 𝐇ộ𝐢 𝐀𝐧 - 𝐁à 𝐍à - 𝐇𝐮ế 🌿Xe 4 chỗ giá 219k 1 chiều ( bao xe ) 🌿Xe 7 chỗ giá 269k 1 chiều (
2026-09-19 19:51:20,522 | INFO | Comment 2/50: Xin giá chơi bán đảo sơn trà ạ
2026-09-19 19:51:20,566 | INFO | Comment 3/50: Tv mình
2026-09-19 19:51:20,612 | INFO | Comment 4/50: Đà Nẵng ⇄ Hội An có xe 4–7–16 chỗ mỗi ngày 🥰🌺🌺
2026-09-19 19:51:20,651 | INFO | Comment 5/50: Cho em xin giá tour 10/7
2026-09-19 19:51:20,692 | INFO | Comment 6/50: Thiếu sót lớn khi k đi lướt sóng 😁😁😁
2026-09-19 19:51:20,738 | INFO | Comment 7/50: @Chụp Ảnh Hội An - Đà Nẵng: Xin phép chủ tus ạ , em là nữ chuyên nhận chụp ảnh bằng điện thoại giá r
2026-09-19 19:51:20,780 | INFO | Comment 8/50: Xin giá tour 3N2Đ Đà Nẵng-Hội An-Huế với ạ
2026-09-19 19:51:20,822 | INFO | Comment 9/50: E xin giá tour ạ
2026-09-19 19:51:20,858 | INFO | Comment 10/50: Em xin giá tour ạ
2026-09-19 19:51:20,899 | INFO | Comment 11/50: 3 ngay 2 đem giá nhieu vay ạ
2026-09-19 19:51:20,932 | INFO | Comment 12/50: 3 ngày 2 đêm giá bn b
2026-09-19 19:51:20,966 | INFO | Comment 13/50: Xin giá tour
2026-09-19 19:51:21,014 | INFO | Comment 14/50: E xin giá 4n3đ
2026-09-19 19:51:21,073 | INFO | Comment 15/50: Mình xin giá tour
2026-09-19 19:51:21,155 | INFO | Comment 16/50: m xin giá tour này ạ
2026-09-19 19:51:21,186 | INFO | Comment 17/50: Mình xin giá tour này
2026-09-19 19:51:21,224 | INFO | Comment 18/50: Mình xin giá nhé
2026-09-19 19:51:21,224 | INFO | DOM growth: 0 → 38
2026-09-19 19:51:21,232 | INFO | Scroll mode: COMMENT_CONTAINER
2026-09-19 19:51:25,825 | INFO | Clicked 'View more' button
2026-09-19 19:51:27,857 | INFO | Round 2 | DOM comments: 38
2026-09-19 19:51:28,758 | INFO | DOM growth: 38 → 38
2026-09-19 19:51:28,764 | INFO | Scroll mode: COMMENT_CONTAINER
2026-09-19 19:51:32,482 | INFO | Clicked 'View more' button
2026-09-19 19:51:34,328 | INFO | Round 3 | DOM comments: 38
2026-09-19 19:51:35,031 | INFO | DOM growth: 38 → 38
2026-09-19 19:51:35,055 | INFO | Scroll mode: COMMENT_CONTAINER
2026-09-19 19:51:39,398 | INFO | Clicked 'View more' button
2026-09-19 19:51:41,255 | INFO | Round 4 | DOM comments: 38
2026-09-19 19:51:42,127 | INFO | DOM growth: 38 → 38
2026-09-19 19:51:42,137 | INFO | Scroll mode: COMMENT_CONTAINER
2026-09-19 19:51:46,203 | INFO | Clicked 'View more' button
2026-09-19 19:51:48,190 | INFO | Round 5 | DOM comments: 38
2026-09-19 19:51:49,348 | INFO | DOM growth: 38 → 38
2026-09-19 19:51:49,360 | INFO | Scroll mode: COMMENT_CONTAINER
2026-09-19 19:51:53,024 | INFO | Clicked 'View more' button
2026-09-19 19:51:55,095 | INFO | Round 6 | DOM comments: 38
2026-09-19 19:51:56,137 | INFO | DOM growth: 38 → 38
2026-09-19 19:51:56,142 | INFO | Scroll mode: COMMENT_CONTAINER
2026-09-19 19:52:00,048 | INFO | Clicked 'View more' button
2026-09-19 19:52:02,244 | INFO | Round 7 | DOM comments: 38
2026-09-19 19:52:03,501 | INFO | DOM growth: 38 → 38
2026-09-19 19:52:03,508 | INFO | Scroll mode: COMMENT_CONTAINER
2026-09-19 19:52:07,859 | INFO | Clicked 'View more' button
2026-09-19 19:52:09,931 | INFO | Round 8 | DOM comments: 38
2026-09-19 19:52:10,921 | INFO | DOM growth: 38 → 38
2026-09-19 19:52:10,928 | INFO | Scroll mode: COMMENT_CONTAINER
2026-09-19 19:52:15,262 | INFO | Clicked 'View more' button
2026-09-19 19:52:17,183 | INFO | Round 9 | DOM comments: 38
2026-09-19 19:52:18,498 | INFO | DOM growth: 38 → 38
2026-09-19 19:52:18,513 | INFO | Scroll mode: COMMENT_CONTAINER
2026-09-19 19:52:22,092 | INFO | Clicked 'View more' button
2026-09-19 19:52:24,212 | INFO | Round 10 | DOM comments: 38
2026-09-19 19:52:25,222 | INFO | DOM growth: 38 → 38
2026-09-19 19:52:25,229 | INFO | Scroll mode: COMMENT_CONTAINER
2026-09-19 19:52:28,800 | INFO | Clicked 'View more' button
2026-09-19 19:52:30,806 | INFO | Round 11 | DOM comments: 38
2026-09-19 19:52:32,117 | INFO | DOM growth: 38 → 38
2026-09-19 19:52:32,127 | INFO | Scroll mode: COMMENT_CONTAINER
2026-09-19 19:52:36,107 | INFO | Clicked 'View more' button
2026-09-19 19:52:37,912 | INFO | Round 12 | DOM comments: 38
2026-09-19 19:52:38,971 | INFO | DOM growth: 38 → 38
2026-09-19 19:52:38,980 | INFO | Scroll mode: COMMENT_CONTAINER
2026-09-19 19:52:43,359 | INFO | Clicked 'View more' button
2026-09-19 19:52:45,282 | INFO | Round 13 | DOM comments: 38
2026-09-19 19:52:46,211 | INFO | No new comments after 12 rounds → stop.
2026-09-19 19:52:46,211 | INFO | ======================================
2026-09-19 19:52:46,211 | INFO | COMMENT RESULT: 18/50
2026-09-19 19:52:46,211 | INFO | ======================================
2026-09-19 19:52:46,213 | INFO | Saved JSON: D:\TIỂU LUẬN CHUYÊN NGÀNH\TLCN-Travel\data\raw\tiktok\tiktok_metadata_comments.json
2026-09-19 19:52:46,213 | INFO | Done: 18 comments
2026-09-19 19:52:48,586 | INFO | [6/12] https://www.tiktok.com/@alo.nng.nghe3/video/7652592505845730578
2026-09-19 19:52:48,586 | INFO | Open video: https://www.tiktok.com/@alo.nng.nghe3/video/7652592505845730578
2026-09-19 19:53:00,592 | INFO | ======================================
2026-09-19 19:53:00,592 | INFO | START COMMENT CRAWLING
2026-09-19 19:53:00,593 | INFO | ======================================
2026-09-19 19:53:00,593 | INFO | Opening TikTok comment panel...
2026-09-19 19:53:00,607 | INFO | Selector [data-e2e="comment-icon"] -> 1 elements
2026-09-19 19:53:01,613 | INFO | Clicked comment button: [data-e2e="comment-icon"]
2026-09-19 19:53:15,058 | WARNING | Comment DOM not detected.
2026-09-19 19:53:15,059 | WARNING | Could not open/load comment section.
2026-09-19 19:53:15,062 | INFO | Saved JSON: D:\TIỂU LUẬN CHUYÊN NGÀNH\TLCN-Travel\data\raw\tiktok\tiktok_metadata_comments.json
2026-09-19 19:53:15,062 | INFO | Done: 0 comments
2026-09-19 19:53:18,086 | INFO | [7/12] https://www.tiktok.com/@thuexemaydanang43hovy/video/7608939490995981589
2026-09-19 19:53:18,086 | INFO | Open video: https://www.tiktok.com/@thuexemaydanang43hovy/video/7608939490995981589
2026-09-19 19:53:31,026 | INFO | ======================================
2026-09-19 19:53:31,026 | INFO | START COMMENT CRAWLING
2026-09-19 19:53:31,027 | INFO | ======================================
2026-09-19 19:53:31,027 | INFO | Opening TikTok comment panel...
2026-09-19 19:53:31,051 | INFO | Selector [data-e2e="comment-icon"] -> 1 elements
2026-09-19 19:53:32,111 | INFO | Clicked comment button: [data-e2e="comment-icon"]
2026-09-19 19:53:33,507 | WARNING | Retrying (Retry(total=2, connect=None, read=None, redirect=None, status=None)) after connection broken by 'ConnectionResetError(10054, 'An existing connection was forcibly closed by the remote host', None, 10054, None)': /session/5f1835dacc0b126e39969f457a397b4d
2026-09-19 19:53:37,543 | WARNING | Retrying (Retry(total=1, connect=None, read=None, redirect=None, status=None)) after connection broken by 'NewConnectionError("HTTPConnection(host='localhost', port=48972): Failed to establish a new connection: [WinError 10061] No connection could be made because the target machine actively refused it")': /session/5f1835dacc0b126e39969f457a397b4d
2026-09-19 19:53:41,576 | WARNING | Retrying (Retry(total=0, connect=None, read=None, redirect=None, status=None)) after connection broken by 'NewConnectionError("HTTPConnection(host='localhost', port=48972): Failed to establish a new connection: [WinError 10061] No connection could be made because the target machine actively refused it")': /session/5f1835dacc0b126e39969f457a397b4d
