2026-09-19 17:54:18,558 | INFO | Loaded 10 routes
2026-09-19 17:54:21,246 | INFO | Crawling: Hồ Chí Minh -> Đà Lạt
2026-09-19 17:54:21,246 | INFO | Searching: Hồ Chí Minh -> Đà Lạt
2026-09-19 17:54:28,081 | INFO | Found 46 input elements
2026-09-19 17:54:28,108 | INFO | Input 0 | placeholder=  | aria=None | name= | type=text
2026-09-19 17:54:28,122 | INFO | Input 1 | placeholder=  | aria=None | name= | type=text
2026-09-19 17:54:28,137 | INFO | Input 2 | placeholder= | aria=None | name= | type=text
2026-09-19 17:54:28,147 | INFO | Input 3 | placeholder= | aria=None | name= | type=text
2026-09-19 17:54:28,157 | INFO | Input 4 | placeholder= | aria=None | name= | type=text
2026-09-19 17:54:28,170 | INFO | Input 5 | placeholder= | aria=None | name= | type=text
2026-09-19 17:54:28,185 | INFO | Input 6 | placeholder= | aria=None | name= | type=text
2026-09-19 17:54:28,197 | INFO | Input 7 | placeholder= | aria=None | name= | type=text
2026-09-19 17:54:28,207 | INFO | Input 8 | placeholder= | aria=None | name= | type=text
2026-09-19 17:54:28,219 | INFO | Input 9 | placeholder= | aria=None | name= | type=text
2026-09-19 17:54:28,230 | INFO | Input 10 | placeholder= | aria=None | name= | type=text
2026-09-19 17:54:28,241 | INFO | Input 11 | placeholder= | aria=None | name= | type=text
2026-09-19 17:54:28,253 | INFO | Input 12 | placeholder= | aria=None | name= | type=text
2026-09-19 17:54:28,263 | INFO | Input 13 | placeholder= | aria=None | name= | type=text
2026-09-19 17:54:28,274 | INFO | Input 14 | placeholder= | aria=None | name= | type=text
2026-09-19 17:54:28,286 | INFO | Input 15 | placeholder= | aria=None | name= | type=text
2026-09-19 17:54:28,298 | INFO | Input 16 | placeholder= | aria=None | name= | type=text
2026-09-19 17:54:28,310 | INFO | Input 17 | placeholder= | aria=None | name= | type=text
2026-09-19 17:54:28,320 | INFO | Input 18 | placeholder= | aria=None | name= | type=text
2026-09-19 17:54:28,381 | INFO | Input 19 | placeholder= | aria=None | name= | type=text
2026-09-19 17:54:28,424 | INFO | Input 20 | placeholder= | aria=None | name= | type=text
2026-09-19 17:54:28,457 | INFO | Input 21 | placeholder= | aria=None | name= | type=text
2026-09-19 17:54:28,488 | INFO | Input 22 | placeholder= | aria=None | name= | type=text
2026-09-19 17:54:28,504 | INFO | Input 23 | placeholder= | aria=None | name= | type=text
2026-09-19 17:54:28,556 | INFO | Input 24 | placeholder= | aria=None | name= | type=text
2026-09-19 17:54:28,626 | INFO | Input 25 | placeholder= | aria=None | name= | type=text
2026-09-19 17:54:28,688 | INFO | Input 26 | placeholder= | aria=None | name= | type=text
2026-09-19 17:54:28,733 | INFO | Input 27 | placeholder= | aria=None | name= | type=text
2026-09-19 17:54:28,770 | INFO | Input 28 | placeholder= | aria=None | name= | type=text
2026-09-19 17:54:28,800 | INFO | Input 29 | placeholder= | aria=None | name= | type=text
2026-09-19 17:54:28,829 | INFO | Input 30 | placeholder= | aria=None | name= | type=text
2026-09-19 17:54:28,864 | INFO | Input 31 | placeholder= | aria=None | name= | type=text
2026-09-19 17:54:28,888 | INFO | Input 32 | placeholder= | aria=None | name= | type=text
2026-09-19 17:54:28,916 | INFO | Input 33 | placeholder= | aria=None | name= | type=text
2026-09-19 17:54:28,952 | INFO | Input 34 | placeholder= | aria=None | name= | type=text
2026-09-19 17:54:28,989 | INFO | Input 35 | placeholder= | aria=None | name= | type=text
2026-09-19 17:54:29,020 | INFO | Input 36 | placeholder= | aria=None | name= | type=text
2026-09-19 17:54:29,043 | INFO | Input 37 | placeholder= | aria=None | name= | type=text
2026-09-19 17:54:29,069 | INFO | Input 38 | placeholder= | aria=None | name= | type=text
2026-09-19 17:54:29,098 | INFO | Input 39 | placeholder= | aria=None | name= | type=text
2026-09-19 17:54:29,159 | INFO | Input 40 | placeholder= | aria=None | name= | type=text
2026-09-19 17:54:29,214 | INFO | Input 41 | placeholder= | aria=None | name= | type=text
2026-09-19 17:54:29,248 | INFO | Input 42 | placeholder= | aria=None | name= | type=text
2026-09-19 17:54:29,303 | INFO | Input 43 | placeholder= | aria=None | name= | type=text
2026-09-19 17:54:29,351 | INFO | Input 44 | placeholder= | aria=None | name= | type=text
2026-09-19 17:54:29,392 | INFO | Input 45 | placeholder= | aria=None | name= | type=text
2026-09-19 17:54:31,046 | ERROR | Lỗi nhập origin: Message: element click intercepted: Element <input data-testid="SearchWidget.from" data-id="SearchWidget.from" id="from_input" placeholder=" " value="" class="styled-input " autocomplete="off"> is not clickable at point (345, 273). Other element would receive the click: <label class="base__Caption-sc-1tvbuqk-27 roMcM color--light-disable" for="from_input">...</label>
  (Session info: chrome=153.0.8010.48); For documentation on this error, please visit: https://www.selenium.dev/documentation/webdriver/troubleshooting/errors#elementclickinterceptedexception
Stacktrace:
	chromedriver!GetHandleVerifier [0x7ff69b951035+5a95]
	chromedriver!(No symbol) [0x7ff69b872c70]
	chromedriver!(No symbol) [0x7ff69b694a7d]
	chromedriver!(No symbol) [0x7ff69b6f7d73]
	chromedriver!(No symbol) [0x7ff69b6f597a]
	chromedriver!(No symbol) [0x7ff69b6f2cb7]
	chromedriver!(No symbol) [0x7ff69b6f1b70]
	chromedriver!(No symbol) [0x7ff69b6e3b18]
	chromedriver!(No symbol) [0x7ff69b7193ea]
	chromedriver!(No symbol) [0x7ff69b6e3396]
	chromedriver!(No symbol) [0x7ff69b73fbea]
	chromedriver!(No symbol) [0x7ff69b6e1d02]
	chromedriver!(No symbol) [0x7ff69b6e2b13]
	chromedriver!GetHandleVerifier [0x7ff69bd71411+425e71]
	chromedriver!GetHandleVerifier [0x7ff69bd9ca47+4514a7]
	chromedriver!GetHandleVerifier [0x7ff69bd9094e+4453ae]
	chromedriver!GetHandleVerifier [0x7ff69ba4bf6e+1009ce]
	chromedriver!(No symbol) [0x7ff69b880a05]
	chromedriver!(No symbol) [0x7ff69b87bcf4]
	chromedriver!(No symbol) [0x7ff69b87be84]
	chromedriver!(No symbol) [0x7ff69b8666ac]
	KERNEL32!BaseThreadInitThunk [0x7ffe554fe8d7+17]
	ntdll!RtlUserThreadStart [0x7ffe5603c34c+2c]

2026-09-19 17:54:31,047 | INFO | Crawling: Hồ Chí Minh -> Nha Trang
2026-09-19 17:54:31,047 | INFO | Searching: Hồ Chí Minh -> Nha Trang
2026-09-19 17:54:38,196 | INFO | Found 46 input elements
2026-09-19 17:54:38,237 | INFO | Input 0 | placeholder=  | aria=None | name= | type=text
2026-09-19 17:54:38,264 | INFO | Input 1 | placeholder=  | aria=None | name= | type=text
2026-09-19 17:54:38,292 | INFO | Input 2 | placeholder= | aria=None | name= | type=text
2026-09-19 17:54:38,306 | INFO | Input 3 | placeholder= | aria=None | name= | type=text
2026-09-19 17:54:38,316 | INFO | Input 4 | placeholder= | aria=None | name= | type=text
2026-09-19 17:54:38,331 | INFO | Input 5 | placeholder= | aria=None | name= | type=text
2026-09-19 17:54:38,344 | INFO | Input 6 | placeholder= | aria=None | name= | type=text
2026-09-19 17:54:38,359 | INFO | Input 7 | placeholder= | aria=None | name= | type=text
2026-09-19 17:54:38,374 | INFO | Input 8 | placeholder= | aria=None | name= | type=text
2026-09-19 17:54:38,391 | INFO | Input 9 | placeholder= | aria=None | name= | type=text
2026-09-19 17:54:38,425 | INFO | Input 10 | placeholder= | aria=None | name= | type=text
2026-09-19 17:54:38,519 | INFO | Input 11 | placeholder= | aria=None | name= | type=text
2026-09-19 17:54:38,545 | INFO | Input 12 | placeholder= | aria=None | name= | type=text
2026-09-19 17:54:38,564 | INFO | Input 13 | placeholder= | aria=None | name= | type=text
2026-09-19 17:54:38,575 | INFO | Input 14 | placeholder= | aria=None | name= | type=text
2026-09-19 17:54:38,585 | INFO | Input 15 | placeholder= | aria=None | name= | type=text
2026-09-19 17:54:38,596 | INFO | Input 16 | placeholder= | aria=None | name= | type=text
2026-09-19 17:54:38,606 | INFO | Input 17 | placeholder= | aria=None | name= | type=text
2026-09-19 17:54:38,615 | INFO | Input 18 | placeholder= | aria=None | name= | type=text
2026-09-19 17:54:38,632 | INFO | Input 19 | placeholder= | aria=None | name= | type=text
2026-09-19 17:54:38,642 | INFO | Input 20 | placeholder= | aria=None | name= | type=text
2026-09-19 17:54:38,653 | INFO | Input 21 | placeholder= | aria=None | name= | type=text
2026-09-19 17:54:38,663 | INFO | Input 22 | placeholder= | aria=None | name= | type=text
2026-09-19 17:54:38,704 | INFO | Input 23 | placeholder= | aria=None | name= | type=text
2026-09-19 17:54:38,715 | INFO | Input 24 | placeholder= | aria=None | name= | type=text
2026-09-19 17:54:38,739 | INFO | Input 25 | placeholder= | aria=None | name= | type=text
2026-09-19 17:54:38,768 | INFO | Input 26 | placeholder= | aria=None | name= | type=text
2026-09-19 17:54:38,789 | INFO | Input 27 | placeholder= | aria=None | name= | type=text
2026-09-19 17:54:38,812 | INFO | Input 28 | placeholder= | aria=None | name= | type=text
2026-09-19 17:54:38,892 | INFO | Input 29 | placeholder= | aria=None | name= | type=text
2026-09-19 17:54:38,931 | INFO | Input 30 | placeholder= | aria=None | name= | type=text
2026-09-19 17:54:39,000 | INFO | Input 31 | placeholder= | aria=None | name= | type=text
2026-09-19 17:54:39,092 | INFO | Input 32 | placeholder= | aria=None | name= | type=text
2026-09-19 17:54:39,134 | INFO | Input 33 | placeholder= | aria=None | name= | type=text
2026-09-19 17:54:39,191 | INFO | Input 34 | placeholder= | aria=None | name= | type=text
2026-09-19 17:54:39,256 | INFO | Input 35 | placeholder= | aria=None | name= | type=text
2026-09-19 17:54:39,284 | INFO | Input 36 | placeholder= | aria=None | name= | type=text
2026-09-19 17:54:39,364 | INFO | Input 37 | placeholder= | aria=None | name= | type=text
2026-09-19 17:54:39,567 | INFO | Input 38 | placeholder= | aria=None | name= | type=text
2026-09-19 17:54:39,612 | INFO | Input 39 | placeholder= | aria=None | name= | type=text
2026-09-19 17:54:39,704 | INFO | Input 40 | placeholder= | aria=None | name= | type=text
2026-09-19 17:54:39,753 | INFO | Input 41 | placeholder= | aria=None | name= | type=text
2026-09-19 17:54:39,785 | INFO | Input 42 | placeholder= | aria=None | name= | type=text
2026-09-19 17:54:39,816 | INFO | Input 43 | placeholder= | aria=None | name= | type=text
2026-09-19 17:54:39,842 | INFO | Input 44 | placeholder= | aria=None | name= | type=text
2026-09-19 17:54:39,866 | INFO | Input 45 | placeholder= | aria=None | name= | type=text
2026-09-19 17:54:41,551 | ERROR | Lỗi nhập origin: Message: element click intercepted: Element <input data-testid="SearchWidget.from" data-id="SearchWidget.from" id="from_input" placeholder=" " value="" class="styled-input " autocomplete="off"> is not clickable at point (345, 273). Other element would receive the click: <label class="base__Caption-sc-1tvbuqk-27 roMcM color--light-disable" for="from_input">...</label>
  (Session info: chrome=153.0.8010.48); For documentation on this error, please visit: https://www.selenium.dev/documentation/webdriver/troubleshooting/errors#elementclickinterceptedexception
Stacktrace:
	chromedriver!GetHandleVerifier [0x7ff69b951035+5a95]
	chromedriver!(No symbol) [0x7ff69b872c70]
	chromedriver!(No symbol) [0x7ff69b694a7d]
	chromedriver!(No symbol) [0x7ff69b6f7d73]
	chromedriver!(No symbol) [0x7ff69b6f597a]
	chromedriver!(No symbol) [0x7ff69b6f2cb7]
	chromedriver!(No symbol) [0x7ff69b6f1b70]
	chromedriver!(No symbol) [0x7ff69b6e3b18]
	chromedriver!(No symbol) [0x7ff69b7193ea]
	chromedriver!(No symbol) [0x7ff69b6e3396]
	chromedriver!(No symbol) [0x7ff69b73fbea]
	chromedriver!(No symbol) [0x7ff69b6e1d02]
	chromedriver!(No symbol) [0x7ff69b6e2b13]
	chromedriver!GetHandleVerifier [0x7ff69bd71411+425e71]
	chromedriver!GetHandleVerifier [0x7ff69bd9ca47+4514a7]
	chromedriver!GetHandleVerifier [0x7ff69bd9094e+4453ae]
	chromedriver!GetHandleVerifier [0x7ff69ba4bf6e+1009ce]
	chromedriver!(No symbol) [0x7ff69b880a05]
	chromedriver!(No symbol) [0x7ff69b87bcf4]
	chromedriver!(No symbol) [0x7ff69b87be84]
	chromedriver!(No symbol) [0x7ff69b8666ac]
	KERNEL32!BaseThreadInitThunk [0x7ffe554fe8d7+17]
	ntdll!RtlUserThreadStart [0x7ffe5603c34c+2c]

2026-09-19 17:54:41,551 | INFO | Crawling: Hồ Chí Minh -> Đà Nẵng
2026-09-19 17:54:41,551 | INFO | Searching: Hồ Chí Minh -> Đà Nẵng
2026-09-19 17:54:48,208 | INFO | Found 46 input elements
2026-09-19 17:54:48,375 | INFO | Input 0 | placeholder=  | aria=None | name= | type=text
2026-09-19 17:54:48,422 | INFO | Input 1 | placeholder=  | aria=None | name= | type=text
2026-09-19 17:54:48,448 | INFO | Input 2 | placeholder= | aria=None | name= | type=text
2026-09-19 17:54:48,466 | INFO | Input 3 | placeholder= | aria=None | name= | type=text
2026-09-19 17:54:48,487 | INFO | Input 4 | placeholder= | aria=None | name= | type=text
2026-09-19 17:54:48,504 | INFO | Input 5 | placeholder= | aria=None | name= | type=text
2026-09-19 17:54:48,515 | INFO | Input 6 | placeholder= | aria=None | name= | type=text
2026-09-19 17:54:48,525 | INFO | Input 7 | placeholder= | aria=None | name= | type=text
2026-09-19 17:54:48,536 | INFO | Input 8 | placeholder= | aria=None | name= | type=text
2026-09-19 17:54:48,546 | INFO | Input 9 | placeholder= | aria=None | name= | type=text
2026-09-19 17:54:48,556 | INFO | Input 10 | placeholder= | aria=None | name= | type=text
2026-09-19 17:54:48,568 | INFO | Input 11 | placeholder= | aria=None | name= | type=text
2026-09-19 17:54:48,579 | INFO | Input 12 | placeholder= | aria=None | name= | type=text
2026-09-19 17:54:48,590 | INFO | Input 13 | placeholder= | aria=None | name= | type=text
2026-09-19 17:54:48,600 | INFO | Input 14 | placeholder= | aria=None | name= | type=text
2026-09-19 17:54:48,610 | INFO | Input 15 | placeholder= | aria=None | name= | type=text
2026-09-19 17:54:48,629 | INFO | Input 16 | placeholder= | aria=None | name= | type=text
2026-09-19 17:54:48,645 | INFO | Input 17 | placeholder= | aria=None | name= | type=text
2026-09-19 17:54:48,669 | INFO | Input 18 | placeholder= | aria=None | name= | type=text
2026-09-19 17:54:48,696 | INFO | Input 19 | placeholder= | aria=None | name= | type=text
2026-09-19 17:54:48,721 | INFO | Input 20 | placeholder= | aria=None | name= | type=text
2026-09-19 17:54:48,784 | INFO | Input 21 | placeholder= | aria=None | name= | type=text
2026-09-19 17:54:48,810 | INFO | Input 22 | placeholder= | aria=None | name= | type=text
2026-09-19 17:54:48,829 | INFO | Input 23 | placeholder= | aria=None | name= | type=text
2026-09-19 17:54:48,844 | INFO | Input 24 | placeholder= | aria=None | name= | type=text
2026-09-19 17:54:48,854 | INFO | Input 25 | placeholder= | aria=None | name= | type=text
2026-09-19 17:54:48,863 | INFO | Input 26 | placeholder= | aria=None | name= | type=text
2026-09-19 17:54:48,873 | INFO | Input 27 | placeholder= | aria=None | name= | type=text
2026-09-19 17:54:48,882 | INFO | Input 28 | placeholder= | aria=None | name= | type=text
2026-09-19 17:54:48,894 | INFO | Input 29 | placeholder= | aria=None | name= | type=text
2026-09-19 17:54:48,907 | INFO | Input 30 | placeholder= | aria=None | name= | type=text
2026-09-19 17:54:48,919 | INFO | Input 31 | placeholder= | aria=None | name= | type=text
2026-09-19 17:54:48,928 | INFO | Input 32 | placeholder= | aria=None | name= | type=text
2026-09-19 17:54:48,940 | INFO | Input 33 | placeholder= | aria=None | name= | type=text
2026-09-19 17:54:48,951 | INFO | Input 34 | placeholder= | aria=None | name= | type=text
2026-09-19 17:54:48,962 | INFO | Input 35 | placeholder= | aria=None | name= | type=text
2026-09-19 17:54:48,971 | INFO | Input 36 | placeholder= | aria=None | name= | type=text
2026-09-19 17:54:48,980 | INFO | Input 37 | placeholder= | aria=None | name= | type=text
2026-09-19 17:54:48,989 | INFO | Input 38 | placeholder= | aria=None | name= | type=text
2026-09-19 17:54:48,999 | INFO | Input 39 | placeholder= | aria=None | name= | type=text
2026-09-19 17:54:49,008 | INFO | Input 40 | placeholder= | aria=None | name= | type=text
2026-09-19 17:54:49,017 | INFO | Input 41 | placeholder= | aria=None | name= | type=text
2026-09-19 17:54:49,026 | INFO | Input 42 | placeholder= | aria=None | name= | type=text
2026-09-19 17:54:49,036 | INFO | Input 43 | placeholder= | aria=None | name= | type=text
2026-09-19 17:54:49,048 | INFO | Input 44 | placeholder= | aria=None | name= | type=text
2026-09-19 17:54:49,058 | INFO | Input 45 | placeholder= | aria=None | name= | type=text
2026-09-19 17:54:50,707 | ERROR | Lỗi nhập origin: Message: element click intercepted: Element <input data-testid="SearchWidget.from" data-id="SearchWidget.from" id="from_input" placeholder=" " value="" class="styled-input " autocomplete="off"> is not clickable at point (345, 273). Other element would receive the click: <label class="base__Caption-sc-1tvbuqk-27 roMcM color--light-disable" for="from_input">...</label>
  (Session info: chrome=153.0.8010.48); For documentation on this error, please visit: https://www.selenium.dev/documentation/webdriver/troubleshooting/errors#elementclickinterceptedexception
Stacktrace:
	chromedriver!GetHandleVerifier [0x7ff69b951035+5a95]
	chromedriver!(No symbol) [0x7ff69b872c70]
	chromedriver!(No symbol) [0x7ff69b694a7d]
	chromedriver!(No symbol) [0x7ff69b6f7d73]
	chromedriver!(No symbol) [0x7ff69b6f597a]
	chromedriver!(No symbol) [0x7ff69b6f2cb7]
	chromedriver!(No symbol) [0x7ff69b6f1b70]
	chromedriver!(No symbol) [0x7ff69b6e3b18]
	chromedriver!(No symbol) [0x7ff69b7193ea]
	chromedriver!(No symbol) [0x7ff69b6e3396]
	chromedriver!(No symbol) [0x7ff69b73fbea]
	chromedriver!(No symbol) [0x7ff69b6e1d02]
	chromedriver!(No symbol) [0x7ff69b6e2b13]
	chromedriver!GetHandleVerifier [0x7ff69bd71411+425e71]
	chromedriver!GetHandleVerifier [0x7ff69bd9ca47+4514a7]
	chromedriver!GetHandleVerifier [0x7ff69bd9094e+4453ae]
	chromedriver!GetHandleVerifier [0x7ff69ba4bf6e+1009ce]
	chromedriver!(No symbol) [0x7ff69b880a05]
	chromedriver!(No symbol) [0x7ff69b87bcf4]
	chromedriver!(No symbol) [0x7ff69b87be84]
	chromedriver!(No symbol) [0x7ff69b8666ac]
	KERNEL32!BaseThreadInitThunk [0x7ffe554fe8d7+17]
	ntdll!RtlUserThreadStart [0x7ffe5603c34c+2c]

2026-09-19 17:54:50,708 | INFO | Crawling: Hồ Chí Minh -> Cần Thơ
2026-09-19 17:54:50,709 | INFO | Searching: Hồ Chí Minh -> Cần Thơ
2026-09-19 17:54:55,710 | INFO | Found 46 input elements
2026-09-19 17:54:55,790 | INFO | Input 0 | placeholder=  | aria=None | name= | type=text
2026-09-19 17:54:55,821 | INFO | Input 1 | placeholder=  | aria=None | name= | type=text
2026-09-19 17:54:55,872 | INFO | Input 2 | placeholder= | aria=None | name= | type=text
2026-09-19 17:54:55,911 | INFO | Input 3 | placeholder= | aria=None | name= | type=text
2026-09-19 17:54:55,953 | INFO | Input 4 | placeholder= | aria=None | name= | type=text
2026-09-19 17:54:55,993 | INFO | Input 5 | placeholder= | aria=None | name= | type=text
2026-09-19 17:54:56,021 | INFO | Input 6 | placeholder= | aria=None | name= | type=text
2026-09-19 17:54:56,057 | INFO | Input 7 | placeholder= | aria=None | name= | type=text
2026-09-19 17:54:56,101 | INFO | Input 8 | placeholder= | aria=None | name= | type=text
2026-09-19 17:54:56,128 | INFO | Input 9 | placeholder= | aria=None | name= | type=text
2026-09-19 17:54:56,159 | INFO | Input 10 | placeholder= | aria=None | name= | type=text
2026-09-19 17:54:56,194 | INFO | Input 11 | placeholder= | aria=None | name= | type=text
2026-09-19 17:54:56,222 | INFO | Input 12 | placeholder= | aria=None | name= | type=text
2026-09-19 17:54:56,251 | INFO | Input 13 | placeholder= | aria=None | name= | type=text
2026-09-19 17:54:56,285 | INFO | Input 14 | placeholder= | aria=None | name= | type=text
2026-09-19 17:54:56,313 | INFO | Input 15 | placeholder= | aria=None | name= | type=text
2026-09-19 17:54:56,345 | INFO | Input 16 | placeholder= | aria=None | name= | type=text
2026-09-19 17:54:56,379 | INFO | Input 17 | placeholder= | aria=None | name= | type=text
2026-09-19 17:54:56,430 | INFO | Input 18 | placeholder= | aria=None | name= | type=text
2026-09-19 17:54:56,491 | INFO | Input 19 | placeholder= | aria=None | name= | type=text
2026-09-19 17:54:56,530 | INFO | Input 20 | placeholder= | aria=None | name= | type=text
2026-09-19 17:54:56,567 | INFO | Input 21 | placeholder= | aria=None | name= | type=text
2026-09-19 17:54:56,606 | INFO | Input 22 | placeholder= | aria=None | name= | type=text
2026-09-19 17:54:56,640 | INFO | Input 23 | placeholder= | aria=None | name= | type=text
2026-09-19 17:54:56,673 | INFO | Input 24 | placeholder= | aria=None | name= | type=text
2026-09-19 17:54:56,704 | INFO | Input 25 | placeholder= | aria=None | name= | type=text
2026-09-19 17:54:56,742 | INFO | Input 26 | placeholder= | aria=None | name= | type=text
2026-09-19 17:54:56,777 | INFO | Input 27 | placeholder= | aria=None | name= | type=text
2026-09-19 17:54:56,815 | INFO | Input 28 | placeholder= | aria=None | name= | type=text
2026-09-19 17:54:56,844 | INFO | Input 29 | placeholder= | aria=None | name= | type=text
2026-09-19 17:54:56,871 | INFO | Input 30 | placeholder= | aria=None | name= | type=text
2026-09-19 17:54:56,904 | INFO | Input 31 | placeholder= | aria=None | name= | type=text
2026-09-19 17:54:56,935 | INFO | Input 32 | placeholder= | aria=None | name= | type=text
2026-09-19 17:54:56,958 | INFO | Input 33 | placeholder= | aria=None | name= | type=text
2026-09-19 17:54:56,984 | INFO | Input 34 | placeholder= | aria=None | name= | type=text
2026-09-19 17:54:57,030 | INFO | Input 35 | placeholder= | aria=None | name= | type=text
2026-09-19 17:54:57,083 | INFO | Input 36 | placeholder= | aria=None | name= | type=text
2026-09-19 17:54:57,118 | INFO | Input 37 | placeholder= | aria=None | name= | type=text
2026-09-19 17:54:57,156 | INFO | Input 38 | placeholder= | aria=None | name= | type=text
2026-09-19 17:54:57,202 | INFO | Input 39 | placeholder= | aria=None | name= | type=text
2026-09-19 17:54:57,234 | INFO | Input 40 | placeholder= | aria=None | name= | type=text
2026-09-19 17:54:57,261 | INFO | Input 41 | placeholder= | aria=None | name= | type=text
2026-09-19 17:54:57,284 | INFO | Input 42 | placeholder= | aria=None | name= | type=text
2026-09-19 17:54:57,308 | INFO | Input 43 | placeholder= | aria=None | name= | type=text
2026-09-19 17:54:57,341 | INFO | Input 44 | placeholder= | aria=None | name= | type=text
2026-09-19 17:54:57,378 | INFO | Input 45 | placeholder= | aria=None | name= | type=text
2026-09-19 17:54:59,012 | ERROR | Lỗi nhập origin: Message: element click intercepted: Element <input data-testid="SearchWidget.from" data-id="SearchWidget.from" id="from_input" placeholder=" " value="" class="styled-input " autocomplete="off"> is not clickable at point (345, 273). Other element would receive the click: <label class="base__Caption-sc-1tvbuqk-27 roMcM color--light-disable" for="from_input">...</label>
  (Session info: chrome=153.0.8010.48); For documentation on this error, please visit: https://www.selenium.dev/documentation/webdriver/troubleshooting/errors#elementclickinterceptedexception
Stacktrace:
	chromedriver!GetHandleVerifier [0x7ff69b951035+5a95]
	chromedriver!(No symbol) [0x7ff69b872c70]
	chromedriver!(No symbol) [0x7ff69b694a7d]
	chromedriver!(No symbol) [0x7ff69b6f7d73]
	chromedriver!(No symbol) [0x7ff69b6f597a]
	chromedriver!(No symbol) [0x7ff69b6f2cb7]
	chromedriver!(No symbol) [0x7ff69b6f1b70]
	chromedriver!(No symbol) [0x7ff69b6e3b18]
	chromedriver!(No symbol) [0x7ff69b7193ea]
	chromedriver!(No symbol) [0x7ff69b6e3396]
	chromedriver!(No symbol) [0x7ff69b73fbea]
	chromedriver!(No symbol) [0x7ff69b6e1d02]
	chromedriver!(No symbol) [0x7ff69b6e2b13]
	chromedriver!GetHandleVerifier [0x7ff69bd71411+425e71]
	chromedriver!GetHandleVerifier [0x7ff69bd9ca47+4514a7]
	chromedriver!GetHandleVerifier [0x7ff69bd9094e+4453ae]
	chromedriver!GetHandleVerifier [0x7ff69ba4bf6e+1009ce]
	chromedriver!(No symbol) [0x7ff69b880a05]
	chromedriver!(No symbol) [0x7ff69b87bcf4]
	chromedriver!(No symbol) [0x7ff69b87be84]
	chromedriver!(No symbol) [0x7ff69b8666ac]
	KERNEL32!BaseThreadInitThunk [0x7ffe554fe8d7+17]
	ntdll!RtlUserThreadStart [0x7ffe5603c34c+2c]

2026-09-19 17:54:59,013 | INFO | Crawling: Hà Nội -> Đà Nẵng
2026-09-19 17:54:59,013 | INFO | Searching: Hà Nội -> Đà Nẵng
2026-09-19 17:55:05,165 | INFO | Found 46 input elements
2026-09-19 17:55:05,258 | INFO | Input 0 | placeholder=  | aria=None | name= | type=text
2026-09-19 17:55:05,346 | INFO | Input 1 | placeholder=  | aria=None | name= | type=text
2026-09-19 17:55:05,411 | INFO | Input 2 | placeholder= | aria=None | name= | type=text
2026-09-19 17:55:05,463 | INFO | Input 3 | placeholder= | aria=None | name= | type=text
2026-09-19 17:55:05,500 | INFO | Input 4 | placeholder= | aria=None | name= | type=text
2026-09-19 17:55:05,529 | INFO | Input 5 | placeholder= | aria=None | name= | type=text
2026-09-19 17:55:05,567 | INFO | Input 6 | placeholder= | aria=None | name= | type=text
2026-09-19 17:55:05,600 | INFO | Input 7 | placeholder= | aria=None | name= | type=text
2026-09-19 17:55:05,629 | INFO | Input 8 | placeholder= | aria=None | name= | type=text
2026-09-19 17:55:05,668 | INFO | Input 9 | placeholder= | aria=None | name= | type=text
2026-09-19 17:55:05,705 | INFO | Input 10 | placeholder= | aria=None | name= | type=text
2026-09-19 17:55:05,744 | INFO | Input 11 | placeholder= | aria=None | name= | type=text
2026-09-19 17:55:05,786 | INFO | Input 12 | placeholder= | aria=None | name= | type=text
2026-09-19 17:55:05,824 | INFO | Input 13 | placeholder= | aria=None | name= | type=text
2026-09-19 17:55:05,855 | INFO | Input 14 | placeholder= | aria=None | name= | type=text
2026-09-19 17:55:05,888 | INFO | Input 15 | placeholder= | aria=None | name= | type=text
2026-09-19 17:55:05,917 | INFO | Input 16 | placeholder= | aria=None | name= | type=text
2026-09-19 17:55:05,941 | INFO | Input 17 | placeholder= | aria=None | name= | type=text
2026-09-19 17:55:05,969 | INFO | Input 18 | placeholder= | aria=None | name= | type=text
2026-09-19 17:55:06,003 | INFO | Input 19 | placeholder= | aria=None | name= | type=text
2026-09-19 17:55:06,036 | INFO | Input 20 | placeholder= | aria=None | name= | type=text
2026-09-19 17:55:06,063 | INFO | Input 21 | placeholder= | aria=None | name= | type=text
2026-09-19 17:55:06,089 | INFO | Input 22 | placeholder= | aria=None | name= | type=text
2026-09-19 17:55:06,119 | INFO | Input 23 | placeholder= | aria=None | name= | type=text
2026-09-19 17:55:06,148 | INFO | Input 24 | placeholder= | aria=None | name= | type=text
2026-09-19 17:55:06,176 | INFO | Input 25 | placeholder= | aria=None | name= | type=text
2026-09-19 17:55:06,209 | INFO | Input 26 | placeholder= | aria=None | name= | type=text
2026-09-19 17:55:06,243 | INFO | Input 27 | placeholder= | aria=None | name= | type=text
2026-09-19 17:55:06,265 | INFO | Input 28 | placeholder= | aria=None | name= | type=text
2026-09-19 17:55:06,281 | INFO | Input 29 | placeholder= | aria=None | name= | type=text
2026-09-19 17:55:06,299 | INFO | Input 30 | placeholder= | aria=None | name= | type=text
2026-09-19 17:55:06,317 | INFO | Input 31 | placeholder= | aria=None | name= | type=text
2026-09-19 17:55:06,340 | INFO | Input 32 | placeholder= | aria=None | name= | type=text
2026-09-19 17:55:06,373 | INFO | Input 33 | placeholder= | aria=None | name= | type=text
2026-09-19 17:55:06,404 | INFO | Input 34 | placeholder= | aria=None | name= | type=text
2026-09-19 17:55:06,439 | INFO | Input 35 | placeholder= | aria=None | name= | type=text
2026-09-19 17:55:06,469 | INFO | Input 36 | placeholder= | aria=None | name= | type=text
2026-09-19 17:55:06,496 | INFO | Input 37 | placeholder= | aria=None | name= | type=text
2026-09-19 17:55:06,527 | INFO | Input 38 | placeholder= | aria=None | name= | type=text
2026-09-19 17:55:06,561 | INFO | Input 39 | placeholder= | aria=None | name= | type=text
2026-09-19 17:55:06,591 | INFO | Input 40 | placeholder= | aria=None | name= | type=text
2026-09-19 17:55:06,624 | INFO | Input 41 | placeholder= | aria=None | name= | type=text
2026-09-19 17:55:06,658 | INFO | Input 42 | placeholder= | aria=None | name= | type=text
2026-09-19 17:55:06,688 | INFO | Input 43 | placeholder= | aria=None | name= | type=text
2026-09-19 17:55:06,718 | INFO | Input 44 | placeholder= | aria=None | name= | type=text
2026-09-19 17:55:06,750 | INFO | Input 45 | placeholder= | aria=None | name= | type=text
2026-09-19 17:55:08,379 | ERROR | Lỗi nhập origin: Message: element click intercepted: Element <input data-testid="SearchWidget.from" data-id="SearchWidget.from" id="from_input" placeholder=" " value="" class="styled-input " autocomplete="off"> is not clickable at point (345, 273). Other element would receive the click: <label class="base__Caption-sc-1tvbuqk-27 roMcM color--light-disable" for="from_input">...</label>
  (Session info: chrome=153.0.8010.48); For documentation on this error, please visit: https://www.selenium.dev/documentation/webdriver/troubleshooting/errors#elementclickinterceptedexception
Stacktrace:
	chromedriver!GetHandleVerifier [0x7ff69b951035+5a95]
	chromedriver!(No symbol) [0x7ff69b872c70]
	chromedriver!(No symbol) [0x7ff69b694a7d]
	chromedriver!(No symbol) [0x7ff69b6f7d73]
	chromedriver!(No symbol) [0x7ff69b6f597a]
	chromedriver!(No symbol) [0x7ff69b6f2cb7]
	chromedriver!(No symbol) [0x7ff69b6f1b70]
	chromedriver!(No symbol) [0x7ff69b6e3b18]
	chromedriver!(No symbol) [0x7ff69b7193ea]
	chromedriver!(No symbol) [0x7ff69b6e3396]
	chromedriver!(No symbol) [0x7ff69b73fbea]
	chromedriver!(No symbol) [0x7ff69b6e1d02]
	chromedriver!(No symbol) [0x7ff69b6e2b13]
	chromedriver!GetHandleVerifier [0x7ff69bd71411+425e71]
	chromedriver!GetHandleVerifier [0x7ff69bd9ca47+4514a7]
	chromedriver!GetHandleVerifier [0x7ff69bd9094e+4453ae]
	chromedriver!GetHandleVerifier [0x7ff69ba4bf6e+1009ce]
	chromedriver!(No symbol) [0x7ff69b880a05]
	chromedriver!(No symbol) [0x7ff69b87bcf4]
	chromedriver!(No symbol) [0x7ff69b87be84]
	chromedriver!(No symbol) [0x7ff69b8666ac]
	KERNEL32!BaseThreadInitThunk [0x7ffe554fe8d7+17]
	ntdll!RtlUserThreadStart [0x7ffe5603c34c+2c]

2026-09-19 17:55:08,380 | INFO | Crawling: Hà Nội -> Sapa
2026-09-19 17:55:08,380 | INFO | Searching: Hà Nội -> Sapa
2026-09-19 17:55:14,649 | INFO | Found 46 input elements
2026-09-19 17:55:14,683 | INFO | Input 0 | placeholder=  | aria=None | name= | type=text
2026-09-19 17:55:14,706 | INFO | Input 1 | placeholder=  | aria=None | name= | type=text
2026-09-19 17:55:14,728 | INFO | Input 2 | placeholder= | aria=None | name= | type=text
2026-09-19 17:55:14,751 | INFO | Input 3 | placeholder= | aria=None | name= | type=text
2026-09-19 17:55:14,775 | INFO | Input 4 | placeholder= | aria=None | name= | type=text
2026-09-19 17:55:14,797 | INFO | Input 5 | placeholder= | aria=None | name= | type=text
2026-09-19 17:55:14,817 | INFO | Input 6 | placeholder= | aria=None | name= | type=text
2026-09-19 17:55:14,840 | INFO | Input 7 | placeholder= | aria=None | name= | type=text
2026-09-19 17:55:14,863 | INFO | Input 8 | placeholder= | aria=None | name= | type=text
2026-09-19 17:55:14,886 | INFO | Input 9 | placeholder= | aria=None | name= | type=text
2026-09-19 17:55:14,910 | INFO | Input 10 | placeholder= | aria=None | name= | type=text
2026-09-19 17:55:14,929 | INFO | Input 11 | placeholder= | aria=None | name= | type=text
2026-09-19 17:55:14,949 | INFO | Input 12 | placeholder= | aria=None | name= | type=text
2026-09-19 17:55:14,977 | INFO | Input 13 | placeholder= | aria=None | name= | type=text
2026-09-19 17:55:15,026 | INFO | Input 14 | placeholder= | aria=None | name= | type=text
2026-09-19 17:55:15,055 | INFO | Input 15 | placeholder= | aria=None | name= | type=text
2026-09-19 17:55:15,086 | INFO | Input 16 | placeholder= | aria=None | name= | type=text
2026-09-19 17:55:15,110 | INFO | Input 17 | placeholder= | aria=None | name= | type=text
2026-09-19 17:55:15,123 | INFO | Input 18 | placeholder= | aria=None | name= | type=text
2026-09-19 17:55:15,154 | INFO | Input 19 | placeholder= | aria=None | name= | type=text
2026-09-19 17:55:15,184 | INFO | Input 20 | placeholder= | aria=None | name= | type=text
2026-09-19 17:55:15,218 | INFO | Input 21 | placeholder= | aria=None | name= | type=text
2026-09-19 17:55:15,246 | INFO | Input 22 | placeholder= | aria=None | name= | type=text
2026-09-19 17:55:15,276 | INFO | Input 23 | placeholder= | aria=None | name= | type=text
2026-09-19 17:55:15,304 | INFO | Input 24 | placeholder= | aria=None | name= | type=text
2026-09-19 17:55:15,337 | INFO | Input 25 | placeholder= | aria=None | name= | type=text
2026-09-19 17:55:15,372 | INFO | Input 26 | placeholder= | aria=None | name= | type=text
2026-09-19 17:55:15,405 | INFO | Input 27 | placeholder= | aria=None | name= | type=text
2026-09-19 17:55:15,443 | INFO | Input 28 | placeholder= | aria=None | name= | type=text
2026-09-19 17:55:15,473 | INFO | Input 29 | placeholder= | aria=None | name= | type=text
2026-09-19 17:55:15,500 | INFO | Input 30 | placeholder= | aria=None | name= | type=text
2026-09-19 17:55:15,526 | INFO | Input 31 | placeholder= | aria=None | name= | type=text
2026-09-19 17:55:15,557 | INFO | Input 32 | placeholder= | aria=None | name= | type=text
2026-09-19 17:55:15,584 | INFO | Input 33 | placeholder= | aria=None | name= | type=text
2026-09-19 17:55:15,614 | INFO | Input 34 | placeholder= | aria=None | name= | type=text
2026-09-19 17:55:15,661 | INFO | Input 35 | placeholder= | aria=None | name= | type=text
2026-09-19 17:55:15,688 | INFO | Input 36 | placeholder= | aria=None | name= | type=text
2026-09-19 17:55:15,713 | INFO | Input 37 | placeholder= | aria=None | name= | type=text
2026-09-19 17:55:15,736 | INFO | Input 38 | placeholder= | aria=None | name= | type=text
2026-09-19 17:55:15,757 | INFO | Input 39 | placeholder= | aria=None | name= | type=text
2026-09-19 17:55:15,778 | INFO | Input 40 | placeholder= | aria=None | name= | type=text
2026-09-19 17:55:15,799 | INFO | Input 41 | placeholder= | aria=None | name= | type=text
2026-09-19 17:55:15,819 | INFO | Input 42 | placeholder= | aria=None | name= | type=text
2026-09-19 17:55:15,839 | INFO | Input 43 | placeholder= | aria=None | name= | type=text
2026-09-19 17:55:15,866 | INFO | Input 44 | placeholder= | aria=None | name= | type=text
2026-09-19 17:55:15,898 | INFO | Input 45 | placeholder= | aria=None | name= | type=text
2026-09-19 17:55:17,483 | ERROR | Lỗi nhập origin: Message: element click intercepted: Element <input data-testid="SearchWidget.from" data-id="SearchWidget.from" id="from_input" placeholder=" " value="" class="styled-input " autocomplete="off"> is not clickable at point (345, 273). Other element would receive the click: <label class="base__Caption-sc-1tvbuqk-27 roMcM color--light-disable" for="from_input">...</label>
  (Session info: chrome=153.0.8010.48); For documentation on this error, please visit: https://www.selenium.dev/documentation/webdriver/troubleshooting/errors#elementclickinterceptedexception
Stacktrace:
	chromedriver!GetHandleVerifier [0x7ff69b951035+5a95]
	chromedriver!(No symbol) [0x7ff69b872c70]
	chromedriver!(No symbol) [0x7ff69b694a7d]
	chromedriver!(No symbol) [0x7ff69b6f7d73]
	chromedriver!(No symbol) [0x7ff69b6f597a]
	chromedriver!(No symbol) [0x7ff69b6f2cb7]
	chromedriver!(No symbol) [0x7ff69b6f1b70]
	chromedriver!(No symbol) [0x7ff69b6e3b18]
	chromedriver!(No symbol) [0x7ff69b7193ea]
	chromedriver!(No symbol) [0x7ff69b6e3396]
	chromedriver!(No symbol) [0x7ff69b73fbea]
	chromedriver!(No symbol) [0x7ff69b6e1d02]
	chromedriver!(No symbol) [0x7ff69b6e2b13]
	chromedriver!GetHandleVerifier [0x7ff69bd71411+425e71]
	chromedriver!GetHandleVerifier [0x7ff69bd9ca47+4514a7]
	chromedriver!GetHandleVerifier [0x7ff69bd9094e+4453ae]
	chromedriver!GetHandleVerifier [0x7ff69ba4bf6e+1009ce]
	chromedriver!(No symbol) [0x7ff69b880a05]
	chromedriver!(No symbol) [0x7ff69b87bcf4]
	chromedriver!(No symbol) [0x7ff69b87be84]
	chromedriver!(No symbol) [0x7ff69b8666ac]
	KERNEL32!BaseThreadInitThunk [0x7ffe554fe8d7+17]
	ntdll!RtlUserThreadStart [0x7ffe5603c34c+2c]

2026-09-19 17:55:17,484 | INFO | Crawling: Hà Nội -> Ninh Bình
2026-09-19 17:55:17,484 | INFO | Searching: Hà Nội -> Ninh Bình
2026-09-19 17:55:24,598 | INFO | Found 46 input elements
2026-09-19 17:55:24,613 | INFO | Input 0 | placeholder=  | aria=None | name= | type=text
2026-09-19 17:55:24,625 | INFO | Input 1 | placeholder=  | aria=None | name= | type=text
2026-09-19 17:55:24,636 | INFO | Input 2 | placeholder= | aria=None | name= | type=text
2026-09-19 17:55:24,648 | INFO | Input 3 | placeholder= | aria=None | name= | type=text
2026-09-19 17:55:24,659 | INFO | Input 4 | placeholder= | aria=None | name= | type=text
2026-09-19 17:55:24,684 | INFO | Input 5 | placeholder= | aria=None | name= | type=text
2026-09-19 17:55:24,699 | INFO | Input 6 | placeholder= | aria=None | name= | type=text
2026-09-19 17:55:24,726 | INFO | Input 7 | placeholder= | aria=None | name= | type=text
2026-09-19 17:55:24,749 | INFO | Input 8 | placeholder= | aria=None | name= | type=text
2026-09-19 17:55:24,775 | INFO | Input 9 | placeholder= | aria=None | name= | type=text
2026-09-19 17:55:24,802 | INFO | Input 10 | placeholder= | aria=None | name= | type=text
2026-09-19 17:55:24,824 | INFO | Input 11 | placeholder= | aria=None | name= | type=text
2026-09-19 17:55:24,847 | INFO | Input 12 | placeholder= | aria=None | name= | type=text
2026-09-19 17:55:24,870 | INFO | Input 13 | placeholder= | aria=None | name= | type=text
2026-09-19 17:55:24,890 | INFO | Input 14 | placeholder= | aria=None | name= | type=text
2026-09-19 17:55:24,911 | INFO | Input 15 | placeholder= | aria=None | name= | type=text
2026-09-19 17:55:24,930 | INFO | Input 16 | placeholder= | aria=None | name= | type=text
2026-09-19 17:55:24,942 | INFO | Input 17 | placeholder= | aria=None | name= | type=text
2026-09-19 17:55:24,957 | INFO | Input 18 | placeholder= | aria=None | name= | type=text
2026-09-19 17:55:24,973 | INFO | Input 19 | placeholder= | aria=None | name= | type=text
2026-09-19 17:55:25,022 | INFO | Input 20 | placeholder= | aria=None | name= | type=text
2026-09-19 17:55:25,035 | INFO | Input 21 | placeholder= | aria=None | name= | type=text
2026-09-19 17:55:25,048 | INFO | Input 22 | placeholder= | aria=None | name= | type=text
2026-09-19 17:55:25,060 | INFO | Input 23 | placeholder= | aria=None | name= | type=text
2026-09-19 17:55:25,074 | INFO | Input 24 | placeholder= | aria=None | name= | type=text
2026-09-19 17:55:25,085 | INFO | Input 25 | placeholder= | aria=None | name= | type=text
2026-09-19 17:55:25,146 | INFO | Input 26 | placeholder= | aria=None | name= | type=text
2026-09-19 17:55:25,195 | INFO | Input 27 | placeholder= | aria=None | name= | type=text
2026-09-19 17:55:25,226 | INFO | Input 28 | placeholder= | aria=None | name= | type=text
2026-09-19 17:55:25,257 | INFO | Input 29 | placeholder= | aria=None | name= | type=text
2026-09-19 17:55:25,289 | INFO | Input 30 | placeholder= | aria=None | name= | type=text
2026-09-19 17:55:25,316 | INFO | Input 31 | placeholder= | aria=None | name= | type=text
2026-09-19 17:55:25,342 | INFO | Input 32 | placeholder= | aria=None | name= | type=text
2026-09-19 17:55:25,368 | INFO | Input 33 | placeholder= | aria=None | name= | type=text
2026-09-19 17:55:25,391 | INFO | Input 34 | placeholder= | aria=None | name= | type=text
2026-09-19 17:55:25,416 | INFO | Input 35 | placeholder= | aria=None | name= | type=text
2026-09-19 17:55:25,440 | INFO | Input 36 | placeholder= | aria=None | name= | type=text
2026-09-19 17:55:25,462 | INFO | Input 37 | placeholder= | aria=None | name= | type=text
2026-09-19 17:55:25,485 | INFO | Input 38 | placeholder= | aria=None | name= | type=text
2026-09-19 17:55:25,512 | INFO | Input 39 | placeholder= | aria=None | name= | type=text
2026-09-19 17:55:25,637 | INFO | Input 40 | placeholder= | aria=None | name= | type=text
2026-09-19 17:55:25,670 | INFO | Input 41 | placeholder= | aria=None | name= | type=text
2026-09-19 17:55:25,704 | INFO | Input 42 | placeholder= | aria=None | name= | type=text
2026-09-19 17:55:25,729 | INFO | Input 43 | placeholder= | aria=None | name= | type=text
2026-09-19 17:55:25,757 | INFO | Input 44 | placeholder= | aria=None | name= | type=text
2026-09-19 17:55:25,791 | INFO | Input 45 | placeholder= | aria=None | name= | type=text
2026-09-19 17:55:27,370 | ERROR | Lỗi nhập origin: Message: element click intercepted: Element <input data-testid="SearchWidget.from" data-id="SearchWidget.from" id="from_input" placeholder=" " value="" class="styled-input " autocomplete="off"> is not clickable at point (345, 273). Other element would receive the click: <label class="base__Caption-sc-1tvbuqk-27 roMcM color--light-disable" for="from_input">...</label>
  (Session info: chrome=153.0.8010.48); For documentation on this error, please visit: https://www.selenium.dev/documentation/webdriver/troubleshooting/errors#elementclickinterceptedexception
Stacktrace:
	chromedriver!GetHandleVerifier [0x7ff69b951035+5a95]
	chromedriver!(No symbol) [0x7ff69b872c70]
	chromedriver!(No symbol) [0x7ff69b694a7d]
	chromedriver!(No symbol) [0x7ff69b6f7d73]
	chromedriver!(No symbol) [0x7ff69b6f597a]
	chromedriver!(No symbol) [0x7ff69b6f2cb7]
	chromedriver!(No symbol) [0x7ff69b6f1b70]
	chromedriver!(No symbol) [0x7ff69b6e3b18]
	chromedriver!(No symbol) [0x7ff69b7193ea]
	chromedriver!(No symbol) [0x7ff69b6e3396]
	chromedriver!(No symbol) [0x7ff69b73fbea]
	chromedriver!(No symbol) [0x7ff69b6e1d02]
	chromedriver!(No symbol) [0x7ff69b6e2b13]
	chromedriver!GetHandleVerifier [0x7ff69bd71411+425e71]
	chromedriver!GetHandleVerifier [0x7ff69bd9ca47+4514a7]
	chromedriver!GetHandleVerifier [0x7ff69bd9094e+4453ae]
	chromedriver!GetHandleVerifier [0x7ff69ba4bf6e+1009ce]
	chromedriver!(No symbol) [0x7ff69b880a05]
	chromedriver!(No symbol) [0x7ff69b87bcf4]
	chromedriver!(No symbol) [0x7ff69b87be84]
	chromedriver!(No symbol) [0x7ff69b8666ac]
	KERNEL32!BaseThreadInitThunk [0x7ffe554fe8d7+17]
	ntdll!RtlUserThreadStart [0x7ffe5603c34c+2c]

2026-09-19 17:55:27,370 | INFO | Crawling: Đà Nẵng -> Hội An
2026-09-19 17:55:27,370 | INFO | Searching: Đà Nẵng -> Hội An
2026-09-19 17:55:33,959 | INFO | Found 46 input elements
2026-09-19 17:55:34,069 | INFO | Input 0 | placeholder=  | aria=None | name= | type=text
2026-09-19 17:55:34,105 | INFO | Input 1 | placeholder=  | aria=None | name= | type=text
2026-09-19 17:55:34,139 | INFO | Input 2 | placeholder= | aria=None | name= | type=text
2026-09-19 17:55:34,185 | INFO | Input 3 | placeholder= | aria=None | name= | type=text
2026-09-19 17:55:34,216 | INFO | Input 4 | placeholder= | aria=None | name= | type=text
2026-09-19 17:55:34,245 | INFO | Input 5 | placeholder= | aria=None | name= | type=text
2026-09-19 17:55:34,358 | INFO | Input 6 | placeholder= | aria=None | name= | type=text
2026-09-19 17:55:34,437 | INFO | Input 7 | placeholder= | aria=None | name= | type=text
2026-09-19 17:55:34,480 | INFO | Input 8 | placeholder= | aria=None | name= | type=text
2026-09-19 17:55:34,514 | INFO | Input 9 | placeholder= | aria=None | name= | type=text
2026-09-19 17:55:34,541 | INFO | Input 10 | placeholder= | aria=None | name= | type=text
2026-09-19 17:55:34,565 | INFO | Input 11 | placeholder= | aria=None | name= | type=text
2026-09-19 17:55:34,622 | INFO | Input 12 | placeholder= | aria=None | name= | type=text
2026-09-19 17:55:34,665 | INFO | Input 13 | placeholder= | aria=None | name= | type=text
2026-09-19 17:55:34,687 | INFO | Input 14 | placeholder= | aria=None | name= | type=text
2026-09-19 17:55:34,717 | INFO | Input 15 | placeholder= | aria=None | name= | type=text
2026-09-19 17:55:34,744 | INFO | Input 16 | placeholder= | aria=None | name= | type=text
2026-09-19 17:55:34,767 | INFO | Input 17 | placeholder= | aria=None | name= | type=text
2026-09-19 17:55:34,793 | INFO | Input 18 | placeholder= | aria=None | name= | type=text
2026-09-19 17:55:34,805 | INFO | Input 19 | placeholder= | aria=None | name= | type=text
2026-09-19 17:55:34,817 | INFO | Input 20 | placeholder= | aria=None | name= | type=text
2026-09-19 17:55:34,827 | INFO | Input 21 | placeholder= | aria=None | name= | type=text
2026-09-19 17:55:34,841 | INFO | Input 22 | placeholder= | aria=None | name= | type=text
2026-09-19 17:55:34,853 | INFO | Input 23 | placeholder= | aria=None | name= | type=text
2026-09-19 17:55:34,900 | INFO | Input 24 | placeholder= | aria=None | name= | type=text
2026-09-19 17:55:34,951 | INFO | Input 25 | placeholder= | aria=None | name= | type=text
2026-09-19 17:55:34,990 | INFO | Input 26 | placeholder= | aria=None | name= | type=text
2026-09-19 17:55:35,003 | INFO | Input 27 | placeholder= | aria=None | name= | type=text
2026-09-19 17:55:35,015 | INFO | Input 28 | placeholder= | aria=None | name= | type=text
2026-09-19 17:55:35,026 | INFO | Input 29 | placeholder= | aria=None | name= | type=text
2026-09-19 17:55:35,037 | INFO | Input 30 | placeholder= | aria=None | name= | type=text
2026-09-19 17:55:35,049 | INFO | Input 31 | placeholder= | aria=None | name= | type=text
2026-09-19 17:55:35,061 | INFO | Input 32 | placeholder= | aria=None | name= | type=text
2026-09-19 17:55:35,072 | INFO | Input 33 | placeholder= | aria=None | name= | type=text
2026-09-19 17:55:35,084 | INFO | Input 34 | placeholder= | aria=None | name= | type=text
2026-09-19 17:55:35,095 | INFO | Input 35 | placeholder= | aria=None | name= | type=text
2026-09-19 17:55:35,117 | INFO | Input 36 | placeholder= | aria=None | name= | type=text
2026-09-19 17:55:35,128 | INFO | Input 37 | placeholder= | aria=None | name= | type=text
2026-09-19 17:55:35,140 | INFO | Input 38 | placeholder= | aria=None | name= | type=text
2026-09-19 17:55:35,151 | INFO | Input 39 | placeholder= | aria=None | name= | type=text
2026-09-19 17:55:35,161 | INFO | Input 40 | placeholder= | aria=None | name= | type=text
2026-09-19 17:55:35,172 | INFO | Input 41 | placeholder= | aria=None | name= | type=text
2026-09-19 17:55:35,183 | INFO | Input 42 | placeholder= | aria=None | name= | type=text
2026-09-19 17:55:35,194 | INFO | Input 43 | placeholder= | aria=None | name= | type=text
2026-09-19 17:55:35,206 | INFO | Input 44 | placeholder= | aria=None | name= | type=text
2026-09-19 17:55:35,220 | INFO | Input 45 | placeholder= | aria=None | name= | type=text
2026-09-19 17:55:36,837 | ERROR | Lỗi nhập origin: Message: element click intercepted: Element <input data-testid="SearchWidget.from" data-id="SearchWidget.from" id="from_input" placeholder=" " value="" class="styled-input " autocomplete="off"> is not clickable at point (345, 273). Other element would receive the click: <label class="base__Caption-sc-1tvbuqk-27 roMcM color--light-disable" for="from_input">...</label>
  (Session info: chrome=153.0.8010.48); For documentation on this error, please visit: https://www.selenium.dev/documentation/webdriver/troubleshooting/errors#elementclickinterceptedexception
Stacktrace:
	chromedriver!GetHandleVerifier [0x7ff69b951035+5a95]
	chromedriver!(No symbol) [0x7ff69b872c70]
	chromedriver!(No symbol) [0x7ff69b694a7d]
	chromedriver!(No symbol) [0x7ff69b6f7d73]
	chromedriver!(No symbol) [0x7ff69b6f597a]
	chromedriver!(No symbol) [0x7ff69b6f2cb7]
	chromedriver!(No symbol) [0x7ff69b6f1b70]
	chromedriver!(No symbol) [0x7ff69b6e3b18]
	chromedriver!(No symbol) [0x7ff69b7193ea]
	chromedriver!(No symbol) [0x7ff69b6e3396]
	chromedriver!(No symbol) [0x7ff69b73fbea]
	chromedriver!(No symbol) [0x7ff69b6e1d02]
	chromedriver!(No symbol) [0x7ff69b6e2b13]
	chromedriver!GetHandleVerifier [0x7ff69bd71411+425e71]
	chromedriver!GetHandleVerifier [0x7ff69bd9ca47+4514a7]
	chromedriver!GetHandleVerifier [0x7ff69bd9094e+4453ae]
	chromedriver!GetHandleVerifier [0x7ff69ba4bf6e+1009ce]
	chromedriver!(No symbol) [0x7ff69b880a05]
	chromedriver!(No symbol) [0x7ff69b87bcf4]
	chromedriver!(No symbol) [0x7ff69b87be84]
	chromedriver!(No symbol) [0x7ff69b8666ac]
	KERNEL32!BaseThreadInitThunk [0x7ffe554fe8d7+17]
	ntdll!RtlUserThreadStart [0x7ffe5603c34c+2c]

2026-09-19 17:55:36,837 | INFO | Crawling: Đà Nẵng -> Huế
2026-09-19 17:55:36,838 | INFO | Searching: Đà Nẵng -> Huế
2026-09-19 17:55:43,391 | INFO | Found 46 input elements
2026-09-19 17:55:43,433 | INFO | Input 0 | placeholder=  | aria=None | name= | type=text
2026-09-19 17:55:43,463 | INFO | Input 1 | placeholder=  | aria=None | name= | type=text
2026-09-19 17:55:43,489 | INFO | Input 2 | placeholder= | aria=None | name= | type=text
2026-09-19 17:55:43,526 | INFO | Input 3 | placeholder= | aria=None | name= | type=text
2026-09-19 17:55:43,548 | INFO | Input 4 | placeholder= | aria=None | name= | type=text
2026-09-19 17:55:43,569 | INFO | Input 5 | placeholder= | aria=None | name= | type=text
2026-09-19 17:55:43,587 | INFO | Input 6 | placeholder= | aria=None | name= | type=text
2026-09-19 17:55:43,605 | INFO | Input 7 | placeholder= | aria=None | name= | type=text
2026-09-19 17:55:43,631 | INFO | Input 8 | placeholder= | aria=None | name= | type=text
2026-09-19 17:55:43,642 | INFO | Input 9 | placeholder= | aria=None | name= | type=text
2026-09-19 17:55:43,656 | INFO | Input 10 | placeholder= | aria=None | name= | type=text
2026-09-19 17:55:43,667 | INFO | Input 11 | placeholder= | aria=None | name= | type=text
2026-09-19 17:55:43,679 | INFO | Input 12 | placeholder= | aria=None | name= | type=text
2026-09-19 17:55:43,724 | INFO | Input 13 | placeholder= | aria=None | name= | type=text
2026-09-19 17:55:43,757 | INFO | Input 14 | placeholder= | aria=None | name= | type=text
2026-09-19 17:55:43,786 | INFO | Input 15 | placeholder= | aria=None | name= | type=text
2026-09-19 17:55:43,809 | INFO | Input 16 | placeholder= | aria=None | name= | type=text
2026-09-19 17:55:43,892 | INFO | Input 17 | placeholder= | aria=None | name= | type=text
2026-09-19 17:55:43,956 | INFO | Input 18 | placeholder= | aria=None | name= | type=text
2026-09-19 17:55:43,979 | INFO | Input 19 | placeholder= | aria=None | name= | type=text
2026-09-19 17:55:43,999 | INFO | Input 20 | placeholder= | aria=None | name= | type=text
2026-09-19 17:55:44,020 | INFO | Input 21 | placeholder= | aria=None | name= | type=text
2026-09-19 17:55:44,089 | INFO | Input 22 | placeholder= | aria=None | name= | type=text
2026-09-19 17:55:44,157 | INFO | Input 23 | placeholder= | aria=None | name= | type=text
2026-09-19 17:55:44,227 | INFO | Input 24 | placeholder= | aria=None | name= | type=text
2026-09-19 17:55:44,325 | INFO | Input 25 | placeholder= | aria=None | name= | type=text
2026-09-19 17:55:44,379 | INFO | Input 26 | placeholder= | aria=None | name= | type=text
2026-09-19 17:55:44,435 | INFO | Input 27 | placeholder= | aria=None | name= | type=text
2026-09-19 17:55:44,476 | INFO | Input 28 | placeholder= | aria=None | name= | type=text
2026-09-19 17:55:44,552 | INFO | Input 29 | placeholder= | aria=None | name= | type=text
2026-09-19 17:55:44,605 | INFO | Input 30 | placeholder= | aria=None | name= | type=text
2026-09-19 17:55:44,645 | INFO | Input 31 | placeholder= | aria=None | name= | type=text
2026-09-19 17:55:44,676 | INFO | Input 32 | placeholder= | aria=None | name= | type=text
2026-09-19 17:55:44,707 | INFO | Input 33 | placeholder= | aria=None | name= | type=text
2026-09-19 17:55:44,734 | INFO | Input 34 | placeholder= | aria=None | name= | type=text
2026-09-19 17:55:44,764 | INFO | Input 35 | placeholder= | aria=None | name= | type=text
2026-09-19 17:55:44,789 | INFO | Input 36 | placeholder= | aria=None | name= | type=text
2026-09-19 17:55:44,802 | INFO | Input 37 | placeholder= | aria=None | name= | type=text
2026-09-19 17:55:44,813 | INFO | Input 38 | placeholder= | aria=None | name= | type=text
2026-09-19 17:55:44,826 | INFO | Input 39 | placeholder= | aria=None | name= | type=text
2026-09-19 17:55:44,838 | INFO | Input 40 | placeholder= | aria=None | name= | type=text
2026-09-19 17:55:44,858 | INFO | Input 41 | placeholder= | aria=None | name= | type=text
2026-09-19 17:55:44,872 | INFO | Input 42 | placeholder= | aria=None | name= | type=text
2026-09-19 17:55:44,884 | INFO | Input 43 | placeholder= | aria=None | name= | type=text
2026-09-19 17:55:44,898 | INFO | Input 44 | placeholder= | aria=None | name= | type=text
2026-09-19 17:55:44,910 | INFO | Input 45 | placeholder= | aria=None | name= | type=text
2026-09-19 17:55:46,502 | ERROR | Lỗi nhập origin: Message: element click intercepted: Element <input data-testid="SearchWidget.from" data-id="SearchWidget.from" id="from_input" placeholder=" " value="" class="styled-input " autocomplete="off"> is not clickable at point (345, 273). Other element would receive the click: <label class="base__Caption-sc-1tvbuqk-27 roMcM color--light-disable" for="from_input">...</label>
  (Session info: chrome=153.0.8010.48); For documentation on this error, please visit: https://www.selenium.dev/documentation/webdriver/troubleshooting/errors#elementclickinterceptedexception
Stacktrace:
	chromedriver!GetHandleVerifier [0x7ff69b951035+5a95]
	chromedriver!(No symbol) [0x7ff69b872c70]
	chromedriver!(No symbol) [0x7ff69b694a7d]
	chromedriver!(No symbol) [0x7ff69b6f7d73]
	chromedriver!(No symbol) [0x7ff69b6f597a]
	chromedriver!(No symbol) [0x7ff69b6f2cb7]
	chromedriver!(No symbol) [0x7ff69b6f1b70]
	chromedriver!(No symbol) [0x7ff69b6e3b18]
	chromedriver!(No symbol) [0x7ff69b7193ea]
	chromedriver!(No symbol) [0x7ff69b6e3396]
	chromedriver!(No symbol) [0x7ff69b73fbea]
	chromedriver!(No symbol) [0x7ff69b6e1d02]
	chromedriver!(No symbol) [0x7ff69b6e2b13]
	chromedriver!GetHandleVerifier [0x7ff69bd71411+425e71]
	chromedriver!GetHandleVerifier [0x7ff69bd9ca47+4514a7]
	chromedriver!GetHandleVerifier [0x7ff69bd9094e+4453ae]
	chromedriver!GetHandleVerifier [0x7ff69ba4bf6e+1009ce]
	chromedriver!(No symbol) [0x7ff69b880a05]
	chromedriver!(No symbol) [0x7ff69b87bcf4]
	chromedriver!(No symbol) [0x7ff69b87be84]
	chromedriver!(No symbol) [0x7ff69b8666ac]
	KERNEL32!BaseThreadInitThunk [0x7ffe554fe8d7+17]
	ntdll!RtlUserThreadStart [0x7ffe5603c34c+2c]

2026-09-19 17:55:46,502 | INFO | Crawling: Đà Nẵng -> Nha Trang
2026-09-19 17:55:46,502 | INFO | Searching: Đà Nẵng -> Nha Trang
2026-09-19 17:55:52,981 | INFO | Found 46 input elements
2026-09-19 17:55:53,032 | INFO | Input 0 | placeholder=  | aria=None | name= | type=text
2026-09-19 17:55:53,074 | INFO | Input 1 | placeholder=  | aria=None | name= | type=text
2026-09-19 17:55:53,122 | INFO | Input 2 | placeholder= | aria=None | name= | type=text
2026-09-19 17:55:53,161 | INFO | Input 3 | placeholder= | aria=None | name= | type=text
2026-09-19 17:55:53,192 | INFO | Input 4 | placeholder= | aria=None | name= | type=text
2026-09-19 17:55:53,236 | INFO | Input 5 | placeholder= | aria=None | name= | type=text
2026-09-19 17:55:53,272 | INFO | Input 6 | placeholder= | aria=None | name= | type=text
2026-09-19 17:55:53,308 | INFO | Input 7 | placeholder= | aria=None | name= | type=text
2026-09-19 17:55:53,347 | INFO | Input 8 | placeholder= | aria=None | name= | type=text
2026-09-19 17:55:53,375 | INFO | Input 9 | placeholder= | aria=None | name= | type=text
2026-09-19 17:55:53,403 | INFO | Input 10 | placeholder= | aria=None | name= | type=text
2026-09-19 17:55:53,428 | INFO | Input 11 | placeholder= | aria=None | name= | type=text
2026-09-19 17:55:53,459 | INFO | Input 12 | placeholder= | aria=None | name= | type=text
2026-09-19 17:55:53,486 | INFO | Input 13 | placeholder= | aria=None | name= | type=text
2026-09-19 17:55:53,509 | INFO | Input 14 | placeholder= | aria=None | name= | type=text
2026-09-19 17:55:53,532 | INFO | Input 15 | placeholder= | aria=None | name= | type=text
2026-09-19 17:55:53,601 | INFO | Input 16 | placeholder= | aria=None | name= | type=text
2026-09-19 17:55:53,653 | INFO | Input 17 | placeholder= | aria=None | name= | type=text
2026-09-19 17:55:53,694 | INFO | Input 18 | placeholder= | aria=None | name= | type=text
2026-09-19 17:55:53,730 | INFO | Input 19 | placeholder= | aria=None | name= | type=text
2026-09-19 17:55:53,789 | INFO | Input 20 | placeholder= | aria=None | name= | type=text
2026-09-19 17:55:53,942 | INFO | Input 21 | placeholder= | aria=None | name= | type=text
2026-09-19 17:55:54,030 | INFO | Input 22 | placeholder= | aria=None | name= | type=text
2026-09-19 17:55:54,054 | INFO | Input 23 | placeholder= | aria=None | name= | type=text
2026-09-19 17:55:54,079 | INFO | Input 24 | placeholder= | aria=None | name= | type=text
2026-09-19 17:55:54,103 | INFO | Input 25 | placeholder= | aria=None | name= | type=text
2026-09-19 17:55:54,125 | INFO | Input 26 | placeholder= | aria=None | name= | type=text
2026-09-19 17:55:54,138 | INFO | Input 27 | placeholder= | aria=None | name= | type=text
2026-09-19 17:55:54,150 | INFO | Input 28 | placeholder= | aria=None | name= | type=text
2026-09-19 17:55:54,164 | INFO | Input 29 | placeholder= | aria=None | name= | type=text
2026-09-19 17:55:54,178 | INFO | Input 30 | placeholder= | aria=None | name= | type=text
2026-09-19 17:55:54,191 | INFO | Input 31 | placeholder= | aria=None | name= | type=text
2026-09-19 17:55:54,204 | INFO | Input 32 | placeholder= | aria=None | name= | type=text
2026-09-19 17:55:54,221 | INFO | Input 33 | placeholder= | aria=None | name= | type=text
2026-09-19 17:55:54,235 | INFO | Input 34 | placeholder= | aria=None | name= | type=text
2026-09-19 17:55:54,249 | INFO | Input 35 | placeholder= | aria=None | name= | type=text
2026-09-19 17:55:54,263 | INFO | Input 36 | placeholder= | aria=None | name= | type=text
2026-09-19 17:55:54,275 | INFO | Input 37 | placeholder= | aria=None | name= | type=text
2026-09-19 17:55:54,288 | INFO | Input 38 | placeholder= | aria=None | name= | type=text
2026-09-19 17:55:54,303 | INFO | Input 39 | placeholder= | aria=None | name= | type=text
2026-09-19 17:55:54,348 | INFO | Input 40 | placeholder= | aria=None | name= | type=text
2026-09-19 17:55:54,382 | INFO | Input 41 | placeholder= | aria=None | name= | type=text
2026-09-19 17:55:54,421 | INFO | Input 42 | placeholder= | aria=None | name= | type=text
2026-09-19 17:55:54,463 | INFO | Input 43 | placeholder= | aria=None | name= | type=text
2026-09-19 17:55:54,497 | INFO | Input 44 | placeholder= | aria=None | name= | type=text
2026-09-19 17:55:54,525 | INFO | Input 45 | placeholder= | aria=None | name= | type=text
2026-09-19 17:55:56,146 | ERROR | Lỗi nhập origin: Message: element click intercepted: Element <input data-testid="SearchWidget.from" data-id="SearchWidget.from" id="from_input" placeholder=" " value="" class="styled-input " autocomplete="off"> is not clickable at point (345, 273). Other element would receive the click: <label class="base__Caption-sc-1tvbuqk-27 roMcM color--light-disable" for="from_input">...</label>
  (Session info: chrome=153.0.8010.48); For documentation on this error, please visit: https://www.selenium.dev/documentation/webdriver/troubleshooting/errors#elementclickinterceptedexception
Stacktrace:
	chromedriver!GetHandleVerifier [0x7ff69b951035+5a95]
	chromedriver!(No symbol) [0x7ff69b872c70]
	chromedriver!(No symbol) [0x7ff69b694a7d]
	chromedriver!(No symbol) [0x7ff69b6f7d73]
	chromedriver!(No symbol) [0x7ff69b6f597a]
	chromedriver!(No symbol) [0x7ff69b6f2cb7]
	chromedriver!(No symbol) [0x7ff69b6f1b70]
	chromedriver!(No symbol) [0x7ff69b6e3b18]
	chromedriver!(No symbol) [0x7ff69b7193ea]
	chromedriver!(No symbol) [0x7ff69b6e3396]
	chromedriver!(No symbol) [0x7ff69b73fbea]
	chromedriver!(No symbol) [0x7ff69b6e1d02]
	chromedriver!(No symbol) [0x7ff69b6e2b13]
	chromedriver!GetHandleVerifier [0x7ff69bd71411+425e71]
	chromedriver!GetHandleVerifier [0x7ff69bd9ca47+4514a7]
	chromedriver!GetHandleVerifier [0x7ff69bd9094e+4453ae]
	chromedriver!GetHandleVerifier [0x7ff69ba4bf6e+1009ce]
	chromedriver!(No symbol) [0x7ff69b880a05]
	chromedriver!(No symbol) [0x7ff69b87bcf4]
	chromedriver!(No symbol) [0x7ff69b87be84]
	chromedriver!(No symbol) [0x7ff69b8666ac]
	KERNEL32!BaseThreadInitThunk [0x7ffe554fe8d7+17]
	ntdll!RtlUserThreadStart [0x7ffe5603c34c+2c]

2026-09-19 17:55:59,270 | INFO | Saved 0 records -> D:\TIỂU LUẬN CHUYÊN NGÀNH\TLCN-Travel\data\raw\transport\vexere_transport.json
2026-09-19 17:57:39,900 | INFO | Crawling Hồ Chí Minh -> Đà Lạt
2026-09-19 17:57:49,051 | INFO | Found 3 records
2026-09-19 17:57:51,052 | INFO | Crawling Hồ Chí Minh -> Nha Trang
2026-09-19 17:58:06,332 | INFO | Found 3 records
2026-09-19 17:58:08,333 | INFO | Crawling Hồ Chí Minh -> Đà Nẵng
2026-09-19 17:58:23,701 | INFO | Found 3 records
2026-09-19 17:58:25,702 | INFO | Crawling Hồ Chí Minh -> Cần Thơ
2026-09-19 17:58:41,050 | INFO | Found 2 records
2026-09-19 17:58:43,051 | INFO | Crawling Hà Nội -> Đà Nẵng
2026-09-19 17:58:59,112 | INFO | Found 3 records
2026-09-19 17:59:01,113 | INFO | Crawling Hà Nội -> Sapa
2026-09-19 17:59:17,256 | INFO | Found 3 records
2026-09-19 17:59:19,258 | INFO | Crawling Hà Nội -> Ninh Bình
2026-09-19 17:59:30,835 | INFO | Found 3 records
2026-09-19 17:59:32,836 | INFO | Crawling Đà Nẵng -> Hội An
2026-09-19 17:59:49,203 | INFO | Found 3 records
2026-09-19 17:59:51,204 | INFO | Crawling Đà Nẵng -> Huế
2026-09-19 18:00:05,727 | INFO | Found 3 records
2026-09-19 18:00:07,728 | INFO | Crawling Đà Nẵng -> Nha Trang
2026-09-19 18:00:22,296 | INFO | Found 3 records
2026-09-19 18:17:58,576 | INFO | Crawling Hồ Chí Minh -> Đà Lạt
2026-09-19 18:18:11,651 | INFO | Found 2 records
2026-09-19 18:18:13,652 | INFO | Crawling Hồ Chí Minh -> Nha Trang
2026-09-19 18:18:28,094 | INFO | Found 3 records
2026-09-19 18:18:30,094 | INFO | Crawling Hồ Chí Minh -> Đà Nẵng
2026-09-19 18:18:43,789 | INFO | Found 1 records
2026-09-19 18:18:45,790 | INFO | Crawling Hồ Chí Minh -> Cần Thơ
2026-09-19 18:19:00,841 | INFO | Found 3 records
2026-09-19 18:19:02,842 | INFO | Crawling Hà Nội -> Đà Nẵng
2026-09-19 18:19:17,656 | INFO | Found 2 records
2026-09-19 18:19:19,657 | INFO | Crawling Hà Nội -> Sapa
2026-09-19 18:19:34,058 | INFO | Found 3 records
2026-09-19 18:19:36,059 | INFO | Crawling Hà Nội -> Ninh Bình
2026-09-19 18:19:51,674 | INFO | Found 1 records
2026-09-19 18:19:53,675 | INFO | Crawling Đà Nẵng -> Hội An
2026-09-19 18:20:08,981 | INFO | Found 1 records
2026-09-19 18:20:10,982 | INFO | Crawling Đà Nẵng -> Huế
2026-09-19 18:20:26,107 | INFO | Found 3 records
2026-09-19 18:20:28,108 | INFO | Crawling Đà Nẵng -> Nha Trang
2026-09-19 18:20:43,897 | INFO | Found 2 records
2026-09-19 18:26:14,157 | INFO | ========== VEXERE CRAWLER START ==========
2026-09-19 18:26:14,158 | INFO | Found 10 routes from CSV
2026-09-19 18:26:16,625 | INFO | Processing route 1/10
2026-09-19 18:26:16,626 | INFO | Crawling route: Hồ Chí Minh -> Đà Lạt
2026-09-19 18:26:24,487 | INFO | Visible tickets: 3
2026-09-19 18:26:24,957 | INFO | Route Hồ Chí Minh -> Đà Lạt | Records extracted: 2
2026-09-19 18:26:26,958 | INFO | Processing route 2/10
2026-09-19 18:26:26,959 | INFO | Crawling route: Hồ Chí Minh -> Nha Trang
2026-09-19 18:26:36,643 | INFO | Visible tickets: 3
2026-09-19 18:26:37,103 | INFO | Route Hồ Chí Minh -> Nha Trang | Records extracted: 3
2026-09-19 18:26:39,104 | INFO | Processing route 3/10
2026-09-19 18:26:39,104 | INFO | Crawling route: Hồ Chí Minh -> Đà Nẵng
2026-09-19 18:26:48,600 | INFO | Visible tickets: 3
2026-09-19 18:26:49,128 | INFO | Route Hồ Chí Minh -> Đà Nẵng | Records extracted: 1
2026-09-19 18:26:51,129 | INFO | Processing route 4/10
2026-09-19 18:26:51,129 | INFO | Crawling route: Hồ Chí Minh -> Cần Thơ
2026-09-19 18:27:00,687 | INFO | Visible tickets: 3
2026-09-19 18:27:01,140 | INFO | Route Hồ Chí Minh -> Cần Thơ | Records extracted: 3
2026-09-19 18:27:03,141 | INFO | Processing route 5/10
2026-09-19 18:27:03,142 | INFO | Crawling route: Hà Nội -> Đà Nẵng
2026-09-19 18:27:13,421 | INFO | Visible tickets: 3
2026-09-19 18:27:13,916 | INFO | Route Hà Nội -> Đà Nẵng | Records extracted: 2
2026-09-19 18:27:15,917 | INFO | Processing route 6/10
2026-09-19 18:27:15,918 | INFO | Crawling route: Hà Nội -> Sapa
2026-09-19 18:27:24,700 | INFO | Visible tickets: 3
2026-09-19 18:27:25,545 | INFO | Route Hà Nội -> Sapa | Records extracted: 3
2026-09-19 18:27:27,546 | INFO | Processing route 7/10
2026-09-19 18:27:27,547 | INFO | Crawling route: Hà Nội -> Ninh Bình
2026-09-19 18:27:37,174 | INFO | Visible tickets: 3
2026-09-19 18:27:37,635 | INFO | Route Hà Nội -> Ninh Bình | Records extracted: 1
2026-09-19 18:27:39,638 | INFO | Processing route 8/10
2026-09-19 18:27:39,640 | INFO | Crawling route: Đà Nẵng -> Hội An
2026-09-19 18:27:49,620 | INFO | Visible tickets: 3
2026-09-19 18:27:50,245 | INFO | Route Đà Nẵng -> Hội An | Records extracted: 1
2026-09-19 18:27:52,246 | INFO | Processing route 9/10
2026-09-19 18:27:52,246 | INFO | Crawling route: Đà Nẵng -> Huế
2026-09-19 18:28:02,023 | INFO | Visible tickets: 3
2026-09-19 18:28:02,584 | INFO | Route Đà Nẵng -> Huế | Records extracted: 3
2026-09-19 18:28:04,586 | INFO | Processing route 10/10
2026-09-19 18:28:04,588 | INFO | Crawling route: Đà Nẵng -> Nha Trang
2026-09-19 18:28:14,122 | INFO | Visible tickets: 3
2026-09-19 18:28:14,727 | INFO | Route Đà Nẵng -> Nha Trang | Records extracted: 2
2026-09-19 18:28:18,381 | INFO | Saved 21 records to D:\TIỂU LUẬN CHUYÊN NGÀNH\TLCN-Travel\data\raw\transport\vexere_transport.json
2026-09-19 18:28:18,381 | INFO | ========== VEXERE CRAWLER END ==========
2026-09-19 18:35:23,785 | INFO | ========== VEXERE CRAWLER START ==========
2026-09-19 18:35:23,785 | INFO | Found 10 routes from CSV
2026-09-19 18:35:27,252 | INFO | Processing route 1/10
2026-09-19 18:35:27,252 | INFO | Crawling route: Hồ Chí Minh -> Đà Lạt
2026-09-19 18:35:27,252 | INFO | Opening URL: https://vexere.com/vn/di-chuyen/tu-ho-chi-minh-di-da-lat-lam-dong.29.457.vi?date=19-09-2026&lf=1&lt=1
2026-09-19 18:35:35,707 | INFO | Visible tickets: 3
2026-09-19 18:35:35,771 | INFO | Route Hồ Chí Minh -> Đà Lạt | Records extracted: 0
2026-09-19 18:35:37,772 | INFO | Processing route 2/10
2026-09-19 18:35:37,773 | INFO | Crawling route: Hồ Chí Minh -> Nha Trang
2026-09-19 18:35:37,773 | INFO | Opening URL: https://vexere.com/vn/di-chuyen/ho-chi-minh-di-nha-trang-khanh-hoa.29.417.vi?date=19-09-2026&lf=1&lt=1
2026-09-19 18:35:45,779 | INFO | Visible tickets: 3
2026-09-19 18:35:45,824 | INFO | Route Hồ Chí Minh -> Nha Trang | Records extracted: 0
2026-09-19 18:35:47,825 | INFO | Processing route 3/10
2026-09-19 18:35:47,825 | INFO | Crawling route: Hồ Chí Minh -> Đà Nẵng
2026-09-19 18:35:47,826 | INFO | Opening URL: https://vexere.com/vn/di-chuyen/ho-chi-minh-di-da-nang.29.15.vi?date=19-09-2026&lf=1&lt=1
2026-09-19 18:35:52,684 | WARNING | Retrying (Retry(total=2, connect=None, read=None, redirect=None, status=None)) after connection broken by 'NewConnectionError("HTTPConnection(host='localhost', port=4842): Failed to establish a new connection: [WinError 10061] No connection could be made because the target machine actively refused it")': /session/48060ecb225dd7ee9071d26712a13385
2026-09-19 18:35:56,759 | WARNING | Retrying (Retry(total=1, connect=None, read=None, redirect=None, status=None)) after connection broken by 'NewConnectionError("HTTPConnection(host='localhost', port=4842): Failed to establish a new connection: [WinError 10061] No connection could be made because the target machine actively refused it")': /session/48060ecb225dd7ee9071d26712a13385
2026-09-19 18:36:00,801 | WARNING | Retrying (Retry(total=0, connect=None, read=None, redirect=None, status=None)) after connection broken by 'NewConnectionError("HTTPConnection(host='localhost', port=4842): Failed to establish a new connection: [WinError 10061] No connection could be made because the target machine actively refused it")': /session/48060ecb225dd7ee9071d26712a13385
2026-09-19 18:36:07,524 | INFO | ========== VEXERE CRAWLER START ==========
2026-09-19 18:36:07,525 | INFO | Found 10 routes from CSV
2026-09-19 18:36:10,280 | INFO | Processing route 1/10
2026-09-19 18:36:10,280 | INFO | Crawling route: Hồ Chí Minh -> Đà Lạt
2026-09-19 18:36:10,280 | INFO | Opening URL: https://vexere.com/vn/di-chuyen/tu-ho-chi-minh-di-da-lat-lam-dong.29.457.vi?date=19-09-2026&lf=1&lt=1
2026-09-19 18:36:17,822 | INFO | Visible tickets: 3
2026-09-19 18:36:19,145 | INFO | Route Hồ Chí Minh -> Đà Lạt | Records extracted: 0
2026-09-19 18:36:21,146 | INFO | Processing route 2/10
2026-09-19 18:36:21,146 | INFO | Crawling route: Hồ Chí Minh -> Nha Trang
2026-09-19 18:36:21,146 | INFO | Opening URL: https://vexere.com/vn/di-chuyen/ho-chi-minh-di-nha-trang-khanh-hoa.29.417.vi?date=19-09-2026&lf=1&lt=1
2026-09-19 18:36:28,093 | INFO | Visible tickets: 3
2026-09-19 18:36:28,442 | INFO | Route Hồ Chí Minh -> Nha Trang | Records extracted: 3
2026-09-19 18:36:30,442 | INFO | Processing route 3/10
2026-09-19 18:36:30,442 | INFO | Crawling route: Hồ Chí Minh -> Đà Nẵng
2026-09-19 18:36:30,442 | INFO | Opening URL: https://vexere.com/vn/di-chuyen/ho-chi-minh-di-da-nang.29.15.vi?date=19-09-2026&lf=1&lt=1
2026-09-19 18:36:39,787 | INFO | Visible tickets: 3
2026-09-19 18:36:40,277 | INFO | Route Hồ Chí Minh -> Đà Nẵng | Records extracted: 1
2026-09-19 18:36:42,278 | INFO | Processing route 4/10
2026-09-19 18:36:42,280 | INFO | Crawling route: Hồ Chí Minh -> Cần Thơ
2026-09-19 18:36:42,281 | INFO | Opening URL: https://vexere.com/vn/di-chuyen/tu-ho-chi-minh-di-can-tho.29.13.vi?date=19-09-2026&lf=1&lt=1
2026-09-19 18:36:52,462 | INFO | Visible tickets: 3
2026-09-19 18:36:52,986 | INFO | Route Hồ Chí Minh -> Cần Thơ | Records extracted: 3
2026-09-19 18:36:54,987 | INFO | Processing route 5/10
2026-09-19 18:36:54,987 | INFO | Crawling route: Hà Nội -> Đà Nẵng
2026-09-19 18:36:54,987 | INFO | Opening URL: https://vexere.com/vn/di-chuyen/ha-noi-di-da-nang.24.15.vi?date=19-09-2026&lf=1&lt=1
2026-09-19 18:37:05,526 | INFO | Visible tickets: 3
2026-09-19 18:37:06,017 | INFO | Route Hà Nội -> Đà Nẵng | Records extracted: 2
2026-09-19 18:37:08,018 | INFO | Processing route 6/10
2026-09-19 18:37:08,019 | INFO | Crawling route: Hà Nội -> Sapa
2026-09-19 18:37:08,019 | INFO | Opening URL: https://vexere.com/vn/di-chuyen/ha-noi-di-sapa-lao-cai.24.482.vi?date=19-09-2026&lf=1&lt=1
2026-09-19 18:37:18,744 | INFO | Visible tickets: 3
2026-09-19 18:37:19,274 | INFO | Route Hà Nội -> Sapa | Records extracted: 3
2026-09-19 18:37:21,276 | INFO | Processing route 7/10
2026-09-19 18:37:21,277 | INFO | Crawling route: Hà Nội -> Ninh Bình
2026-09-19 18:37:21,278 | INFO | Opening URL: https://vexere.com/vn/di-chuyen/ha-noi-di-ninh-binh.24.42.vi?date=19-09-2026&lf=1&lt=1
2026-09-19 18:37:31,967 | INFO | Visible tickets: 3
2026-09-19 18:37:32,452 | INFO | Route Hà Nội -> Ninh Bình | Records extracted: 1
2026-09-19 18:37:34,453 | INFO | Processing route 8/10
2026-09-19 18:37:34,453 | INFO | Crawling route: Đà Nẵng -> Hội An
2026-09-19 18:37:34,454 | INFO | Opening URL: https://vexere.com/vn/di-chuyen/da-nang-di-hoi-an-quang-nam.15.580.vi?date=19-09-2026&lf=1&lt=1
2026-09-19 18:37:45,105 | INFO | Visible tickets: 3
2026-09-19 18:37:45,949 | INFO | Route Đà Nẵng -> Hội An | Records extracted: 1
2026-09-19 18:37:47,952 | INFO | Processing route 9/10
2026-09-19 18:37:47,953 | INFO | Crawling route: Đà Nẵng -> Huế
2026-09-19 18:37:47,954 | INFO | Opening URL: https://vexere.com/vn/di-chuyen/da-nang-di-hue-thua-thien-hue.15.705.vi?date=19-09-2026&lf=1&lt=1
2026-09-19 18:38:02,858 | INFO | Visible tickets: 3
2026-09-19 18:38:03,446 | INFO | Route Đà Nẵng -> Huế | Records extracted: 2
2026-09-19 18:38:05,447 | INFO | Processing route 10/10
2026-09-19 18:38:05,448 | INFO | Crawling route: Đà Nẵng -> Nha Trang
2026-09-19 18:38:05,449 | INFO | Opening URL: https://vexere.com/vn/di-chuyen/da-nang-di-nha-trang-khanh-hoa.15.417.vi?date=19-09-2026&lf=1&lt=1
2026-09-19 18:38:17,959 | INFO | Visible tickets: 3
2026-09-19 18:38:18,455 | INFO | Route Đà Nẵng -> Nha Trang | Records extracted: 2
2026-09-19 18:38:21,679 | INFO | Saved 18 records to D:\TIỂU LUẬN CHUYÊN NGÀNH\TLCN-Travel\data\raw\transport\vexere_transport.json
2026-09-19 18:38:21,680 | INFO | ========== VEXERE CRAWLER END ==========
2026-09-19 18:46:32,402 | INFO | ========== VEXERE CRAWLER START ==========
2026-09-19 18:46:32,402 | INFO | Found 10 routes from CSV
2026-09-19 18:46:36,476 | INFO | Processing route 1/10
2026-09-19 18:46:36,477 | INFO | Crawling route: Hồ Chí Minh -> Đà Lạt
2026-09-19 18:46:36,477 | INFO | Opening URL: https://vexere.com/vi-VN/ve-xe-khach-tu-sai-gon-di-da-lat-129t457.html?date=19-09-2026&lt=1
2026-09-19 18:46:58,690 | INFO | View all trips button not found
2026-09-19 18:47:01,720 | INFO | Visible tickets: 20
2026-09-19 18:47:03,336 | INFO | Route Hồ Chí Minh -> Đà Lạt | Records extracted: 0
2026-09-19 18:47:05,339 | INFO | Processing route 2/10
2026-09-19 18:47:05,343 | INFO | Crawling route: Hồ Chí Minh -> Nha Trang
2026-09-19 18:47:05,344 | INFO | Opening URL: https://vexere.com/vi-VN/ve-xe-khach-tu-sai-gon-di-nha-trang-129t417.html?date=19-09-2026&lt=1
2026-09-19 18:47:33,869 | INFO | View all trips button not found
2026-09-19 18:47:36,890 | INFO | Visible tickets: 20
2026-09-19 18:47:38,422 | INFO | Route Hồ Chí Minh -> Nha Trang | Records extracted: 0
2026-09-19 18:47:40,423 | INFO | Processing route 3/10
2026-09-19 18:47:40,424 | INFO | Crawling route: Hồ Chí Minh -> Đà Nẵng
2026-09-19 18:47:40,424 | INFO | Opening URL: https://vexere.com/vi-VN/ve-xe-khach-tu-sai-gon-di-da-nang-129t1151.html?date=19-09-2026&lt=1
2026-09-19 18:47:51,246 | INFO | View all trips button not found
2026-09-19 18:47:54,305 | INFO | Visible tickets: 17
2026-09-19 18:47:55,939 | INFO | Route Hồ Chí Minh -> Đà Nẵng | Records extracted: 8
2026-09-19 18:47:57,940 | INFO | Processing route 4/10
2026-09-19 18:47:57,940 | INFO | Crawling route: Hồ Chí Minh -> Cần Thơ
2026-09-19 18:47:57,940 | INFO | Opening URL: https://vexere.com/vi-VN/ve-xe-khach-tu-sai-gon-di-can-tho-129t13.html?date=19-09-2026&lt=1
2026-09-19 18:48:23,060 | WARNING | No tickets found: Hồ Chí Minh -> Cần Thơ
2026-09-19 18:48:25,061 | INFO | Processing route 5/10
2026-09-19 18:48:25,062 | INFO | Crawling route: Hà Nội -> Đà Nẵng
2026-09-19 18:48:25,062 | INFO | Opening URL: https://vexere.com/vi-VN/ve-xe-khach-tu-ha-noi-di-da-nang-129t1151.html?date=19-09-2026&lt=1
2026-09-19 18:48:36,468 | INFO | View all trips button not found
2026-09-19 18:48:39,513 | INFO | Visible tickets: 17
2026-09-19 18:48:41,304 | INFO | Route Hà Nội -> Đà Nẵng | Records extracted: 8
2026-09-19 18:48:43,305 | INFO | Processing route 6/10
2026-09-19 18:48:43,305 | INFO | Crawling route: Hà Nội -> Sapa
2026-09-19 18:48:43,306 | INFO | Opening URL: https://vexere.com/vi-VN/ve-xe-khach-tu-ha-noi-di-sapa-129t482.html?date=19-09-2026&lt=1
2026-09-19 18:48:53,476 | INFO | View all trips button not found
2026-09-19 18:48:56,501 | INFO | Visible tickets: 3
2026-09-19 18:48:56,958 | INFO | Route Hà Nội -> Sapa | Records extracted: 1
2026-09-19 18:48:58,959 | INFO | Processing route 7/10
2026-09-19 18:48:58,960 | INFO | Crawling route: Hà Nội -> Ninh Bình
2026-09-19 18:48:58,960 | INFO | Opening URL: https://vexere.com/vi-VN/ve-xe-khach-tu-ha-noi-di-ninh-binh-129t42.html?date=19-09-2026&lt=1
2026-09-19 18:49:24,533 | WARNING | No tickets found: Hà Nội -> Ninh Bình
2026-09-19 18:49:26,534 | INFO | Processing route 8/10
2026-09-19 18:49:26,534 | INFO | Crawling route: Đà Nẵng -> Hội An
2026-09-19 18:49:26,534 | INFO | Opening URL: https://vexere.com/vi-VN/ve-xe-khach-tu-da-nang-di-hoi-an-129t580.html?date=19-09-2026&lt=1
2026-09-19 18:50:19,181 | INFO | View all trips button not found
2026-09-19 18:50:22,215 | INFO | Visible tickets: 20
2026-09-19 18:50:23,749 | INFO | Route Đà Nẵng -> Hội An | Records extracted: 0
2026-09-19 18:50:25,750 | INFO | Processing route 9/10
2026-09-19 18:50:25,750 | INFO | Crawling route: Đà Nẵng -> Huế
2026-09-19 18:50:25,750 | INFO | Opening URL: https://vexere.com/vi-VN/ve-xe-khach-tu-da-nang-di-hue-129t705.html?date=19-09-2026&lt=1
2026-09-19 18:50:51,082 | WARNING | No tickets found: Đà Nẵng -> Huế
2026-09-19 18:50:53,083 | INFO | Processing route 10/10
2026-09-19 18:50:53,084 | INFO | Crawling route: Đà Nẵng -> Nha Trang
2026-09-19 18:50:53,084 | INFO | Opening URL: https://vexere.com/vi-VN/ve-xe-khach-tu-da-nang-di-nha-trang-129t417.html?date=19-09-2026&lt=1
2026-09-19 18:51:25,515 | INFO | View all trips button not found
2026-09-19 18:51:28,530 | INFO | Visible tickets: 20
2026-09-19 18:51:29,717 | INFO | Route Đà Nẵng -> Nha Trang | Records extracted: 0
2026-09-19 18:51:33,047 | INFO | Saved 17 records to D:\TIỂU LUẬN CHUYÊN NGÀNH\TLCN-Travel\data\raw\transport\vexere_transport.json
2026-09-19 18:51:33,047 | INFO | ========== VEXERE CRAWLER END ==========
2026-09-19 18:52:58,291 | INFO     | ======================================================================
2026-09-19 18:52:58,291 | INFO     | VEXERE TRANSPORT CRAWLER
2026-09-19 18:52:58,291 | INFO     | Ngày crawl: 19-09-2026
2026-09-19 18:52:58,291 | INFO     | Max records / route: 10
2026-09-19 18:52:58,291 | INFO     | Nút được click: 'Xem thêm chuyến'
2026-09-19 18:52:58,292 | INFO     | Không click: 'Xem thêm hãng'
2026-09-19 18:52:58,292 | INFO     | ======================================================================
2026-09-19 18:52:58,292 | INFO     | Đã đọc 10 tuyến từ CSV
2026-09-19 18:53:00,823 | INFO     | ======================================================================
2026-09-19 18:53:00,823 | INFO     | ROUTE 1/10: Hồ Chí Minh -> Đà Lạt
2026-09-19 18:53:00,824 | INFO     | URL: https://vexere.com/vi-VN/ve-xe-khach-tu-sai-gon-di-da-lat-129t457.html?date=19-09-2026&lt=1
2026-09-19 18:53:07,167 | INFO     | Ticket ban đầu: 20
2026-09-19 18:53:07,168 | INFO     | Bắt đầu kiểm tra nút 'Xem thêm chuyến'...
2026-09-19 18:53:07,185 | INFO     | Ticket hiện tại: 20/10
2026-09-19 18:53:07,186 | INFO     | Đã đủ số chuyến yêu cầu. Không click thêm.
2026-09-19 18:53:07,209 | INFO     | Tổng ticket sau khi load thêm: 20
2026-09-19 18:53:07,259 | INFO     | Tìm thấy 20 ticket trên trang
2026-09-19 18:53:07,544 | INFO     | [1] Toàn Thắng - Vũng Tàu | 19:00 -> 22:00 | Price N/A
2026-09-19 18:53:07,854 | INFO     | [2] Toàn Thắng - Vũng Tàu | 20:00 -> 23:00 | Price N/A
2026-09-19 18:53:08,161 | INFO     | [3] Toàn Thắng - Vũng Tàu | 19:00 -> 21:30 | Price N/A
2026-09-19 18:53:08,441 | INFO     | [4] Toàn Thắng - Vũng Tàu | 20:00 -> 22:45 | Price N/A
2026-09-19 18:53:08,829 | INFO     | [5] Toàn Thắng - Vũng Tàu | 19:30 -> 22:30 | Price N/A
2026-09-19 18:53:09,235 | INFO     | [6] Phương Trang | 21:10 -> 06:10 | Price N/A
2026-09-19 18:53:09,752 | INFO     | [7] Phương Trang | 23:10 -> 08:10 | Price N/A
2026-09-19 18:53:10,175 | INFO     | [8] Toàn Thắng - Vũng Tàu | 21:00 -> 23:30 | Price N/A
2026-09-19 18:53:10,424 | INFO     | [9] Toàn Thắng - Vũng Tàu | 19:00 -> 21:30 | Price N/A
2026-09-19 18:53:10,424 | INFO     | Hoàn thành Hồ Chí Minh -> Đà Lạt: 9 records
2026-09-19 18:53:12,426 | INFO     | ======================================================================
2026-09-19 18:53:12,428 | INFO     | ROUTE 2/10: Hồ Chí Minh -> Nha Trang
2026-09-19 18:53:12,430 | INFO     | URL: https://vexere.com/vi-VN/ve-xe-khach-tu-sai-gon-di-nha-trang-129t417.html?date=19-09-2026&lt=1
2026-09-19 18:53:21,399 | INFO     | Ticket ban đầu: 20
2026-09-19 18:53:21,400 | INFO     | Bắt đầu kiểm tra nút 'Xem thêm chuyến'...
2026-09-19 18:53:21,431 | INFO     | Ticket hiện tại: 20/10
2026-09-19 18:53:21,432 | INFO     | Đã đủ số chuyến yêu cầu. Không click thêm.
2026-09-19 18:53:21,458 | INFO     | Tổng ticket sau khi load thêm: 20
2026-09-19 18:53:21,478 | INFO     | Tìm thấy 20 ticket trên trang
2026-09-19 18:53:21,657 | INFO     | [1] Toàn Thắng - Vũng Tàu | 19:30 -> 22:30 | Price N/A
2026-09-19 18:53:21,849 | INFO     | [2] Phương Trang | 22:01 -> 06:01 | Price N/A
2026-09-19 18:53:22,117 | INFO     | [3] Phương Trang | 20:00 -> 04:00 | Price N/A
2026-09-19 18:53:22,359 | INFO     | [4] Phương Trang | 21:10 -> 06:10 | Price N/A
2026-09-19 18:53:22,525 | INFO     | [5] Phương Trang | 22:00 -> 06:00 | Price N/A
2026-09-19 18:53:22,644 | INFO     | [6] Phương Trang | 23:10 -> 08:10 | Price N/A
2026-09-19 18:53:22,720 | INFO     | [7] Phương Trang | 23:00 -> 07:00 | Price N/A
2026-09-19 18:53:22,845 | INFO     | [8] Toàn Thắng - Vũng Tàu | 19:00 -> 21:30 | Price N/A
2026-09-19 18:53:23,008 | INFO     | [9] Toàn Thắng - Vũng Tàu | 21:00 -> 23:30 | Price N/A
2026-09-19 18:53:23,229 | INFO     | [10] Phương Trang | 21:00 -> 05:00 | Price N/A
2026-09-19 18:53:23,229 | INFO     | Hoàn thành Hồ Chí Minh -> Nha Trang: 10 records
2026-09-19 18:53:25,230 | INFO     | ======================================================================
2026-09-19 18:53:25,234 | INFO     | ROUTE 3/10: Hồ Chí Minh -> Đà Nẵng
2026-09-19 18:53:25,234 | INFO     | URL: https://vexere.com/vi-VN/ve-xe-khach-tu-sai-gon-di-da-nang-129t1151.html?date=19-09-2026&lt=1
2026-09-19 18:53:33,951 | INFO     | Ticket ban đầu: 17
2026-09-19 18:53:33,952 | INFO     | Bắt đầu kiểm tra nút 'Xem thêm chuyến'...
2026-09-19 18:53:33,970 | INFO     | Ticket hiện tại: 17/10
2026-09-19 18:53:33,971 | INFO     | Đã đủ số chuyến yêu cầu. Không click thêm.
2026-09-19 18:53:33,991 | INFO     | Tổng ticket sau khi load thêm: 17
2026-09-19 18:53:34,025 | INFO     | Tìm thấy 17 ticket trên trang
2026-09-19 18:53:34,246 | INFO     | [1] Phương Trang | 19:45 -> 15:05 | Price N/A
2026-09-19 18:53:34,462 | INFO     | [2] Đình Nhân | 19:00 -> 12:35 | Price N/A
2026-09-19 18:53:34,650 | INFO     | [3] Bốn Luyện Express | 22:25 -> 15:55 | 765,000 VND
2026-09-19 18:53:34,838 | INFO     | [4] Bốn Luyện Express | 22:30 -> 16:25 | 630,000 VND
2026-09-19 18:53:35,071 | INFO     | [5] Bốn Luyện Express | 21:55 -> 16:25 | 630,000 VND
2026-09-19 18:53:35,251 | INFO     | [6] Bốn Luyện Express | 23:00 -> 15:25 | 630,000 VND
2026-09-19 18:53:35,447 | INFO     | [7] Bốn Luyện Express | 22:30 -> 15:25 | 630,000 VND
2026-09-19 18:53:35,611 | INFO     | [8] Bốn Luyện Express | 21:55 -> 15:25 | 630,000 VND
2026-09-19 18:53:35,762 | INFO     | [9] Bốn Luyện Express | 21:40 -> 16:25 | 630,000 VND
2026-09-19 18:53:36,071 | INFO     | [10] Bốn Luyện Express | 22:25 -> 16:25 | 630,000 VND
2026-09-19 18:53:36,072 | INFO     | Hoàn thành Hồ Chí Minh -> Đà Nẵng: 10 records
2026-09-19 18:53:38,073 | INFO     | ======================================================================
2026-09-19 18:53:38,073 | INFO     | ROUTE 4/10: Hồ Chí Minh -> Cần Thơ
2026-09-19 18:53:38,074 | INFO     | URL: https://vexere.com/vi-VN/ve-xe-khach-tu-sai-gon-di-can-tho-129t13.html?date=19-09-2026&lt=1
2026-09-19 18:53:58,971 | WARNING  | Hồ Chí Minh -> Cần Thơ: Không tìm thấy ticket ban đầu
2026-09-19 18:54:00,973 | INFO     | ======================================================================
2026-09-19 18:54:00,973 | INFO     | ROUTE 5/10: Hà Nội -> Đà Nẵng
2026-09-19 18:54:00,974 | INFO     | URL: https://vexere.com/vi-VN/ve-xe-khach-tu-ha-noi-di-da-nang-129t1151.html?date=19-09-2026&lt=1
2026-09-19 18:54:09,903 | INFO     | Ticket ban đầu: 17
2026-09-19 18:54:09,904 | INFO     | Bắt đầu kiểm tra nút 'Xem thêm chuyến'...
2026-09-19 18:54:09,929 | INFO     | Ticket hiện tại: 17/10
2026-09-19 18:54:09,929 | INFO     | Đã đủ số chuyến yêu cầu. Không click thêm.
2026-09-19 18:54:09,946 | INFO     | Tổng ticket sau khi load thêm: 17
2026-09-19 18:54:09,961 | INFO     | Tìm thấy 17 ticket trên trang
2026-09-19 18:54:10,151 | INFO     | [1] Phương Trang | 19:45 -> 15:05 | Price N/A
2026-09-19 18:54:10,359 | INFO     | [2] Đình Nhân | 19:00 -> 12:35 | Price N/A
2026-09-19 18:54:10,488 | INFO     | [3] Bốn Luyện Express | 22:25 -> 15:55 | 765,000 VND
2026-09-19 18:54:10,572 | INFO     | [4] Bốn Luyện Express | 22:30 -> 16:25 | 630,000 VND
2026-09-19 18:54:10,673 | INFO     | [5] Bốn Luyện Express | 21:55 -> 16:25 | 630,000 VND
2026-09-19 18:54:10,823 | INFO     | [6] Bốn Luyện Express | 23:00 -> 15:25 | 630,000 VND
2026-09-19 18:54:10,969 | INFO     | [7] Bốn Luyện Express | 22:30 -> 15:25 | 630,000 VND
2026-09-19 18:54:11,103 | INFO     | [8] Bốn Luyện Express | 21:55 -> 15:25 | 630,000 VND
2026-09-19 18:54:11,235 | INFO     | [9] Bốn Luyện Express | 21:40 -> 16:25 | 630,000 VND
2026-09-19 18:54:11,508 | INFO     | [10] Bốn Luyện Express | 22:25 -> 16:25 | 630,000 VND
2026-09-19 18:54:11,509 | INFO     | Hoàn thành Hà Nội -> Đà Nẵng: 10 records
2026-09-19 18:54:13,510 | INFO     | ======================================================================
2026-09-19 18:54:13,511 | INFO     | ROUTE 6/10: Hà Nội -> Sapa
2026-09-19 18:54:13,511 | INFO     | URL: https://vexere.com/vi-VN/ve-xe-khach-tu-ha-noi-di-sapa-129t482.html?date=19-09-2026&lt=1
2026-09-19 18:54:21,099 | INFO     | Ticket ban đầu: 3
2026-09-19 18:54:21,100 | INFO     | Bắt đầu kiểm tra nút 'Xem thêm chuyến'...
2026-09-19 18:54:21,117 | INFO     | Ticket hiện tại: 3/10
2026-09-19 18:54:21,214 | INFO     | Không tìm thấy nút 'Xem thêm chuyến'.
2026-09-19 18:54:21,225 | INFO     | Tổng ticket sau khi load thêm: 3
2026-09-19 18:54:21,239 | INFO     | Tìm thấy 3 ticket trên trang
2026-09-19 18:54:21,446 | INFO     | [1] Kim Anh | 23:50 -> 02:20 | Price N/A
2026-09-19 18:54:21,621 | INFO     | [2] Kim Anh | 23:40 -> 02:10 | Price N/A
2026-09-19 18:54:21,752 | INFO     | [3] Kim Anh | 21:40 -> 00:10 | 450,000 VND
2026-09-19 18:54:21,752 | INFO     | Hoàn thành Hà Nội -> Sapa: 3 records
2026-09-19 18:54:23,753 | INFO     | ======================================================================
2026-09-19 18:54:23,754 | INFO     | ROUTE 7/10: Hà Nội -> Ninh Bình
2026-09-19 18:54:23,754 | INFO     | URL: https://vexere.com/vi-VN/ve-xe-khach-tu-ha-noi-di-ninh-binh-129t42.html?date=19-09-2026&lt=1
2026-09-19 18:54:45,334 | WARNING  | Hà Nội -> Ninh Bình: Không tìm thấy ticket ban đầu
2026-09-19 18:54:47,335 | INFO     | ======================================================================
2026-09-19 18:54:47,336 | INFO     | ROUTE 8/10: Đà Nẵng -> Hội An
2026-09-19 18:54:47,336 | INFO     | URL: https://vexere.com/vi-VN/ve-xe-khach-tu-da-nang-di-hoi-an-129t580.html?date=19-09-2026&lt=1
2026-09-19 18:55:02,311 | INFO     | Ticket ban đầu: 20
2026-09-19 18:55:02,311 | INFO     | Bắt đầu kiểm tra nút 'Xem thêm chuyến'...
2026-09-19 18:55:02,328 | INFO     | Ticket hiện tại: 20/10
2026-09-19 18:55:02,329 | INFO     | Đã đủ số chuyến yêu cầu. Không click thêm.
2026-09-19 18:55:02,356 | INFO     | Tổng ticket sau khi load thêm: 20
2026-09-19 18:55:02,374 | INFO     | Tìm thấy 20 ticket trên trang
2026-09-19 18:55:02,582 | INFO     | [1] Trọng Thủy Limousine | 20:30 -> 07:00 | 450,000 VND
2026-09-19 18:55:02,858 | INFO     | [2] Khang Thịnh | 20:30 -> 06:00 | Price N/A
2026-09-19 18:55:03,031 | INFO     | [3] Phương Trang | 21:00 -> 09:20 | Price N/A
2026-09-19 18:55:03,248 | INFO     | [4] Trọng Thủy Limousine | 21:45 -> 07:45 | 450,000 VND
2026-09-19 18:55:03,447 | INFO     | [5] Tuấn Tú Express | 21:35 -> 08:00 | 540,000 VND
2026-09-19 18:55:03,567 | INFO     | [6] Trọng Thủy Limousine | 21:00 -> 07:45 | 450,000 VND
2026-09-19 18:55:03,970 | INFO     | [7] Trọng Thủy Limousine | 21:00 -> 07:00 | 450,000 VND
2026-09-19 18:55:04,107 | INFO     | [8] Trọng Thủy Limousine | 21:45 -> 09:00 | 450,000 VND
2026-09-19 18:55:04,269 | INFO     | [9] Trọng Thủy Limousine | 21:45 -> 08:30 | 450,000 VND
2026-09-19 18:55:04,269 | INFO     | Hoàn thành Đà Nẵng -> Hội An: 9 records
2026-09-19 18:55:06,270 | INFO     | ======================================================================
2026-09-19 18:55:06,271 | INFO     | ROUTE 9/10: Đà Nẵng -> Huế
2026-09-19 18:55:06,271 | INFO     | URL: https://vexere.com/vi-VN/ve-xe-khach-tu-da-nang-di-hue-129t705.html?date=19-09-2026&lt=1
2026-09-19 18:55:30,406 | WARNING  | Đà Nẵng -> Huế: Không tìm thấy ticket ban đầu
2026-09-19 18:55:32,407 | INFO     | ======================================================================
2026-09-19 18:55:32,407 | INFO     | ROUTE 10/10: Đà Nẵng -> Nha Trang
2026-09-19 18:55:32,407 | INFO     | URL: https://vexere.com/vi-VN/ve-xe-khach-tu-da-nang-di-nha-trang-129t417.html?date=19-09-2026&lt=1
2026-09-19 18:55:40,713 | INFO     | Ticket ban đầu: 20
2026-09-19 18:55:40,713 | INFO     | Bắt đầu kiểm tra nút 'Xem thêm chuyến'...
2026-09-19 18:55:40,725 | INFO     | Ticket hiện tại: 20/10
2026-09-19 18:55:40,725 | INFO     | Đã đủ số chuyến yêu cầu. Không click thêm.
2026-09-19 18:55:40,748 | INFO     | Tổng ticket sau khi load thêm: 20
2026-09-19 18:55:40,764 | INFO     | Tìm thấy 20 ticket trên trang
2026-09-19 18:55:41,074 | INFO     | [1] Toàn Thắng - Vũng Tàu | 19:30 -> 22:30 | Price N/A
2026-09-19 18:55:41,315 | INFO     | [2] Phương Trang | 22:01 -> 06:01 | Price N/A
2026-09-19 18:55:41,533 | INFO     | [3] Phương Trang | 20:00 -> 04:00 | Price N/A
2026-09-19 18:55:41,728 | INFO     | [4] Phương Trang | 21:10 -> 06:10 | Price N/A
2026-09-19 18:55:41,911 | INFO     | [5] Phương Trang | 22:00 -> 06:00 | Price N/A
2026-09-19 18:55:42,075 | INFO     | [6] Phương Trang | 23:10 -> 08:10 | Price N/A
2026-09-19 18:55:42,275 | INFO     | [7] Phương Trang | 23:00 -> 07:00 | Price N/A
2026-09-19 18:55:42,403 | INFO     | [8] Toàn Thắng - Vũng Tàu | 19:00 -> 21:30 | Price N/A
2026-09-19 18:55:42,625 | INFO     | [9] Toàn Thắng - Vũng Tàu | 21:00 -> 23:30 | Price N/A
2026-09-19 18:55:42,880 | INFO     | [10] Phương Trang | 21:00 -> 05:00 | Price N/A
2026-09-19 18:55:42,881 | INFO     | Hoàn thành Đà Nẵng -> Nha Trang: 10 records
2026-09-19 18:55:45,976 | INFO     | Đã đóng Chrome driver.
2026-09-19 18:55:45,979 | INFO     | Đã lưu 61 records vào:
2026-09-19 18:55:45,979 | INFO     | D:\TIỂU LUẬN CHUYÊN NGÀNH\TLCN-Travel\data\raw\transport\vexere_transport.json
2026-09-19 18:55:45,979 | INFO     | ======================================================================
2026-09-19 18:55:45,979 | INFO     | CRAWLER HOÀN TẤT
2026-09-19 18:55:45,979 | INFO     | Tổng route: 10
2026-09-19 18:55:45,980 | INFO     | Tổng records: 61
2026-09-19 18:55:45,980 | INFO     | Output: D:\TIỂU LUẬN CHUYÊN NGÀNH\TLCN-Travel\data\raw\transport\vexere_transport.json
2026-09-19 18:55:45,980 | INFO     | ======================================================================
2026-09-19 18:58:59,649 | INFO     | ======================================================================
2026-09-19 18:58:59,649 | INFO     | VEXERE TRANSPORT CRAWLER
2026-09-19 18:58:59,650 | INFO     | Ngày crawl: 19-09-2026
2026-09-19 18:58:59,650 | INFO     | Phạm vi: TP.HCM -> các tỉnh/thành
2026-09-19 18:58:59,650 | INFO     | Phương tiện: bus
2026-09-19 18:58:59,650 | INFO     | Max: 10 chuyến / tuyến
2026-09-19 18:58:59,650 | INFO     | Click: Xem thêm chuyến
2026-09-19 18:58:59,650 | INFO     | Không click: Xem thêm hãng
2026-09-19 18:58:59,650 | INFO     | ======================================================================
2026-09-19 18:58:59,650 | INFO     | Đã đọc 10 tuyến TP.HCM từ CSV
2026-09-19 18:59:02,425 | INFO     | ======================================================================
2026-09-19 18:59:02,425 | INFO     | ROUTE 1/10
2026-09-19 18:59:02,426 | INFO     | Hồ Chí Minh -> Đà Lạt
2026-09-19 18:59:02,426 | INFO     | URL: https://vexere.com/vi-VN/ve-xe-khach-tu-sai-gon-di-da-lat-129t457.html?date=19-09-2026&lt=1
2026-09-19 18:59:08,392 | INFO     | Ticket ban đầu: 20
2026-09-19 18:59:08,392 | INFO     | Bắt đầu load thêm chuyến...
2026-09-19 18:59:08,416 | INFO     | Ticket hiện tại: 20/10
2026-09-19 18:59:08,417 | INFO     | Đã đủ 10 chuyến.
2026-09-19 18:59:08,454 | INFO     | Tổng ticket trên trang: 20
2026-09-19 18:59:08,671 | INFO     | [1] Toàn Thắng - Vũng Tàu | Limousine 9 chỗ | 19:00 -> 22:00 | N/A
2026-09-19 18:59:08,883 | INFO     | [2] Toàn Thắng - Vũng Tàu | Ford_Transit_12 | 20:00 -> 23:00 | N/A
2026-09-19 18:59:09,080 | INFO     | [3] Toàn Thắng - Vũng Tàu | Limousine 9 chỗ | 19:00 -> 21:30 | N/A
2026-09-19 18:59:09,206 | INFO     | [4] Toàn Thắng - Vũng Tàu | Ford_Transit_12 | 20:00 -> 22:45 | N/A
2026-09-19 18:59:09,345 | INFO     | [5] Toàn Thắng - Vũng Tàu | Limousine 9 chỗ | 19:30 -> 22:30 | N/A
2026-09-19 18:59:09,608 | INFO     | [6] Phương Trang | Limousine giường nằm 34 chỗ | 21:10 -> 06:10 | N/A
2026-09-19 18:59:09,752 | INFO     | [7] Phương Trang | Limousine giường nằm 34 chỗ | 23:10 -> 08:10 | N/A
2026-09-19 18:59:10,379 | INFO     | [8] Toàn Thắng - Vũng Tàu | Limousine 9 chỗ | 21:00 -> 23:30 | N/A
2026-09-19 18:59:10,549 | INFO     | [9] Toàn Thắng - Vũng Tàu | Ghế ngồi 18 chỗ | 19:00 -> 21:30 | N/A
2026-09-19 18:59:10,550 | INFO     | Hoàn thành: Hồ Chí Minh -> Đà Lạt | 9 records
2026-09-19 18:59:12,551 | INFO     | ======================================================================
2026-09-19 18:59:12,552 | INFO     | ROUTE 2/10
2026-09-19 18:59:12,552 | INFO     | Hồ Chí Minh -> Nha Trang
2026-09-19 18:59:12,553 | INFO     | URL: https://vexere.com/vi-VN/ve-xe-khach-tu-sai-gon-di-nha-trang-129t417.html?date=19-09-2026&lt=1
2026-09-19 18:59:20,434 | INFO     | Ticket ban đầu: 20
2026-09-19 18:59:20,434 | INFO     | Bắt đầu load thêm chuyến...
2026-09-19 18:59:20,440 | INFO     | Ticket hiện tại: 20/10
2026-09-19 18:59:20,440 | INFO     | Đã đủ 10 chuyến.
2026-09-19 18:59:20,452 | INFO     | Tổng ticket trên trang: 20
2026-09-19 18:59:20,580 | INFO     | [1] Toàn Thắng - Vũng Tàu | Limousine 9 chỗ | 19:30 -> 22:30 | N/A
2026-09-19 18:59:20,817 | INFO     | [2] Phương Trang | Limousine giường nằm 34 chỗ | 22:01 -> 06:01 | N/A
2026-09-19 18:59:21,001 | INFO     | [3] Phương Trang | Limousine giường nằm 34 chỗ | 20:00 -> 04:00 | N/A
2026-09-19 18:59:21,163 | INFO     | [4] Phương Trang | Limousine giường nằm 34 chỗ | 21:10 -> 06:10 | N/A
2026-09-19 18:59:21,337 | INFO     | [5] Phương Trang | Limousine giường nằm 34 chỗ | 22:00 -> 06:00 | N/A
2026-09-19 18:59:21,535 | INFO     | [6] Phương Trang | Limousine giường nằm 34 chỗ | 23:10 -> 08:10 | N/A
2026-09-19 18:59:21,667 | INFO     | [7] Phương Trang | Limousine giường nằm 34 chỗ | 23:00 -> 07:00 | N/A
2026-09-19 18:59:21,938 | INFO     | [8] Toàn Thắng - Vũng Tàu | Limousine 9 chỗ | 19:00 -> 21:30 | N/A
2026-09-19 18:59:22,194 | INFO     | [9] Toàn Thắng - Vũng Tàu | Limousine 9 chỗ | 21:00 -> 23:30 | N/A
2026-09-19 18:59:22,437 | INFO     | [10] Phương Trang | Limousine giường nằm 34 chỗ | 21:00 -> 05:00 | N/A
2026-09-19 18:59:22,437 | INFO     | Hoàn thành: Hồ Chí Minh -> Nha Trang | 10 records
2026-09-19 18:59:24,437 | INFO     | ======================================================================
2026-09-19 18:59:24,438 | INFO     | ROUTE 3/10
2026-09-19 18:59:24,438 | INFO     | Hồ Chí Minh -> Đà Nẵng
2026-09-19 18:59:24,438 | INFO     | URL: https://vexere.com/vi-VN/ve-xe-khach-tu-sai-gon-di-da-nang-129t1151.html?date=19-09-2026&lt=1
2026-09-19 18:59:32,731 | INFO     | Ticket ban đầu: 17
2026-09-19 18:59:32,731 | INFO     | Bắt đầu load thêm chuyến...
2026-09-19 18:59:32,745 | INFO     | Ticket hiện tại: 17/10
2026-09-19 18:59:32,745 | INFO     | Đã đủ 10 chuyến.
2026-09-19 18:59:32,761 | INFO     | Tổng ticket trên trang: 17
2026-09-19 18:59:32,984 | INFO     | [1] Phương Trang | Limousine giường nằm 34 chỗ | 19:45 -> 15:05 | N/A
2026-09-19 18:59:33,204 | INFO     | [2] Đình Nhân | Limousine 22 Phòng (WC) | 19:00 -> 12:35 | N/A
2026-09-19 18:59:33,425 | INFO     | [3] Bốn Luyện Express | Limousine 24 Phòng | 22:25 -> 15:55 | 765,000 VND
2026-09-19 18:59:33,556 | INFO     | [4] Bốn Luyện Express | Giường nằm 34 chỗ Luxury | 22:30 -> 16:25 | 630,000 VND
2026-09-19 18:59:33,636 | INFO     | [5] Bốn Luyện Express | Giường nằm 34 chỗ Luxury | 21:55 -> 16:25 | 630,000 VND
2026-09-19 18:59:33,779 | INFO     | [6] Bốn Luyện Express | Giường nằm 34 chỗ Luxury | 23:00 -> 15:25 | 630,000 VND
2026-09-19 18:59:33,909 | INFO     | [7] Bốn Luyện Express | Giường nằm 34 chỗ Luxury | 22:30 -> 15:25 | 630,000 VND
2026-09-19 18:59:34,034 | INFO     | [8] Bốn Luyện Express | Giường nằm 34 chỗ Luxury | 21:55 -> 15:25 | 630,000 VND
2026-09-19 18:59:34,210 | INFO     | [9] Bốn Luyện Express | Giường nằm 34 chỗ Luxury | 21:40 -> 16:25 | 630,000 VND
2026-09-19 18:59:34,442 | INFO     | [10] Bốn Luyện Express | Giường nằm 34 chỗ Luxury | 22:25 -> 16:25 | 630,000 VND
2026-09-19 18:59:34,443 | INFO     | Hoàn thành: Hồ Chí Minh -> Đà Nẵng | 10 records
2026-09-19 18:59:36,444 | INFO     | ======================================================================
2026-09-19 18:59:36,444 | INFO     | ROUTE 4/10
2026-09-19 18:59:36,444 | INFO     | Hồ Chí Minh -> Cần Thơ
2026-09-19 18:59:36,444 | INFO     | URL: https://vexere.com/vi-VN/ve-xe-khach-tu-sai-gon-di-can-tho-129t13.html?date=19-09-2026&lt=1
2026-09-19 18:59:57,955 | WARNING  | Hồ Chí Minh -> Cần Thơ: Không tìm thấy chuyến.
2026-09-19 18:59:59,956 | INFO     | ======================================================================
2026-09-19 18:59:59,956 | INFO     | ROUTE 5/10
2026-09-19 18:59:59,956 | INFO     | Hồ Chí Minh -> Phan Thiết
2026-09-19 18:59:59,957 | INFO     | URL: https://vexere.com/vi-VN/ve-xe-khach-tu-sai-gon-di-phan-thiet.html?date=19-09-2026&lt=1
2026-09-19 19:00:20,562 | WARNING  | Hồ Chí Minh -> Phan Thiết: Không tìm thấy chuyến.
2026-09-19 19:00:22,563 | INFO     | ======================================================================
2026-09-19 19:00:22,563 | INFO     | ROUTE 6/10
2026-09-19 19:00:22,564 | INFO     | Hồ Chí Minh -> Vũng Tàu
2026-09-19 19:00:22,564 | INFO     | URL: https://vexere.com/vi-VN/ve-xe-khach-tu-sai-gon-di-vung-tau.html?date=19-09-2026&lt=1
2026-09-19 19:00:42,981 | WARNING  | Hồ Chí Minh -> Vũng Tàu: Không tìm thấy chuyến.
2026-09-19 19:00:44,981 | INFO     | ======================================================================
2026-09-19 19:00:44,982 | INFO     | ROUTE 7/10
2026-09-19 19:00:44,982 | INFO     | Hồ Chí Minh -> Quy Nhơn
2026-09-19 19:00:44,982 | INFO     | URL: https://vexere.com/vi-VN/ve-xe-khach-tu-sai-gon-di-quy-nhon.html?date=19-09-2026&lt=1
2026-09-19 19:01:04,810 | WARNING  | Hồ Chí Minh -> Quy Nhơn: Không tìm thấy chuyến.
2026-09-19 19:01:06,811 | INFO     | ======================================================================
2026-09-19 19:01:06,812 | INFO     | ROUTE 8/10
2026-09-19 19:01:06,812 | INFO     | Hồ Chí Minh -> Phú Quốc
2026-09-19 19:01:06,812 | INFO     | URL: https://vexere.com/vi-VN/ve-xe-khach-tu-sai-gon-di-phu-quoc.html?date=19-09-2026&lt=1
2026-09-19 19:01:27,293 | WARNING  | Hồ Chí Minh -> Phú Quốc: Không tìm thấy chuyến.
2026-09-19 19:01:29,294 | INFO     | ======================================================================
2026-09-19 19:01:29,294 | INFO     | ROUTE 9/10
2026-09-19 19:01:29,294 | INFO     | Hồ Chí Minh -> Buôn Ma Thuột
2026-09-19 19:01:29,295 | INFO     | URL: https://vexere.com/vi-VN/ve-xe-khach-tu-sai-gon-di-buon-ma-thuot.html?date=19-09-2026&lt=1
2026-09-19 19:01:50,136 | WARNING  | Hồ Chí Minh -> Buôn Ma Thuột: Không tìm thấy chuyến.
2026-09-19 19:01:52,137 | INFO     | ======================================================================
2026-09-19 19:01:52,137 | INFO     | ROUTE 10/10
2026-09-19 19:01:52,137 | INFO     | Hồ Chí Minh -> Đà Lạt
2026-09-19 19:01:52,137 | INFO     | URL: https://vexere.com/vi-VN/ve-xe-khach-tu-sai-gon-di-da-lat.html?date=19-09-2026&lt=1
2026-09-19 19:02:12,014 | WARNING  | Hồ Chí Minh -> Đà Lạt: Không tìm thấy chuyến.
2026-09-19 19:02:15,584 | INFO     | Đã đóng Chrome.
2026-09-19 19:02:15,586 | INFO     | Đã lưu 29 records
2026-09-19 19:02:15,586 | INFO     | Output: D:\TIỂU LUẬN CHUYÊN NGÀNH\TLCN-Travel\data\raw\transport\vexere_transport.json
2026-09-19 19:02:15,586 | INFO     | ======================================================================
2026-09-19 19:02:15,586 | INFO     | CRAWLER HOÀN TẤT
2026-09-19 19:02:15,586 | INFO     | Tổng tuyến: 10
2026-09-19 19:02:15,587 | INFO     | Tổng records: 29
2026-09-19 19:02:15,587 | INFO     | Output: D:\TIỂU LUẬN CHUYÊN NGÀNH\TLCN-Travel\data\raw\transport\vexere_transport.json
2026-09-19 19:02:15,587 | INFO     | ======================================================================
2026-09-19 19:20:25,092 | INFO     | ======================================================================
2026-09-19 19:20:25,092 | INFO     | VEXERE TRANSPORT CRAWLER
2026-09-19 19:20:25,092 | INFO     | Ngày crawl: 19-09-2026
2026-09-19 19:20:25,092 | INFO     | Max records / route: 10
2026-09-19 19:20:25,093 | INFO     | Nút được click: 'Xem thêm chuyến'
2026-09-19 19:20:25,093 | INFO     | Không click: 'Xem thêm hãng'
2026-09-19 19:20:25,093 | INFO     | ======================================================================
2026-09-19 19:20:25,093 | INFO     | Đã đọc 10 tuyến từ CSV
2026-09-19 19:20:27,620 | INFO     | ======================================================================
2026-09-19 19:20:27,620 | INFO     | ROUTE 1/10: Hồ Chí Minh -> Đà Lạt
2026-09-19 19:20:27,620 | INFO     | URL: https://vexere.com/vi-VN/ve-xe-khach-tu-sai-gon-di-da-lat-129t457.html?date=19-09-2026&lt=1
2026-09-19 19:20:33,668 | INFO     | Ticket ban đầu: 20
2026-09-19 19:20:33,669 | INFO     | Bắt đầu kiểm tra nút 'Xem thêm chuyến'...
2026-09-19 19:20:33,685 | INFO     | Ticket hiện tại: 20/10
2026-09-19 19:20:33,685 | INFO     | Đã đủ số chuyến yêu cầu. Không click thêm.
2026-09-19 19:20:33,698 | INFO     | Tổng ticket sau khi load thêm: 20
2026-09-19 19:20:33,711 | INFO     | Tìm thấy 20 ticket trên trang
2026-09-19 19:20:33,924 | INFO     | [1] Toàn Thắng - Vũng Tàu | 19:00 -> 22:00 | Price N/A
2026-09-19 19:20:34,037 | INFO     | [2] Toàn Thắng - Vũng Tàu | 20:00 -> 23:00 | Price N/A
2026-09-19 19:20:34,280 | INFO     | [3] Toàn Thắng - Vũng Tàu | 19:00 -> 21:30 | Price N/A
2026-09-19 19:20:34,483 | INFO     | [4] Toàn Thắng - Vũng Tàu | 20:00 -> 22:45 | Price N/A
2026-09-19 19:20:34,816 | INFO     | [5] Toàn Thắng - Vũng Tàu | 19:30 -> 22:30 | Price N/A
2026-09-19 19:20:35,073 | INFO     | [6] Phương Trang | 21:10 -> 06:10 | Price N/A
2026-09-19 19:20:35,287 | INFO     | [7] Phương Trang | 23:10 -> 08:10 | Price N/A
2026-09-19 19:20:35,603 | INFO     | [8] Toàn Thắng - Vũng Tàu | 21:00 -> 23:30 | Price N/A
2026-09-19 19:20:35,788 | INFO     | [9] Toàn Thắng - Vũng Tàu | 19:00 -> 21:30 | Price N/A
2026-09-19 19:20:35,788 | INFO     | Hoàn thành Hồ Chí Minh -> Đà Lạt: 9 records
2026-09-19 19:20:37,790 | INFO     | ======================================================================
2026-09-19 19:20:37,790 | INFO     | ROUTE 2/10: Hồ Chí Minh -> Nha Trang
2026-09-19 19:20:37,791 | INFO     | URL: https://vexere.com/vi-VN/ve-xe-khach-tu-sai-gon-di-nha-trang-129t417.html?date=19-09-2026&lt=1
2026-09-19 19:20:45,371 | INFO     | Ticket ban đầu: 20
2026-09-19 19:20:45,371 | INFO     | Bắt đầu kiểm tra nút 'Xem thêm chuyến'...
2026-09-19 19:20:45,381 | INFO     | Ticket hiện tại: 20/10
2026-09-19 19:20:45,381 | INFO     | Đã đủ số chuyến yêu cầu. Không click thêm.
2026-09-19 19:20:45,390 | INFO     | Tổng ticket sau khi load thêm: 20
2026-09-19 19:20:45,401 | INFO     | Tìm thấy 20 ticket trên trang
2026-09-19 19:20:45,557 | INFO     | [1] Toàn Thắng - Vũng Tàu | 19:30 -> 22:30 | Price N/A
2026-09-19 19:20:45,806 | INFO     | [2] Phương Trang | 22:01 -> 06:01 | Price N/A
2026-09-19 19:20:45,986 | INFO     | [3] Phương Trang | 20:00 -> 04:00 | Price N/A
2026-09-19 19:20:46,131 | INFO     | [4] Phương Trang | 21:10 -> 06:10 | Price N/A
2026-09-19 19:20:46,273 | INFO     | [5] Phương Trang | 22:00 -> 06:00 | Price N/A
2026-09-19 19:20:46,399 | INFO     | [6] Phương Trang | 23:10 -> 08:10 | Price N/A
2026-09-19 19:20:46,522 | INFO     | [7] Phương Trang | 23:00 -> 07:00 | Price N/A
2026-09-19 19:20:46,667 | INFO     | [8] Toàn Thắng - Vũng Tàu | 19:00 -> 21:30 | Price N/A
2026-09-19 19:20:46,808 | INFO     | [9] Toàn Thắng - Vũng Tàu | 21:00 -> 23:30 | Price N/A
2026-09-19 19:20:46,955 | INFO     | [10] Phương Trang | 21:00 -> 05:00 | Price N/A
2026-09-19 19:20:46,956 | INFO     | Hoàn thành Hồ Chí Minh -> Nha Trang: 10 records
2026-09-19 19:20:48,956 | INFO     | ======================================================================
2026-09-19 19:20:48,957 | INFO     | ROUTE 3/10: Hồ Chí Minh -> Đà Nẵng
2026-09-19 19:20:48,957 | INFO     | URL: https://vexere.com/vi-VN/ve-xe-khach-tu-sai-gon-di-da-nang-129t1151.html?date=19-09-2026&lt=1
2026-09-19 19:20:56,268 | INFO     | Ticket ban đầu: 17
2026-09-19 19:20:56,269 | INFO     | Bắt đầu kiểm tra nút 'Xem thêm chuyến'...
2026-09-19 19:20:56,278 | INFO     | Ticket hiện tại: 17/10
2026-09-19 19:20:56,278 | INFO     | Đã đủ số chuyến yêu cầu. Không click thêm.
2026-09-19 19:20:56,304 | INFO     | Tổng ticket sau khi load thêm: 17
2026-09-19 19:20:56,319 | INFO     | Tìm thấy 17 ticket trên trang
2026-09-19 19:20:56,535 | INFO     | [1] Phương Trang | 19:45 -> 15:05 | Price N/A
2026-09-19 19:20:56,771 | INFO     | [2] Đình Nhân | 19:00 -> 12:35 | Price N/A
2026-09-19 19:20:56,927 | INFO     | [3] Bốn Luyện Express | 22:25 -> 15:55 | 765,000 VND
2026-09-19 19:20:57,064 | INFO     | [4] Bốn Luyện Express | 22:30 -> 16:25 | 630,000 VND
2026-09-19 19:20:57,230 | INFO     | [5] Bốn Luyện Express | 21:55 -> 16:25 | 630,000 VND
2026-09-19 19:20:57,387 | INFO     | [6] Bốn Luyện Express | 23:00 -> 15:25 | 630,000 VND
2026-09-19 19:20:57,581 | INFO     | [7] Bốn Luyện Express | 22:30 -> 15:25 | 630,000 VND
2026-09-19 19:20:57,749 | INFO     | [8] Bốn Luyện Express | 21:55 -> 15:25 | 630,000 VND
2026-09-19 19:20:58,014 | INFO     | [9] Bốn Luyện Express | 21:40 -> 16:25 | 630,000 VND
2026-09-19 19:20:58,203 | INFO     | [10] Bốn Luyện Express | 22:25 -> 16:25 | 630,000 VND
2026-09-19 19:20:58,204 | INFO     | Hoàn thành Hồ Chí Minh -> Đà Nẵng: 10 records
2026-09-19 19:21:00,205 | INFO     | ======================================================================
2026-09-19 19:21:00,206 | INFO     | ROUTE 4/10: Hồ Chí Minh -> Cần Thơ
2026-09-19 19:21:00,206 | INFO     | URL: https://vexere.com/vi-VN/ve-xe-khach-tu-sai-gon-di-can-tho-129t13.html?date=19-09-2026&lt=1
2026-09-19 19:21:21,105 | WARNING  | Hồ Chí Minh -> Cần Thơ: Không tìm thấy ticket ban đầu
2026-09-19 19:21:23,106 | INFO     | ======================================================================
2026-09-19 19:21:23,110 | INFO     | ROUTE 5/10: Hồ Chí Minh -> Phan Thiết
2026-09-19 19:21:23,110 | INFO     | URL: https://vexere.com/vi-VN/ve-xe-khach-tu-sai-gon-di-phan-thiet.html?date=19-09-2026&lt=1
2026-09-19 19:21:42,816 | WARNING  | Hồ Chí Minh -> Phan Thiết: Không tìm thấy ticket ban đầu
2026-09-19 19:21:44,817 | INFO     | ======================================================================
2026-09-19 19:21:44,818 | INFO     | ROUTE 6/10: Hồ Chí Minh -> Vũng Tàu
2026-09-19 19:21:44,819 | INFO     | URL: https://vexere.com/vi-VN/ve-xe-khach-tu-sai-gon-di-vung-tau.html?date=19-09-2026&lt=1
2026-09-19 19:21:48,623 | INFO     | Ticket ban đầu: 17
2026-09-19 19:21:48,624 | INFO     | Bắt đầu kiểm tra nút 'Xem thêm chuyến'...
2026-09-19 19:21:48,639 | INFO     | Ticket hiện tại: 17/10
2026-09-19 19:21:48,640 | INFO     | Đã đủ số chuyến yêu cầu. Không click thêm.
2026-09-19 19:21:48,663 | INFO     | Tổng ticket sau khi load thêm: 17
2026-09-19 19:21:48,686 | INFO     | Tìm thấy 17 ticket trên trang
2026-09-19 19:21:48,871 | INFO     | [1] Phương Trang | 19:45 -> 15:05 | Price N/A
2026-09-19 19:21:49,121 | INFO     | [2] Đình Nhân | 19:00 -> 12:35 | Price N/A
2026-09-19 19:21:49,316 | INFO     | [3] Bốn Luyện Express | 22:25 -> 15:55 | 765,000 VND
2026-09-19 19:21:49,432 | INFO     | [4] Bốn Luyện Express | 22:30 -> 16:25 | 630,000 VND
2026-09-19 19:21:49,698 | INFO     | [5] Bốn Luyện Express | 21:55 -> 16:25 | 630,000 VND
2026-09-19 19:21:49,887 | INFO     | [6] Bốn Luyện Express | 23:00 -> 15:25 | 630,000 VND
2026-09-19 19:21:49,995 | INFO     | [7] Bốn Luyện Express | 22:30 -> 15:25 | 630,000 VND
2026-09-19 19:21:50,184 | INFO     | [8] Bốn Luyện Express | 21:55 -> 15:25 | 630,000 VND
2026-09-19 19:21:50,532 | INFO     | [9] Bốn Luyện Express | 21:40 -> 16:25 | 630,000 VND
2026-09-19 19:21:50,860 | INFO     | [10] Bốn Luyện Express | 22:25 -> 16:25 | 630,000 VND
2026-09-19 19:21:50,860 | INFO     | Hoàn thành Hồ Chí Minh -> Vũng Tàu: 10 records
2026-09-19 19:21:52,861 | INFO     | ======================================================================
2026-09-19 19:21:52,862 | INFO     | ROUTE 7/10: Hồ Chí Minh -> Quy Nhơn
2026-09-19 19:21:52,862 | INFO     | URL: https://vexere.com/vi-VN/ve-xe-khach-tu-sai-gon-di-quy-nhon.html?date=19-09-2026&lt=1
2026-09-19 19:22:12,056 | WARNING  | Hồ Chí Minh -> Quy Nhơn: Không tìm thấy ticket ban đầu
2026-09-19 19:22:14,057 | INFO     | ======================================================================
2026-09-19 19:22:14,058 | INFO     | ROUTE 8/10: Hồ Chí Minh -> Phú Quốc
2026-09-19 19:22:14,058 | INFO     | URL: https://vexere.com/vi-VN/ve-xe-khach-tu-sai-gon-di-phu-quoc.html?date=19-09-2026&lt=1
2026-09-19 19:22:33,250 | WARNING  | Hồ Chí Minh -> Phú Quốc: Không tìm thấy ticket ban đầu
2026-09-19 19:22:35,251 | INFO     | ======================================================================
2026-09-19 19:22:35,252 | INFO     | ROUTE 9/10: Hồ Chí Minh -> Buôn Ma Thuột
2026-09-19 19:22:35,253 | INFO     | URL: https://vexere.com/vi-VN/ve-xe-khach-tu-sai-gon-di-buon-ma-thuot.html?date=19-09-2026&lt=1
2026-09-19 19:22:54,099 | WARNING  | Hồ Chí Minh -> Buôn Ma Thuột: Không tìm thấy ticket ban đầu
2026-09-19 19:22:56,100 | INFO     | ======================================================================
2026-09-19 19:22:56,101 | INFO     | ROUTE 10/10: Hồ Chí Minh -> Đà Lạt
2026-09-19 19:22:56,101 | INFO     | URL: https://vexere.com/vi-VN/ve-xe-khach-tu-sai-gon-di-da-lat.html?date=19-09-2026&lt=1
2026-09-19 19:23:15,313 | WARNING  | Hồ Chí Minh -> Đà Lạt: Không tìm thấy ticket ban đầu
2026-09-19 19:23:19,036 | INFO     | Đã đóng Chrome driver.
2026-09-19 19:23:19,037 | INFO     | Đã lưu 39 records vào:
2026-09-19 19:23:19,038 | INFO     | D:\TIỂU LUẬN CHUYÊN NGÀNH\TLCN-Travel\data\raw\transport\vexere_transport.json
2026-09-19 19:23:19,038 | INFO     | ======================================================================
2026-09-19 19:23:19,038 | INFO     | CRAWLER HOÀN TẤT
2026-09-19 19:23:19,038 | INFO     | Tổng route: 10
2026-09-19 19:23:19,038 | INFO     | Tổng records: 39
2026-09-19 19:23:19,038 | INFO     | Output: D:\TIỂU LUẬN CHUYÊN NGÀNH\TLCN-Travel\data\raw\transport\vexere_transport.json
2026-09-19 19:23:19,038 | INFO     | ======================================================================
2026-09-19 19:25:52,996 | INFO     | ======================================================================
2026-09-19 19:25:52,996 | INFO     | VEXERE TRANSPORT CRAWLER
2026-09-19 19:25:52,996 | INFO     | Ngày crawl: 19-09-2026
2026-09-19 19:25:52,997 | INFO     | Phạm vi: TP.HCM -> các tỉnh/thành
2026-09-19 19:25:52,997 | INFO     | Phương tiện: bus
2026-09-19 19:25:52,997 | INFO     | Max: 10 chuyến / tuyến
2026-09-19 19:25:52,997 | INFO     | Nút được click: 'Xem thêm chuyến'
2026-09-19 19:25:52,997 | INFO     | Không click: 'Xem thêm hãng'
2026-09-19 19:25:52,997 | INFO     | ======================================================================
2026-09-19 19:25:52,997 | INFO     | Đã đọc 10 tuyến từ CSV
2026-09-19 19:25:55,730 | INFO     | ======================================================================
2026-09-19 19:25:55,730 | INFO     | ROUTE 1/10: Hồ Chí Minh -> Đà Lạt
2026-09-19 19:25:55,730 | INFO     | URL: https://vexere.com/vi-VN/ve-xe-khach-tu-sai-gon-di-da-lat-129t457.html?date=19-09-2026&lt=1
2026-09-19 19:26:01,453 | INFO     | Ticket ban đầu: 20
2026-09-19 19:26:01,455 | INFO     | Bắt đầu kiểm tra nút 'Xem thêm chuyến'...
2026-09-19 19:26:01,460 | INFO     | Ticket hiện tại: 20/10
2026-09-19 19:26:01,462 | INFO     | Đã đủ số chuyến yêu cầu.
2026-09-19 19:26:01,471 | INFO     | Tổng ticket sau khi load thêm: 20
2026-09-19 19:26:01,492 | INFO     | Tìm thấy 20 ticket trên trang
2026-09-19 19:26:01,750 | INFO     | [1] Toàn Thắng - Vũng Tàu | Ford_Transit_12 | 20:00 -> 23:00 | 220,000 VND
2026-09-19 19:26:01,870 | INFO     | [2] Toàn Thắng - Vũng Tàu | Ford_Transit_12 | 20:00 -> 22:45 | 220,000 VND
2026-09-19 19:26:02,004 | INFO     | [3] Phương Trang | Limousine giường nằm 34 chỗ | 21:10 -> 06:10 | 360,000 VND
2026-09-19 19:26:02,157 | INFO     | [4] Phương Trang | Limousine giường nằm 34 chỗ | 23:10 -> 08:10 | 360,000 VND
2026-09-19 19:26:02,279 | INFO     | [5] Toàn Thắng - Vũng Tàu | Limousine 9 chỗ | 21:00 -> 23:30 | 220,000 VND
2026-09-19 19:26:02,387 | INFO     | [6] Toàn Thắng - Vũng Tàu | Limousine 9 chỗ | 22:30 -> 01:15 | 220,000 VND
2026-09-19 19:26:02,552 | INFO     | [7] Phương Trang | Limousine giường nằm 34 chỗ | 22:10 -> 07:10 | 360,000 VND
2026-09-19 19:26:02,813 | INFO     | [8] Toàn Thắng - Vũng Tàu | Limousine 9 chỗ | 23:00 -> 01:45 | 220,000 VND
2026-09-19 19:26:03,068 | INFO     | [9] Toàn Thắng - Vũng Tàu | Limousine 9 chỗ | 20:00 -> 23:00 | 220,000 VND
2026-09-19 19:26:03,215 | INFO     | [10] Toàn Thắng - Vũng Tàu | Limousine 9 chỗ | 22:00 -> 00:45 | 220,000 VND
2026-09-19 19:26:03,215 | INFO     | Hoàn thành Hồ Chí Minh -> Đà Lạt: 10 records
2026-09-19 19:26:05,216 | INFO     | ======================================================================
2026-09-19 19:26:05,217 | INFO     | ROUTE 2/10: Hồ Chí Minh -> Nha Trang
2026-09-19 19:26:05,218 | INFO     | URL: https://vexere.com/vi-VN/ve-xe-khach-tu-sai-gon-di-nha-trang-129t417.html?date=19-09-2026&lt=1
2026-09-19 19:26:13,835 | INFO     | Ticket ban đầu: 20
2026-09-19 19:26:13,836 | INFO     | Bắt đầu kiểm tra nút 'Xem thêm chuyến'...
2026-09-19 19:26:13,859 | INFO     | Ticket hiện tại: 20/10
2026-09-19 19:26:13,859 | INFO     | Đã đủ số chuyến yêu cầu.
2026-09-19 19:26:13,881 | INFO     | Tổng ticket sau khi load thêm: 20
2026-09-19 19:26:13,895 | INFO     | Tìm thấy 20 ticket trên trang
2026-09-19 19:26:14,085 | INFO     | [1] Phương Trang | Limousine giường nằm 34 chỗ | 22:01 -> 06:01 | 360,000 VND
2026-09-19 19:26:14,269 | INFO     | [2] Phương Trang | Limousine giường nằm 34 chỗ | 21:10 -> 06:10 | 360,000 VND
2026-09-19 19:26:14,407 | INFO     | [3] Phương Trang | Limousine giường nằm 34 chỗ | 22:00 -> 06:00 | 360,000 VND
2026-09-19 19:26:14,562 | INFO     | [4] Phương Trang | Limousine giường nằm 34 chỗ | 23:10 -> 08:10 | 360,000 VND
2026-09-19 19:26:14,659 | INFO     | [5] Toàn Thắng - Vũng Tàu | Limousine 9 chỗ | 21:00 -> 23:30 | 220,000 VND
2026-09-19 19:26:14,843 | INFO     | [6] Phương Trang | Limousine giường nằm 34 chỗ | 21:00 -> 05:00 | 360,000 VND
2026-09-19 19:26:15,138 | INFO     | [7] Toàn Thắng - Vũng Tàu | Limousine 9 chỗ | 22:30 -> 01:15 | 220,000 VND
2026-09-19 19:26:15,363 | INFO     | [8] Phương Trang | Limousine giường nằm 34 chỗ | 21:01 -> 05:01 | 360,000 VND
2026-09-19 19:26:15,565 | INFO     | [9] Phương Trang | Limousine giường nằm 34 chỗ | 22:10 -> 07:10 | 360,000 VND
2026-09-19 19:26:15,771 | INFO     | [10] Toàn Thắng - Vũng Tàu | Limousine 9 chỗ | 23:00 -> 01:45 | 220,000 VND
2026-09-19 19:26:15,772 | INFO     | Hoàn thành Hồ Chí Minh -> Nha Trang: 10 records
2026-09-19 19:26:17,772 | INFO     | ======================================================================
2026-09-19 19:26:17,773 | INFO     | ROUTE 3/10: Hồ Chí Minh -> Đà Nẵng
2026-09-19 19:26:17,773 | INFO     | URL: https://vexere.com/vi-VN/ve-xe-khach-tu-sai-gon-di-da-nang-129t1151.html?date=19-09-2026&lt=1
2026-09-19 19:26:25,752 | INFO     | Ticket ban đầu: 15
2026-09-19 19:26:25,753 | INFO     | Bắt đầu kiểm tra nút 'Xem thêm chuyến'...
2026-09-19 19:26:25,771 | INFO     | Ticket hiện tại: 15/10
2026-09-19 19:26:25,771 | INFO     | Đã đủ số chuyến yêu cầu.
2026-09-19 19:26:25,787 | INFO     | Tổng ticket sau khi load thêm: 15
2026-09-19 19:26:25,804 | INFO     | Tìm thấy 15 ticket trên trang
2026-09-19 19:26:25,950 | INFO     | [1] Bốn Luyện Express | Limousine 24 Phòng | 22:25 -> 15:55 | 765,000 VND
2026-09-19 19:26:26,124 | INFO     | [2] Bốn Luyện Express | Giường nằm 34 chỗ Luxury | 22:30 -> 16:25 | 630,000 VND
2026-09-19 19:26:26,293 | INFO     | [3] Bốn Luyện Express | Giường nằm 34 chỗ Luxury | 21:55 -> 16:25 | 630,000 VND
2026-09-19 19:26:26,430 | INFO     | [4] Bốn Luyện Express | Giường nằm 34 chỗ Luxury | 23:00 -> 15:25 | 630,000 VND
2026-09-19 19:26:26,557 | INFO     | [5] Bốn Luyện Express | Giường nằm 34 chỗ Luxury | 22:30 -> 15:25 | 630,000 VND
2026-09-19 19:26:26,696 | INFO     | [6] Bốn Luyện Express | Giường nằm 34 chỗ Luxury | 21:55 -> 15:25 | 630,000 VND
2026-09-19 19:26:26,858 | INFO     | [7] Bốn Luyện Express | Giường nằm 34 chỗ Luxury | 21:40 -> 16:25 | 630,000 VND
2026-09-19 19:26:26,994 | INFO     | [8] Bốn Luyện Express | Giường nằm 34 chỗ Luxury | 22:25 -> 16:25 | 630,000 VND
2026-09-19 19:26:27,172 | INFO     | [9] Bốn Luyện Express | Giường nằm 34 chỗ Luxury | 23:00 -> 16:25 | 630,000 VND
2026-09-19 19:26:27,356 | INFO     | [10] Bốn Luyện Express | Giường nằm 34 chỗ Luxury | 21:40 -> 15:25 | 630,000 VND
2026-09-19 19:26:27,357 | INFO     | Hoàn thành Hồ Chí Minh -> Đà Nẵng: 10 records
2026-09-19 19:26:29,358 | INFO     | ======================================================================
2026-09-19 19:26:29,358 | INFO     | ROUTE 4/10: Hồ Chí Minh -> Cần Thơ
2026-09-19 19:26:29,359 | INFO     | URL: https://vexere.com/vi-VN/ve-xe-khach-tu-sai-gon-di-can-tho-129t13.html?date=19-09-2026&lt=1
2026-09-19 19:26:50,668 | WARNING  | Hồ Chí Minh -> Cần Thơ: Không tìm thấy ticket ban đầu
2026-09-19 19:26:52,669 | INFO     | ======================================================================
2026-09-19 19:26:52,669 | INFO     | ROUTE 5/10: Hồ Chí Minh -> Phan Thiết
2026-09-19 19:26:52,669 | INFO     | URL: https://vexere.com/vi-VN/ve-xe-khach-tu-sai-gon-di-phan-thiet.html?date=19-09-2026&lt=1
2026-09-19 19:27:13,185 | WARNING  | Hồ Chí Minh -> Phan Thiết: Không tìm thấy ticket ban đầu
2026-09-19 19:27:15,186 | INFO     | ======================================================================
2026-09-19 19:27:15,187 | INFO     | ROUTE 6/10: Hồ Chí Minh -> Vũng Tàu
2026-09-19 19:27:15,187 | INFO     | URL: https://vexere.com/vi-VN/ve-xe-khach-tu-sai-gon-di-vung-tau.html?date=19-09-2026&lt=1
2026-09-19 19:27:35,683 | WARNING  | Hồ Chí Minh -> Vũng Tàu: Không tìm thấy ticket ban đầu
2026-09-19 19:27:37,684 | INFO     | ======================================================================
2026-09-19 19:27:37,684 | INFO     | ROUTE 7/10: Hồ Chí Minh -> Quy Nhơn
2026-09-19 19:27:37,685 | INFO     | URL: https://vexere.com/vi-VN/ve-xe-khach-tu-sai-gon-di-quy-nhon.html?date=19-09-2026&lt=1
2026-09-19 19:27:57,907 | WARNING  | Hồ Chí Minh -> Quy Nhơn: Không tìm thấy ticket ban đầu
2026-09-19 19:27:59,908 | INFO     | ======================================================================
2026-09-19 19:27:59,909 | INFO     | ROUTE 8/10: Hồ Chí Minh -> Phú Quốc
2026-09-19 19:27:59,909 | INFO     | URL: https://vexere.com/vi-VN/ve-xe-khach-tu-sai-gon-di-phu-quoc.html?date=19-09-2026&lt=1
2026-09-19 19:28:20,172 | WARNING  | Hồ Chí Minh -> Phú Quốc: Không tìm thấy ticket ban đầu
2026-09-19 19:28:22,173 | INFO     | ======================================================================
2026-09-19 19:28:22,173 | INFO     | ROUTE 9/10: Hồ Chí Minh -> Buôn Ma Thuột
2026-09-19 19:28:22,173 | INFO     | URL: https://vexere.com/vi-VN/ve-xe-khach-tu-sai-gon-di-buon-ma-thuot.html?date=19-09-2026&lt=1
2026-09-19 19:28:48,428 | WARNING  | Hồ Chí Minh -> Buôn Ma Thuột: Không tìm thấy ticket ban đầu
2026-09-19 19:28:50,429 | INFO     | ======================================================================
2026-09-19 19:28:50,429 | INFO     | ROUTE 10/10: Hồ Chí Minh -> Đà Lạt
2026-09-19 19:28:50,430 | INFO     | URL: https://vexere.com/vi-VN/ve-xe-khach-tu-sai-gon-di-da-lat.html?date=19-09-2026&lt=1
2026-09-19 19:29:10,618 | WARNING  | Hồ Chí Minh -> Đà Lạt: Không tìm thấy ticket ban đầu
2026-09-19 19:29:13,983 | INFO     | Đã đóng Chrome driver.
2026-09-19 19:29:13,986 | INFO     | Đã lưu 30 records vào:
2026-09-19 19:29:13,987 | INFO     | D:\TIỂU LUẬN CHUYÊN NGÀNH\TLCN-Travel\data\raw\transport\vexere_transport.json
2026-09-19 19:29:13,987 | INFO     | ======================================================================
2026-09-19 19:29:13,987 | INFO     | CRAWLER HOÀN TẤT
2026-09-19 19:29:13,987 | INFO     | Tổng route: 10
2026-09-19 19:29:13,987 | INFO     | Tổng records: 30
2026-09-19 19:29:13,987 | INFO     | Output: D:\TIỂU LUẬN CHUYÊN NGÀNH\TLCN-Travel\data\raw\transport\vexere_transport.json
2026-09-19 19:29:13,988 | INFO     | ======================================================================
2026-09-19 19:53:52,923 | INFO     | ======================================================================
2026-09-19 19:53:52,927 | INFO     | VEXERE TRANSPORT CRAWLER
2026-09-19 19:53:52,927 | INFO     | Ngày crawl: 19-09-2026
2026-09-19 19:53:52,927 | INFO     | Phạm vi: TP.HCM -> các tỉnh/thành
2026-09-19 19:53:52,927 | INFO     | Phương tiện: bus
2026-09-19 19:53:52,927 | INFO     | Max: 10 chuyến / tuyến
2026-09-19 19:53:52,927 | INFO     | Nút được click: 'Xem thêm chuyến'
2026-09-19 19:53:52,928 | INFO     | Không click: 'Xem thêm hãng'
2026-09-19 19:53:52,928 | INFO     | ======================================================================
2026-09-19 19:53:52,928 | INFO     | Đã đọc 10 tuyến từ CSV
2026-09-19 19:53:56,389 | INFO     | ======================================================================
2026-09-19 19:53:56,389 | INFO     | ROUTE 1/10: Hồ Chí Minh -> Đà Lạt
2026-09-19 19:53:56,389 | INFO     | URL: https://vexere.com/vi-VN/ve-xe-khach-tu-sai-gon-di-da-lat-129t457.html?date=19-09-2026&lt=1
2026-09-19 19:54:02,175 | INFO     | Ticket ban đầu: 20
2026-09-19 19:54:02,175 | INFO     | Bắt đầu kiểm tra nút 'Xem thêm chuyến'...
2026-09-19 19:54:02,194 | INFO     | Ticket hiện tại: 20/10
2026-09-19 19:54:02,195 | INFO     | Đã đủ số chuyến yêu cầu.
2026-09-19 19:54:02,215 | INFO     | Tổng ticket sau khi load thêm: 20
2026-09-19 19:54:02,236 | INFO     | Tìm thấy 20 ticket trên trang
2026-09-19 19:54:02,483 | INFO     | [1] Toàn Thắng - Vũng Tàu | Ford_Transit_12 | 20:00 -> 23:00 | 220,000 VND
2026-09-19 19:54:02,853 | INFO     | [2] Toàn Thắng - Vũng Tàu | Ford_Transit_12 | 20:00 -> 22:45 | 220,000 VND
2026-09-19 19:54:03,042 | INFO     | [3] Phương Trang | Limousine giường nằm 34 chỗ | 21:10 -> 06:10 | 360,000 VND
2026-09-19 19:54:03,241 | INFO     | [4] Phương Trang | Limousine giường nằm 34 chỗ | 23:10 -> 08:10 | 360,000 VND
2026-09-19 19:54:03,534 | INFO     | [5] Toàn Thắng - Vũng Tàu | Limousine 9 chỗ | 21:00 -> 23:30 | 220,000 VND
2026-09-19 19:54:03,726 | INFO     | [6] Toàn Thắng - Vũng Tàu | Limousine 9 chỗ | 22:30 -> 01:15 | 220,000 VND
2026-09-19 19:54:04,003 | INFO     | [7] Phương Trang | Limousine giường nằm 34 chỗ | 22:10 -> 07:10 | 360,000 VND
2026-09-19 19:54:04,176 | INFO     | [8] Toàn Thắng - Vũng Tàu | Limousine 9 chỗ | 23:00 -> 01:45 | 220,000 VND
2026-09-19 19:54:04,448 | INFO     | [9] Toàn Thắng - Vũng Tàu | Limousine 9 chỗ | 20:00 -> 23:00 | 220,000 VND
2026-09-19 19:54:04,769 | INFO     | [10] Toàn Thắng - Vũng Tàu | Limousine 9 chỗ | 22:00 -> 00:45 | 220,000 VND
2026-09-19 19:54:04,770 | INFO     | Hoàn thành Hồ Chí Minh -> Đà Lạt: 10 records
2026-09-19 19:54:06,770 | INFO     | ======================================================================
2026-09-19 19:54:06,771 | INFO     | ROUTE 2/10: Hồ Chí Minh -> Nha Trang
2026-09-19 19:54:06,771 | INFO     | URL: https://vexere.com/vi-VN/ve-xe-khach-tu-sai-gon-di-nha-trang-129t417.html?date=19-09-2026&lt=1
2026-09-19 19:54:14,491 | INFO     | Ticket ban đầu: 20
2026-09-19 19:54:14,491 | INFO     | Bắt đầu kiểm tra nút 'Xem thêm chuyến'...
2026-09-19 19:54:14,502 | INFO     | Ticket hiện tại: 20/10
2026-09-19 19:54:14,502 | INFO     | Đã đủ số chuyến yêu cầu.
2026-09-19 19:54:14,517 | INFO     | Tổng ticket sau khi load thêm: 20
2026-09-19 19:54:14,540 | INFO     | Tìm thấy 20 ticket trên trang
2026-09-19 19:54:14,843 | INFO     | [1] Phương Trang | Limousine giường nằm 34 chỗ | 22:01 -> 06:01 | 360,000 VND
2026-09-19 19:54:15,010 | INFO     | [2] Phương Trang | Limousine giường nằm 34 chỗ | 21:10 -> 06:10 | 360,000 VND
2026-09-19 19:54:15,223 | INFO     | [3] Phương Trang | Limousine giường nằm 34 chỗ | 22:00 -> 06:00 | 360,000 VND
2026-09-19 19:54:15,417 | INFO     | [4] Phương Trang | Limousine giường nằm 34 chỗ | 23:10 -> 08:10 | 360,000 VND
2026-09-19 19:54:15,589 | INFO     | [5] Toàn Thắng - Vũng Tàu | Limousine 9 chỗ | 21:00 -> 23:30 | 220,000 VND
2026-09-19 19:54:15,885 | INFO     | [6] Phương Trang | Limousine giường nằm 34 chỗ | 21:00 -> 05:00 | 360,000 VND
2026-09-19 19:54:16,133 | INFO     | [7] Toàn Thắng - Vũng Tàu | Limousine 9 chỗ | 22:30 -> 01:15 | 220,000 VND
2026-09-19 19:54:16,333 | INFO     | [8] Phương Trang | Limousine giường nằm 34 chỗ | 21:01 -> 05:01 | 360,000 VND
2026-09-19 19:54:16,585 | INFO     | [9] Phương Trang | Limousine giường nằm 34 chỗ | 22:10 -> 07:10 | 360,000 VND
2026-09-19 19:54:16,810 | INFO     | [10] Toàn Thắng - Vũng Tàu | Limousine 9 chỗ | 23:00 -> 01:45 | 220,000 VND
2026-09-19 19:54:16,810 | INFO     | Hoàn thành Hồ Chí Minh -> Nha Trang: 10 records
2026-09-19 19:54:18,811 | INFO     | ======================================================================
2026-09-19 19:54:18,812 | INFO     | ROUTE 3/10: Hồ Chí Minh -> Đà Nẵng
2026-09-19 19:54:18,812 | INFO     | URL: https://vexere.com/vi-VN/ve-xe-khach-tu-sai-gon-di-da-nang-129t1151.html?date=19-09-2026&lt=1
2026-09-19 19:54:25,516 | INFO     | Ticket ban đầu: 15
2026-09-19 19:54:25,517 | INFO     | Bắt đầu kiểm tra nút 'Xem thêm chuyến'...
2026-09-19 19:54:25,531 | INFO     | Ticket hiện tại: 15/10
2026-09-19 19:54:25,531 | INFO     | Đã đủ số chuyến yêu cầu.
2026-09-19 19:54:25,551 | INFO     | Tổng ticket sau khi load thêm: 15
2026-09-19 19:54:25,567 | INFO     | Tìm thấy 15 ticket trên trang
2026-09-19 19:54:25,738 | INFO     | [1] Bốn Luyện Express | Limousine 24 Phòng | 22:25 -> 15:55 | 765,000 VND
2026-09-19 19:54:25,864 | INFO     | [2] Bốn Luyện Express | Giường nằm 34 chỗ Luxury | 22:30 -> 16:25 | 630,000 VND
2026-09-19 19:54:26,003 | INFO     | [3] Bốn Luyện Express | Giường nằm 34 chỗ Luxury | 21:55 -> 16:25 | 630,000 VND
2026-09-19 19:54:26,117 | INFO     | [4] Bốn Luyện Express | Giường nằm 34 chỗ Luxury | 23:00 -> 15:25 | 630,000 VND
2026-09-19 19:54:26,250 | INFO     | [5] Bốn Luyện Express | Giường nằm 34 chỗ Luxury | 22:30 -> 15:25 | 630,000 VND
2026-09-19 19:54:26,413 | INFO     | [6] Bốn Luyện Express | Giường nằm 34 chỗ Luxury | 21:55 -> 15:25 | 630,000 VND
2026-09-19 19:54:26,536 | INFO     | [7] Bốn Luyện Express | Giường nằm 34 chỗ Luxury | 21:40 -> 16:25 | 630,000 VND
2026-09-19 19:54:26,666 | INFO     | [8] Bốn Luyện Express | Giường nằm 34 chỗ Luxury | 22:25 -> 16:25 | 630,000 VND
2026-09-19 19:54:26,812 | INFO     | [9] Bốn Luyện Express | Giường nằm 34 chỗ Luxury | 23:00 -> 16:25 | 630,000 VND
2026-09-19 19:54:26,935 | INFO     | [10] Bốn Luyện Express | Giường nằm 34 chỗ Luxury | 21:40 -> 15:25 | 630,000 VND
2026-09-19 19:54:26,935 | INFO     | Hoàn thành Hồ Chí Minh -> Đà Nẵng: 10 records
2026-09-19 19:54:28,936 | INFO     | ======================================================================
2026-09-19 19:54:28,936 | INFO     | ROUTE 4/10: Hồ Chí Minh -> Cần Thơ
2026-09-19 19:54:28,936 | INFO     | URL: https://vexere.com/vi-VN/ve-xe-khach-tu-sai-gon-di-can-tho-129t13.html?date=19-09-2026&lt=1
2026-09-19 19:54:50,119 | WARNING  | Hồ Chí Minh -> Cần Thơ: Không tìm thấy ticket ban đầu
2026-09-19 19:54:52,120 | INFO     | ======================================================================
2026-09-19 19:54:52,121 | INFO     | ROUTE 5/10: Hồ Chí Minh -> Phan Thiết
2026-09-19 19:54:52,121 | INFO     | URL: https://vexere.com/vi-VN/ve-xe-khach-tu-sai-gon-di-phan-thiet.html?date=19-09-2026&lt=1
2026-09-19 19:55:13,087 | WARNING  | Hồ Chí Minh -> Phan Thiết: Không tìm thấy ticket ban đầu
2026-09-19 19:55:15,088 | INFO     | ======================================================================
2026-09-19 19:55:15,088 | INFO     | ROUTE 6/10: Hồ Chí Minh -> Vũng Tàu
2026-09-19 19:55:15,089 | INFO     | URL: https://vexere.com/vi-VN/ve-xe-khach-tu-sai-gon-di-vung-tau.html?date=19-09-2026&lt=1
2026-09-19 19:55:35,523 | WARNING  | Hồ Chí Minh -> Vũng Tàu: Không tìm thấy ticket ban đầu
2026-09-19 19:55:37,524 | INFO     | ======================================================================
2026-09-19 19:55:37,524 | INFO     | ROUTE 7/10: Hồ Chí Minh -> Quy Nhơn
2026-09-19 19:55:37,525 | INFO     | URL: https://vexere.com/vi-VN/ve-xe-khach-tu-sai-gon-di-quy-nhon.html?date=19-09-2026&lt=1
2026-09-19 19:55:57,741 | WARNING  | Hồ Chí Minh -> Quy Nhơn: Không tìm thấy ticket ban đầu
2026-09-19 19:55:59,743 | INFO     | ======================================================================
2026-09-19 19:55:59,743 | INFO     | ROUTE 8/10: Hồ Chí Minh -> Phú Quốc
2026-09-19 19:55:59,743 | INFO     | URL: https://vexere.com/vi-VN/ve-xe-khach-tu-sai-gon-di-phu-quoc.html?date=19-09-2026&lt=1
2026-09-19 19:56:20,647 | WARNING  | Hồ Chí Minh -> Phú Quốc: Không tìm thấy ticket ban đầu
2026-09-19 19:56:22,647 | INFO     | ======================================================================
2026-09-19 19:56:22,648 | INFO     | ROUTE 9/10: Hồ Chí Minh -> Buôn Ma Thuột
2026-09-19 19:56:22,648 | INFO     | URL: https://vexere.com/vi-VN/ve-xe-khach-tu-sai-gon-di-buon-ma-thuot.html?date=19-09-2026&lt=1
2026-09-19 19:56:42,614 | WARNING  | Hồ Chí Minh -> Buôn Ma Thuột: Không tìm thấy ticket ban đầu
2026-09-19 19:56:44,614 | INFO     | ======================================================================
2026-09-19 19:56:44,615 | INFO     | ROUTE 10/10: Hồ Chí Minh -> Đà Lạt
2026-09-19 19:56:44,615 | INFO     | URL: https://vexere.com/vi-VN/ve-xe-khach-tu-sai-gon-di-da-lat.html?date=19-09-2026&lt=1
2026-09-19 19:57:04,818 | WARNING  | Hồ Chí Minh -> Đà Lạt: Không tìm thấy ticket ban đầu
2026-09-19 19:57:09,201 | INFO     | Đã đóng Chrome driver.
2026-09-19 19:57:09,204 | INFO     | Đã lưu 30 records vào:
2026-09-19 19:57:09,204 | INFO     | D:\TIỂU LUẬN CHUYÊN NGÀNH\TLCN-Travel\data\raw\transport\vexere_transport.json
2026-09-19 19:57:09,205 | INFO     | ======================================================================
2026-09-19 19:57:09,205 | INFO     | CRAWLER HOÀN TẤT
2026-09-19 19:57:09,205 | INFO     | Tổng route: 10
2026-09-19 19:57:09,206 | INFO     | Tổng records: 30
2026-09-19 19:57:09,206 | INFO     | Output: D:\TIỂU LUẬN CHUYÊN NGÀNH\TLCN-Travel\data\raw\transport\vexere_transport.json
2026-09-19 19:57:09,206 | INFO     | ======================================================================
